{"type":"FeatureCollection","features":[{"type":"Feature","properties":{"UFID":"100035905006A00110100000000104197"},"geometry":{"type":"MultiPolygon","coordinates":[[[[129.1300435,35.7474238],[129.1300598,35.7472406],[129.130153,35.7472425],[129.130157,35.7471884],[129.1299971,35.7471836],[129.1299814,35.7473627],[129.1299803,35.7473672],[129.1299782,35.7473687],[129.1298259,35.7473601],[129.1298234,35.7473594],[129.1298193,35.7473559],[129.1298163,35.7473423],[129.1297532,35.7473383],[129.1297618,35.7473439],[129.1297563,35.7474087],[129.1300435,35.7474238]]]]}},{"type":"Feature","properties":{"UFID":"100035905006A00110100000004402299"},"geometry":{"type":"MultiPolygon","coordinates":[[[[129.1275817,35.7496423],[129.1274916,35.7495873],[129.1270821,35.75],[129.1270819,35.7500002],[129.1269842,35.7501132],[129.1271043,35.7501456],[129.127235,35.7500001],[129.1275817,35.7496423]]]]}},{"type":"Feature","properties":{"UFID":"100035905005A00110100000004412652"},"geometry":{"type":"MultiPolygon","coordinates":[[[[129.1167462,35.7495098],[129.1167123,35.7495131],[129.1167115,35.7495201],[129.1167093,35.7495367],[129.1167031,35.7495841],[129.1166966,35.7496119],[129.1166781,35.7496685],[129.1166655,35.7496926],[129.1166239,35.749745],[129.1166205,35.7497476],[129.1165771,35.7497853],[129.1165482,35.7498022],[129.1165015,35.7498388],[129.1164843,35.7498543],[129.1164443,35.7499089],[129.1163552,35.75],[129.1163239,35.7500361],[129.1162963,35.7500659],[129.116286,35.7500759],[129.116319,35.7500969],[129.1163201,35.7500921],[129.1163361,35.750062],[129.116375,35.7500168],[129.1163911,35.75],[129.1164718,35.7499241],[129.1165111,35.7498704],[129.1165253,35.7498576],[129.1165694,35.7498231],[129.116599,35.7498057],[129.116644,35.7497667],[129.1166496,35.7497624],[129.1166948,35.7497053],[129.1167095,35.7496774],[129.116729,35.749618],[129.116736,35.7495881],[129.1167445,35.7495227],[129.1167458,35.7495108],[129.1167462,35.7495098]]]]}},{"type":"Feature","properties":{"UFID":"100035901096A00110100000004412653"},"geometry":{"type":"MultiPolygon","coordinates":[[[[129.1278991,35.7499625],[129.1278244,35.749994],[129.1278377,35.7499927],[129.1278741,35.75],[129.1278753,35.7500003],[129.1279294,35.7500425],[129.128073,35.7501546],[129.1281355,35.7502162],[129.128202,35.750287],[129.1282283,35.7502705],[129.1281615,35.7501994],[129.1280973,35.7501362],[129.1279524,35.750023],[129.1279234,35.7500003],[129.1279231,35.75],[129.1279003,35.7499788],[129.1278985,35.7499697],[129.1278991,35.7499625]]]]}},{"type":"Feature","properties":{"UFID":"100035901096A00110100000004412654"},"geometry":{"type":"MultiPolygon","coordinates":[[[[129.1380849,35.7499441],[129.1380484,35.7499426],[129.1380519,35.7499474],[129.1380543,35.7499872],[129.1380579,35.75],[129.1380581,35.7500006],[129.138043,35.7500783],[129.1380491,35.7501512],[129.1380987,35.7503473],[129.1381312,35.7503419],[129.138082,35.7501475],[129.1380764,35.7500791],[129.1380913,35.7500007],[129.1380911,35.75],[129.1380873,35.7499847],[129.1380849,35.7499441]]]]}},{"type":"Feature","properties":{"UFID":"100035901096A00110100000004412655"},"geometry":{"type":"MultiPolygon","coordinates":[[[[129.1278244,35.749994],[129.1277384,35.7499985],[129.1277475,35.75],[129.1277488,35.7500003],[129.127747,35.7500818],[129.12775,35.7501463],[129.1277564,35.7501764],[129.1277616,35.7501865],[129.1277841,35.750235],[129.1277948,35.7502719],[129.1277937,35.7503059],[129.1277837,35.7503494],[129.127775,35.7503829],[129.127751,35.7504203],[129.1277052,35.7504819],[129.1277252,35.7505068],[129.1277256,35.7505065],[129.1277799,35.7504335],[129.1278064,35.7503921],[129.1278163,35.7503547],[129.1278269,35.7503087],[129.1278281,35.7502692],[129.1278159,35.750227],[129.1277931,35.750178],[129.1277908,35.7501712],[129.1277878,35.7501402],[129.1278032,35.7500508],[129.1278168,35.7500003],[129.1278171,35.75],[129.1278244,35.749994]]]]}},{"type":"Feature","properties":{"UFID":"100035901096A00110100000004412656"},"geometry":{"type":"MultiPolygon","coordinates":[[[[129.1277384,35.7499985],[129.127725,35.749928],[129.1276917,35.7499366],[129.127502,35.7499804],[129.1274209,35.75],[129.1274201,35.7500002],[129.1272745,35.7500334],[129.1272023,35.7500871],[129.1269215,35.7503636],[129.1267404,35.7506399],[129.1268987,35.7505201],[129.1270006,35.750456],[129.1272986,35.7501618],[129.1273503,35.7501235],[129.1274372,35.750088],[129.127726,35.7500002],[129.1277276,35.75],[129.1277384,35.7499985]]]]}},{"type":"Feature","properties":{"UFID":"100035901096A00110100000004412657"},"geometry":{"type":"MultiPolygon","coordinates":[[[[129.1385283,35.7498695],[129.1384988,35.7498683],[129.1384811,35.75],[129.138481,35.7500006],[129.1384791,35.7500164],[129.138472,35.7500621],[129.1384664,35.7501056],[129.1384468,35.7502439],[129.1384018,35.7504231],[129.1383797,35.7505481],[129.1383684,35.7505646],[129.1382882,35.7506129],[129.1382249,35.7506417],[129.1380566,35.7507237],[129.1380762,35.7507392],[129.1381829,35.7506902],[129.1383274,35.7506236],[129.1383899,35.7505899],[129.1384087,35.7505778],[129.1384189,35.7505681],[129.1384226,35.7505592],[129.1384248,35.7505453],[129.1384266,35.7505138],[129.1384261,35.7504886],[129.1384297,35.750449],[129.1384436,35.7503872],[129.1384678,35.7503045],[129.1384762,35.7502743],[129.138481,35.7502442],[129.1384958,35.750109],[129.1385007,35.7500583],[129.1385113,35.7500502],[129.138516,35.7500006],[129.138516,35.75],[129.1385283,35.7498695]]]]}},{"type":"Feature","properties":{"UFID":"100035905006A00110100000004418969"},"geometry":{"type":"MultiPolygon","coordinates":[[[[129.1488151,35.7499777],[129.1485568,35.7498696],[129.1482446,35.7497247],[129.1482089,35.7497083],[129.1482038,35.749706],[129.1481944,35.7496867],[129.1481941,35.7496839],[129.1481946,35.7496832],[129.1481574,35.7497161],[129.1481927,35.7497319],[129.1482282,35.7497483],[129.1485412,35.7498935],[129.1487911,35.75],[129.1487913,35.7500001],[129.1488151,35.7499777]]]]}},{"type":"Feature","properties":{"UFID":"100035905006A00110100000004418970"},"geometry":{"type":"MultiPolygon","coordinates":[[[[129.1489503,35.7500197],[129.1489527,35.75],[129.1489561,35.7499727],[129.1488605,35.7499349],[129.1488382,35.7499559],[129.1488151,35.7499777],[129.1487913,35.7500001],[129.1488493,35.7500221],[129.1488534,35.7500243],[129.1489503,35.7500197]]]]}},{"type":"Feature","properties":{"UFID":"100035905006A00110100000004418972"},"geometry":{"type":"MultiPolygon","coordinates":[[[[129.1478065,35.749666],[129.1477652,35.7496434],[129.1475702,35.7499578],[129.1475449,35.75],[129.1475447,35.7500002],[129.147414,35.7502113],[129.1474433,35.7502239],[129.1475826,35.7500001],[129.1476004,35.7499691],[129.1478065,35.749666]]]]}},{"type":"Feature","properties":{"UFID":"100035901096A00110100000004418973"},"geometry":{"type":"MultiPolygon","coordinates":[[[[129.1500474,35.7504305],[129.15,35.7504094],[129.1499698,35.7503965],[129.1496752,35.7502715],[129.1490267,35.75],[129.1489561,35.7499727],[129.1489527,35.75],[129.1489503,35.7500197],[129.1489646,35.7500206],[129.1489824,35.750024],[129.1490132,35.7500331],[129.1490738,35.7500552],[129.1492149,35.7501083],[129.1494346,35.7502008],[129.14966,35.7502956],[129.1499545,35.7504205],[129.1500001,35.7504399],[129.1500309,35.7504536],[129.1500474,35.7504305]]]]}},{"type":"Feature","properties":{"UFID":"100035905006A00110100000004501037"},"geometry":{"type":"MultiPolygon","coordinates":[[[[129.1297352,35.7478832],[129.1296753,35.7478365],[129.1292738,35.7481796],[129.1293338,35.7482263],[129.1297352,35.7478832]]]]}},{"type":"Feature","properties":{"UFID":"100035905006A00110100000004501038"},"geometry":{"type":"MultiPolygon","coordinates":[[[[129.1293338,35.7482263],[129.1292738,35.7481796],[129.1292017,35.7482459],[129.1290911,35.7483375],[129.1291697,35.7483939],[129.1292827,35.7482804],[129.1293029,35.7482597],[129.1293338,35.7482263]]]]}},{"type":"Feature","properties":{"UFID":"100035905006A00110100000004501039"},"geometry":{"type":"MultiPolygon","coordinates":[[[[129.1276486,35.7495732],[129.1275237,35.74953],[129.1274916,35.7495873],[129.1275817,35.7496423],[129.1276486,35.7495732]]]]}},{"type":"Feature","properties":{"UFID":"100035905006A00110100000004501040"},"geometry":{"type":"MultiPolygon","coordinates":[[[[129.1393477,35.7475931],[129.1394132,35.7475255],[129.1392109,35.7475531],[129.1391394,35.7476219],[129.1393477,35.7475931]]]]}},{"type":"Feature","properties":{"UFID":"100035905006A00110100000004501041"},"geometry":{"type":"MultiPolygon","coordinates":[[[[129.1391394,35.7476219],[129.1392109,35.7475531],[129.1390862,35.7475701],[129.138655,35.7476281],[129.1384932,35.7476498],[129.1383968,35.7476646],[129.1385157,35.7477059],[129.1387527,35.7476772],[129.1391394,35.7476219]]]]}},{"type":"Feature","properties":{"UFID":"100035905006A00110100000004501042"},"geometry":{"type":"MultiPolygon","coordinates":[[[[129.1400218,35.7475053],[129.1400093,35.7474456],[129.1394478,35.7475208],[129.1394132,35.7475255],[129.1393477,35.7475931],[129.1400218,35.7475053]]]]}},{"type":"Feature","properties":{"UFID":"100035905006A00110100000004501043"},"geometry":{"type":"MultiPolygon","coordinates":[[[[129.1385157,35.7477059],[129.1383968,35.7476646],[129.1381917,35.747696],[129.1383315,35.7477473],[129.1385157,35.7477059]]]]}},{"type":"Feature","properties":{"UFID":"100035905006A00110100000004501044"},"geometry":{"type":"MultiPolygon","coordinates":[[[[129.1383315,35.7477473],[129.1381917,35.747696],[129.1381201,35.747707],[129.13793,35.7477389],[129.1379389,35.7478033],[129.1380165,35.7477953],[129.1380288,35.7477972],[129.1380371,35.7477981],[129.138046,35.7477983],[129.13806,35.7477956],[129.1381297,35.747777],[129.1383045,35.7477465],[129.1383113,35.7477467],[129.1383315,35.7477473]]]]}},{"type":"Feature","properties":{"UFID":"100035905006A00110100000004501045"},"geometry":{"type":"MultiPolygon","coordinates":[[[[129.1400697,35.7474991],[129.1400657,35.7474376],[129.1400093,35.7474456],[129.1400218,35.7475053],[129.1400697,35.7474991]]]]}},{"type":"Feature","properties":{"UFID":"100035905006A00110100000004501046"},"geometry":{"type":"MultiPolygon","coordinates":[[[[129.1379389,35.7478033],[129.13793,35.7477389],[129.1378522,35.7477501],[129.1378616,35.7478139],[129.1378902,35.7478082],[129.1379389,35.7478033]]]]}},{"type":"Feature","properties":{"UFID":"100035905006A00110100000004501047"},"geometry":{"type":"MultiPolygon","coordinates":[[[[129.1378616,35.7478139],[129.1378522,35.7477501],[129.1373614,35.7478317],[129.1373578,35.7478321],[129.1373489,35.7478319],[129.1373751,35.7478945],[129.1374014,35.7478891],[129.1376575,35.7478544],[129.1378616,35.7478139]]]]}},{"type":"Feature","properties":{"UFID":"100035905006A00110100000004501048"},"geometry":{"type":"MultiPolygon","coordinates":[[[[129.1373751,35.7478945],[129.1373489,35.7478319],[129.1372792,35.7478398],[129.1373141,35.7479071],[129.1373751,35.7478945]]]]}},{"type":"Feature","properties":{"UFID":"100035905006A00110100000004501049"},"geometry":{"type":"MultiPolygon","coordinates":[[[[129.1371067,35.7479406],[129.1370928,35.7478795],[129.1370409,35.7478907],[129.1370556,35.747949],[129.1371067,35.7479406]]]]}},{"type":"Feature","properties":{"UFID":"100035905006A00110100000004501050"},"geometry":{"type":"MultiPolygon","coordinates":[[[[129.1370556,35.747949],[129.1370409,35.7478907],[129.1367804,35.7479352],[129.1367646,35.7479973],[129.136868,35.7479798],[129.1370556,35.747949]]]]}},{"type":"Feature","properties":{"UFID":"100035905006A00110100000004501051"},"geometry":{"type":"MultiPolygon","coordinates":[[[[129.1367646,35.7479973],[129.1367804,35.7479352],[129.1367144,35.7479481],[129.1367032,35.7480077],[129.1367646,35.7479973]]]]}},{"type":"Feature","properties":{"UFID":"100035905006A00110100000004501052"},"geometry":{"type":"MultiPolygon","coordinates":[[[[129.1367032,35.7480077],[129.1367144,35.7479481],[129.1365971,35.7479645],[129.1363941,35.7479886],[129.1360551,35.7480295],[129.1358827,35.7480435],[129.1359291,35.7480988],[129.1359585,35.7480968],[129.1361029,35.748084],[129.1362794,35.7480656],[129.1365021,35.74804],[129.1366461,35.7480174],[129.1367032,35.7480077]]]]}},{"type":"Feature","properties":{"UFID":"100035905006A00110100000004501053"},"geometry":{"type":"MultiPolygon","coordinates":[[[[129.1359291,35.7480988],[129.1358827,35.7480435],[129.135818,35.7480471],[129.1358675,35.7481032],[129.1359291,35.7480988]]]]}},{"type":"Feature","properties":{"UFID":"100035905006A00110100000004501054"},"geometry":{"type":"MultiPolygon","coordinates":[[[[129.1358675,35.7481032],[129.135818,35.7480471],[129.1358151,35.748048],[129.1358102,35.7480481],[129.1357801,35.748048],[129.1357414,35.7480484],[129.1357377,35.7480488],[129.1355497,35.7480621],[129.1354115,35.7480739],[129.1352953,35.7480851],[129.1351194,35.7481092],[129.1349217,35.7481459],[129.1347477,35.7481879],[129.1345346,35.7482391],[129.1343922,35.7482687],[129.1343297,35.748278],[129.1342613,35.7482823],[129.1341999,35.7482813],[129.134133,35.7482747],[129.1340324,35.7482581],[129.1339306,35.748235],[129.1335306,35.7481408],[129.1335232,35.7481369],[129.1335204,35.7481341],[129.1334984,35.7481923],[129.1337612,35.7482593],[129.1339517,35.7483035],[129.1340967,35.748332],[129.1341628,35.7483436],[129.1342565,35.7483495],[129.1343162,35.7483476],[129.1343602,35.7483412],[129.1344327,35.7483274],[129.1347569,35.7482468],[129.1348951,35.7482144],[129.1350035,35.7481904],[129.1351156,35.7481691],[129.135234,35.7481533],[129.1353784,35.7481388],[129.1357637,35.7481105],[129.1358675,35.7481032]]]]}},{"type":"Feature","properties":{"UFID":"100035905006A00110100000004501055"},"geometry":{"type":"MultiPolygon","coordinates":[[[[129.1335204,35.7481341],[129.1334728,35.7481247],[129.1334511,35.7481803],[129.1334984,35.7481923],[129.1335204,35.7481341]]]]}},{"type":"Feature","properties":{"UFID":"100035905006A00110100000004501056"},"geometry":{"type":"MultiPolygon","coordinates":[[[[129.1334728,35.7481247],[129.1334662,35.7481245],[129.1332782,35.7480719],[129.1331322,35.7480371],[129.1330083,35.7480083],[129.1328922,35.7479833],[129.1327794,35.7479604],[129.1326503,35.7479412],[129.1325323,35.7479289],[129.1324952,35.7479259],[129.1323979,35.7479209],[129.1322474,35.7479186],[129.1320659,35.7479158],[129.132065,35.7479802],[129.1322046,35.7479847],[129.1324279,35.7479878],[129.1325177,35.7479918],[129.1326329,35.7480021],[129.1327715,35.7480222],[129.1329501,35.7480554],[129.1332881,35.7481387],[129.1334511,35.7481803],[129.1334728,35.7481247]]]]}},{"type":"Feature","properties":{"UFID":"100035905006A00110100000004501057"},"geometry":{"type":"MultiPolygon","coordinates":[[[[129.1320659,35.7479158],[129.1320156,35.7479142],[129.132012,35.7479785],[129.132065,35.7479802],[129.1320659,35.7479158]]]]}},{"type":"Feature","properties":{"UFID":"100035905006A00110100000004501058"},"geometry":{"type":"MultiPolygon","coordinates":[[[[129.1320156,35.7479142],[129.1318087,35.7479076],[129.1315722,35.7478979],[129.1314655,35.7478952],[129.1313373,35.7478861],[129.131266,35.7478808],[129.1311796,35.747872],[129.1310892,35.7478598],[129.130962,35.747844],[129.1308468,35.7478222],[129.1307824,35.7478071],[129.1305108,35.7477537],[129.1302838,35.7477024],[129.1301847,35.7476909],[129.1301698,35.7477583],[129.1302029,35.7477603],[129.1303654,35.747791],[129.1306049,35.7478423],[129.130817,35.747887],[129.1309651,35.747915],[129.1310973,35.7479323],[129.1313274,35.7479503],[129.1315131,35.7479607],[129.13196,35.7479768],[129.132012,35.7479785],[129.1320156,35.7479142]]]]}},{"type":"Feature","properties":{"UFID":"100035905006A00110100000004501059"},"geometry":{"type":"MultiPolygon","coordinates":[[[[129.1301847,35.7476909],[129.1301153,35.7476854],[129.1300945,35.747756],[129.1301481,35.747757],[129.1301698,35.7477583],[129.1301847,35.7476909]]]]}},{"type":"Feature","properties":{"UFID":"100035905006A00110100000004501060"},"geometry":{"type":"MultiPolygon","coordinates":[[[[129.1300945,35.747756],[129.1301153,35.7476854],[129.1299978,35.7476792],[129.1298984,35.7476839],[129.1299436,35.7477794],[129.1299992,35.7477638],[129.1300872,35.7477559],[129.1300945,35.747756]]]]}},{"type":"Feature","properties":{"UFID":"100035905006A00110100000004501061"},"geometry":{"type":"MultiPolygon","coordinates":[[[[129.1299436,35.7477794],[129.1298984,35.7476839],[129.129872,35.7476851],[129.1296753,35.7478365],[129.1297352,35.7478832],[129.1299436,35.7477794]]]]}},{"type":"Feature","properties":{"UFID":"100035905006A00110100000004501062"},"geometry":{"type":"MultiPolygon","coordinates":[[[[129.1286546,35.7488065],[129.1285817,35.7487231],[129.1284867,35.7487751],[129.1285592,35.7488723],[129.1286546,35.7488065]]]]}},{"type":"Feature","properties":{"UFID":"100035905006A00110100000004501063"},"geometry":{"type":"MultiPolygon","coordinates":[[[[129.1285592,35.7488723],[129.1284867,35.7487751],[129.1284862,35.7487758],[129.1284479,35.7487984],[129.1284289,35.7489599],[129.1285373,35.7488874],[129.1285592,35.7488723]]]]}},{"type":"Feature","properties":{"UFID":"100035905006A00110100000004501064"},"geometry":{"type":"MultiPolygon","coordinates":[[[[129.1284289,35.7489599],[129.1284479,35.7487984],[129.1283317,35.7488631],[129.1282986,35.7489872],[129.1284289,35.7489599]]]]}},{"type":"Feature","properties":{"UFID":"100035905006A00110100000004501065"},"geometry":{"type":"MultiPolygon","coordinates":[[[[129.1282986,35.7489872],[129.1283317,35.7488631],[129.1281832,35.7489442],[129.128096,35.7489957],[129.1280289,35.7490481],[129.1279767,35.7490927],[129.1278994,35.7491618],[129.1278374,35.7492247],[129.1277459,35.7493207],[129.1276275,35.7494499],[129.1275684,35.7495016],[129.1275387,35.7495221],[129.1275237,35.74953],[129.1276486,35.7495732],[129.1276971,35.7495138],[129.1278439,35.7493555],[129.1280083,35.7491999],[129.1281108,35.7491159],[129.1282042,35.7490492],[129.1282986,35.7489872]]]]}},{"type":"Feature","properties":{"UFID":"100035905006A00110100000004501066"},"geometry":{"type":"MultiPolygon","coordinates":[[[[129.1373141,35.7479071],[129.1372792,35.7478398],[129.1372261,35.7478511],[129.1371798,35.747861],[129.1370928,35.7478795],[129.1371067,35.7479406],[129.1371419,35.7479348],[129.1373141,35.7479071]]]]}},{"type":"Feature","properties":{"UFID":"100035905006A00110100000004501067"},"geometry":{"type":"MultiPolygon","coordinates":[[[[129.1291697,35.7483939],[129.1290911,35.7483375],[129.1290442,35.7483764],[129.1289153,35.7484832],[129.1288241,35.7485551],[129.1287716,35.7485965],[129.1287313,35.7486283],[129.1286485,35.7486881],[129.1285937,35.7487181],[129.1285876,35.7487212],[129.1285817,35.7487231],[129.1286546,35.7488065],[129.1287239,35.748757],[129.1288387,35.7486744],[129.1289976,35.7485392],[129.129158,35.7484057],[129.1291697,35.7483939]]]]}},{"type":"Feature","properties":{"UFID":"100035905006A00110100000004501132"},"geometry":{"type":"MultiPolygon","coordinates":[[[[129.1503282,35.7494936],[129.1502909,35.7494679],[129.1501876,35.7493912],[129.1500938,35.7493212],[129.1500301,35.7492794],[129.15,35.749258],[129.1499697,35.7492363],[129.1498898,35.7491952],[129.1498304,35.7491689],[129.1497229,35.749127],[129.1495438,35.7490626],[129.149475,35.74904],[129.1493983,35.7490147],[129.1493233,35.74899],[129.1491521,35.7489364],[129.1489586,35.7488743],[129.1488045,35.7488242],[129.148679,35.7487766],[129.1486666,35.7488431],[129.1487419,35.7488709],[129.1488794,35.7489163],[129.1489788,35.7489478],[129.14916,35.7490055],[129.149288,35.7490452],[129.1493787,35.749075],[129.149545,35.7491291],[129.1496439,35.7491635],[129.1497704,35.7492195],[129.1498677,35.7492689],[129.1499665,35.7493294],[129.15,35.7493519],[129.150084,35.7494084],[129.1501219,35.7494318],[129.1502649,35.7495372],[129.1503282,35.7494936]]]]}},{"type":"Feature","properties":{"UFID":"100035905006A00110100000004501151"},"geometry":{"type":"MultiPolygon","coordinates":[[[[129.1443944,35.7471094],[129.1444149,35.7470517],[129.1443161,35.7470098],[129.1442369,35.746977],[129.1441685,35.7469525],[129.1441208,35.7469384],[129.1440546,35.7469251],[129.1439663,35.7469132],[129.143839,35.7469005],[129.1437031,35.7468939],[129.1435723,35.7469],[129.1434465,35.746912],[129.1428831,35.7469896],[129.1424536,35.7470512],[129.1421664,35.7471015],[129.1420836,35.7471178],[129.14182,35.7471699],[129.1415415,35.7472288],[129.1413493,35.7472665],[129.1412422,35.7472847],[129.1411776,35.7472954],[129.1409172,35.7473306],[129.1406506,35.7473645],[129.1403693,35.7473986],[129.1401892,35.7474238],[129.1400657,35.7474376],[129.1400697,35.7474991],[129.1401321,35.747491],[129.1408511,35.7473989],[129.1412422,35.7473472],[129.1414347,35.7473146],[129.1415775,35.7472863],[129.1418402,35.7472341],[129.1419138,35.7472195],[129.1421016,35.7471802],[129.1421866,35.7471624],[129.1423404,35.7471309],[129.1425558,35.7470969],[129.1427656,35.7470635],[129.1430646,35.7470224],[129.1433639,35.7469843],[129.1434873,35.7469714],[129.1436031,35.7469614],[129.1437115,35.7469589],[129.1438498,35.7469645],[129.1439953,35.7469796],[129.1440618,35.7469909],[129.1441352,35.7470097],[129.1442776,35.7470602],[129.1443944,35.7471094]]]]}},{"type":"Feature","properties":{"UFID":"100035905006A00110100000004501152"},"geometry":{"type":"MultiPolygon","coordinates":[[[[129.1465052,35.747868],[129.1462324,35.7477773],[129.1460822,35.7477248],[129.1459552,35.7476774],[129.1457912,35.7476138],[129.1455354,35.7475109],[129.1451201,35.7473395],[129.1448918,35.747246],[129.1445247,35.7470938],[129.1444697,35.7470717],[129.1444463,35.7471312],[129.1445462,35.7471732],[129.1449138,35.7473231],[129.1454242,35.7475313],[129.1458412,35.7477001],[129.1462342,35.7478409],[129.1464752,35.7479236],[129.1465052,35.747868]]]]}},{"type":"Feature","properties":{"UFID":"100035905006A00110100000004501153"},"geometry":{"type":"MultiPolygon","coordinates":[[[[129.1444697,35.7470717],[129.1444149,35.7470517],[129.1443944,35.7471094],[129.1444463,35.7471312],[129.1444697,35.7470717]]]]}},{"type":"Feature","properties":{"UFID":"100035905006A00110100000004501154"},"geometry":{"type":"MultiPolygon","coordinates":[[[[129.1465799,35.747895],[129.1465052,35.747868],[129.1464752,35.7479236],[129.1465557,35.7479512],[129.1465799,35.747895]]]]}},{"type":"Feature","properties":{"UFID":"100035905006A00110100000004501155"},"geometry":{"type":"MultiPolygon","coordinates":[[[[129.148679,35.7487766],[129.1486011,35.7487506],[129.1485764,35.7488084],[129.1486059,35.7488206],[129.1486666,35.7488431],[129.148679,35.7487766]]]]}},{"type":"Feature","properties":{"UFID":"100035905006A00110100000004501156"},"geometry":{"type":"MultiPolygon","coordinates":[[[[129.1486011,35.7487506],[129.1484903,35.7487061],[129.1483202,35.7486244],[129.1481385,35.7485306],[129.1479092,35.7484168],[129.1476272,35.748288],[129.1474528,35.7482152],[129.1472366,35.7481249],[129.1471085,35.7480748],[129.1469002,35.7479965],[129.1466704,35.7479225],[129.1465799,35.747895],[129.1465557,35.7479512],[129.1468091,35.7480382],[129.1471605,35.7481645],[129.1473218,35.7482313],[129.1474755,35.7482994],[129.1476177,35.7483574],[129.1478692,35.748474],[129.148133,35.7486027],[129.1484226,35.7487368],[129.1485376,35.7487923],[129.1485764,35.7488084],[129.1486011,35.7487506]]]]}},{"type":"Feature","properties":{"UFID":"100035905015A00110100000004516678"},"geometry":{"type":"MultiPolygon","coordinates":[[[[129.1041727,35.7064412],[129.1042674,35.7064275],[129.1042925,35.706423],[129.104323,35.7064168],[129.1041576,35.7064156],[129.1041262,35.7064189],[129.1040704,35.7064239],[129.1040592,35.7064244],[129.1039776,35.706431],[129.1039698,35.7064321],[129.1039612,35.7064327],[129.1039505,35.7064337],[129.1038534,35.7064389],[129.103832,35.70644],[129.1037659,35.7064421],[129.10376,35.7064426],[129.1037198,35.7064432],[129.1036808,35.706443],[129.1036712,35.7064429],[129.1036544,35.7064423],[129.1036075,35.7064397],[129.1035603,35.7064345],[129.1035539,35.7064337],[129.1035432,35.7064326],[129.1035256,35.7064307],[129.1034289,35.7064183],[129.1033756,35.7064122],[129.1033557,35.70641],[129.103207,35.7064089],[129.1030807,35.7063791],[129.1030495,35.7063751],[129.1029306,35.706361],[129.1028412,35.7063557],[129.1028297,35.7063555],[129.1028201,35.7063556],[129.1027195,35.7063553],[129.1027126,35.7063554],[129.1026942,35.7063558],[129.1026859,35.706356],[129.1025883,35.7063628],[129.1025795,35.7063631],[129.1025606,35.706364],[129.1025556,35.7063641],[129.1025495,35.7063642],[129.1025406,35.7063643],[129.102466,35.7063676],[129.1024039,35.7063728],[129.1023557,35.7063764],[129.1022896,35.7063814],[129.1022225,35.7063855],[129.1021416,35.7063846],[129.1020658,35.7063795],[129.1019809,35.7063608],[129.1019571,35.7063529],[129.1019164,35.7063393],[129.1019108,35.7063365],[129.1018201,35.7062948],[129.1017405,35.7062533],[129.1016686,35.706215],[129.1015671,35.7061547],[129.1015309,35.7061331],[129.101465,35.7060901],[129.1014581,35.7060851],[129.1014533,35.7060809],[129.1013458,35.7059978],[129.1012831,35.7059492],[129.1012528,35.7059247],[129.1011833,35.7058734],[129.1011792,35.70587],[129.1011235,35.7058192],[129.1010811,35.7057802],[129.1010333,35.7057371],[129.1009852,35.7056918],[129.1009813,35.7056877],[129.1009312,35.7056367],[129.1008841,35.7055956],[129.1008395,35.7055581],[129.1007799,35.7055095],[129.100717,35.7054575],[129.1006641,35.7054058],[129.1006206,35.7053591],[129.1005848,35.7053142],[129.1005422,35.705261],[129.1005231,35.7052371],[129.1004718,35.7051797],[129.1004391,35.7051441],[129.1003151,35.7050564],[129.1003173,35.7050591],[129.1003388,35.7050838],[129.100396,35.7051423],[129.1004451,35.7051958],[129.1004958,35.7052525],[129.1005144,35.7052758],[129.100557,35.705329],[129.1005935,35.7053746],[129.1006381,35.7054226],[129.1006924,35.7054757],[129.1007563,35.7055285],[129.1008159,35.7055771],[129.1008601,35.7056143],[129.1009061,35.7056545],[129.1009553,35.7057044],[129.1009596,35.7057089],[129.1010085,35.705755],[129.1010564,35.7057982],[129.1010988,35.7058372],[129.101155,35.7058885],[129.1011603,35.7058929],[129.10123,35.7059443],[129.1012601,35.7059686],[129.101323,35.7060174],[129.1014298,35.7061],[129.101435,35.7061045],[129.1014437,35.7061108],[129.1015108,35.7061546],[129.1015475,35.7061765],[129.1016498,35.7062373],[129.1017225,35.706276],[129.1018031,35.706318],[129.101894,35.7063598],[129.1019014,35.7063635],[129.1019446,35.7063779],[129.1019703,35.7063865],[129.1020601,35.7064062],[129.10214,35.7064117],[129.1022236,35.7064125],[129.1022923,35.7064084],[129.1023563,35.7064035],[129.1024071,35.7063997],[129.1024685,35.7063946],[129.1025418,35.7063913],[129.1025501,35.7063912],[129.1025563,35.7063911],[129.1025619,35.706391],[129.1025811,35.7063901],[129.1025904,35.7063898],[129.1026875,35.706383],[129.1026949,35.7063829],[129.1027135,35.7063825],[129.1027199,35.7063823],[129.1028202,35.7063826],[129.1028296,35.7063826],[129.1028397,35.7063827],[129.102927,35.7063879],[129.1030446,35.7064019],[129.103118,35.7064111],[129.1031306,35.7064126],[129.1032555,35.7064263],[129.1033045,35.7064314],[129.103371,35.706439],[129.1034241,35.7064451],[129.1035208,35.7064575],[129.103539,35.7064594],[129.1035492,35.7064605],[129.1035556,35.7064613],[129.1036042,35.7064666],[129.1036526,35.7064693],[129.1036703,35.7064699],[129.1036805,35.70647],[129.10372,35.7064702],[129.103762,35.7064696],[129.1037683,35.706469],[129.1038337,35.706467],[129.1038556,35.7064659],[129.1039534,35.7064607],[129.1039645,35.7064597],[129.1039742,35.706459],[129.1039822,35.7064578],[129.1040617,35.7064514],[129.104073,35.7064509],[129.1041302,35.7064458],[129.1041727,35.7064412]]],[[[129.108206,35.7065601],[129.1081337,35.7065461],[129.1081687,35.7065697],[129.108276,35.7066643],[129.108325,35.7067118],[129.1083539,35.7067561],[129.1083682,35.7068004],[129.108378,35.7068484],[129.1083827,35.7069438],[129.1083845,35.7070287],[129.1083801,35.707146],[129.108378,35.7071718],[129.1083712,35.7072571],[129.1083745,35.7073218],[129.1083852,35.7073483],[129.1083911,35.7073712],[129.1083928,35.7073847],[129.1083933,35.7073969],[129.1084141,35.7073165],[129.1084124,35.7073155],[129.10841,35.7073112],[129.1084067,35.7073017],[129.1084066,35.7072654],[129.1084073,35.7072511],[129.1084169,35.7071301],[129.1084199,35.7070062],[129.1084234,35.7069034],[129.1084176,35.7068438],[129.1084064,35.7067968],[129.1083869,35.7067514],[129.1083663,35.7067099],[129.108321,35.7066638],[129.108247,35.7065945],[129.108206,35.7065601]]]]}},{"type":"Feature","properties":{"UFID":"100035905015A00110100000004516679"},"geometry":{"type":"MultiPolygon","coordinates":[[[[129.1006375,35.7156197],[129.1006098,35.7156139],[129.1005956,35.7155966],[129.100575,35.7155573],[129.1005734,35.7155521],[129.1005684,35.715519],[129.1005674,35.7155069],[129.1005679,35.7154966],[129.1005728,35.715461],[129.1005888,35.7154209],[129.1005921,35.7154155],[129.1006292,35.7153614],[129.100682,35.7152983],[129.1007342,35.7152352],[129.1007413,35.715229],[129.1007938,35.7151796],[129.1008235,35.7151527],[129.1008266,35.7151498],[129.1008732,35.7151134],[129.1009722,35.7150327],[129.1010534,35.7149766],[129.1011504,35.7149056],[129.1012057,35.7148456],[129.101212,35.7148275],[129.1012133,35.714817],[129.1012133,35.7148108],[129.1012133,35.7148025],[129.1012124,35.7147902],[129.101212,35.714785],[129.1012094,35.714773],[129.101205,35.7147603],[129.1011807,35.7147315],[129.1011705,35.7147259],[129.1011238,35.7147053],[129.1011124,35.7147018],[129.1010543,35.7146899],[129.1009467,35.7146787],[129.1008464,35.7146656],[129.100764,35.7146404],[129.1006887,35.7146145],[129.1006265,35.7145832],[129.1005685,35.7145396],[129.1005206,35.7144904],[129.1005162,35.7144844],[129.1004892,35.7144197],[129.1004528,35.7143435],[129.1004118,35.7142553],[129.1004089,35.7142408],[129.1004068,35.714227],[129.1004068,35.7142149],[129.1004241,35.7141724],[129.100425,35.7141707],[129.1004269,35.7141685],[129.1004789,35.7141229],[129.1005372,35.7140638],[129.1005437,35.7140557],[129.1005857,35.7140011],[129.1006536,35.7139157],[129.1006899,35.7138584],[129.100717,35.7137988],[129.1007336,35.7137489],[129.1007349,35.7137433],[129.1007396,35.7137052],[129.1007397,35.7136898],[129.1007394,35.7136821],[129.1007333,35.7136248],[129.1007321,35.7136135],[129.100727,35.7135764],[129.1007113,35.7135074],[129.1007087,35.7134985],[129.1006981,35.7134725],[129.100672,35.7134358],[129.1006664,35.7134295],[129.1006348,35.7134037],[129.1006295,35.7133997],[129.1005864,35.7133766],[129.1005791,35.7133733],[129.1005087,35.7133397],[129.1004565,35.7133152],[129.1004359,35.7133041],[129.1003572,35.7132604],[129.1003034,35.7132289],[129.1002939,35.7132241],[129.1002358,35.713186],[129.1001782,35.7131373],[129.1001308,35.713087],[129.1000876,35.7130269],[129.1000859,35.7130247],[129.1000644,35.7129572],[129.1000562,35.7129024],[129.1000506,35.7128167],[129.1000442,35.712727],[129.1000291,35.7126446],[129.10001,35.7125301],[129.1000081,35.7124994],[129.1000086,35.7124039],[129.1000162,35.7123461],[129.1000206,35.7123321],[129.100026,35.712302],[129.100046,35.712233],[129.100063,35.712158],[129.1000639,35.7121256],[129.1000624,35.7121175],[129.1000593,35.7121131],[129.1000562,35.712109],[129.1000554,35.7121082],[129.1000292,35.7121248],[129.1000305,35.7121266],[129.1000299,35.7121552],[129.1000136,35.7122274],[129.0999999,35.7122864],[129.0999793,35.7123624],[129.0999746,35.7124027],[129.0999738,35.7124554],[129.0999753,35.7125354],[129.0999799,35.7125653],[129.0999999,35.7126698],[129.1000112,35.7127298],[129.1000175,35.7128182],[129.1000232,35.7129048],[129.1000318,35.7129622],[129.1000551,35.7130356],[129.1000593,35.713041],[129.1001033,35.7131022],[129.1001531,35.713155],[129.1002134,35.713206],[129.1002747,35.7132463],[129.1002851,35.7132515],[129.1003382,35.7132825],[129.1004174,35.7133265],[129.1004391,35.7133383],[129.1004921,35.7133631],[129.1005626,35.7133968],[129.1005691,35.7133997],[129.100609,35.7134211],[129.1006119,35.7134232],[129.1006411,35.7134471],[129.1006441,35.7134505],[129.1006677,35.7134837],[129.1006768,35.7135059],[129.1006789,35.713513],[129.1006942,35.7135804],[129.1006991,35.7136161],[129.1007003,35.7136271],[129.1007063,35.7136837],[129.1007066,35.7136901],[129.1007065,35.7137037],[129.100702,35.7137395],[129.1007013,35.7137429],[129.1006854,35.7137905],[129.1006595,35.7138474],[129.1006249,35.7139021],[129.1005577,35.7139865],[129.1005158,35.7140411],[129.1005103,35.7140478],[129.1004538,35.7141052],[129.100401,35.7141515],[129.1003961,35.7141573],[129.1003932,35.7141625],[129.1003736,35.7142106],[129.1003737,35.7142287],[129.1003761,35.7142446],[129.1003796,35.7142623],[129.1004218,35.7143532],[129.1004581,35.714429],[129.100486,35.714496],[129.1004934,35.7145058],[129.1005442,35.7145581],[129.1006064,35.7146048],[129.1006734,35.7146386],[129.1007517,35.7146656],[129.1008379,35.7146918],[129.100942,35.7147054],[129.1010482,35.7147165],[129.1011025,35.7147276],[129.10111,35.7147299],[129.1011534,35.7147491],[129.101157,35.7147511],[129.1011746,35.7147719],[129.1011771,35.7147791],[129.101179,35.7147881],[129.1011792,35.7147918],[129.1011801,35.7148034],[129.1011801,35.7148109],[129.1011802,35.7148157],[129.1011793,35.7148223],[129.1011755,35.7148334],[129.1011259,35.7148872],[129.1010316,35.7149562],[129.1009497,35.7150128],[129.10085,35.7150941],[129.1008028,35.715131],[129.1007988,35.7151346],[129.1007689,35.7151617],[129.1007167,35.7152109],[129.1007082,35.7152182],[129.1006546,35.7152831],[129.1006009,35.7153472],[129.1005628,35.7154029],[129.100558,35.7154107],[129.1005403,35.7154552],[129.1005348,35.7154946],[129.1005342,35.7155073],[129.1005354,35.7155216],[129.1005408,35.715557],[129.1005435,35.715566],[129.1005663,35.7156096],[129.1005894,35.7156375],[129.1006252,35.7156451],[129.1006293,35.7156473],[129.1006313,35.7156492],[129.1006375,35.7156197]]]]}},{"type":"Feature","properties":{"UFID":"100035905015A00110100000004516680"},"geometry":{"type":"MultiPolygon","coordinates":[[[[129.1006698,35.7156482],[129.1006313,35.7156492],[129.100632,35.715654],[129.100621,35.7156787],[129.1006167,35.7156822],[129.1005996,35.7157043],[129.1005938,35.7157124],[129.1005936,35.7157145],[129.1006022,35.7157213],[129.1006057,35.715724],[129.1006097,35.7157428],[129.1006104,35.7157779],[129.1006097,35.7157811],[129.1005862,35.7158432],[129.1005712,35.7158949],[129.1005696,35.7159025],[129.100567,35.7159267],[129.1005633,35.7159665],[129.1005635,35.7159732],[129.1005639,35.7159803],[129.1005676,35.7160558],[129.1005676,35.716064],[129.1005681,35.7161068],[129.1005679,35.7161173],[129.1005682,35.7161313],[129.1005673,35.7161463],[129.1005673,35.7161485],[129.1005651,35.7161643],[129.1005632,35.7161708],[129.1005616,35.7161771],[129.1005468,35.7162021],[129.1005205,35.716232],[129.1005047,35.716244],[129.1004456,35.7162793],[129.1004397,35.7162813],[129.1003887,35.7162982],[129.1002926,35.7163252],[129.1002115,35.7163483],[129.1002068,35.7163494],[129.1001995,35.7163511],[129.1001876,35.7163529],[129.1001415,35.7163609],[129.1001326,35.7163623],[129.1001072,35.7163667],[129.1000376,35.7163809],[129.1000229,35.7163837],[129.1000087,35.7163855],[129.1,35.716387],[129.0999559,35.716391],[129.0999342,35.7163907],[129.0998876,35.7163804],[129.0998145,35.7163593],[129.0997838,35.71635],[129.0997798,35.7163487],[129.0997641,35.7163728],[129.0997721,35.7163752],[129.0998031,35.7163847],[129.0998777,35.7164062],[129.0999295,35.7164177],[129.0999574,35.7164181],[129.1,35.7164142],[129.1000036,35.716414],[129.1000146,35.7164121],[129.1000291,35.7164102],[129.1000453,35.7164072],[129.1001147,35.7163931],[129.1001392,35.7163888],[129.1001481,35.7163874],[129.1001942,35.7163794],[129.1002072,35.7163774],[129.1002157,35.7163754],[129.1002212,35.7163742],[129.1003035,35.7163507],[129.1004004,35.7163236],[129.1004522,35.7163063],[129.1004619,35.7163031],[129.1005259,35.7162648],[129.1005455,35.7162499],[129.1005754,35.7162159],[129.1005931,35.7161859],[129.1005956,35.7161768],[129.1005979,35.7161689],[129.1006004,35.71615],[129.1006005,35.716147],[129.1006013,35.7161317],[129.1006011,35.7161174],[129.1006013,35.7161069],[129.1006008,35.7160638],[129.1006007,35.7160553],[129.100597,35.7159792],[129.1005967,35.7159723],[129.1005965,35.7159672],[129.1006001,35.7159289],[129.1006025,35.715906],[129.1006037,35.7159003],[129.1006182,35.7158503],[129.1006421,35.7157873],[129.1006436,35.7157798],[129.1006428,35.7157403],[129.1006365,35.7157105],[129.1006349,35.7157093],[129.1006428,35.7156992],[129.1006497,35.7156936],[129.1006654,35.715658],[129.100667,35.7156519],[129.1006686,35.71565],[129.1006698,35.7156482]]]]}},{"type":"Feature","properties":{"UFID":"100035905014A00110100000004516681"},"geometry":{"type":"MultiPolygon","coordinates":[[[[129.1000292,35.7121248],[129.1000554,35.7121082],[129.1000286,35.7120819],[129.1000196,35.7120755],[129.0999999,35.7120694],[129.0999779,35.7120645],[129.0999593,35.7120629],[129.0999416,35.7120637],[129.0999245,35.7120662],[129.0999126,35.7120698],[129.0998893,35.71208],[129.0998515,35.7121058],[129.0998352,35.7121204],[129.0998028,35.7121561],[129.0997531,35.7122094],[129.0996856,35.7122725],[129.0996224,35.7123253],[129.0995561,35.7123803],[129.099486,35.7124312],[129.0994223,35.7124862],[129.0993661,35.7125441],[129.0993326,35.7126041],[129.099321,35.7126429],[129.0993158,35.7127081],[129.0993132,35.7127566],[129.0993124,35.7128061],[129.0993152,35.7128501],[129.0993223,35.7129262],[129.0993306,35.7130036],[129.0993352,35.7130464],[129.0993393,35.7130884],[129.0993402,35.7131194],[129.0993337,35.7131419],[129.0993215,35.713163],[129.0993044,35.7131806],[129.0992817,35.7131995],[129.0992108,35.7132513],[129.0991591,35.7132872],[129.0990598,35.7133537],[129.0989878,35.7134032],[129.0989147,35.7134496],[129.0988638,35.7134751],[129.0988358,35.7134819],[129.098817,35.7134849],[129.098747,35.7134902],[129.0986356,35.7134964],[129.0985787,35.7135146],[129.0984723,35.7135603],[129.0984084,35.7135858],[129.0983696,35.7135987],[129.0982996,35.7136155],[129.0982548,35.7136261],[129.09821,35.7136378],[129.0981635,35.7136611],[129.0981053,35.7137194],[129.0980695,35.713768],[129.0980353,35.7138287],[129.0980149,35.7138864],[129.0980064,35.7139128],[129.0980061,35.7139372],[129.0980079,35.713968],[129.0980129,35.7139917],[129.0980201,35.7140106],[129.0980517,35.7140862],[129.0980861,35.7141427],[129.0981459,35.7142157],[129.0982232,35.7143019],[129.0982773,35.7143754],[129.098285,35.7143967],[129.0982867,35.7144106],[129.0982866,35.7144206],[129.0982694,35.7144613],[129.0982662,35.7144651],[129.0982446,35.7144786],[129.0982155,35.7144878],[129.0981916,35.7144919],[129.0981613,35.7144949],[129.0980814,35.7144948],[129.0980395,35.714491],[129.0979483,35.7144762],[129.0979,35.7144647],[129.0978271,35.7144416],[129.0977213,35.7143974],[129.0976891,35.7143778],[129.0976837,35.714375],[129.0976303,35.7143295],[129.0975643,35.7142771],[129.0974881,35.7142191],[129.097406,35.7141639],[129.0973132,35.7141137],[129.0972201,35.7140749],[129.0971535,35.7140548],[129.0971145,35.7140506],[129.0970775,35.7140515],[129.0970339,35.7140579],[129.0970042,35.7140657],[129.0969671,35.7140814],[129.0969289,35.7141025],[129.0968827,35.7141388],[129.0968296,35.7141986],[129.0968159,35.7142367],[129.0968124,35.7142529],[129.0968115,35.7142719],[129.0968118,35.7142947],[129.0968125,35.7143027],[129.096815,35.7143253],[129.0968222,35.714382],[129.0968295,35.7144396],[129.0968297,35.714459],[129.096828,35.7144753],[129.0968175,35.7145078],[129.0968032,35.7145391],[129.0967846,35.7145784],[129.0967442,35.714686],[129.0967317,35.7147497],[129.0967308,35.7147676],[129.0967315,35.7147992],[129.0967337,35.7148262],[129.0967471,35.7148927],[129.0967597,35.7149522],[129.0967769,35.715028],[129.0967781,35.7150405],[129.0967886,35.7151055],[129.0967921,35.7151331],[129.0967946,35.7151739],[129.0967935,35.7151819],[129.0967918,35.7151943],[129.0967861,35.7152249],[129.0967821,35.7152381],[129.0967735,35.7152507],[129.096739,35.7152861],[129.0967295,35.7152918],[129.0967124,35.7153019],[129.0966783,35.7153188],[129.0966438,35.7153319],[129.0966096,35.7153443],[129.0965767,35.7153553],[129.0964957,35.7153844],[129.096419,35.7154204],[129.0963433,35.715467],[129.0962714,35.7155044],[129.0962215,35.7155246],[129.0961901,35.7155333],[129.0961397,35.7155464],[129.0960873,35.7155571],[129.0959935,35.7155724],[129.0959419,35.7155782],[129.0958695,35.7155832],[129.0958327,35.7155849],[129.0957657,35.7155806],[129.0957481,35.715579],[129.0956978,35.715571],[129.095612,35.715549],[129.0955161,35.7155324],[129.0954874,35.7155316],[129.0954785,35.7155319],[129.095462,35.7155333],[129.0954467,35.7155361],[129.0954407,35.7155379],[129.0954288,35.7155412],[129.0953991,35.7155551],[129.0953677,35.7155714],[129.0953329,35.7155949],[129.0952868,35.7156411],[129.095277,35.7156549],[129.0952405,35.715703],[129.0951904,35.7157762],[129.0951444,35.7158417],[129.0950942,35.7159111],[129.0950508,35.7159832],[129.0950305,35.716052],[129.0950285,35.7160657],[129.0950266,35.7160961],[129.0950285,35.7161196],[129.0950299,35.7161349],[129.0950337,35.7161529],[129.0950409,35.7161724],[129.0950678,35.7162126],[129.0951204,35.7162795],[129.095154,35.7163253],[129.0951624,35.7163587],[129.0951662,35.71638],[129.0951658,35.7164058],[129.0951629,35.7164294],[129.0951493,35.7164737],[129.0951316,35.7165141],[129.095124,35.7165295],[129.0951003,35.7165689],[129.0950741,35.7166048],[129.0950542,35.7166243],[129.0950232,35.7166527],[129.0949989,35.7166731],[129.0949711,35.7166937],[129.0949907,35.7167157],[129.0950219,35.7166926],[129.0950475,35.7166712],[129.0950794,35.716642],[129.0951013,35.7166204],[129.0951295,35.7165817],[129.0951542,35.7165405],[129.0951626,35.7165238],[129.0951811,35.7164816],[129.0951956,35.7164341],[129.0951989,35.7164074],[129.0951994,35.7163783],[129.0951951,35.7163541],[129.0951854,35.7163153],[129.0951486,35.7162652],[129.0950963,35.7161988],[129.0950717,35.7161619],[129.095066,35.7161466],[129.0950628,35.7161316],[129.0950616,35.7161178],[129.0950598,35.7160958],[129.0950615,35.7160679],[129.0950632,35.7160568],[129.0950821,35.7159924],[129.0951234,35.715924],[129.0951731,35.7158553],[129.0952192,35.7157895],[129.0952691,35.7157167],[129.0953054,35.7156688],[129.0953142,35.7156565],[129.0953566,35.715614],[129.0953872,35.7155933],[129.0954163,35.7155782],[129.0954424,35.715566],[129.0954519,35.7155634],[129.0954563,35.715562],[129.0954673,35.71556],[129.0954808,35.7155589],[129.0954876,35.7155587],[129.0955121,35.7155593],[129.0956035,35.7155752],[129.0956896,35.7155973],[129.0957431,35.7156057],[129.0957626,35.7156075],[129.0958323,35.715612],[129.0958719,35.7156102],[129.0959455,35.7156051],[129.0959991,35.7155991],[129.0960946,35.7155835],[129.0961488,35.7155725],[129.0962006,35.715559],[129.0962342,35.7155496],[129.0962878,35.715528],[129.0963622,35.7154892],[129.0964373,35.715443],[129.0965107,35.7154085],[129.0965897,35.7153802],[129.0966227,35.7153692],[129.0966576,35.7153565],[129.0966939,35.7153426],[129.0967308,35.7153244],[129.096749,35.7153136],[129.0967621,35.7153058],[129.0968012,35.7152658],[129.0968132,35.715248],[129.0968186,35.7152302],[129.0968247,35.7151979],[129.0968265,35.7151848],[129.0968278,35.7151747],[129.0968252,35.715131],[129.0968215,35.7151023],[129.0968111,35.7150376],[129.0968098,35.7150244],[129.0967923,35.7149474],[129.0967798,35.7148882],[129.0967667,35.7148232],[129.0967646,35.7147981],[129.096764,35.714768],[129.0967648,35.7147524],[129.0967766,35.7146921],[129.096816,35.7145873],[129.0968342,35.7145487],[129.0968491,35.7145159],[129.0968608,35.7144799],[129.0968628,35.71446],[129.0968627,35.7144381],[129.0968551,35.7143792],[129.096848,35.7143227],[129.0968455,35.7143005],[129.0968449,35.7142936],[129.0968447,35.7142723],[129.0968454,35.7142557],[129.0968482,35.7142428],[129.0968598,35.7142107],[129.0969079,35.7141566],[129.0969498,35.7141235],[129.0969841,35.7141047],[129.097017,35.7140907],[129.0970419,35.7140842],[129.097081,35.7140785],[129.0971128,35.7140777],[129.0971455,35.7140813],[129.0972068,35.7140997],[129.0972964,35.714137],[129.0973862,35.7141857],[129.0974662,35.7142394],[129.0975414,35.7142967],[129.0976068,35.7143485],[129.0976626,35.7143962],[129.0976704,35.7144001],[129.0977037,35.7144205],[129.0978135,35.7144663],[129.0978894,35.7144904],[129.0979404,35.7145025],[129.0980344,35.7145177],[129.0980795,35.7145219],[129.0981633,35.714522],[129.098197,35.7145186],[129.098225,35.7145138],[129.098261,35.7145025],[129.0982904,35.714484],[129.0982992,35.7144737],[129.0983197,35.7144253],[129.0983199,35.7144094],[129.0983177,35.7143914],[129.0983079,35.7143644],[129.0982509,35.7142869],[129.0981731,35.7142002],[129.0981148,35.7141291],[129.0980824,35.7140758],[129.0980516,35.7140022],[129.0980452,35.7139854],[129.098041,35.713965],[129.0980393,35.7139367],[129.0980395,35.7139164],[129.0980469,35.7138935],[129.0980665,35.7138382],[129.0980989,35.7137806],[129.0981325,35.713735],[129.0981857,35.7136817],[129.0982239,35.7136626],[129.0982645,35.713652],[129.0983088,35.7136415],[129.0983806,35.7136243],[129.098422,35.7136105],[129.0984874,35.7135844],[129.0985926,35.7135392],[129.098643,35.7135231],[129.0987496,35.7135171],[129.0988218,35.7135117],[129.0988437,35.7135081],[129.0988774,35.7135001],[129.0989336,35.7134719],[129.0990087,35.7134242],[129.099081,35.7133745],[129.0991804,35.7133079],[129.0992326,35.7132717],[129.0993046,35.7132191],[129.0993293,35.7131985],[129.0993498,35.7131774],[129.0993651,35.7131508],[129.0993734,35.7131223],[129.0993724,35.713087],[129.0993682,35.7130442],[129.0993637,35.7130012],[129.0993554,35.7129239],[129.0993483,35.7128483],[129.0993456,35.7128056],[129.0993464,35.7127574],[129.0993489,35.7127096],[129.0993539,35.712647],[129.0993641,35.712613],[129.0993946,35.7125583],[129.0994474,35.7125039],[129.0995092,35.7124506],[129.0995789,35.7123999],[129.0996461,35.7123442],[129.09971,35.7122909],[129.0997788,35.7122265],[129.0998293,35.7121723],[129.0998609,35.7121377],[129.0998746,35.7121254],[129.099908,35.7121025],[129.0999262,35.7120945],[129.0999333,35.7120924],[129.0999454,35.7120906],[129.0999585,35.71209],[129.0999717,35.7120911],[129.0999999,35.7120975],[129.1000049,35.7121009],[129.1000292,35.7121248]]]]}},{"type":"Feature","properties":{"UFID":"100035905014A00110100000004516682"},"geometry":{"type":"MultiPolygon","coordinates":[[[[129.1015682,35.720657],[129.1015539,35.7206564],[129.1015483,35.720656],[129.1015357,35.7206542],[129.1015136,35.7206498],[129.101488,35.7206439],[129.1014797,35.7206413],[129.1014288,35.7206149],[129.1014245,35.7206129],[129.1013722,35.7205929],[129.1013639,35.7205907],[129.1013197,35.7205853],[129.1012478,35.7205796],[129.101209,35.7205795],[129.1011478,35.7205772],[129.1011382,35.7205772],[129.1010379,35.7205747],[129.1009618,35.7205731],[129.1009104,35.720564],[129.1008629,35.7205454],[129.1008599,35.7205442],[129.1008221,35.7205148],[129.1008051,35.7205029],[129.1007764,35.7204825],[129.100753,35.7204703],[129.1006818,35.7204451],[129.1006188,35.7204234],[129.100591,35.7204148],[129.10057,35.7204079],[129.1005396,35.7204015],[129.1005068,35.7203928],[129.1004009,35.7203633],[129.1003375,35.720344],[129.1003328,35.7203424],[129.1002742,35.7203096],[129.1002133,35.7202752],[129.1001486,35.7202398],[129.1000902,35.7202075],[129.1000675,35.720187],[129.10006,35.7201775],[129.1000538,35.7201687],[129.1000368,35.7201375],[129.1,35.7200771],[129.0999851,35.7200585],[129.0999602,35.7200301],[129.0999396,35.7199977],[129.0999378,35.7199927],[129.0999372,35.719987],[129.099935,35.7199694],[129.0999317,35.7199543],[129.0999224,35.7199196],[129.0999003,35.7198757],[129.0998922,35.7198502],[129.0998904,35.7198311],[129.0998947,35.7198075],[129.0999001,35.7197968],[129.0999165,35.7197671],[129.0999568,35.7197212],[129.1,35.7196818],[129.1000935,35.7195941],[129.1001317,35.7195612],[129.1001422,35.7195491],[129.1001479,35.7195429],[129.1001506,35.7195377],[129.1001614,35.7195127],[129.1001616,35.719508],[129.1001614,35.7195015],[129.1001606,35.7194951],[129.1001601,35.7194914],[129.1001559,35.719482],[129.1001324,35.7194582],[129.100127,35.7194541],[129.1001167,35.7194485],[129.1000586,35.7194212],[129.1,35.7193979],[129.099977,35.7193886],[129.0998836,35.719357],[129.099707,35.7192946],[129.0995479,35.7192364],[129.0994195,35.7191888],[129.0993463,35.7191628],[129.0992604,35.7191292],[129.0991753,35.7191002],[129.0989459,35.7190221],[129.0988564,35.7189903],[129.0986676,35.718924],[129.0985628,35.7188763],[129.0985307,35.718868],[129.0985049,35.7188682],[129.0984718,35.7188751],[129.0984489,35.7188832],[129.0983975,35.7189163],[129.0983491,35.7189671],[129.0983268,35.7189956],[129.0982776,35.7190572],[129.0982496,35.7191121],[129.0982283,35.7191529],[129.0982568,35.7191656],[129.0982613,35.7191587],[129.0982802,35.7191226],[129.0983071,35.7190699],[129.0983547,35.7190102],[129.0983762,35.7189827],[129.0984212,35.7189355],[129.098466,35.7189066],[129.0984825,35.7189008],[129.0985092,35.7188952],[129.0985258,35.7188951],[129.0985496,35.7189012],[129.0986529,35.7189483],[129.0988432,35.7190152],[129.0989329,35.719047],[129.0991626,35.7191252],[129.0992468,35.7191539],[129.0993325,35.7191874],[129.099406,35.7192135],[129.0995342,35.719261],[129.0996936,35.7193194],[129.0998707,35.7193819],[129.0999632,35.7194132],[129.1,35.7194281],[129.1000431,35.7194452],[129.1000992,35.7194715],[129.1001062,35.7194753],[129.1001079,35.7194766],[129.1001267,35.7194955],[129.1001276,35.7194975],[129.1001283,35.7195032],[129.1001284,35.7195077],[129.1001197,35.7195278],[129.1001189,35.7195294],[129.1001154,35.7195333],[129.100106,35.719544],[129.100069,35.7195759],[129.1,35.7196406],[129.0999308,35.7197043],[129.0998876,35.7197535],[129.0998696,35.7197862],[129.0998625,35.7198003],[129.099857,35.7198302],[129.0998594,35.7198547],[129.0998688,35.7198843],[129.0998907,35.7199276],[129.0998992,35.7199596],[129.0999022,35.7199732],[129.0999042,35.7199896],[129.0999051,35.7199978],[129.0999088,35.7200078],[129.0999319,35.7200443],[129.0999577,35.7200738],[129.0999775,35.7200984],[129.1,35.7201399],[129.1000067,35.7201489],[129.1000242,35.7201811],[129.1000317,35.7201915],[129.1000411,35.7202035],[129.1000682,35.7202281],[129.1001301,35.7202622],[129.1001946,35.7202975],[129.1002554,35.7203318],[129.1003168,35.7203662],[129.1003253,35.7203691],[129.1003897,35.7203888],[129.1004963,35.7204184],[129.1005303,35.7204275],[129.1005596,35.7204337],[129.1005789,35.72044],[129.1006065,35.7204485],[129.1006687,35.72047],[129.1007374,35.7204943],[129.1007565,35.7205042],[129.1007834,35.7205233],[129.1007998,35.7205348],[129.100841,35.720567],[129.1008489,35.7205699],[129.1008996,35.7205898],[129.1009579,35.7206001],[129.101037,35.7206017],[129.1011379,35.7206043],[129.1011472,35.7206042],[129.1012081,35.7206065],[129.1012461,35.7206066],[129.1013156,35.7206121],[129.1013561,35.720617],[129.1013597,35.7206181],[129.1014092,35.7206369],[129.1014117,35.7206381],[129.1014647,35.7206656],[129.1014775,35.7206696],[129.1015051,35.7206759],[129.1015289,35.7206807],[129.101544,35.7206828],[129.1015516,35.7206833],[129.1015581,35.7206836],[129.1015682,35.720657]]]]}},{"type":"Feature","properties":{"UFID":"100035905015A00110100000004516693"},"geometry":{"type":"MultiPolygon","coordinates":[[[[129.1022589,35.7231268],[129.1023085,35.7230819],[129.1022696,35.7230853],[129.1022614,35.7230868],[129.102242,35.7230878],[129.102228,35.7230888],[129.1021334,35.7230903],[129.1019875,35.7230864],[129.1019285,35.7230811],[129.1019014,35.7230693],[129.1018937,35.7230661],[129.1018571,35.7230257],[129.1018571,35.7230242],[129.1018541,35.7230045],[129.1018586,35.722869],[129.1018609,35.7228572],[129.1018643,35.7228469],[129.1018849,35.7228093],[129.1018901,35.7228016],[129.1019569,35.7227225],[129.1019664,35.7227133],[129.102192,35.7225209],[129.1022033,35.7225131],[129.1023305,35.7224034],[129.1023415,35.7223892],[129.1024432,35.7222786],[129.1025925,35.7221032],[129.1026691,35.7220253],[129.1027311,35.7219623],[129.1028323,35.7218456],[129.1028433,35.72183],[129.1028774,35.721764],[129.1028802,35.721748],[129.1028805,35.7217403],[129.102872,35.721699],[129.1028685,35.7216927],[129.1028652,35.7216854],[129.1028599,35.7216823],[129.1028311,35.7216601],[129.1028189,35.7216553],[129.1027892,35.7216525],[129.1027699,35.7216553],[129.1027594,35.7216565],[129.1027485,35.7216576],[129.1026626,35.7217004],[129.1026435,35.7217098],[129.1024225,35.721821],[129.1022616,35.7219109],[129.1022005,35.721943],[129.1021391,35.7219621],[129.1021273,35.721965],[129.1021162,35.7219665],[129.1020901,35.7219709],[129.1019232,35.7219845],[129.1019165,35.7219856],[129.1018118,35.7220129],[129.1017524,35.722042],[129.1016999,35.72207],[129.101691,35.7220755],[129.1015927,35.7221498],[129.1015847,35.7221575],[129.1013576,35.7224237],[129.1012018,35.7226102],[129.101083,35.7227857],[129.1010799,35.7227911],[129.1010752,35.7227971],[129.1010693,35.7228014],[129.1010357,35.7228311],[129.101011,35.7228411],[129.1009212,35.7228667],[129.100898,35.7228748],[129.1008852,35.722879],[129.1008752,35.7228832],[129.1008028,35.7229346],[129.1007978,35.7229412],[129.1007427,35.7230333],[129.1006589,35.7232258],[129.1006014,35.7233541],[129.1005989,35.7233644],[129.1005943,35.7233948],[129.100594,35.7234498],[129.1005945,35.7234551],[129.1006024,35.7234988],[129.1006036,35.723504],[129.1006132,35.7235355],[129.1006685,35.723648],[129.1007375,35.7237545],[129.1008692,35.7239113],[129.1008724,35.7239162],[129.1008754,35.723922],[129.1008772,35.723926],[129.1008848,35.7239484],[129.1009105,35.7240697],[129.1009758,35.7243694],[129.1010522,35.7247245],[129.1010716,35.7247884],[129.1010954,35.7248726],[129.1011064,35.7248957],[129.101131,35.7249204],[129.1011625,35.7249359],[129.1012057,35.724956],[129.1012367,35.724973],[129.1012417,35.7249747],[129.1012537,35.724979],[129.1013027,35.7249916],[129.101321,35.7249938],[129.1013658,35.7249973],[129.1013958,35.7249976],[129.1014332,35.7249884],[129.1014596,35.7249764],[129.1014883,35.7249504],[129.1015058,35.7249257],[129.1016138,35.7247437],[129.1016848,35.7246781],[129.1016929,35.724673],[129.1016981,35.7246701],[129.1017198,35.7246615],[129.1017316,35.7246585],[129.1017537,35.7246559],[129.1017662,35.7246552],[129.1017734,35.7246553],[129.1017807,35.7246565],[129.1018163,35.7246625],[129.101822,35.7246643],[129.1018254,35.7246661],[129.1018316,35.7246701],[129.1018641,35.7247029],[129.1018666,35.7247074],[129.1019233,35.7248523],[129.1019777,35.7249244],[129.1019843,35.72493],[129.1019911,35.724934],[129.1020141,35.724947],[129.1020253,35.7249519],[129.1020699,35.7249611],[129.1020815,35.7249616],[129.1021019,35.7249601],[129.1021316,35.7249548],[129.1023097,35.7249114],[129.1023185,35.7249103],[129.1023586,35.7249097],[129.1023857,35.7249102],[129.1023955,35.724911],[129.1024645,35.7249188],[129.1024868,35.7249236],[129.1026368,35.7249661],[129.1026545,35.7249692],[129.1026676,35.7249717],[129.1026787,35.7249724],[129.1026991,35.7249719],[129.102728,35.7249664],[129.1027401,35.7249641],[129.1027532,35.72496],[129.1027822,35.724947],[129.1028358,35.7249102],[129.1028457,35.7248975],[129.1028739,35.7248209],[129.1028749,35.7248107],[129.1028764,35.7247905],[129.1028707,35.7246813],[129.1028636,35.7246085],[129.1028597,35.7245119],[129.10286,35.7245078],[129.1028605,35.7244977],[129.1028886,35.7244001],[129.1029475,35.7243221],[129.1030215,35.7242902],[129.1030277,35.7242901],[129.1030492,35.7242912],[129.1030695,35.7242936],[129.103084,35.7242971],[129.1030915,35.7243013],[129.103095,35.7243035],[129.1030976,35.7243054],[129.103109,35.724317],[129.1031099,35.7243573],[129.103108,35.7243822],[129.1030698,35.7245043],[129.1030672,35.7245141],[129.1030573,35.7246257],[129.1030573,35.7246403],[129.1030595,35.7246672],[129.1031064,35.7248487],[129.1031169,35.7249303],[129.1031171,35.7249334],[129.1031144,35.7249614],[129.103113,35.72497],[129.1031093,35.7249866],[129.1031008,35.725],[129.1031006,35.7250003],[129.103097,35.7250043],[129.1030501,35.7250563],[129.1030262,35.7250728],[129.102877,35.7251595],[129.1027604,35.7252186],[129.1027408,35.7252231],[129.1027332,35.7252245],[129.1027248,35.7252261],[129.1027072,35.7252285],[129.1026373,35.725235],[129.1025807,35.7252408],[129.1025087,35.7252565],[129.102499,35.7252597],[129.102369,35.7253215],[129.1021617,35.7254474],[129.1020987,35.7254724],[129.1018643,35.7255428],[129.1015896,35.7256139],[129.1014539,35.7256374],[129.101442,35.72564],[129.1014156,35.7256438],[129.1013917,35.7256468],[129.1013856,35.7256478],[129.101365,35.7256485],[129.1013394,35.7256483],[129.1013227,35.7256467],[129.101207,35.7256346],[129.1011932,35.725633],[129.1010734,35.7256008],[129.1009857,35.7255631],[129.1008465,35.7254756],[129.1008386,35.7254732],[129.1007175,35.7254329],[129.1006897,35.7254275],[129.1005964,35.7253955],[129.1005748,35.7253874],[129.1005588,35.7253815],[129.1005411,35.7253734],[129.10036,35.7252509],[129.1002715,35.7251666],[129.1002437,35.7251252],[129.1002063,35.725],[129.1002032,35.7249897],[129.1001643,35.724891],[129.1001216,35.7248634],[129.1000543,35.7248517],[129.1,35.7248383],[129.0998445,35.7248325],[129.0998132,35.72483],[129.0997852,35.7248266],[129.0997564,35.7248209],[129.0997399,35.7248154],[129.0997208,35.7248067],[129.0997082,35.7247984],[129.0996998,35.7247896],[129.0996936,35.7247803],[129.0996882,35.724766],[129.0996847,35.7247541],[129.0996812,35.7247377],[129.0996782,35.7247203],[129.0996737,35.7246982],[129.0996201,35.7244585],[129.0996001,35.7243424],[129.0995901,35.7243013],[129.0995568,35.724227],[129.0995464,35.7242146],[129.0995382,35.7242064],[129.0994654,35.7241738],[129.0994406,35.7241682],[129.0994234,35.7241647],[129.099402,35.7241626],[129.099368,35.7241611],[129.0992991,35.7241606],[129.0992731,35.7241612],[129.0989337,35.7241723],[129.0987667,35.7241715],[129.0987646,35.7242195],[129.0989481,35.7242261],[129.0990329,35.7242256],[129.0993371,35.7242264],[129.0993672,35.7242304],[129.0994006,35.7242387],[129.0994165,35.7242436],[129.0994234,35.7242447],[129.0994819,35.7242867],[129.0994978,35.724301],[129.0995011,35.7243034],[129.0995461,35.7243762],[129.0995505,35.7243852],[129.0995891,35.7245304],[129.0996383,35.7247696],[129.0996427,35.7247879],[129.0996705,35.7248406],[129.099684,35.7248499],[129.0996946,35.7248553],[129.0997032,35.7248597],[129.0997156,35.7248627],[129.0997341,35.7248654],[129.0999372,35.7248726],[129.0999747,35.7248742],[129.1,35.7248762],[129.1000482,35.7248783],[129.100107,35.7248885],[129.1001358,35.7249071],[129.1001713,35.724997],[129.1001722,35.725],[129.1002065,35.7251339],[129.1002206,35.7251991],[129.1002709,35.7252786],[129.1002952,35.7253083],[129.1003028,35.7253129],[129.1004238,35.7254213],[129.1004425,35.7254283],[129.1004476,35.7254306],[129.100515,35.7254397],[129.1005409,35.7254462],[129.1005512,35.7254484],[129.1005609,35.7254486],[129.1007226,35.7254687],[129.1008244,35.7255025],[129.1008273,35.7255034],[129.1009647,35.7255897],[129.1010582,35.7256299],[129.1011844,35.7256638],[129.1012018,35.7256659],[129.101318,35.725678],[129.1013371,35.7256799],[129.1013656,35.72568],[129.1013904,35.7256792],[129.1013985,35.7256778],[129.1014219,35.7256749],[129.1014503,35.7256708],[129.1014629,35.7256681],[129.1016449,35.7256366],[129.1018461,35.7256215],[129.1018715,35.7256204],[129.1018989,35.72562],[129.101952,35.7256193],[129.1019836,35.7256194],[129.1020108,35.7256181],[129.1020471,35.7256113],[129.1020617,35.7256057],[129.1020817,35.7255905],[129.1020887,35.7255838],[129.1021138,35.7255391],[129.1021174,35.7255351],[129.1021235,35.7255292],[129.1021684,35.7254827],[129.1023904,35.7253478],[129.1025159,35.7252881],[129.1025209,35.7252865],[129.1025881,35.7252718],[129.1026419,35.7252663],[129.1027126,35.7252597],[129.1027323,35.725257],[129.1027338,35.7252567],[129.1027503,35.7252536],[129.1027761,35.7252478],[129.1028984,35.7251858],[129.1030499,35.7250978],[129.1030786,35.725078],[129.1031282,35.725023],[129.1031362,35.725014],[129.1031418,35.7250003],[129.1031419,35.725],[129.1031457,35.7249743],[129.1031474,35.7249643],[129.1031503,35.724934],[129.10315,35.7249284],[129.1031392,35.7248445],[129.1030924,35.7246635],[129.1030905,35.7246395],[129.1030905,35.7246267],[129.1031001,35.7245179],[129.1031021,35.7245105],[129.1031409,35.7243864],[129.1031431,35.7243579],[129.1031419,35.7243085],[129.1031405,35.7242968],[129.1031296,35.7242947],[129.1031217,35.7242867],[129.1031162,35.7242827],[129.1031112,35.7242795],[129.1030985,35.7242724],[129.1030767,35.7242671],[129.1030526,35.7242642],[129.1030284,35.7242631],[129.1030131,35.7242633],[129.102932,35.7242982],[129.1029244,35.7243011],[129.1028576,35.7243897],[129.1028275,35.7244941],[129.1028269,35.7245065],[129.1028265,35.7245116],[129.1028305,35.72461],[129.1028376,35.7246829],[129.1028432,35.7247902],[129.1028418,35.7248088],[129.1028411,35.7248159],[129.1028153,35.7248861],[129.1028106,35.7248922],[129.1027634,35.7249246],[129.1027391,35.7249354],[129.1027303,35.7249382],[129.1027275,35.7249388],[129.1026948,35.724945],[129.1026797,35.7249454],[129.1026727,35.7249449],[129.1026617,35.7249428],[129.1026458,35.7249401],[129.1024964,35.7248977],[129.102471,35.7248923],[129.1023996,35.7248842],[129.1023878,35.7248831],[129.1023586,35.7248826],[129.1023157,35.7248833],[129.1023024,35.724885],[129.1021233,35.7249286],[129.1020968,35.7249334],[129.1020809,35.7249345],[129.1020749,35.7249343],[129.1020374,35.7249265],[129.1020315,35.7249239],[129.1020103,35.7249119],[129.1020062,35.7249095],[129.1020041,35.7249077],[129.1019536,35.7248409],[129.1018976,35.7246977],[129.1018926,35.7246886],[129.101855,35.7246507],[129.1018446,35.724644],[129.1018372,35.7246401],[129.1018258,35.7246365],[129.1017872,35.7246299],[129.101777,35.7246284],[129.1017655,35.7246281],[129.1017501,35.724629],[129.1017242,35.724632],[129.1017075,35.7246363],[129.1016814,35.7246467],[129.1016735,35.7246511],[129.1016621,35.7246582],[129.1015859,35.7247286],[129.1014764,35.724913],[129.1014613,35.7249344],[129.1014386,35.724955],[129.1014202,35.7249634],[129.1013911,35.7249705],[129.1013676,35.7249703],[129.1013251,35.724967],[129.1013102,35.7249651],[129.1012653,35.7249536],[129.1012548,35.7249499],[129.1012526,35.7249491],[129.1012231,35.724933],[129.1011793,35.7249126],[129.1011531,35.7248997],[129.1011354,35.724882],[129.1011271,35.7248647],[129.1011039,35.7247822],[129.1010847,35.7247189],[129.1010084,35.7243647],[129.1009432,35.724065],[129.1009172,35.7239425],[129.1009088,35.7239177],[129.1009063,35.7239121],[129.1009024,35.7239045],[129.1008975,35.7238972],[129.1007659,35.7237404],[129.1006986,35.7236366],[129.1006448,35.7235272],[129.100636,35.7234982],[129.1006351,35.7234943],[129.1006275,35.7234522],[129.1006272,35.723449],[129.1006275,35.7233965],[129.1006317,35.7233687],[129.1006334,35.7233614],[129.1006901,35.723235],[129.1007734,35.7230438],[129.1008269,35.7229542],[129.1008284,35.7229523],[129.100894,35.7229058],[129.1008991,35.7229036],[129.1009108,35.7228997],[129.1009332,35.7228919],[129.1010239,35.722866],[129.1010559,35.7228532],[129.1010927,35.7228207],[129.1011008,35.7228147],[129.1011091,35.7228041],[129.1011125,35.722798],[129.1012301,35.7226244],[129.1013849,35.722439],[129.101611,35.722174],[129.1016167,35.7221685],[129.1017124,35.7220962],[129.1017191,35.7220921],[129.10177,35.7220649],[129.1018255,35.7220377],[129.1019247,35.7220118],[129.101928,35.7220113],[129.1020952,35.7219977],[129.1021224,35.721993],[129.1021348,35.7219913],[129.1021498,35.7219877],[129.1022155,35.7219673],[129.1022799,35.7219334],[129.1024406,35.7218437],[129.1026609,35.7217329],[129.1026632,35.7217317],[129.1027597,35.7216837],[129.1027638,35.7216833],[129.1027752,35.721682],[129.1027902,35.7216798],[129.1028096,35.7216816],[129.1028121,35.7216826],[129.1028375,35.7217022],[129.1028378,35.721703],[129.10284,35.7217069],[129.1028473,35.7217421],[129.1028471,35.7217456],[129.1028452,35.7217567],[129.1028136,35.721818],[129.1028044,35.7218311],[129.1027047,35.721946],[129.1026682,35.721983],[129.1025659,35.722087],[129.1024163,35.7222628],[129.1023142,35.7223738],[129.1023042,35.7223867],[129.1021805,35.7224934],[129.1021692,35.7225012],[129.1019418,35.7226952],[129.1019305,35.7227061],[129.1018619,35.7227873],[129.1018552,35.7227972],[129.101833,35.7228378],[129.1018284,35.7228516],[129.1018255,35.7228665],[129.1018209,35.7230058],[129.101824,35.7230262],[129.1018243,35.723035],[129.1018717,35.7230872],[129.1018859,35.7230932],[129.1019185,35.7231074],[129.1019852,35.7231134],[129.1021325,35.7231174],[129.1021341,35.7231174],[129.1021742,35.7231215],[129.1022007,35.7231229],[129.1022162,35.723125],[129.1022589,35.7231268]]]]}},{"type":"Feature","properties":{"UFID":"100035905015A00110100000004516694"},"geometry":{"type":"MultiPolygon","coordinates":[[[[129.1053334,35.7138499],[129.1053005,35.7138115],[129.1052982,35.7138201],[129.1052945,35.713824],[129.1052925,35.7138271],[129.1052584,35.7138492],[129.1052144,35.7138758],[129.1051562,35.7139095],[129.1051614,35.7139352],[129.1051952,35.7139168],[129.1052675,35.7138798],[129.105324,35.7138498],[129.1053334,35.7138499]]]]}},{"type":"Feature","properties":{"UFID":"100035905015A00110100000004516715"},"geometry":{"type":"MultiPolygon","coordinates":[[[[129.1159728,35.7122765],[129.1158787,35.712333],[129.1158785,35.7123354],[129.1158754,35.7123379],[129.1158724,35.7123403],[129.1158293,35.7123754],[129.1157974,35.7124006],[129.1157655,35.7124325],[129.1157607,35.7124375],[129.1157822,35.7124541],[129.1157886,35.7124475],[129.1158191,35.7124169],[129.1158494,35.712393],[129.115893,35.7123626],[129.1159085,35.7123535],[129.1159672,35.7123192],[129.1159523,35.7123041],[129.1159728,35.7122765]]]]}},{"type":"Feature","properties":{"UFID":"100035905015A00110100000004516716"},"geometry":{"type":"MultiPolygon","coordinates":[[[[129.1201317,35.7133314],[129.120117,35.7133256],[129.1200643,35.7133875],[129.1199878,35.7134582],[129.119945,35.7135092],[129.1199163,35.7135493],[129.1198816,35.7136067],[129.1198436,35.7136853],[129.1198081,35.7137519],[129.1197567,35.7138169],[129.1196835,35.7139086],[129.1196136,35.714004],[129.1195416,35.7140947],[129.1194654,35.7141834],[129.1194243,35.7142197],[129.1193946,35.7142369],[129.1193329,35.7142626],[129.1192693,35.7142978],[129.1192389,35.7143207],[129.1192578,35.7143396],[129.1192953,35.7143154],[129.1193439,35.7142907],[129.1194201,35.7142612],[129.1194286,35.7142538],[129.1194717,35.7142133],[129.1195162,35.7141697],[129.1195782,35.7140861],[129.1196603,35.7139763],[129.1197427,35.7138721],[129.1198059,35.7137941],[129.1198391,35.7137475],[129.1198698,35.7136854],[129.1198997,35.71362],[129.119944,35.7135511],[129.1199801,35.7135013],[129.1200298,35.7134477],[129.1200874,35.7133857],[129.1201317,35.7133314]]]]}},{"type":"Feature","properties":{"UFID":"100035905015A00110100000004516717"},"geometry":{"type":"MultiPolygon","coordinates":[[[[129.1195097,35.7100886],[129.1195081,35.7100587],[129.1194957,35.7100629],[129.1194502,35.7100673],[129.1192864,35.7101038],[129.1192229,35.7101088],[129.1191816,35.7101055],[129.1191472,35.7100972],[129.1190365,35.7100573],[129.1188696,35.7099994],[129.1188263,35.7099764],[129.1188133,35.7099663],[129.118735,35.7099055],[129.1186305,35.7098365],[129.1185121,35.7097849],[129.1184663,35.7097621],[129.118459,35.7097537],[129.1184546,35.7097445],[129.1184516,35.7097342],[129.1184515,35.7097211],[129.1184539,35.709709],[129.1184578,35.7097001],[129.1184925,35.7096744],[129.1185366,35.7096461],[129.1185806,35.7096213],[129.1186449,35.7095965],[129.1186263,35.7095739],[129.1186115,35.7095812],[129.1185802,35.7095932],[129.1185139,35.709626],[129.1184457,35.7096708],[129.1184277,35.7096981],[129.1184238,35.709709],[129.1184207,35.7097216],[129.118419,35.709734],[129.1184189,35.709746],[129.1184216,35.7097526],[129.1184368,35.7097742],[129.1184498,35.7097853],[129.1184568,35.709791],[129.1184969,35.7098107],[129.1186143,35.7098539],[129.1187115,35.7099196],[129.1187996,35.7099879],[129.1188095,35.7099949],[129.1188529,35.7100225],[129.1190236,35.7100817],[129.119136,35.7101222],[129.1191755,35.7101317],[129.1192229,35.7101355],[129.1192924,35.71013],[129.1194563,35.7100935],[129.1195097,35.7100886]]]]}},{"type":"Feature","properties":{"UFID":"100035905015A00110100000004516718"},"geometry":{"type":"MultiPolygon","coordinates":[[[[129.1195711,35.7100863],[129.1195807,35.7100576],[129.1195081,35.7100587],[129.1195097,35.7100886],[129.1195345,35.7100863],[129.1195624,35.7100857],[129.1195711,35.7100863]]]]}},{"type":"Feature","properties":{"UFID":"100035905015A00110100000004516719"},"geometry":{"type":"MultiPolygon","coordinates":[[[[129.1195807,35.7100576],[129.1195711,35.7100863],[129.1196005,35.7100884],[129.119651,35.710095],[129.1196925,35.7101015],[129.1197231,35.7101037],[129.1197566,35.710103],[129.1198023,35.7100949],[129.1198952,35.7100793],[129.1199583,35.7100739],[129.1199549,35.7100474],[129.1198902,35.710053],[129.1197955,35.7100689],[129.1197527,35.7100765],[129.1197241,35.7100771],[129.119697,35.7100752],[129.1196567,35.7100689],[129.1196249,35.7100648],[129.1195835,35.7100587],[129.1195807,35.7100576]]]]}},{"type":"Feature","properties":{"UFID":"100035905015A00110100000004516720"},"geometry":{"type":"MultiPolygon","coordinates":[[[[129.1077954,35.7133014],[129.1077021,35.7132846],[129.1076968,35.7132989],[129.10768,35.7133523],[129.1076545,35.7134243],[129.1076516,35.7134326],[129.1077484,35.7134441],[129.1077484,35.713442],[129.1077567,35.7134146],[129.1077739,35.7133639],[129.1077954,35.7133014]]]]}},{"type":"Feature","properties":{"UFID":"100035905015A00110100000004516721"},"geometry":{"type":"MultiPolygon","coordinates":[[[[129.1084415,35.7113407],[129.1083196,35.7113508],[129.10832,35.7113565],[129.1083295,35.7114984],[129.108336,35.7116156],[129.1083365,35.711741],[129.1083318,35.7118535],[129.1083257,35.7118858],[129.108321,35.7118999],[129.1083158,35.7119173],[129.1082928,35.7119766],[129.1082429,35.712074],[129.1081747,35.7122132],[129.1081549,35.7122517],[129.1080869,35.7123905],[129.1080798,35.7124045],[129.1080204,35.7125141],[129.1079607,35.7126316],[129.1079188,35.7127184],[129.1078759,35.7128108],[129.1078342,35.7129166],[129.1077923,35.7130302],[129.1077525,35.7131258],[129.1077412,35.7131601],[129.1077362,35.7131759],[129.1077319,35.7131899],[129.1077244,35.7131991],[129.1078275,35.7132145],[129.1078656,35.7131166],[129.1079163,35.7129762],[129.1079664,35.7128534],[129.1080403,35.7126905],[129.1081222,35.7125314],[129.1081929,35.7123856],[129.1082583,35.7122507],[129.1083316,35.7121111],[129.1083775,35.7120079],[129.1084033,35.7119427],[129.1084193,35.711886],[129.1084271,35.7118263],[129.108431,35.711747],[129.1084551,35.7117264],[129.1084415,35.7113407]]]]}},{"type":"Feature","properties":{"UFID":"100035905015A00110100000004516722"},"geometry":{"type":"MultiPolygon","coordinates":[[[[129.1078275,35.7132145],[129.1077244,35.7131991],[129.1077021,35.7132846],[129.1077954,35.7133014],[129.107802,35.713282],[129.1078085,35.7132633],[129.1078206,35.713232],[129.1078275,35.7132145]]]]}},{"type":"Feature","properties":{"UFID":"100035905015A00110100000004516723"},"geometry":{"type":"MultiPolygon","coordinates":[[[[129.1077244,35.7131991],[129.1077208,35.7131997],[129.1077173,35.7131986],[129.1077123,35.7131961],[129.1076855,35.7131716],[129.1076353,35.713112],[129.1075865,35.7130323],[129.1075404,35.7129596],[129.1075034,35.712898],[129.1074807,35.7128527],[129.1074458,35.7128],[129.1074271,35.7127644],[129.1074203,35.712727],[129.1074155,35.712667],[129.1074121,35.7126003],[129.1074062,35.7125386],[129.1073895,35.7124765],[129.1073561,35.7124019],[129.1073219,35.7123391],[129.1072596,35.7122268],[129.1072273,35.7121981],[129.107153,35.7121416],[129.1070903,35.7120929],[129.1070363,35.7120449],[129.1070292,35.7120408],[129.1070173,35.7120356],[129.1070092,35.7120337],[129.1068554,35.7120113],[129.1068457,35.7120429],[129.106866,35.7120474],[129.1069164,35.7120512],[129.1069719,35.7120567],[129.107006,35.7120653],[129.1070347,35.7120887],[129.1070779,35.7121215],[129.1071248,35.7121598],[129.10717,35.7121953],[129.1072054,35.7122266],[129.1072381,35.7122615],[129.1072411,35.7122667],[129.1072714,35.7123287],[129.1073008,35.7123806],[129.1073202,35.7124173],[129.1073363,35.7124592],[129.1073507,35.7125009],[129.1073599,35.7125582],[129.1073655,35.7126299],[129.1073735,35.712697],[129.1073832,35.7127551],[129.1073943,35.7127913],[129.1074114,35.712822],[129.1074337,35.7128587],[129.1074581,35.7129022],[129.1074795,35.712939],[129.1074945,35.7129713],[129.107525,35.713035],[129.107548,35.7130839],[129.1075741,35.7131234],[129.1076079,35.7131667],[129.1076999,35.7132782],[129.1077017,35.713281],[129.1077021,35.7132846],[129.1077244,35.7131991]]]]}},{"type":"Feature","properties":{"UFID":"100035905015A00110100000004516724"},"geometry":{"type":"MultiPolygon","coordinates":[[[[129.1073709,35.7200056],[129.1072688,35.7199613],[129.107296,35.7200306],[129.1073944,35.7200745],[129.1073709,35.7200056]]]]}},{"type":"Feature","properties":{"UFID":"100035905015A00110100000004516725"},"geometry":{"type":"MultiPolygon","coordinates":[[[[129.1038972,35.7195988],[129.1038469,35.7195987],[129.1037984,35.7196526],[129.1037277,35.7197199],[129.1036701,35.7197797],[129.1036335,35.7198235],[129.1036316,35.7198293],[129.1036275,35.7198444],[129.1036275,35.7198492],[129.103627,35.719863],[129.1036269,35.7198753],[129.1036275,35.7198842],[129.1036274,35.71989],[129.1036257,35.7199092],[129.103625,35.7199169],[129.1036034,35.719956],[129.1036015,35.7199577],[129.1035921,35.7199687],[129.1035606,35.719993],[129.1035513,35.7199993],[129.103593,35.7200064],[129.103593,35.7200056],[129.1035953,35.7200033],[129.1036007,35.7199993],[129.1036173,35.7199865],[129.1036275,35.7199746],[129.1036315,35.7199709],[129.1036577,35.7199237],[129.1036588,35.7199112],[129.1036605,35.7198911],[129.1036606,35.7198837],[129.1036601,35.7198747],[129.1036602,35.7198635],[129.1036606,35.7198497],[129.1036606,35.7198475],[129.1036638,35.7198357],[129.1036643,35.7198342],[129.1036939,35.7197945],[129.1037513,35.7197346],[129.1038187,35.7196699],[129.1038972,35.7195988]]]]}},{"type":"Feature","properties":{"UFID":"100035905015A00110100000004516726"},"geometry":{"type":"MultiPolygon","coordinates":[[[[129.1039548,35.719539],[129.1038923,35.7195396],[129.1038469,35.7195987],[129.1038972,35.7195988],[129.1039548,35.719539]]]]}},{"type":"Feature","properties":{"UFID":"100035905015A00110100000004516727"},"geometry":{"type":"MultiPolygon","coordinates":[[[[129.1054851,35.719668],[129.1054251,35.7196534],[129.1054224,35.7196535],[129.1054202,35.7196521],[129.1053847,35.7196836],[129.1053701,35.7196966],[129.1054269,35.7197116],[129.1054851,35.719668]]]]}},{"type":"Feature","properties":{"UFID":"100035905015A00110100000004516728"},"geometry":{"type":"MultiPolygon","coordinates":[[[[129.1066086,35.7197466],[129.106608,35.7197454],[129.1066028,35.7197296],[129.1066029,35.7197264],[129.1066021,35.7197012],[129.1066026,35.7196955],[129.1066029,35.7196899],[129.1066024,35.719675],[129.1066021,35.7196648],[129.1066012,35.719655],[129.1065982,35.7196354],[129.106578,35.7195926],[129.1065511,35.7195603],[129.1065142,35.7195331],[129.1064826,35.7195188],[129.1064471,35.7195059],[129.1063926,35.7194962],[129.1063473,35.7194932],[129.1063202,35.7194941],[129.1062778,35.7194958],[129.1062363,35.7194982],[129.1062186,35.7195004],[129.1061747,35.7195069],[129.1060897,35.7195209],[129.1059938,35.7195366],[129.1059393,35.7195462],[129.1058258,35.7195674],[129.1056963,35.7195953],[129.105633,35.7196127],[129.1055531,35.7196433],[129.1054878,35.7196697],[129.1054851,35.719668],[129.1054269,35.7197116],[129.1054781,35.7197054],[129.1054872,35.7197078],[129.1055019,35.719705],[129.1055072,35.7197025],[129.1055664,35.7196706],[129.1056257,35.7196455],[129.1057055,35.7196222],[129.1058252,35.7195954],[129.1059399,35.719576],[129.105985,35.7195679],[129.1060815,35.7195511],[129.1061807,35.7195369],[129.1062617,35.71953],[129.1062768,35.7195288],[129.1063321,35.7195279],[129.1063425,35.7195279],[129.1063602,35.719529],[129.1064198,35.7195339],[129.1064234,35.7195343],[129.1064763,35.7195476],[129.1065111,35.719571],[129.1065381,35.7196083],[129.106555,35.7196442],[129.1065572,35.7196586],[129.1065579,35.7196666],[129.1065582,35.7196759],[129.1065587,35.7196895],[129.1065584,35.7196935],[129.1065579,35.7197006],[129.1065587,35.7197266],[129.1065585,35.7197341],[129.106563,35.7197475],[129.1066086,35.7197466]]]]}},{"type":"Feature","properties":{"UFID":"100035905015A00110100000004516729"},"geometry":{"type":"MultiPolygon","coordinates":[[[[129.1053023,35.7197875],[129.1052654,35.7197965],[129.1052893,35.7198299],[129.1053162,35.7198733],[129.1053249,35.7198957],[129.1053265,35.7199023],[129.105327,35.7199193],[129.105327,35.7199212],[129.1053269,35.7199225],[129.1053241,35.719932],[129.1053238,35.7199325],[129.1053029,35.7199556],[129.105225,35.7200251],[129.1051352,35.7200971],[129.1050799,35.7201539],[129.1050767,35.7201571],[129.1050715,35.7201632],[129.1050523,35.7201912],[129.1049781,35.7202911],[129.1049757,35.7202933],[129.104975,35.7202939],[129.1049743,35.7202942],[129.1050007,35.7203148],[129.1050007,35.7203138],[129.1050008,35.7203129],[129.1050033,35.7203093],[129.105081,35.7202048],[129.1050997,35.7201775],[129.1051032,35.7201734],[129.1051057,35.7201709],[129.1051599,35.7201152],[129.1052489,35.7200439],[129.1053285,35.7199729],[129.1053531,35.7199457],[129.1053558,35.7199401],[129.1053597,35.7199268],[129.1053601,35.7199225],[129.1053602,35.7199191],[129.1053595,35.7198994],[129.1053572,35.7198891],[129.105347,35.719863],[129.105319,35.7198178],[129.1053023,35.7197875]]]]}},{"type":"Feature","properties":{"UFID":"100035905015A00110100000004516730"},"geometry":{"type":"MultiPolygon","coordinates":[[[[129.1084708,35.7082613],[129.1083757,35.7082603],[129.1083754,35.7082863],[129.1083749,35.7083359],[129.1083781,35.7083805],[129.1083789,35.7083923],[129.1083904,35.7084456],[129.1083906,35.7084462],[129.1084038,35.7084943],[129.108423,35.7085442],[129.1084395,35.7085871],[129.1084808,35.7086893],[129.108496,35.7087269],[129.1085424,35.7088453],[129.1085894,35.7089619],[129.1086925,35.7089896],[129.1087037,35.7089926],[129.1087108,35.7089946],[129.1086727,35.7089192],[129.1086443,35.7088537],[129.1086418,35.7088479],[129.1085938,35.7087249],[129.1085386,35.7085897],[129.1085036,35.7084985],[129.1084822,35.708433],[129.108474,35.7083695],[129.1084711,35.708269],[129.1084708,35.7082613]]]]}},{"type":"Feature","properties":{"UFID":"100035905015A00110100000004516731"},"geometry":{"type":"MultiPolygon","coordinates":[[[[129.1087377,35.7090712],[129.1087346,35.7090717],[129.1086323,35.7090879],[129.1086742,35.7091987],[129.1087075,35.7092972],[129.1087092,35.7093023],[129.1087107,35.7093092],[129.1087177,35.7093428],[129.1087223,35.7093845],[129.1087202,35.7094303],[129.1087115,35.7094753],[129.1087102,35.7094819],[129.1087064,35.709493],[129.1086891,35.7095432],[129.1086644,35.7096049],[129.1086209,35.7096878],[129.1085732,35.7097727],[129.1085172,35.709879],[129.1084671,35.7099645],[129.1084178,35.7100521],[129.1083621,35.7101471],[129.1083317,35.7102074],[129.108297,35.7102765],[129.1082735,35.7103293],[129.1082626,35.7103778],[129.1082613,35.7104232],[129.108263,35.7104697],[129.1082641,35.7104989],[129.1082743,35.7106137],[129.108277,35.7106744],[129.1082796,35.7107158],[129.1082879,35.7107194],[129.1083753,35.7107576],[129.1083699,35.7106722],[129.1083634,35.7105304],[129.1083614,35.710451],[129.1083695,35.7103755],[129.1084049,35.7102776],[129.108406,35.7102745],[129.108484,35.7101232],[129.1085931,35.7099383],[129.108606,35.7099164],[129.1086346,35.709864],[129.1086945,35.7097544],[129.108761,35.7096389],[129.1087921,35.709575],[129.1088134,35.7095174],[129.1088249,35.7094508],[129.1088252,35.7094463],[129.1088275,35.7094133],[129.1088275,35.7093999],[129.1088275,35.7093962],[129.1088269,35.7093792],[129.1088255,35.7093625],[129.108825,35.7093564],[129.1088223,35.7093393],[129.1088166,35.7093036],[129.108802,35.7092579],[129.1087927,35.7092291],[129.1087808,35.7091935],[129.1087631,35.7091406],[129.1087377,35.7090712]]]]}},{"type":"Feature","properties":{"UFID":"100035905015A00110100000004516732"},"geometry":{"type":"MultiPolygon","coordinates":[[[[129.1087377,35.7090712],[129.1087108,35.7089946],[129.1087037,35.7089926],[129.1086925,35.7089896],[129.1085894,35.7089619],[129.1086071,35.709014],[129.1086323,35.7090879],[129.1087346,35.7090717],[129.1087377,35.7090712]]]]}},{"type":"Feature","properties":{"UFID":"100035905015A00110100000004516733"},"geometry":{"type":"MultiPolygon","coordinates":[[[[129.1087108,35.7089946],[129.1087377,35.7090712],[129.1087394,35.7090696],[129.1087436,35.7090679],[129.1089089,35.7091285],[129.109013,35.7091645],[129.1090905,35.7091822],[129.1091399,35.7091861],[129.109172,35.7091856],[129.1091829,35.7091844],[129.1092223,35.7091781],[129.1092789,35.7091609],[129.1093378,35.7091426],[129.10939,35.7091214],[129.1094469,35.7090854],[129.1094863,35.7090564],[129.1095621,35.7089873],[129.1095119,35.7089583],[129.1094328,35.7090299],[129.1093525,35.7090842],[129.1092564,35.7091212],[129.109205,35.7091333],[129.10917,35.70914],[129.1091273,35.7091406],[129.1091119,35.7091404],[129.1090816,35.7091367],[129.1090113,35.7091208],[129.108761,35.709025],[129.1087322,35.7090118],[129.1087108,35.7089946]]]]}},{"type":"Feature","properties":{"UFID":"100035905015A00110100000004516734"},"geometry":{"type":"MultiPolygon","coordinates":[[[[129.1181162,35.7106432],[129.1180655,35.7106787],[129.1180744,35.7106768],[129.1180826,35.7106764],[129.118093,35.7106757],[129.1181184,35.7106738],[129.1181569,35.710671],[129.118228,35.7106556],[129.1182603,35.7106398],[129.1183714,35.7105408],[129.1183399,35.7105208],[129.1182214,35.7106207],[129.1181859,35.710639],[129.1181438,35.7106464],[129.1181324,35.7106467],[129.1181183,35.7106456],[129.1181162,35.7106432]]]]}},{"type":"Feature","properties":{"UFID":"100035905015A00110100000004516735"},"geometry":{"type":"MultiPolygon","coordinates":[[[[129.1181067,35.7105015],[129.1180989,35.7104533],[129.1180953,35.7104601],[129.1180911,35.7104641],[129.1180873,35.710467],[129.1180737,35.7104715],[129.118046,35.7104728],[129.1180109,35.7104662],[129.1179299,35.7104378],[129.1178576,35.7104094],[129.1178286,35.7104471],[129.117935,35.7104876],[129.11798,35.710511],[129.1179926,35.7105142],[129.1180053,35.7105168],[129.1180183,35.7105164],[129.11805,35.7105119],[129.1180895,35.7105015],[129.1180992,35.7105007],[129.1181067,35.7105015]]]]}},{"type":"Feature","properties":{"UFID":"100035905015A00110100000004516736"},"geometry":{"type":"MultiPolygon","coordinates":[[[[129.1223331,35.7114584],[129.1222612,35.7114685],[129.1223286,35.711494],[129.1223642,35.7115075],[129.1223662,35.7115092],[129.1223665,35.7115118],[129.1223665,35.7115142],[129.1223645,35.7115176],[129.1223569,35.7115234],[129.1223526,35.7115264],[129.1223582,35.7115518],[129.1223638,35.7115735],[129.1223634,35.7115867],[129.1223615,35.711591],[129.1223598,35.7115954],[129.1223568,35.7116013],[129.1223539,35.7116053],[129.1223145,35.7116321],[129.1222622,35.7116606],[129.1221999,35.7116957],[129.1222258,35.7117181],[129.1223201,35.7116586],[129.1223679,35.7116261],[129.1223909,35.711598],[129.1224002,35.7115766],[129.1224057,35.7115458],[129.1224083,35.711537],[129.1224274,35.7115004],[129.122428,35.7114977],[129.122428,35.7114965],[129.1223988,35.7114793],[129.1223919,35.7114766],[129.1223645,35.7114689],[129.1223331,35.7114584]]]]}},{"type":"Feature","properties":{"UFID":"100035905015A00110100000004516737"},"geometry":{"type":"MultiPolygon","coordinates":[[[[129.1211664,35.711829],[129.1211505,35.7118109],[129.1211498,35.7118064],[129.1211502,35.7117984],[129.1211563,35.711767],[129.1211697,35.7117045],[129.1211861,35.7116377],[129.1212054,35.7115748],[129.1212217,35.7115169],[129.1212324,35.7114723],[129.1212452,35.7114164],[129.1212494,35.7113833],[129.1212529,35.7113322],[129.121248,35.7112801],[129.1212481,35.7112743],[129.1212495,35.7112652],[129.121262,35.7112416],[129.1212644,35.7112353],[129.1212645,35.7112334],[129.121264,35.711231],[129.1212617,35.7112287],[129.1212576,35.7112259],[129.1212331,35.7112122],[129.1212259,35.7112119],[129.1212225,35.7112122],[129.1212181,35.7112133],[129.1211915,35.7112322],[129.1211519,35.7112638],[129.1211807,35.7112771],[129.121197,35.7112565],[129.1212005,35.711255],[129.121203,35.7112551],[129.1212066,35.7112558],[129.1212087,35.7112572],[129.121212,35.7112612],[129.1212155,35.7112925],[129.1212147,35.7113478],[129.1212118,35.7114037],[129.1211968,35.7114614],[129.1211702,35.7115364],[129.1211472,35.711614],[129.121126,35.7116854],[129.1211057,35.7117846],[129.1210959,35.7118323],[129.121096,35.711837],[129.1210985,35.711844],[129.1211014,35.7118484],[129.1211256,35.7118565],[129.1211666,35.711861],[129.121165,35.7118425],[129.1211664,35.711829]]]]}},{"type":"Feature","properties":{"UFID":"100035905015A00110100000004516738"},"geometry":{"type":"MultiPolygon","coordinates":[[[[129.1080582,35.7103719],[129.1080304,35.7103671],[129.1080252,35.7103765],[129.1080097,35.7104047],[129.1080427,35.7104193],[129.1080865,35.7104387],[129.1080813,35.7104283],[129.1080582,35.7103719]]]]}},{"type":"Feature","properties":{"UFID":"100035905015A00110100000004516739"},"geometry":{"type":"MultiPolygon","coordinates":[[[[129.1080304,35.7103671],[129.1080582,35.7103719],[129.108047,35.7103444],[129.1080297,35.7103043],[129.1079962,35.710236],[129.1079646,35.7101946],[129.1079358,35.7101762],[129.1079012,35.7101622],[129.1079353,35.7102102],[129.1079429,35.7102209],[129.1079932,35.7103012],[129.1080013,35.7103141],[129.10803,35.7103566],[129.1080318,35.7103638],[129.1080317,35.710366],[129.1080304,35.7103671]]]]}},{"type":"Feature","properties":{"UFID":"100035905015A00110100000004516740"},"geometry":{"type":"MultiPolygon","coordinates":[[[[129.1080304,35.7103671],[129.1080236,35.7103659],[129.1080201,35.7103641],[129.1080161,35.7103621],[129.1079675,35.7103221],[129.1079204,35.7102759],[129.1078846,35.7102325],[129.1078506,35.7101848],[129.1078453,35.7101765],[129.1078447,35.7101733],[129.1078451,35.7101712],[129.1078454,35.7101695],[129.1078711,35.7101508],[129.1078586,35.7101465],[129.1077842,35.7101211],[129.1076986,35.7100841],[129.107588,35.7100436],[129.1075218,35.7100243],[129.1074635,35.7100097],[129.1073929,35.709984],[129.1073078,35.7099453],[129.1071976,35.7098878],[129.1071864,35.7098806],[129.1071823,35.7098751],[129.1071785,35.7098664],[129.1071763,35.7098628],[129.1071329,35.7097902],[129.1071043,35.709741],[129.1070921,35.7096228],[129.1070928,35.7096169],[129.1070584,35.7096154],[129.1070589,35.7096176],[129.1070588,35.7096226],[129.1070718,35.7097481],[129.107103,35.7098019],[129.1071465,35.7098747],[129.107148,35.7098771],[129.1071518,35.7098858],[129.1071575,35.7098961],[129.1071607,35.7098992],[129.1071698,35.7099052],[129.1071794,35.7099104],[129.1072908,35.7099685],[129.107378,35.7100082],[129.1074519,35.7100351],[129.1075114,35.7100499],[129.1075756,35.7100687],[129.1076841,35.7101084],[129.10777,35.7101455],[129.1077832,35.71015],[129.1077898,35.7101552],[129.1077923,35.7101596],[129.1078601,35.710259],[129.1079156,35.7103296],[129.1079201,35.7103357],[129.1079223,35.7103402],[129.1079562,35.7103649],[129.1079887,35.7103849],[129.1079977,35.7103913],[129.1080003,35.7103938],[129.1080097,35.7104047],[129.1080252,35.7103765],[129.1080304,35.7103671]]]]}},{"type":"Feature","properties":{"UFID":"100035905015A00110100000004516741"},"geometry":{"type":"MultiPolygon","coordinates":[[[[129.1082796,35.7107158],[129.1082778,35.7107183],[129.1082747,35.7107183],[129.1082673,35.7107183],[129.1082584,35.7107089],[129.1082474,35.7106993],[129.1082342,35.7106882],[129.1081856,35.7106221],[129.1081733,35.7106012],[129.1081382,35.7105439],[129.1080865,35.7104387],[129.1080427,35.7104193],[129.1080097,35.7104047],[129.1080567,35.7104874],[129.1080907,35.7105418],[129.1081383,35.7106046],[129.1081435,35.7106131],[129.1081564,35.7106349],[129.1082078,35.7107048],[129.1082234,35.710718],[129.1082687,35.7107575],[129.1082771,35.7107702],[129.1082796,35.7107158]]]]}},{"type":"Feature","properties":{"UFID":"100035905015A00110100000004516742"},"geometry":{"type":"MultiPolygon","coordinates":[[[[129.1174922,35.7124637],[129.117474,35.7124399],[129.1174648,35.7124278],[129.1174454,35.7124436],[129.1174276,35.7124511],[129.1174224,35.7124532],[129.117411,35.7124563],[129.1174048,35.7124573],[129.1173877,35.7124597],[129.117397,35.7124848],[129.1174147,35.7124808],[129.1174922,35.7124637]]]]}},{"type":"Feature","properties":{"UFID":"100035905015A00110100000004516743"},"geometry":{"type":"MultiPolygon","coordinates":[[[[129.117397,35.7124848],[129.1173877,35.7124597],[129.1173522,35.7124647],[129.117275,35.7124806],[129.1172396,35.7124933],[129.1172246,35.712499],[129.1172457,35.7125148],[129.1172736,35.7125076],[129.1173198,35.7124933],[129.1173735,35.7124813],[129.1173829,35.7124811],[129.1173885,35.7124818],[129.117397,35.7124848]]]]}},{"type":"Feature","properties":{"UFID":"100035905015A00110100000004516744"},"geometry":{"type":"MultiPolygon","coordinates":[[[[129.1174922,35.7124637],[129.1174147,35.7124808],[129.117397,35.7124848],[129.1174042,35.712489],[129.1174172,35.7124966],[129.1174545,35.7125257],[129.1174611,35.7125309],[129.1175014,35.712503],[129.1174888,35.7124812],[129.1174888,35.7124768],[129.1174889,35.7124717],[129.1174898,35.712468],[129.1174912,35.7124643],[129.1174922,35.7124637]]]]}},{"type":"Feature","properties":{"UFID":"100035905015A00110100000004516745"},"geometry":{"type":"MultiPolygon","coordinates":[[[[129.1176314,35.7122756],[129.1175894,35.7122738],[129.1175897,35.712275],[129.1175889,35.7122762],[129.1175873,35.7122809],[129.1175798,35.712291],[129.1175769,35.7122945],[129.1175476,35.7123295],[129.117541,35.7123398],[129.1175327,35.712353],[129.1175133,35.7123836],[129.1174778,35.7124172],[129.1174648,35.7124278],[129.117474,35.7124399],[129.1174922,35.7124637],[129.1175283,35.7124317],[129.1175316,35.7124268],[129.1175436,35.7124062],[129.1175652,35.7123592],[129.117592,35.7123247],[129.1176077,35.7123055],[129.1176269,35.7122797],[129.1176301,35.7122769],[129.1176314,35.7122756]]]]}},{"type":"Feature","properties":{"UFID":"100035905015A00110100000004516746"},"geometry":{"type":"MultiPolygon","coordinates":[[[[129.119011,35.7119698],[129.1190082,35.7119718],[129.1190042,35.7119731],[129.1190004,35.7119741],[129.1189946,35.7119743],[129.1189913,35.711974],[129.1189823,35.7119725],[129.118886,35.711915],[129.1188572,35.7118881],[129.1188529,35.7118808],[129.1188507,35.7118729],[129.1188503,35.7118672],[129.118852,35.7118568],[129.1188558,35.7118544],[129.1188815,35.7118395],[129.118884,35.7118367],[129.1188907,35.7118166],[129.1188993,35.7117587],[129.1189025,35.7117251],[129.1189015,35.7117005],[129.1188937,35.7116783],[129.1188532,35.7116042],[129.1188313,35.7115478],[129.11883,35.7115418],[129.118829,35.7115244],[129.1188292,35.7115127],[129.1188325,35.7114601],[129.1188344,35.7114399],[129.1188076,35.7114378],[129.1188016,35.7115231],[129.1188018,35.7115504],[129.1188133,35.7115798],[129.118837,35.711632],[129.1188622,35.7116821],[129.1188672,35.7116957],[129.1188702,35.7117055],[129.11887,35.7117093],[129.1188693,35.7117405],[129.1188586,35.7118013],[129.1188566,35.7118143],[129.1188553,35.7118164],[129.1188536,35.7118176],[129.1188494,35.7118184],[129.1188331,35.7118248],[129.118819,35.7118384],[129.1188076,35.7118603],[129.1188019,35.7118865],[129.118792,35.7119205],[129.1187929,35.7119225],[129.1187959,35.7119236],[129.1188752,35.7119527],[129.1189569,35.7119875],[129.1189671,35.7119935],[129.1189718,35.7119992],[129.1190041,35.7120421],[129.119011,35.7119698]]]]}},{"type":"Feature","properties":{"UFID":"100035905015A00110100000004516747"},"geometry":{"type":"MultiPolygon","coordinates":[[[[129.1191543,35.7120832],[129.1191012,35.7121331],[129.1191338,35.7121394],[129.1191611,35.7121586],[129.119186,35.712191],[129.1192005,35.7122248],[129.1192142,35.7122636],[129.1192319,35.7123301],[129.1192492,35.712392],[129.1192696,35.7124646],[129.119271,35.7124695],[129.1192744,35.7124848],[129.1192757,35.7125394],[129.1192694,35.7126165],[129.1192754,35.7127434],[129.1192784,35.7127655],[129.1192878,35.7127932],[129.1192943,35.7128065],[129.1192943,35.7128111],[129.1192921,35.7128181],[129.1192861,35.7128354],[129.1192825,35.7128955],[129.1192932,35.7129514],[129.119323,35.712946],[129.1193158,35.7128958],[129.119317,35.7128649],[129.1193225,35.712814],[129.1193254,35.7127696],[129.1193236,35.7126937],[129.1193177,35.7126057],[129.1193164,35.7125129],[129.1193152,35.7124835],[129.1193133,35.7124743],[129.1193047,35.7124403],[129.1192818,35.7123644],[129.119272,35.712333],[129.1192655,35.7122699],[129.1192513,35.7122346],[129.1192322,35.7121926],[129.1192136,35.7121531],[129.1191901,35.7121245],[129.1191618,35.7121004],[129.1191588,35.7120966],[129.1191543,35.7120832]]]]}},{"type":"Feature","properties":{"UFID":"100035905015A00110100000004516748"},"geometry":{"type":"MultiPolygon","coordinates":[[[[129.1053966,35.7138265],[129.1053668,35.7137904],[129.1053005,35.7138115],[129.1053334,35.7138499],[129.1053966,35.7138265]]]]}},{"type":"Feature","properties":{"UFID":"100035905015A00110100000004516749"},"geometry":{"type":"MultiPolygon","coordinates":[[[[129.1181162,35.7106432],[129.1181054,35.7106393],[129.1180733,35.7106276],[129.1180317,35.7106125],[129.1179806,35.710667],[129.1180228,35.7106728],[129.1180597,35.7106779],[129.1180655,35.7106787],[129.1181162,35.7106432]]]]}},{"type":"Feature","properties":{"UFID":"100035905015A00110100000004516750"},"geometry":{"type":"MultiPolygon","coordinates":[[[[129.1180655,35.7106787],[129.1180597,35.7106779],[129.1180228,35.7106728],[129.1179806,35.710667],[129.1179764,35.7106715],[129.1179288,35.7107181],[129.1179005,35.7107468],[129.11789,35.7107609],[129.1178482,35.7108368],[129.1178104,35.7109004],[129.1177564,35.7109943],[129.1177,35.711088],[129.1176698,35.7111324],[129.1176486,35.7111976],[129.1176375,35.7112902],[129.1176256,35.7113477],[129.1176077,35.7113838],[129.1175847,35.7114238],[129.1175198,35.7115053],[129.1174963,35.7115519],[129.1174875,35.7115873],[129.1174821,35.7116411],[129.1174792,35.7116727],[129.1174781,35.7116755],[129.117497,35.7116821],[129.1175074,35.7116518],[129.1175235,35.7115757],[129.1175377,35.7115352],[129.1175631,35.7114906],[129.1176012,35.7114439],[129.1176291,35.7114102],[129.1176528,35.7113599],[129.1176673,35.7112865],[129.1176833,35.7111945],[129.1176986,35.7111469],[129.1177368,35.7110798],[129.1177862,35.7109992],[129.1178597,35.7108776],[129.1179005,35.710808],[129.1179339,35.7107633],[129.1179488,35.7107468],[129.117979,35.7107216],[129.1179805,35.7107204],[129.1180301,35.7106942],[129.1180319,35.7106934],[129.1180525,35.7106837],[129.1180532,35.7106834],[129.1180655,35.7106787]]]]}},{"type":"Feature","properties":{"UFID":"100035905015A00110100000004516751"},"geometry":{"type":"MultiPolygon","coordinates":[[[[129.1181601,35.710498],[129.1181486,35.7104988],[129.1181088,35.7105014],[129.1181067,35.7105015],[129.1181088,35.7105031],[129.118109,35.7105066],[129.1181065,35.7105214],[129.1180937,35.7105374],[129.1180357,35.7106083],[129.1180317,35.7106125],[129.1180733,35.7106276],[129.1181054,35.7106393],[129.1181162,35.7106432],[129.1181172,35.7106395],[129.1181215,35.710636],[129.1181327,35.7106279],[129.1181499,35.710607],[129.1181618,35.7105612],[129.1181617,35.7105461],[129.1181617,35.7105238],[129.1181601,35.710498]]]]}},{"type":"Feature","properties":{"UFID":"100035905015A00110100000004516752"},"geometry":{"type":"MultiPolygon","coordinates":[[[[129.1181601,35.710498],[129.1181574,35.7104533],[129.1181565,35.7104424],[129.1181443,35.7104447],[129.1181053,35.7104521],[129.1180989,35.7104533],[129.1181067,35.7105015],[129.1181088,35.7105014],[129.1181486,35.7104988],[129.1181601,35.710498]]]]}},{"type":"Feature","properties":{"UFID":"100035905015A00110100000004516753"},"geometry":{"type":"MultiPolygon","coordinates":[[[[129.1181565,35.7104424],[129.1181473,35.7103381],[129.1181361,35.7102439],[129.1181361,35.7102419],[129.1181272,35.7101795],[129.1181079,35.7101074],[129.1180908,35.710031],[129.1180772,35.7099519],[129.1180678,35.709895],[129.1180527,35.7098479],[129.1180266,35.7097964],[129.1180258,35.709792],[129.1180286,35.7097618],[129.1180452,35.7096977],[129.1180693,35.7096408],[129.1180889,35.7096051],[129.1181325,35.7095554],[129.1181755,35.7095234],[129.1182286,35.7094925],[129.1183009,35.7094638],[129.1183194,35.7094586],[129.1183381,35.7094554],[129.118379,35.7094547],[129.1184571,35.7094629],[129.118522,35.7094704],[129.118541,35.7094746],[129.1185505,35.7094768],[129.1185577,35.7094791],[129.1186252,35.7095468],[129.1186301,35.7095555],[129.1186312,35.7095615],[129.1186312,35.7095667],[129.1186301,35.7095695],[129.1186263,35.7095739],[129.118707,35.7095455],[129.1186925,35.7095456],[129.1186847,35.7095454],[129.1186771,35.7095431],[129.1186651,35.7095376],[129.1185943,35.7094592],[129.1185821,35.7094508],[129.1185324,35.7094365],[129.1184571,35.7094236],[129.1183937,35.7094217],[129.1183265,35.7094238],[129.1182559,35.7094456],[129.1181584,35.7094913],[129.1180921,35.7095416],[129.1180398,35.7096121],[129.1180059,35.7096779],[129.1180002,35.7096842],[129.1179922,35.7096858],[129.1179732,35.7096868],[129.1179226,35.7096731],[129.1179015,35.7096949],[129.1179354,35.7097232],[129.1179682,35.709761],[129.1179941,35.7098177],[129.1180208,35.7098899],[129.1180482,35.7100145],[129.1180643,35.7101134],[129.1180861,35.7101764],[129.1180937,35.7102294],[129.1181004,35.7102854],[129.1181039,35.7104257],[129.1180989,35.7104533],[129.1181053,35.7104521],[129.1181443,35.7104447],[129.1181565,35.7104424]]]]}},{"type":"Feature","properties":{"UFID":"100035905015A00110100000004516754"},"geometry":{"type":"MultiPolygon","coordinates":[[[[129.1223331,35.7114584],[129.1223074,35.7114345],[129.1222646,35.7114403],[129.122229,35.7114462],[129.1222612,35.7114685],[129.1223331,35.7114584]]]]}},{"type":"Feature","properties":{"UFID":"100035905015A00110100000004516755"},"geometry":{"type":"MultiPolygon","coordinates":[[[[129.1212101,35.7118214],[129.1212093,35.7118203],[129.1212098,35.7118188],[129.1212146,35.7118124],[129.121226,35.7117985],[129.1212968,35.7117436],[129.1213376,35.7117155],[129.1214425,35.7116439],[129.1215161,35.7115996],[129.1215195,35.7115986],[129.121597,35.7115717],[129.1217373,35.7115421],[129.1217723,35.7115355],[129.1218989,35.711518],[129.1219123,35.7115165],[129.1220129,35.7115026],[129.1220478,35.7114986],[129.1221159,35.7114913],[129.1221487,35.711487],[129.1221606,35.7114852],[129.1222612,35.7114685],[129.122229,35.7114462],[129.1221543,35.7114586],[129.122143,35.7114603],[129.1221111,35.7114646],[129.1220433,35.7114718],[129.1220078,35.7114759],[129.1219074,35.7114898],[129.121894,35.7114912],[129.1217658,35.711509],[129.1217295,35.7115158],[129.1215863,35.711546],[129.1215072,35.7115735],[129.1215002,35.7115756],[129.121422,35.7116226],[129.1213162,35.7116948],[129.1212747,35.7117234],[129.1212005,35.711781],[129.1211868,35.7117978],[129.1211668,35.711824],[129.1211664,35.711829],[129.1212101,35.7118214]]]]}},{"type":"Feature","properties":{"UFID":"100035905015A00110100000004516756"},"geometry":{"type":"MultiPolygon","coordinates":[[[[129.1191543,35.7120832],[129.1191313,35.7120635],[129.1190968,35.7120979],[129.1190782,35.7121136],[129.1191012,35.7121331],[129.1191543,35.7120832]]]]}},{"type":"Feature","properties":{"UFID":"100035905015A00110100000004516757"},"geometry":{"type":"MultiPolygon","coordinates":[[[[129.1191012,35.7121331],[129.1190782,35.7121136],[129.1190738,35.7121173],[129.1190985,35.7121354],[129.1191012,35.7121331]]]]}},{"type":"Feature","properties":{"UFID":"100035905015A00110100000004516758"},"geometry":{"type":"MultiPolygon","coordinates":[[[[129.1194883,35.7118349],[129.1195003,35.7117983],[129.119499,35.7117991],[129.119495,35.7118014],[129.1194817,35.7118048],[129.1194453,35.711824],[129.1193567,35.7118764],[129.1192769,35.7119324],[129.1191662,35.7120287],[129.1191313,35.7120635],[129.1191543,35.7120832],[129.1191911,35.7120466],[129.1192999,35.711952],[129.1193773,35.7118976],[129.119464,35.7118463],[129.1194843,35.7118356],[129.1194883,35.7118349]]]]}},{"type":"Feature","properties":{"UFID":"100035905015A00110100000004516759"},"geometry":{"type":"MultiPolygon","coordinates":[[[[129.1067723,35.7172057],[129.1067677,35.7172064],[129.1067613,35.7172059],[129.1067388,35.7171934],[129.1067062,35.7172099],[129.1067238,35.7172401],[129.1067723,35.7172057]]]]}},{"type":"Feature","properties":{"UFID":"100035905015A00110100000004516760"},"geometry":{"type":"MultiPolygon","coordinates":[[[[129.1066527,35.7171599],[129.1066385,35.7171644],[129.1066355,35.7171645],[129.1066316,35.7171645],[129.1066254,35.7171646],[129.1065805,35.7171587],[129.1065142,35.7171383],[129.1064678,35.717122],[129.1064107,35.7171077],[129.1063681,35.7171039],[129.1063277,35.7171041],[129.1062798,35.717108],[129.1062204,35.7171211],[129.1061593,35.7171374],[129.1061095,35.717148],[129.10609,35.7171555],[129.1061065,35.7171915],[129.1061545,35.7171787],[129.106246,35.7171582],[129.1063223,35.7171438],[129.1063613,35.7171393],[129.1063805,35.7171381],[129.106388,35.7171383],[129.1064063,35.7171412],[129.1064442,35.7171559],[129.1065282,35.7171816],[129.1065926,35.7171949],[129.1067062,35.7172099],[129.1067012,35.7172052],[129.1066527,35.7171599]]]]}},{"type":"Feature","properties":{"UFID":"100035905015A00110100000004516761"},"geometry":{"type":"MultiPolygon","coordinates":[[[[129.1065785,35.7166393],[129.1065402,35.7166224],[129.1065411,35.7166252],[129.1065431,35.7166424],[129.1065491,35.716654],[129.1065567,35.7166766],[129.1065701,35.7167233],[129.1065728,35.7167329],[129.1065759,35.7167428],[129.1065948,35.7168113],[129.1066126,35.7168889],[129.1066135,35.7168953],[129.1066259,35.7169619],[129.1066269,35.7169681],[129.1066368,35.7170499],[129.1066374,35.7170557],[129.1066381,35.7170601],[129.1066463,35.7171242],[129.1066469,35.7171311],[129.1066474,35.7171383],[129.1066527,35.7171599],[129.1066869,35.7171613],[129.1066804,35.7171348],[129.10668,35.7171294],[129.1066794,35.7171219],[129.106671,35.7170571],[129.1066704,35.717053],[129.1066698,35.7170474],[129.1066599,35.716965],[129.1066587,35.716958],[129.1066464,35.7168918],[129.1066454,35.7168849],[129.1066273,35.7168059],[129.1066082,35.7167365],[129.106605,35.7167265],[129.1066024,35.7167172],[129.1065889,35.7166699],[129.1065804,35.7166451],[129.1065788,35.7166419],[129.1065783,35.7166401],[129.1065785,35.7166393]]]]}},{"type":"Feature","properties":{"UFID":"100035905015A00110100000004516762"},"geometry":{"type":"MultiPolygon","coordinates":[[[[129.1067388,35.7171934],[129.1067235,35.7171849],[129.1066876,35.7171644],[129.1066869,35.7171613],[129.1066527,35.7171599],[129.1067012,35.7172052],[129.1067062,35.7172099],[129.1067388,35.7171934]]]]}},{"type":"Feature","properties":{"UFID":"100035905015A00110100000004516763"},"geometry":{"type":"MultiPolygon","coordinates":[[[[129.1087197,35.7156107],[129.1087195,35.7156093],[129.1087243,35.7155788],[129.1087346,35.7155292],[129.1087661,35.7154611],[129.1088172,35.7153404],[129.1088308,35.7152672],[129.1088314,35.7152136],[129.1088246,35.7151473],[129.1088201,35.7150827],[129.1088198,35.7150777],[129.1088203,35.7150599],[129.1088208,35.7150556],[129.1088588,35.7149094],[129.108911,35.7147305],[129.1089429,35.7146145],[129.1089669,35.7145474],[129.1090001,35.7144687],[129.1090451,35.7143778],[129.1091029,35.7142787],[129.1092055,35.7141018],[129.109262,35.7140163],[129.1093613,35.7139035],[129.1094341,35.7138395],[129.1095167,35.7137747],[129.109604,35.7137199],[129.1096894,35.7136796],[129.1097826,35.7136428],[129.1098744,35.7136059],[129.1099299,35.7135608],[129.1099887,35.713496],[129.1100644,35.7134058],[129.1101352,35.7133302],[129.1102052,35.7132762],[129.1102792,35.7132364],[129.1103467,35.7132226],[129.1104385,35.7132193],[129.1105497,35.7132124],[129.1106906,35.7132078],[129.1109307,35.713208],[129.1111382,35.7131841],[129.1113395,35.7131615],[129.1114913,35.7131529],[129.1116815,35.7131505],[129.1118595,35.7131424],[129.1119789,35.7131357],[129.1120396,35.7131272],[129.1121101,35.7131085],[129.1121821,35.7130789],[129.1122482,35.7130358],[129.1122615,35.7130183],[129.1122916,35.7129597],[129.1122668,35.7128902],[129.1122589,35.712878],[129.112219,35.7128467],[129.1121455,35.7128024],[129.1121172,35.7127857],[129.1120491,35.7127536],[129.1119867,35.7127359],[129.1118873,35.7127197],[129.1117671,35.7127037],[129.1116174,35.7126884],[129.111428,35.7126726],[129.1112265,35.7126585],[129.111139,35.7126368],[129.1111178,35.7126251],[129.1111006,35.7126002],[129.1110999,35.7125957],[129.1110999,35.7125926],[129.1111025,35.7125893],[129.1111213,35.7125766],[129.1111253,35.7125754],[129.1111283,35.7125752],[129.1111342,35.7125748],[129.1111454,35.7125746],[129.1111635,35.7125744],[129.1111715,35.7125753],[129.1112847,35.7126072],[129.1113044,35.7126102],[129.1113153,35.7126111],[129.1113905,35.7126117],[129.111439,35.7126109],[129.1115175,35.7126122],[129.111537,35.7126127],[129.1117425,35.7126424],[129.1118407,35.712653],[129.1118968,35.7126519],[129.1119774,35.7126404],[129.1121145,35.7126108],[129.1123081,35.7125634],[129.1123496,35.7125568],[129.1124439,35.7125525],[129.1125609,35.7125632],[129.1126801,35.7125873],[129.1128707,35.7126125],[129.1129429,35.712609],[129.1129569,35.7126081],[129.1131477,35.7125651],[129.1132313,35.7125414],[129.1132441,35.7125397],[129.1132793,35.712537],[129.113292,35.712537],[129.1133617,35.7125524],[129.1134125,35.7125739],[129.1134253,35.7125812],[129.1134695,35.7125977],[129.1134758,35.7125994],[129.113536,35.7126153],[129.1135432,35.7126165],[129.1136356,35.712632],[129.1137387,35.7126518],[129.1138706,35.7126742],[129.1139407,35.7126816],[129.1139495,35.7126815],[129.1139945,35.7126811],[129.1140259,35.7126796],[129.1140765,35.7126759],[129.114086,35.7126751],[129.1141497,35.7126608],[129.1141586,35.712659],[129.1142537,35.712632],[129.1142946,35.7126185],[129.1143974,35.7125856],[129.1144919,35.7125568],[129.114592,35.7125341],[129.1146967,35.7125099],[129.1147959,35.7124867],[129.1148984,35.7124625],[129.1149366,35.7124539],[129.1150112,35.712444],[129.1150433,35.7124257],[129.115092,35.7123912],[129.1151445,35.7123574],[129.1152058,35.7123268],[129.1152796,35.7123002],[129.1153709,35.7122809],[129.115454,35.7122732],[129.115474,35.7122715],[129.1154794,35.7122713],[129.1154843,35.712272],[129.1154911,35.712273],[129.1154992,35.7122743],[129.1155065,35.712276],[129.1156131,35.7123058],[129.1156943,35.7123229],[129.1157033,35.7123243],[129.115811,35.7123416],[129.1158706,35.7123324],[129.1158787,35.712333],[129.1158412,35.7122937],[129.1158355,35.7122948],[129.1157959,35.7122923],[129.1157832,35.712292],[129.1157781,35.7122923],[129.1157718,35.7122924],[129.1157557,35.7122919],[129.1157482,35.7122919],[129.1157196,35.7122892],[129.1157123,35.7122889],[129.1157083,35.7122885],[129.1157047,35.7122879],[129.1156258,35.7122712],[129.1155199,35.7122417],[129.1155095,35.7122392],[129.1154992,35.7122376],[129.1154922,35.7122365],[129.1154825,35.7122351],[129.1154694,35.7122355],[129.1154526,35.712237],[129.1153628,35.7122453],[129.1152651,35.712266],[129.1151853,35.7122947],[129.1151335,35.7123185],[129.1150858,35.7123423],[129.1150743,35.7123359],[129.1150244,35.7123646],[129.1149805,35.7123863],[129.1149424,35.7124021],[129.114895,35.7124155],[129.1147997,35.7124368],[129.1146544,35.7124706],[129.1145062,35.7125063],[129.1143227,35.7125576],[129.1142215,35.7125885],[129.1142058,35.7125915],[129.114154,35.7125994],[129.1140809,35.7126138],[129.1140187,35.7126231],[129.1139573,35.712624],[129.1138907,35.7126262],[129.1137546,35.7126069],[129.1135932,35.7125816],[129.113479,35.7125577],[129.1134008,35.7125258],[129.1133778,35.7125186],[129.1132979,35.712501],[129.1132773,35.712501],[129.1132386,35.7125039],[129.1132205,35.7125062],[129.1131345,35.7125307],[129.1129491,35.7125724],[129.1129397,35.7125731],[129.1128729,35.7125763],[129.1126889,35.7125519],[129.1125687,35.7125277],[129.1124452,35.7125164],[129.1123441,35.712521],[129.1122975,35.7125283],[129.1121025,35.7125761],[129.1119679,35.7126052],[129.1118925,35.7126159],[129.1118431,35.7126169],[129.1117493,35.7126068],[129.1115416,35.7125767],[129.1115186,35.7125761],[129.111439,35.7125748],[129.1113902,35.7125757],[129.1113178,35.7125751],[129.1113107,35.7125745],[129.1112961,35.7125723],[129.111182,35.7125402],[129.1111664,35.7125383],[129.1111445,35.7125385],[129.111132,35.7125388],[129.1111247,35.7125392],[129.1111151,35.7125399],[129.1110987,35.7125452],[129.1110688,35.7125652],[129.1110585,35.7125787],[129.1110557,35.7125876],[129.1110557,35.7125979],[129.1110577,35.7126116],[129.1110844,35.7126502],[129.1111198,35.7126697],[129.1112181,35.7126941],[129.1114238,35.7127085],[129.1116124,35.7127242],[129.1117608,35.7127394],[129.1118794,35.7127552],[129.1119751,35.7127707],[129.1120306,35.7127865],[129.1120931,35.7128159],[129.1121194,35.7128315],[129.1121905,35.7128743],[129.1122231,35.7129],[129.1122256,35.7129038],[129.1122448,35.7129575],[129.1122221,35.7130018],[129.1122147,35.7130115],[129.112158,35.7130484],[129.1120932,35.7130751],[129.1120289,35.7130921],[129.1119736,35.7130998],[129.1118567,35.7131064],[129.1116799,35.7131145],[129.1114895,35.7131169],[129.1113349,35.7131257],[129.1111321,35.7131484],[129.1109276,35.713172],[129.1106897,35.7131717],[129.1105471,35.7131764],[129.1104359,35.7131833],[129.1103403,35.7131867],[129.1102612,35.7132029],[129.1101776,35.7132479],[129.1101022,35.713306],[129.1100285,35.7133847],[129.1099527,35.7134751],[129.1098963,35.7135372],[129.1098483,35.7135761],[129.1097632,35.7136104],[129.1096686,35.7136477],[129.1095794,35.7136899],[129.1094878,35.7137474],[129.1094026,35.7138143],[129.109327,35.7138806],[129.1092245,35.7139972],[129.109166,35.7140855],[129.1090629,35.7142632],[129.1090046,35.7143633],[129.1089587,35.7144561],[129.1089247,35.7145365],[129.1089001,35.7146055],[129.1088679,35.7147224],[129.1088157,35.7149015],[129.108777,35.7150504],[129.1087762,35.715058],[129.1087756,35.7150782],[129.108776,35.7150846],[129.1087805,35.7151498],[129.1087872,35.7152149],[129.1087866,35.7152643],[129.1087741,35.7153317],[129.1087245,35.7154489],[129.1086977,35.7154769],[129.1086841,35.715522],[129.1086693,35.7156099],[129.1086652,35.7156343],[129.1087197,35.7156107]]]]}},{"type":"Feature","properties":{"UFID":"100035905015A00110100000004516764"},"geometry":{"type":"MultiPolygon","coordinates":[[[[129.1006698,35.7156482],[129.1006739,35.7156177],[129.1006534,35.7156231],[129.1006375,35.7156197],[129.1006313,35.7156492],[129.1006698,35.7156482]]]]}},{"type":"Feature","properties":{"UFID":"100035905015A00110100000004516765"},"geometry":{"type":"MultiPolygon","coordinates":[[[[129.102166,35.7234928],[129.1021321,35.723491],[129.1021279,35.7235225],[129.1021615,35.7235226],[129.1021648,35.7235025],[129.102166,35.7234928]]]]}},{"type":"Feature","properties":{"UFID":"100035905015A00110100000004516766"},"geometry":{"type":"MultiPolygon","coordinates":[[[[129.1021321,35.723491],[129.1021312,35.7234917],[129.1021301,35.7234922],[129.1021239,35.7234926],[129.102073,35.7234907],[129.1020055,35.7234828],[129.1020008,35.7235095],[129.1020699,35.7235177],[129.1021182,35.7235195],[129.1021241,35.7235204],[129.1021256,35.7235207],[129.1021269,35.7235211],[129.1021279,35.7235225],[129.1021321,35.723491]]]]}},{"type":"Feature","properties":{"UFID":"100035905015A00110100000004516767"},"geometry":{"type":"MultiPolygon","coordinates":[[[[129.1023488,35.7230922],[129.1023085,35.7230819],[129.1022589,35.7231268],[129.1022973,35.7231332],[129.10232,35.7231108],[129.1023488,35.7230922]]]]}},{"type":"Feature","properties":{"UFID":"100035905015A00110100000004516768"},"geometry":{"type":"MultiPolygon","coordinates":[[[[129.1022973,35.7231332],[129.1022589,35.7231268],[129.1022372,35.7231502],[129.1022306,35.7231586],[129.1021985,35.7232076],[129.1021595,35.7233122],[129.1021564,35.7233224],[129.1021412,35.7234244],[129.1021332,35.723489],[129.1021321,35.723491],[129.102166,35.7234928],[129.1021663,35.7234902],[129.1021741,35.7234274],[129.102189,35.7233274],[129.1021915,35.7233194],[129.1022292,35.723218],[129.1022592,35.7231723],[129.102264,35.7231661],[129.1022973,35.7231332]]]]}},{"type":"Feature","properties":{"UFID":"100035905015A00110100000004516769"},"geometry":{"type":"MultiPolygon","coordinates":[[[[129.1015948,35.7206826],[129.1016019,35.7206515],[129.1015783,35.7206575],[129.1015682,35.720657],[129.1015581,35.7206836],[129.1015948,35.7206826]]]]}},{"type":"Feature","properties":{"UFID":"100035905015A00110100000004516770"},"geometry":{"type":"MultiPolygon","coordinates":[[[[129.1015948,35.7206826],[129.1015581,35.7206836],[129.1015528,35.7206949],[129.1015474,35.7207084],[129.1015301,35.7207476],[129.1015084,35.7207937],[129.1015067,35.7207985],[129.1015001,35.7208271],[129.1014927,35.7208739],[129.1014832,35.7209297],[129.101483,35.7209366],[129.1014825,35.7209439],[129.1015156,35.7209454],[129.1015161,35.7209377],[129.1015163,35.7209318],[129.1015255,35.7208775],[129.1015329,35.7208313],[129.1015389,35.720805],[129.1015398,35.7208025],[129.1015612,35.7207571],[129.1015787,35.7207172],[129.1015841,35.720704],[129.1015927,35.7206854],[129.1015948,35.7206826]]]]}},{"type":"Feature","properties":{"UFID":"100035905015A00110100000004516771"},"geometry":{"type":"MultiPolygon","coordinates":[[[[129.1021615,35.7235226],[129.1021279,35.7235225],[129.1021276,35.7235254],[129.1021217,35.7235612],[129.1021185,35.7235702],[129.1021028,35.7236086],[129.1020926,35.7236249],[129.1020909,35.7236264],[129.1020824,35.7236333],[129.1020799,35.7236353],[129.1020032,35.7236589],[129.1018579,35.7236971],[129.1018369,35.7237045],[129.1018287,35.7237071],[129.101794,35.7237315],[129.1017602,35.7237665],[129.1017562,35.7237689],[129.1017277,35.7237909],[129.101725,35.7237922],[129.1017145,35.7237938],[129.1016914,35.7237948],[129.1016464,35.7237917],[129.1016435,35.7238186],[129.1016908,35.7238219],[129.1017184,35.7238207],[129.1017368,35.723818],[129.1017479,35.7238126],[129.1017776,35.7237897],[129.1017836,35.723786],[129.1018181,35.7237503],[129.101846,35.7237306],[129.1018494,35.7237295],[129.1018696,35.7237225],[129.1020142,35.7236844],[129.1020976,35.7236587],[129.1021054,35.7236528],[129.1021154,35.7236447],[129.1021204,35.7236399],[129.1021334,35.723619],[129.1021501,35.7235782],[129.1021542,35.7235668],[129.1021615,35.7235226]]]]}},{"type":"Feature","properties":{"UFID":"100035905015A00110100000004516772"},"geometry":{"type":"MultiPolygon","coordinates":[[[[129.108814,35.7133093],[129.1088148,35.7132801],[129.1087545,35.713264],[129.1086535,35.71325],[129.108557,35.7132389],[129.1085245,35.7132353],[129.1084581,35.7132307],[129.1084511,35.7132307],[129.1084275,35.7132322],[129.1084027,35.7132374],[129.1083301,35.7132633],[129.1082275,35.7133059],[129.1081949,35.7133164],[129.1081141,35.7133399],[129.108017,35.7133657],[129.1079868,35.7133745],[129.1079309,35.7133879],[129.1078576,35.7134079],[129.1078187,35.7134213],[129.1077887,35.7134331],[129.1077581,35.7134445],[129.107752,35.7134449],[129.1077484,35.7134441],[129.1077374,35.7134828],[129.1077387,35.7134825],[129.1077538,35.7134793],[129.107775,35.7134711],[129.1077914,35.7134621],[129.1078324,35.713446],[129.1078693,35.7134332],[129.1079409,35.7134137],[129.1079971,35.7134003],[129.1080277,35.7133913],[129.1081248,35.7133655],[129.1082066,35.7133418],[129.1082411,35.7133306],[129.1083443,35.7132878],[129.1084136,35.713263],[129.108433,35.7132589],[129.1084523,35.7132577],[129.1084567,35.7132577],[129.1085208,35.7132622],[129.1085525,35.7132657],[129.1086484,35.7132767],[129.1087466,35.7132903],[129.1088089,35.713307],[129.1088124,35.7133084],[129.108814,35.7133093]]]]}},{"type":"Feature","properties":{"UFID":"100035905015A00110100000004516773"},"geometry":{"type":"MultiPolygon","coordinates":[[[[129.1088765,35.7132904],[129.1088612,35.7132899],[129.1088463,35.7132873],[129.1088539,35.7133141],[129.1089032,35.7133152],[129.1088765,35.7132904]]]]}},{"type":"Feature","properties":{"UFID":"100035905015A00110100000004516774"},"geometry":{"type":"MultiPolygon","coordinates":[[[[129.1088539,35.7133141],[129.1088463,35.7132873],[129.1088394,35.7132861],[129.1088496,35.7133143],[129.1088506,35.7133138],[129.1088522,35.7133138],[129.1088539,35.7133141]]]]}},{"type":"Feature","properties":{"UFID":"100035905015A00110100000004516775"},"geometry":{"type":"MultiPolygon","coordinates":[[[[129.1088765,35.7132904],[129.1089032,35.7133152],[129.1089097,35.7133131],[129.10899,35.7132955],[129.1089814,35.7132694],[129.1088891,35.7132896],[129.1088765,35.7132904]]]]}},{"type":"Feature","properties":{"UFID":"100035905015A00110100000004516776"},"geometry":{"type":"MultiPolygon","coordinates":[[[[129.1088394,35.7132861],[129.1088326,35.7132849],[129.1088148,35.7132801],[129.108814,35.7133093],[129.1088496,35.7133143],[129.1088394,35.7132861]]]]}},{"type":"Feature","properties":{"UFID":"100035905015A00110100000004516777"},"geometry":{"type":"MultiPolygon","coordinates":[[[[129.1161679,35.7121876],[129.1161486,35.7121533],[129.1161408,35.7121546],[129.1161346,35.7121555],[129.1161255,35.7121582],[129.1160529,35.7121877],[129.1159878,35.7122243],[129.1159594,35.7122399],[129.1159728,35.7122765],[129.1159848,35.7122694],[129.1160127,35.712254],[129.1160754,35.7122188],[129.116143,35.7121914],[129.116146,35.7121904],[129.1161492,35.71219],[129.1161629,35.7121876],[129.1161665,35.7121871],[129.1161679,35.7121876]]]]}},{"type":"Feature","properties":{"UFID":"100035905015A00110100000004516778"},"geometry":{"type":"MultiPolygon","coordinates":[[[[129.1207431,35.7111321],[129.1207023,35.7111375],[129.1207085,35.7111415],[129.1207364,35.7111726],[129.1207509,35.7111862],[129.1207603,35.711203],[129.1207673,35.7112416],[129.1208001,35.7112377],[129.1207924,35.7111953],[129.1207791,35.7111714],[129.1207623,35.7111557],[129.120747,35.7111387],[129.1207434,35.7111347],[129.120743,35.7111333],[129.1207431,35.7111321]]]]}},{"type":"Feature","properties":{"UFID":"100035905015A00110100000004516779"},"geometry":{"type":"MultiPolygon","coordinates":[[[[129.1207431,35.7111321],[129.1207238,35.7111035],[129.1206864,35.7111182],[129.1207023,35.7111375],[129.1207431,35.7111321]]]]}},{"type":"Feature","properties":{"UFID":"100035905015A00110100000004516780"},"geometry":{"type":"MultiPolygon","coordinates":[[[[129.1207023,35.7111375],[129.1206864,35.7111182],[129.1206309,35.7111119],[129.1205217,35.7111104],[129.1204896,35.711105],[129.1204736,35.7110986],[129.1204709,35.711096],[129.12047,35.7110934],[129.1204708,35.7110911],[129.1204723,35.71109],[129.1204457,35.7110996],[129.1204503,35.7111026],[129.1204561,35.7111088],[129.1204757,35.7111186],[129.12052,35.7111277],[129.1205713,35.7111345],[129.1206283,35.7111389],[129.1206685,35.711141],[129.1206806,35.7111395],[129.1206944,35.7111377],[129.1206998,35.7111374],[129.1207023,35.7111375]]]]}},{"type":"Feature","properties":{"UFID":"100035905015A00110100000004516781"},"geometry":{"type":"MultiPolygon","coordinates":[[[[129.1210011,35.7109675],[129.1209965,35.7109092],[129.1209782,35.7109304],[129.1209617,35.7109346],[129.1209523,35.7109415],[129.120907,35.710976],[129.1208358,35.7110318],[129.1207813,35.7110805],[129.1207608,35.7110889],[129.1207238,35.7111035],[129.1207431,35.7111321],[129.1207444,35.7111311],[129.1207504,35.7111284],[129.1208147,35.7110918],[129.1208279,35.7110805],[129.1208521,35.7110585],[129.1208594,35.7110484],[129.1209066,35.7110081],[129.120933,35.7109831],[129.1209632,35.7109602],[129.1209694,35.7109586],[129.1209716,35.7109585],[129.1209772,35.7109585],[129.1209798,35.7109589],[129.1209881,35.7109605],[129.1209962,35.710964],[129.1210011,35.7109675]]]]}},{"type":"Feature","properties":{"UFID":"100035905015A00110100000004516782"},"geometry":{"type":"MultiPolygon","coordinates":[[[[129.1195274,35.7118314],[129.1195413,35.7117974],[129.1195003,35.7117983],[129.1194883,35.7118349],[129.1195274,35.7118314]]]]}},{"type":"Feature","properties":{"UFID":"100035905015A00110100000004516783"},"geometry":{"type":"MultiPolygon","coordinates":[[[[129.1195274,35.7118314],[129.1194883,35.7118349],[129.1194891,35.7118356],[129.1194892,35.7118366],[129.1194892,35.7118401],[129.1194846,35.7118596],[129.1194725,35.7118944],[129.1195044,35.7119018],[129.1195169,35.7118658],[129.119524,35.7118359],[129.1195248,35.7118333],[129.1195274,35.7118314]]]]}},{"type":"Feature","properties":{"UFID":"100035905015A00110100000004516784"},"geometry":{"type":"MultiPolygon","coordinates":[[[[129.1195413,35.7117974],[129.1195417,35.7117944],[129.119548,35.7117843],[129.1195749,35.7117408],[129.1196069,35.7116765],[129.1196778,35.7115857],[129.1197506,35.7115355],[129.1198261,35.7114911],[129.11991,35.7114454],[129.11999,35.711408],[129.1200714,35.7113695],[129.1200784,35.7113669],[129.1201347,35.711337],[129.1201477,35.7113292],[129.1202204,35.7112661],[129.1202237,35.7112616],[129.1202353,35.7112483],[129.1202387,35.7112458],[129.1202071,35.7112341],[129.1201961,35.7112467],[129.1201939,35.7112496],[129.1201256,35.7113089],[129.1201158,35.7113148],[129.1200622,35.7113432],[129.120056,35.7113456],[129.1199734,35.7113846],[129.1198926,35.7114224],[129.1198072,35.7114689],[129.1197302,35.7115142],[129.1196525,35.7115677],[129.1195773,35.711664],[129.1195447,35.7117296],[129.1195184,35.7117721],[129.1195081,35.7117886],[129.1195003,35.7117983],[129.1195413,35.7117974]]]]}},{"type":"Feature","properties":{"UFID":"100035905015A00110100000004516785"},"geometry":{"type":"MultiPolygon","coordinates":[[[[129.121236,35.7119579],[129.1211709,35.7119672],[129.1211759,35.7119737],[129.121177,35.7119774],[129.1211786,35.7119821],[129.1211794,35.7119898],[129.1211792,35.7119929],[129.1211788,35.7119971],[129.1211784,35.7120002],[129.1211636,35.7120208],[129.1211492,35.7120336],[129.121108,35.7120563],[129.1211056,35.7120569],[129.1210905,35.7120592],[129.1210836,35.7120585],[129.1210401,35.7120651],[129.1210367,35.7120657],[129.1210314,35.7120662],[129.1210007,35.7120734],[129.1209944,35.7120742],[129.1209817,35.7120772],[129.1209691,35.7120815],[129.1209489,35.7120912],[129.1209449,35.7120915],[129.1209798,35.7121072],[129.1209929,35.7121027],[129.1210016,35.7121006],[129.1210078,35.7120998],[129.121038,35.7120928],[129.1210423,35.7120923],[129.1210465,35.7120916],[129.1210846,35.7120859],[129.1210917,35.7120866],[129.121113,35.7120832],[129.1211219,35.7120813],[129.121171,35.7120542],[129.1211901,35.7120372],[129.1212282,35.7119869],[129.121234,35.7119762],[129.1212384,35.7119638],[129.121236,35.7119579]]]]}},{"type":"Feature","properties":{"UFID":"100035905015A00110100000004516786"},"geometry":{"type":"MultiPolygon","coordinates":[[[[129.1209798,35.7121072],[129.1209449,35.7120915],[129.120924,35.712123],[129.1209542,35.7121394],[129.1209629,35.7121281],[129.1209798,35.7121072]]]]}},{"type":"Feature","properties":{"UFID":"100035905015A00110100000004516787"},"geometry":{"type":"MultiPolygon","coordinates":[[[[129.1209542,35.7121394],[129.120924,35.712123],[129.120924,35.7121248],[129.1209241,35.7121265],[129.1209208,35.7121319],[129.1209168,35.712137],[129.1209095,35.7121454],[129.1209038,35.7121476],[129.1209282,35.712172],[129.1209311,35.7121672],[129.1209443,35.7121522],[129.1209542,35.7121394]]]]}},{"type":"Feature","properties":{"UFID":"100035905015A00110100000004516788"},"geometry":{"type":"MultiPolygon","coordinates":[[[[129.1206609,35.7107724],[129.1206566,35.7108078],[129.1206618,35.7108049],[129.1206957,35.7107895],[129.1207097,35.7107763],[129.1207178,35.7107634],[129.1207215,35.7107547],[129.1206902,35.7107458],[129.1206873,35.7107528],[129.120682,35.710761],[129.1206744,35.7107682],[129.1206668,35.7107717],[129.1206623,35.710773],[129.1206609,35.7107724]]]]}},{"type":"Feature","properties":{"UFID":"100035905015A00110100000004516789"},"geometry":{"type":"MultiPolygon","coordinates":[[[[129.1204723,35.71109],[129.1204704,35.7110655],[129.1204453,35.7110705],[129.1204276,35.7110727],[129.1204457,35.7110996],[129.1204723,35.71109]]]]}},{"type":"Feature","properties":{"UFID":"100035905015A00110100000004516805"},"geometry":{"type":"MultiPolygon","coordinates":[[[[129.1211807,35.7112771],[129.1211519,35.7112638],[129.1211483,35.711269],[129.1211415,35.7112798],[129.1211201,35.7113309],[129.1211125,35.7113548],[129.1211019,35.7114302],[129.1211013,35.7114734],[129.1211,35.7114766],[129.1210988,35.711479],[129.1210781,35.7114906],[129.1210734,35.7115266],[129.1210783,35.7115228],[129.1211094,35.711504],[129.1211263,35.711492],[129.121133,35.7114271],[129.1211451,35.7113602],[129.1211519,35.7113386],[129.1211721,35.7112904],[129.1211775,35.7112818],[129.1211807,35.7112771]]]]}},{"type":"Feature","properties":{"UFID":"100035905015A00110100000004516806"},"geometry":{"type":"MultiPolygon","coordinates":[[[[129.121236,35.7119579],[129.1212282,35.7119343],[129.1212266,35.7119278],[129.1211421,35.711927],[129.1211709,35.7119672],[129.121236,35.7119579]]]]}},{"type":"Feature","properties":{"UFID":"100035905015A00110100000004516807"},"geometry":{"type":"MultiPolygon","coordinates":[[[[129.1212003,35.7118552],[129.1211666,35.711861],[129.1211669,35.7118649],[129.121169,35.7118729],[129.1211653,35.7118969],[129.1211657,35.7118981],[129.1211421,35.711927],[129.1212266,35.7119278],[129.1212229,35.7119134],[129.1212214,35.7119057],[129.1212154,35.7118974],[129.1212094,35.7118928],[129.1212013,35.7118668],[129.1211999,35.7118612],[129.1211995,35.7118573],[129.1212003,35.7118552]]]]}},{"type":"Feature","properties":{"UFID":"100035905015A00110100000004516808"},"geometry":{"type":"MultiPolygon","coordinates":[[[[129.1162029,35.7121824],[129.1161679,35.7121876],[129.1161704,35.7121914],[129.1161798,35.7122084],[129.11621,35.7121972],[129.1162032,35.712185],[129.1162027,35.7121833],[129.1162028,35.7121828],[129.1162029,35.7121824]]]]}},{"type":"Feature","properties":{"UFID":"100035905015A00110100000004516809"},"geometry":{"type":"MultiPolygon","coordinates":[[[[129.1162029,35.7121824],[129.1161823,35.7121481],[129.1161591,35.7121514],[129.1161486,35.7121533],[129.1161679,35.7121876],[129.1162029,35.7121824]]]]}},{"type":"Feature","properties":{"UFID":"100035905015A00110100000004516810"},"geometry":{"type":"MultiPolygon","coordinates":[[[[129.1114656,35.7074713],[129.1114372,35.7074468],[129.1114366,35.70745],[129.1114333,35.7074555],[129.1114249,35.7074642],[129.1113918,35.7074948],[129.1113486,35.7075448],[129.111307,35.7076129],[129.1112774,35.7076941],[129.111258,35.70777],[129.1112454,35.7078219],[129.1112391,35.7078461],[129.1112368,35.7078487],[129.1111733,35.7078809],[129.1111908,35.7079039],[129.1112596,35.707869],[129.1112701,35.7078576],[129.1112779,35.7078273],[129.1112905,35.7077754],[129.1113096,35.7077007],[129.1113379,35.7076228],[129.1113771,35.7075587],[129.1114178,35.7075116],[129.1114504,35.7074815],[129.1114546,35.7074772],[129.1114599,35.7074736],[129.1114636,35.707472],[129.1114656,35.7074713]]]]}},{"type":"Feature","properties":{"UFID":"100035905015A00110100000004516811"},"geometry":{"type":"MultiPolygon","coordinates":[[[[129.1114861,35.7074471],[129.1114741,35.7074379],[129.1114587,35.7074235],[129.1114372,35.7074468],[129.1114656,35.7074713],[129.1114861,35.7074471]]]]}},{"type":"Feature","properties":{"UFID":"100035905015A00110100000004516812"},"geometry":{"type":"MultiPolygon","coordinates":[[[[129.1112152,35.7072227],[129.1111359,35.7071627],[129.1111328,35.7071607],[129.1110978,35.7071491],[129.1110825,35.7071464],[129.1110715,35.7071455],[129.111061,35.7071455],[129.111056,35.7071454],[129.1110447,35.7071459],[129.1110347,35.7071467],[129.1110192,35.7071484],[129.1109897,35.7071575],[129.1109107,35.707189],[129.1108078,35.7072295],[129.1107715,35.7072386],[129.11069,35.7072723],[129.1107146,35.7072731],[129.1107215,35.7072731],[129.1107283,35.7072726],[129.1107617,35.7072694],[129.1108199,35.7072547],[129.1109252,35.7072133],[129.1110028,35.7071823],[129.1110274,35.7071748],[129.1110385,35.7071735],[129.111047,35.7071729],[129.1110567,35.7071725],[129.1110608,35.7071725],[129.1110697,35.7071726],[129.1110772,35.7071732],[129.111088,35.7071751],[129.1111161,35.7071844],[129.1111742,35.7072214],[129.1112376,35.7072721],[129.1113555,35.7073717],[129.1114303,35.7074381],[129.1114338,35.7074413],[129.1114369,35.7074449],[129.1114372,35.7074468],[129.1114587,35.7074235],[129.111455,35.7074201],[129.1113797,35.7073532],[129.1113126,35.7072966],[129.1112152,35.7072227]]],[[[129.1093494,35.7075575],[129.1094175,35.7075378],[129.1094878,35.7075054],[129.109573,35.7074626],[129.1096093,35.7074405],[129.1096995,35.707387],[129.1097881,35.7073388],[129.1098086,35.7073303],[129.1098238,35.7073276],[129.1098595,35.7073272],[129.1099462,35.7073348],[129.1100616,35.7073469],[129.1101068,35.7073517],[129.1102114,35.7073582],[129.1102593,35.7073576],[129.1101983,35.7073303],[129.1101102,35.7073248],[129.1100658,35.7073201],[129.1099501,35.7073079],[129.109861,35.7073001],[129.1098201,35.7073007],[129.1097975,35.7073045],[129.1097713,35.7073154],[129.1096806,35.7073648],[129.1095896,35.7074188],[129.1095543,35.7074402],[129.109471,35.7074821],[129.1094037,35.7075131],[129.1093411,35.7075312],[129.1093076,35.7075356],[129.1091659,35.707542],[129.1090476,35.7075498],[129.1089474,35.7075474],[129.1089074,35.7075468],[129.1088202,35.7075397],[129.1087359,35.7075269],[129.1086532,35.7075058],[129.1085747,35.7074764],[129.1085256,35.7074562],[129.1084958,35.7074389],[129.1084891,35.7074337],[129.1084825,35.7074817],[129.1084894,35.7074808],[129.1084958,35.7074808],[129.1085317,35.707489],[129.1085603,35.7075008],[129.1086412,35.7075311],[129.1087278,35.7075532],[129.1088155,35.7075665],[129.1089054,35.7075738],[129.1089466,35.7075745],[129.1090484,35.7075769],[129.1091682,35.707569],[129.1093112,35.7075626],[129.1093494,35.7075575]]]]}},{"type":"Feature","properties":{"UFID":"100035905015A00110100000004516813"},"geometry":{"type":"MultiPolygon","coordinates":[[[[129.1115977,35.7075296],[129.1115961,35.7075298],[129.1115938,35.7075287],[129.1115887,35.7075256],[129.1115725,35.7075144],[129.1115057,35.707462],[129.1114861,35.7074471],[129.1114656,35.7074713],[129.1114712,35.7074727],[129.1114829,35.7074816],[129.1115503,35.7075345],[129.111568,35.7075468],[129.1115827,35.7075558],[129.1115977,35.7075296]]]]}},{"type":"Feature","properties":{"UFID":"100035905015A00110100000004516814"},"geometry":{"type":"MultiPolygon","coordinates":[[[[129.107099,35.7095838],[129.1070646,35.7095801],[129.1070584,35.7096154],[129.1070928,35.7096169],[129.1070939,35.7096086],[129.1070979,35.709588],[129.107099,35.7095838]]]]}},{"type":"Feature","properties":{"UFID":"100035905015A00110100000004516815"},"geometry":{"type":"MultiPolygon","coordinates":[[[[129.1070646,35.7095801],[129.1070632,35.7095809],[129.1070587,35.7095821],[129.1070498,35.7095835],[129.1070441,35.7095839],[129.107015,35.7095814],[129.1069992,35.7095787],[129.1069724,35.7095674],[129.1069598,35.7095576],[129.1069117,35.7095234],[129.1068692,35.709504],[129.1068379,35.7094937],[129.1067311,35.7094613],[129.1066023,35.7094225],[129.106588,35.709447],[129.1067196,35.7094866],[129.1068259,35.7095189],[129.1068548,35.7095284],[129.1068925,35.7095456],[129.1069375,35.7095776],[129.106953,35.7095896],[129.1069879,35.7096044],[129.1070099,35.7096082],[129.1070435,35.709611],[129.1070538,35.7096123],[129.1070562,35.7096134],[129.1070583,35.7096148],[129.1070584,35.7096154],[129.1070646,35.7095801]]]]}},{"type":"Feature","properties":{"UFID":"100035905015A00110100000004516816"},"geometry":{"type":"MultiPolygon","coordinates":[[[[129.1210592,35.7122774],[129.1210127,35.7122855],[129.121016,35.7122874],[129.1210249,35.712302],[129.1210255,35.7123065],[129.1210606,35.7123079],[129.1210592,35.7122774]]]]}},{"type":"Feature","properties":{"UFID":"100035905015A00110100000004516817"},"geometry":{"type":"MultiPolygon","coordinates":[[[[129.1210592,35.7122774],[129.1210606,35.7123079],[129.1210631,35.7123077],[129.1210702,35.7123085],[129.1210794,35.7123113],[129.1210979,35.7123247],[129.1211511,35.7123561],[129.1211705,35.7123342],[129.1211187,35.7123036],[129.1210969,35.7122878],[129.121082,35.7122832],[129.1210644,35.7122778],[129.1210592,35.7122774]]]]}},{"type":"Feature","properties":{"UFID":"100035905015A00110100000004516818"},"geometry":{"type":"MultiPolygon","coordinates":[[[[129.1210592,35.7122774],[129.1210449,35.7122712],[129.120999,35.7122438],[129.120982,35.7122337],[129.1209504,35.7122065],[129.1209384,35.7121926],[129.1209353,35.712187],[129.1209291,35.7121758],[129.1209282,35.712172],[129.1209044,35.7121987],[129.1209067,35.7122011],[129.1209095,35.7122061],[129.1209247,35.7122237],[129.12096,35.7122541],[129.1209795,35.7122656],[129.1210127,35.7122855],[129.1210592,35.7122774]]]]}},{"type":"Feature","properties":{"UFID":"100035905015A00110100000004516819"},"geometry":{"type":"MultiPolygon","coordinates":[[[[129.1210606,35.7123079],[129.1210255,35.7123065],[129.1210265,35.7123145],[129.1210349,35.7123479],[129.1210504,35.7124048],[129.1210528,35.7124367],[129.1210532,35.7124458],[129.121067,35.7125159],[129.1210695,35.7125242],[129.1210751,35.7125362],[129.1210801,35.7125428],[129.1211343,35.7125748],[129.1211443,35.7125771],[129.1211758,35.712579],[129.1211829,35.712579],[129.1211986,35.7125759],[129.1212061,35.7125738],[129.1213026,35.7125294],[129.1213675,35.7125005],[129.1214308,35.7124789],[129.1215318,35.7124476],[129.1215561,35.7124385],[129.1215635,35.7124352],[129.1216201,35.7124042],[129.1216285,35.7123985],[129.1216818,35.712351],[129.1217294,35.7123113],[129.1217949,35.7122676],[129.1218838,35.7122115],[129.1219483,35.7121817],[129.1220012,35.7121678],[129.1220452,35.7121637],[129.1220748,35.7121681],[129.1221136,35.7121834],[129.1221148,35.7121842],[129.1221489,35.7122148],[129.1221517,35.7122185],[129.1222239,35.7122982],[129.1222656,35.7123478],[129.12227,35.7123531],[129.1223158,35.7124095],[129.1223663,35.7124654],[129.1223703,35.7124687],[129.1224126,35.7125023],[129.1224175,35.7125048],[129.1225063,35.7125578],[129.1225796,35.7126143],[129.1226024,35.7125946],[129.1225276,35.712537],[129.1224362,35.7124825],[129.1224333,35.712481],[129.1223936,35.7124494],[129.1223915,35.7124477],[129.122343,35.712394],[129.1222975,35.7123379],[129.1222929,35.7123325],[129.1222509,35.7122825],[129.1221792,35.7122033],[129.1221754,35.7121984],[129.1221377,35.7121646],[129.1221316,35.7121605],[129.1220852,35.7121421],[129.1220462,35.7121364],[129.1219942,35.7121413],[129.1219349,35.7121568],[129.1218654,35.7121889],[129.1217742,35.7122465],[129.1217069,35.7122913],[129.1216577,35.7123325],[129.1216056,35.7123789],[129.1216002,35.7123825],[129.1215462,35.7124121],[129.1215412,35.7124144],[129.121519,35.7124227],[129.1214186,35.7124538],[129.1213532,35.7124761],[129.1212865,35.7125057],[129.1211925,35.7125491],[129.1211894,35.7125499],[129.121179,35.7125519],[129.121177,35.7125519],[129.12115,35.7125503],[129.1211489,35.7125501],[129.1211049,35.7125241],[129.1211012,35.7125161],[129.1210995,35.7125106],[129.1210862,35.7124432],[129.1210859,35.7124354],[129.1210833,35.712401],[129.1210673,35.7123422],[129.1210602,35.7123138],[129.1210603,35.7123094],[129.1210606,35.7123079]]]]}},{"type":"Feature","properties":{"UFID":"100035905015A00110100000004516820"},"geometry":{"type":"MultiPolygon","coordinates":[[[[129.1116437,35.7075638],[129.1116364,35.7075418],[129.1116242,35.7075326],[129.1115977,35.7075296],[129.1115827,35.7075558],[129.1116005,35.7075666],[129.1116064,35.7075713],[129.1116143,35.7075784],[129.1116437,35.7075638]]]]}},{"type":"Feature","properties":{"UFID":"100035905015A00110100000004516821"},"geometry":{"type":"MultiPolygon","coordinates":[[[[129.1116364,35.7075418],[129.1116437,35.7075638],[129.1116437,35.7075629],[129.1116504,35.7075594],[129.111657,35.7075574],[129.1116364,35.7075418]]]]}},{"type":"Feature","properties":{"UFID":"100035905015A00110100000004516822"},"geometry":{"type":"MultiPolygon","coordinates":[[[[129.1115977,35.7075296],[129.1116242,35.7075326],[129.1116025,35.7075161],[129.1116008,35.7075246],[129.1115992,35.7075287],[129.1115977,35.7075296]]]]}},{"type":"Feature","properties":{"UFID":"100035905015A00110100000004516823"},"geometry":{"type":"MultiPolygon","coordinates":[[[[129.1116437,35.7075638],[129.1116143,35.7075784],[129.1116247,35.7075878],[129.111652,35.707618],[129.1116787,35.7076019],[129.1116504,35.7075707],[129.1116468,35.7075674],[129.1116445,35.7075657],[129.1116437,35.7075638]]]]}},{"type":"Feature","properties":{"UFID":"100035905015A00110100000004516827"},"geometry":{"type":"MultiPolygon","coordinates":[[[[129.1209282,35.712172],[129.1209038,35.7121476],[129.1208807,35.7121734],[129.1208902,35.7121836],[129.1209044,35.7121987],[129.1209282,35.712172]]]]}},{"type":"Feature","properties":{"UFID":"100035905015A00110100000004516828"},"geometry":{"type":"MultiPolygon","coordinates":[[[[129.1209038,35.7121476],[129.1208995,35.7121474],[129.1208908,35.7121393],[129.1208605,35.7121248],[129.1208004,35.7120947],[129.1207807,35.7120883],[129.1207684,35.7121134],[129.1207855,35.7121189],[129.1208434,35.712148],[129.1208683,35.7121599],[129.1208807,35.7121734],[129.1209038,35.7121476]]]]}},{"type":"Feature","properties":{"UFID":"100035905015A00110100000004516829"},"geometry":{"type":"MultiPolygon","coordinates":[[[[129.1212003,35.7118552],[129.1212101,35.7118214],[129.1211664,35.711829],[129.121165,35.7118425],[129.1211666,35.711861],[129.1212003,35.7118552]]]]}},{"type":"Feature","properties":{"UFID":"100035905015A00110100000004516830"},"geometry":{"type":"MultiPolygon","coordinates":[[[[129.1212101,35.7118214],[129.1212003,35.7118552],[129.1212013,35.7118537],[129.1212079,35.7118515],[129.1212201,35.7118492],[129.1212901,35.7118235],[129.1212765,35.7117988],[129.121221,35.7118192],[129.1212129,35.7118216],[129.1212101,35.7118214]]]]}},{"type":"Feature","properties":{"UFID":"100035905015A00110100000004516831"},"geometry":{"type":"MultiPolygon","coordinates":[[[[129.1207193,35.7116121],[129.1207171,35.711611],[129.1207058,35.7116014],[129.1207022,35.7115973],[129.1206434,35.7115403],[129.1206241,35.711506],[129.1206228,35.7114994],[129.1206221,35.711489],[129.1206224,35.7114806],[129.1206299,35.7114425],[129.1206366,35.7114031],[129.1206389,35.7113878],[129.1206385,35.7113755],[129.1206376,35.7113626],[129.1206239,35.7113246],[129.1206047,35.711302],[129.12057,35.7112797],[129.1205627,35.7112752],[129.1205462,35.7112704],[129.1204689,35.7112587],[129.1203928,35.7112511],[129.1203238,35.71124],[129.1202778,35.7112279],[129.1202697,35.7112253],[129.1202679,35.7112245],[129.1202628,35.7112225],[129.1202613,35.7112215],[129.1202589,35.7112191],[129.1202387,35.7112458],[129.1202414,35.7112457],[129.1202427,35.7112457],[129.1202483,35.7112466],[129.1202556,35.7112498],[129.1202665,35.7112534],[129.1203156,35.7112662],[129.1203875,35.7112778],[129.1204638,35.7112854],[129.1205376,35.7112966],[129.1205467,35.7112992],[129.1205497,35.7113011],[129.1205803,35.7113207],[129.1205936,35.7113364],[129.1206047,35.7113673],[129.1206054,35.7113767],[129.1206057,35.7113865],[129.1206037,35.7113996],[129.1205971,35.7114385],[129.1205894,35.7114781],[129.1205889,35.7114892],[129.1205898,35.7115024],[129.1205921,35.711514],[129.1206151,35.7115549],[129.1206761,35.711614],[129.1206804,35.7116188],[129.1206969,35.7116329],[129.1207019,35.711639],[129.1207193,35.7116121]]]]}},{"type":"Feature","properties":{"UFID":"100035905015A00110100000004516832"},"geometry":{"type":"MultiPolygon","coordinates":[[[[129.1202589,35.7112191],[129.1202278,35.7112059],[129.1202267,35.7112086],[129.1202128,35.7112274],[129.1202071,35.7112341],[129.1202387,35.7112458],[129.1202589,35.7112191]]]]}},{"type":"Feature","properties":{"UFID":"100035905015A00110100000004516833"},"geometry":{"type":"MultiPolygon","coordinates":[[[[129.1202662,35.7111972],[129.1202404,35.7111747],[129.1202278,35.7112059],[129.1202589,35.7112191],[129.1202601,35.7112123],[129.1202662,35.7111972]]]]}},{"type":"Feature","properties":{"UFID":"100035905015A00110100000004516834"},"geometry":{"type":"MultiPolygon","coordinates":[[[[129.1207635,35.7116252],[129.1207193,35.7116121],[129.1207019,35.711639],[129.1207463,35.7116498],[129.1207635,35.7116252]]]]}},{"type":"Feature","properties":{"UFID":"100035905015A00110100000004516835"},"geometry":{"type":"MultiPolygon","coordinates":[[[[129.1207193,35.7116121],[129.1207635,35.7116252],[129.1207641,35.7116239],[129.120786,35.7116047],[129.1207617,35.7115863],[129.1207373,35.7116078],[129.1207262,35.7116116],[129.1207208,35.7116122],[129.1207193,35.7116121]]]]}},{"type":"Feature","properties":{"UFID":"100035905015A00110100000004516836"},"geometry":{"type":"MultiPolygon","coordinates":[[[[129.1207463,35.7116498],[129.1207019,35.711639],[129.1207063,35.7116467],[129.1207181,35.7116644],[129.1207472,35.7116515],[129.1207463,35.7116501],[129.1207463,35.7116499],[129.1207463,35.7116498]]]]}},{"type":"Feature","properties":{"UFID":"100035905015A00110100000004516838"},"geometry":{"type":"MultiPolygon","coordinates":[[[[129.1084141,35.7073165],[129.1084891,35.7074337],[129.1084866,35.7074255],[129.1084855,35.7074179],[129.108491,35.7073802],[129.108492,35.707374],[129.1084959,35.7073532],[129.1085135,35.7072946],[129.1085922,35.7070762],[129.1086715,35.7068593],[129.1087273,35.7067008],[129.1087319,35.706689],[129.108679,35.7066866],[129.1086403,35.7066685],[129.1086199,35.7067192],[129.1085679,35.706869],[129.1085095,35.7070364],[129.1084618,35.707182],[129.1084375,35.7072562],[129.1084201,35.7073081],[129.1084173,35.7073145],[129.1084141,35.7073165]]]]}},{"type":"Feature","properties":{"UFID":"100035905015A00110100000004516839"},"geometry":{"type":"MultiPolygon","coordinates":[[[[129.1084891,35.7074337],[129.1084141,35.7073165],[129.1083933,35.7073969],[129.1084825,35.7074817],[129.1084891,35.7074337]]]]}},{"type":"Feature","properties":{"UFID":"100035905015A00110100000004516840"},"geometry":{"type":"MultiPolygon","coordinates":[[[[129.1070646,35.7095801],[129.107099,35.7095838],[129.1071263,35.7094776],[129.107138,35.7093062],[129.1071049,35.7093047],[129.1070933,35.709474],[129.1070668,35.7095773],[129.1070646,35.7095801]]]]}},{"type":"Feature","properties":{"UFID":"100035905015A00110100000004516841"},"geometry":{"type":"MultiPolygon","coordinates":[[[[129.1202848,35.71118],[129.1202687,35.7111534],[129.1202404,35.7111747],[129.1202662,35.7111972],[129.1202701,35.7111874],[129.1202718,35.7111857],[129.1202742,35.7111845],[129.120278,35.7111831],[129.1202827,35.7111817],[129.1202848,35.71118]]]]}},{"type":"Feature","properties":{"UFID":"100035905015A00110100000004516842"},"geometry":{"type":"MultiPolygon","coordinates":[[[[129.1202687,35.7111534],[129.1202679,35.7111533],[129.1202672,35.7111523],[129.1202686,35.71114],[129.120226,35.7111418],[129.1202404,35.7111747],[129.1202687,35.7111534]]]]}},{"type":"Feature","properties":{"UFID":"100035905015A00110100000004516843"},"geometry":{"type":"MultiPolygon","coordinates":[[[[129.1204457,35.7110996],[129.1204276,35.7110727],[129.1203842,35.71108],[129.1203615,35.7110899],[129.1203164,35.7111155],[129.1202729,35.7111514],[129.1202701,35.7111531],[129.1202687,35.7111534],[129.1202848,35.71118],[129.1203379,35.7111363],[129.1203789,35.711113],[129.1203956,35.7111057],[129.1204347,35.7110991],[129.120439,35.7110983],[129.1204433,35.7110987],[129.1204457,35.7110996]]]]}},{"type":"Feature","properties":{"UFID":"100035905015A00110100000004516844"},"geometry":{"type":"MultiPolygon","coordinates":[[[[129.1207635,35.7116252],[129.1207463,35.7116498],[129.1207465,35.7116498],[129.1207473,35.71165],[129.1207894,35.7116617],[129.1208001,35.7116361],[129.1207671,35.7116269],[129.1207639,35.711626],[129.1207635,35.7116252]]]]}},{"type":"Feature","properties":{"UFID":"100035905015A00110100000004516847"},"geometry":{"type":"MultiPolygon","coordinates":[[[[129.1084433,35.7111668],[129.1084278,35.7108906],[129.1083832,35.7108807],[129.108379,35.7108152],[129.1082771,35.7107702],[129.1082771,35.710775],[129.108286,35.7108535],[129.1082877,35.7108633],[129.108295,35.710976],[129.1083042,35.7111171],[129.1083083,35.7111795],[129.1084433,35.7111668]]]]}},{"type":"Feature","properties":{"UFID":"100035905015A00110100000004516848"},"geometry":{"type":"MultiPolygon","coordinates":[[[[129.1083753,35.7107576],[129.1082879,35.7107194],[129.1082796,35.7107158],[129.1082771,35.7107702],[129.108379,35.7108152],[129.1083753,35.7107576]]]]}},{"type":"Feature","properties":{"UFID":"100035905015A00110100000004516849"},"geometry":{"type":"MultiPolygon","coordinates":[[[[129.1084415,35.7113407],[129.1084433,35.7111668],[129.1083083,35.7111795],[129.1083124,35.7112434],[129.1083196,35.7113508],[129.1084415,35.7113407]]]]}},{"type":"Feature","properties":{"UFID":"100035905015A00110100000004516850"},"geometry":{"type":"MultiPolygon","coordinates":[[[[129.1223581,35.7182212],[129.1223849,35.7181998],[129.1223802,35.7181993],[129.1223752,35.7181976],[129.1223578,35.7181854],[129.1223494,35.7181779],[129.1223421,35.7181725],[129.1222719,35.7181436],[129.1221844,35.7181129],[129.1220367,35.7180706],[129.121907,35.7180341],[129.1217868,35.7179979],[129.1216639,35.717969],[129.1216028,35.7179539],[129.1214633,35.7179185],[129.1213864,35.7179036],[129.1213554,35.7179022],[129.121319,35.7179027],[129.1213004,35.7179034],[129.1212674,35.7179065],[129.1211858,35.717932],[129.1211748,35.7179356],[129.1211186,35.7179687],[129.1211139,35.7179724],[129.1210414,35.7180447],[129.1209875,35.7181143],[129.1209499,35.7181911],[129.1209184,35.7182753],[129.120916,35.7182838],[129.1208891,35.718342],[129.1208858,35.718347],[129.1208475,35.7183979],[129.120846,35.7183994],[129.1207936,35.7184467],[129.1207302,35.7184855],[129.1206518,35.7185225],[129.1205613,35.7185584],[129.1205226,35.718574],[129.1204433,35.7185979],[129.12039,35.7186061],[129.1203756,35.718607],[129.1203495,35.7186101],[129.1203483,35.7186062],[129.1203162,35.7186131],[129.1203241,35.7186375],[129.1203445,35.718638],[129.1203792,35.7186339],[129.1203943,35.7186329],[129.1204522,35.718624],[129.1205358,35.7185989],[129.1205759,35.7185827],[129.1206674,35.7185464],[129.1207485,35.7185081],[129.1208161,35.7184668],[129.1208713,35.7184169],[129.1208747,35.7184135],[129.1209146,35.7183604],[129.1209194,35.7183531],[129.1209478,35.7182916],[129.1209505,35.7182823],[129.1209813,35.7182001],[129.1210172,35.7181266],[129.1210683,35.7180605],[129.1211384,35.7179907],[129.12114,35.7179894],[129.1211909,35.7179594],[129.1211978,35.7179572],[129.1212754,35.717933],[129.1213032,35.7179304],[129.12132,35.7179297],[129.1213548,35.7179293],[129.1213816,35.7179304],[129.1214545,35.7179446],[129.1215931,35.7179798],[129.1216545,35.7179949],[129.1217765,35.7180236],[129.1218958,35.7180595],[129.1220257,35.7180961],[129.1221724,35.7181381],[129.1222579,35.7181682],[129.1223232,35.718195],[129.122326,35.7181971],[129.1223346,35.7182048],[129.1223581,35.7182212]]]]}},{"type":"Feature","properties":{"UFID":"100035905015A00110100000004516851"},"geometry":{"type":"MultiPolygon","coordinates":[[[[129.1224127,35.7182224],[129.1223849,35.7181998],[129.1223581,35.7182212],[129.1223718,35.7182309],[129.1223814,35.7182422],[129.1224127,35.7182224]]]]}},{"type":"Feature","properties":{"UFID":"100035905015A00110100000004516852"},"geometry":{"type":"MultiPolygon","coordinates":[[[[129.1046178,35.7201269],[129.1045834,35.7201095],[129.1045818,35.7201414],[129.1046082,35.7201553],[129.1046178,35.7201269]]]]}},{"type":"Feature","properties":{"UFID":"100035905015A00110100000004516853"},"geometry":{"type":"MultiPolygon","coordinates":[[[[129.1045834,35.7201095],[129.1046178,35.7201269],[129.1046178,35.7201257],[129.1046182,35.7201215],[129.1046389,35.7200183],[129.1046933,35.7198986],[129.1046622,35.7198892],[129.1046067,35.7200113],[129.1045885,35.7201022],[129.1045863,35.7201082],[129.1045858,35.7201092],[129.1045834,35.7201095]]]]}},{"type":"Feature","properties":{"UFID":"100035905015A00110100000004516854"},"geometry":{"type":"MultiPolygon","coordinates":[[[[129.1045834,35.7201095],[129.1045815,35.7201093],[129.1045773,35.7201072],[129.1045734,35.7201056],[129.1045704,35.7201043],[129.1045652,35.7201031],[129.1045388,35.7200965],[129.1044914,35.720092],[129.1044213,35.7200907],[129.1044132,35.7200909],[129.104367,35.7200943],[129.1043517,35.7200957],[129.1043456,35.7200963],[129.1043294,35.7200974],[129.1043239,35.7200978],[129.1043188,35.720098],[129.1042877,35.7200985],[129.1042826,35.720098],[129.1042408,35.720096],[129.1042375,35.7200957],[129.1042251,35.7200938],[129.1042056,35.7200906],[129.1042032,35.7200902],[129.1041695,35.7200765],[129.104168,35.7200756],[129.1041647,35.7200734],[129.104162,35.7200718],[129.1041617,35.7200717],[129.1041415,35.7200537],[129.1040985,35.7200034],[129.1040547,35.7199572],[129.1040523,35.7199552],[129.1040489,35.7199516],[129.1040158,35.719933],[129.1040098,35.7199298],[129.1040037,35.7199283],[129.1039663,35.7199209],[129.1039573,35.7199195],[129.1039408,35.7199172],[129.1039272,35.719917],[129.1039106,35.7199178],[129.1039054,35.7199188],[129.1038901,35.7199204],[129.1038734,35.7199235],[129.1038362,35.7199355],[129.1037602,35.7199716],[129.1036856,35.7200092],[129.1036954,35.7200368],[129.1036962,35.7200354],[129.1036986,35.7200341],[129.1037012,35.7200331],[129.1037772,35.7199948],[129.1038507,35.7199599],[129.1038833,35.7199494],[129.1038959,35.7199471],[129.1039115,35.7199454],[129.1039156,35.7199446],[129.1039278,35.719944],[129.1039377,35.7199442],[129.1039514,35.7199461],[129.1039593,35.7199473],[129.1039952,35.7199545],[129.1039958,35.7199546],[129.1039973,35.7199555],[129.1040258,35.7199715],[129.1040273,35.7199731],[129.1040297,35.719975],[129.1040717,35.7200195],[129.1041156,35.7200707],[129.1041394,35.7200918],[129.1041425,35.7200937],[129.1041448,35.720095],[129.1041474,35.7200967],[129.1041517,35.7200995],[129.1041901,35.7201151],[129.1041941,35.7201163],[129.1041992,35.7201171],[129.1042187,35.7201204],[129.1042328,35.7201225],[129.1042381,35.720123],[129.1042796,35.7201249],[129.104286,35.7201256],[129.1043197,35.720125],[129.1043259,35.7201248],[129.1043322,35.7201244],[129.1043492,35.7201232],[129.1043556,35.7201225],[129.1043703,35.7201213],[129.104415,35.7201179],[129.1044213,35.7201178],[129.1044891,35.720119],[129.104532,35.7201231],[129.1045556,35.720129],[129.1045577,35.7201295],[129.1045583,35.7201297],[129.1045613,35.7201309],[129.1045818,35.7201414],[129.1045834,35.7201095]]]]}},{"type":"Feature","properties":{"UFID":"100035905015A00110100000004516855"},"geometry":{"type":"MultiPolygon","coordinates":[[[[129.1049743,35.7202942],[129.1049732,35.7202942],[129.1049721,35.7202937],[129.1049699,35.7202925],[129.104909,35.7202662],[129.1048295,35.7202324],[129.1047399,35.7201918],[129.1046627,35.7201521],[129.1046335,35.7201363],[129.1046209,35.7201297],[129.1046183,35.720128],[129.1046178,35.7201269],[129.1046082,35.7201553],[129.1046153,35.720159],[129.1046447,35.7201748],[129.104723,35.7202151],[129.1048138,35.7202562],[129.1048936,35.7202902],[129.104953,35.7203157],[129.1049743,35.7202942]]]]}},{"type":"Feature","properties":{"UFID":"100035905015A00110100000004516856"},"geometry":{"type":"MultiPolygon","coordinates":[[[[129.1053023,35.7197875],[129.1052781,35.7197374],[129.105278,35.719736],[129.105278,35.7197349],[129.1052783,35.7197344],[129.1052786,35.7197339],[129.1052795,35.7197331],[129.1052386,35.7197437],[129.1052395,35.7197447],[129.1052405,35.7197466],[129.1052654,35.7197965],[129.1053023,35.7197875]]]]}},{"type":"Feature","properties":{"UFID":"100035905015A00110100000004516857"},"geometry":{"type":"MultiPolygon","coordinates":[[[[129.1052386,35.7197437],[129.105227,35.7197157],[129.1052214,35.7197162],[129.1052087,35.7197182],[129.1051943,35.7197198],[129.1051576,35.7197214],[129.1051423,35.7197208],[129.1051276,35.71972],[129.1051136,35.7197183],[129.1050984,35.7197162],[129.1050813,35.7197145],[129.1050483,35.7197056],[129.1049299,35.7196763],[129.1048408,35.7196471],[129.104807,35.7196358],[129.1046946,35.7196008],[129.1045575,35.7195673],[129.1044781,35.7195478],[129.1044698,35.7195462],[129.104435,35.7195371],[129.1044053,35.7195322],[129.104398,35.7195313],[129.1043638,35.7195277],[129.1043359,35.7195256],[129.1043176,35.7195243],[129.104241,35.7195199],[129.1042294,35.7195195],[129.1042139,35.7195189],[129.1042097,35.7195185],[129.1041941,35.7195177],[129.1041903,35.7195175],[129.1041832,35.719517],[129.1041401,35.7195129],[129.1041331,35.7195123],[129.1041254,35.7195117],[129.1040729,35.7195066],[129.1040568,35.7195055],[129.1040396,35.7195044],[129.103999,35.7195039],[129.1039679,35.719505],[129.103952,35.7195051],[129.1039446,35.719507],[129.1039394,35.7195093],[129.1038923,35.7195396],[129.1039548,35.719539],[129.1039574,35.7195355],[129.1039614,35.7195332],[129.1039679,35.7195321],[129.1039995,35.719531],[129.1040381,35.7195314],[129.1040542,35.7195324],[129.1040695,35.7195335],[129.1041219,35.7195386],[129.1041298,35.7195392],[129.1041364,35.7195398],[129.1041798,35.7195439],[129.1041881,35.7195445],[129.1041923,35.7195446],[129.1042063,35.7195454],[129.1042109,35.7195459],[129.104228,35.7195465],[129.1042391,35.7195469],[129.1043149,35.7195512],[129.1043329,35.7195526],[129.1043602,35.7195545],[129.1043933,35.719558],[129.1043994,35.7195588],[129.1044266,35.7195633],[129.1044609,35.7195723],[129.1044695,35.7195739],[129.104548,35.7195932],[129.1046839,35.7196264],[129.1047948,35.7196609],[129.1048283,35.7196721],[129.1049189,35.7197018],[129.1050383,35.7197313],[129.105074,35.719741],[129.1050936,35.7197429],[129.1051083,35.719745],[129.105124,35.7197469],[129.1051404,35.7197478],[129.1051578,35.7197485],[129.1051975,35.7197468],[129.1052141,35.7197449],[129.1052262,35.719743],[129.1052344,35.7197423],[129.1052358,35.7197424],[129.1052366,35.7197425],[129.1052377,35.7197429],[129.1052386,35.7197437]]]]}},{"type":"Feature","properties":{"UFID":"100035905015A00110100000004516858"},"geometry":{"type":"MultiPolygon","coordinates":[[[[129.1052795,35.7197331],[129.1052636,35.7197078],[129.105253,35.7197127],[129.1052486,35.7197139],[129.105227,35.7197157],[129.1052386,35.7197437],[129.1052795,35.7197331]]]]}},{"type":"Feature","properties":{"UFID":"100035905015A00110100000004516859"},"geometry":{"type":"MultiPolygon","coordinates":[[[[129.1053847,35.7196836],[129.1053433,35.7196734],[129.1053278,35.7196834],[129.105296,35.7196976],[129.1052834,35.7197022],[129.1052715,35.7197063],[129.1052636,35.7197078],[129.1052795,35.7197331],[129.1052807,35.7197325],[129.1052829,35.7197317],[129.1052966,35.719727],[129.1053108,35.7197218],[129.1053462,35.719706],[129.1053686,35.7196915],[129.1053756,35.7196859],[129.1053813,35.7196836],[129.1053847,35.7196836]]]]}},{"type":"Feature","properties":{"UFID":"100035905015A00110100000004516860"},"geometry":{"type":"MultiPolygon","coordinates":[[[[129.1050007,35.7203148],[129.1049743,35.7202942],[129.104953,35.7203157],[129.1049638,35.7203216],[129.1049662,35.7203237],[129.1049704,35.7203264],[129.1049708,35.7203267],[129.1049788,35.7203401],[129.1050007,35.7203148]]]]}},{"type":"Feature","properties":{"UFID":"100035905015A00110100000004516861"},"geometry":{"type":"MultiPolygon","coordinates":[[[[129.1066086,35.7197466],[129.106563,35.7197475],[129.106566,35.7197567],[129.1065678,35.7197798],[129.1066141,35.7197798],[129.1066086,35.7197466]]]]}},{"type":"Feature","properties":{"UFID":"100035905015A00110100000004516862"},"geometry":{"type":"MultiPolygon","coordinates":[[[[129.1066086,35.7197466],[129.1066141,35.7197798],[129.1066145,35.7197794],[129.1066151,35.7197792],[129.1066163,35.7197791],[129.1067,35.7197755],[129.106708,35.719774],[129.1066995,35.7197432],[129.1066947,35.7197441],[129.1066125,35.7197476],[129.1066114,35.7197475],[129.1066098,35.7197473],[129.1066092,35.7197472],[129.1066086,35.7197466]]]]}},{"type":"Feature","properties":{"UFID":"100035905015A00110100000004516863"},"geometry":{"type":"MultiPolygon","coordinates":[[[[129.1054202,35.7196521],[129.1053835,35.7196429],[129.1053772,35.7196488],[129.1053531,35.719666],[129.1053466,35.7196712],[129.1053433,35.7196734],[129.1053847,35.7196836],[129.1054202,35.7196521]]]]}},{"type":"Feature","properties":{"UFID":"100035905015A00110100000004516864"},"geometry":{"type":"MultiPolygon","coordinates":[[[[129.1073992,35.7200903],[129.1073227,35.7200811],[129.1073264,35.720085],[129.1073283,35.7200945],[129.1074113,35.7201297],[129.1073992,35.7200903]]]]}},{"type":"Feature","properties":{"UFID":"100035905015A00110100000004516865"},"geometry":{"type":"MultiPolygon","coordinates":[[[[129.1073944,35.7200745],[129.107296,35.7200306],[129.1073227,35.7200811],[129.1073992,35.7200903],[129.1073944,35.7200745]]]]}},{"type":"Feature","properties":{"UFID":"100035905015A00110100000004516866"},"geometry":{"type":"MultiPolygon","coordinates":[[[[129.107296,35.7200306],[129.1072876,35.7200283],[129.1072556,35.720024],[129.1072402,35.7200202],[129.1072198,35.720017],[129.1072134,35.7200162],[129.1071997,35.7200144],[129.1071824,35.7200127],[129.1071686,35.720012],[129.1071573,35.7200111],[129.1071535,35.7200105],[129.1071324,35.7200092],[129.1070816,35.7200045],[129.1070632,35.7200026],[129.1070453,35.7200018],[129.1070314,35.7200012],[129.1070092,35.7199996],[129.1070035,35.7199992],[129.1069989,35.7199986],[129.1069356,35.7199912],[129.1069113,35.719987],[129.1069046,35.7199862],[129.106893,35.7199842],[129.1068885,35.7199837],[129.1068842,35.7199829],[129.1068536,35.7199759],[129.1068109,35.7199646],[129.1068093,35.7199642],[129.1067809,35.7199523],[129.1067749,35.7199504],[129.1067734,35.71995],[129.1067371,35.7199309],[129.1067194,35.7199177],[129.1066817,35.7198822],[129.1066245,35.7198123],[129.1066141,35.7197867],[129.1066137,35.7197828],[129.106614,35.7197803],[129.1066141,35.7197798],[129.1065678,35.7197798],[129.1065698,35.7197873],[129.1065705,35.7197939],[129.1065844,35.7198282],[129.1066464,35.7199041],[129.1066878,35.719943],[129.10671,35.7199595],[129.1067544,35.7199829],[129.1067603,35.7199845],[129.1067627,35.7199852],[129.1067925,35.7199977],[129.1067975,35.719999],[129.1068408,35.7200104],[129.1068731,35.7200178],[129.1068802,35.7200192],[129.1068855,35.7200198],[129.1068967,35.7200217],[129.1069033,35.7200225],[129.1069279,35.7200267],[129.1069925,35.7200343],[129.1069982,35.720035],[129.1070051,35.7200355],[129.1070284,35.7200372],[129.107043,35.7200378],[129.1070592,35.7200385],[129.1070763,35.7200402],[129.1071282,35.7200451],[129.1071479,35.7200463],[129.1071511,35.7200468],[129.107165,35.7200479],[129.1071784,35.7200486],[129.1071936,35.7200501],[129.1072062,35.7200518],[129.1072121,35.7200525],[129.1072296,35.7200553],[129.1073033,35.7200734],[129.1073173,35.7200786],[129.1073227,35.7200811],[129.107296,35.7200306]]]]}},{"type":"Feature","properties":{"UFID":"100035905015A00110100000004516867"},"geometry":{"type":"MultiPolygon","coordinates":[[[[129.1074113,35.7201297],[129.1073283,35.7200945],[129.1073354,35.7201279],[129.1073433,35.7201538],[129.1074487,35.7202048],[129.1074113,35.7201297]]]]}},{"type":"Feature","properties":{"UFID":"100035905015A00110100000004516868"},"geometry":{"type":"MultiPolygon","coordinates":[[[[129.1087402,35.721034],[129.1087179,35.7210185],[129.1086304,35.720965],[129.1085496,35.7209139],[129.1085073,35.7208878],[129.1083958,35.7208147],[129.1083283,35.7207681],[129.1082802,35.7207234],[129.1082309,35.7206713],[129.1081676,35.7206104],[129.1081028,35.7205462],[129.1080379,35.720494],[129.1079253,35.720429],[129.1078496,35.720391],[129.1077375,35.7203491],[129.1075844,35.7202577],[129.1074874,35.7201899],[129.1074405,35.7201551],[129.1074203,35.7201394],[129.1074166,35.7201361],[129.1074113,35.7201297],[129.1074487,35.7202048],[129.1074512,35.720203],[129.1074543,35.7202035],[129.1074654,35.7202101],[129.1075638,35.7202789],[129.1077206,35.7203725],[129.107834,35.7204149],[129.107907,35.7204515],[129.1080165,35.7205148],[129.1080783,35.7205644],[129.1081421,35.7206277],[129.1082052,35.7206883],[129.1082545,35.7207406],[129.108305,35.7207874],[129.1083747,35.7208356],[129.1084869,35.7209091],[129.1085294,35.7209353],[129.1086103,35.7209865],[129.1086972,35.7210396],[129.1087323,35.7210641],[129.1087368,35.7210679],[129.1087378,35.7210699],[129.1087402,35.721034]]]]}},{"type":"Feature","properties":{"UFID":"100035905015A00110100000004516869"},"geometry":{"type":"MultiPolygon","coordinates":[[[[129.1071256,35.7176926],[129.1070898,35.7176568],[129.1070389,35.7176876],[129.107025,35.7176962],[129.1070222,35.7176965],[129.1070508,35.7177402],[129.1070654,35.7177299],[129.1070753,35.7177217],[129.1071225,35.7176931],[129.1071256,35.7176926]]]]}},{"type":"Feature","properties":{"UFID":"100035905015A00110100000004516870"},"geometry":{"type":"MultiPolygon","coordinates":[[[[129.1070508,35.7177402],[129.1070222,35.7176965],[129.1069425,35.717719],[129.1069734,35.7177739],[129.1070508,35.7177402]]]]}},{"type":"Feature","properties":{"UFID":"100035905015A00110100000004516871"},"geometry":{"type":"MultiPolygon","coordinates":[[[[129.1070873,35.717808],[129.1070825,35.7178004],[129.1070645,35.7177734],[129.1070508,35.7177461],[129.1070508,35.7177433],[129.1070508,35.7177402],[129.1069734,35.7177739],[129.106979,35.7177837],[129.1070075,35.7178214],[129.107012,35.7178284],[129.107012,35.7178304],[129.1070873,35.717808]]]]}},{"type":"Feature","properties":{"UFID":"100035905015A00110100000004516872"},"geometry":{"type":"MultiPolygon","coordinates":[[[[129.1071531,35.7176741],[129.1071164,35.717639],[129.1071099,35.7176444],[129.1071019,35.717649],[129.1070974,35.7176522],[129.1070898,35.7176568],[129.1071256,35.7176926],[129.1071531,35.7176741]]]]}},{"type":"Feature","properties":{"UFID":"100035905015A00110100000004516873"},"geometry":{"type":"MultiPolygon","coordinates":[[[[129.1071531,35.7176741],[129.1071256,35.7176926],[129.107127,35.7176927],[129.1071293,35.7176945],[129.1071503,35.7177138],[129.1071751,35.7176958],[129.1071552,35.7176777],[129.1071531,35.7176741]]]]}},{"type":"Feature","properties":{"UFID":"100035905015A00110100000004516874"},"geometry":{"type":"MultiPolygon","coordinates":[[[[129.1073688,35.7146567],[129.1072742,35.7146328],[129.1072675,35.7146613],[129.1073551,35.7146826],[129.1073688,35.7146567]]]]}},{"type":"Feature","properties":{"UFID":"100035905015A00110100000004516875"},"geometry":{"type":"MultiPolygon","coordinates":[[[[129.1072742,35.7146328],[129.1072705,35.7146336],[129.107261,35.7146323],[129.1072361,35.7146284],[129.1071454,35.7145949],[129.1070295,35.7145525],[129.1069611,35.7145267],[129.106871,35.714501],[129.1067687,35.7144743],[129.1066657,35.714447],[129.1066246,35.7144293],[129.1065822,35.7143965],[129.1065665,35.7143747],[129.1065662,35.7143731],[129.1065652,35.7143616],[129.1065657,35.7143534],[129.1065771,35.7143102],[129.1065798,35.7143019],[129.1066264,35.7141807],[129.1066304,35.7141684],[129.1066429,35.714094],[129.1066101,35.7140903],[129.1065978,35.7141631],[129.1065946,35.7141732],[129.1065479,35.7142944],[129.1065449,35.7143039],[129.1065327,35.7143498],[129.106532,35.7143618],[129.1065332,35.7143757],[129.1065344,35.7143836],[129.106556,35.7144135],[129.1066051,35.7144515],[129.1066527,35.714472],[129.1067585,35.7145],[129.1068604,35.7145267],[129.1069486,35.7145518],[129.1070158,35.7145771],[129.1071318,35.7146196],[129.107226,35.7146543],[129.1072548,35.7146588],[129.1072655,35.7146607],[129.1072675,35.7146613],[129.1072742,35.7146328]]]]}},{"type":"Feature","properties":{"UFID":"100035905015A00110100000004516876"},"geometry":{"type":"MultiPolygon","coordinates":[[[[129.1073551,35.7146826],[129.1072675,35.7146613],[129.1072675,35.7146632],[129.1072675,35.714666],[129.1072615,35.7146832],[129.1072218,35.7147549],[129.1071457,35.7148883],[129.1070698,35.7150325],[129.1070332,35.7150988],[129.1071225,35.7151143],[129.1071267,35.7151073],[129.107171,35.7150294],[129.1072205,35.7149354],[129.1072713,35.7148436],[129.1073417,35.7147078],[129.1073551,35.7146826]]]]}},{"type":"Feature","properties":{"UFID":"100035905015A00110100000004516877"},"geometry":{"type":"MultiPolygon","coordinates":[[[[129.1076048,35.7139898],[129.1075069,35.7139666],[129.1075069,35.7139689],[129.1075066,35.7139718],[129.1075026,35.7139925],[129.1074651,35.7141427],[129.1074291,35.7142775],[129.1073833,35.7144026],[129.1073298,35.7145231],[129.1072863,35.7146123],[129.1072765,35.7146308],[129.1072742,35.7146328],[129.1073688,35.7146567],[129.1074165,35.7145669],[129.1074631,35.7144578],[129.1075025,35.7143546],[129.1075343,35.714258],[129.107567,35.7141394],[129.1076026,35.7139988],[129.1076048,35.7139898]]]]}},{"type":"Feature","properties":{"UFID":"100035905015A00110100000004516878"},"geometry":{"type":"MultiPolygon","coordinates":[[[[129.1064698,35.7157711],[129.1064661,35.7157711],[129.106463,35.7157708],[129.1064566,35.7157689],[129.1064402,35.7157618],[129.1063827,35.715731],[129.1063424,35.7156932],[129.1062974,35.71563],[129.1062385,35.7155559],[129.1061952,35.7155159],[129.1061166,35.715465],[129.1060607,35.715428],[129.1059831,35.7153574],[129.1059806,35.7153553],[129.1059513,35.7153194],[129.1059296,35.7153458],[129.1059548,35.7153724],[129.105959,35.7153759],[129.1060377,35.7154476],[129.1060958,35.7154861],[129.1061723,35.7155356],[129.106212,35.7155722],[129.1062691,35.7156442],[129.1063153,35.7157091],[129.1063607,35.7157516],[129.1064233,35.7157851],[129.106439,35.7157919],[129.1064439,35.7157951],[129.1064451,35.7157966],[129.1064698,35.7157711]]]]}},{"type":"Feature","properties":{"UFID":"100035905015A00110100000004516879"},"geometry":{"type":"MultiPolygon","coordinates":[[[[129.1068309,35.7156479],[129.1067426,35.7156628],[129.1067431,35.7156641],[129.1067424,35.7156675],[129.1066961,35.7157651],[129.106671,35.7158258],[129.1066495,35.7158911],[129.1066355,35.7159592],[129.1066346,35.7159687],[129.1066337,35.7159782],[129.1066284,35.716013],[129.1066274,35.7160357],[129.1066278,35.7160411],[129.1066283,35.7160794],[129.1066415,35.7161904],[129.1066505,35.7162761],[129.1066599,35.7163806],[129.1066606,35.7163996],[129.1066613,35.7164163],[129.1066624,35.7164254],[129.1066635,35.7164379],[129.1066656,35.7164509],[129.1066669,35.7164598],[129.1066689,35.7164748],[129.1066774,35.716533],[129.1066939,35.7166363],[129.1067036,35.7166917],[129.1067882,35.7167009],[129.1067817,35.7166516],[129.1067698,35.7165586],[129.106758,35.7164735],[129.1067433,35.7163756],[129.106732,35.716307],[129.1067258,35.7162672],[129.1067249,35.7162556],[129.1067182,35.7162082],[129.1067176,35.7162011],[129.1067108,35.7161511],[129.10671,35.7161397],[129.1067066,35.7161047],[129.1067058,35.716094],[129.1067049,35.7160718],[129.1067049,35.7160656],[129.106705,35.7160612],[129.1067049,35.7160536],[129.1067036,35.7160341],[129.1067035,35.7160255],[129.1067036,35.7160206],[129.1067037,35.7160147],[129.1067044,35.7159977],[129.1067065,35.715967],[129.1067069,35.7159578],[129.1067145,35.7159143],[129.1067178,35.7159001],[129.1067323,35.715854],[129.1067513,35.7158034],[129.1067545,35.7157936],[129.1067848,35.7157334],[129.1068233,35.7156606],[129.1068309,35.7156479]]]]}},{"type":"Feature","properties":{"UFID":"100035905015A00110100000004516880"},"geometry":{"type":"MultiPolygon","coordinates":[[[[129.1067426,35.7156628],[129.1067716,35.7156103],[129.1067654,35.7156153],[129.1067488,35.7156234],[129.1067446,35.7156254],[129.1067256,35.7156369],[129.1066826,35.7156636],[129.1066139,35.7156974],[129.1065476,35.7157286],[129.1064999,35.7157481],[129.1064753,35.7157682],[129.1064698,35.7157711],[129.1064972,35.7157885],[129.1065195,35.7157703],[129.1065634,35.7157524],[129.1066307,35.7157207],[129.1067013,35.715686],[129.1067357,35.7156647],[129.1067395,35.715663],[129.1067417,35.7156628],[129.1067426,35.7156628]]]]}},{"type":"Feature","properties":{"UFID":"100035905015A00110100000004516881"},"geometry":{"type":"MultiPolygon","coordinates":[[[[129.1068309,35.7156479],[129.106856,35.7156062],[129.1068597,35.7156004],[129.1067716,35.7156103],[129.1067426,35.7156628],[129.1068309,35.7156479]]]]}},{"type":"Feature","properties":{"UFID":"100035905015A00110100000004516882"},"geometry":{"type":"MultiPolygon","coordinates":[[[[129.1067882,35.7167009],[129.1067036,35.7166917],[129.1067034,35.7166917],[129.1067052,35.7167202],[129.1067927,35.7167349],[129.1067917,35.7167276],[129.1067882,35.7167009]]]]}},{"type":"Feature","properties":{"UFID":"100035905015A00110100000004516883"},"geometry":{"type":"MultiPolygon","coordinates":[[[[129.1064972,35.7157885],[129.1064698,35.7157711],[129.1064451,35.7157966],[129.1064758,35.7158109],[129.1064806,35.7158046],[129.1064972,35.7157885]]]]}},{"type":"Feature","properties":{"UFID":"100035905015A00110100000004516884"},"geometry":{"type":"MultiPolygon","coordinates":[[[[129.1068597,35.7156004],[129.1068933,35.7155471],[129.1069321,35.7154774],[129.1069576,35.715432],[129.1069624,35.7154217],[129.1069651,35.7154146],[129.10697,35.7154064],[129.1070018,35.7153444],[129.1070536,35.7152446],[129.1069682,35.715221],[129.1069416,35.7152791],[129.1068634,35.7154302],[129.1067897,35.7155787],[129.1067772,35.7156016],[129.1067716,35.7156103],[129.1068597,35.7156004]]]]}},{"type":"Feature","properties":{"UFID":"100035905015A00110100000004516885"},"geometry":{"type":"MultiPolygon","coordinates":[[[[129.1070951,35.7151702],[129.1070113,35.7151386],[129.1069682,35.715221],[129.1070536,35.7152446],[129.1070951,35.7151702]]]]}},{"type":"Feature","properties":{"UFID":"100035905015A00110100000004516886"},"geometry":{"type":"MultiPolygon","coordinates":[[[[129.1071109,35.7151444],[129.1070186,35.7151254],[129.1070113,35.7151386],[129.1070951,35.7151702],[129.1071044,35.7151534],[129.1071081,35.7151464],[129.1071109,35.7151444]]]]}},{"type":"Feature","properties":{"UFID":"100035905015A00110100000004516887"},"geometry":{"type":"MultiPolygon","coordinates":[[[[129.1067034,35.7166917],[129.106606,35.7166204],[129.1065795,35.7166058],[129.1065743,35.7166021],[129.1065785,35.7166393],[129.1065794,35.7166392],[129.1065825,35.71664],[129.1065855,35.7166417],[129.1066868,35.7167159],[129.1067024,35.7167196],[129.1067052,35.7167202],[129.1067034,35.7166917]]]]}},{"type":"Feature","properties":{"UFID":"100035905015A00110100000004516888"},"geometry":{"type":"MultiPolygon","coordinates":[[[[129.1065743,35.7166021],[129.1065385,35.7165913],[129.1065402,35.7166224],[129.1065785,35.7166393],[129.1065743,35.7166021]]]]}},{"type":"Feature","properties":{"UFID":"100035905015A00110100000004516889"},"geometry":{"type":"MultiPolygon","coordinates":[[[[129.1064758,35.7158109],[129.1064451,35.7157966],[129.1064451,35.7157978],[129.1064441,35.7158012],[129.1064272,35.7158307],[129.1064262,35.7158362],[129.1064253,35.7158412],[129.1064215,35.7158503],[129.1064192,35.7158591],[129.1064159,35.7158801],[129.106414,35.7158917],[129.106413,35.7158998],[129.1064128,35.7159209],[129.106432,35.7159961],[129.1064367,35.7160088],[129.1064652,35.7160852],[129.1064686,35.7160961],[129.1065006,35.716223],[129.1065179,35.7163012],[129.1065271,35.7163445],[129.1065386,35.7164317],[129.1065415,35.7164646],[129.1065413,35.7165435],[129.1065411,35.7165695],[129.1065401,35.71658],[129.1065399,35.7165887],[129.1065396,35.7165906],[129.1065385,35.7165913],[129.1065743,35.7166021],[129.106573,35.7166005],[129.1065729,35.7165972],[129.1065733,35.7165813],[129.1065743,35.7165706],[129.1065744,35.7165436],[129.1065746,35.7164637],[129.1065717,35.7164293],[129.1065599,35.7163407],[129.1065505,35.7162965],[129.1065332,35.7162178],[129.1065009,35.7160901],[129.1064972,35.7160779],[129.1064684,35.716001],[129.1064642,35.7159894],[129.106446,35.7159183],[129.1064462,35.7159012],[129.106447,35.7158948],[129.1064488,35.7158836],[129.1064519,35.7158637],[129.1064535,35.7158575],[129.1064576,35.7158477],[129.106459,35.7158402],[129.1064593,35.7158385],[129.1064733,35.7158142],[129.1064758,35.7158109]]]]}},{"type":"Feature","properties":{"UFID":"100035905015A00110100000004516890"},"geometry":{"type":"MultiPolygon","coordinates":[[[[129.1071036,35.7178333],[129.1070263,35.7178593],[129.1070285,35.7178612],[129.1070383,35.717875],[129.1071076,35.7179845],[129.1071351,35.7180382],[129.1071561,35.7180878],[129.107163,35.7181172],[129.1071648,35.7181316],[129.1071664,35.718156],[129.1071746,35.7182234],[129.1071711,35.7182526],[129.1071645,35.7183157],[129.1071598,35.7183411],[129.1071425,35.7184012],[129.1071131,35.7184783],[129.1071037,35.7184957],[129.1070996,35.7185042],[129.1070979,35.7185054],[129.1071698,35.7185257],[129.1071925,35.718473],[129.1072245,35.7183913],[129.107251,35.7182984],[129.1072541,35.7182612],[129.1072544,35.7182519],[129.1072555,35.7182374],[129.1072556,35.7182229],[129.1072556,35.7182107],[129.1072534,35.7181962],[129.107252,35.7181781],[129.1072456,35.7181278],[129.1072423,35.7181153],[129.1072394,35.7181021],[129.1072276,35.7180599],[129.1072244,35.7180502],[129.1072095,35.7180174],[129.1072049,35.7180081],[129.1071758,35.7179543],[129.1071338,35.7178802],[129.1071036,35.7178333]]]]}},{"type":"Feature","properties":{"UFID":"100035905015A00110100000004516891"},"geometry":{"type":"MultiPolygon","coordinates":[[[[129.1071036,35.7178333],[129.1070873,35.717808],[129.107012,35.7178304],[129.1070263,35.7178593],[129.1071036,35.7178333]]]]}},{"type":"Feature","properties":{"UFID":"100035905015A00110100000004516892"},"geometry":{"type":"MultiPolygon","coordinates":[[[[129.1070263,35.7178593],[129.107012,35.7178304],[129.1070099,35.7178332],[129.1070058,35.7178349],[129.1070036,35.7178356],[129.1069927,35.7178364],[129.1069216,35.7178627],[129.1069066,35.7178703],[129.1068628,35.7179141],[129.1068554,35.7179235],[129.106815,35.7180429],[129.1067746,35.7181412],[129.1067781,35.7181563],[129.1067864,35.718165],[129.1068126,35.7181485],[129.1068092,35.7181448],[129.1068088,35.7181431],[129.1068467,35.7180509],[129.106886,35.7179347],[129.1068897,35.7179301],[129.1069288,35.7178909],[129.1069372,35.7178866],[129.1070013,35.7178629],[129.1070109,35.7178622],[129.107018,35.7178601],[129.1070245,35.7178591],[129.1070263,35.7178593]]]]}},{"type":"Feature","properties":{"UFID":"100035905015A00110100000004516893"},"geometry":{"type":"MultiPolygon","coordinates":[[[[129.1071698,35.7185257],[129.1070979,35.7185054],[129.1070876,35.718534],[129.1071578,35.7185538],[129.1071698,35.7185257]]]]}},{"type":"Feature","properties":{"UFID":"100035905015A00110100000004516894"},"geometry":{"type":"MultiPolygon","coordinates":[[[[129.1070979,35.7185054],[129.1070951,35.7185063],[129.1070923,35.7185063],[129.1070877,35.7185054],[129.1070817,35.7185041],[129.10703,35.7185025],[129.1070236,35.7185016],[129.1070171,35.7185014],[129.1070028,35.7185004],[129.1069337,35.7185018],[129.1069345,35.7185288],[129.1070018,35.7185275],[129.107015,35.7185284],[129.10702,35.7185286],[129.1070266,35.7185295],[129.1070768,35.718531],[129.1070794,35.7185316],[129.1070832,35.7185323],[129.1070876,35.718534],[129.1070979,35.7185054]]]]}},{"type":"Feature","properties":{"UFID":"100035905015A00110100000004516895"},"geometry":{"type":"MultiPolygon","coordinates":[[[[129.1066108,35.718854],[129.1066102,35.7188246],[129.1065764,35.7188259],[129.1065787,35.7188401],[129.1065769,35.7188513],[129.1065756,35.7188547],[129.1066108,35.718854]]]]}},{"type":"Feature","properties":{"UFID":"100035905015A00110100000004516896"},"geometry":{"type":"MultiPolygon","coordinates":[[[[129.1068003,35.7188263],[129.106769,35.7188227],[129.106765,35.7188224],[129.1066774,35.7188239],[129.1066203,35.7188258],[129.106616,35.7188262],[129.1066117,35.7188255],[129.1066102,35.7188246],[129.1066108,35.718854],[129.1066162,35.718853],[129.1066785,35.7188509],[129.1067637,35.7188494],[129.106765,35.7188495],[129.1067734,35.7188505],[129.106777,35.7188511],[129.1067784,35.7188519],[129.1068003,35.7188263]]]]}},{"type":"Feature","properties":{"UFID":"100035905015A00110100000004516897"},"geometry":{"type":"MultiPolygon","coordinates":[[[[129.1087738,35.7210894],[129.1087378,35.7210699],[129.1087382,35.7210785],[129.1087371,35.7211225],[129.1087267,35.7212026],[129.1087222,35.7212395],[129.1087177,35.7213536],[129.1087166,35.7214062],[129.1087113,35.721447],[129.1086807,35.7215268],[129.108647,35.7216051],[129.1086155,35.7216861],[129.1086014,35.7217445],[129.1085973,35.7217778],[129.1085938,35.7218293],[129.1085896,35.7220558],[129.1085899,35.7221089],[129.1085887,35.7222122],[129.108582,35.7222853],[129.1085796,35.7223305],[129.1086127,35.7223317],[129.1086151,35.7222869],[129.1086218,35.7222133],[129.108623,35.7221089],[129.1086227,35.7220559],[129.108627,35.7218302],[129.1086304,35.7217799],[129.1086342,35.7217485],[129.1086477,35.7216928],[129.1086785,35.7216137],[129.1087122,35.7215353],[129.1087439,35.7214525],[129.1087498,35.7214078],[129.1087508,35.7213543],[129.1087553,35.7212413],[129.1087597,35.7212053],[129.1087702,35.7211242],[129.1087709,35.7210962],[129.1087723,35.7210908],[129.1087738,35.7210894]]]]}},{"type":"Feature","properties":{"UFID":"100035905015A00110100000004516898"},"geometry":{"type":"MultiPolygon","coordinates":[[[[129.1087747,35.7210548],[129.1087524,35.7210425],[129.1087402,35.721034],[129.1087378,35.7210699],[129.1087738,35.7210894],[129.1087747,35.7210548]]]]}},{"type":"Feature","properties":{"UFID":"100035905015A00110100000004516899"},"geometry":{"type":"MultiPolygon","coordinates":[[[[129.1087747,35.7210548],[129.1087738,35.7210894],[129.108775,35.7210888],[129.108777,35.7210886],[129.1088059,35.7211012],[129.1088512,35.7211292],[129.1088638,35.7211401],[129.1088777,35.721159],[129.1088795,35.7211642],[129.1088928,35.7212019],[129.1088951,35.7212096],[129.1089003,35.7212135],[129.1089251,35.7211958],[129.1089248,35.721195],[129.1089114,35.7211566],[129.1089083,35.721148],[129.1088904,35.7211237],[129.1088735,35.721109],[129.1088238,35.7210783],[129.1087941,35.7210654],[129.1087747,35.7210548]]]]}},{"type":"Feature","properties":{"UFID":"100035905015A00110100000004516900"},"geometry":{"type":"MultiPolygon","coordinates":[[[[129.1036954,35.7200368],[129.1036537,35.7200434],[129.1036537,35.7200437],[129.1036533,35.7200443],[129.1036952,35.7200467],[129.1036949,35.7200413],[129.1036953,35.7200376],[129.1036954,35.7200368]]]]}},{"type":"Feature","properties":{"UFID":"100035905015A00110100000004516901"},"geometry":{"type":"MultiPolygon","coordinates":[[[[129.1036954,35.7200368],[129.1036856,35.7200092],[129.1036708,35.7200147],[129.1036574,35.7200162],[129.1036435,35.7200158],[129.1036537,35.7200434],[129.1036954,35.7200368]]]]}},{"type":"Feature","properties":{"UFID":"100035905015A00110100000004516902"},"geometry":{"type":"MultiPolygon","coordinates":[[[[129.1036435,35.7200158],[129.1036062,35.7200095],[129.1035969,35.7200081],[129.1035941,35.7200076],[129.1035933,35.7200072],[129.103593,35.7200064],[129.1035653,35.7200309],[129.1035998,35.7200361],[129.1036396,35.7200427],[129.1036518,35.7200431],[129.1036537,35.7200434],[129.1036435,35.7200158]]]]}},{"type":"Feature","properties":{"UFID":"100035905015A00110100000004516903"},"geometry":{"type":"MultiPolygon","coordinates":[[[[129.1036963,35.7200686],[129.1036952,35.7200467],[129.1036533,35.7200443],[129.1036633,35.7200783],[129.1036963,35.7200686]]]]}},{"type":"Feature","properties":{"UFID":"100035905015A00110100000004516904"},"geometry":{"type":"MultiPolygon","coordinates":[[[[129.1036633,35.7200783],[129.1036533,35.7200443],[129.1036511,35.7200468],[129.1036338,35.7200599],[129.1036265,35.7200692],[129.1036232,35.7200732],[129.1036203,35.7200786],[129.1035804,35.7201419],[129.1035627,35.7201768],[129.1035612,35.720182],[129.1035323,35.7202396],[129.1035629,35.7202498],[129.103593,35.7201901],[129.1035944,35.7201849],[129.1036105,35.7201533],[129.1036503,35.7200901],[129.1036523,35.7200863],[129.1036542,35.7200842],[129.1036595,35.7200773],[129.1036608,35.7200768],[129.1036616,35.720077],[129.1036624,35.7200775],[129.1036633,35.7200783]]]]}},{"type":"Feature","properties":{"UFID":"100035905015A00110100000004516905"},"geometry":{"type":"MultiPolygon","coordinates":[[[[129.1084642,35.7248209],[129.1084312,35.7248141],[129.1084289,35.7248517],[129.1084631,35.7248548],[129.1084642,35.7248209]]]]}},{"type":"Feature","properties":{"UFID":"100035905015A00110100000004516906"},"geometry":{"type":"MultiPolygon","coordinates":[[[[129.1084289,35.7248517],[129.1084312,35.7248141],[129.1084292,35.7248173],[129.1084264,35.7248186],[129.108423,35.7248189],[129.1084143,35.7248191],[129.1084,35.7248177],[129.1083718,35.7248123],[129.1083502,35.7248096],[129.1083412,35.7248093],[129.1083235,35.7248093],[129.1082429,35.7248187],[129.108196,35.7248329],[129.1080627,35.7248784],[129.1080755,35.7249033],[129.1082081,35.7248581],[129.1082511,35.7248451],[129.1083259,35.7248363],[129.1083406,35.7248364],[129.1083471,35.7248365],[129.1083654,35.7248388],[129.1083943,35.7248444],[129.1084097,35.7248459],[129.10842,35.7248466],[129.1084241,35.7248479],[129.1084265,35.7248491],[129.1084289,35.7248517]]]]}},{"type":"Feature","properties":{"UFID":"100035905015A00110100000004516907"},"geometry":{"type":"MultiPolygon","coordinates":[[[[129.1084312,35.7248141],[129.1084642,35.7248209],[129.1084644,35.7248117],[129.1084653,35.7248054],[129.1084778,35.7247075],[129.1084959,35.724587],[129.1084976,35.7245707],[129.1084993,35.7245038],[129.108497,35.7243881],[129.1084946,35.7242648],[129.1084901,35.7241868],[129.1084798,35.7241493],[129.1084553,35.7240888],[129.1084258,35.7240175],[129.1084069,35.7239588],[129.1084024,35.7239309],[129.1083904,35.7238319],[129.1083802,35.7237564],[129.1083473,35.7237594],[129.1083574,35.7238347],[129.1083695,35.723934],[129.1083743,35.723964],[129.108394,35.7240252],[129.1084238,35.7240974],[129.1084478,35.7241565],[129.1084571,35.7241904],[129.1084614,35.7242657],[129.1084638,35.7243885],[129.1084662,35.7245037],[129.1084645,35.7245692],[129.1084629,35.7245842],[129.1084448,35.7247044],[129.1084323,35.7248025],[129.1084313,35.7248098],[129.1084312,35.7248141]]]]}},{"type":"Feature","properties":{"UFID":"100035905015A00110100000004516908"},"geometry":{"type":"MultiPolygon","coordinates":[[[[129.1068612,35.7172043],[129.1068596,35.7171953],[129.1068578,35.7171829],[129.1068441,35.717098],[129.1068335,35.7170288],[129.1068248,35.7169633],[129.1068135,35.716883],[129.1068033,35.7168169],[129.1067927,35.7167349],[129.1067052,35.7167202],[129.1067213,35.7168393],[129.1067344,35.716936],[129.1067497,35.7170492],[129.1067536,35.7170753],[129.1067723,35.7172021],[129.1067723,35.7172057],[129.1068612,35.7172043]]]]}},{"type":"Feature","properties":{"UFID":"100035905015A00110100000004516909"},"geometry":{"type":"MultiPolygon","coordinates":[[[[129.1033027,35.7199677],[129.1033005,35.7199671],[129.1032988,35.7199661],[129.1032952,35.7199633],[129.1032476,35.7199145],[129.1032054,35.7198886],[129.1031919,35.7198878],[129.1031875,35.7198877],[129.1031817,35.7198881],[129.1031334,35.7198865],[129.1031321,35.7199136],[129.1031823,35.7199151],[129.1031884,35.7199148],[129.1031904,35.7199148],[129.1031932,35.719915],[129.1032243,35.719934],[129.1032568,35.7199674],[129.1032594,35.7199722],[129.1032593,35.7199738],[129.1033027,35.7199677]]]]}},{"type":"Feature","properties":{"UFID":"100035905015A00110100000004516910"},"geometry":{"type":"MultiPolygon","coordinates":[[[[129.1033271,35.7199971],[129.1033027,35.7199677],[129.1032593,35.7199738],[129.103283,35.7199983],[129.1032881,35.7199971],[129.1033087,35.7199949],[129.1033271,35.7199971]]]]}},{"type":"Feature","properties":{"UFID":"100035905015A00110100000004516911"},"geometry":{"type":"MultiPolygon","coordinates":[[[[129.1035513,35.7199993],[129.1035479,35.7200002],[129.1035458,35.7200005],[129.1035397,35.7199996],[129.1035339,35.7199992],[129.1034793,35.7199925],[129.1034682,35.7199907],[129.1033596,35.7199751],[129.103333,35.7199705],[129.103309,35.7199676],[129.1033062,35.7199679],[129.1033027,35.7199677],[129.1033271,35.7199971],[129.1033533,35.7200017],[129.1034621,35.7200172],[129.1034735,35.7200191],[129.103521,35.720025],[129.1035513,35.7199993]]]]}},{"type":"Feature","properties":{"UFID":"100035905015A00110100000004516912"},"geometry":{"type":"MultiPolygon","coordinates":[[[[129.1071225,35.7151143],[129.1071109,35.7151444],[129.1071125,35.7151444],[129.1071216,35.7151462],[129.1071875,35.715161],[129.1071963,35.7151349],[129.1071297,35.71512],[129.1071234,35.7151165],[129.1071225,35.7151155],[129.1071225,35.7151143]]]]}},{"type":"Feature","properties":{"UFID":"100035905015A00110100000004516913"},"geometry":{"type":"MultiPolygon","coordinates":[[[[129.1071225,35.7151143],[129.1070332,35.7150988],[129.1070186,35.7151254],[129.1071109,35.7151444],[129.1071225,35.7151143]]]]}},{"type":"Feature","properties":{"UFID":"100035905015A00110100000004516914"},"geometry":{"type":"MultiPolygon","coordinates":[[[[129.1077484,35.7134441],[129.1076516,35.7134326],[129.1076442,35.7134535],[129.1076372,35.7134781],[129.1077374,35.7134828],[129.1077484,35.7134441]]]]}},{"type":"Feature","properties":{"UFID":"100035905015A00110100000004516915"},"geometry":{"type":"MultiPolygon","coordinates":[[[[129.1076128,35.7139575],[129.1075199,35.713934],[129.1075069,35.7139666],[129.1076048,35.7139898],[129.1076128,35.7139575]]]]}},{"type":"Feature","properties":{"UFID":"100035905015A00110100000004516916"},"geometry":{"type":"MultiPolygon","coordinates":[[[[129.1075199,35.713934],[129.1075177,35.713935],[129.1075055,35.7139344],[129.1074468,35.7139177],[129.1073487,35.7139026],[129.1073425,35.7139292],[129.1074382,35.7139439],[129.1075003,35.7139615],[129.1075059,35.7139655],[129.1075069,35.7139666],[129.1075199,35.713934]]]]}},{"type":"Feature","properties":{"UFID":"100035905015A00110100000004516917"},"geometry":{"type":"MultiPolygon","coordinates":[[[[129.1077374,35.7134828],[129.1076372,35.7134781],[129.107612,35.7135661],[129.1075745,35.7137073],[129.1075281,35.7139122],[129.1075241,35.7139309],[129.1075222,35.7139327],[129.1075199,35.713934],[129.1076128,35.7139575],[129.1076363,35.7138628],[129.1076717,35.7137182],[129.107712,35.7135718],[129.1077278,35.713512],[129.1077361,35.7134855],[129.1077374,35.7134828]]]]}},{"type":"Feature","properties":{"UFID":"100035905015A00110100000004516918"},"geometry":{"type":"MultiPolygon","coordinates":[[[[129.1223719,35.718341],[129.1223791,35.7182984],[129.1222571,35.7183866],[129.122236,35.7184021],[129.122257,35.7184237],[129.1222597,35.7184211],[129.1222792,35.7184068],[129.122368,35.7183426],[129.1223719,35.718341]]]]}},{"type":"Feature","properties":{"UFID":"100035905015A00110100000004516919"},"geometry":{"type":"MultiPolygon","coordinates":[[[[129.122257,35.7184237],[129.122236,35.7184021],[129.1222137,35.7184185],[129.1222031,35.7184261],[129.1222285,35.7184472],[129.122257,35.7184237]]]]}},{"type":"Feature","properties":{"UFID":"100035905015A00110100000004516920"},"geometry":{"type":"MultiPolygon","coordinates":[[[[129.1071578,35.7185538],[129.1070876,35.718534],[129.1070883,35.7185351],[129.1070883,35.7185368],[129.1070864,35.7185439],[129.1070752,35.7185803],[129.1070675,35.7186063],[129.1070582,35.7186504],[129.1070565,35.7186643],[129.1070538,35.718684],[129.1070512,35.7186983],[129.1070496,35.7187137],[129.1070475,35.718727],[129.1070457,35.7187405],[129.1070445,35.7187558],[129.1070437,35.7187679],[129.1070436,35.7187789],[129.1070433,35.7187884],[129.1070428,35.7187966],[129.1070428,35.7188093],[129.1070426,35.7188169],[129.1070426,35.7188201],[129.1070428,35.7188345],[129.1070418,35.7188361],[129.1071077,35.7188544],[129.107108,35.7188393],[129.1071081,35.7188296],[129.1071083,35.7188115],[129.1071094,35.7187971],[129.1071098,35.7187834],[129.1071092,35.7187729],[129.1071101,35.7187604],[129.1071105,35.718748],[129.1071111,35.7187386],[129.1071125,35.7187318],[129.1071141,35.7187196],[129.1071159,35.7187095],[129.1071172,35.7186978],[129.1071199,35.7186789],[129.107121,35.7186687],[129.1071243,35.7186574],[129.1071311,35.7186304],[129.1071522,35.7185668],[129.1071578,35.7185538]]]]}},{"type":"Feature","properties":{"UFID":"100035905015A00110100000004516921"},"geometry":{"type":"MultiPolygon","coordinates":[[[[129.1089032,35.7133152],[129.1088539,35.7133141],[129.1088565,35.713316],[129.1088773,35.713336],[129.108931,35.7133703],[129.1089796,35.7133767],[129.1090019,35.7133776],[129.1090604,35.7133825],[129.1090676,35.713384],[129.1090834,35.7133905],[129.1091373,35.7134223],[129.1091567,35.7134004],[129.1091007,35.7133674],[129.1090792,35.7133585],[129.1090662,35.7133558],[129.1090044,35.7133506],[129.108983,35.7133498],[129.1089447,35.7133447],[129.1089049,35.7133193],[129.1089025,35.7133178],[129.1089022,35.7133168],[129.1089024,35.7133159],[129.1089032,35.7133152]]]]}},{"type":"Feature","properties":{"UFID":"100035905015A00110100000004516922"},"geometry":{"type":"MultiPolygon","coordinates":[[[[129.1074025,35.7174632],[129.107361,35.7174318],[129.107361,35.7174328],[129.1073599,35.7174345],[129.1073483,35.7174449],[129.1072693,35.7175112],[129.1072236,35.7175504],[129.1071653,35.7175987],[129.1071164,35.717639],[129.1071531,35.7176741],[129.1071531,35.7176729],[129.1071543,35.7176718],[129.1072046,35.7176303],[129.1072634,35.7175817],[129.1073092,35.7175424],[129.1073886,35.7174758],[129.1074025,35.7174632]]]]}},{"type":"Feature","properties":{"UFID":"100035905015A00110100000004516923"},"geometry":{"type":"MultiPolygon","coordinates":[[[[129.107428,35.7174403],[129.107386,35.7174102],[129.107361,35.7174318],[129.1074025,35.7174632],[129.107417,35.7174501],[129.107428,35.7174403]]]]}},{"type":"Feature","properties":{"UFID":"100035905015A00110100000004516924"},"geometry":{"type":"MultiPolygon","coordinates":[[[[129.107386,35.7174102],[129.1073841,35.7174102],[129.1073816,35.7174089],[129.1073513,35.7173874],[129.1073295,35.7174078],[129.1073592,35.7174289],[129.1073609,35.7174308],[129.107361,35.7174318],[129.107386,35.7174102]]]]}},{"type":"Feature","properties":{"UFID":"100035905015A00110100000004516925"},"geometry":{"type":"MultiPolygon","coordinates":[[[[129.1068439,35.7188265],[129.1068395,35.7188277],[129.106828,35.7188305],[129.1068223,35.7188304],[129.1068063,35.718827],[129.1068003,35.7188263],[129.1067784,35.7188519],[129.106821,35.7188579],[129.1068439,35.7188265]]]]}},{"type":"Feature","properties":{"UFID":"100035905015A00110100000004516926"},"geometry":{"type":"MultiPolygon","coordinates":[[[[129.106821,35.7188579],[129.1067784,35.7188519],[129.1067785,35.7188526],[129.1067785,35.7188532],[129.1067783,35.7188547],[129.1067776,35.718856],[129.106775,35.7188607],[129.1067675,35.718869],[129.1067435,35.7189098],[129.106725,35.7189577],[129.1067204,35.7189952],[129.1067205,35.7190249],[129.1067268,35.7190556],[129.1067595,35.7190511],[129.1067536,35.7190227],[129.1067536,35.7189966],[129.1067576,35.7189632],[129.1067744,35.7189198],[129.1067961,35.718883],[129.1068148,35.7188621],[129.1068168,35.7188604],[129.1068191,35.7188586],[129.106821,35.7188579]]]]}},{"type":"Feature","properties":{"UFID":"100035905015A00110100000004516927"},"geometry":{"type":"MultiPolygon","coordinates":[[[[129.1066102,35.7188246],[129.1066093,35.7188226],[129.1066069,35.7188055],[129.1065977,35.7187602],[129.1065951,35.7187446],[129.1065798,35.7186699],[129.1065695,35.7186198],[129.1065633,35.7186102],[129.1065382,35.7185881],[129.1065331,35.718573],[129.1065205,35.7185282],[129.1065194,35.7185242],[129.1065188,35.7185221],[129.1065177,35.718517],[129.106517,35.7185109],[129.1065131,35.7184855],[129.1065143,35.7184422],[129.1065143,35.7184417],[129.1065151,35.7184403],[129.1065162,35.7184387],[129.1065184,35.718436],[129.1065221,35.7184312],[129.1065567,35.7183558],[129.1065257,35.7183463],[129.1064922,35.7184192],[129.1064904,35.7184215],[129.1064881,35.7184244],[129.1064857,35.7184277],[129.1064834,35.7184317],[129.106481,35.7184367],[129.1064812,35.7184422],[129.1064799,35.7184869],[129.106484,35.7185139],[129.1064848,35.7185206],[129.1064863,35.7185275],[129.1064871,35.7185304],[129.1064883,35.7185343],[129.106501,35.7185796],[129.1065084,35.7186016],[129.106536,35.7186259],[129.1065377,35.7186286],[129.1065471,35.7186743],[129.1065623,35.7187487],[129.106565,35.7187643],[129.106574,35.7188092],[129.1065764,35.7188259],[129.1066102,35.7188246]]]]}},{"type":"Feature","properties":{"UFID":"100035905015A00110100000004516928"},"geometry":{"type":"MultiPolygon","coordinates":[[[[129.103593,35.7200064],[129.1035513,35.7199993],[129.103521,35.720025],[129.1035302,35.7200261],[129.1035355,35.7200264],[129.1035653,35.7200309],[129.103593,35.7200064]]]]}},{"type":"Feature","properties":{"UFID":"100035905015A00110100000004516929"},"geometry":{"type":"MultiPolygon","coordinates":[[[[129.1087156,35.7156497],[129.1087197,35.7156107],[129.1086652,35.7156343],[129.1086599,35.7156701],[129.1087156,35.7156497]]]]}},{"type":"Feature","properties":{"UFID":"100035905015A00110100000004516930"},"geometry":{"type":"MultiPolygon","coordinates":[[[[129.1087197,35.7156107],[129.1087156,35.7156497],[129.1087171,35.7156481],[129.108722,35.7156454],[129.1087382,35.7156378],[129.1087906,35.7155969],[129.1088168,35.7155637],[129.1088579,35.7154892],[129.1088715,35.7154661],[129.1088888,35.715461],[129.1089408,35.7154598],[129.1089399,35.7154328],[129.1088826,35.7154341],[129.1088475,35.7154444],[129.1088278,35.7154777],[129.1087876,35.7155508],[129.1087649,35.7155795],[129.1087258,35.71561],[129.1087224,35.7156112],[129.1087215,35.7156112],[129.1087207,35.7156112],[129.1087197,35.7156107]]]]}},{"type":"Feature","properties":{"UFID":"100035905015A00110100000004516931"},"geometry":{"type":"MultiPolygon","coordinates":[[[[129.1088496,35.7133143],[129.108814,35.7133093],[129.1088153,35.7133146],[129.1088172,35.7133225],[129.1088312,35.7133706],[129.1088635,35.7133643],[129.1088496,35.7133168],[129.1088492,35.7133149],[129.1088496,35.7133143]]]]}},{"type":"Feature","properties":{"UFID":"100035905015A00110100000004516932"},"geometry":{"type":"MultiPolygon","coordinates":[[[[129.1224208,35.7182792],[129.1224249,35.7182628],[129.1224197,35.7182398],[129.1224137,35.7182328],[129.1224107,35.7182278],[129.1224107,35.7182257],[129.1224127,35.7182224],[129.1223814,35.7182422],[129.1223884,35.7182504],[129.1223911,35.7182625],[129.122384,35.7182908],[129.1223791,35.7182984],[129.1224208,35.7182792]]]]}},{"type":"Feature","properties":{"UFID":"100035905015A00110100000004516933"},"geometry":{"type":"MultiPolygon","coordinates":[[[[129.1071091,35.7188858],[129.1070429,35.7188703],[129.1070447,35.7188718],[129.1070457,35.71889],[129.1070551,35.7189741],[129.107066,35.7190615],[129.1070711,35.7191024],[129.1070728,35.7191235],[129.1070909,35.7192172],[129.1071077,35.7193014],[129.1071296,35.7194029],[129.107133,35.7194135],[129.107154,35.7195067],[129.1071761,35.7196068],[129.1071943,35.7196891],[129.1072105,35.7197444],[129.1072355,35.7198328],[129.1072538,35.7198939],[129.10726,35.7199095],[129.1072688,35.7199613],[129.1073709,35.7200056],[129.1073436,35.7199396],[129.1072964,35.7198066],[129.1072564,35.7196629],[129.107227,35.7195354],[129.1072018,35.7194223],[129.107171,35.7192834],[129.1071516,35.719163],[129.1071353,35.7190707],[129.107122,35.7189849],[129.1071158,35.7189325],[129.1071128,35.7189068],[129.1071095,35.7188936],[129.1071091,35.7188858]]]]}},{"type":"Feature","properties":{"UFID":"100035905015A00110100000004516934"},"geometry":{"type":"MultiPolygon","coordinates":[[[[129.1071077,35.7188544],[129.1070418,35.7188361],[129.1070429,35.7188703],[129.1071091,35.7188858],[129.1071079,35.7188659],[129.1071077,35.7188544]]]]}},{"type":"Feature","properties":{"UFID":"100035905015A00110100000004516935"},"geometry":{"type":"MultiPolygon","coordinates":[[[[129.1070418,35.7188361],[129.1070382,35.7188381],[129.1070354,35.7188381],[129.1070299,35.7188367],[129.1069979,35.7188286],[129.1069624,35.7188201],[129.1069454,35.718818],[129.1069286,35.7188162],[129.1069105,35.718816],[129.1068749,35.7188202],[129.1068684,35.718821],[129.1068542,35.7188238],[129.1068439,35.7188265],[129.106821,35.7188579],[129.1068249,35.7188575],[129.1068323,35.7188577],[129.1068493,35.7188535],[129.1068633,35.7188499],[129.1068747,35.7188476],[129.1068795,35.718847],[129.1069128,35.7188431],[129.1069262,35.7188432],[129.1069407,35.7188448],[129.1069552,35.7188465],[129.1069883,35.7188545],[129.1070358,35.7188666],[129.1070409,35.718869],[129.1070429,35.7188703],[129.1070418,35.7188361]]]]}},{"type":"Feature","properties":{"UFID":"100035905015A00110100000004516936"},"geometry":{"type":"MultiPolygon","coordinates":[[[[129.1036963,35.7200686],[129.1036633,35.7200783],[129.1036638,35.7200814],[129.1036636,35.7200953],[129.1036636,35.72011],[129.1036643,35.7201639],[129.1036651,35.7201943],[129.1036651,35.7201998],[129.1036649,35.7202154],[129.1036647,35.7202229],[129.1036638,35.7202416],[129.1036635,35.7202462],[129.1036565,35.7202885],[129.1036553,35.7202935],[129.1036417,35.7203339],[129.1036737,35.720341],[129.1036876,35.7202997],[129.1036892,35.7202929],[129.1036966,35.7202487],[129.1036969,35.7202428],[129.1036978,35.7202238],[129.1036981,35.7202159],[129.1036983,35.7201999],[129.1036983,35.7201939],[129.1036975,35.7201635],[129.1036968,35.7201099],[129.1036968,35.7200955],[129.103697,35.7200809],[129.1036963,35.7200686]]]]}},{"type":"Feature","properties":{"UFID":"100035905015A00110100000004516937"},"geometry":{"type":"MultiPolygon","coordinates":[[[[129.1064442,35.7219766],[129.1064175,35.7219512],[129.1063935,35.7219707],[129.1064225,35.7219976],[129.1064442,35.7219766]]]]}},{"type":"Feature","properties":{"UFID":"100035905015A00110100000004516938"},"geometry":{"type":"MultiPolygon","coordinates":[[[[129.1061766,35.7215134],[129.1061711,35.7215121],[129.1061659,35.7215098],[129.1061585,35.721506],[129.1061517,35.7215012],[129.106077,35.7214494],[129.1060258,35.7214142],[129.1059941,35.7213925],[129.1059135,35.7213444],[129.1058296,35.7212906],[129.1058259,35.7212885],[129.1057987,35.7212704],[129.1057959,35.7212683],[129.1057475,35.7212299],[129.1057438,35.7212257],[129.1056932,35.7211831],[129.1056521,35.7211454],[129.1056487,35.7211424],[129.105597,35.7211073],[129.1055208,35.7210644],[129.1054446,35.7210224],[129.1053939,35.7209965],[129.1053889,35.7209942],[129.1053071,35.7209541],[129.1053031,35.7209522],[129.1052766,35.7209391],[129.1052723,35.7209371],[129.1052694,35.7209361],[129.1052107,35.7209028],[129.1051846,35.7208884],[129.1051533,35.7208655],[129.1051517,35.7208642],[129.1051488,35.7208614],[129.1051474,35.7208597],[129.1051057,35.7208162],[129.1051036,35.7208136],[129.1051012,35.7208113],[129.105061,35.720768],[129.1050596,35.7207661],[129.1050351,35.720732],[129.1050322,35.7207282],[129.1050306,35.7207269],[129.1050297,35.7207259],[129.1050291,35.7207251],[129.1050096,35.7206665],[129.1050066,35.7206585],[129.1049904,35.7206024],[129.1049888,35.720591],[129.1049825,35.7205516],[129.1049819,35.7205457],[129.1049813,35.7205409],[129.1049809,35.7205348],[129.1049807,35.7205038],[129.1049805,35.7204994],[129.1049808,35.7204937],[129.1049813,35.7204851],[129.1049832,35.7204688],[129.104984,35.7204653],[129.1049858,35.7204572],[129.1050058,35.7204053],[129.1050069,35.7203986],[129.1050078,35.7203952],[129.1050216,35.7203579],[129.1050213,35.7203494],[129.1050013,35.7203161],[129.1050007,35.7203148],[129.1049788,35.7203401],[129.1049879,35.7203554],[129.1049755,35.7203887],[129.1049742,35.7203943],[129.1049734,35.7203993],[129.1049536,35.7204506],[129.1049513,35.7204606],[129.1049504,35.7204652],[129.1049482,35.7204832],[129.1049477,35.7204925],[129.1049473,35.7204994],[129.1049476,35.7205045],[129.1049478,35.7205355],[129.1049482,35.720543],[129.1049489,35.7205482],[129.1049495,35.7205545],[129.1049559,35.7205943],[129.1049576,35.720607],[129.1049746,35.7206655],[129.1049777,35.7206739],[129.1049985,35.7207362],[129.1050021,35.7207409],[129.1050052,35.7207445],[129.1050063,35.7207454],[129.1050068,35.720746],[129.1050312,35.7207802],[129.1050338,35.7207835],[129.1050752,35.720828],[129.105077,35.7208298],[129.1050789,35.7208321],[129.1051203,35.7208753],[129.1051222,35.7208777],[129.1051273,35.7208824],[129.1051302,35.720885],[129.1051642,35.7209098],[129.1051919,35.7209251],[129.1052529,35.7209597],[129.1052573,35.7209613],[129.1052599,35.7209625],[129.1052862,35.7209755],[129.1052902,35.7209774],[129.1053721,35.7210175],[129.1053767,35.7210197],[129.1054265,35.721045],[129.1055021,35.7210867],[129.105577,35.7211289],[129.1056257,35.7211619],[129.1056274,35.7211635],[129.1056689,35.7212015],[129.1057181,35.7212429],[129.1057221,35.7212475],[129.1057733,35.7212881],[129.1057772,35.721291],[129.1058058,35.72131],[129.1058098,35.7213123],[129.1058935,35.7213659],[129.1059736,35.7214137],[129.1060044,35.7214348],[129.1060556,35.7214701],[129.1061302,35.7215218],[129.1061388,35.7215278],[129.1061491,35.7215331],[129.1061553,35.7215359],[129.1061647,35.7215399],[129.1061766,35.7215134]]]]}},{"type":"Feature","properties":{"UFID":"100035905015A00110100000004516939"},"geometry":{"type":"MultiPolygon","coordinates":[[[[129.1062254,35.721534],[129.1062174,35.7215625],[129.1062217,35.7215657],[129.1062678,35.7215898],[129.1063884,35.7216443],[129.1064884,35.7217046],[129.1065289,35.7217503],[129.1065295,35.7217522],[129.1065326,35.7217723],[129.1065321,35.7217812],[129.1065318,35.7217835],[129.1065286,35.7218008],[129.1065274,35.7218033],[129.1065261,35.7218087],[129.1065153,35.7218336],[129.1064945,35.7218634],[129.1064282,35.7219456],[129.1064249,35.7219487],[129.1064226,35.7219505],[129.1064201,35.7219511],[129.1064175,35.7219512],[129.1064442,35.7219766],[129.1064442,35.7219757],[129.1064447,35.7219749],[129.1064484,35.7219698],[129.1065228,35.7218775],[129.1065456,35.7218449],[129.1065581,35.7218159],[129.1065594,35.7218108],[129.1065608,35.7218078],[129.1065647,35.721787],[129.1065652,35.7217832],[129.1065658,35.7217711],[129.1065622,35.7217475],[129.1065597,35.7217388],[129.1065122,35.7216853],[129.1064064,35.7216215],[129.1062848,35.7215665],[129.1062418,35.7215441],[129.1062363,35.7215401],[129.1062308,35.7215377],[129.1062264,35.7215352],[129.1062254,35.721534]]]]}},{"type":"Feature","properties":{"UFID":"100035905015A00110100000004516940"},"geometry":{"type":"MultiPolygon","coordinates":[[[[129.1062254,35.721534],[129.1061766,35.7215134],[129.1061647,35.7215399],[129.1062174,35.7215625],[129.1062254,35.721534]]]]}},{"type":"Feature","properties":{"UFID":"100035905015A00110100000004516941"},"geometry":{"type":"MultiPolygon","coordinates":[[[[129.1061766,35.7215134],[129.1062254,35.721534],[129.1062254,35.7215326],[129.1062279,35.7215244],[129.1062342,35.7215087],[129.106235,35.7215066],[129.1062669,35.7214434],[129.1062772,35.7214257],[129.106305,35.7213739],[129.1063252,35.7213284],[129.1062836,35.7213162],[129.106264,35.7213605],[129.106237,35.7214107],[129.1062265,35.7214288],[129.1061935,35.7214941],[129.1061922,35.7214975],[129.1061897,35.7215038],[129.1061861,35.7215096],[129.1061836,35.7215116],[129.1061799,35.7215132],[129.1061766,35.7215134]]]]}},{"type":"Feature","properties":{"UFID":"100035905015A00110100000004516942"},"geometry":{"type":"MultiPolygon","coordinates":[[[[129.1068029,35.7235414],[129.1067203,35.7235352],[129.10672,35.7235389],[129.1067196,35.7235658],[129.1068024,35.7235692],[129.1068029,35.7235414]]]]}},{"type":"Feature","properties":{"UFID":"100035905015A00110100000004516943"},"geometry":{"type":"MultiPolygon","coordinates":[[[[129.1068029,35.7235414],[129.1068024,35.7235692],[129.1068043,35.7235693],[129.106814,35.7235705],[129.1068292,35.7235716],[129.1068485,35.7235724],[129.1068553,35.7235718],[129.1068662,35.7235709],[129.10688,35.7235693],[129.1069245,35.7235637],[129.1069194,35.723537],[129.1068751,35.7235426],[129.1068623,35.723544],[129.1068518,35.7235449],[129.1068475,35.7235452],[129.1068315,35.7235446],[129.1068178,35.7235436],[129.1068104,35.7235427],[129.1068029,35.7235414]]]]}},{"type":"Feature","properties":{"UFID":"100035905015A00110100000004516944"},"geometry":{"type":"MultiPolygon","coordinates":[[[[129.1072591,35.7247813],[129.1072533,35.7247471],[129.1071742,35.7247709],[129.1071831,35.7248345],[129.1072591,35.7247813]]]]}},{"type":"Feature","properties":{"UFID":"100035905015A00110100000004516945"},"geometry":{"type":"MultiPolygon","coordinates":[[[[129.1072533,35.7247471],[129.1072504,35.7247327],[129.1072487,35.7247242],[129.1072285,35.7246136],[129.1072123,35.7245476],[129.1071843,35.7244778],[129.1071436,35.7243797],[129.1070903,35.7242699],[129.1070358,35.7241559],[129.106981,35.724042],[129.1069219,35.7239176],[129.1069193,35.723912],[129.1068779,35.7238287],[129.1068755,35.7238248],[129.1068427,35.7237545],[129.1068418,35.7237524],[129.1068183,35.7236915],[129.1068166,35.7236885],[129.1068093,35.7236641],[129.1068087,35.7236619],[129.1068058,35.7236438],[129.1068019,35.7236192],[129.1068018,35.7236137],[129.1068024,35.7235692],[129.1067196,35.7235658],[129.1067188,35.723614],[129.1067191,35.7236243],[129.1067236,35.7236526],[129.1067269,35.7236729],[129.1067283,35.7236787],[129.1067381,35.7237112],[129.106741,35.7237162],[129.1067631,35.7237738],[129.1067649,35.7237779],[129.1067993,35.7238514],[129.106802,35.7238561],[129.1068421,35.7239366],[129.1068444,35.7239417],[129.1069038,35.7240666],[129.1069586,35.7241805],[129.1070132,35.7242946],[129.1070658,35.7244029],[129.1071056,35.7244992],[129.107132,35.7245648],[129.1071468,35.7246252],[129.1071668,35.7247346],[129.1071686,35.7247436],[129.1071742,35.7247709],[129.1072533,35.7247471]]]]}},{"type":"Feature","properties":{"UFID":"100035905015A00110100000004516946"},"geometry":{"type":"MultiPolygon","coordinates":[[[[129.1072533,35.7247471],[129.1072591,35.7247813],[129.1072613,35.7247794],[129.1072937,35.7247531],[129.1073139,35.7247202],[129.1073241,35.7246883],[129.1073243,35.7246878],[129.1073419,35.7246696],[129.1073961,35.7246298],[129.1073739,35.7246097],[129.1073177,35.7246511],[129.1072945,35.724675],[129.1072922,35.7246808],[129.1072827,35.7247106],[129.1072665,35.7247371],[129.1072566,35.724745],[129.1072533,35.7247471]]]]}},{"type":"Feature","properties":{"UFID":"100035905015A00110100000004516947"},"geometry":{"type":"MultiPolygon","coordinates":[[[[129.1069121,35.7222755],[129.1069097,35.7222763],[129.1069086,35.7222764],[129.1069066,35.7222763],[129.1068974,35.7222731],[129.106861,35.7222561],[129.1068547,35.7222547],[129.1068529,35.7222542],[129.106841,35.7222499],[129.1067852,35.7222264],[129.106732,35.7222003],[129.1066824,35.7221713],[129.1066361,35.7221385],[129.1065912,35.7221051],[129.1065529,35.722075],[129.1064957,35.7220248],[129.1064477,35.7219801],[129.1064449,35.7219779],[129.1064442,35.7219766],[129.1064225,35.7219976],[129.1064711,35.7220429],[129.1065293,35.722094],[129.1065685,35.7221248],[129.106614,35.7221587],[129.1066618,35.7221925],[129.1067138,35.7222229],[129.1067691,35.72225],[129.1068267,35.7222743],[129.1068405,35.7222792],[129.1068444,35.7222804],[129.1068481,35.7222813],[129.1068954,35.7223033],[129.1069012,35.7223076],[129.1069121,35.7222755]]]]}},{"type":"Feature","properties":{"UFID":"100035905015A00110100000004516948"},"geometry":{"type":"MultiPolygon","coordinates":[[[[129.1073164,35.7208734],[129.1072583,35.7208653],[129.1072461,35.720923],[129.1073017,35.7209308],[129.1073164,35.7208734]]]]}},{"type":"Feature","properties":{"UFID":"100035905015A00110100000004516949"},"geometry":{"type":"MultiPolygon","coordinates":[[[[129.1073804,35.7209416],[129.1073017,35.7209308],[129.1072862,35.7209913],[129.107249,35.7211233],[129.1072242,35.7212107],[129.1072051,35.7212722],[129.107165,35.7214104],[129.1071308,35.721522],[129.1071004,35.721625],[129.1070964,35.7216386],[129.1070661,35.7217403],[129.1070549,35.721777],[129.1070522,35.7217853],[129.1070378,35.7218294],[129.1070036,35.7219403],[129.1069537,35.722122],[129.1069159,35.722258],[129.1069121,35.7222755],[129.1069749,35.7223262],[129.1069793,35.7223077],[129.1069815,35.7222983],[129.1070033,35.7222065],[129.107032,35.7220999],[129.1070653,35.7219839],[129.1070703,35.7219645],[129.1071011,35.7218657],[129.107108,35.7218331],[129.1071368,35.7217401],[129.1071693,35.7216299],[129.10718,35.7215895],[129.1072076,35.7215008],[129.1072469,35.7213675],[129.1072874,35.7212286],[129.1073219,35.7211281],[129.1073804,35.7209416]]]]}},{"type":"Feature","properties":{"UFID":"100035905015A00110100000004516950"},"geometry":{"type":"MultiPolygon","coordinates":[[[[129.1073983,35.7208846],[129.1073164,35.7208734],[129.1073017,35.7209308],[129.1073804,35.7209416],[129.1073983,35.7208846]]]]}},{"type":"Feature","properties":{"UFID":"100035905015A00110100000004516951"},"geometry":{"type":"MultiPolygon","coordinates":[[[[129.1074487,35.7202048],[129.1073433,35.7201538],[129.1073514,35.7201804],[129.1073808,35.7203274],[129.1073986,35.7204358],[129.1074016,35.720511],[129.1074014,35.7205301],[129.107401,35.7205474],[129.1074005,35.7205631],[129.107399,35.7205773],[129.1073634,35.7207078],[129.1073244,35.7208423],[129.1073164,35.7208734],[129.1073983,35.7208846],[129.1074505,35.7206997],[129.1074728,35.7205866],[129.1074795,35.7205052],[129.1074812,35.7204254],[129.1074801,35.7203691],[129.107473,35.7202988],[129.1074513,35.7202219],[129.1074487,35.7202071],[129.1074487,35.7202048]]]]}},{"type":"Feature","properties":{"UFID":"100035905015A00110100000004516952"},"geometry":{"type":"MultiPolygon","coordinates":[[[[129.1089118,35.708155],[129.1087792,35.7081565],[129.1087852,35.7081573],[129.1087897,35.7081592],[129.1087926,35.7081611],[129.1088231,35.708195],[129.1088636,35.7083255],[129.1089262,35.7085305],[129.1090035,35.7087733],[129.1090785,35.708759],[129.108975,35.7084295],[129.1089057,35.7081994],[129.1089026,35.708185],[129.1089042,35.7081695],[129.1089118,35.708155]]]]}},{"type":"Feature","properties":{"UFID":"100035905015A00110100000004516953"},"geometry":{"type":"MultiPolygon","coordinates":[[[[129.108907,35.70806],[129.1088253,35.7080707],[129.1087598,35.7080774],[129.1087792,35.7081565],[129.1089118,35.708155],[129.108907,35.70806]]]]}},{"type":"Feature","properties":{"UFID":"100035905015A00110100000004516954"},"geometry":{"type":"MultiPolygon","coordinates":[[[[129.108907,35.70806],[129.1089118,35.708155],[129.1089332,35.7081441],[129.1089722,35.7081295],[129.1090616,35.7081189],[129.1090517,35.7080351],[129.1089377,35.708056],[129.108907,35.70806]]]]}},{"type":"Feature","properties":{"UFID":"100035905015A00110100000004516955"},"geometry":{"type":"MultiPolygon","coordinates":[[[[129.1087792,35.7081565],[129.1087598,35.7080774],[129.1085632,35.7081142],[129.1085295,35.7081165],[129.1085075,35.7081167],[129.108489,35.7080971],[129.1084688,35.7080246],[129.1084684,35.7080632],[129.1084708,35.7082613],[129.1084736,35.7082529],[129.1084836,35.7082383],[129.1085063,35.7082228],[129.1085456,35.7082041],[129.1087792,35.7081565]]]]}},{"type":"Feature","properties":{"UFID":"100035905015A00110100000004516956"},"geometry":{"type":"MultiPolygon","coordinates":[[[[129.1190738,35.7121173],[129.1190302,35.7121034],[129.1190281,35.7121015],[129.1190279,35.7120997],[129.1190286,35.7120982],[129.1190586,35.7120697],[129.1190041,35.7120421],[129.1190064,35.7120527],[129.1190042,35.7120602],[129.1189981,35.7120664],[129.1189934,35.7120701],[129.1189257,35.7121023],[129.1189178,35.7121044],[129.1189112,35.7121055],[129.1188877,35.7121066],[129.1189268,35.7121169],[129.1189836,35.7121312],[129.1190313,35.7121438],[129.119036,35.7121439],[129.1190416,35.7121431],[129.1190444,35.7121416],[129.1190501,35.7121374],[129.1190738,35.7121173]]]]}},{"type":"Feature","properties":{"UFID":"100035905015A00110100000004516957"},"geometry":{"type":"MultiPolygon","coordinates":[[[[129.1190527,35.7119582],[129.119011,35.7119698],[129.1190041,35.7120421],[129.1190586,35.7120697],[129.1191087,35.7120219],[129.1191156,35.7120076],[129.1191163,35.7120036],[129.119115,35.7120017],[129.1190527,35.7119582]]]]}},{"type":"Feature","properties":{"UFID":"100035905015A00110100000004516958"},"geometry":{"type":"MultiPolygon","coordinates":[[[[129.1190527,35.7119582],[129.1190097,35.7119091],[129.1189987,35.711873],[129.1189987,35.7118637],[129.1189633,35.7118689],[129.1189742,35.7119023],[129.1190102,35.7119615],[129.1190113,35.7119673],[129.119011,35.7119698],[129.1190527,35.7119582]]]]}},{"type":"Feature","properties":{"UFID":"100035905015A00110100000004516959"},"geometry":{"type":"MultiPolygon","coordinates":[[[[129.1172143,35.7121418],[129.1171486,35.7121373],[129.1171467,35.7121425],[129.117139,35.7121492],[129.1171332,35.7121512],[129.1171254,35.7121524],[129.1172205,35.7121515],[129.1172172,35.7121481],[129.1172143,35.7121418]]]]}},{"type":"Feature","properties":{"UFID":"100035905015A00110100000004516960"},"geometry":{"type":"MultiPolygon","coordinates":[[[[129.118725,35.7095708],[129.118707,35.7095455],[129.1186263,35.7095739],[129.1186449,35.7095965],[129.1186546,35.7095927],[129.118725,35.7095708]]]]}},{"type":"Feature","properties":{"UFID":"100035905015A00110100000004516961"},"geometry":{"type":"MultiPolygon","coordinates":[[[[129.118707,35.7095455],[129.118725,35.7095708],[129.1187446,35.7095632],[129.118754,35.7095586],[129.1187934,35.7095199],[129.1188675,35.7094239],[129.1188793,35.7094102],[129.1189159,35.7093855],[129.1190383,35.709326],[129.1190173,35.7093073],[129.1188897,35.7093715],[129.1188822,35.7093762],[129.1188765,35.7093796],[129.1188475,35.7094052],[129.1187778,35.7094993],[129.1187663,35.7095141],[129.1187466,35.7095293],[129.1187386,35.7095339],[129.118707,35.7095455]]]]}},{"type":"Feature","properties":{"UFID":"100035905015A00110100000004516962"},"geometry":{"type":"MultiPolygon","coordinates":[[[[129.1172292,35.711397],[129.1172262,35.7113899],[129.1172251,35.7113818],[129.1172244,35.7113733],[129.1172252,35.7113477],[129.1172321,35.7112725],[129.1172332,35.7112647],[129.1172347,35.7112455],[129.1172345,35.7112133],[129.1172315,35.7111901],[129.1172246,35.7111636],[129.1172077,35.7111195],[129.1171917,35.7110805],[129.1171813,35.7110391],[129.1171748,35.7110105],[129.1171274,35.7110061],[129.1171464,35.7110559],[129.1171652,35.711104],[129.1171815,35.7111402],[129.117191,35.7111642],[129.1171965,35.7111943],[129.1171998,35.7112347],[129.1171964,35.7113066],[129.1171963,35.7113196],[129.1171927,35.7113822],[129.1172081,35.7114164],[129.1172292,35.711397]]]]}},{"type":"Feature","properties":{"UFID":"100035905015A00110100000004516963"},"geometry":{"type":"MultiPolygon","coordinates":[[[[129.1174781,35.7116755],[129.1174761,35.7116757],[129.1174447,35.7115851],[129.1174423,35.7115799],[129.1174395,35.7115752],[129.1174376,35.7115737],[129.1173984,35.7115512],[129.1173269,35.7114986],[129.117237,35.7114032],[129.1172292,35.711397],[129.1172081,35.7114164],[129.1172305,35.7114419],[129.1173114,35.7115162],[129.1173834,35.7115726],[129.1174164,35.7116133],[129.1174396,35.7116728],[129.1174433,35.7116872],[129.1174448,35.7117015],[129.1174454,35.7117146],[129.1174356,35.7117505],[129.1174229,35.7117845],[129.1174781,35.7116755]]]]}},{"type":"Feature","properties":{"UFID":"100035905015A00110100000004516964"},"geometry":{"type":"MultiPolygon","coordinates":[[[[129.1172247,35.7121145],[129.1171679,35.7121055],[129.1171486,35.7121373],[129.1172143,35.7121418],[129.1172247,35.7121145]]]]}},{"type":"Feature","properties":{"UFID":"100035905015A00110100000004516965"},"geometry":{"type":"MultiPolygon","coordinates":[[[[129.1174436,35.7117939],[129.1174229,35.7117845],[129.1173625,35.7118569],[129.117268,35.7119603],[129.117221,35.7120202],[129.1171951,35.7120763],[129.1171727,35.7121037],[129.1171679,35.7121055],[129.1172247,35.7121145],[129.1172509,35.7120455],[129.1172917,35.7119855],[129.1174171,35.7118362],[129.1174436,35.7117939]]]]}},{"type":"Feature","properties":{"UFID":"100035905015A00110100000004516966"},"geometry":{"type":"MultiPolygon","coordinates":[[[[129.117497,35.7116821],[129.1174781,35.7116755],[129.1174229,35.7117845],[129.1174436,35.7117939],[129.1174768,35.711741],[129.117497,35.7116821]]]]}},{"type":"Feature","properties":{"UFID":"100035905015A00110100000004516967"},"geometry":{"type":"MultiPolygon","coordinates":[[[[129.1172205,35.7121515],[129.1171254,35.7121524],[129.1171188,35.7121961],[129.1172146,35.7122001],[129.1172205,35.7121515]]]]}},{"type":"Feature","properties":{"UFID":"100035905015A00110100000004516968"},"geometry":{"type":"MultiPolygon","coordinates":[[[[129.1082199,35.7166235],[129.1082165,35.7166241],[129.1082125,35.7166244],[129.1082079,35.7166238],[129.1082038,35.7166233],[129.1081648,35.716606],[129.1081248,35.7165738],[129.1081154,35.7165654],[129.1080804,35.7165752],[129.1081053,35.7165899],[129.1081495,35.7166261],[129.1081882,35.7166556],[129.1081906,35.7166584],[129.1081913,35.7166596],[129.1081916,35.7166612],[129.1082199,35.7166235]]]]}},{"type":"Feature","properties":{"UFID":"100035905015A00110100000004516969"},"geometry":{"type":"MultiPolygon","coordinates":[[[[129.1081154,35.7165654],[129.1081123,35.7165586],[129.1081106,35.7165495],[129.10811,35.7165408],[129.1081097,35.7165351],[129.1080741,35.7165432],[129.1080804,35.7165752],[129.1081154,35.7165654]]]]}},{"type":"Feature","properties":{"UFID":"100035905015A00110100000004516970"},"geometry":{"type":"MultiPolygon","coordinates":[[[[129.1080741,35.7165432],[129.1080719,35.7165443],[129.1080705,35.7165444],[129.1080675,35.7165444],[129.108019,35.7165325],[129.1080244,35.7165543],[129.1080804,35.7165752],[129.1080741,35.7165432]]]]}},{"type":"Feature","properties":{"UFID":"100035905015A00110100000004516971"},"geometry":{"type":"MultiPolygon","coordinates":[[[[129.1081097,35.7165351],[129.1081096,35.7165272],[129.1081125,35.7164772],[129.1081148,35.7164165],[129.1081212,35.716345],[129.1081451,35.7162364],[129.1081546,35.7161791],[129.1081571,35.7161633],[129.1081601,35.7161495],[129.1081655,35.7161374],[129.1081924,35.7161117],[129.1081731,35.7160948],[129.1081465,35.7161088],[129.1081439,35.7161085],[129.1081412,35.7161066],[129.1081381,35.7161045],[129.108111,35.7161132],[129.1081209,35.7161482],[129.1081223,35.7161571],[129.1081229,35.7161639],[129.1081224,35.7161697],[129.1081168,35.716208],[129.1080878,35.7163571],[129.1080802,35.716406],[129.1080805,35.7164085],[129.1080759,35.7165396],[129.1080741,35.7165432],[129.1081097,35.7165351]]]]}},{"type":"Feature","properties":{"UFID":"100035905015A00110100000004516972"},"geometry":{"type":"MultiPolygon","coordinates":[[[[129.105271,35.7167041],[129.1051614,35.7166949],[129.1051629,35.7167287],[129.1051875,35.7167287],[129.1052008,35.7167294],[129.1052401,35.7167322],[129.1052533,35.7167334],[129.1052698,35.7167339],[129.105271,35.7167041]]]]}},{"type":"Feature","properties":{"UFID":"100035905015A00110100000004516973"},"geometry":{"type":"MultiPolygon","coordinates":[[[[129.1059924,35.7191323],[129.1059889,35.7191048],[129.1058827,35.7191329],[129.1058995,35.7191563],[129.1059618,35.7191386],[129.1059924,35.7191323]]]]}},{"type":"Feature","properties":{"UFID":"100035905015A00110100000004516974"},"geometry":{"type":"MultiPolygon","coordinates":[[[[129.1069049,35.7173736],[129.1068941,35.7173357],[129.1068132,35.7173667],[129.1068249,35.7174028],[129.1069049,35.7173736]]]]}},{"type":"Feature","properties":{"UFID":"100035905015A00110100000004516975"},"geometry":{"type":"MultiPolygon","coordinates":[[[[129.1051614,35.7166949],[129.105271,35.7167041],[129.1052665,35.7167014],[129.1052641,35.7166987],[129.1052476,35.7166715],[129.1052344,35.7166308],[129.1052344,35.7166028],[129.1052458,35.7165646],[129.1052707,35.7164508],[129.105241,35.7164468],[129.1052118,35.7165817],[129.1051816,35.7166759],[129.1051703,35.7166897],[129.1051653,35.7166933],[129.1051614,35.7166949]]]]}},{"type":"Feature","properties":{"UFID":"100035905015A00110100000004516976"},"geometry":{"type":"MultiPolygon","coordinates":[[[[129.1059889,35.7191048],[129.1059738,35.7191044],[129.1059711,35.719104],[129.105968,35.7191033],[129.1059659,35.7191025],[129.1059639,35.7191012],[129.1059625,35.7190999],[129.1059612,35.7190974],[129.1059653,35.7190873],[129.1059807,35.7190459],[129.106047,35.7189209],[129.1060779,35.7188557],[129.1060848,35.7188396],[129.106053,35.7188319],[129.1060467,35.7188464],[129.1060163,35.7189106],[129.1059495,35.7190366],[129.1059337,35.7190791],[129.1059325,35.719082],[129.1059026,35.7191188],[129.1058982,35.7191218],[129.1058927,35.7191262],[129.1058827,35.7191329],[129.1059889,35.7191048]]]]}},{"type":"Feature","properties":{"UFID":"100035905015A00110100000004516977"},"geometry":{"type":"MultiPolygon","coordinates":[[[[129.1066063,35.7177315],[129.106576,35.7177205],[129.1065738,35.7177246],[129.1065644,35.7177432],[129.1065204,35.7178022],[129.1064416,35.7178979],[129.1063758,35.7179944],[129.1063114,35.7180964],[129.1062687,35.7181718],[129.1062293,35.7182553],[129.1061955,35.7183333],[129.1061716,35.7184174],[129.1061189,35.718586],[129.1060912,35.7186738],[129.1060736,35.7187561],[129.1060687,35.7187784],[129.106053,35.7188319],[129.1060848,35.7188396],[129.1061011,35.7187839],[129.1061062,35.7187609],[129.1061236,35.7186795],[129.106151,35.7185927],[129.1062038,35.7184238],[129.1062274,35.7183409],[129.1062604,35.7182646],[129.1062992,35.7181823],[129.1063412,35.7181083],[129.106405,35.7180072],[129.1064699,35.7179121],[129.1065484,35.7178167],[129.1065941,35.7177555],[129.1066043,35.7177353],[129.1066063,35.7177315]]]]}},{"type":"Feature","properties":{"UFID":"100035905015A00110100000004516978"},"geometry":{"type":"MultiPolygon","coordinates":[[[[129.1068249,35.7174028],[129.1068132,35.7173667],[129.1068128,35.7173703],[129.1068122,35.7173744],[129.1068023,35.7173815],[129.1067548,35.7174226],[129.1067163,35.7174674],[129.1066588,35.717568],[129.106576,35.7177205],[129.1066063,35.7177315],[129.106689,35.7175792],[129.1067451,35.717481],[129.1067806,35.7174398],[129.1068237,35.7174024],[129.1068249,35.7174028]]]]}},{"type":"Feature","properties":{"UFID":"100035905015A00110100000004516979"},"geometry":{"type":"MultiPolygon","coordinates":[[[[129.1068941,35.7173357],[129.1068822,35.7172918],[129.1068688,35.717247],[129.1068674,35.7172395],[129.1067238,35.7172401],[129.1067783,35.717291],[129.1067959,35.7173187],[129.1068132,35.7173667],[129.1068941,35.7173357]]]]}},{"type":"Feature","properties":{"UFID":"100035905015A00110100000004516980"},"geometry":{"type":"MultiPolygon","coordinates":[[[[129.1066108,35.718854],[129.1065756,35.7188547],[129.1065361,35.7189042],[129.1064923,35.7189429],[129.1064156,35.7189839],[129.1063364,35.7190217],[129.1062559,35.7190599],[129.1061875,35.7190926],[129.1061854,35.7190934],[129.1061834,35.7190939],[129.1061702,35.719095],[129.106081,35.7190971],[129.1060524,35.7190988],[129.1060426,35.7190991],[129.1059994,35.7191035],[129.1059915,35.7191041],[129.1059889,35.7191048],[129.1059924,35.7191323],[129.1059981,35.7191308],[129.106003,35.7191304],[129.1060452,35.7191261],[129.1060542,35.7191259],[129.1060827,35.7191241],[129.1061723,35.719122],[129.1061906,35.7191205],[129.1061975,35.7191186],[129.1062027,35.7191167],[129.1062726,35.7190833],[129.1063531,35.719045],[129.106433,35.7190069],[129.1065139,35.7189637],[129.1065623,35.7189209],[129.1066059,35.7188663],[129.1066094,35.7188571],[129.1066108,35.718854]]]]}},{"type":"Feature","properties":{"UFID":"100035905015A00110100000004516981"},"geometry":{"type":"MultiPolygon","coordinates":[[[[129.1084688,35.7080246],[129.1083788,35.7080241],[129.1083764,35.7081373],[129.108376,35.7082388],[129.1083757,35.7082603],[129.1084708,35.7082613],[129.1084684,35.7080632],[129.1084688,35.7080246]]]]}},{"type":"Feature","properties":{"UFID":"100035905015A00110100000004516982"},"geometry":{"type":"MultiPolygon","coordinates":[[[[129.1084825,35.7074817],[129.1083933,35.7073969],[129.1083827,35.7074631],[129.1083821,35.7075355],[129.1083841,35.7075745],[129.1083823,35.7076735],[129.1083805,35.7077788],[129.1083807,35.7078874],[129.108379,35.7080144],[129.1083788,35.7080241],[129.1084688,35.7080246],[129.1084709,35.7077981],[129.1084782,35.7075813],[129.1084783,35.7075269],[129.1084804,35.7074907],[129.1084804,35.7074851],[129.1084825,35.7074817]]]]}},{"type":"Feature","properties":{"UFID":"100035905015A00110100000004516983"},"geometry":{"type":"MultiPolygon","coordinates":[[[[129.1176087,35.7122312],[129.1175269,35.7122143],[129.1172315,35.7121552],[129.1172205,35.7121515],[129.1172146,35.7122001],[129.117264,35.7122021],[129.1173238,35.7122104],[129.1174178,35.712229],[129.1175189,35.7122533],[129.1175519,35.7122612],[129.1175757,35.7122716],[129.1175856,35.7122725],[129.1175886,35.7122731],[129.1175894,35.7122738],[129.1176087,35.7122312]]]]}},{"type":"Feature","properties":{"UFID":"100035905015A00110100000004516984"},"geometry":{"type":"MultiPolygon","coordinates":[[[[129.1190985,35.7121354],[129.1190738,35.7121173],[129.1190501,35.7121374],[129.1190444,35.7121416],[129.1190416,35.7121431],[129.119036,35.7121439],[129.1190313,35.7121438],[129.1189836,35.7121312],[129.1189268,35.7121169],[129.1188877,35.7121066],[129.1188777,35.7121324],[129.1189168,35.7121427],[129.1189735,35.7121569],[129.1190395,35.7121744],[129.1190447,35.7121745],[129.1190487,35.7121742],[129.1190526,35.7121729],[129.1190647,35.7121641],[129.1190985,35.7121354]]]]}},{"type":"Feature","properties":{"UFID":"100035905015A00110100000004516985"},"geometry":{"type":"MultiPolygon","coordinates":[[[[129.1171679,35.7121055],[129.1171633,35.7121048],[129.1171298,35.7120758],[129.1170805,35.7120262],[129.1170567,35.7120465],[129.1171472,35.7121252],[129.1171486,35.7121295],[129.1171489,35.7121326],[129.1171486,35.7121373],[129.1171679,35.7121055]]]]}},{"type":"Feature","properties":{"UFID":"100035905015A00110100000004516986"},"geometry":{"type":"MultiPolygon","coordinates":[[[[129.1082632,35.7166446],[129.1082199,35.7166235],[129.1081916,35.7166612],[129.1082329,35.7166927],[129.1082459,35.7166722],[129.1082632,35.7166446]]]]}},{"type":"Feature","properties":{"UFID":"100035905015A00110100000004516987"},"geometry":{"type":"MultiPolygon","coordinates":[[[[129.1087156,35.7156497],[129.1086599,35.7156701],[129.108656,35.7156962],[129.1086456,35.7157678],[129.10863,35.7158757],[129.1086028,35.7159562],[129.1085789,35.7160265],[129.1085584,35.7160796],[129.1086021,35.7160916],[129.1086016,35.7160864],[129.1086056,35.7160749],[129.1086463,35.7159498],[129.1086784,35.7158494],[129.1086964,35.7157653],[129.1087099,35.7156943],[129.1087153,35.7156512],[129.1087156,35.7156497]]]]}},{"type":"Feature","properties":{"UFID":"100035905015A00110100000004516988"},"geometry":{"type":"MultiPolygon","coordinates":[[[[129.1085873,35.7161225],[129.1085461,35.7161116],[129.1085442,35.7161166],[129.1084893,35.7162201],[129.1084186,35.7163508],[129.1083491,35.7164491],[129.1082905,35.7165342],[129.1082243,35.7166205],[129.1082199,35.7166235],[129.1082632,35.7166446],[129.1082922,35.7165988],[129.1083564,35.7165105],[129.1084223,35.7164125],[129.1084802,35.7163159],[129.1085226,35.716235],[129.1085743,35.716136],[129.1085779,35.7161287],[129.1085838,35.7161241],[129.1085873,35.7161225]]]]}},{"type":"Feature","properties":{"UFID":"100035905015A00110100000004516989"},"geometry":{"type":"MultiPolygon","coordinates":[[[[129.1086021,35.7160916],[129.1085584,35.7160796],[129.1085461,35.7161116],[129.1085873,35.7161225],[129.1086021,35.7160916]]]]}},{"type":"Feature","properties":{"UFID":"100035905015A00110100000004516990"},"geometry":{"type":"MultiPolygon","coordinates":[[[[129.1082329,35.7166927],[129.1081916,35.7166612],[129.1081395,35.7167324],[129.1080807,35.7168018],[129.1080592,35.7168251],[129.1079839,35.7168936],[129.1078902,35.7169708],[129.1078603,35.7169949],[129.1077483,35.7170895],[129.1077279,35.7171135],[129.1076609,35.7171701],[129.1076551,35.7171732],[129.1076304,35.7171824],[129.10761,35.717191],[129.1075415,35.7172495],[129.1074864,35.7173117],[129.1074085,35.7173909],[129.1073903,35.7174071],[129.1073874,35.7174097],[129.107386,35.7174102],[129.107428,35.7174403],[129.1074505,35.7174202],[129.1075303,35.717339],[129.107584,35.7172784],[129.1076436,35.7172275],[129.1076546,35.7172229],[129.1076818,35.7172129],[129.1076963,35.7172051],[129.1077708,35.7171421],[129.1077912,35.7171182],[129.1078997,35.7170265],[129.1079292,35.7170026],[129.1080241,35.7169245],[129.108102,35.7168537],[129.1081255,35.7168281],[129.108186,35.7167567],[129.1082329,35.7166927]]]]}},{"type":"Feature","properties":{"UFID":"100035905015A00110100000004516991"},"geometry":{"type":"MultiPolygon","coordinates":[[[[129.1068612,35.7172043],[129.1067723,35.7172057],[129.1067238,35.7172401],[129.1068674,35.7172395],[129.1068657,35.7172306],[129.1068612,35.7172043]]]]}},{"type":"Feature","properties":{"UFID":"100035905015A00110100000004516992"},"geometry":{"type":"MultiPolygon","coordinates":[[[[129.1065402,35.7166224],[129.1065385,35.7165913],[129.1065371,35.7165918],[129.1065329,35.7165918],[129.1065154,35.7165891],[129.1064691,35.7165862],[129.1064265,35.7165928],[129.1063742,35.7166119],[129.1062928,35.7166638],[129.1062407,35.716699],[129.1062011,35.7167236],[129.1061695,35.7167373],[129.1061567,35.7167398],[129.1061351,35.7167372],[129.1060873,35.7167271],[129.1060167,35.7167082],[129.1059425,35.7166937],[129.1058606,35.7166849],[129.1057498,35.7166807],[129.1056623,35.7166829],[129.1055533,35.7166883],[129.1054202,35.7167034],[129.1053325,35.7167085],[129.105271,35.7167041],[129.1052698,35.7167339],[129.1053332,35.7167356],[129.1054237,35.7167303],[129.1055566,35.7167152],[129.1056639,35.7167099],[129.1057495,35.7167078],[129.1058576,35.7167118],[129.1059365,35.7167203],[129.1060077,35.7167342],[129.1060779,35.716753],[129.1061285,35.7167637],[129.1061582,35.7167673],[129.1061813,35.7167628],[129.106219,35.7167465],[129.1062614,35.7167202],[129.1063136,35.7166849],[129.1063914,35.7166352],[129.1064366,35.7166187],[129.1064709,35.7166134],[129.106511,35.716616],[129.1065326,35.7166193],[129.1065375,35.7166206],[129.1065388,35.7166212],[129.1065402,35.7166224]]]]}},{"type":"Feature","properties":{"UFID":"100035905015A00110100000004516993"},"geometry":{"type":"MultiPolygon","coordinates":[[[[129.1070222,35.7176965],[129.1070174,35.7176951],[129.1070104,35.7176826],[129.1069852,35.7176143],[129.1069599,35.7175442],[129.1069297,35.7174567],[129.1069049,35.7173736],[129.1068249,35.7174028],[129.106839,35.717432],[129.1068438,35.7174467],[129.1068729,35.7175399],[129.1068999,35.7176221],[129.1069053,35.7176405],[129.1069278,35.7176929],[129.1069425,35.717719],[129.1070222,35.7176965]]]]}},{"type":"Feature","properties":{"UFID":"100035905015A00110100000004516994"},"geometry":{"type":"MultiPolygon","coordinates":[[[[129.1058995,35.7191563],[129.1058827,35.7191329],[129.1058652,35.7191398],[129.1058032,35.7191765],[129.1057721,35.7192015],[129.1057196,35.7192595],[129.1056872,35.7193095],[129.1056846,35.719316],[129.1056636,35.7193554],[129.1056634,35.719356],[129.1056581,35.7193632],[129.1056071,35.7194348],[129.1055829,35.7194665],[129.1055302,35.7195273],[129.1054819,35.7195775],[129.1054693,35.7195862],[129.1054296,35.7196129],[129.105425,35.7196145],[129.10542,35.7196173],[129.1054025,35.719625],[129.1053835,35.7196429],[129.1054202,35.7196521],[129.1054201,35.7196505],[129.1054212,35.7196487],[129.1054237,35.7196464],[129.1054372,35.7196404],[129.1054409,35.7196384],[129.105447,35.7196363],[129.1054906,35.719607],[129.1055059,35.7195964],[129.1055568,35.7195435],[129.1056105,35.7194815],[129.1056355,35.7194488],[129.1056866,35.7193769],[129.1056931,35.7193682],[129.1056942,35.719366],[129.1057158,35.7193254],[129.1057179,35.7193199],[129.1057477,35.7192739],[129.1057973,35.7192192],[129.1058247,35.7191971],[129.1058822,35.7191631],[129.1058995,35.7191563]]]]}},{"type":"Feature","properties":{"UFID":"100035905015A00110100000004516995"},"geometry":{"type":"MultiPolygon","coordinates":[[[[129.1176484,35.7122393],[129.1176087,35.7122312],[129.1175894,35.7122738],[129.1176314,35.7122756],[129.1176484,35.7122393]]]]}},{"type":"Feature","properties":{"UFID":"100035905015A00110100000004516996"},"geometry":{"type":"MultiPolygon","coordinates":[[[[129.1171254,35.7121524],[129.1171034,35.7121523],[129.1169472,35.7121422],[129.1166818,35.7121189],[129.1165867,35.7121139],[129.1165541,35.712116],[129.1165061,35.7121169],[129.1164947,35.7121175],[129.1163664,35.7121281],[129.1163517,35.7121289],[129.1163005,35.7121338],[129.1162155,35.7121443],[129.116208,35.7121447],[129.1161985,35.7121463],[129.1161892,35.7121471],[129.1161823,35.7121481],[129.1162029,35.7121824],[129.1162052,35.712182],[129.116214,35.7121805],[129.1162204,35.7121801],[129.1163063,35.7121695],[129.1163558,35.7121648],[129.1163701,35.712164],[129.1164985,35.7121535],[129.1165081,35.7121529],[129.1165536,35.7121521],[129.1165762,35.7121529],[129.1165935,35.7121536],[129.1166524,35.7121579],[129.1166608,35.7121582],[129.1166704,35.712159],[129.1167278,35.7121738],[129.1167813,35.71218],[129.1169244,35.7121857],[129.1169449,35.7121862],[129.1169565,35.7121865],[129.116969,35.7121873],[129.1171188,35.7121961],[129.1171254,35.7121524]]]]}},{"type":"Feature","properties":{"UFID":"100035905015A00110100000004516997"},"geometry":{"type":"MultiPolygon","coordinates":[[[[129.1188777,35.7121324],[129.1188877,35.7121066],[129.1188485,35.7120963],[129.1188233,35.7120904],[129.1188006,35.7120832],[129.1187512,35.7120708],[129.1186704,35.7120527],[129.1186163,35.7120426],[129.1186108,35.7120418],[129.1186053,35.7120411],[129.1185894,35.7120419],[129.1185842,35.7120426],[129.1185701,35.7120452],[129.1185398,35.7120568],[129.1184923,35.7120861],[129.1184296,35.7121351],[129.1184226,35.7121402],[129.1183933,35.7121675],[129.1183786,35.712179],[129.1183716,35.7121848],[129.1183453,35.7122007],[129.1183394,35.712204],[129.1182756,35.7122368],[129.1182518,35.7122466],[129.1182147,35.7122532],[129.1181745,35.7122572],[129.1181668,35.7122575],[129.1181108,35.7122568],[129.1181029,35.7122561],[129.1180211,35.7122476],[129.1179447,35.712235],[129.1179026,35.7122326],[129.1178822,35.7122335],[129.1178243,35.7122362],[129.1178165,35.7122367],[129.1177907,35.7122388],[129.1177813,35.7122391],[129.1177689,35.7122408],[129.1177476,35.7122429],[129.1176584,35.7122414],[129.1176484,35.7122393],[129.1176314,35.7122756],[129.1176372,35.7122743],[129.1176681,35.7122722],[129.1177502,35.7122699],[129.1177737,35.7122675],[129.1177848,35.712266],[129.1177931,35.7122657],[129.1178194,35.7122636],[129.1178265,35.7122632],[129.1178841,35.7122605],[129.1179023,35.7122597],[129.1179402,35.7122618],[129.1180157,35.7122743],[129.118099,35.712283],[129.1181088,35.7122838],[129.1181674,35.7122845],[129.1181773,35.7122841],[129.1182203,35.7122799],[129.118263,35.7122723],[129.1182919,35.7122604],[129.1183576,35.7122267],[129.1183646,35.7122228],[129.1183934,35.7122053],[129.1184019,35.7121982],[129.1184173,35.7121862],[129.1184461,35.7121593],[129.118452,35.7121551],[129.1185139,35.7121067],[129.118557,35.71208],[129.1185809,35.7120709],[129.1185906,35.7120691],[129.118593,35.7120688],[129.1186038,35.7120683],[129.1186053,35.7120685],[129.1186095,35.7120691],[129.1186623,35.7120789],[129.118742,35.7120968],[129.1187897,35.7121087],[129.1188127,35.712116],[129.1188388,35.7121221],[129.1188777,35.7121324]]]]}},{"type":"Feature","properties":{"UFID":"100035905015A00110100000004516998"},"geometry":{"type":"MultiPolygon","coordinates":[[[[129.1209449,35.7120915],[129.1209399,35.712091],[129.1209316,35.7120842],[129.1209124,35.7120701],[129.1208935,35.7120563],[129.120884,35.7120481],[129.1207776,35.7119852],[129.1207161,35.7119419],[129.120676,35.7119049],[129.1206236,35.7118374],[129.120572,35.7117605],[129.1205323,35.7117004],[129.1204817,35.7116321],[129.1204358,35.7115764],[129.1203962,35.7115434],[129.1203657,35.7115293],[129.1203351,35.7115227],[129.1202956,35.7115201],[129.120264,35.7115193],[129.1202363,35.7115229],[129.1202136,35.7115287],[129.120122,35.7115561],[129.1201059,35.7115615],[129.119999,35.7115868],[129.1199905,35.7115884],[129.1199783,35.7115911],[129.1199047,35.7116128],[129.1198336,35.7116391],[129.1198039,35.7116515],[129.1197295,35.7116831],[129.1196666,35.7117223],[129.1196101,35.7117654],[129.1196066,35.7117684],[129.1195652,35.711798],[129.1195552,35.7118018],[129.1195504,35.7118015],[129.1195443,35.7118003],[129.1195428,35.7117994],[129.1195413,35.7117974],[129.1195274,35.7118314],[129.1195285,35.7118314],[129.119534,35.7118314],[129.1195384,35.7118323],[129.1195623,35.7118339],[129.1195865,35.7118247],[129.1196336,35.711791],[129.1196375,35.7117876],[129.1196916,35.7117464],[129.1197504,35.7117098],[129.1198217,35.7116795],[129.1198505,35.7116675],[129.1199193,35.7116421],[129.1199899,35.7116212],[129.12,35.711619],[129.1200089,35.7116173],[129.1201158,35.7115919],[129.1201942,35.7115764],[129.1202014,35.7115757],[129.1202069,35.711575],[129.1202515,35.7115751],[129.1202589,35.711575],[129.1202654,35.711575],[129.1202757,35.7115758],[129.1202848,35.7115768],[129.1202922,35.7115779],[129.1203008,35.7115787],[129.1203077,35.7115796],[129.1203237,35.7115806],[129.1203372,35.7115899],[129.1203456,35.7115907],[129.1203993,35.7116024],[129.120442,35.7116492],[129.1205465,35.7117863],[129.1205589,35.7118299],[129.120525,35.7118721],[129.1206481,35.7119524],[129.1206569,35.7119627],[129.1206671,35.7119697],[129.1206866,35.7119841],[129.120736,35.7120169],[129.120767,35.712035],[129.1208798,35.7120905],[129.1208843,35.7120918],[129.1209049,35.712107],[129.1209197,35.7121192],[129.120924,35.712123],[129.1209449,35.7120915]]]]}},{"type":"Feature","properties":{"UFID":"100035905015A00110100000004516999"},"geometry":{"type":"MultiPolygon","coordinates":[[[[129.1159728,35.7122765],[129.1159594,35.7122399],[129.1159281,35.7122585],[129.1158978,35.7122777],[129.1158846,35.7122815],[129.1158412,35.7122937],[129.1158787,35.712333],[129.1159728,35.7122765]]]]}},{"type":"Feature","properties":{"UFID":"100035905015A00110100000004517000"},"geometry":{"type":"MultiPolygon","coordinates":[[[[129.1063935,35.7219707],[129.1064175,35.7219512],[129.1064148,35.7219495],[129.1064129,35.7219477],[129.1063951,35.7219323],[129.1063718,35.7219124],[129.1063667,35.7219075],[129.1062794,35.7218336],[129.1061905,35.7217715],[129.1061547,35.7217512],[129.1060434,35.7217064],[129.1059345,35.7216659],[129.1057754,35.7216013],[129.1056936,35.7215736],[129.1055738,35.7215582],[129.1055547,35.7215584],[129.1054611,35.7215785],[129.105452,35.7215822],[129.1054435,35.7215862],[129.1053304,35.7216427],[129.1052437,35.7216965],[129.1052307,35.7217069],[129.1051545,35.7217634],[129.1050865,35.7218167],[129.1049691,35.721884],[129.1049578,35.7218891],[129.1049196,35.7219058],[129.104864,35.721923],[129.1048226,35.7219304],[129.1048125,35.7219318],[129.1048004,35.7219342],[129.1047508,35.7219431],[129.1046488,35.7219651],[129.1045953,35.7219798],[129.1044784,35.7220057],[129.1043437,35.7220356],[129.1042191,35.7220639],[129.1041702,35.722077],[129.104054,35.7221211],[129.1039707,35.7221509],[129.1039284,35.7221677],[129.1039202,35.7221746],[129.1038341,35.7222398],[129.1038257,35.7222471],[129.1038212,35.7222499],[129.1037989,35.7222652],[129.1037929,35.7222676],[129.1037381,35.7222943],[129.1037302,35.7222981],[129.1037242,35.7223022],[129.1037137,35.7223082],[129.1036354,35.7223655],[129.1036269,35.7223712],[129.1036208,35.7223768],[129.1034966,35.7224643],[129.1033983,35.7225426],[129.1033265,35.7225753],[129.1033213,35.7225787],[129.1033132,35.7225819],[129.1032251,35.7226123],[129.1031751,35.722631],[129.1031661,35.7226345],[129.1030169,35.7227029],[129.1028737,35.7227788],[129.1027354,35.7228519],[129.1027279,35.7228556],[129.1026861,35.7228754],[129.1025821,35.7229249],[129.1024263,35.7230079],[129.1023085,35.7230819],[129.1023488,35.7230922],[129.1024457,35.7230298],[129.1025995,35.7229479],[129.1026867,35.7229064],[129.1027447,35.7228789],[129.1027529,35.7228749],[129.1028917,35.7228015],[129.103034,35.722726],[129.1031813,35.7226585],[129.1031891,35.7226555],[129.1032385,35.722637],[129.1033268,35.7226065],[129.1033392,35.7226017],[129.1033452,35.7225977],[129.1034183,35.7225645],[129.1035191,35.7224842],[129.1036441,35.7223961],[129.10365,35.7223907],[129.1036571,35.722386],[129.1037345,35.7223294],[129.1037445,35.7223236],[129.1037494,35.7223202],[129.103755,35.7223175],[129.1038087,35.7222914],[129.1038172,35.722288],[129.1038421,35.722271],[129.1038481,35.7222671],[129.1038575,35.722259],[129.1039434,35.7221939],[129.1039482,35.7221899],[129.1039847,35.7221755],[129.1040677,35.7221457],[129.1041824,35.7221021],[129.1042287,35.7220898],[129.1043525,35.7220617],[129.1044871,35.7220318],[129.104605,35.7220057],[129.1046583,35.721991],[129.1047586,35.7219694],[129.1048079,35.7219605],[129.1048191,35.7219583],[129.1048288,35.721957],[129.1048735,35.721949],[129.1049333,35.7219305],[129.1049736,35.7219128],[129.1049867,35.7219069],[129.1051076,35.7218376],[129.1051771,35.7217831],[129.1052535,35.7217266],[129.1052654,35.721717],[129.1053492,35.721665],[129.1054605,35.7216094],[129.1054677,35.721606],[129.1054729,35.7216039],[129.1055592,35.7215854],[129.1055714,35.7215852],[129.1056845,35.7215998],[129.1057616,35.7216259],[129.1059203,35.7216903],[129.1060291,35.7217308],[129.1061378,35.7217746],[129.1061702,35.7217929],[129.1062566,35.7218533],[129.106342,35.7219256],[129.1063471,35.7219305],[129.106371,35.7219509],[129.1063883,35.7219659],[129.1063935,35.7219707]]]]}},{"type":"Feature","properties":{"UFID":"100035905015A00110100000004517001"},"geometry":{"type":"MultiPolygon","coordinates":[[[[129.103283,35.7199983],[129.1032593,35.7199738],[129.1032591,35.7199748],[129.1032571,35.719976],[129.1032258,35.719981],[129.1031447,35.7199967],[129.103079,35.7200049],[129.1030395,35.7200064],[129.1030246,35.7200063],[129.1030186,35.7200062],[129.1029614,35.7200031],[129.1029522,35.7200031],[129.1028606,35.7200019],[129.1027738,35.7200016],[129.1027691,35.7200015],[129.1027618,35.7200011],[129.1027603,35.7199999],[129.1027508,35.7199972],[129.1027416,35.7199968],[129.1026855,35.7200031],[129.1026783,35.720004],[129.1026664,35.7200058],[129.1026288,35.7200142],[129.1025861,35.7200238],[129.1025778,35.720027],[129.1025726,35.7200299],[129.1025326,35.7200555],[129.1025165,35.7200693],[129.1025126,35.7200733],[129.1025101,35.720078],[129.1025018,35.7200918],[129.1024982,35.7200984],[129.1024969,35.720102],[129.1024757,35.720147],[129.1024337,35.7202362],[129.1024179,35.7202711],[129.1023801,35.720378],[129.1023778,35.7203842],[129.1023753,35.7203911],[129.1023748,35.7203922],[129.1023476,35.7204277],[129.1023457,35.7204293],[129.1023433,35.7204316],[129.102327,35.7204459],[129.1023253,35.7204467],[129.1022756,35.7204757],[129.1022268,35.720498],[129.1021884,35.7205065],[129.1021861,35.7205066],[129.1021834,35.7205067],[129.1021757,35.7205065],[129.1021173,35.7205082],[129.1021129,35.7205081],[129.1021045,35.7205085],[129.102035,35.7205196],[129.1020291,35.7205211],[129.1020201,35.7205232],[129.1019905,35.7205354],[129.1019865,35.7205374],[129.1019833,35.7205389],[129.1019075,35.7205707],[129.1018792,35.7205814],[129.101797,35.7206118],[129.1017509,35.7206261],[129.1017448,35.720627],[129.1017396,35.7206277],[129.1017135,35.7206312],[129.1017081,35.7206315],[129.101681,35.7206341],[129.1016739,35.7206346],[129.1016427,35.7206407],[129.1016232,35.7206461],[129.1016019,35.7206515],[129.1015948,35.7206826],[129.1015955,35.7206818],[129.1015988,35.7206806],[129.1016334,35.7206718],[129.1016519,35.7206668],[129.1016794,35.7206614],[129.1016845,35.720661],[129.1017112,35.7206584],[129.1017174,35.7206581],[129.1017449,35.7206544],[129.1017505,35.7206537],[129.1017599,35.7206523],[129.1018097,35.7206367],[129.101893,35.720606],[129.1019221,35.720595],[129.1019992,35.7205626],[129.1020032,35.7205607],[129.1020065,35.7205591],[129.1020323,35.7205485],[129.1020385,35.720547],[129.102043,35.7205459],[129.1021088,35.7205354],[129.1021132,35.7205351],[129.102117,35.7205353],[129.1021759,35.7205336],[129.1021832,35.7205337],[129.1021874,35.7205337],[129.102194,35.7205333],[129.1022394,35.7205233],[129.1022934,35.7204986],[129.1023435,35.7204693],[129.1023481,35.7204671],[129.1023683,35.7204493],[129.1023703,35.7204473],[129.1023738,35.7204445],[129.1024049,35.720404],[129.1024068,35.7203994],[129.1024095,35.7203921],[129.1024119,35.7203857],[129.1024494,35.7202796],[129.1024647,35.7202458],[129.1025066,35.7201567],[129.1025282,35.7201109],[129.1025293,35.720108],[129.1025319,35.7201032],[129.1025402,35.7200893],[129.1025412,35.7200874],[129.1025416,35.720087],[129.1025549,35.7200755],[129.1025921,35.7200517],[129.1025942,35.7200506],[129.1025977,35.7200492],[129.1026294,35.7200421],[129.1026738,35.7200321],[129.1026837,35.7200307],[129.1026902,35.7200299],[129.1027431,35.7200239],[129.1027475,35.7200274],[129.1027675,35.7200285],[129.1027733,35.7200287],[129.1028603,35.7200289],[129.1029519,35.7200301],[129.1029602,35.7200301],[129.1030172,35.7200332],[129.1030241,35.7200333],[129.1030401,35.7200335],[129.1030823,35.7200318],[129.1031511,35.7200233],[129.1032328,35.7200074],[129.1032699,35.7200015],[129.103283,35.7199983]]]]}},{"type":"Feature","properties":{"UFID":"100035905015A00110100000004517002"},"geometry":{"type":"MultiPolygon","coordinates":[[[[129.1051614,35.7166949],[129.1050871,35.7167009],[129.1049834,35.7166954],[129.1049453,35.7166902],[129.1048231,35.7166818],[129.1047406,35.716676],[129.1046369,35.7166557],[129.1045865,35.7166398],[129.1044684,35.7165941],[129.1043407,35.7165352],[129.1042234,35.7164728],[129.1041179,35.7163975],[129.1040416,35.7163371],[129.1040087,35.7162944],[129.1039881,35.716253],[129.1039809,35.7162236],[129.1039778,35.7162073],[129.1039716,35.716162],[129.1039464,35.7160551],[129.1039053,35.7159204],[129.1038566,35.7157737],[129.1038177,35.7156433],[129.103794,35.7155525],[129.1037706,35.7154807],[129.1037572,35.7154327],[129.1037229,35.7153359],[129.1037079,35.7152967],[129.1037032,35.7152874],[129.1036422,35.7151784],[129.1035945,35.7151049],[129.1034995,35.7150041],[129.1034275,35.7149525],[129.1034185,35.7149496],[129.1033478,35.7149335],[129.1032504,35.7149147],[129.103189,35.7149063],[129.1031631,35.7149052],[129.1031484,35.7149054],[129.1031367,35.7149062],[129.1030958,35.7149065],[129.1030065,35.714897],[129.1029955,35.7148953],[129.1029072,35.7148767],[129.1029006,35.714875],[129.1028446,35.714849],[129.1027815,35.7148156],[129.1027717,35.7148103],[129.1027112,35.7147913],[129.1026735,35.7147838],[129.1026273,35.7147803],[129.1025738,35.7147809],[129.1025255,35.7147861],[129.1025241,35.7147864],[129.1024865,35.7147939],[129.1024557,35.7148023],[129.1024064,35.7148189],[129.1023301,35.7148526],[129.1023186,35.7148587],[129.1022501,35.7149127],[129.1022443,35.7149193],[129.1021844,35.7149762],[129.1021192,35.7150274],[129.1021128,35.7150317],[129.1020464,35.7150737],[129.1020413,35.7150761],[129.1019181,35.7151466],[129.1018514,35.71519],[129.1017782,35.715244],[129.1016996,35.7153054],[129.1016414,35.7153427],[129.1015521,35.7153953],[129.101546,35.7153977],[129.1015236,35.7154062],[129.1014481,35.7154257],[129.1013733,35.7154337],[129.101271,35.7154313],[129.1011441,35.7154269],[129.1010478,35.7154332],[129.1009739,35.7154469],[129.1009111,35.7154714],[129.1008573,35.7154987],[129.1007665,35.7155625],[129.1007045,35.7156076],[129.1006871,35.7156143],[129.1006739,35.7156177],[129.1006698,35.7156482],[129.1006736,35.7156462],[129.1006993,35.7156395],[129.1007229,35.7156305],[129.1007925,35.7155805],[129.100866,35.7155298],[129.1009582,35.7154865],[129.1010294,35.7154629],[129.1010663,35.7154596],[129.1011251,35.7154561],[129.1011902,35.7154568],[129.1012888,35.7154609],[129.1013963,35.7154616],[129.1014692,35.7154531],[129.1015341,35.7154362],[129.1015804,35.7154172],[129.1016614,35.7153643],[129.1017213,35.7153259],[129.1018008,35.7152638],[129.1018728,35.7152106],[129.101938,35.7151682],[129.1020591,35.7150989],[129.1020649,35.7150962],[129.1021333,35.7150529],[129.1021411,35.7150478],[129.1022085,35.7149948],[129.1022704,35.7149361],[129.1022753,35.7149304],[129.1023394,35.7148799],[129.1023471,35.7148759],[129.1024206,35.7148433],[129.1024673,35.7148277],[129.1024958,35.7148199],[129.1025247,35.7148141],[129.1025317,35.7148127],[129.1025763,35.714808],[129.102626,35.7148073],[129.102668,35.7148105],[129.1027013,35.7148172],[129.1027564,35.7148344],[129.1027632,35.7148382],[129.1028274,35.7148722],[129.1028873,35.7148999],[129.1028981,35.7149027],[129.1029883,35.7149217],[129.1030013,35.7149237],[129.1030938,35.7149336],[129.1031381,35.7149332],[129.1031501,35.7149324],[129.1031625,35.7149322],[129.1031853,35.7149332],[129.1032439,35.7149412],[129.1033395,35.7149597],[129.103408,35.7149753],[129.1034101,35.714976],[129.1034752,35.7150227],[129.1035665,35.7151195],[129.1036125,35.7151903],[129.1036728,35.7152982],[129.1036768,35.7153059],[129.1036912,35.7153437],[129.1037251,35.7154394],[129.1037384,35.7154872],[129.1037617,35.7155588],[129.1037854,35.7156493],[129.1038245,35.7157804],[129.1038732,35.7159272],[129.103914,35.716061],[129.1039388,35.7161661],[129.1039445,35.7162075],[129.1039485,35.7162294],[129.1039562,35.7162608],[129.1039791,35.7163068],[129.1040156,35.7163542],[129.1040955,35.7164174],[129.1042034,35.7164944],[129.1043235,35.7165583],[129.1044531,35.7166181],[129.1045733,35.7166646],[129.104627,35.7166816],[129.1047353,35.7167028],[129.1048203,35.7167087],[129.1049412,35.7167171],[129.1049796,35.7167223],[129.1050986,35.7167286],[129.1051629,35.7167287],[129.1051614,35.7166949]]]]}},{"type":"Feature","properties":{"UFID":"100035905015A00110100000004517004"},"geometry":{"type":"MultiPolygon","coordinates":[[[[129.10866,35.7112453],[129.1085938,35.71128],[129.1086466,35.7112897],[129.108654,35.7112901],[129.108664,35.7112899],[129.1087439,35.7112813],[129.1087736,35.7112851],[129.108824,35.7113019],[129.1089035,35.7113447],[129.1089118,35.7113457],[129.1089234,35.7113465],[129.1089718,35.7113446],[129.108993,35.7113434],[129.1090128,35.7113417],[129.1090694,35.7113261],[129.1091572,35.7112929],[129.1092645,35.711265],[129.1093359,35.7112477],[129.1093234,35.7112223],[129.1092327,35.7112401],[129.1091838,35.7112508],[129.1091227,35.7112678],[129.1090985,35.711281],[129.1090431,35.7113029],[129.1090266,35.711304],[129.1090192,35.711304],[129.1090052,35.7113034],[129.1089918,35.7113017],[129.1089842,35.7113004],[129.1089434,35.7112904],[129.1088707,35.7112673],[129.1088396,35.711261],[129.1087823,35.7112507],[129.1087595,35.7112489],[129.1087074,35.7112502],[129.1086876,35.71125],[129.108679,35.7112492],[129.10866,35.7112453]]]]}},{"type":"Feature","properties":{"UFID":"100035905015A00110100000004517005"},"geometry":{"type":"MultiPolygon","coordinates":[[[[129.108584,35.7111994],[129.10866,35.7112453],[129.1087162,35.7112159],[129.1087262,35.7112061],[129.1087588,35.7111689],[129.1087666,35.7111622],[129.1087719,35.7111502],[129.1087814,35.7111244],[129.1087816,35.7111146],[129.1087855,35.7110635],[129.1087873,35.711052],[129.1088332,35.7109463],[129.1089255,35.7108035],[129.1090545,35.710664],[129.10921,35.7105166],[129.1096342,35.7101371],[129.109752,35.7100303],[129.1100049,35.7098068],[129.1100186,35.7097946],[129.1099535,35.7097458],[129.1099398,35.7097579],[129.1096866,35.7099817],[129.1095687,35.7100887],[129.1091438,35.7104688],[129.1089857,35.7106187],[129.1088506,35.7107648],[129.108752,35.7109173],[129.1087008,35.7110351],[129.1086974,35.7110567],[129.1086933,35.7111116],[129.1086933,35.7111131],[129.108689,35.7111246],[129.1086568,35.7111614],[129.108584,35.7111994]]]]}},{"type":"Feature","properties":{"UFID":"100035905015A00110100000004517006"},"geometry":{"type":"MultiPolygon","coordinates":[[[[129.10866,35.7112453],[129.108584,35.7111994],[129.1085515,35.7112164],[129.1085272,35.7112252],[129.1085938,35.71128],[129.10866,35.7112453]]]]}},{"type":"Feature","properties":{"UFID":"100035905015A00110100000004517007"},"geometry":{"type":"MultiPolygon","coordinates":[[[[129.1085938,35.71128],[129.1085272,35.7112252],[129.1085079,35.7112322],[129.1085056,35.7112317],[129.1084982,35.7112255],[129.1084686,35.7111678],[129.1084433,35.7111668],[129.1084415,35.7113407],[129.1084684,35.7113253],[129.1085938,35.71128]]]]}},{"type":"Feature","properties":{"UFID":"100035905015A00110100000004517008"},"geometry":{"type":"MultiPolygon","coordinates":[[[[129.1069749,35.7223262],[129.1069121,35.7222755],[129.1069012,35.7223076],[129.1069515,35.7224406],[129.1069749,35.7223262]]]]}},{"type":"Feature","properties":{"UFID":"100035905015A00110100000004517009"},"geometry":{"type":"MultiPolygon","coordinates":[[[[129.1069515,35.7224406],[129.1069012,35.7223076],[129.1068927,35.7223465],[129.1068851,35.722383],[129.1068843,35.7223865],[129.1068469,35.7225693],[129.1068274,35.722678],[129.1068024,35.7228164],[129.1068012,35.7228274],[129.106781,35.7229621],[129.1067648,35.723086],[129.1067489,35.723209],[129.1067468,35.7232316],[129.1067439,35.723259],[129.1067401,35.7233177],[129.1067351,35.7233864],[129.1067341,35.7233973],[129.1067269,35.7234719],[129.106726,35.7234788],[129.1067203,35.7235352],[129.1068029,35.7235414],[129.1068085,35.7234852],[129.1068095,35.7234781],[129.1068167,35.7234026],[129.1068178,35.7233911],[129.1068229,35.7233215],[129.1068267,35.7232637],[129.1068294,35.7232371],[129.1068315,35.7232151],[129.1068472,35.7230932],[129.1068634,35.7229698],[129.1068837,35.7228345],[129.1068848,35.7228243],[129.1069325,35.7225178],[129.1069498,35.7224423],[129.1069515,35.7224406]]]]}},{"type":"Feature","properties":{"UFID":"100035905015A00110100000004517168"},"geometry":{"type":"MultiPolygon","coordinates":[[[[129.1069749,35.7223262],[129.1069515,35.7224406],[129.1069738,35.722434],[129.1070001,35.7224328],[129.1070052,35.7224331],[129.1070088,35.7224339],[129.1070823,35.7225209],[129.1071812,35.722608],[129.1072039,35.7226234],[129.1072764,35.7225312],[129.1072474,35.7225298],[129.1072276,35.7225286],[129.1072221,35.7225269],[129.1072177,35.7225243],[129.1072056,35.722521],[129.1071314,35.722465],[129.1071275,35.7224586],[129.107123,35.7224513],[129.1071226,35.7224474],[129.1071237,35.7224418],[129.1071245,35.7224404],[129.1071455,35.7223845],[129.1070522,35.7223746],[129.1070399,35.7223734],[129.1070283,35.7223704],[129.1070255,35.7223681],[129.1069749,35.7223262]]]]}},{"type":"Feature","properties":{"UFID":"100035905015A00110100000004517169"},"geometry":{"type":"MultiPolygon","coordinates":[[[[129.1051614,35.7139352],[129.1051562,35.7139095],[129.1051273,35.7139053],[129.1051078,35.7139033],[129.1050992,35.7139033],[129.1050824,35.7139041],[129.1050721,35.7139071],[129.1050542,35.7139147],[129.1050368,35.7139238],[129.1050296,35.7139281],[129.1050139,35.7139372],[129.1050042,35.7139434],[129.1049882,35.71395],[129.1049632,35.7139567],[129.1049483,35.7139568],[129.1049371,35.7139549],[129.1049279,35.7139507],[129.1049093,35.7139349],[129.1048815,35.7139001],[129.1048298,35.7138311],[129.104772,35.7137682],[129.104726,35.7137152],[129.1047045,35.7136801],[129.1046991,35.713674],[129.1046956,35.7136689],[129.104687,35.7136612],[129.104662,35.7136456],[129.1045853,35.7136073],[129.1045381,35.7135828],[129.1045224,35.7135772],[129.1045103,35.713567],[129.1045057,35.7135626],[129.1044991,35.7135549],[129.1044961,35.7135485],[129.1044954,35.7135426],[129.1044963,35.7135366],[129.1045049,35.7135265],[129.104518,35.7135224],[129.1045667,35.7135086],[129.104625,35.7134787],[129.1046774,35.7134262],[129.1046944,35.7134101],[129.1046981,35.7134054],[129.1046991,35.7134029],[129.1047019,35.7133945],[129.1047054,35.7133809],[129.1047095,35.7133449],[129.10471,35.7133266],[129.10471,35.7133153],[129.10471,35.7132994],[129.1047096,35.7132716],[129.1047088,35.7132422],[129.1047057,35.7132185],[129.1047035,35.7131969],[129.1047041,35.7131813],[129.1047081,35.71317],[129.1047137,35.7131641],[129.1047219,35.7131578],[129.1047392,35.7131529],[129.1047519,35.713151],[129.1047745,35.7131501],[129.1048094,35.7131583],[129.1048641,35.7131915],[129.1049441,35.7132729],[129.1050632,35.7134058],[129.1051543,35.7134814],[129.1052094,35.7134765],[129.1051427,35.7134086],[129.104998,35.7132788],[129.104907,35.7131599],[129.1048322,35.7130888],[129.1047992,35.7130689],[129.1047854,35.7130625],[129.1047607,35.7130538],[129.104724,35.7130437],[129.1046922,35.7130354],[129.1046505,35.7130306],[129.1046376,35.7130303],[129.1046103,35.7130313],[129.1045969,35.7130332],[129.1045695,35.7130372],[129.1045551,35.7130413],[129.1045351,35.7130497],[129.1045078,35.7130766],[129.1044989,35.7130928],[129.1044915,35.7131162],[129.1044896,35.7131243],[129.1044876,35.7131483],[129.1044879,35.713152],[129.1044925,35.7131685],[129.1045084,35.7131826],[129.1045422,35.7132075],[129.1045829,35.7132358],[129.1046329,35.7132715],[129.1046564,35.7132859],[129.1046656,35.7132902],[129.1046689,35.7132959],[129.1046699,35.7132986],[129.1046718,35.7133054],[129.1046737,35.7133157],[129.1046738,35.7133421],[129.1046599,35.7133852],[129.1046258,35.7134273],[129.1045598,35.713478],[129.1044965,35.7134998],[129.1044673,35.7135071],[129.104439,35.7135094],[129.1044157,35.7135125],[129.1043936,35.7135179],[129.1043881,35.7135317],[129.1044099,35.7135457],[129.104438,35.7135606],[129.1045467,35.7136387],[129.10461,35.7136644],[129.1046375,35.7136764],[129.1046452,35.7136796],[129.1046678,35.7136948],[129.1047754,35.7138101],[129.104857,35.7139086],[129.1048756,35.7139533],[129.1048784,35.7139624],[129.1048823,35.7139634],[129.1048969,35.7139741],[129.1049103,35.7139795],[129.1049233,35.7139843],[129.1049355,35.7139872],[129.1049513,35.7139886],[129.1049791,35.7139865],[129.1050158,35.7139703],[129.1050524,35.7139437],[129.1050703,35.7139313],[129.1050851,35.7139259],[129.1050945,35.7139258],[129.1051061,35.7139267],[129.1051208,35.7139316],[129.1051446,35.7139363],[129.1051614,35.7139352]]]]}},{"type":"Feature","properties":{"UFID":"100035905015A00110100000004517178"},"geometry":{"type":"MultiPolygon","coordinates":[[[[129.1053668,35.7137904],[129.1053092,35.7137257],[129.1052867,35.7136944],[129.105217,35.71366],[129.1051927,35.7136817],[129.1052427,35.7137292],[129.1052831,35.713784],[129.1053005,35.7138115],[129.1053668,35.7137904]]]]}},{"type":"Feature","properties":{"UFID":"100035905015A00110100000004517435"},"geometry":{"type":"MultiPolygon","coordinates":[[[[129.1059513,35.7153194],[129.1059478,35.7153127],[129.1059454,35.7153067],[129.1059074,35.7153123],[129.1059296,35.7153458],[129.1059513,35.7153194]]]]}},{"type":"Feature","properties":{"UFID":"100035905015A00110100000004517436"},"geometry":{"type":"MultiPolygon","coordinates":[[[[129.1206609,35.7107724],[129.1206204,35.7107805],[129.1206185,35.7107957],[129.1206148,35.7108066],[129.1206566,35.7108078],[129.1206609,35.7107724]]]]}},{"type":"Feature","properties":{"UFID":"100035905015A00110100000004517437"},"geometry":{"type":"MultiPolygon","coordinates":[[[[129.1206609,35.7107724],[129.1206607,35.7107717],[129.1206603,35.710734],[129.1205844,35.7107337],[129.1206046,35.7107427],[129.1206126,35.7107499],[129.1206181,35.7107598],[129.1206196,35.7107662],[129.1206204,35.7107805],[129.1206609,35.7107724]]]]}},{"type":"Feature","properties":{"UFID":"100035905015A00110100000004517438"},"geometry":{"type":"MultiPolygon","coordinates":[[[[129.1206601,35.7107112],[129.1205548,35.7107117],[129.1205844,35.7107337],[129.1206603,35.710734],[129.1206601,35.7107112]]]]}},{"type":"Feature","properties":{"UFID":"100035905015A00110100000004517439"},"geometry":{"type":"MultiPolygon","coordinates":[[[[129.1205548,35.7107117],[129.1206601,35.7107112],[129.1206598,35.7106896],[129.1206594,35.7106852],[129.1206592,35.710684],[129.1206588,35.7106834],[129.1206581,35.7106829],[129.1206557,35.7106824],[129.1206154,35.7106773],[129.1205755,35.7106782],[129.1205382,35.7106795],[129.1204773,35.7106809],[129.1203864,35.71068],[129.1203873,35.7107026],[129.1204674,35.7107025],[129.1205324,35.7107013],[129.1205497,35.7107014],[129.1205531,35.7107058],[129.1205548,35.7107117]]]]}},{"type":"Feature","properties":{"UFID":"100035905015A00110100000004517440"},"geometry":{"type":"MultiPolygon","coordinates":[[[[129.1205844,35.7107337],[129.1205548,35.7107117],[129.1205516,35.7107155],[129.1204892,35.710722],[129.1204996,35.7107385],[129.1205543,35.7107311],[129.1205648,35.7107309],[129.1205844,35.7107337]]]]}},{"type":"Feature","properties":{"UFID":"100035905015A00110100000004517441"},"geometry":{"type":"MultiPolygon","coordinates":[[[[129.1090155,35.7162544],[129.1090072,35.7162782],[129.1090889,35.7162984],[129.1091227,35.7163031],[129.1091709,35.7163048],[129.1091987,35.7163027],[129.1092126,35.7163005],[129.1092551,35.7162823],[129.1092397,35.7162584],[129.1092015,35.7162747],[129.1091941,35.7162759],[129.1091701,35.7162777],[129.1091262,35.7162761],[129.1090959,35.716272],[129.1090155,35.7162544]]]]}},{"type":"Feature","properties":{"UFID":"100035905015A00110100000004517450"},"geometry":{"type":"MultiPolygon","coordinates":[[[[129.1195807,35.7100576],[129.1195792,35.7100556],[129.1195805,35.7100513],[129.1196141,35.710007],[129.1196224,35.7099971],[129.1196512,35.7099526],[129.1196878,35.7098964],[129.1197134,35.709863],[129.1197598,35.7098203],[129.1198084,35.709761],[129.1198507,35.7097185],[129.1198658,35.7097083],[129.1198773,35.7097045],[129.11994,35.7096959],[129.1200329,35.7096845],[129.1201112,35.7096788],[129.1201601,35.7096822],[129.1201662,35.7096836],[129.1201908,35.7096612],[129.1201661,35.7096555],[129.1201112,35.7096517],[129.1200289,35.7096577],[129.1199347,35.7096692],[129.1198684,35.7096784],[129.1198487,35.7096847],[129.1198271,35.7096995],[129.1197817,35.7097449],[129.1197336,35.7098038],[129.1196868,35.7098467],[129.1196591,35.7098829],[129.1196219,35.70994],[129.1195942,35.7099827],[129.1195775,35.7100012],[129.1195483,35.7100272],[129.1195081,35.7100587],[129.1195807,35.7100576]]]]}},{"type":"Feature","properties":{"UFID":"100035905015A00110100000004517451"},"geometry":{"type":"MultiPolygon","coordinates":[[[[129.1209083,35.7095528],[129.1208887,35.7095311],[129.1208309,35.7095658],[129.1207745,35.709594],[129.1207405,35.7096158],[129.1207059,35.7096438],[129.120646,35.7097033],[129.1205977,35.7097537],[129.1205749,35.7097714],[129.1205709,35.7097725],[129.1205783,35.709799],[129.1205924,35.7097951],[129.1206223,35.7097718],[129.1206719,35.7097202],[129.1207304,35.709662],[129.1207625,35.7096361],[129.1207934,35.7096163],[129.1208495,35.7095882],[129.1209083,35.7095528]]]]}},{"type":"Feature","properties":{"UFID":"100035905015A00110100000004517452"},"geometry":{"type":"MultiPolygon","coordinates":[[[[129.1090403,35.7177384],[129.1090067,35.717728],[129.1090117,35.717775],[129.1090137,35.7177879],[129.109046,35.717775],[129.1090403,35.7177466],[129.1090403,35.7177384]]]]}},{"type":"Feature","properties":{"UFID":"100035905015A00110100000004517453"},"geometry":{"type":"MultiPolygon","coordinates":[[[[129.1090155,35.7162544],[129.1089937,35.7162484],[129.1089513,35.7162316],[129.1089432,35.7162574],[129.1090072,35.7162782],[129.1090155,35.7162544]]]]}},{"type":"Feature","properties":{"UFID":"100035905015A00110100000004517454"},"geometry":{"type":"MultiPolygon","coordinates":[[[[129.1089513,35.7162316],[129.1089236,35.7162207],[129.1088554,35.7161887],[129.108778,35.7161486],[129.1087027,35.7161189],[129.108643,35.7161033],[129.1086142,35.7160974],[129.108604,35.7160935],[129.1086021,35.7160916],[129.1085873,35.7161225],[129.108597,35.7161225],[129.1086051,35.7161234],[129.1086339,35.7161293],[129.1086903,35.7161441],[129.1087618,35.7161723],[129.1088382,35.7162118],[129.1089081,35.7162447],[129.1089432,35.7162574],[129.1089513,35.7162316]]]]}},{"type":"Feature","properties":{"UFID":"100035905015A00110100000004517455"},"geometry":{"type":"MultiPolygon","coordinates":[[[[129.1100664,35.7173103],[129.1100313,35.7173133],[129.1100328,35.7173155],[129.1100337,35.7173229],[129.1100328,35.7173283],[129.1100197,35.7173471],[129.1099892,35.7173639],[129.1099396,35.7173785],[129.1098592,35.7173905],[129.10983,35.7173947],[129.1098172,35.7173987],[129.1097939,35.7174062],[129.1097806,35.7174247],[129.1097729,35.7174423],[129.1098052,35.7174544],[129.109858,35.7174303],[129.1098615,35.7174288],[129.109947,35.7174099],[129.1100114,35.7173886],[129.110054,35.7173613],[129.1100648,35.7173396],[129.1100665,35.7173348],[129.1100679,35.7173199],[129.1100664,35.7173103]]]]}},{"type":"Feature","properties":{"UFID":"100035905015A00110100000004517456"},"geometry":{"type":"MultiPolygon","coordinates":[[[[129.1100664,35.7173103],[129.1100638,35.7172988],[129.1100615,35.7172878],[129.1100607,35.717284],[129.1100596,35.7172737],[129.1100092,35.7172745],[129.1100313,35.7173133],[129.1100664,35.7173103]]]]}},{"type":"Feature","properties":{"UFID":"100035905015A00110100000004517457"},"geometry":{"type":"MultiPolygon","coordinates":[[[[129.1100596,35.7172737],[129.1100639,35.7172606],[129.1100685,35.7172542],[129.1100806,35.7172449],[129.1100042,35.7172426],[129.110008,35.7172506],[129.1100092,35.7172745],[129.1100596,35.7172737]]]]}},{"type":"Feature","properties":{"UFID":"100035905015A00110100000004517458"},"geometry":{"type":"MultiPolygon","coordinates":[[[[129.1090473,35.7176953],[129.1090403,35.7177384],[129.1090429,35.7177378],[129.1090924,35.7177618],[129.1092259,35.7178282],[129.1093372,35.7178929],[129.1094344,35.7179485],[129.1094971,35.7179951],[129.1095612,35.7180486],[129.1095787,35.7180163],[129.1095175,35.7179746],[129.1094652,35.7179254],[129.1094173,35.7178996],[129.1093278,35.7178464],[129.1092213,35.7177959],[129.1091105,35.7177414],[129.1090781,35.7177214],[129.1090654,35.7177149],[129.1090588,35.7177096],[129.109053,35.7177039],[129.1090473,35.7176953]]]]}},{"type":"Feature","properties":{"UFID":"100035905015A00110100000004517459"},"geometry":{"type":"MultiPolygon","coordinates":[[[[129.1094562,35.717387],[129.1095228,35.717348],[129.1094361,35.7173633],[129.1093666,35.717374],[129.1092998,35.7173939],[129.1092457,35.7174123],[129.109195,35.7174348],[129.1091568,35.7174594],[129.109118,35.7174931],[129.1090964,35.7175191],[129.109062,35.7175678],[129.1090355,35.7176077],[129.1090236,35.7176321],[129.1090188,35.7176436],[129.1090139,35.717655],[129.1090119,35.7176616],[129.1090103,35.7176698],[129.1090473,35.7176953],[129.1090432,35.7176857],[129.1090422,35.7176782],[129.1090423,35.7176698],[129.1090429,35.7176633],[129.1090511,35.7176344],[129.109084,35.7175795],[129.1091169,35.7175348],[129.1091563,35.7174982],[129.1092105,35.7174617],[129.1092634,35.7174364],[129.1093401,35.7174075],[129.1094464,35.7173825],[129.1094545,35.7173824],[129.1094562,35.717387]]]]}},{"type":"Feature","properties":{"UFID":"100035905015A00110100000004517460"},"geometry":{"type":"MultiPolygon","coordinates":[[[[129.1099987,35.7172026],[129.1099701,35.7171966],[129.1099012,35.7171748],[129.1098272,35.7171453],[129.1097508,35.7171101],[129.1096933,35.717078],[129.1096615,35.7170472],[129.1096513,35.7170294],[129.1096279,35.7169688],[129.1096059,35.7169281],[129.1095881,35.7169082],[129.1095807,35.7169015],[129.1095767,35.7168983],[129.1095298,35.7168705],[129.1095062,35.7168516],[129.109495,35.7168445],[129.1094715,35.7168337],[129.1094506,35.7168288],[129.1094303,35.7168256],[129.1094128,35.7168214],[129.1093675,35.7168045],[129.109336,35.7167867],[129.1092977,35.7167513],[129.1092777,35.7167275],[129.1092749,35.7167256],[129.1092474,35.7166763],[129.1092272,35.7166238],[129.1092055,35.7165802],[129.1091955,35.7165672],[129.1091904,35.7165632],[129.1091859,35.7165605],[129.1091819,35.7165585],[129.1091469,35.7165436],[129.109077,35.7165191],[129.1090286,35.716499],[129.1089974,35.7164776],[129.1089873,35.7164652],[129.1089771,35.7164455],[129.1089742,35.7164322],[129.1089753,35.7164176],[129.1089783,35.7164074],[129.1089976,35.7163163],[129.1090072,35.7162782],[129.1089432,35.7162574],[129.1089529,35.7162826],[129.1089503,35.7163124],[129.1089468,35.716327],[129.1089413,35.7163567],[129.1089291,35.7164146],[129.108928,35.7164426],[129.1089302,35.7164614],[129.1089342,35.7164722],[129.108936,35.7164763],[129.1089388,35.7164812],[129.1089413,35.7164858],[129.1089729,35.7165017],[129.1090384,35.716529],[129.1090987,35.7165552],[129.1091517,35.7165826],[129.1091776,35.716604],[129.1091865,35.7166156],[129.1092228,35.7166992],[129.109254,35.7167389],[129.1092909,35.7167782],[129.1093321,35.7168153],[129.1093819,35.7168396],[129.1094155,35.7168545],[129.1094338,35.7168578],[129.1094593,35.7168618],[129.1094729,35.7168664],[129.1095184,35.7168951],[129.1095534,35.7169239],[129.1095746,35.7169507],[129.1095759,35.7169539],[129.1096004,35.7169949],[129.1096198,35.7170512],[129.1096569,35.717095],[129.1097063,35.717125],[129.1097879,35.7171634],[129.1098682,35.7171984],[129.1099458,35.717216],[129.1099682,35.7172237],[129.1099766,35.7172274],[129.1099888,35.7172328],[129.1100001,35.7172391],[129.1100042,35.7172426],[129.1099987,35.7172026]]]]}},{"type":"Feature","properties":{"UFID":"100035905015A00110100000004517461"},"geometry":{"type":"MultiPolygon","coordinates":[[[[129.1090473,35.7176953],[129.1090103,35.7176698],[129.1090067,35.717728],[129.1090403,35.7177384],[129.1090473,35.7176953]]]]}},{"type":"Feature","properties":{"UFID":"100035905015A00110100000004517462"},"geometry":{"type":"MultiPolygon","coordinates":[[[[129.1100793,35.7172086],[129.1100806,35.7172449],[129.1101868,35.7172245],[129.1101676,35.7171948],[129.1101056,35.7172065],[129.1100793,35.7172086]]]]}},{"type":"Feature","properties":{"UFID":"100035905015A00110100000004517463"},"geometry":{"type":"MultiPolygon","coordinates":[[[[129.1100793,35.7172086],[129.1100447,35.7172114],[129.1100343,35.7172101],[129.1099987,35.7172026],[129.1100042,35.7172426],[129.1100806,35.7172449],[129.1100793,35.7172086]]]]}},{"type":"Feature","properties":{"UFID":"100035905015A00110100000004517464"},"geometry":{"type":"MultiPolygon","coordinates":[[[[129.1094769,35.7174045],[129.1094562,35.717387],[129.1094514,35.7173894],[129.1093866,35.7174264],[129.1093197,35.7174612],[129.1092807,35.7174912],[129.1092364,35.7175353],[129.1092055,35.7175814],[129.1091729,35.7176233],[129.1092038,35.7176304],[129.1092565,35.7175628],[129.1092963,35.7175257],[129.1093728,35.7174681],[129.1094608,35.7174124],[129.1094769,35.7174045]]]]}},{"type":"Feature","properties":{"UFID":"100035905015A00110100000004517465"},"geometry":{"type":"MultiPolygon","coordinates":[[[[129.1095454,35.7173707],[129.1095228,35.717348],[129.1094562,35.717387],[129.1094769,35.7174045],[129.1095454,35.7173707]]]]}},{"type":"Feature","properties":{"UFID":"100035905015A00110100000004517466"},"geometry":{"type":"MultiPolygon","coordinates":[[[[129.1100313,35.7173133],[129.1100092,35.7172745],[129.1100014,35.7172854],[129.1099898,35.7172914],[129.1099777,35.7172955],[129.1099676,35.717297],[129.1098983,35.717293],[129.1097642,35.7172718],[129.1097394,35.7172707],[129.1097221,35.7172729],[129.1096165,35.717311],[129.1095228,35.717348],[129.1095454,35.7173707],[129.1095609,35.7173631],[129.1096603,35.7173236],[129.1096808,35.7173185],[129.1097128,35.7173143],[129.1097252,35.717313],[129.1097376,35.717313],[129.1097458,35.7173132],[129.1098297,35.7173226],[129.1099139,35.7173309],[129.1099838,35.7173353],[129.1100073,35.7173262],[129.1100154,35.7173197],[129.1100241,35.7173142],[129.1100281,35.7173125],[129.1100313,35.7173133]]]]}},{"type":"Feature","properties":{"UFID":"100035905015A00110100000004517469"},"geometry":{"type":"MultiPolygon","coordinates":[[[[129.1059454,35.7153067],[129.1059443,35.7153018],[129.105935,35.715253],[129.1059161,35.7151738],[129.1059146,35.7151654],[129.1059071,35.7151509],[129.1059067,35.7151496],[129.1059067,35.7151485],[129.1059069,35.7151467],[129.1059104,35.7151431],[129.1059142,35.7151395],[129.1059252,35.7151299],[129.1059835,35.7151035],[129.1060211,35.7150988],[129.1060283,35.7150982],[129.1060319,35.7150979],[129.1060709,35.7151004],[129.1060781,35.7151005],[129.1060857,35.7151013],[129.1061451,35.7151103],[129.1061511,35.7150837],[129.1060909,35.7150746],[129.1060806,35.7150735],[129.1060726,35.7150734],[129.1060316,35.7150707],[129.1060249,35.7150713],[129.1060168,35.7150719],[129.1059735,35.7150774],[129.1059689,35.7150792],[129.1059302,35.7150915],[129.105867,35.7151109],[129.1058641,35.715114],[129.1058639,35.7151181],[129.1058926,35.7151921],[129.105912,35.7152929],[129.1059125,35.7153033],[129.105911,35.7153093],[129.1059074,35.7153123],[129.1059454,35.7153067]]]]}},{"type":"Feature","properties":{"UFID":"100035905015A00110100000004517470"},"geometry":{"type":"MultiPolygon","coordinates":[[[[129.1053217,35.7153392],[129.1052654,35.7153312],[129.1052653,35.7153359],[129.1052623,35.7153421],[129.1052401,35.715364],[129.1052629,35.7153791],[129.1053217,35.7153392]]]]}},{"type":"Feature","properties":{"UFID":"100035905015A00110100000004517471"},"geometry":{"type":"MultiPolygon","coordinates":[[[[129.1056975,35.7148365],[129.1056644,35.7147838],[129.1056629,35.7147856],[129.1056414,35.7147994],[129.1055807,35.714825],[129.1055734,35.7148259],[129.1055638,35.7148262],[129.105559,35.7148265],[129.1055565,35.7148266],[129.1055413,35.7148259],[129.1055323,35.7148241],[129.10552,35.7148214],[129.1055089,35.7148186],[129.1054679,35.7148132],[129.1054121,35.7147899],[129.1053491,35.714761],[129.1053443,35.714782],[129.1053913,35.7148107],[129.1054383,35.7148291],[129.1054595,35.7148356],[129.1055226,35.714847],[129.1055446,35.7148487],[129.105588,35.7148475],[129.1056232,35.7148476],[129.1056975,35.7148365]]]]}},{"type":"Feature","properties":{"UFID":"100035905015A00110100000004517472"},"geometry":{"type":"MultiPolygon","coordinates":[[[[129.1052803,35.7152954],[129.1051825,35.7152759],[129.1050727,35.7152529],[129.1050218,35.7152421],[129.1049811,35.7152266],[129.1049735,35.7152196],[129.1049729,35.715219],[129.1049159,35.7151179],[129.1048836,35.7150432],[129.1048315,35.7149727],[129.1047259,35.7148296],[129.1047066,35.7148364],[129.1048085,35.7149815],[129.1048565,35.7150498],[129.1048831,35.715116],[129.1049033,35.7151833],[129.1049363,35.7152357],[129.1049446,35.7152433],[129.1049521,35.715249],[129.1050043,35.7152718],[129.1050617,35.715287],[129.1052654,35.7153312],[129.1052803,35.7152954]]]]}},{"type":"Feature","properties":{"UFID":"100035905015A00110100000004517473"},"geometry":{"type":"MultiPolygon","coordinates":[[[[129.1056064,35.715262],[129.1055827,35.7152158],[129.1055136,35.7152234],[129.1055088,35.7152247],[129.105492,35.7152306],[129.1053859,35.7152783],[129.1053388,35.7152974],[129.1053314,35.7152998],[129.1053285,35.7153004],[129.1053217,35.7153392],[129.105331,35.7153379],[129.1053636,35.7153326],[129.1054428,35.7152957],[129.1055127,35.7152683],[129.105547,35.7152651],[129.1055695,35.7152634],[129.1055874,35.7152617],[129.105598,35.7152615],[129.1056064,35.715262]]]]}},{"type":"Feature","properties":{"UFID":"100035905015A00110100000004517474"},"geometry":{"type":"MultiPolygon","coordinates":[[[[129.1056738,35.7152112],[129.1056442,35.7151755],[129.1055915,35.7152068],[129.1055801,35.7152088],[129.1055827,35.7152158],[129.1056064,35.715262],[129.1056738,35.7152112]]]]}},{"type":"Feature","properties":{"UFID":"100035905015A00110100000004517475"},"geometry":{"type":"MultiPolygon","coordinates":[[[[129.1053285,35.7153004],[129.1053269,35.7153005],[129.1052803,35.7152954],[129.1052654,35.7153312],[129.1053217,35.7153392],[129.1053285,35.7153004]]]]}},{"type":"Feature","properties":{"UFID":"100035905015A00110100000004517476"},"geometry":{"type":"MultiPolygon","coordinates":[[[[129.1057231,35.7146881],[129.1056857,35.7146363],[129.1055862,35.7146491],[129.1056345,35.7147289],[129.1057231,35.7146881]]]]}},{"type":"Feature","properties":{"UFID":"100035905015A00110100000004517477"},"geometry":{"type":"MultiPolygon","coordinates":[[[[129.1055801,35.7143335],[129.1055285,35.7143253],[129.1055055,35.7143683],[129.105569,35.714384],[129.1055801,35.7143335]]]]}},{"type":"Feature","properties":{"UFID":"100035905015A00110100000004517478"},"geometry":{"type":"MultiPolygon","coordinates":[[[[129.1055359,35.7139617],[129.1054899,35.7139366],[129.1054603,35.7139649],[129.1055052,35.714003],[129.1055359,35.7139617]]]]}},{"type":"Feature","properties":{"UFID":"100035905015A00110100000004517479"},"geometry":{"type":"MultiPolygon","coordinates":[[[[129.1057384,35.7148257],[129.1056975,35.7148365],[129.1056994,35.7148384],[129.1057413,35.7149514],[129.1057735,35.715048],[129.1057777,35.7150704],[129.1057776,35.7150799],[129.105776,35.7150861],[129.1057728,35.7150916],[129.1058132,35.715126],[129.1058264,35.7151404],[129.105852,35.7151234],[129.1058493,35.7151168],[129.1058106,35.7150348],[129.1057883,35.7149783],[129.1057627,35.7148721],[129.1057605,35.7148661],[129.1057384,35.7148257]]]]}},{"type":"Feature","properties":{"UFID":"100035905015A00110100000004517480"},"geometry":{"type":"MultiPolygon","coordinates":[[[[129.1057384,35.7148257],[129.105716,35.7147848],[129.1057095,35.7147699],[129.1056644,35.7147838],[129.1056975,35.7148365],[129.1057384,35.7148257]]]]}},{"type":"Feature","properties":{"UFID":"100035905015A00110100000004517481"},"geometry":{"type":"MultiPolygon","coordinates":[[[[129.1054899,35.7139366],[129.1054184,35.7138528],[129.1053966,35.7138265],[129.1053334,35.7138499],[129.105343,35.7138572],[129.1054147,35.7139146],[129.1054603,35.7139649],[129.1054899,35.7139366]]]]}},{"type":"Feature","properties":{"UFID":"100035905015A00110100000004517482"},"geometry":{"type":"MultiPolygon","coordinates":[[[[129.1052094,35.7134765],[129.1051543,35.7134814],[129.1052449,35.7135722],[129.1052897,35.7136177],[129.1052945,35.7136267],[129.105296,35.7136326],[129.1053165,35.7136935],[129.1053188,35.7136982],[129.1053757,35.7137661],[129.1054324,35.7138395],[129.1054927,35.7139268],[129.1054949,35.7139335],[129.1054946,35.7139349],[129.1054899,35.7139366],[129.1055359,35.7139617],[129.1055307,35.7139325],[129.1055287,35.7139242],[129.1055277,35.7139193],[129.1055266,35.7139115],[129.1055253,35.7139088],[129.1054237,35.7137714],[129.1053711,35.7137017],[129.1053687,35.7136988],[129.1053409,35.7136115],[129.1052979,35.7135626],[129.1052094,35.7134765]]]]}},{"type":"Feature","properties":{"UFID":"100035905015A00110100000004517483"},"geometry":{"type":"MultiPolygon","coordinates":[[[[129.1055873,35.7141403],[129.1055883,35.7141323],[129.1055893,35.7141181],[129.1055894,35.7141065],[129.1055892,35.7140995],[129.105588,35.7140879],[129.1055843,35.7140614],[129.1055817,35.7140439],[129.1055595,35.7139965],[129.1055359,35.7139617],[129.1055052,35.714003],[129.1055127,35.7140111],[129.1055152,35.7140157],[129.1055188,35.7140233],[129.1055221,35.7140363],[129.1055237,35.7140493],[129.1055404,35.7141433],[129.1055873,35.7141403]]]]}},{"type":"Feature","properties":{"UFID":"100035905015A00110100000004517484"},"geometry":{"type":"MultiPolygon","coordinates":[[[[129.1055285,35.7143253],[129.1055112,35.7143267],[129.1054898,35.7143266],[129.1053783,35.7143097],[129.1053717,35.7143065],[129.1053703,35.7143029],[129.1053652,35.7142876],[129.1052661,35.7143002],[129.1052492,35.7143029],[129.105228,35.7143023],[129.1052076,35.7142977],[129.1052005,35.7142954],[129.1051252,35.7142594],[129.1050256,35.7141976],[129.105005,35.7142164],[129.1051008,35.7142733],[129.1051652,35.7143015],[129.1052173,35.7143186],[129.1052459,35.7143229],[129.1052774,35.7143252],[129.1053039,35.7143247],[129.1053271,35.7143238],[129.105329,35.7143238],[129.1054738,35.7143512],[129.1055,35.7143634],[129.1055055,35.7143683],[129.1055285,35.7143253]]]]}},{"type":"Feature","properties":{"UFID":"100035905015A00110100000004517485"},"geometry":{"type":"MultiPolygon","coordinates":[[[[129.1056857,35.7146363],[129.1056841,35.7146352],[129.1056114,35.7145888],[129.105607,35.7145872],[129.1055672,35.7145019],[129.1055525,35.7144593],[129.105569,35.714384],[129.1055055,35.7143683],[129.1055059,35.7143724],[129.1055087,35.7143866],[129.1055092,35.7143915],[129.1055118,35.7144124],[129.105512,35.7144226],[129.1055112,35.7144285],[129.1055086,35.7144406],[129.1055079,35.7144442],[129.1055063,35.7144551],[129.1055073,35.714456],[129.1055391,35.7145392],[129.1055651,35.714602],[129.1055862,35.7146491],[129.1056857,35.7146363]]]]}},{"type":"Feature","properties":{"UFID":"100035905015A00110100000004517486"},"geometry":{"type":"MultiPolygon","coordinates":[[[[129.1070113,35.7151386],[129.1070063,35.7151396],[129.1069617,35.7151402],[129.1069437,35.7151397],[129.1069361,35.7151391],[129.1068654,35.7151236],[129.1068577,35.7151213],[129.1067259,35.7150338],[129.1066886,35.715009],[129.1065127,35.7149241],[129.1063574,35.7148431],[129.1062735,35.714799],[129.1062649,35.714796],[129.1062603,35.7147955],[129.1062266,35.7147923],[129.1061649,35.7147949],[129.1062196,35.7148374],[129.1063104,35.7148773],[129.1063969,35.7149158],[129.1064855,35.7149588],[129.1065912,35.7150107],[129.106654,35.7150409],[129.1067083,35.7150768],[129.1067853,35.7151341],[129.106788,35.7151371],[129.1067952,35.7151425],[129.106954,35.715205],[129.1069644,35.7152127],[129.1069677,35.7152185],[129.1069682,35.715221],[129.1070113,35.7151386]]]]}},{"type":"Feature","properties":{"UFID":"100035905015A00110100000004517487"},"geometry":{"type":"MultiPolygon","coordinates":[[[[129.1057095,35.7147699],[129.1056934,35.7147333],[129.1056941,35.7147317],[129.1057231,35.7146881],[129.1056345,35.7147289],[129.1056644,35.7147838],[129.1057095,35.7147699]]]]}},{"type":"Feature","properties":{"UFID":"100035905015A00110100000004517488"},"geometry":{"type":"MultiPolygon","coordinates":[[[[129.1059074,35.7153123],[129.1059003,35.7153135],[129.1058649,35.715312],[129.1058543,35.7153105],[129.1058424,35.7153093],[129.1057643,35.7152963],[129.105702,35.715276],[129.1056976,35.7152726],[129.1056738,35.7152112],[129.1056064,35.715262],[129.1056098,35.7152637],[129.1056901,35.7153026],[129.1057363,35.7153255],[129.1057394,35.7153257],[129.1058921,35.7153373],[129.1059161,35.7153394],[129.1059214,35.715341],[129.1059296,35.7153458],[129.1059074,35.7153123]]]]}},{"type":"Feature","properties":{"UFID":"100035905015A00110100000004517489"},"geometry":{"type":"MultiPolygon","coordinates":[[[[129.1055873,35.7141403],[129.1055404,35.7141433],[129.1055424,35.714218],[129.1055437,35.7142497],[129.1055447,35.7142553],[129.1055423,35.714312],[129.105539,35.7143183],[129.1055361,35.7143211],[129.105534,35.7143226],[129.1055285,35.7143253],[129.1055801,35.7143335],[129.1055889,35.7142907],[129.1055914,35.7142664],[129.1055916,35.7142559],[129.1055912,35.7142484],[129.1055903,35.7142445],[129.1055848,35.7142237],[129.1055799,35.7142029],[129.1055789,35.7141846],[129.1055823,35.7141691],[129.1055857,35.7141499],[129.1055873,35.7141403]]]]}},{"type":"Feature","properties":{"UFID":"100035905015A00110100000004517490"},"geometry":{"type":"MultiPolygon","coordinates":[[[[129.1058132,35.715126],[129.1057728,35.7150916],[129.1057706,35.7150938],[129.1057666,35.7150984],[129.1057205,35.7151301],[129.1056442,35.7151755],[129.1056738,35.7152112],[129.1056757,35.7152089],[129.1058132,35.715126]]]]}},{"type":"Feature","properties":{"UFID":"100035905015A00110100000004517491"},"geometry":{"type":"MultiPolygon","coordinates":[[[[129.1061686,35.7147388],[129.1061271,35.7146982],[129.1061229,35.7146978],[129.1059736,35.7146676],[129.105861,35.7146492],[129.1057845,35.7146436],[129.1056897,35.714637],[129.1056857,35.7146363],[129.1057231,35.7146881],[129.1057878,35.7146928],[129.1058537,35.714692],[129.1058561,35.7146924],[129.1059753,35.7147238],[129.1060464,35.7147407],[129.1060625,35.7147407],[129.10608,35.7147406],[129.1060924,35.7147403],[129.1060975,35.7147404],[129.1061042,35.7147432],[129.1061686,35.7147388]]]]}},{"type":"Feature","properties":{"UFID":"100035905015A00110100000004517492"},"geometry":{"type":"MultiPolygon","coordinates":[[[[129.1062266,35.7147923],[129.1061686,35.7147388],[129.1061042,35.7147432],[129.1061649,35.7147949],[129.1062266,35.7147923]]]]}},{"type":"Feature","properties":{"UFID":"100035905015A00110100000004517493"},"geometry":{"type":"MultiPolygon","coordinates":[[[[129.1172335,35.7131578],[129.1172328,35.7131624],[129.1171809,35.7131829],[129.1171261,35.7132023],[129.117076,35.7132263],[129.1170287,35.7132551],[129.1169771,35.7132958],[129.1169907,35.7133162],[129.1170411,35.7132774],[129.1171098,35.7132434],[129.1171947,35.713205],[129.1172624,35.7131794],[129.1172335,35.7131578]]]]}},{"type":"Feature","properties":{"UFID":"100035905015A00110100000004517494"},"geometry":{"type":"MultiPolygon","coordinates":[[[[129.1179377,35.7125865],[129.117951,35.7125853],[129.1179731,35.7125861],[129.1179878,35.7125886],[129.1179964,35.7125905],[129.1180231,35.7125973],[129.1180648,35.7126074],[129.1180336,35.7125733],[129.1180297,35.712575],[129.1180232,35.7125755],[129.1179891,35.7125712],[129.1179428,35.7125687],[129.1179414,35.7125687],[129.1179317,35.712569],[129.1179154,35.7125718],[129.1178998,35.7125769],[129.1178775,35.7125922],[129.1178534,35.7126343],[129.1178329,35.712663],[129.1178043,35.7126875],[129.1177636,35.7127035],[129.1177086,35.7127204],[129.1177011,35.7127222],[129.117668,35.7127338],[129.1176202,35.7127652],[129.1175735,35.7128222],[129.1175268,35.7128732],[129.117489,35.7129377],[129.1174542,35.7129818],[129.1174913,35.7129803],[129.1175157,35.7129428],[129.1175535,35.7128874],[129.117582,35.7128471],[129.1176149,35.7128068],[129.1176539,35.7127698],[129.1176844,35.7127479],[129.1177389,35.7127276],[129.1177999,35.7127079],[129.1178408,35.7126945],[129.1178431,35.7126922],[129.1178477,35.7126871],[129.1178746,35.7126453],[129.1179017,35.7126019],[129.1179036,35.7125999],[129.1179117,35.7125939],[129.1179213,35.7125894],[129.1179316,35.7125874],[129.1179377,35.7125865]]]]}},{"type":"Feature","properties":{"UFID":"100035905015A00110100000004517495"},"geometry":{"type":"MultiPolygon","coordinates":[[[[129.1172335,35.7131578],[129.1172101,35.7131196],[129.1172011,35.713122],[129.1171926,35.7131265],[129.1171759,35.713133],[129.1171537,35.7131385],[129.1171371,35.7131425],[129.117092,35.7131379],[129.1170645,35.7131503],[129.1170786,35.7131574],[129.1170945,35.7131623],[129.1171147,35.7131669],[129.1171437,35.7131685],[129.1171596,35.7131685],[129.1171772,35.7131663],[129.1172148,35.7131586],[129.1172335,35.7131578]]]]}},{"type":"Feature","properties":{"UFID":"100035905015A00110100000004517496"},"geometry":{"type":"MultiPolygon","coordinates":[[[[129.1172457,35.7125148],[129.1172246,35.712499],[129.1171996,35.7125214],[129.1172222,35.7125379],[129.1172251,35.7125395],[129.1172291,35.7125425],[129.1172533,35.7125709],[129.117275,35.7126276],[129.1172817,35.7126912],[129.1172774,35.7127267],[129.1172764,35.7127369],[129.1172758,35.7127519],[129.1172783,35.7127626],[129.1172807,35.7127665],[129.1173353,35.7127975],[129.1174265,35.7128571],[129.1174436,35.712836],[129.1173866,35.7128097],[129.1173322,35.7127741],[129.1173059,35.7127397],[129.1173039,35.7127222],[129.1173045,35.7127134],[129.1173053,35.7127053],[129.1173099,35.7126885],[129.1173113,35.7126721],[129.1173094,35.7126555],[129.1173076,35.7126448],[129.1173025,35.7126233],[129.1172807,35.7125683],[129.1172436,35.7125251],[129.1172417,35.7125186],[129.1172427,35.7125166],[129.1172457,35.7125148]]]]}},{"type":"Feature","properties":{"UFID":"100035905015A00110100000004517497"},"geometry":{"type":"MultiPolygon","coordinates":[[[[129.1230504,35.7162576],[129.1230764,35.7162339],[129.123068,35.7161698],[129.1230054,35.716232],[129.1230203,35.7162574],[129.1230259,35.7162586],[129.1230504,35.7162576]]]]}},{"type":"Feature","properties":{"UFID":"100035905015A00110100000004517498"},"geometry":{"type":"MultiPolygon","coordinates":[[[[129.1230398,35.7161625],[129.1230356,35.7161584],[129.1230002,35.7161184],[129.1229827,35.7161206],[129.1229806,35.7161207],[129.1229404,35.7160898],[129.1228676,35.7160215],[129.1228161,35.7159762],[129.1227554,35.7159319],[129.1226894,35.7159086],[129.1226652,35.7159043],[129.1226399,35.7159016],[129.1226318,35.7159001],[129.1225611,35.7158645],[129.1225377,35.7158603],[129.1225092,35.7158617],[129.1224918,35.7158662],[129.1224194,35.7158996],[129.1223571,35.7159088],[129.1223593,35.7159308],[129.1224373,35.7159317],[129.1225053,35.7159337],[129.1225443,35.7159311],[129.1225813,35.7159274],[129.1226055,35.715926],[129.1226297,35.7159258],[129.1226475,35.7159277],[129.1226803,35.7159327],[129.1226949,35.715936],[129.1227392,35.7159511],[129.1228018,35.7159902],[129.1229133,35.7160982],[129.1229555,35.7161472],[129.1229864,35.7161998],[129.1230398,35.7161625]]]]}},{"type":"Feature","properties":{"UFID":"100035905015A00110100000004517499"},"geometry":{"type":"MultiPolygon","coordinates":[[[[129.123068,35.7161698],[129.1230398,35.7161625],[129.1229864,35.7161998],[129.1230054,35.716232],[129.123068,35.7161698]]]]}},{"type":"Feature","properties":{"UFID":"100035905015A00110100000004517500"},"geometry":{"type":"MultiPolygon","coordinates":[[[[129.1230398,35.7161625],[129.123068,35.7161698],[129.1230747,35.7161504],[129.1230757,35.7161476],[129.1230757,35.7161467],[129.1230478,35.716145],[129.1230426,35.7161592],[129.1230398,35.7161625]]]]}},{"type":"Feature","properties":{"UFID":"100035905015A00110100000004517501"},"geometry":{"type":"MultiPolygon","coordinates":[[[[129.1206566,35.7108078],[129.1206148,35.7108066],[129.1206078,35.7108253],[129.12058,35.7109432],[129.1205585,35.7110014],[129.1205935,35.7110033],[129.1206116,35.710946],[129.120643,35.7108388],[129.120655,35.7108107],[129.1206558,35.7108087],[129.1206566,35.7108078]]]]}},{"type":"Feature","properties":{"UFID":"100035905015A00110100000004517502"},"geometry":{"type":"MultiPolygon","coordinates":[[[[129.1205935,35.7110033],[129.1205585,35.7110014],[129.1205353,35.7110339],[129.1205292,35.7110416],[129.1205228,35.7110469],[129.1204868,35.7110622],[129.1204704,35.7110655],[129.1204723,35.71109],[129.1205011,35.7110787],[129.1205551,35.711053],[129.1205719,35.711038],[129.1205741,35.711035],[129.1205776,35.7110311],[129.1205935,35.7110033]]]]}},{"type":"Feature","properties":{"UFID":"100035905015A00110100000004517503"},"geometry":{"type":"MultiPolygon","coordinates":[[[[129.1210734,35.7115266],[129.1210448,35.711526],[129.1210209,35.7115724],[129.1210078,35.7115821],[129.1210501,35.7115876],[129.1210575,35.7115712],[129.1210712,35.7115302],[129.1210734,35.7115266]]]]}},{"type":"Feature","properties":{"UFID":"100035905015A00110100000004517504"},"geometry":{"type":"MultiPolygon","coordinates":[[[[129.1210781,35.7114906],[129.1210764,35.71149],[129.1210717,35.7114856],[129.1210676,35.7114303],[129.121066,35.7114057],[129.121066,35.7114021],[129.1210791,35.7113453],[129.1210912,35.7113065],[129.1210949,35.7112788],[129.1210937,35.7112662],[129.1210927,35.7112587],[129.1210912,35.7112484],[129.1210902,35.711246],[129.1210602,35.7111823],[129.1210442,35.7111352],[129.1210364,35.7111068],[129.1210373,35.7110584],[129.1210392,35.7110277],[129.1210411,35.7110146],[129.1210432,35.7110016],[129.121016,35.7110062],[129.1210174,35.7110138],[129.1210173,35.711023],[129.1210173,35.7110303],[129.1210158,35.7110426],[129.1210137,35.7110515],[129.1210117,35.711065],[129.1210115,35.7110771],[129.1210117,35.7110902],[129.1210117,35.7110966],[129.1210127,35.7111096],[129.1210137,35.7111182],[129.1210211,35.7111421],[129.1210421,35.7111955],[129.1210631,35.7112452],[129.1210719,35.7112907],[129.1210711,35.7113145],[129.1210707,35.7113196],[129.1210534,35.7113872],[129.1210506,35.7113988],[129.1210505,35.7114034],[129.1210512,35.7114647],[129.1210518,35.7114944],[129.1210781,35.7114906]]]]}},{"type":"Feature","properties":{"UFID":"100035905015A00110100000004517505"},"geometry":{"type":"MultiPolygon","coordinates":[[[[129.1210448,35.7109846],[129.1210432,35.7110016],[129.1211067,35.7110248],[129.1210802,35.7109944],[129.121046,35.7109849],[129.1210448,35.7109846]]]]}},{"type":"Feature","properties":{"UFID":"100035905015A00110100000004517506"},"geometry":{"type":"MultiPolygon","coordinates":[[[[129.1210345,35.7109049],[129.1210311,35.7108837],[129.1210362,35.7108788],[129.1209988,35.7108842],[129.1210012,35.7108978],[129.1209992,35.710905],[129.1209965,35.7109092],[129.1210345,35.7109049]]]]}},{"type":"Feature","properties":{"UFID":"100035905015A00110100000004517507"},"geometry":{"type":"MultiPolygon","coordinates":[[[[129.1210409,35.7108354],[129.121058,35.7108578],[129.1210673,35.710849],[129.1210419,35.7108331],[129.1210409,35.7108354]]]]}},{"type":"Feature","properties":{"UFID":"100035905015A00110100000004517508"},"geometry":{"type":"MultiPolygon","coordinates":[[[[129.1211421,35.711927],[129.1211372,35.7119264],[129.1211024,35.7119066],[129.1210581,35.7118782],[129.1210183,35.711847],[129.121013,35.7118415],[129.1210102,35.7118346],[129.1210064,35.7118097],[129.1210022,35.7117566],[129.1210107,35.7116962],[129.1210292,35.7116345],[129.1210354,35.7116207],[129.1209909,35.7116108],[129.1209912,35.7116125],[129.1209803,35.7116682],[129.1209755,35.7117169],[129.1209758,35.7117223],[129.1209782,35.7117716],[129.1209778,35.7118143],[129.1209826,35.7118384],[129.1209837,35.7118428],[129.1209861,35.7118485],[129.1210073,35.7118682],[129.1210583,35.7119003],[129.1210884,35.7119291],[129.1210905,35.7119326],[129.121155,35.7119557],[129.1211709,35.7119672],[129.1211421,35.711927]]]]}},{"type":"Feature","properties":{"UFID":"100035905015A00110100000004517509"},"geometry":{"type":"MultiPolygon","coordinates":[[[[129.1210078,35.7115821],[129.1209988,35.7115844],[129.1209899,35.7115841],[129.1209132,35.7115725],[129.1208822,35.711577],[129.1208838,35.7115953],[129.120935,35.7115922],[129.1209909,35.7116108],[129.1210078,35.7115821]]]]}},{"type":"Feature","properties":{"UFID":"100035905015A00110100000004517510"},"geometry":{"type":"MultiPolygon","coordinates":[[[[129.1210501,35.7115876],[129.1210078,35.7115821],[129.1209909,35.7116108],[129.1210354,35.7116207],[129.1210501,35.7115876]]]]}},{"type":"Feature","properties":{"UFID":"100035905015A00110100000004517511"},"geometry":{"type":"MultiPolygon","coordinates":[[[[129.1210781,35.7114906],[129.1210518,35.7114944],[129.1210519,35.7115039],[129.1210512,35.7115137],[129.1210448,35.711526],[129.1210734,35.7115266],[129.1210781,35.7114906]]]]}},{"type":"Feature","properties":{"UFID":"100035905015A00110100000004517512"},"geometry":{"type":"MultiPolygon","coordinates":[[[[129.1210425,35.7109657],[129.1210011,35.7109675],[129.1210045,35.710971],[129.1210085,35.7109792],[129.1210448,35.7109846],[129.1210425,35.7109657]]]]}},{"type":"Feature","properties":{"UFID":"100035905015A00110100000004517513"},"geometry":{"type":"MultiPolygon","coordinates":[[[[129.1210432,35.7110016],[129.1210448,35.7109846],[129.1210085,35.7109792],[129.1210135,35.710997],[129.121016,35.7110062],[129.1210432,35.7110016]]]]}},{"type":"Feature","properties":{"UFID":"100035905015A00110100000004517514"},"geometry":{"type":"MultiPolygon","coordinates":[[[[129.1210425,35.7109657],[129.1210369,35.7109195],[129.1210345,35.7109049],[129.1209965,35.7109092],[129.1210011,35.7109675],[129.1210425,35.7109657]]]]}},{"type":"Feature","properties":{"UFID":"100035905015A00110100000004517515"},"geometry":{"type":"MultiPolygon","coordinates":[[[[129.1210362,35.7108788],[129.1210226,35.7108519],[129.1209934,35.7108544],[129.1209988,35.7108842],[129.1210362,35.7108788]]]]}},{"type":"Feature","properties":{"UFID":"100035905015A00110100000004517516"},"geometry":{"type":"MultiPolygon","coordinates":[[[[129.1210226,35.7108519],[129.1210221,35.7108507],[129.1210059,35.7107826],[129.1209884,35.7107322],[129.1209527,35.7106615],[129.1209448,35.7106394],[129.1209365,35.7105957],[129.1209376,35.7105658],[129.1209411,35.7105555],[129.1209468,35.7105457],[129.1209537,35.7105377],[129.1209662,35.7105248],[129.1209362,35.7105188],[129.1209167,35.7105538],[129.1209134,35.7105838],[129.1209143,35.7105906],[129.1209264,35.7106406],[129.1209505,35.7107048],[129.1209774,35.7107608],[129.1209802,35.7107665],[129.1209899,35.7108351],[129.1209934,35.7108544],[129.1210226,35.7108519]]]]}},{"type":"Feature","properties":{"UFID":"100035905015A00110100000004517517"},"geometry":{"type":"MultiPolygon","coordinates":[[[[129.121058,35.7108578],[129.1210409,35.7108354],[129.1210226,35.7108519],[129.1210362,35.7108788],[129.121058,35.7108578]]]]}},{"type":"Feature","properties":{"UFID":"100035905016A00110100000004517561"},"geometry":{"type":"MultiPolygon","coordinates":[[[[129.1250571,35.7107299],[129.1250584,35.7106934],[129.1250028,35.710701],[129.1250182,35.710743],[129.1250571,35.7107299]]]]}},{"type":"Feature","properties":{"UFID":"100035905016A00110100000004517563"},"geometry":{"type":"MultiPolygon","coordinates":[[[[129.1250584,35.7106934],[129.1250583,35.71069],[129.1250913,35.710624],[129.1251277,35.710572],[129.1251455,35.7105341],[129.1251471,35.7105261],[129.1251478,35.7105165],[129.125148,35.7105024],[129.1251473,35.710494],[129.1251459,35.7104799],[129.1251406,35.710461],[129.1251198,35.7104147],[129.1250931,35.7103768],[129.1250592,35.7103412],[129.1249731,35.7102318],[129.1248151,35.7100509],[129.1247511,35.7101019],[129.1247583,35.7101022],[129.1248352,35.7101204],[129.1248369,35.7101219],[129.1250053,35.7103146],[129.1250278,35.710351],[129.1250267,35.7103658],[129.1250255,35.7103705],[129.1250219,35.7103787],[129.1250132,35.7103924],[129.124997,35.7104033],[129.124992,35.7104066],[129.1249881,35.710409],[129.1249861,35.7104159],[129.1249952,35.7104649],[129.1249934,35.7104699],[129.1250287,35.7104932],[129.1250346,35.710494],[129.1250368,35.7104944],[129.125044,35.7104943],[129.1250722,35.710488],[129.1250833,35.7104817],[129.1250868,35.7104808],[129.1250907,35.7104804],[129.125112,35.7104973],[129.1251134,35.7105004],[129.1251109,35.7105306],[129.1250847,35.71059],[129.1250393,35.7106596],[129.1250205,35.7106863],[129.1250028,35.710701],[129.1250584,35.7106934]]]]}},{"type":"Feature","properties":{"UFID":"100035905015A00110100000004517564"},"geometry":{"type":"MultiPolygon","coordinates":[[[[129.1250182,35.710743],[129.1250028,35.710701],[129.125,35.7107033],[129.1249527,35.7107347],[129.1248357,35.710802],[129.1247877,35.7108306],[129.1247172,35.7108727],[129.1246508,35.7109123],[129.1245923,35.7109463],[129.1245888,35.7109476],[129.1245391,35.7109731],[129.124535,35.7109752],[129.1245292,35.7109785],[129.124476,35.7110023],[129.1244173,35.7110282],[129.124355,35.7110544],[129.1243742,35.7110746],[129.1243758,35.7110733],[129.124482,35.7110301],[129.1244918,35.711026],[129.1245468,35.7110015],[129.1245535,35.7109977],[129.1245568,35.7109959],[129.1246047,35.7109714],[129.124609,35.7109697],[129.1246702,35.7109343],[129.1247368,35.7108945],[129.1248073,35.7108524],[129.1248545,35.7108243],[129.1249753,35.7107601],[129.125,35.7107512],[129.1250182,35.710743]]]]}},{"type":"Feature","properties":{"UFID":"100035905016A00110100000004517565"},"geometry":{"type":"MultiPolygon","coordinates":[[[[129.1254308,35.7156877],[129.1254222,35.7156288],[129.1253003,35.7155746],[129.1252534,35.7155626],[129.1251965,35.7155558],[129.1251303,35.7155546],[129.1250911,35.7155568],[129.125067,35.7155642],[129.1250296,35.7155821],[129.1249999,35.7156135],[129.1249297,35.7156878],[129.1248643,35.7157704],[129.1248105,35.7158125],[129.1247292,35.7158564],[129.1246792,35.7158764],[129.1247079,35.7158902],[129.1248096,35.7158361],[129.1248644,35.7158011],[129.1249121,35.7157474],[129.1249999,35.7156534],[129.1250434,35.7156069],[129.1250768,35.7155876],[129.1251011,35.7155813],[129.1251268,35.7155768],[129.125171,35.715576],[129.125199,35.7155764],[129.1252601,35.7155867],[129.1253107,35.715607],[129.1253691,35.7156395],[129.1254308,35.7156877]]]]}},{"type":"Feature","properties":{"UFID":"100035905015A00110100000004517566"},"geometry":{"type":"MultiPolygon","coordinates":[[[[129.1256572,35.7189617],[129.1255931,35.7189557],[129.1254925,35.718949],[129.1253864,35.7189467],[129.1252754,35.7189483],[129.1249999,35.7189513],[129.1249882,35.7189511],[129.1248148,35.7189551],[129.124609,35.7189534],[129.1245864,35.718954],[129.124457,35.7189553],[129.1244462,35.7189554],[129.1244363,35.7189555],[129.1243596,35.7189544],[129.1243253,35.7189517],[129.1242091,35.7189397],[129.124195,35.7189369],[129.1241914,35.7189361],[129.1241128,35.7189237],[129.1241092,35.7189222],[129.1240962,35.7189651],[129.1241799,35.7189784],[129.124182,35.7189788],[129.1241993,35.7189823],[129.1243194,35.7189947],[129.1243566,35.7189976],[129.1244362,35.7189988],[129.1244468,35.7189987],[129.1244576,35.7189986],[129.1245876,35.7189973],[129.1246097,35.7189967],[129.1248153,35.7189984],[129.1249892,35.7189944],[129.1249999,35.718994],[129.1251215,35.7189934],[129.1252754,35.7189914],[129.1254286,35.7189894],[129.1255606,35.718993],[129.1256177,35.7190015],[129.1256545,35.7190164],[129.1256631,35.7190215],[129.1256572,35.7189617]]]]}},{"type":"Feature","properties":{"UFID":"100035905015A00110100000004517567"},"geometry":{"type":"MultiPolygon","coordinates":[[[[129.1246835,35.7249944],[129.1246936,35.7249486],[129.1246863,35.7248811],[129.1246849,35.7248707],[129.1246788,35.7248455],[129.1246489,35.7247887],[129.124635,35.7247708],[129.1245136,35.7246658],[129.1244045,35.7245946],[129.1242526,35.7245007],[129.1241444,35.7244352],[129.1240574,35.7243883],[129.123973,35.7243513],[129.123967,35.7243481],[129.1238899,35.7243081],[129.1238855,35.7243043],[129.1238274,35.724256],[129.1237928,35.7242171],[129.1237386,35.724153],[129.1236736,35.7240998],[129.1236665,35.7240959],[129.1235135,35.7240475],[129.1234726,35.7240331],[129.1233865,35.7240054],[129.1232998,35.7239723],[129.1232664,35.7239579],[129.123187,35.7239251],[129.1231148,35.7238949],[129.1230921,35.7238826],[129.123035,35.7238499],[129.1229847,35.7238127],[129.1229343,35.7237671],[129.122908,35.7237458],[129.1228538,35.7237084],[129.1227882,35.7236748],[129.1227633,35.7236626],[129.1226895,35.7236381],[129.1226162,35.7236166],[129.1225882,35.7236103],[129.1224905,35.7235928],[129.1224049,35.7235835],[129.1223086,35.7235729],[129.1222025,35.7235635],[129.122191,35.7235634],[129.1221039,35.7235624],[129.1220984,35.7235624],[129.1220108,35.7235599],[129.1220016,35.72356],[129.121994,35.72356],[129.1219442,35.7235595],[129.121937,35.7235594],[129.1219177,35.7235591],[129.1219113,35.7235586],[129.1219069,35.7235584],[129.121853,35.7235498],[129.1218137,35.7235383],[129.1218061,35.7235365],[129.1217992,35.7235361],[129.1217851,35.7235347],[129.1217811,35.7235349],[129.1217792,35.7235349],[129.1217784,35.7235347],[129.1216718,35.7234931],[129.1216253,35.7234751],[129.1216103,35.7234992],[129.1216575,35.7235175],[129.121767,35.7235602],[129.1217747,35.7235618],[129.121782,35.7235619],[129.1217842,35.7235618],[129.1217959,35.723563],[129.1218001,35.7235633],[129.1218034,35.723564],[129.1218441,35.7235759],[129.1219027,35.7235853],[129.1219088,35.7235856],[129.1219159,35.7235861],[129.1219364,35.7235865],[129.1219437,35.7235866],[129.1219939,35.7235871],[129.1220017,35.723587],[129.1220103,35.723587],[129.1220979,35.7235895],[129.1221037,35.7235894],[129.1221906,35.7235904],[129.1222006,35.7235905],[129.1223046,35.7235998],[129.1224005,35.7236103],[129.1224848,35.7236194],[129.1225802,35.7236366],[129.1226062,35.7236424],[129.1226777,35.7236634],[129.1227484,35.7236869],[129.1227708,35.7236979],[129.1228342,35.7237303],[129.1228855,35.7237658],[129.1229103,35.7237857],[129.1229612,35.7238318],[129.1230142,35.7238711],[129.1230734,35.723905],[129.1230981,35.7239183],[129.123172,35.7239492],[129.1232512,35.7239819],[129.123285,35.7239965],[129.1233734,35.7240302],[129.12346,35.7240581],[129.1235009,35.7240725],[129.123651,35.72412],[129.1236523,35.7241208],[129.123713,35.7241704],[129.1237658,35.7242328],[129.123802,35.7242735],[129.1238617,35.7243231],[129.1238687,35.7243291],[129.1239491,35.7243709],[129.1239561,35.7243746],[129.1240403,35.7244116],[129.1241254,35.7244573],[129.1242327,35.7245223],[129.1243841,35.724616],[129.124491,35.7246858],[129.1246087,35.7247874],[129.1246194,35.7248013],[129.124647,35.7248536],[129.1246521,35.7248747],[129.1246533,35.7248837],[129.1246602,35.7249474],[129.1246502,35.7249923],[129.1246505,35.725],[129.1246506,35.7250006],[129.1246517,35.725],[129.1246835,35.7249944]]]]}},{"type":"Feature","properties":{"UFID":"100035905015A00110100000004517568"},"geometry":{"type":"MultiPolygon","coordinates":[[[[129.1247511,35.7101019],[129.1247089,35.7100652],[129.1247075,35.7100753],[129.1247056,35.7100807],[129.1247045,35.7100862],[129.1246707,35.710164],[129.1246497,35.7102101],[129.1246493,35.7102171],[129.12465,35.7102223],[129.1246532,35.7102362],[129.1246563,35.7102451],[129.1246565,35.7102468],[129.1246584,35.7102534],[129.1246604,35.7102597],[129.1246618,35.7102646],[129.124667,35.7102692],[129.1247514,35.7103516],[129.1247669,35.7103323],[129.1246814,35.7102567],[129.1246743,35.7102445],[129.1246724,35.7102382],[129.1246717,35.7102186],[129.124676,35.7102003],[129.1247464,35.7101059],[129.1247511,35.7101019]]]]}},{"type":"Feature","properties":{"UFID":"100035905015A00110100000004517569"},"geometry":{"type":"MultiPolygon","coordinates":[[[[129.1247902,35.7100122],[129.1247814,35.7099985],[129.1246678,35.7098673],[129.1246663,35.7098696],[129.1246623,35.7098721],[129.1246612,35.7098728],[129.124628,35.7098816],[129.1246408,35.7099349],[129.1247016,35.7100354],[129.1247089,35.7100652],[129.1247902,35.7100122]]]]}},{"type":"Feature","properties":{"UFID":"100035905015A00110100000004517570"},"geometry":{"type":"MultiPolygon","coordinates":[[[[129.1248151,35.7100509],[129.1247902,35.7100122],[129.1247089,35.7100652],[129.1247511,35.7101019],[129.1248151,35.7100509]]]]}},{"type":"Feature","properties":{"UFID":"100035905016A00110100000004517571"},"geometry":{"type":"MultiPolygon","coordinates":[[[[129.1250584,35.7106934],[129.1250571,35.7107299],[129.1250716,35.7107238],[129.1251114,35.710718],[129.1251541,35.7107188],[129.1251993,35.7107266],[129.1252297,35.7107402],[129.1252473,35.7107548],[129.1252586,35.7107653],[129.1252493,35.710721],[129.1252487,35.7107179],[129.125211,35.710701],[129.1251579,35.7106918],[129.1251089,35.7106909],[129.125096,35.7106927],[129.1250786,35.7106945],[129.1250672,35.7106944],[129.1250584,35.7106934]]]]}},{"type":"Feature","properties":{"UFID":"100035905016A00110100000004517572"},"geometry":{"type":"MultiPolygon","coordinates":[[[[129.1300428,35.7135321],[129.1300387,35.713557],[129.1300419,35.7135563],[129.13012,35.7135618],[129.1301859,35.7135619],[129.1302438,35.7135618],[129.1302827,35.7135604],[129.1303174,35.7135561],[129.1303472,35.7135494],[129.1303703,35.7135403],[129.1303901,35.7135291],[129.1304201,35.7135077],[129.1304387,35.7134887],[129.1304581,35.7134604],[129.1304791,35.7134261],[129.1304908,35.7133975],[129.1304973,35.7133714],[129.1305084,35.7132706],[129.1305112,35.7132554],[129.1305173,35.7132305],[129.1305269,35.7132095],[129.1305409,35.7131887],[129.1305693,35.7131606],[129.1306088,35.713134],[129.1306778,35.713099],[129.1307631,35.7130679],[129.1308528,35.7130407],[129.1308986,35.713032],[129.1309269,35.7130314],[129.1309529,35.7130345],[129.1309828,35.7130425],[129.1310729,35.7130768],[129.1311974,35.7131246],[129.1312968,35.7131584],[129.131422,35.7132037],[129.1314845,35.7132291],[129.1315622,35.7132726],[129.1315869,35.7132839],[129.1316059,35.7132888],[129.131626,35.7132918],[129.1316775,35.7132899],[129.1317393,35.7132866],[129.1318021,35.7132887],[129.1318429,35.7132955],[129.1318677,35.7133039],[129.1318819,35.7133158],[129.1318929,35.7133314],[129.1319363,35.7133234],[129.1319273,35.7133001],[129.1319155,35.7132843],[129.1318963,35.7132716],[129.1318741,35.7132635],[129.1318411,35.7132573],[129.1318,35.7132551],[129.1317308,35.7132583],[129.1316611,35.7132599],[129.1316284,35.713258],[129.1315963,35.7132518],[129.1315722,35.7132435],[129.1315401,35.7132259],[129.1314658,35.7131923],[129.131379,35.7131611],[129.1312561,35.7131134],[129.1311176,35.7130507],[129.1310327,35.7130125],[129.1310006,35.7130009],[129.1309708,35.7129932],[129.1309351,35.7129908],[129.1309042,35.7129921],[129.1308717,35.7129982],[129.1308306,35.713009],[129.1307219,35.7130468],[129.1306069,35.7130942],[129.1305447,35.7131333],[129.1305206,35.7131537],[129.1305062,35.7131708],[129.1304969,35.7131882],[129.1304898,35.7132086],[129.1304849,35.713232],[129.130479,35.7132694],[129.130473,35.7133284],[129.1304658,35.7133766],[129.1304615,35.7133955],[129.1304533,35.7134154],[129.1304371,35.7134431],[129.1304154,35.7134723],[129.1303905,35.7134967],[129.1303637,35.7135156],[129.1303341,35.7135282],[129.1302957,35.7135374],[129.1302569,35.7135408],[129.1302104,35.7135412],[129.1301394,35.7135392],[129.1300483,35.7135327],[129.1300428,35.7135321]]]]}},{"type":"Feature","properties":{"UFID":"100035905016A00110100000004517573"},"geometry":{"type":"MultiPolygon","coordinates":[[[[129.1299754,35.7135249],[129.1299557,35.7135228],[129.1298984,35.713511],[129.129776,35.7134839],[129.1296504,35.7134558],[129.12957,35.7134372],[129.1295434,35.7134276],[129.1295779,35.7134735],[129.1295817,35.713473],[129.1295904,35.7134737],[129.1297652,35.7135172],[129.1298936,35.7135471],[129.1299701,35.7135654],[129.1299754,35.7135249]]]]}},{"type":"Feature","properties":{"UFID":"100035905016A00110100000004517574"},"geometry":{"type":"MultiPolygon","coordinates":[[[[129.1300387,35.713557],[129.1300428,35.7135321],[129.1299754,35.7135249],[129.1299701,35.7135654],[129.1300387,35.713557]]]]}},{"type":"Feature","properties":{"UFID":"100035905016A00110100000004517575"},"geometry":{"type":"MultiPolygon","coordinates":[[[[129.1300387,35.713557],[129.1299701,35.7135654],[129.1299989,35.7135723],[129.1301379,35.7136129],[129.1302337,35.7136405],[129.1303139,35.7136624],[129.1303909,35.7136882],[129.130438,35.7137069],[129.1304489,35.7137132],[129.1304583,35.7137215],[129.1304779,35.7137481],[129.1305654,35.7138883],[129.1306027,35.7139335],[129.1306359,35.7139646],[129.1306727,35.713993],[129.1307316,35.7140285],[129.1308063,35.714061],[129.1309194,35.7141043],[129.1312774,35.7142333],[129.1313225,35.7141606],[129.1312117,35.714153],[129.1311428,35.7141433],[129.1311106,35.7141342],[129.1309873,35.7140896],[129.1308354,35.7140323],[129.1307727,35.7140052],[129.1307249,35.7139805],[129.1306773,35.7139452],[129.1306462,35.7139195],[129.1306115,35.7138753],[129.1305726,35.7138145],[129.1305301,35.7137434],[129.1305177,35.7137256],[129.1304997,35.7137052],[129.1304807,35.7136907],[129.1304493,35.7136744],[129.1304024,35.7136556],[129.1303538,35.7136389],[129.1302436,35.7136086],[129.1301392,35.7135869],[129.1300423,35.7135612],[129.1300381,35.7135586],[129.1300387,35.713557]]]]}},{"type":"Feature","properties":{"UFID":"100035905016A00110100000004517576"},"geometry":{"type":"MultiPolygon","coordinates":[[[[129.1284226,35.7161767],[129.1284221,35.7161752],[129.1284225,35.7161689],[129.1284229,35.7161356],[129.1284231,35.7161343],[129.1284236,35.7161333],[129.1284661,35.7160464],[129.12851,35.7159608],[129.1285555,35.7159011],[129.1286606,35.7157798],[129.1287061,35.7157077],[129.1287437,35.7156411],[129.1287507,35.7156246],[129.1287566,35.7156069],[129.1287652,35.7155894],[129.1287827,35.7155635],[129.128825,35.7155146],[129.1288976,35.7154301],[129.1289183,35.7154112],[129.1289419,35.7153763],[129.128946,35.7153657],[129.1289491,35.7153304],[129.1289462,35.7153217],[129.1289376,35.7153101],[129.1289319,35.7153011],[129.12892,35.7152761],[129.1289109,35.7152562],[129.1289031,35.7152278],[129.128901,35.7152124],[129.1288913,35.7151435],[129.1288966,35.7150535],[129.1289095,35.7150038],[129.1289198,35.7149752],[129.1289729,35.7148666],[129.1290403,35.7147329],[129.1291091,35.7145897],[129.1291332,35.7145468],[129.1291706,35.7144875],[129.1292085,35.714447],[129.1292617,35.714406],[129.1292755,35.714396],[129.1293416,35.7143574],[129.1294238,35.7143172],[129.1294511,35.7143021],[129.1295181,35.7142512],[129.1295585,35.7142008],[129.1295839,35.7141572],[129.1296111,35.7140761],[129.1296174,35.7140467],[129.1296254,35.7139872],[129.1296274,35.7139325],[129.1296219,35.7138711],[129.1296168,35.7138472],[129.129594,35.713748],[129.1295883,35.7136799],[129.1295865,35.7135967],[129.1295867,35.7135872],[129.1295864,35.7135765],[129.1295935,35.713559],[129.1295953,35.7135338],[129.1295968,35.7135301],[129.1295487,35.7135286],[129.1295495,35.7135409],[129.1295523,35.7135549],[129.1295533,35.7135773],[129.1295535,35.7135873],[129.1295534,35.7135967],[129.1295552,35.713681],[129.1295611,35.7137514],[129.1295841,35.713852],[129.129589,35.7138744],[129.1295943,35.7139331],[129.1295923,35.7139853],[129.1295846,35.7140428],[129.1295788,35.7140702],[129.1295527,35.7141478],[129.1295295,35.7141875],[129.1294925,35.7142337],[129.1294303,35.7142809],[129.129406,35.7142944],[129.1293234,35.7143348],[129.1292547,35.7143748],[129.1292393,35.7143861],[129.1291838,35.7144289],[129.1291425,35.714473],[129.1291034,35.7145349],[129.1290786,35.7145792],[129.1290096,35.7147229],[129.1289422,35.7148564],[129.1288884,35.7149664],[129.1288773,35.7149972],[129.1288636,35.7150501],[129.128858,35.7151444],[129.128868,35.7152155],[129.1288704,35.7152323],[129.128879,35.7152639],[129.128889,35.7152857],[129.1289016,35.7153123],[129.1289087,35.7153234],[129.1289154,35.7153324],[129.1289156,35.715333],[129.1289132,35.7153606],[129.1289112,35.7153656],[129.128891,35.7153955],[129.1288716,35.7154134],[129.1287979,35.7154991],[129.1287545,35.7155491],[129.1287352,35.7155778],[129.1287251,35.7155983],[129.128719,35.7156166],[129.1287129,35.715631],[129.1286763,35.7156958],[129.1286322,35.7157657],[129.1285278,35.7158862],[129.1284805,35.7159484],[129.1284354,35.7160361],[129.1283929,35.7161231],[129.1283909,35.7161271],[129.1283897,35.7161336],[129.1283893,35.7161682],[129.1283886,35.7161821],[129.1284226,35.7161767]]]]}},{"type":"Feature","properties":{"UFID":"100035905016A00110100000004517577"},"geometry":{"type":"MultiPolygon","coordinates":[[[[129.1295881,35.713486],[129.1295968,35.7135301],[129.1296009,35.7135287],[129.1296059,35.7135289],[129.1296728,35.7135547],[129.129737,35.7135773],[129.1298043,35.7136013],[129.129884,35.7136272],[129.1299422,35.7136458],[129.129951,35.7136494],[129.1299564,35.7136545],[129.1299588,35.7136594],[129.1299618,35.7136917],[129.1299631,35.7136994],[129.1299651,35.7137053],[129.1299709,35.7137149],[129.1299894,35.7137315],[129.1300182,35.7137506],[129.1300528,35.7137689],[129.1300961,35.7137857],[129.1301434,35.7138006],[129.1301831,35.7138178],[129.1302244,35.7138423],[129.1302636,35.7138715],[129.1302928,35.7138968],[129.1303202,35.7139309],[129.1303477,35.7139739],[129.1303707,35.7140138],[129.130398,35.7140062],[129.1303835,35.713981],[129.1303379,35.7139103],[129.1303074,35.7138773],[129.1302645,35.7138413],[129.1302205,35.7138103],[129.1301789,35.7137872],[129.130119,35.7137592],[129.1300439,35.7137317],[129.1300184,35.7137171],[129.1300072,35.7137065],[129.1300038,35.7136941],[129.1300028,35.713669],[129.1300013,35.7136576],[129.1299978,35.7136504],[129.1299892,35.7136413],[129.1299749,35.7136332],[129.1299484,35.7136214],[129.1299178,35.7136116],[129.1298916,35.713605],[129.1298218,35.7135813],[129.129741,35.7135498],[129.1296633,35.7135198],[129.1296022,35.7134949],[129.1295881,35.713486]]]]}},{"type":"Feature","properties":{"UFID":"100035905016A00110100000004517578"},"geometry":{"type":"MultiPolygon","coordinates":[[[[129.1295881,35.713486],[129.1295306,35.7134897],[129.1295366,35.7134998],[129.1295402,35.7135052],[129.129542,35.7135074],[129.1295443,35.7135097],[129.1295455,35.7135108],[129.1295482,35.7135193],[129.1295487,35.7135286],[129.1295968,35.7135301],[129.1295881,35.713486]]]]}},{"type":"Feature","properties":{"UFID":"100035905016A00110100000004517579"},"geometry":{"type":"MultiPolygon","coordinates":[[[[129.1295434,35.7134276],[129.1295259,35.7134156],[129.1294967,35.7133929],[129.1294698,35.7133707],[129.1292906,35.7132059],[129.1292835,35.7131924],[129.1292673,35.713165],[129.1292252,35.7131755],[129.1292486,35.7131996],[129.1292527,35.7132032],[129.1292541,35.713205],[129.1292623,35.7132205],[129.1294456,35.7133892],[129.1294715,35.7134105],[129.1294895,35.7134304],[129.1295434,35.7134276]]]]}},{"type":"Feature","properties":{"UFID":"100035905016A00110100000004517580"},"geometry":{"type":"MultiPolygon","coordinates":[[[[129.1295434,35.7134276],[129.1294895,35.7134304],[129.1295064,35.713449],[129.1295189,35.7134701],[129.1295779,35.7134735],[129.1295434,35.7134276]]]]}},{"type":"Feature","properties":{"UFID":"100035905016A00110100000004517581"},"geometry":{"type":"MultiPolygon","coordinates":[[[[129.1295881,35.713486],[129.1295843,35.7134837],[129.1295783,35.7134787],[129.1295769,35.7134755],[129.1295779,35.7134735],[129.1295189,35.7134701],[129.1295306,35.7134897],[129.1295881,35.713486]]]]}},{"type":"Feature","properties":{"UFID":"100035905016A00110100000004517582"},"geometry":{"type":"MultiPolygon","coordinates":[[[[129.1254994,35.7156785],[129.1254308,35.7156877],[129.1254369,35.7156985],[129.1254369,35.7157058],[129.1254369,35.7157177],[129.1254366,35.7157247],[129.1254354,35.7157294],[129.1254353,35.7157296],[129.12543,35.7157482],[129.1253844,35.7158854],[129.1253195,35.7161383],[129.1252605,35.7163705],[129.1252508,35.716417],[129.1252473,35.7164227],[129.1252403,35.7164276],[129.1252255,35.7164366],[129.1252064,35.7164451],[129.1252029,35.7164653],[129.1252343,35.7164547],[129.1252559,35.7164471],[129.1252598,35.7164433],[129.1252634,35.7164385],[129.1252667,35.7164338],[129.1252785,35.7163955],[129.1252913,35.716362],[129.1253514,35.7161306],[129.1254043,35.7159191],[129.1254634,35.715748],[129.1254994,35.7156785]]]]}},{"type":"Feature","properties":{"UFID":"100035905016A00110100000004517584"},"geometry":{"type":"MultiPolygon","coordinates":[[[[129.1337651,35.7135578],[129.133754,35.7135179],[129.1337364,35.7135285],[129.1336779,35.7135663],[129.1336019,35.7136215],[129.1334836,35.7136773],[129.1334325,35.7137061],[129.1333897,35.7137366],[129.1333426,35.7137826],[129.1333111,35.7138184],[129.1332925,35.71385],[129.133265,35.7139345],[129.1332466,35.7139913],[129.1332156,35.7140497],[129.1332071,35.7140657],[129.1331977,35.7140896],[129.1331891,35.7141162],[129.1331807,35.714153],[129.1331777,35.7141722],[129.1331773,35.7141894],[129.1331801,35.714232],[129.1331796,35.714243],[129.1331778,35.7142502],[129.1331755,35.7142541],[129.1331728,35.7142563],[129.1332126,35.7142899],[129.1332137,35.7142826],[129.1332156,35.7142562],[129.1332151,35.7142253],[129.1332152,35.7141796],[129.1332158,35.7141555],[129.1332195,35.714134],[129.1332275,35.7141097],[129.1332369,35.714086],[129.1332455,35.7140701],[129.1332574,35.7140479],[129.1332802,35.7139952],[129.1333021,35.713927],[129.1333203,35.7138619],[129.1333427,35.7138245],[129.1333806,35.7137852],[129.1334301,35.7137451],[129.1334727,35.7137163],[129.1335638,35.7136729],[129.133654,35.7136198],[129.1337161,35.7135747],[129.1337651,35.7135578]]]]}},{"type":"Feature","properties":{"UFID":"100035905016A00110100000004517585"},"geometry":{"type":"MultiPolygon","coordinates":[[[[129.1331728,35.7142563],[129.1331697,35.7142569],[129.1331669,35.7142556],[129.1331502,35.7141769],[129.1331482,35.714157],[129.1331485,35.7141472],[129.1331491,35.7141365],[129.1331531,35.7141157],[129.1331625,35.7140806],[129.1331716,35.7140459],[129.1331728,35.7140208],[129.1331717,35.7139905],[129.1331599,35.7139438],[129.1331366,35.7138826],[129.1331108,35.7138121],[129.1330973,35.713751],[129.1330861,35.7137021],[129.1330855,35.713666],[129.1330863,35.7136263],[129.1330889,35.7136082],[129.1330443,35.7136222],[129.133045,35.7136287],[129.133045,35.7136695],[129.133047,35.7137065],[129.1330576,35.7137552],[129.133081,35.7138265],[129.1331109,35.7139205],[129.1331269,35.7139781],[129.133132,35.7140128],[129.1331333,35.714032],[129.1331317,35.7140498],[129.1331241,35.7140834],[129.133118,35.7141116],[129.1331154,35.7141378],[129.1331146,35.7141629],[129.1331177,35.7141864],[129.1331248,35.7142136],[129.1331354,35.7142663],[129.1331362,35.7142795],[129.133132,35.7142961],[129.1331261,35.7143089],[129.1331728,35.7142563]]]]}},{"type":"Feature","properties":{"UFID":"100035905016A00110100000004517586"},"geometry":{"type":"MultiPolygon","coordinates":[[[[129.1332126,35.7142899],[129.1331728,35.7142563],[129.1331261,35.7143089],[129.1332019,35.7143269],[129.133205,35.714322],[129.1332113,35.7142995],[129.1332126,35.7142899]]]]}},{"type":"Feature","properties":{"UFID":"100035905016A00110100000004517587"},"geometry":{"type":"MultiPolygon","coordinates":[[[[129.1332019,35.7143269],[129.1331261,35.7143089],[129.1331086,35.7143468],[129.1330883,35.7143754],[129.1330664,35.7143971],[129.1330272,35.7144222],[129.1329675,35.7144574],[129.132929,35.7144722],[129.1328926,35.7144835],[129.1328608,35.7144875],[129.1328246,35.7144893],[129.1327896,35.714486],[129.1327661,35.7144843],[129.1327362,35.7144822],[129.1326996,35.7144827],[129.1328269,35.7145216],[129.1328271,35.7145193],[129.1328295,35.7145179],[129.1328305,35.7145177],[129.1329066,35.7145049],[129.132934,35.7144975],[129.1329727,35.7144825],[129.1330278,35.7144566],[129.1330891,35.7144226],[129.1331393,35.7143893],[129.1331727,35.7143633],[129.1331919,35.7143424],[129.1332019,35.7143269]]]]}},{"type":"Feature","properties":{"UFID":"100035905016A00110100000004517588"},"geometry":{"type":"MultiPolygon","coordinates":[[[[129.1328269,35.7145216],[129.132815,35.7145433],[129.1328759,35.714562],[129.1329286,35.7145801],[129.1329896,35.7145924],[129.1330227,35.7145948],[129.1330378,35.7145957],[129.1330913,35.7145902],[129.1331666,35.7145828],[129.1332215,35.7145716],[129.1332878,35.7145495],[129.1333264,35.7145379],[129.133365,35.7145336],[129.1334228,35.7145314],[129.1334787,35.714523],[129.1335195,35.7145083],[129.133545,35.7144935],[129.1335926,35.714448],[129.1336345,35.7144045],[129.1336831,35.7143522],[129.133718,35.7143159],[129.1337444,35.7142972],[129.13378,35.7142789],[129.1338264,35.7142646],[129.1338764,35.7142549],[129.1339621,35.7142436],[129.1340717,35.7142335],[129.1341732,35.7142192],[129.1342266,35.714211],[129.134243,35.7142057],[129.1342574,35.714198],[129.1342821,35.7141796],[129.1343286,35.7141385],[129.1343521,35.7141237],[129.1343787,35.7141169],[129.1344397,35.7141085],[129.134499,35.7141],[129.1345769,35.7140844],[129.1346358,35.7140674],[129.1346753,35.7140487],[129.134739,35.7140044],[129.1347976,35.7139646],[129.1348325,35.7139298],[129.1348528,35.7138965],[129.134892,35.7138229],[129.1349175,35.7137765],[129.1349539,35.7137236],[129.1349258,35.7137148],[129.1348746,35.7137923],[129.1348459,35.7138392],[129.1348267,35.7138769],[129.134823,35.7138879],[129.1348204,35.7138958],[129.1347917,35.7139286],[129.1347447,35.7139661],[129.1346916,35.7140021],[129.1346393,35.714033],[129.1345925,35.7140537],[129.1345213,35.7140687],[129.1344455,35.7140811],[129.1343853,35.7140845],[129.1343477,35.7140979],[129.1342964,35.7141324],[129.1342471,35.7141692],[129.1342158,35.7141848],[129.1342098,35.7141888],[129.1341746,35.7141954],[129.1340806,35.7142044],[129.1339333,35.7142181],[129.1338524,35.7142283],[129.1337955,35.7142429],[129.1337339,35.714269],[129.133696,35.7142915],[129.1336664,35.7143132],[129.133646,35.7143368],[129.1336245,35.7143718],[129.1335756,35.7144196],[129.1335284,35.7144644],[129.1334987,35.7144859],[129.1334552,35.7145015],[129.1334283,35.714507],[129.1333852,35.7145083],[129.1333305,35.7145122],[129.1332804,35.7145263],[129.1332017,35.7145519],[129.1331301,35.7145637],[129.1330585,35.7145715],[129.1330524,35.7145715],[129.1330325,35.7145716],[129.1330106,35.7145706],[129.1329859,35.7145674],[129.1329525,35.7145601],[129.1328934,35.7145425],[129.1328314,35.7145236],[129.1328269,35.7145216]]]]}},{"type":"Feature","properties":{"UFID":"100035905016A00110100000004517589"},"geometry":{"type":"MultiPolygon","coordinates":[[[[129.1328269,35.7145216],[129.1326996,35.7144827],[129.1326887,35.714522],[129.132699,35.7145221],[129.1327342,35.7145255],[129.1327667,35.7145307],[129.1328036,35.7145398],[129.132815,35.7145433],[129.1328269,35.7145216]]]]}},{"type":"Feature","properties":{"UFID":"100035905016A00110100000004517590"},"geometry":{"type":"MultiPolygon","coordinates":[[[[129.1326887,35.714522],[129.1326996,35.7144827],[129.1326569,35.7144869],[129.1326064,35.7144948],[129.1325537,35.714506],[129.1325133,35.7145156],[129.1324937,35.7145209],[129.1324584,35.7145303],[129.1324002,35.7145438],[129.1323962,35.7145463],[129.1323921,35.7145533],[129.1323787,35.7145916],[129.1323678,35.7146441],[129.1323598,35.7146685],[129.1323544,35.7146874],[129.1323489,35.7146991],[129.1323278,35.7147225],[129.1322805,35.7147544],[129.1322296,35.7147877],[129.1322052,35.7148142],[129.1321856,35.7148383],[129.1321951,35.7148504],[129.1322121,35.7148721],[129.1322256,35.7148494],[129.1322297,35.7148422],[129.1322359,35.7148352],[129.1322876,35.7147948],[129.1323523,35.7147402],[129.1323832,35.714711],[129.1323908,35.7146965],[129.1323933,35.7146913],[129.1324084,35.7146368],[129.1324133,35.714615],[129.1324164,35.7145995],[129.1324234,35.7145829],[129.132429,35.714577],[129.1324363,35.7145707],[129.1324782,35.7145553],[129.132523,35.7145427],[129.1325719,35.7145319],[129.1326143,35.7145248],[129.1326606,35.7145215],[129.1326887,35.714522]]]]}},{"type":"Feature","properties":{"UFID":"100035905016A00110100000004517595"},"geometry":{"type":"MultiPolygon","coordinates":[[[[129.1281066,35.7171708],[129.1280982,35.7171611],[129.1280575,35.717108],[129.1279769,35.717005],[129.1279223,35.7169233],[129.1278959,35.7168764],[129.1278865,35.716848],[129.1278527,35.7167467],[129.1278187,35.7166425],[129.1278136,35.7166223],[129.1278033,35.7165629],[129.1277916,35.7164481],[129.1277899,35.7164317],[129.1277895,35.7164269],[129.1277879,35.7164148],[129.1277866,35.7163825],[129.1277881,35.7163707],[129.1277905,35.7163601],[129.1277944,35.7163517],[129.1278017,35.7163424],[129.1278223,35.7163242],[129.1278491,35.7163114],[129.1279085,35.7162945],[129.1279769,35.7162904],[129.1280995,35.7162923],[129.1281211,35.7162898],[129.128174,35.7162703],[129.1282404,35.7162641],[129.1281066,35.7162642],[129.1280975,35.7162652],[129.127976,35.7162633],[129.1279017,35.7162678],[129.127835,35.7162868],[129.1278013,35.7163029],[129.1277753,35.7163258],[129.1277646,35.7163395],[129.1277584,35.7163529],[129.1277553,35.7163668],[129.1277533,35.7163815],[129.1277542,35.7164012],[129.1277512,35.716408],[129.1277474,35.7164127],[129.127752,35.7164482],[129.1277592,35.7164575],[129.1277703,35.7165659],[129.1277809,35.716627],[129.1277865,35.7166487],[129.1278207,35.7167537],[129.1278545,35.7168551],[129.1278647,35.7168857],[129.1278927,35.7169354],[129.1279483,35.7170187],[129.1280295,35.7171224],[129.1280706,35.7171761],[129.1280715,35.7171822],[129.1280722,35.7171925],[129.1281066,35.7171708]]]]}},{"type":"Feature","properties":{"UFID":"100035905016A00110100000004517596"},"geometry":{"type":"MultiPolygon","coordinates":[[[[129.1283878,35.7162103],[129.1283886,35.7161821],[129.1283616,35.7161881],[129.1283582,35.7161886],[129.128242,35.7162129],[129.1282374,35.7162137],[129.1281074,35.7162427],[129.1282409,35.7162444],[129.1282473,35.7162429],[129.1283649,35.7162151],[129.1283686,35.7162146],[129.1283878,35.7162103]]]]}},{"type":"Feature","properties":{"UFID":"100035905016A00110100000004517606"},"geometry":{"type":"MultiPolygon","coordinates":[[[[129.1321856,35.7148383],[129.1321563,35.7148009],[129.132156,35.7148357],[129.1321704,35.7148559],[129.1321856,35.7148383]]]]}},{"type":"Feature","properties":{"UFID":"100035905016A00110100000004517607"},"geometry":{"type":"MultiPolygon","coordinates":[[[[129.1322121,35.7148721],[129.1321951,35.7148504],[129.1321856,35.7148383],[129.1321704,35.7148559],[129.1321706,35.7148581],[129.1321708,35.7148604],[129.1321691,35.7148693],[129.1321624,35.714902],[129.1322121,35.7148721]]]]}},{"type":"Feature","properties":{"UFID":"100035905016A00110100000004517608"},"geometry":{"type":"MultiPolygon","coordinates":[[[[129.1322121,35.7148721],[129.1321624,35.714902],[129.1321193,35.7151101],[129.1320834,35.7152282],[129.1320576,35.7152696],[129.1320241,35.7152966],[129.131998,35.7153099],[129.13199,35.7153125],[129.1319761,35.7153128],[129.1319092,35.7153052],[129.1318325,35.7152915],[129.1318049,35.7152815],[129.1317855,35.7152722],[129.1317658,35.7152567],[129.1317023,35.7151395],[129.1316955,35.7151306],[129.1316866,35.7151242],[129.1316781,35.7151213],[129.1316673,35.7151197],[129.1316553,35.7151182],[129.1316399,35.7151172],[129.1316137,35.7151171],[129.1314386,35.7151335],[129.1312954,35.7151608],[129.1312735,35.7151685],[129.1312505,35.7151815],[129.1312411,35.7151881],[129.1312789,35.715218],[129.1313081,35.7151969],[129.1313532,35.7151811],[129.131415,35.7151709],[129.1315931,35.7151491],[129.1316545,35.7151459],[129.1316594,35.7151476],[129.1316668,35.7151516],[129.1316708,35.7151539],[129.1316762,35.7151584],[129.131705,35.7152077],[129.1317331,35.7152736],[129.1317477,35.7152938],[129.1317626,35.7153062],[129.1317798,35.7153142],[129.1318,35.7153192],[129.1319574,35.7153451],[129.1319765,35.7153459],[129.131984,35.7153458],[129.131996,35.7153456],[129.1320082,35.7153439],[129.1320228,35.7153422],[129.1320381,35.715339],[129.1320529,35.7153331],[129.1320587,35.7153289],[129.132073,35.7153221],[129.1320827,35.7153118],[129.1320971,35.715282],[129.1321198,35.7152299],[129.1321401,35.7151721],[129.1321586,35.7150998],[129.1321826,35.7149936],[129.1321995,35.7149227],[129.1322121,35.7148721]]]]}},{"type":"Feature","properties":{"UFID":"100035905016A00110100000004517669"},"geometry":{"type":"MultiPolygon","coordinates":[[[[129.1338122,35.7135514],[129.133802,35.7135177],[129.133754,35.7135179],[129.1337651,35.7135578],[129.1337691,35.7135564],[129.133812,35.7135514],[129.1338122,35.7135514]]]]}},{"type":"Feature","properties":{"UFID":"100035905016A00110100000004517670"},"geometry":{"type":"MultiPolygon","coordinates":[[[[129.1330225,35.713542],[129.1330687,35.7135196],[129.1330651,35.7135162],[129.1330587,35.7135086],[129.1330341,35.7134693],[129.1329865,35.7134082],[129.1329525,35.7133754],[129.1329262,35.7133459],[129.1328967,35.7132953],[129.1328767,35.713249],[129.1328696,35.7132195],[129.132869,35.7131967],[129.1328719,35.7131701],[129.1328754,35.713149],[129.132886,35.7131274],[129.1329132,35.7130958],[129.1329605,35.713069],[129.1330108,35.7130414],[129.1331257,35.7130016],[129.1332209,35.712958],[129.1332829,35.7129324],[129.1333532,35.712915],[129.1334327,35.7128869],[129.1335164,35.7128545],[129.133568,35.7128384],[129.1335894,35.712833],[129.1336107,35.7128345],[129.1336215,35.7128419],[129.1336664,35.7128916],[129.1337285,35.7129567],[129.1337859,35.7130432],[129.1338444,35.7131271],[129.1339142,35.7131935],[129.1339652,35.7132557],[129.1340155,35.7133196],[129.1340514,35.7133719],[129.134068,35.713398],[129.1340735,35.7134163],[129.1340742,35.7134292],[129.1340717,35.7134423],[129.134064,35.7134625],[129.1340389,35.713488],[129.1340192,35.7134966],[129.1339623,35.7135112],[129.133885,35.7135249],[129.1338234,35.7135256],[129.1338148,35.7135245],[129.133802,35.7135177],[129.1338122,35.7135514],[129.1338598,35.7135514],[129.1339138,35.7135473],[129.1340078,35.7135279],[129.1340766,35.7135033],[129.1341052,35.7134757],[129.1341171,35.7134479],[129.1341182,35.7134338],[129.1341178,35.7134167],[129.1341176,35.7134069],[129.1341103,35.7133859],[129.1340598,35.7133128],[129.1339989,35.7132314],[129.1339473,35.7131695],[129.1338781,35.7131045],[129.1337983,35.7129886],[129.1337288,35.7128945],[129.133662,35.7128215],[129.1336437,35.7128061],[129.1336137,35.7127974],[129.1335881,35.7127978],[129.1335394,35.7128084],[129.133443,35.7128462],[129.1333765,35.7128766],[129.1333319,35.7128898],[129.1332897,35.7129005],[129.1332379,35.7129177],[129.1331593,35.7129535],[129.1330811,35.7129854],[129.1329989,35.7130146],[129.1329379,35.7130427],[129.1328979,35.7130663],[129.1328578,35.7131005],[129.1328353,35.7131315],[129.1328254,35.7131595],[129.1328204,35.7131856],[129.1328219,35.7132186],[129.1328281,35.7132528],[129.1328387,35.7132863],[129.1328575,35.7133196],[129.1328937,35.7133657],[129.1329398,35.7134164],[129.132981,35.7134597],[129.1330097,35.7135124],[129.1330225,35.713542]]]]}},{"type":"Feature","properties":{"UFID":"100035905016A00110100000004517671"},"geometry":{"type":"MultiPolygon","coordinates":[[[[129.1330889,35.7136082],[129.1330687,35.7135196],[129.1330225,35.713542],[129.1330295,35.7135581],[129.1330415,35.713596],[129.1330443,35.7136222],[129.1330889,35.7136082]]]]}},{"type":"Feature","properties":{"UFID":"100035905016A00110100000004517672"},"geometry":{"type":"MultiPolygon","coordinates":[[[[129.133754,35.7135179],[129.133802,35.7135177],[129.1337994,35.7135152],[129.1337968,35.7135103],[129.1337929,35.7135041],[129.133784,35.7134878],[129.1337827,35.7134778],[129.1337814,35.7134706],[129.1337804,35.713434],[129.1337762,35.7133742],[129.1337696,35.7133322],[129.1337469,35.7132801],[129.1337116,35.7132165],[129.1336815,35.7131731],[129.1336653,35.7131593],[129.1336587,35.7131547],[129.1336486,35.7131516],[129.1336437,35.7131494],[129.1336294,35.7131474],[129.1336206,35.7131475],[129.1336126,35.713148],[129.1335405,35.7131572],[129.1334797,35.7131702],[129.1334352,35.7131875],[129.1333765,35.7132228],[129.1333195,35.7132619],[129.1332692,35.7133122],[129.133205,35.7133816],[129.1331334,35.713469],[129.133094,35.7135206],[129.1330872,35.7135234],[129.1330818,35.7135243],[129.1330777,35.7135237],[129.1330745,35.7135226],[129.1330687,35.7135196],[129.1330889,35.7136082],[129.1331024,35.7135763],[129.1331345,35.7135353],[129.1331928,35.7134537],[129.1332537,35.7133717],[129.1333098,35.7133142],[129.1333655,35.7132691],[129.1334135,35.7132362],[129.1334442,35.713212],[129.1334889,35.7131983],[129.1335363,35.7131878],[129.1335877,35.7131821],[129.1336086,35.7131817],[129.1336199,35.7131835],[129.133632,35.7131862],[129.1336522,35.7131962],[129.1336813,35.7132284],[129.133715,35.7132911],[129.1337382,35.7133314],[129.1337404,35.7133736],[129.1337464,35.7134589],[129.1337541,35.7134923],[129.1337583,35.7135034],[129.1337593,35.7135119],[129.1337568,35.7135152],[129.133754,35.7135179]]]]}},{"type":"Feature","properties":{"UFID":"100035905016A00110100000004517673"},"geometry":{"type":"MultiPolygon","coordinates":[[[[129.1284226,35.7161767],[129.128423,35.7162078],[129.1284298,35.7162075],[129.128436,35.7162086],[129.1284522,35.7162144],[129.1285043,35.7162316],[129.1285711,35.7162784],[129.1286333,35.7163229],[129.1286877,35.7163433],[129.1287598,35.7163605],[129.1288375,35.7163768],[129.1288843,35.7163958],[129.1289264,35.7164286],[129.1289999,35.7165029],[129.1290436,35.7165343],[129.1291065,35.7165545],[129.1291334,35.716559],[129.129158,35.7165608],[129.1291792,35.7165606],[129.1291882,35.7165596],[129.1292238,35.7165497],[129.129231,35.716547],[129.1292479,35.7165401],[129.1292551,35.7165331],[129.1292815,35.716523],[129.1293359,35.7164888],[129.1293699,35.7164489],[129.1294202,35.7163966],[129.1294286,35.7163887],[129.129433,35.7163848],[129.1294374,35.7163829],[129.1294443,35.7163815],[129.1295075,35.7163861],[129.1295984,35.716395],[129.1296831,35.7164046],[129.1297395,35.7164074],[129.1297557,35.7164071],[129.1297718,35.7164049],[129.1298081,35.7163939],[129.1297974,35.7163693],[129.1297532,35.7163813],[129.1297318,35.7163833],[129.1297175,35.716383],[129.1296965,35.7163811],[129.129614,35.7163751],[129.1295159,35.7163615],[129.12948,35.7163578],[129.1294514,35.7163576],[129.1294317,35.7163584],[129.1294178,35.7163591],[129.129398,35.7163637],[129.129391,35.7163665],[129.1293765,35.7163808],[129.1293454,35.7164262],[129.1293059,35.7164728],[129.1292726,35.7165017],[129.1292642,35.716505],[129.1292567,35.7165073],[129.129233,35.7165125],[129.1292268,35.7165139],[129.1291753,35.716529],[129.1291643,35.716531],[129.1291536,35.7165333],[129.1291383,35.7165322],[129.129116,35.7165285],[129.1290611,35.7165109],[129.1290239,35.7164841],[129.1289509,35.7164102],[129.1289036,35.7163734],[129.1288491,35.7163513],[129.1287686,35.7163344],[129.1286993,35.7163179],[129.1286515,35.7163],[129.1285928,35.716258],[129.1285217,35.7162082],[129.1284651,35.7161894],[129.1284463,35.7161828],[129.1284295,35.7161798],[129.1284245,35.7161783],[129.1284226,35.7161767]]]]}},{"type":"Feature","properties":{"UFID":"100035905016A00110100000004517674"},"geometry":{"type":"MultiPolygon","coordinates":[[[[129.1384633,35.7247629],[129.1385083,35.7247655],[129.1385086,35.7247621],[129.1385118,35.7247539],[129.1385378,35.7247194],[129.1385642,35.7246986],[129.1386028,35.7246889],[129.1386491,35.7246853],[129.1387236,35.7246846],[129.1387459,35.7246821],[129.1387634,35.7246716],[129.138764,35.7246668],[129.1387637,35.7246632],[129.1387588,35.7246562],[129.1387306,35.7246298],[129.1386693,35.7245786],[129.1386079,35.7245028],[129.1385432,35.7244206],[129.1384533,35.7243102],[129.1383518,35.7241797],[129.1383193,35.7241959],[129.138396,35.7242883],[129.1384831,35.7243958],[129.1385684,35.7244973],[129.1386118,35.7245569],[129.1386778,35.7246217],[129.1386824,35.7246292],[129.1386822,35.7246344],[129.138677,35.7246419],[129.1386729,35.7246432],[129.1386605,35.7246457],[129.1386041,35.7246494],[129.1385389,35.7246606],[129.1385266,35.7246687],[129.1385123,35.7246874],[129.1384717,35.7247468],[129.1384633,35.7247629]]]]}},{"type":"Feature","properties":{"UFID":"100035905016A00110100000004517675"},"geometry":{"type":"MultiPolygon","coordinates":[[[[129.1277972,35.7177206],[129.127764,35.7177208],[129.1277649,35.7177289],[129.1277668,35.7177437],[129.1277738,35.7177748],[129.1277823,35.7178009],[129.1278054,35.717857],[129.1278119,35.7178698],[129.1278402,35.7179156],[129.1278814,35.7179661],[129.1279384,35.7180254],[129.1279919,35.718075],[129.1280373,35.7181065],[129.128085,35.71813],[129.1281332,35.7181464],[129.1281851,35.7181577],[129.1282292,35.7181632],[129.1282501,35.7181643],[129.1283381,35.7181617],[129.1284215,35.7181582],[129.128531,35.7181571],[129.1285671,35.7181627],[129.1286071,35.7181884],[129.1286152,35.7181988],[129.128637,35.7182313],[129.1286436,35.71825],[129.1286449,35.7182887],[129.1286334,35.7183407],[129.1286317,35.7183449],[129.1286276,35.7183569],[129.1286007,35.7184124],[129.1285876,35.718438],[129.1285055,35.7185675],[129.1284794,35.7186097],[129.1284321,35.718704],[129.1284068,35.7187627],[129.1283866,35.718812],[129.1283731,35.7188353],[129.1283687,35.7188416],[129.1283363,35.7188701],[129.1282573,35.7189284],[129.1281507,35.7190008],[129.128021,35.7190799],[129.1280056,35.7190882],[129.1279776,35.7190968],[129.1279408,35.7191027],[129.1278917,35.719102],[129.1278261,35.7190926],[129.1276969,35.7190609],[129.1275702,35.7190134],[129.1274336,35.718969],[129.1273602,35.7189552],[129.1273229,35.7189515],[129.1271613,35.7189488],[129.1270564,35.7189549],[129.1268877,35.7189762],[129.1266689,35.7190099],[129.1265723,35.7190233],[129.1264295,35.7190423],[129.1262747,35.7190485],[129.126232,35.7190471],[129.1261182,35.7190408],[129.1260002,35.7190268],[129.1258336,35.7189957],[129.1258003,35.7189893],[129.1257772,35.7189834],[129.1257556,35.7189757],[129.1257353,35.7189701],[129.1257313,35.719016],[129.1257394,35.7190105],[129.1257495,35.7190082],[129.1257505,35.719009],[129.1257646,35.7190103],[129.1258262,35.719022],[129.1259941,35.7190534],[129.1261147,35.7190677],[129.1262302,35.7190741],[129.1262749,35.7190756],[129.126433,35.7190693],[129.1265778,35.71905],[129.1266748,35.7190365],[129.1268933,35.7190029],[129.1270602,35.7189818],[129.1271622,35.7189758],[129.1273205,35.7189785],[129.1273545,35.7189818],[129.1274236,35.7189949],[129.1275571,35.7190382],[129.1276851,35.7190862],[129.1278185,35.719119],[129.1278885,35.719129],[129.1279437,35.7191298],[129.1279866,35.7191229],[129.1280208,35.7191125],[129.1280401,35.719102],[129.1281712,35.7190221],[129.1282791,35.7189488],[129.1283596,35.7188893],[129.1283955,35.7188578],[129.1284025,35.7188479],[129.1284174,35.7188221],[129.1284382,35.7187715],[129.1284631,35.7187136],[129.1285096,35.7186209],[129.128535,35.7185798],[129.1286177,35.7184494],[129.1286315,35.7184226],[129.128659,35.7183656],[129.1286634,35.7183528],[129.1286657,35.7183474],[129.1286781,35.7182907],[129.1286767,35.7182459],[129.1286679,35.7182209],[129.1286438,35.7181851],[129.1286321,35.71817],[129.1285812,35.7181374],[129.1285339,35.71813],[129.1284204,35.7181312],[129.1283366,35.7181346],[129.1282506,35.7181373],[129.1282329,35.7181363],[129.1281919,35.7181312],[129.1281439,35.7181207],[129.1281,35.7181058],[129.1280568,35.7180845],[129.1280152,35.7180557],[129.127964,35.7180081],[129.1279083,35.7179502],[129.1278689,35.7179019],[129.1278421,35.7178586],[129.1278365,35.7178475],[129.1278141,35.7177931],[129.127806,35.7177684],[129.1278015,35.7177544],[129.1277996,35.7177395],[129.1277972,35.7177206]]]]}},{"type":"Feature","properties":{"UFID":"100035905016A00110100000004517676"},"geometry":{"type":"MultiPolygon","coordinates":[[[[129.1282409,35.7162444],[129.1281074,35.7162427],[129.1281066,35.7162642],[129.1282404,35.7162641],[129.1282409,35.7162444]]]]}},{"type":"Feature","properties":{"UFID":"100035905016A00110100000004517677"},"geometry":{"type":"MultiPolygon","coordinates":[[[[129.1296332,35.7171905],[129.1296693,35.7171991],[129.1296708,35.7171975],[129.1296824,35.717189],[129.129815,35.7171222],[129.1298574,35.7170962],[129.1298632,35.7170921],[129.1299997,35.7170226],[129.1301541,35.7169606],[129.1302382,35.7169307],[129.1303248,35.7169136],[129.1307673,35.7168689],[129.1309642,35.7168371],[129.1311847,35.7167949],[129.1312884,35.7167682],[129.1313846,35.7167414],[129.1314497,35.7167036],[129.131512,35.7166562],[129.1316155,35.7165704],[129.1316216,35.7165664],[129.1316454,35.7165524],[129.1316535,35.7165504],[129.131679,35.7165486],[129.131694,35.716549],[129.131713,35.716552],[129.1317591,35.7165626],[129.1318667,35.7165973],[129.13209,35.7166841],[129.1323207,35.7167684],[129.1324127,35.7168177],[129.1324891,35.7168796],[129.1325377,35.7169069],[129.1326203,35.7169315],[129.1326588,35.7169371],[129.1326737,35.7169364],[129.1327047,35.7169265],[129.1327262,35.716906],[129.1327372,35.7168797],[129.1327376,35.7168449],[129.1327343,35.7168224],[129.1327058,35.7167639],[129.1326798,35.7166999],[129.1326701,35.7166449],[129.1326703,35.7165909],[129.1326737,35.71656],[129.1326992,35.7164205],[129.1327008,35.7164018],[129.1327001,35.7163266],[129.1326966,35.716254],[129.1327007,35.7162264],[129.1327102,35.7162031],[129.13272,35.7161957],[129.1327343,35.7161957],[129.1327553,35.7162101],[129.1327704,35.7162307],[129.132778,35.7162407],[129.1328213,35.7163028],[129.1329027,35.716375],[129.1330069,35.7164421],[129.1330736,35.7164783],[129.1330799,35.7164818],[129.1331056,35.7165228],[129.1331371,35.7166465],[129.1332014,35.7167548],[129.1332224,35.7167772],[129.1332364,35.7167861],[129.1332457,35.71679],[129.133254,35.7167913],[129.1332691,35.7167901],[129.1332766,35.7167877],[129.1332896,35.7167823],[129.1333168,35.7167568],[129.1334199,35.7166124],[129.1334378,35.7165816],[129.1334484,35.7165559],[129.1334533,35.7165356],[129.133461,35.7165115],[129.1334669,35.7165046],[129.1334749,35.7165012],[129.1334851,35.7165003],[129.1334931,35.7165034],[129.1335159,35.7165326],[129.1335681,35.716605],[129.1335831,35.7166403],[129.1336642,35.7168344],[129.1336912,35.7169232],[129.1337031,35.716984],[129.1337149,35.7170843],[129.1337205,35.717102],[129.133727,35.7171198],[129.1337447,35.7171385],[129.1337674,35.7171512],[129.1337799,35.7171558],[129.1337973,35.7171576],[129.1338045,35.7171576],[129.1338159,35.7171562],[129.1338238,35.7171539],[129.1338271,35.7171511],[129.1338387,35.7171402],[129.1338433,35.7171365],[129.1338564,35.717105],[129.1338583,35.717093],[129.1338585,35.7170808],[129.133855,35.7170541],[129.1338496,35.7170109],[129.1338507,35.7170068],[129.1338522,35.7170032],[129.1338651,35.7169801],[129.1339578,35.716864],[129.1339974,35.7168122],[129.1340134,35.7167731],[129.1340291,35.7166961],[129.1340348,35.7166229],[129.1340579,35.716449],[129.1340625,35.7164052],[129.1340642,35.7163244],[129.1340662,35.7163125],[129.1340734,35.7162854],[129.1340911,35.7162676],[129.1341054,35.7162621],[129.1341439,35.7162578],[129.13418,35.7162569],[129.1341783,35.7162299],[129.1341411,35.7162309],[129.1340959,35.7162359],[129.1340701,35.7162458],[129.1340427,35.7162734],[129.1340335,35.7163078],[129.1340311,35.7163224],[129.1340294,35.7164038],[129.1340249,35.7164464],[129.1340017,35.7166206],[129.1339961,35.7166931],[129.1339811,35.7167666],[129.1339672,35.7168006],[129.1339298,35.7168494],[129.1338359,35.716967],[129.1338212,35.7169934],[129.1338187,35.7169996],[129.1338126,35.7170215],[129.133815,35.717059],[129.1338156,35.7170754],[129.1338155,35.7170875],[129.1338147,35.7170963],[129.1338126,35.7171027],[129.1338088,35.7171061],[129.1338037,35.7171089],[129.1337954,35.7171107],[129.1337883,35.7171111],[129.1337794,35.7171111],[129.1337703,35.7171106],[129.1337666,35.71711],[129.1337595,35.7171048],[129.1337574,35.717103],[129.1337516,35.7170886],[129.1337455,35.7170274],[129.1337447,35.7170248],[129.1337238,35.7169178],[129.1336961,35.7168268],[129.1336145,35.7166315],[129.1335983,35.7165936],[129.1335442,35.7165184],[129.1335158,35.7164821],[129.1334908,35.7164727],[129.1334651,35.7164748],[129.1334442,35.7164838],[129.1334304,35.7165],[129.133421,35.7165296],[129.1334163,35.7165489],[129.133407,35.7165715],[129.1333906,35.7165999],[129.1332897,35.716741],[129.1332688,35.7167606],[129.1332629,35.7167631],[129.1332613,35.7167636],[129.1332563,35.716764],[129.1332544,35.7167632],[129.1332461,35.716758],[129.1332298,35.7167405],[129.1331687,35.7166377],[129.1331371,35.7165138],[129.1331055,35.7164633],[129.1330921,35.7164559],[129.1330264,35.7164202],[129.1329253,35.7163551],[129.1328483,35.7162867],[129.1328065,35.7162269],[129.1327988,35.7162167],[129.1327809,35.7161923],[129.1327464,35.7161687],[129.1327069,35.7161687],[129.1326814,35.7161881],[129.1326682,35.7162204],[129.1326634,35.7162529],[129.132667,35.7163273],[129.1326677,35.716401],[129.1326663,35.7164176],[129.1326407,35.7165568],[129.1326371,35.7165896],[129.132637,35.7166468],[129.1326474,35.7167061],[129.1326746,35.7167732],[129.1327019,35.7168291],[129.1327044,35.7168464],[129.1327041,35.7168751],[129.1326969,35.7168924],[129.1326849,35.7169038],[129.1326665,35.7169097],[129.1326608,35.7169099],[129.132629,35.7169053],[129.1325531,35.7168827],[129.1325103,35.7168587],[129.1324337,35.7167966],[129.1323367,35.7167447],[129.132104,35.7166596],[129.1318799,35.7165725],[129.1317697,35.7165369],[129.1317207,35.7165257],[129.1316978,35.716522],[129.1316781,35.7165215],[129.1316473,35.7165237],[129.1316306,35.7165277],[129.1316015,35.7165449],[129.1315932,35.7165504],[129.1314889,35.7166368],[129.1314287,35.7166826],[129.1313693,35.716717],[129.131278,35.7167425],[129.1311759,35.7167688],[129.1309572,35.7168106],[129.130762,35.7168421],[129.1303188,35.7168869],[129.1302276,35.7169049],[129.1301401,35.716936],[129.1299836,35.7169989],[129.1298434,35.7170703],[129.1298365,35.7170752],[129.1297963,35.7170999],[129.1296624,35.7171673],[129.1296393,35.7171842],[129.1296332,35.7171905]]]]}},{"type":"Feature","properties":{"UFID":"100035905016A00110100000004517678"},"geometry":{"type":"MultiPolygon","coordinates":[[[[129.1257313,35.719016],[129.1256631,35.7190215],[129.1256719,35.719032],[129.1256739,35.7190402],[129.1256733,35.7190579],[129.1256554,35.7190892],[129.1255601,35.7192284],[129.1255378,35.7192615],[129.1255017,35.7193316],[129.1254499,35.7194988],[129.12542,35.7195987],[129.1254126,35.7196199],[129.1253886,35.7196468],[129.1253568,35.7196674],[129.1252967,35.719685],[129.1252138,35.7197013],[129.1251488,35.7197219],[129.1250966,35.719752],[129.125073,35.7197845],[129.1250708,35.7198119],[129.1250962,35.7198536],[129.1251164,35.719873],[129.1251862,35.7199268],[129.1252701,35.719979],[129.1253485,35.7200154],[129.1254474,35.7200521],[129.1254962,35.7200668],[129.1256632,35.7201094],[129.1256731,35.7200836],[129.1255069,35.7200412],[129.12546,35.720027],[129.1253636,35.7199913],[129.1252885,35.7199564],[129.1252077,35.7199062],[129.1251405,35.7198543],[129.1251241,35.7198386],[129.1251045,35.7198064],[129.1251056,35.7197927],[129.1251215,35.7197708],[129.1251646,35.719746],[129.1252238,35.7197271],[129.1253062,35.7197109],[129.1253731,35.7196913],[129.1254127,35.7196657],[129.1254428,35.7196319],[129.125452,35.7196057],[129.1254821,35.7195054],[129.1255332,35.7193402],[129.1255677,35.7192732],[129.1255891,35.7192415],[129.1256849,35.7191015],[129.1257129,35.7190525],[129.1257255,35.7190343],[129.1257289,35.7190219],[129.1257313,35.719016]]]]}},{"type":"Feature","properties":{"UFID":"100035905016A00110100000004517744"},"geometry":{"type":"MultiPolygon","coordinates":[[[[129.1296375,35.7172258],[129.1295824,35.717214],[129.1295183,35.7172339],[129.1294139,35.7172665],[129.1294073,35.7172699],[129.1294022,35.7172737],[129.1294004,35.7172761],[129.1293528,35.717293],[129.129348,35.7172951],[129.1293438,35.7172961],[129.129278,35.7173094],[129.1292127,35.7173148],[129.129148,35.7173128],[129.1290776,35.717305],[129.1289853,35.7172837],[129.1289149,35.7172638],[129.1288732,35.7172545],[129.1288443,35.7172542],[129.1288313,35.7172561],[129.1288034,35.7172609],[129.1287138,35.7172874],[129.1286644,35.717301],[129.1285978,35.717306],[129.1284871,35.7173129],[129.1284778,35.7173139],[129.1284821,35.7173442],[129.1284848,35.7173411],[129.1284906,35.7173398],[129.1286006,35.7173329],[129.1286713,35.7173277],[129.1287247,35.7173129],[129.1288126,35.717287],[129.1288376,35.7172826],[129.128847,35.7172813],[129.1288686,35.7172815],[129.1288865,35.7172828],[129.1289052,35.7172896],[129.1289754,35.7173095],[129.1290708,35.7173315],[129.1291451,35.7173397],[129.1292138,35.7173419],[129.1292836,35.7173361],[129.1293522,35.7173222],[129.1293605,35.7173203],[129.1293673,35.7173173],[129.1294159,35.7173002],[129.1294202,35.7172981],[129.1294257,35.7172943],[129.129428,35.7172913],[129.129429,35.7172908],[129.1295302,35.7172592],[129.1296375,35.7172258]]]]}},{"type":"Feature","properties":{"UFID":"100035905016A00110100000004517745"},"geometry":{"type":"MultiPolygon","coordinates":[[[[129.1277922,35.7176757],[129.1277593,35.7176797],[129.127764,35.7177208],[129.1277972,35.7177206],[129.1277922,35.7176757]]]]}},{"type":"Feature","properties":{"UFID":"100035905016A00110100000004517746"},"geometry":{"type":"MultiPolygon","coordinates":[[[[129.1278334,35.7177171],[129.1278269,35.7176724],[129.1277922,35.7176757],[129.1277972,35.7177206],[129.1278334,35.7177171]]]]}},{"type":"Feature","properties":{"UFID":"100035905016A00110100000004517747"},"geometry":{"type":"MultiPolygon","coordinates":[[[[129.1277922,35.7176757],[129.1277897,35.7176495],[129.1277914,35.7176229],[129.1277922,35.7176169],[129.1277472,35.7176127],[129.1277505,35.7176162],[129.1277537,35.717623],[129.1277576,35.717633],[129.1277565,35.7176499],[129.127759,35.7176773],[129.1277593,35.7176797],[129.1277922,35.7176757]]]]}},{"type":"Feature","properties":{"UFID":"100035905016A00110100000004517748"},"geometry":{"type":"MultiPolygon","coordinates":[[[[129.127797,35.7175833],[129.1277584,35.7175786],[129.1277472,35.7176127],[129.1277922,35.7176169],[129.1277967,35.7175847],[129.127797,35.7175833]]]]}},{"type":"Feature","properties":{"UFID":"100035905016A00110100000004517749"},"geometry":{"type":"MultiPolygon","coordinates":[[[[129.1277584,35.7175786],[129.1277443,35.7175799],[129.127671,35.7175537],[129.1276264,35.7175377],[129.127613,35.7175624],[129.1276576,35.7175784],[129.1277435,35.7176092],[129.1277472,35.7176127],[129.1277584,35.7175786]]]]}},{"type":"Feature","properties":{"UFID":"100035905016A00110100000004517750"},"geometry":{"type":"MultiPolygon","coordinates":[[[[129.1278141,35.7175148],[129.1277822,35.7175043],[129.1277765,35.7175216],[129.1277737,35.7175323],[129.1278053,35.717546],[129.1278141,35.7175148]]]]}},{"type":"Feature","properties":{"UFID":"100035905016A00110100000004517751"},"geometry":{"type":"MultiPolygon","coordinates":[[[[129.1281071,35.7172188],[129.1280722,35.7171925],[129.1280704,35.7171979],[129.1280634,35.7172053],[129.1280589,35.717208],[129.1280202,35.7172308],[129.1279424,35.7172809],[129.1278953,35.7173245],[129.1278479,35.7173801],[129.1278154,35.717431],[129.1277868,35.7174903],[129.1277822,35.7175043],[129.1278141,35.7175148],[129.127814,35.7175131],[129.1278145,35.7175104],[129.1278183,35.7174988],[129.1278456,35.7174423],[129.1278763,35.7173942],[129.1279215,35.7173412],[129.1279653,35.7173006],[129.1280402,35.7172524],[129.1280783,35.7172298],[129.1280922,35.7172216],[129.1281071,35.7172188]]]]}},{"type":"Feature","properties":{"UFID":"100035905016A00110100000004517752"},"geometry":{"type":"MultiPolygon","coordinates":[[[[129.1278053,35.717546],[129.1277737,35.7175323],[129.1277715,35.7175407],[129.1277655,35.7175724],[129.127762,35.7175762],[129.1277584,35.7175786],[129.127797,35.7175833],[129.1278026,35.7175534],[129.1278045,35.7175464],[129.1278053,35.717546]]]]}},{"type":"Feature","properties":{"UFID":"100035905016A00110100000004517753"},"geometry":{"type":"MultiPolygon","coordinates":[[[[129.1278141,35.7175148],[129.1278053,35.717546],[129.127807,35.717546],[129.1278114,35.7175463],[129.1278152,35.717547],[129.127852,35.7175689],[129.1278715,35.7175471],[129.1278328,35.717524],[129.1278176,35.7175174],[129.1278141,35.7175148]]]]}},{"type":"Feature","properties":{"UFID":"100035905016A00110100000004517754"},"geometry":{"type":"MultiPolygon","coordinates":[[[[129.1281354,35.7171949],[129.1281197,35.7171859],[129.1281066,35.7171708],[129.1280722,35.7171925],[129.1281071,35.7172188],[129.1281354,35.7171949]]]]}},{"type":"Feature","properties":{"UFID":"100035905016A00110100000004517755"},"geometry":{"type":"MultiPolygon","coordinates":[[[[129.1284369,35.7173165],[129.1284226,35.717315],[129.1283594,35.7172985],[129.1283022,35.7172794],[129.1282502,35.7172584],[129.1281852,35.7172244],[129.1281549,35.717206],[129.1281354,35.7171949],[129.1281071,35.7172188],[129.1281162,35.7172191],[129.1281248,35.7172219],[129.1281355,35.717228],[129.1281664,35.7172467],[129.1282339,35.7172819],[129.1282885,35.7173041],[129.1283481,35.7173239],[129.1284153,35.7173415],[129.1284345,35.7173435],[129.1284386,35.717344],[129.1284369,35.7173165]]]]}},{"type":"Feature","properties":{"UFID":"100035905016A00110100000004517756"},"geometry":{"type":"MultiPolygon","coordinates":[[[[129.1284821,35.7173442],[129.1284386,35.717344],[129.1284424,35.7173476],[129.1284472,35.7173548],[129.1284504,35.7173857],[129.1284529,35.7173983],[129.1284856,35.717394],[129.1284833,35.7173824],[129.1284801,35.7173513],[129.1284821,35.7173442]]]]}},{"type":"Feature","properties":{"UFID":"100035905016A00110100000004517757"},"geometry":{"type":"MultiPolygon","coordinates":[[[[129.1284778,35.7173139],[129.1284598,35.717316],[129.1284532,35.7173168],[129.1284369,35.7173165],[129.1284386,35.717344],[129.1284821,35.7173442],[129.1284778,35.7173139]]]]}},{"type":"Feature","properties":{"UFID":"100035905016A00110100000004517758"},"geometry":{"type":"MultiPolygon","coordinates":[[[[129.1296693,35.7171991],[129.1296375,35.7172258],[129.1296513,35.7172268],[129.1296623,35.7172285],[129.129678,35.7172303],[129.1297371,35.7172332],[129.1297834,35.7172444],[129.1298002,35.7172517],[129.1298387,35.7172776],[129.129881,35.7173225],[129.1299156,35.7173718],[129.1299441,35.71743],[129.1299599,35.7174812],[129.1299832,35.7175638],[129.1299964,35.717604],[129.13003,35.7176903],[129.1300591,35.7177387],[129.1301024,35.7177976],[129.1301068,35.7178049],[129.1301103,35.717811],[129.1301125,35.7178152],[129.1301176,35.7178317],[129.1301177,35.7178349],[129.1301141,35.7178734],[129.1300914,35.7179882],[129.1300842,35.718029],[129.1300762,35.7181071],[129.130076,35.7181223],[129.1300762,35.7181316],[129.130078,35.7181533],[129.1300863,35.7182022],[129.1300885,35.7182183],[129.1300805,35.7182518],[129.1301378,35.7182408],[129.1301221,35.7182194],[129.1301192,35.7181988],[129.130111,35.7181505],[129.1301094,35.7181304],[129.1301092,35.7181222],[129.1301094,35.7181084],[129.1301172,35.718032],[129.1301242,35.7179923],[129.130147,35.7178766],[129.130151,35.7178352],[129.1301505,35.7178277],[129.1301441,35.7178066],[129.1301407,35.7178001],[129.1301367,35.7177931],[129.1301315,35.7177846],[129.1300883,35.7177258],[129.1300608,35.7176802],[129.1300282,35.7175964],[129.1300154,35.7175573],[129.1299922,35.7174749],[129.1299757,35.7174216],[129.1299455,35.71736],[129.1299087,35.7173075],[129.1298627,35.7172587],[129.1298187,35.7172291],[129.1297961,35.7172193],[129.1297429,35.7172064],[129.1296813,35.7172033],[129.1296769,35.7172028],[129.1296722,35.7172017],[129.1296697,35.7172006],[129.1296693,35.7171991]]]]}},{"type":"Feature","properties":{"UFID":"100035905016A00110100000004517759"},"geometry":{"type":"MultiPolygon","coordinates":[[[[129.128423,35.7162078],[129.1284226,35.7161767],[129.1283886,35.7161821],[129.1283878,35.7162103],[129.1283943,35.7162089],[129.128423,35.7162078]]]]}},{"type":"Feature","properties":{"UFID":"100035905016A00110100000004517760"},"geometry":{"type":"MultiPolygon","coordinates":[[[[129.1257313,35.719016],[129.1257353,35.7189701],[129.1256772,35.7189636],[129.1256572,35.7189617],[129.1256631,35.7190215],[129.1257313,35.719016]]]]}},{"type":"Feature","properties":{"UFID":"100035905016A00110100000004517772"},"geometry":{"type":"MultiPolygon","coordinates":[[[[129.1302475,35.7126678],[129.1302367,35.7126522],[129.1301996,35.7126601],[129.1301833,35.7126636],[129.1300873,35.7127538],[129.1300743,35.7127658],[129.1299238,35.7129463],[129.1299142,35.7129578],[129.1299188,35.7129556],[129.1299439,35.7129392],[129.130086,35.7128068],[129.1301978,35.7127028],[129.1302475,35.7126678]]],[[[129.1295524,35.7130938],[129.1295534,35.7130934],[129.1294541,35.7131183],[129.1294714,35.7131152],[129.1295524,35.7130938]]]]}},{"type":"Feature","properties":{"UFID":"100035905016A00110100000004517773"},"geometry":{"type":"MultiPolygon","coordinates":[[[[129.1254847,35.7156292],[129.1254994,35.7156785],[129.1255109,35.7156564],[129.1256418,35.7155968],[129.1257502,35.7155555],[129.1258456,35.7155546],[129.1258408,35.7155296],[129.1257335,35.7155298],[129.1256629,35.7155438],[129.1255131,35.7156218],[129.1254847,35.7156292]]]]}},{"type":"Feature","properties":{"UFID":"100035905016A00110100000004517774"},"geometry":{"type":"MultiPolygon","coordinates":[[[[129.1278269,35.7176724],[129.1278334,35.7177171],[129.1278712,35.7177364],[129.128019,35.7178134],[129.128056,35.7178217],[129.1280868,35.717825],[129.1281219,35.7178248],[129.1281441,35.717821],[129.1282433,35.7177984],[129.1283978,35.7177526],[129.1283784,35.7177267],[129.1282259,35.7177729],[129.1281734,35.7177865],[129.1281428,35.7177912],[129.1281166,35.717795],[129.1280951,35.7177955],[129.128068,35.7177953],[129.1280467,35.7177936],[129.128028,35.7177901],[129.1279074,35.7177196],[129.1278269,35.7176724]]]]}},{"type":"Feature","properties":{"UFID":"100035905016A00110100000004517775"},"geometry":{"type":"MultiPolygon","coordinates":[[[[129.1312789,35.715218],[129.1312411,35.7151881],[129.1311142,35.7152771],[129.1305125,35.7155952],[129.1304892,35.7155937],[129.1303356,35.715435],[129.1302683,35.7153796],[129.1302573,35.7153607],[129.1302424,35.7152981],[129.130208,35.7153477],[129.130213,35.7153741],[129.1302234,35.7153961],[129.1302579,35.7154434],[129.1304772,35.7156792],[129.1308272,35.7154906],[129.1311447,35.7153205],[129.1312321,35.7152646],[129.1312697,35.7152248],[129.1312789,35.715218]]]]}},{"type":"Feature","properties":{"UFID":"100035905016A00110100000004517777"},"geometry":{"type":"MultiPolygon","coordinates":[[[[129.1254994,35.7156785],[129.1254847,35.7156292],[129.1254654,35.71563],[129.1254446,35.7156301],[129.1254222,35.7156288],[129.1254308,35.7156877],[129.1254994,35.7156785]]]]}},{"type":"Feature","properties":{"UFID":"100035905016A00110100000004517780"},"geometry":{"type":"MultiPolygon","coordinates":[[[[129.1296693,35.7171991],[129.1296332,35.7171905],[129.129629,35.717195],[129.1296272,35.7171988],[129.1296222,35.7172017],[129.1295824,35.717214],[129.1296375,35.7172258],[129.1296693,35.7171991]]]]}},{"type":"Feature","properties":{"UFID":"100035905015A00110100000004517781"},"geometry":{"type":"MultiPolygon","coordinates":[[[[129.1237731,35.7109461],[129.1237253,35.7109254],[129.1237066,35.7109284],[129.1235816,35.7109701],[129.1235504,35.7109866],[129.1235486,35.7109876],[129.1235188,35.7109928],[129.1234214,35.7110352],[129.1233705,35.7110549],[129.123278,35.7110798],[129.1232726,35.7110813],[129.123267,35.7110833],[129.1232142,35.7111047],[129.12321,35.7111081],[129.123197,35.7111174],[129.1231376,35.7111552],[129.1231154,35.7111677],[129.1230606,35.7111968],[129.1229816,35.7112301],[129.1229726,35.7112336],[129.1229556,35.7112398],[129.1228861,35.7112702],[129.1228131,35.7112961],[129.1227205,35.7113375],[129.1226397,35.7113766],[129.122637,35.7113778],[129.1226362,35.7113778],[129.1226315,35.7113779],[129.1226271,35.7113778],[129.1226229,35.7113776],[129.1226165,35.7113775],[129.1226017,35.7113813],[129.1225981,35.7113819],[129.1225369,35.7113993],[129.1224658,35.7114127],[129.122455,35.7114139],[129.1223656,35.7114266],[129.1223074,35.7114345],[129.1223331,35.7114584],[129.1223712,35.7114533],[129.1224602,35.7114406],[129.1224718,35.7114393],[129.1225461,35.7114253],[129.1226066,35.7114081],[129.1226097,35.7114076],[129.1226212,35.7114046],[129.1226217,35.7114047],[129.1226257,35.7114048],[129.1226313,35.711405],[129.122637,35.7114049],[129.1226471,35.7114046],[129.1226532,35.7114014],[129.1226561,35.7114001],[129.1227369,35.711361],[129.1228277,35.7113204],[129.122916,35.7112891],[129.1229638,35.7112664],[129.1229865,35.7112581],[129.1229963,35.7112544],[129.1230773,35.7112202],[129.1231339,35.7111902],[129.1231573,35.711177],[129.1232182,35.7111383],[129.1232327,35.7111278],[129.1232337,35.7111269],[129.123281,35.7111078],[129.1232848,35.7111065],[129.1232886,35.7111054],[129.1233828,35.71108],[129.1234363,35.7110594],[129.1235303,35.7110184],[129.1235623,35.7110129],[129.123569,35.711009],[129.123597,35.7109942],[129.1237162,35.7109544],[129.1237373,35.710951],[129.1237668,35.7109461],[129.1237707,35.7109458],[129.1237731,35.7109461]]]]}},{"type":"Feature","properties":{"UFID":"100035905015A00110100000004517782"},"geometry":{"type":"MultiPolygon","coordinates":[[[[129.1239895,35.7106471],[129.1239637,35.7106707],[129.1239831,35.7107185],[129.1239888,35.7107377],[129.1239899,35.7107472],[129.1239904,35.7107653],[129.1239771,35.7108076],[129.1239405,35.7108568],[129.1239226,35.710872],[129.1239012,35.7108807],[129.1238066,35.7109049],[129.1237812,35.7109138],[129.123817,35.7109311],[129.1238198,35.7109298],[129.1239137,35.7109059],[129.1239425,35.710894],[129.1239669,35.7108733],[129.124008,35.7108182],[129.1240236,35.7107684],[129.124023,35.7107456],[129.1240216,35.7107333],[129.124015,35.7107111],[129.1239906,35.7106508],[129.1239895,35.7106485],[129.1239895,35.7106471]]]]}},{"type":"Feature","properties":{"UFID":"100035905015A00110100000004517783"},"geometry":{"type":"MultiPolygon","coordinates":[[[[129.123817,35.7109311],[129.1237812,35.7109138],[129.1237691,35.7109181],[129.1237308,35.7109245],[129.1237253,35.7109254],[129.1237731,35.7109461],[129.123817,35.7109311]]]]}},{"type":"Feature","properties":{"UFID":"100035905015A00110100000004517784"},"geometry":{"type":"MultiPolygon","coordinates":[[[[129.1239895,35.7106471],[129.1239607,35.710617],[129.123939,35.7106387],[129.1239533,35.7106548],[129.1239607,35.7106632],[129.1239637,35.7106707],[129.1239895,35.7106471]]]]}},{"type":"Feature","properties":{"UFID":"100035905015A00110100000004517785"},"geometry":{"type":"MultiPolygon","coordinates":[[[[129.1239607,35.710617],[129.1239895,35.7106471],[129.1239897,35.7106452],[129.1239937,35.7106394],[129.1239987,35.7106336],[129.1239987,35.7105958],[129.1240075,35.7105616],[129.1239751,35.710556],[129.1239655,35.710593],[129.1239655,35.7106046],[129.123965,35.7106137],[129.1239645,35.7106159],[129.1239626,35.7106171],[129.1239607,35.710617]]]]}},{"type":"Feature","properties":{"UFID":"100035905015A00110100000004517786"},"geometry":{"type":"MultiPolygon","coordinates":[[[[129.1239607,35.710617],[129.1239394,35.7105898],[129.1239145,35.7105425],[129.1238859,35.7104711],[129.1238754,35.7104144],[129.1238754,35.7104107],[129.1238788,35.7103921],[129.1238823,35.710386],[129.1238943,35.7103764],[129.1239373,35.7103375],[129.1240258,35.7102705],[129.1240772,35.7102286],[129.1240537,35.7102095],[129.1240028,35.710251],[129.1239137,35.7103185],[129.1238703,35.7103577],[129.1238548,35.7103702],[129.1238468,35.7103842],[129.1238422,35.7104087],[129.1238423,35.7104165],[129.1238535,35.7104774],[129.1238835,35.710552],[129.12391,35.7106025],[129.1239333,35.7106322],[129.123939,35.7106387],[129.1239607,35.710617]]]]}},{"type":"Feature","properties":{"UFID":"100035905015A00110100000004517787"},"geometry":{"type":"MultiPolygon","coordinates":[[[[129.1237855,35.7167855],[129.1237554,35.7167674],[129.1237554,35.7167702],[129.1237543,35.7167755],[129.1237421,35.7167927],[129.1237037,35.7168623],[129.1236678,35.7169376],[129.1236348,35.717019],[129.123606,35.7171014],[129.1235717,35.7171888],[129.1235248,35.7172974],[129.1234795,35.7173742],[129.1234304,35.7174548],[129.1233816,35.7175219],[129.1233353,35.717573],[129.1232725,35.7176353],[129.1232019,35.7176992],[129.1231967,35.7177029],[129.1231206,35.7177626],[129.1230397,35.7178173],[129.1229269,35.7178848],[129.1227467,35.717987],[129.1226546,35.7180418],[129.1225463,35.7181075],[129.1224526,35.7181616],[129.1224035,35.7181925],[129.1223898,35.7181982],[129.1223849,35.7181998],[129.1224127,35.7182224],[129.1224209,35.7182157],[129.1224723,35.7181834],[129.1225657,35.7181294],[129.1226743,35.7180636],[129.1227659,35.718009],[129.1229461,35.7179068],[129.1230601,35.7178386],[129.1231427,35.7177828],[129.1232189,35.7177229],[129.1232251,35.7177186],[129.1232976,35.717653],[129.1233615,35.7175896],[129.1234092,35.7175369],[129.1234595,35.7174677],[129.1235092,35.7173861],[129.1235554,35.7173078],[129.1236031,35.7171974],[129.1236377,35.7171093],[129.1236665,35.717027],[129.123699,35.7169468],[129.1237342,35.7168727],[129.1237717,35.716805],[129.1237855,35.7167855]]]]}},{"type":"Feature","properties":{"UFID":"100035905015A00110100000004517788"},"geometry":{"type":"MultiPolygon","coordinates":[[[[129.1225674,35.7188107],[129.1225636,35.7188093],[129.1225333,35.7187993],[129.1225164,35.7188246],[129.1225515,35.7188361],[129.1225674,35.7188107]]]]}},{"type":"Feature","properties":{"UFID":"100035905015A00110100000004517789"},"geometry":{"type":"MultiPolygon","coordinates":[[[[129.1225515,35.7188361],[129.1225164,35.7188246],[129.1225163,35.718826],[129.1225156,35.7188273],[129.1225141,35.7188288],[129.1224205,35.7189352],[129.1223529,35.7190233],[129.1223591,35.7190435],[129.1223714,35.7190485],[129.1223775,35.7190502],[129.1224159,35.7190597],[129.1224255,35.7190339],[129.1223905,35.7190252],[129.122448,35.7189503],[129.1225451,35.7188399],[129.122547,35.7188377],[129.1225497,35.7188364],[129.1225515,35.7188361]]]]}},{"type":"Feature","properties":{"UFID":"100035905015A00110100000004517790"},"geometry":{"type":"MultiPolygon","coordinates":[[[[129.1240625,35.7189226],[129.1240606,35.718923],[129.1240561,35.718923],[129.1240357,35.7189197],[129.1238999,35.7189033],[129.1237512,35.7188826],[129.123731,35.7188798],[129.1235773,35.7188595],[129.123412,35.718839],[129.1233977,35.718838],[129.123332,35.7188313],[129.1232636,35.7188265],[129.1232471,35.7188257],[129.1231193,35.7188218],[129.1230594,35.7188204],[129.1229954,35.7188212],[129.1229881,35.7188214],[129.1228511,35.7188255],[129.1228405,35.7188258],[129.1228284,35.718826],[129.1228175,35.7188264],[129.12281,35.7188266],[129.1227467,35.7188279],[129.1227365,35.7188282],[129.1227273,35.7188284],[129.1227214,35.7188284],[129.1227128,35.7188284],[129.1226695,35.7188287],[129.1226613,35.7188285],[129.1226554,35.7188283],[129.122633,35.7188262],[129.1226277,35.7188255],[129.1225674,35.7188107],[129.1225515,35.7188361],[129.1225555,35.718836],[129.1226204,35.7188519],[129.1226286,35.718853],[129.1226525,35.7188552],[129.1226599,35.7188556],[129.1226692,35.7188558],[129.122713,35.7188555],[129.1227216,35.7188555],[129.122728,35.7188554],[129.1227374,35.7188552],[129.1227475,35.718855],[129.1228109,35.7188536],[129.1228186,35.7188534],[129.1228295,35.7188531],[129.1228414,35.7188528],[129.1228522,35.7188525],[129.1229892,35.7188484],[129.1229962,35.7188482],[129.1230592,35.7188475],[129.1231182,35.7188488],[129.1232455,35.7188528],[129.1232613,35.7188535],[129.1233286,35.7188582],[129.1233941,35.7188649],[129.1234079,35.7188659],[129.1235721,35.7188862],[129.1237256,35.7189065],[129.1237456,35.7189093],[129.1238947,35.71893],[129.1240301,35.7189464],[129.1240473,35.7189533],[129.1240625,35.7189226]]]]}},{"type":"Feature","properties":{"UFID":"100035905015A00110100000004517791"},"geometry":{"type":"MultiPolygon","coordinates":[[[[129.1225333,35.7187993],[129.1225022,35.7187851],[129.122475,35.7187654],[129.1224462,35.7187339],[129.1224382,35.7187137],[129.1224116,35.7187422],[129.1224164,35.7187465],[129.1224505,35.7187837],[129.1224829,35.7188072],[129.122513,35.7188211],[129.1225156,35.7188229],[129.1225164,35.7188246],[129.1225333,35.7187993]]]]}},{"type":"Feature","properties":{"UFID":"100035905015A00110100000004517792"},"geometry":{"type":"MultiPolygon","coordinates":[[[[129.1235231,35.7165623],[129.1234877,35.7165407],[129.1234457,35.7165495],[129.123479,35.716572],[129.1235231,35.7165623]]]]}},{"type":"Feature","properties":{"UFID":"100035905015A00110100000004517793"},"geometry":{"type":"MultiPolygon","coordinates":[[[[129.1234877,35.7165407],[129.1234488,35.7165168],[129.1233612,35.716462],[129.1233358,35.7164436],[129.1232424,35.7163771],[129.1231562,35.7163127],[129.1230764,35.7162339],[129.1230504,35.7162576],[129.1231325,35.7163316],[129.1232203,35.7163972],[129.1233138,35.7164639],[129.1233401,35.7164829],[129.1234287,35.7165383],[129.1234441,35.7165478],[129.1234457,35.7165495],[129.1234877,35.7165407]]]]}},{"type":"Feature","properties":{"UFID":"100035905015A00110100000004517794"},"geometry":{"type":"MultiPolygon","coordinates":[[[[129.123479,35.716572],[129.1234457,35.7165495],[129.1234458,35.7165504],[129.1234459,35.7165512],[129.1234429,35.716553],[129.1234211,35.7165597],[129.1234327,35.716585],[129.123472,35.716573],[129.1234768,35.7165721],[129.123479,35.716572]]]]}},{"type":"Feature","properties":{"UFID":"100035905015A00110100000004517795"},"geometry":{"type":"MultiPolygon","coordinates":[[[[129.1224382,35.7187137],[129.1224356,35.7186832],[129.1224335,35.7186634],[129.1223889,35.7187078],[129.1224116,35.7187422],[129.1224382,35.7187137]]]]}},{"type":"Feature","properties":{"UFID":"100035905015A00110100000004517796"},"geometry":{"type":"MultiPolygon","coordinates":[[[[129.1224116,35.7187422],[129.1223889,35.7187078],[129.122289,35.7188385],[129.1222701,35.7188548],[129.1221965,35.7189305],[129.1221891,35.718937],[129.1222085,35.7189646],[129.1222084,35.7189634],[129.1222092,35.7189609],[129.1222952,35.7188726],[129.1223154,35.7188551],[129.1224012,35.7187428],[129.122405,35.7187404],[129.1224088,35.7187407],[129.1224116,35.7187422]]]]}},{"type":"Feature","properties":{"UFID":"100035905015A00110100000004517797"},"geometry":{"type":"MultiPolygon","coordinates":[[[[129.1224335,35.7186634],[129.1224368,35.7186275],[129.1224398,35.7186006],[129.1224517,35.7185325],[129.1224524,35.7185238],[129.1224522,35.7185112],[129.1224527,35.7184451],[129.1224499,35.7184274],[129.1224383,35.7183825],[129.122434,35.7183709],[129.12242,35.7183383],[129.12242,35.7183223],[129.12242,35.7183127],[129.1223719,35.718341],[129.1223747,35.7183425],[129.1223758,35.7183444],[129.1223919,35.7183821],[129.1223954,35.7183915],[129.1224063,35.7184335],[129.1224085,35.7184473],[129.122408,35.7185113],[129.1224082,35.7185228],[129.1224077,35.7185287],[129.1223959,35.7185964],[129.1223927,35.7186245],[129.1223892,35.7186636],[129.1223919,35.7186905],[129.1223889,35.7187078],[129.1224335,35.7186634]]]]}},{"type":"Feature","properties":{"UFID":"100035905015A00110100000004517798"},"geometry":{"type":"MultiPolygon","coordinates":[[[[129.1222085,35.7189646],[129.1221891,35.718937],[129.122161,35.7189602],[129.1221819,35.7189813],[129.1222085,35.7189646]]]]}},{"type":"Feature","properties":{"UFID":"100035905015A00110100000004517799"},"geometry":{"type":"MultiPolygon","coordinates":[[[[129.1221891,35.718937],[129.1221855,35.7189378],[129.1221829,35.7189378],[129.1221785,35.7189349],[129.1221653,35.7189182],[129.122163,35.718912],[129.1221605,35.718899],[129.1221603,35.7188938],[129.1221603,35.7188916],[129.1221618,35.7188816],[129.1221627,35.7188762],[129.1221633,35.7188714],[129.122176,35.7188179],[129.1221772,35.7188101],[129.1221884,35.7187802],[129.1222033,35.718739],[129.1222049,35.7187354],[129.1222364,35.7186687],[129.1222379,35.7186653],[129.1222809,35.7185867],[129.1222982,35.7185348],[129.1222996,35.7185275],[129.1223001,35.7185189],[129.1223005,35.718514],[129.1222961,35.7184867],[129.1222901,35.7184718],[129.1222866,35.7184682],[129.1222593,35.7184327],[129.1222564,35.7184271],[129.122257,35.7184237],[129.1222285,35.7184472],[129.1222309,35.7184481],[129.122236,35.7184532],[129.1222596,35.718484],[129.1222605,35.7184849],[129.1222636,35.7184926],[129.1222672,35.7185148],[129.122267,35.7185175],[129.1222666,35.7185248],[129.1222657,35.7185291],[129.1222496,35.7185776],[129.1222073,35.718655],[129.1222054,35.718659],[129.1221738,35.7187259],[129.1221718,35.7187305],[129.1221567,35.7187724],[129.1221447,35.7188044],[129.1221433,35.7188137],[129.1221305,35.7188673],[129.1221298,35.718873],[129.1221289,35.7188782],[129.1221272,35.7188899],[129.1221272,35.718894],[129.1221273,35.7189014],[129.1221306,35.7189182],[129.122135,35.7189297],[129.1221516,35.7189507],[129.122161,35.7189602],[129.1221891,35.718937]]]]}},{"type":"Feature","properties":{"UFID":"100035905015A00110100000004517800"},"geometry":{"type":"MultiPolygon","coordinates":[[[[129.1222085,35.7189646],[129.1221819,35.7189813],[129.122197,35.7189965],[129.1222228,35.7189795],[129.1222119,35.7189685],[129.1222085,35.7189646]]]]}},{"type":"Feature","properties":{"UFID":"100035905015A00110100000004517801"},"geometry":{"type":"MultiPolygon","coordinates":[[[[129.1217979,35.7206777],[129.1218176,35.7207026],[129.1218256,35.7206992],[129.1218562,35.7206864],[129.1218909,35.7206615],[129.1219652,35.7205958],[129.1220412,35.7205236],[129.1221543,35.7204148],[129.122257,35.7203171],[129.1222597,35.7203147],[129.1222806,35.7203072],[129.1222892,35.7203068],[129.1223005,35.7203069],[129.1223159,35.720311],[129.1223185,35.7203123],[129.1223338,35.7203292],[129.1223357,35.7203456],[129.122336,35.7203534],[129.1223362,35.7203624],[129.1223358,35.7203669],[129.1223352,35.7203739],[129.1223084,35.7204974],[129.1222883,35.7205775],[129.1222808,35.7206083],[129.1222544,35.7206777],[129.1222244,35.7207384],[129.1222215,35.7207431],[129.1221936,35.7207902],[129.1221525,35.7208486],[129.1221483,35.7208547],[129.1221206,35.7209091],[129.1221173,35.7209148],[129.122106,35.7209511],[129.1221043,35.7209632],[129.1221037,35.7209741],[129.1221041,35.7210051],[129.1221249,35.7210755],[129.1221593,35.7211319],[129.1222021,35.7211833],[129.1222584,35.7212602],[129.1222986,35.7212993],[129.1223595,35.7213408],[129.1223795,35.7213506],[129.12243,35.7213689],[129.1224954,35.7213968],[129.1225764,35.7214442],[129.122665,35.7214986],[129.1226849,35.721477],[129.122596,35.7214224],[129.1225128,35.7213738],[129.1224445,35.7213445],[129.1223948,35.7213265],[129.1223787,35.7213187],[129.1223221,35.7212801],[129.1222855,35.7212445],[129.1222301,35.7211687],[129.122188,35.7211183],[129.1221563,35.7210662],[129.1221372,35.7210017],[129.1221369,35.7209746],[129.1221374,35.7209653],[129.1221387,35.7209559],[129.1221487,35.7209239],[129.1221509,35.72092],[129.1221783,35.7208665],[129.1221814,35.7208618],[129.1222229,35.7208028],[129.1222512,35.7207552],[129.1222547,35.7207496],[129.1222856,35.7206868],[129.122313,35.720615],[129.1223208,35.7205829],[129.1223409,35.7205025],[129.1223681,35.7203774],[129.1223689,35.7203688],[129.1223693,35.720363],[129.1223692,35.7203527],[129.1223688,35.7203439],[129.122366,35.7203192],[129.1223411,35.7202917],[129.1223295,35.7202862],[129.1223061,35.72028],[129.1222884,35.7202797],[129.1222726,35.7202806],[129.12224,35.7202922],[129.1222322,35.7202991],[129.1221291,35.7203972],[129.122016,35.7205061],[129.1219405,35.7205778],[129.1218677,35.7206421],[129.1218374,35.7206639],[129.1218122,35.7206744],[129.1218034,35.7206771],[129.1218004,35.7206777],[129.1217979,35.7206777]]]]}},{"type":"Feature","properties":{"UFID":"100035905015A00110100000004517802"},"geometry":{"type":"MultiPolygon","coordinates":[[[[129.1218176,35.7207026],[129.1217979,35.7206777],[129.1217661,35.7206916],[129.121776,35.7206992],[129.1217772,35.720701],[129.1217804,35.7207032],[129.1217834,35.7207218],[129.1218176,35.7207026]]]]}},{"type":"Feature","properties":{"UFID":"100035905015A00110100000004517803"},"geometry":{"type":"MultiPolygon","coordinates":[[[[129.1218176,35.7207026],[129.1217834,35.7207218],[129.1217872,35.7207457],[129.1217873,35.7207736],[129.1217881,35.7207786],[129.1217897,35.7208125],[129.1217909,35.7209102],[129.1217911,35.7209754],[129.1217911,35.7209948],[129.1217946,35.7210492],[129.1217995,35.7211208],[129.1217997,35.7211279],[129.1218008,35.7211441],[129.1218017,35.7211505],[129.1218091,35.7212219],[129.1218255,35.7212984],[129.1218357,35.721332],[129.121861,35.7214077],[129.1218927,35.7214794],[129.1219235,35.7215443],[129.1219241,35.7215468],[129.1219259,35.721553],[129.1219259,35.7215545],[129.1219258,35.7215583],[129.1219281,35.7215655],[129.1219329,35.7215865],[129.1219298,35.7216114],[129.1219296,35.7216149],[129.1219296,35.7216171],[129.1219286,35.7216177],[129.1219609,35.7216387],[129.1219629,35.7216136],[129.1219664,35.7215853],[129.1219605,35.7215596],[129.1219591,35.7215551],[129.1219591,35.7215544],[129.121959,35.7215495],[129.1219565,35.721541],[129.1219554,35.7215367],[129.1219238,35.7214699],[129.1218927,35.7213996],[129.1218678,35.7213252],[129.1218579,35.7212928],[129.121842,35.7212184],[129.1218347,35.7211477],[129.1218338,35.7211418],[129.1218329,35.7211269],[129.1218326,35.7211197],[129.1218277,35.7210477],[129.1218243,35.7209941],[129.1218243,35.7209753],[129.1218241,35.7209101],[129.1218228,35.7208118],[129.1218212,35.7207764],[129.1218205,35.7207719],[129.1218204,35.7207438],[129.1218151,35.7207112],[129.1218157,35.7207069],[129.121816,35.7207047],[129.1218176,35.7207026]]]]}},{"type":"Feature","properties":{"UFID":"100035905015A00110100000004517804"},"geometry":{"type":"MultiPolygon","coordinates":[[[[129.1217979,35.7206777],[129.1217947,35.7206764],[129.1217861,35.7206698],[129.1217216,35.7206387],[129.1216888,35.7206291],[129.1216592,35.7206172],[129.1215943,35.7205975],[129.1215239,35.720586],[129.1214849,35.7205858],[129.1214748,35.7205853],[129.1214245,35.720588],[129.1214007,35.7205905],[129.1213275,35.7206033],[129.1213203,35.7206044],[129.1212627,35.7206163],[129.1211805,35.7206323],[129.1211236,35.7206394],[129.1211062,35.7206406],[129.1210562,35.7206416],[129.1210501,35.7206417],[129.1210075,35.720638],[129.1209836,35.7206343],[129.1209533,35.7206261],[129.1209196,35.7206123],[129.1208987,35.7205981],[129.1208969,35.7205959],[129.1208638,35.7205571],[129.1208303,35.7204926],[129.1208203,35.7204698],[129.1208011,35.7204164],[129.1207832,35.7203512],[129.1207786,35.7203177],[129.1207784,35.7203146],[129.1207788,35.7202956],[129.1207792,35.7202933],[129.1207824,35.7202701],[129.1207864,35.7202566],[129.1207874,35.7202548],[129.1208072,35.7202114],[129.1208075,35.720211],[129.1208219,35.7201912],[129.1208651,35.7201329],[129.1209143,35.7200772],[129.1209788,35.7200044],[129.1210057,35.7199757],[129.1210604,35.7199117],[129.1211372,35.7198282],[129.121204,35.7197567],[129.1212281,35.7197282],[129.1212861,35.7196656],[129.1213227,35.7196216],[129.121338,35.7196003],[129.1213885,35.7195267],[129.121407,35.7194952],[129.1214218,35.7194676],[129.1214757,35.7193719],[129.1214844,35.7193385],[129.1214989,35.7193013],[129.1214998,35.7192979],[129.1215303,35.7192189],[129.1215407,35.7191954],[129.121551,35.7191729],[129.1215529,35.7191691],[129.1216046,35.7190664],[129.1216072,35.7190615],[129.121618,35.7190419],[129.1216199,35.7190387],[129.1216558,35.718985],[129.1216589,35.7189817],[129.1216751,35.7189589],[129.1217205,35.7189017],[129.1217407,35.7188787],[129.1217954,35.7188137],[129.1218106,35.718796],[129.1218128,35.7187938],[129.1218661,35.7187405],[129.121869,35.7187377],[129.1218847,35.7187248],[129.1218877,35.718722],[129.1218983,35.7187127],[129.1219907,35.7186355],[129.1220103,35.7186176],[129.1220397,35.7185928],[129.1221083,35.7185369],[129.1221795,35.7184794],[129.1222228,35.718448],[129.1222285,35.7184472],[129.1222031,35.7184261],[129.1221568,35.7184596],[129.1220849,35.7185177],[129.122016,35.7185739],[129.121986,35.7185991],[129.1219664,35.718617],[129.1218743,35.718694],[129.121863,35.7187039],[129.1218604,35.7187064],[129.1218447,35.7187193],[129.1218407,35.718723],[129.1217869,35.7187769],[129.121784,35.7187799],[129.1217681,35.7187982],[129.1217135,35.7188632],[129.1216931,35.7188865],[129.1216468,35.7189448],[129.1216313,35.7189666],[129.1216279,35.7189702],[129.1215903,35.7190265],[129.1215879,35.7190306],[129.1215769,35.7190504],[129.121574,35.7190558],[129.1215223,35.7191588],[129.1215202,35.7191629],[129.1215095,35.7191861],[129.1214988,35.7192102],[129.1214677,35.7192909],[129.1214668,35.7192943],[129.1214523,35.7193316],[129.1214441,35.7193633],[129.1213915,35.7194565],[129.1213768,35.719484],[129.1213591,35.7195142],[129.1213092,35.7195869],[129.1212947,35.7196071],[129.1212591,35.7196499],[129.1212012,35.7197124],[129.1211772,35.7197409],[129.1211108,35.7198119],[129.1210335,35.7198959],[129.1209789,35.7199597],[129.1209522,35.7199882],[129.1208874,35.7200614],[129.1208374,35.720118],[129.1207935,35.7201773],[129.1207787,35.7201976],[129.1207769,35.7202002],[129.1207569,35.7202443],[129.120755,35.7202474],[129.1207496,35.7202653],[129.1207463,35.7202897],[129.1207457,35.7202933],[129.1207452,35.7203149],[129.1207455,35.7203197],[129.1207505,35.7203557],[129.120769,35.7204232],[129.1207887,35.7204782],[129.1207994,35.7205025],[129.1208346,35.7205703],[129.1208696,35.7206113],[129.1208739,35.7206164],[129.1209013,35.720635],[129.1209406,35.7206511],[129.1209752,35.7206605],[129.1210026,35.7206648],[129.1210486,35.7206688],[129.121057,35.7206686],[129.121108,35.7206676],[129.1211275,35.7206663],[129.1211869,35.7206589],[129.1212706,35.7206426],[129.1213276,35.7206308],[129.1213342,35.7206298],[129.1214063,35.7206172],[129.1214277,35.7206149],[129.1214749,35.7206124],[129.1214838,35.7206128],[129.1215205,35.7206131],[129.1215852,35.7206236],[129.1216461,35.7206421],[129.1216759,35.720654],[129.1217074,35.7206632],[129.1217661,35.7206916],[129.1217979,35.7206777]]]]}},{"type":"Feature","properties":{"UFID":"100035905015A00110100000004517805"},"geometry":{"type":"MultiPolygon","coordinates":[[[[129.12242,35.7183127],[129.12242,35.7183029],[129.1224188,35.7182869],[129.1224208,35.7182792],[129.1223791,35.7182984],[129.1223719,35.718341],[129.12242,35.7183127]]]]}},{"type":"Feature","properties":{"UFID":"100035905015A00110100000004517806"},"geometry":{"type":"MultiPolygon","coordinates":[[[[129.1238033,35.7167573],[129.1237759,35.7167377],[129.1237554,35.7167674],[129.1237855,35.7167855],[129.1238001,35.7167613],[129.1238033,35.7167573]]]]}},{"type":"Feature","properties":{"UFID":"100035905015A00110100000004517807"},"geometry":{"type":"MultiPolygon","coordinates":[[[[129.1247079,35.7158902],[129.1246792,35.7158764],[129.1246467,35.7159335],[129.1246372,35.7159505],[129.1246302,35.7159791],[129.1246275,35.7160074],[129.1246296,35.7160583],[129.1246308,35.7160681],[129.1246325,35.7161066],[129.1246324,35.7161164],[129.1246259,35.7161532],[129.124624,35.7161579],[129.1246212,35.7161651],[129.1245995,35.7162024],[129.1245917,35.7162119],[129.1245895,35.7162146],[129.1245607,35.7162465],[129.1245551,35.7162523],[129.1245525,35.7162541],[129.1245116,35.716284],[129.1244622,35.7163151],[129.1244052,35.7163469],[129.1243408,35.7163772],[129.1242699,35.7164093],[129.1242058,35.716448],[129.1241395,35.7164861],[129.124077,35.7165267],[129.1239975,35.7165789],[129.1239153,35.7166355],[129.1238489,35.7166839],[129.1238252,35.7167005],[129.1237884,35.7167271],[129.1237828,35.7167338],[129.1237788,35.7167369],[129.1237759,35.7167377],[129.1238033,35.7167573],[129.1238135,35.716745],[129.123847,35.7167208],[129.1238707,35.7167042],[129.1239371,35.7166559],[129.1240186,35.7165998],[129.1240978,35.7165478],[129.1241594,35.7165078],[129.1242252,35.71647],[129.1242879,35.716432],[129.1243572,35.7164007],[129.1244229,35.7163698],[129.1244817,35.716337],[129.1245328,35.7163048],[129.1245742,35.7162745],[129.124579,35.7162712],[129.124587,35.716263],[129.1246168,35.71623],[129.1246194,35.7162267],[129.1246284,35.7162158],[129.124652,35.7161751],[129.1246556,35.7161663],[129.1246583,35.7161593],[129.1246656,35.7161184],[129.1246656,35.7161062],[129.1246639,35.7160662],[129.1246627,35.7160565],[129.1246607,35.7160079],[129.1246631,35.7159828],[129.1246689,35.7159589],[129.1246768,35.7159448],[129.1247079,35.7158902]]]]}},{"type":"Feature","properties":{"UFID":"100035905015A00110100000004517808"},"geometry":{"type":"MultiPolygon","coordinates":[[[[129.1237759,35.7167377],[129.1237727,35.7167377],[129.1237671,35.7167348],[129.1236998,35.7166844],[129.123675,35.7166639],[129.1235983,35.7166109],[129.123525,35.7165635],[129.1235231,35.7165623],[129.123479,35.716572],[129.123481,35.716572],[129.123486,35.7165735],[129.1235047,35.7165849],[129.1235773,35.7166319],[129.1236524,35.7166838],[129.1236768,35.7167039],[129.1237465,35.7167562],[129.1237522,35.7167622],[129.1237543,35.7167648],[129.1237554,35.7167674],[129.1237759,35.7167377]]]]}},{"type":"Feature","properties":{"UFID":"100035905015A00110100000004517809"},"geometry":{"type":"MultiPolygon","coordinates":[[[[129.1219609,35.7216387],[129.1219286,35.7216177],[129.1219134,35.7216521],[129.1219394,35.7216717],[129.1219605,35.7216439],[129.1219609,35.7216387]]]]}},{"type":"Feature","properties":{"UFID":"100035905015A00110100000004517810"},"geometry":{"type":"MultiPolygon","coordinates":[[[[129.1219134,35.7216521],[129.1219286,35.7216177],[129.121927,35.721618],[129.1219259,35.721618],[129.121924,35.7216173],[129.1219165,35.7216136],[129.121836,35.7215495],[129.121782,35.721509],[129.121775,35.7214996],[129.1217696,35.7214952],[129.1217613,35.7214927],[129.1217498,35.72149],[129.1217293,35.7214854],[129.1217244,35.7214866],[129.1217231,35.7214864],[129.1216644,35.7214745],[129.1216377,35.7214719],[129.1215567,35.7214661],[129.1214633,35.7214677],[129.1214206,35.7214682],[129.1213324,35.7214709],[129.1212952,35.7214725],[129.1212815,35.7214731],[129.1212098,35.7214788],[129.1211854,35.7214809],[129.1210974,35.7214939],[129.1210621,35.7214998],[129.1209585,35.7215217],[129.1208674,35.7215445],[129.1207783,35.7215644],[129.1206732,35.7215962],[129.1205739,35.721631],[129.1205185,35.721655],[129.1204436,35.7217057],[129.1203645,35.7217622],[129.1202537,35.7218293],[129.1201872,35.7218797],[129.1201566,35.7219007],[129.120075,35.7219502],[129.120004,35.7219969],[129.1200248,35.722018],[129.1200953,35.7219716],[129.1201773,35.7219219],[129.1202092,35.7218999],[129.120275,35.7218501],[129.1203853,35.7217832],[129.1204651,35.7217263],[129.1205371,35.7216776],[129.1205883,35.7216554],[129.1206856,35.7216213],[129.1207885,35.7215902],[129.1208766,35.7215704],[129.1209675,35.7215478],[129.1210696,35.7215262],[129.1211037,35.7215204],[129.1211901,35.7215076],[129.1212131,35.7215057],[129.121284,35.7215001],[129.121297,35.7214995],[129.1213339,35.7214979],[129.1214215,35.7214953],[129.1214639,35.7214947],[129.1215556,35.7214932],[129.1216343,35.7214987],[129.1216584,35.7215011],[129.1217166,35.721513],[129.121726,35.7215141],[129.1217294,35.7215135],[129.1217407,35.721516],[129.1217501,35.7215182],[129.121756,35.7215263],[129.1218132,35.7215691],[129.1219059,35.7216429],[129.1219113,35.7216477],[129.121913,35.7216496],[129.1219134,35.7216521]]]]}},{"type":"Feature","properties":{"UFID":"100035905015A00110100000004517811"},"geometry":{"type":"MultiPolygon","coordinates":[[[[129.1240625,35.7189226],[129.1241092,35.7189222],[129.1241083,35.7189212],[129.1241081,35.7189198],[129.1241083,35.718919],[129.1241532,35.7188699],[129.124239,35.718794],[129.1243426,35.7187116],[129.1244354,35.7186359],[129.1244729,35.7186045],[129.1245552,35.7185373],[129.1245621,35.7185322],[129.1246467,35.7184607],[129.1247034,35.7184133],[129.1247795,35.7183475],[129.1248525,35.7182907],[129.1248783,35.7182741],[129.1248593,35.7182519],[129.1248308,35.7182703],[129.124756,35.7183284],[129.1246795,35.7183946],[129.1246229,35.7184419],[129.124539,35.7185128],[129.1245323,35.7185177],[129.1244493,35.7185855],[129.1244118,35.718617],[129.1243193,35.7186924],[129.1242152,35.7187752],[129.1241277,35.7188526],[129.1240674,35.7189183],[129.1240625,35.7189226]]]]}},{"type":"Feature","properties":{"UFID":"100035905015A00110100000004517812"},"geometry":{"type":"MultiPolygon","coordinates":[[[[129.1241092,35.7189222],[129.1240625,35.7189226],[129.1240473,35.7189533],[129.1240643,35.7189601],[129.1240962,35.7189651],[129.1241092,35.7189222]]]]}},{"type":"Feature","properties":{"UFID":"100035905015A00110100000004517813"},"geometry":{"type":"MultiPolygon","coordinates":[[[[129.1243742,35.7110746],[129.124355,35.7110544],[129.1243103,35.7110675],[129.1242707,35.711078],[129.1242081,35.7110889],[129.1242125,35.7111184],[129.1243742,35.7110746]]]]}},{"type":"Feature","properties":{"UFID":"100035905015A00110100000004517814"},"geometry":{"type":"MultiPolygon","coordinates":[[[[129.124519,35.7112721],[129.1244782,35.7112848],[129.1244895,35.7112908],[129.1245344,35.7113148],[129.1246422,35.7113537],[129.1247475,35.7113903],[129.1247503,35.7113938],[129.1247512,35.711397],[129.1247527,35.7114],[129.1247531,35.7114035],[129.1247529,35.7114061],[129.1247483,35.7114398],[129.1247849,35.7114439],[129.124792,35.7113953],[129.1247908,35.7113878],[129.1247895,35.7113839],[129.1247728,35.7113667],[129.1247109,35.7113433],[129.1245878,35.7113018],[129.124519,35.7112721]]]]}},{"type":"Feature","properties":{"UFID":"100035905015A00110100000004517815"},"geometry":{"type":"MultiPolygon","coordinates":[[[[129.1244782,35.7112848],[129.124519,35.7112721],[129.1244819,35.711239],[129.1244521,35.7111986],[129.1244116,35.7111428],[129.1243736,35.711081],[129.124373,35.7110787],[129.1243742,35.7110746],[129.1242125,35.7111184],[129.1242719,35.7111182],[129.1243085,35.7111287],[129.1243472,35.711146],[129.1243739,35.7111716],[129.1243842,35.7112058],[129.1244317,35.7112727],[129.124431,35.7112775],[129.1244295,35.7112805],[129.1244238,35.7112865],[129.1244529,35.7113082],[129.1244695,35.7112884],[129.1244753,35.7112851],[129.1244782,35.7112848]]]]}},{"type":"Feature","properties":{"UFID":"100035905015A00110100000004517816"},"geometry":{"type":"MultiPolygon","coordinates":[[[[129.1242125,35.7111184],[129.1242081,35.7110889],[129.124203,35.7110897],[129.124155,35.7110955],[129.1241533,35.7110956],[129.1241515,35.7110956],[129.1241255,35.7110954],[129.1241078,35.7110947],[129.1241048,35.7110944],[129.1241032,35.7110942],[129.1240574,35.7110839],[129.1240544,35.7110831],[129.1240524,35.7110826],[129.124016,35.7110675],[129.1239926,35.7110552],[129.1239899,35.7110541],[129.1239485,35.7110231],[129.1239082,35.7109882],[129.123859,35.7109543],[129.1238541,35.7109522],[129.1238294,35.7109391],[129.1238183,35.7109348],[129.1238169,35.7109334],[129.1238166,35.7109323],[129.123817,35.7109311],[129.1237731,35.7109461],[129.1237759,35.7109471],[129.1238061,35.7109602],[129.1238109,35.7109616],[129.1238274,35.7109703],[129.1239291,35.7110555],[129.1239672,35.7110831],[129.1240133,35.7111028],[129.12406,35.7111181],[129.1241111,35.7111264],[129.1241583,35.7111263],[129.1242125,35.7111184]]]]}},{"type":"Feature","properties":{"UFID":"100035905015A00110100000004517817"},"geometry":{"type":"MultiPolygon","coordinates":[[[[129.1216253,35.7234751],[129.1215851,35.7234596],[129.121498,35.7234266],[129.1214454,35.7233995],[129.1214431,35.7233984],[129.1214218,35.723384],[129.1213705,35.7233503],[129.1213202,35.7233081],[129.1212928,35.723276],[129.121292,35.7232751],[129.1212855,35.7232583],[129.1212831,35.7232464],[129.1212824,35.7232419],[129.1212822,35.7232392],[129.1212812,35.7232194],[129.1212872,35.7231725],[129.1212877,35.7231694],[129.12129,35.7231487],[129.1213081,35.7230826],[129.1213089,35.7230774],[129.121335,35.7229656],[129.1213443,35.7228593],[129.1213611,35.7228578],[129.1213694,35.7228472],[129.1213792,35.7227102],[129.1213735,35.7227043],[129.1213646,35.7226443],[129.1213639,35.7226388],[129.1213643,35.7226341],[129.1213793,35.7225776],[129.121385,35.7225671],[129.1214582,35.7224785],[129.1215185,35.7224238],[129.1215958,35.722358],[129.1216007,35.7223529],[129.1216061,35.7223481],[129.1216631,35.7222863],[129.1216685,35.7222784],[129.1217257,35.7221789],[129.1217776,35.7220509],[129.1217953,35.722008],[129.1218405,35.7218958],[129.1219177,35.7217],[129.1219212,35.7216897],[129.1219309,35.7216829],[129.1219394,35.7216717],[129.1219134,35.7216521],[129.1219122,35.7216561],[129.1219054,35.7216651],[129.1218919,35.7216745],[129.1218859,35.7216922],[129.1218089,35.7218874],[129.1217638,35.7219995],[129.1217462,35.7220423],[129.1216949,35.7221689],[129.121639,35.722266],[129.1216353,35.7222714],[129.1215805,35.7223309],[129.1215754,35.7223355],[129.1215708,35.7223403],[129.1214942,35.7224054],[129.121432,35.7224618],[129.1213559,35.7225539],[129.1213476,35.7225691],[129.1213314,35.7226303],[129.1213306,35.7226392],[129.1213317,35.7226473],[129.1213417,35.7227151],[129.1213454,35.7227189],[129.1213372,35.7228328],[129.1213253,35.7228338],[129.1213126,35.7228417],[129.1213021,35.7229621],[129.1212762,35.723073],[129.1212754,35.7230778],[129.1212572,35.7231445],[129.1212547,35.7231664],[129.1212543,35.7231694],[129.121248,35.7232185],[129.1212491,35.7232404],[129.1212493,35.7232445],[129.1212504,35.7232505],[129.1212531,35.7232645],[129.121262,35.7232874],[129.1212658,35.7232917],[129.1212946,35.7233253],[129.1213482,35.7233703],[129.1214008,35.723405],[129.1214237,35.7234203],[129.1214278,35.7234224],[129.1214821,35.7234504],[129.1215711,35.723484],[129.1216103,35.7234992],[129.1216253,35.7234751]]]]}},{"type":"Feature","properties":{"UFID":"100035905016A00110100000004518121"},"geometry":{"type":"MultiPolygon","coordinates":[[[[129.1308024,35.7218683],[129.1307775,35.7218331],[129.1307746,35.7218536],[129.1307545,35.7219232],[129.1307843,35.7219275],[129.1308,35.7218682],[129.1308024,35.7218683]]]]}},{"type":"Feature","properties":{"UFID":"100035905016A00110100000004518122"},"geometry":{"type":"MultiPolygon","coordinates":[[[[129.130825,35.7218503],[129.1308024,35.7218683],[129.1308417,35.7219261],[129.1308751,35.721972],[129.130924,35.7220247],[129.1309469,35.7220241],[129.1308869,35.7219497],[129.13085,35.7218904],[129.130825,35.7218503]]]]}},{"type":"Feature","properties":{"UFID":"100035905016A00110100000004518123"},"geometry":{"type":"MultiPolygon","coordinates":[[[[129.130825,35.7218503],[129.1307969,35.7218054],[129.1307775,35.7218331],[129.1308024,35.7218683],[129.130825,35.7218503]]]]}},{"type":"Feature","properties":{"UFID":"100035905016A00110100000004518124"},"geometry":{"type":"MultiPolygon","coordinates":[[[[129.1307969,35.7218054],[129.1307063,35.7217088],[129.1306811,35.7216824],[129.1306234,35.7216098],[129.1305477,35.7215075],[129.1305113,35.7214649],[129.1304707,35.7214005],[129.1304468,35.7213363],[129.1304102,35.7212742],[129.1303734,35.7212317],[129.1303363,35.7212039],[129.130277,35.7211722],[129.1302084,35.7211483],[129.1301142,35.7211239],[129.1300786,35.7211122],[129.1300368,35.7210934],[129.1300018,35.7210637],[129.1299734,35.7210227],[129.1299591,35.7209734],[129.1299437,35.720902],[129.129939,35.7208238],[129.1299455,35.7207626],[129.1299494,35.7207478],[129.1299539,35.7207397],[129.1300012,35.7207049],[129.1301243,35.720654],[129.1301892,35.7206241],[129.1302144,35.720608],[129.1302188,35.7206054],[129.1302358,35.7205849],[129.1302855,35.7205078],[129.1303609,35.7203769],[129.1304159,35.7202652],[129.1304272,35.7202402],[129.1303919,35.7202101],[129.1303451,35.7203273],[129.1303014,35.7204192],[129.1302662,35.7204843],[129.1302385,35.7205385],[129.1302099,35.7205769],[129.1301809,35.7205996],[129.1301426,35.720621],[129.1300676,35.7206524],[129.1299914,35.7206869],[129.1299465,35.7207183],[129.1299308,35.7207353],[129.1299252,35.7207452],[129.1299205,35.7207595],[129.1299172,35.7207775],[129.1299167,35.7207891],[129.1299167,35.7208023],[129.1299168,35.72081],[129.1299174,35.7208325],[129.1299179,35.720842],[129.1299226,35.7208952],[129.1299327,35.7209516],[129.1299478,35.7210048],[129.1299632,35.7210425],[129.129979,35.7210692],[129.1300064,35.7211019],[129.1300343,35.7211244],[129.130043,35.7211268],[129.1300846,35.7211398],[129.1300974,35.7211418],[129.1301826,35.7211644],[129.1302285,35.7211778],[129.1302676,35.7211933],[129.1303099,35.7212166],[129.1303415,35.7212385],[129.1303714,35.7212682],[129.1304018,35.7213067],[129.1304247,35.7213554],[129.1304497,35.7214076],[129.1304784,35.721456],[129.1305192,35.7215105],[129.1305627,35.7215674],[129.1306043,35.7216246],[129.1306479,35.721682],[129.1306886,35.721726],[129.1307542,35.7217972],[129.1307775,35.7218331],[129.1307969,35.7218054]]]]}},{"type":"Feature","properties":{"UFID":"100035905005A00110100000004518352"},"geometry":{"type":"MultiPolygon","coordinates":[[[[129.1249914,35.74424],[129.1249701,35.7441412],[129.1249512,35.7440358],[129.1248941,35.7440472],[129.1249341,35.7442496],[129.1249914,35.74424]]]]}},{"type":"Feature","properties":{"UFID":"100035905004A00110100000004518353"},"geometry":{"type":"MultiPolygon","coordinates":[[[[129.1000624,35.727912],[129.1000514,35.7279026],[129.1,35.7278514],[129.0998987,35.7277289],[129.0998159,35.7276341],[129.099808,35.7276307],[129.0997828,35.7276185],[129.0997682,35.7276177],[129.0997588,35.727618],[129.099668,35.7276277],[129.0996664,35.7276279],[129.099645,35.7276276],[129.0996287,35.7276288],[129.0996225,35.7276286],[129.0996133,35.7276268],[129.0996509,35.7276766],[129.0996713,35.7276727],[129.0996741,35.7276725],[129.0997637,35.727663],[129.0997663,35.7276629],[129.0997783,35.7276686],[129.0998537,35.727755],[129.1,35.7279225],[129.1000099,35.7279324],[129.1000142,35.7279361],[129.1000181,35.7279477],[129.1000624,35.727912]]]]}},{"type":"Feature","properties":{"UFID":"100035905004A00110100000004518354"},"geometry":{"type":"MultiPolygon","coordinates":[[[[129.1000181,35.7279477],[129.1000146,35.7279528],[129.100012,35.7279541],[129.1,35.7279542],[129.0999177,35.7279667],[129.0998644,35.7279634],[129.0997975,35.7279619],[129.0997499,35.7279555],[129.0997231,35.7279503],[129.0996907,35.7279391],[129.0996782,35.7279338],[129.0996584,35.7279203],[129.0996418,35.7279015],[129.0996283,35.7278734],[129.0995961,35.7278088],[129.0995482,35.7277178],[129.0995403,35.7277018],[129.0994682,35.7277253],[129.0994903,35.7277383],[129.0995354,35.7277809],[129.0995456,35.7277932],[129.0995521,35.7278023],[129.0995774,35.7278573],[129.0996078,35.727917],[129.0996299,35.727942],[129.0996566,35.7279602],[129.0996742,35.7279677],[129.099711,35.7279803],[129.0997422,35.7279864],[129.0997938,35.7279934],[129.0998641,35.727995],[129.0999146,35.7279944],[129.1,35.7279992],[129.1000508,35.7279989],[129.100089,35.7280027],[129.1000971,35.7280044],[129.1000181,35.7279477]]]]}},{"type":"Feature","properties":{"UFID":"100035905004A00110100000004518355"},"geometry":{"type":"MultiPolygon","coordinates":[[[[129.1002881,35.7281314],[129.100268,35.7281057],[129.1002662,35.7281058],[129.1002482,35.7281072],[129.1002351,35.7281085],[129.10011,35.728135],[129.1,35.7281611],[129.0999715,35.7281679],[129.099854,35.7281998],[129.0997345,35.7282336],[129.0997301,35.7282347],[129.0997272,35.7282349],[129.0997048,35.7282356],[129.0997014,35.7282352],[129.0996838,35.7282266],[129.0996306,35.7282401],[129.0996654,35.7282532],[129.0996922,35.7282616],[129.0997035,35.7282626],[129.0997293,35.7282619],[129.0997367,35.7282613],[129.0997449,35.7282593],[129.0998646,35.7282254],[129.0999814,35.7281937],[129.1,35.7281893],[129.1001188,35.7281611],[129.1002412,35.7281351],[129.1002517,35.7281341],[129.1002692,35.7281327],[129.1002749,35.7281328],[129.1002881,35.7281314]]]]}},{"type":"Feature","properties":{"UFID":"100035905005A00110100000004518356"},"geometry":{"type":"MultiPolygon","coordinates":[[[[129.1003976,35.7281625],[129.1003576,35.7281469],[129.1003565,35.7281478],[129.10035,35.7281496],[129.1003443,35.7281504],[129.1003275,35.7281524],[129.1002626,35.7281616],[129.1002248,35.7281747],[129.1001797,35.7281969],[129.1001698,35.7282029],[129.1001356,35.7282348],[129.1001303,35.728242],[129.1001049,35.7282892],[129.1000817,35.7283428],[129.1000546,35.7283911],[129.1000506,35.7283957],[129.1000476,35.7283969],[129.1000449,35.7283969],[129.1000421,35.7283961],[129.1000398,35.7283949],[129.1000339,35.728389],[129.1000152,35.7283669],[129.1,35.7283494],[129.0999664,35.7283242],[129.0999438,35.7283105],[129.0999145,35.7283049],[129.0998871,35.7283057],[129.0998069,35.7283119],[129.0998101,35.7283388],[129.0998893,35.7283327],[129.0999113,35.7283321],[129.0999295,35.7283356],[129.0999452,35.7283451],[129.099977,35.7283689],[129.1,35.7284132],[129.1000087,35.7284194],[129.1000279,35.7284331],[129.1000336,35.7284398],[129.1000375,35.7284426],[129.1000405,35.7284443],[129.1000444,35.7284454],[129.1000511,35.7284452],[129.1000555,35.7284435],[129.1000648,35.7284332],[129.1000759,35.7284181],[129.1001124,35.728353],[129.1001357,35.7282992],[129.1001598,35.7282544],[129.1001625,35.7282507],[129.1001924,35.7282228],[129.1001982,35.7282194],[129.1002399,35.7281988],[129.100272,35.7281877],[129.1003329,35.7281791],[129.1003494,35.7281771],[129.1003581,35.728176],[129.1003876,35.7281675],[129.1003958,35.7281636],[129.1003976,35.7281625]]]]}},{"type":"Feature","properties":{"UFID":"100035905006A00110100000004518357"},"geometry":{"type":"MultiPolygon","coordinates":[[[[129.1310045,35.7318543],[129.131029,35.7318347],[129.1310196,35.731821],[129.1309909,35.7317673],[129.1309585,35.7317272],[129.1309038,35.7316934],[129.1307923,35.7316484],[129.13068,35.7316167],[129.1306171,35.7315854],[129.1305798,35.731546],[129.130567,35.7315353],[129.1305579,35.7315286],[129.1305452,35.731524],[129.1304603,35.731515],[129.1303803,35.7315179],[129.1302834,35.7315306],[129.1302347,35.7315352],[129.1301826,35.7315341],[129.1300737,35.7315167],[129.1300523,35.7315121],[129.1299878,35.7315108],[129.1299027,35.7315248],[129.1298801,35.7315298],[129.1298086,35.7315585],[129.1297269,35.7315976],[129.1295576,35.731662],[129.1294517,35.7317017],[129.1293446,35.7317463],[129.1293385,35.731748],[129.1291856,35.7318124],[129.1291013,35.7318564],[129.1289954,35.7319393],[129.128934,35.7319855],[129.1288788,35.7320143],[129.1288558,35.7320229],[129.1288193,35.7320327],[129.1285945,35.7320438],[129.1284609,35.7320478],[129.1282516,35.732047],[129.1280894,35.7320479],[129.1279824,35.732056],[129.1278908,35.7320728],[129.1277998,35.7320965],[129.1276987,35.7321409],[129.1276046,35.7321972],[129.1275575,35.7322267],[129.12752,35.7322414],[129.1274939,35.7322455],[129.1274316,35.7322511],[129.127291,35.7322464],[129.1272155,35.7322478],[129.127206,35.7322487],[129.1271799,35.7322578],[129.1271518,35.7322905],[129.1270993,35.7323731],[129.1270762,35.7323958],[129.1270489,35.7324127],[129.1270298,35.7324182],[129.1269793,35.732419],[129.1268645,35.7324112],[129.1268059,35.732409],[129.1267091,35.7324215],[129.1266119,35.7324381],[129.1265758,35.7324378],[129.1265507,35.7324326],[129.1265379,35.7324247],[129.126521,35.7324011],[129.1265082,35.7323659],[129.1265072,35.7323297],[129.1265176,35.7322848],[129.1265377,35.7322438],[129.1265419,35.7322135],[129.1265299,35.732167],[129.1265066,35.7321386],[129.126465,35.7321148],[129.126452,35.7321098],[129.1264198,35.7321016],[129.1264049,35.7320997],[129.1263967,35.7320995],[129.1263856,35.7321006],[129.1263524,35.7321048],[129.1263023,35.7321107],[129.1262832,35.7321119],[129.1261824,35.7321057],[129.1261572,35.7321036],[129.1261463,35.7321026],[129.1261225,35.7321039],[129.1260988,35.7321062],[129.1260833,35.7321062],[129.1260621,35.7321046],[129.1260418,35.7321014],[129.1260176,35.732095],[129.1259569,35.7320706],[129.1258649,35.7320294],[129.1257975,35.7319835],[129.1257397,35.7319419],[129.1256512,35.7318755],[129.1255429,35.7318042],[129.1254726,35.7317716],[129.1253724,35.7317364],[129.1253105,35.7317013],[129.1252984,35.7316922],[129.1252637,35.7316614],[129.1252405,35.731636],[129.1252193,35.7316115],[129.1251881,35.7315562],[129.1251611,35.731489],[129.1251494,35.7314389],[129.1251428,35.7313254],[129.125134,35.7312005],[129.1251384,35.7310744],[129.1251397,35.7310332],[129.1251387,35.7310198],[129.1251315,35.7309655],[129.1251291,35.7309543],[129.1251249,35.730925],[129.1251276,35.7309061],[129.1251383,35.7308868],[129.1252077,35.7307862],[129.1252322,35.7307468],[129.1252412,35.7307209],[129.1252422,35.7306936],[129.1252415,35.7306009],[129.1252456,35.7304798],[129.1252483,35.7303897],[129.1252523,35.7303169],[129.1252538,35.7303052],[129.1252594,35.7302905],[129.1252829,35.7302606],[129.1253525,35.7301566],[129.1253576,35.7301456],[129.1253641,35.7301207],[129.1253658,35.7301047],[129.1253652,35.7300893],[129.1253603,35.7300361],[129.1253256,35.7299092],[129.1252809,35.7297702],[129.1252751,35.7297496],[129.1252673,35.7297186],[129.1252658,35.7297056],[129.1252632,35.7296837],[129.1252618,35.7296409],[129.1252619,35.7296261],[129.1252628,35.7295908],[129.1252719,35.7295546],[129.125276,35.7295442],[129.1252905,35.7295283],[129.1253267,35.7295082],[129.1253901,35.7294861],[129.1254631,35.7294697],[129.1254843,35.7294679],[129.1256303,35.7294585],[129.12589,35.7294496],[129.1259735,35.7294415],[129.1259981,35.7294378],[129.1260549,35.7294248],[129.126109,35.7294042],[129.1261565,35.729376],[129.1262891,35.7292485],[129.1263575,35.7291726],[129.1264172,35.7291121],[129.1264767,35.7290705],[129.12664,35.7289867],[129.1267103,35.7289415],[129.1267534,35.7289073],[129.126784,35.7288747],[129.1268369,35.7287941],[129.1268909,35.7287215],[129.1269497,35.7286607],[129.1269735,35.7286373],[129.1270223,35.728602],[129.1270976,35.7285596],[129.1271989,35.7285043],[129.1272555,35.7284596],[129.1274082,35.7283303],[129.1274504,35.7282867],[129.1274652,35.7282575],[129.1274777,35.7282167],[129.1274822,35.7281629],[129.127479,35.7281067],[129.1274797,35.7280981],[129.1274867,35.7280594],[129.1275004,35.7280189],[129.1275755,35.7278891],[129.1276541,35.7277558],[129.127732,35.7276136],[129.1277588,35.7275745],[129.1277931,35.7275504],[129.1278343,35.7275299],[129.1279072,35.7275088],[129.1279704,35.727487],[129.1280197,35.7274507],[129.1280357,35.7274043],[129.1280365,35.7273801],[129.1280355,35.7273686],[129.1280228,35.7272916],[129.1280199,35.7272541],[129.1280224,35.727229],[129.1280317,35.7272027],[129.1280637,35.7271596],[129.1281115,35.7271245],[129.1281414,35.7271078],[129.1283385,35.7270173],[129.1284339,35.7269767],[129.1284816,35.7269652],[129.1285381,35.7269606],[129.1286081,35.7269646],[129.128723,35.7269793],[129.1288985,35.726998],[129.1289808,35.7270163],[129.1290494,35.7270408],[129.1291343,35.7270796],[129.1292006,35.7271227],[129.1292696,35.727183],[129.129372,35.7272747],[129.1294765,35.7273628],[129.1295447,35.7273962],[129.1295905,35.7274057],[129.1296302,35.7274014],[129.1296742,35.7273831],[129.1297129,35.7273561],[129.1297376,35.7273246],[129.1297531,35.7272838],[129.1297552,35.7272458],[129.1297492,35.7271844],[129.1297096,35.7270729],[129.129626,35.7268924],[129.1295896,35.7268248],[129.1295327,35.726754],[129.1294361,35.7266712],[129.1292896,35.7265653],[129.1291567,35.7264748],[129.1290872,35.7264464],[129.1289506,35.7264116],[129.1287985,35.7263796],[129.1286321,35.7263427],[129.1284076,35.7262868],[129.1282861,35.7262702],[129.1281635,35.7262711],[129.1280164,35.7262814],[129.1278041,35.7263109],[129.1276997,35.7263188],[129.1276057,35.7263163],[129.1275123,35.7263058],[129.1273572,35.7262823],[129.1271668,35.7262651],[129.1270799,35.726255],[129.12691,35.7262328],[129.126893,35.7262293],[129.1268014,35.7262051],[129.1267809,35.7261983],[129.1267075,35.726181],[129.1265193,35.726156],[129.1263518,35.7261257],[129.126265,35.7261053],[129.1262478,35.7260985],[129.1262223,35.726086],[129.1262173,35.7260818],[129.1262094,35.7260732],[129.1262032,35.7260664],[129.1261606,35.726006],[129.1261068,35.7259448],[129.1260602,35.725911],[129.1260356,35.7258968],[129.1259798,35.7258761],[129.1259004,35.7258637],[129.1258119,35.7258581],[129.1257041,35.7258461],[129.1255544,35.7258209],[129.1253169,35.7257796],[129.1252585,35.7257645],[129.1252008,35.725742],[129.1251235,35.7257001],[129.1250323,35.7256472],[129.125,35.7256264],[129.124944,35.725588],[129.1248964,35.725543],[129.1248509,35.7254991],[129.124839,35.7254868],[129.1247793,35.7254075],[129.1247464,35.7253346],[129.1247271,35.7252778],[129.1247009,35.7251706],[129.1246944,35.7250856],[129.1246849,35.7250096],[129.1246571,35.7250393],[129.1246592,35.7250399],[129.1246596,35.7250422],[129.1246601,35.7250461],[129.1246613,35.7250868],[129.1246679,35.7251741],[129.1246948,35.725284],[129.1247149,35.7253429],[129.1247493,35.7254194],[129.1248118,35.7255024],[129.1248252,35.7255162],[129.1248712,35.7255605],[129.1249207,35.7256073],[129.1249797,35.7256479],[129.125,35.7256602],[129.1250123,35.7256688],[129.1251047,35.7257224],[129.1251843,35.7257656],[129.1252463,35.7257897],[129.1253084,35.7258058],[129.1255476,35.7258473],[129.1256985,35.7258728],[129.1258083,35.725885],[129.125896,35.7258905],[129.1259697,35.725902],[129.126019,35.7259203],[129.1260395,35.7259322],[129.126082,35.725963],[129.1261327,35.7260206],[129.1261754,35.7260812],[129.1261828,35.7260894],[129.126192,35.7260993],[129.1262014,35.7261073],[129.126232,35.7261223],[129.1262531,35.7261306],[129.1263436,35.7261519],[129.126513,35.7261825],[129.1267002,35.7262074],[129.12677,35.7262239],[129.12679,35.7262305],[129.1268838,35.7262553],[129.1269033,35.7262593],[129.1270749,35.7262817],[129.1271626,35.726292],[129.1273523,35.7263091],[129.127507,35.7263325],[129.1276029,35.7263433],[129.1277007,35.7263459],[129.1278084,35.7263377],[129.1280206,35.7263082],[129.1281651,35.7262982],[129.1282835,35.7262973],[129.1284,35.7263132],[129.1286229,35.7263687],[129.1287901,35.7264058],[129.1289415,35.7264376],[129.1290747,35.7264715],[129.1291384,35.7264975],[129.129268,35.7265858],[129.1294131,35.7266906],[129.1295066,35.7267709],[129.1295604,35.7268377],[129.1295953,35.7269026],[129.1296782,35.7270814],[129.1297165,35.7271893],[129.129722,35.7272462],[129.1297202,35.7272792],[129.1297073,35.7273131],[129.1296876,35.7273382],[129.1296557,35.7273604],[129.1296202,35.7273752],[129.1295925,35.7273782],[129.1295576,35.7273709],[129.1294972,35.7273415],[129.1293962,35.7272561],[129.129294,35.7271647],[129.1292232,35.7271028],[129.1291529,35.7270571],[129.1290641,35.7270166],[129.1289919,35.7269908],[129.1289051,35.7269714],[129.1287277,35.7269525],[129.1286119,35.7269377],[129.1285376,35.7269335],[129.1284752,35.7269386],[129.1284214,35.7269515],[129.1283227,35.7269936],[129.1281238,35.7270848],[129.128091,35.7271032],[129.1280379,35.7271422],[129.128001,35.7271918],[129.1279896,35.7272242],[129.1279867,35.7272538],[129.1279897,35.7272942],[129.1280025,35.7273713],[129.1280033,35.7273807],[129.1280026,35.7274002],[129.1279904,35.7274359],[129.1279524,35.7274639],[129.1278952,35.7274836],[129.12782,35.7275054],[129.1277735,35.7275284],[129.1277327,35.7275571],[129.1277023,35.7276015],[129.127624,35.7277445],[129.1275456,35.7278775],[129.1274692,35.7280094],[129.1274542,35.7280538],[129.1274467,35.7280952],[129.1274458,35.7281064],[129.1274489,35.7281626],[129.1274449,35.7282125],[129.1274337,35.728249],[129.1274215,35.7282729],[129.1273832,35.7283125],[129.1272321,35.7284405],[129.127178,35.7284832],[129.127079,35.7285372],[129.1270018,35.7285807],[129.1269496,35.7286184],[129.1269239,35.7286438],[129.1268636,35.728706],[129.1268081,35.7287807],[129.126756,35.72886],[129.1267286,35.7288893],[129.1266884,35.7289211],[129.1266208,35.7289646],[129.1264569,35.7290487],[129.1263932,35.7290932],[129.1263312,35.7291561],[129.126263,35.7292318],[129.1261337,35.7293561],[129.1260921,35.7293808],[129.1260433,35.7293993],[129.1259905,35.7294115],[129.1259685,35.7294148],[129.1258873,35.7294227],[129.1256283,35.7294315],[129.1254813,35.729441],[129.125457,35.729443],[129.1253791,35.7294605],[129.1253107,35.7294843],[129.1252673,35.7295085],[129.1252461,35.7295317],[129.1252398,35.7295477],[129.1252297,35.7295878],[129.1252288,35.7296257],[129.1252287,35.7296412],[129.1252301,35.7296853],[129.1252328,35.7297081],[129.1252344,35.7297226],[129.1252427,35.7297553],[129.1252487,35.7297766],[129.1252933,35.7299156],[129.1253274,35.7300401],[129.125332,35.7300908],[129.1253325,35.730104],[129.1253312,35.7301167],[129.1253257,35.730138],[129.1253223,35.7301453],[129.1252543,35.7302469],[129.1252291,35.730279],[129.1252211,35.7302998],[129.1252193,35.730315],[129.1252152,35.7303888],[129.1252125,35.7304791],[129.1252083,35.7306006],[129.125209,35.7306933],[129.1252081,35.7307168],[129.1252012,35.7307369],[129.1251785,35.7307735],[129.1251087,35.7308746],[129.1250952,35.7308988],[129.1250915,35.730925],[129.1250962,35.7309582],[129.1250986,35.7309693],[129.1251056,35.7310222],[129.1251065,35.7310337],[129.1251052,35.7310737],[129.1251008,35.7312009],[129.1251096,35.7313268],[129.1251163,35.7314421],[129.125129,35.7314958],[129.1251572,35.7315661],[129.1251905,35.7316251],[129.1252137,35.7316518],[129.1252381,35.7316786],[129.1252749,35.7317113],[129.1252897,35.7317224],[129.1253562,35.7317601],[129.1254578,35.7317959],[129.1255242,35.7318266],[129.1256296,35.731896],[129.1257175,35.731962],[129.1257759,35.732004],[129.1258461,35.7320519],[129.1259416,35.7320946],[129.1260051,35.7321201],[129.1260335,35.7321276],[129.1260574,35.7321314],[129.1260817,35.7321333],[129.1261008,35.7321333],[129.1261255,35.7321309],[129.1261455,35.7321298],[129.1261538,35.7321305],[129.1261795,35.7321326],[129.1262832,35.732139],[129.126306,35.7321376],[129.1263573,35.7321315],[129.1263901,35.7321274],[129.126398,35.7321266],[129.1264017,35.7321267],[129.1264122,35.732128],[129.1264399,35.7321351],[129.1264483,35.7321383],[129.1264825,35.7321578],[129.1264988,35.7321777],[129.1265084,35.7322148],[129.1265053,35.7322371],[129.1264855,35.7322772],[129.126474,35.7323274],[129.1264752,35.7323701],[129.1264904,35.7324119],[129.1265126,35.732443],[129.1265361,35.7324574],[129.1265715,35.7324648],[129.1266151,35.7324652],[129.1267151,35.7324481],[129.1268078,35.7324361],[129.1268623,35.7324382],[129.1269783,35.7324461],[129.1270358,35.7324451],[129.1270648,35.7324368],[129.1270993,35.7324155],[129.1271271,35.7323881],[129.1271802,35.7323045],[129.1272016,35.7322796],[129.1272146,35.7322751],[129.1272178,35.7322748],[129.1272907,35.7322735],[129.1274328,35.7322782],[129.1274989,35.7322722],[129.1275305,35.7322673],[129.127575,35.7322499],[129.1276245,35.7322188],[129.1277165,35.7321638],[129.1278128,35.7321215],[129.1278995,35.7320989],[129.1279875,35.7320828],[129.1280911,35.732075],[129.1282517,35.732074],[129.1284614,35.7320748],[129.1285961,35.7320708],[129.1288256,35.7320595],[129.128868,35.7320481],[129.1288947,35.7320381],[129.1289544,35.732007],[129.1290181,35.731959],[129.1291219,35.7318778],[129.1292022,35.7318359],[129.1293516,35.7317729],[129.1293576,35.7317712],[129.1294661,35.7317261],[129.1295715,35.7316865],[129.1297424,35.7316215],[129.1298243,35.7315823],[129.1298919,35.7315552],[129.1299103,35.7315511],[129.1299907,35.7315379],[129.1300476,35.731539],[129.1300662,35.7315431],[129.1301789,35.731561],[129.1302362,35.7315622],[129.130288,35.7315574],[129.1303837,35.7315448],[129.1304588,35.7315421],[129.1305362,35.7315504],[129.1305397,35.7315516],[129.130544,35.7315548],[129.1305547,35.7315637],[129.1305946,35.7316059],[129.1306658,35.7316413],[129.1307795,35.7316734],[129.1308863,35.7317165],[129.1309339,35.7317459],[129.1309616,35.7317803],[129.1309899,35.7318331],[129.1310045,35.7318543]]]]}},{"type":"Feature","properties":{"UFID":"100035905006A00110100000004518358"},"geometry":{"type":"MultiPolygon","coordinates":[[[[129.1252499,35.7438813],[129.125117,35.7438421],[129.1250329,35.7438217],[129.125,35.7437868],[129.124996,35.7437826],[129.1249946,35.7437791],[129.1249944,35.7437763],[129.1249837,35.7437175],[129.1249719,35.7436571],[129.1249651,35.7436107],[129.1248989,35.7436231],[129.1249325,35.7437706],[129.124948,35.7438387],[129.1249516,35.7438399],[129.1249936,35.7438546],[129.125,35.7438566],[129.1251475,35.7439034],[129.1252053,35.7439226],[129.1252057,35.7439238],[129.1252049,35.7439257],[129.1252499,35.7438813]]]]}},{"type":"Feature","properties":{"UFID":"100035905006A00110100000004518359"},"geometry":{"type":"MultiPolygon","coordinates":[[[[129.125298,35.7439576],[129.1252049,35.7439257],[129.125,35.7439497],[129.1249376,35.743957],[129.1249512,35.7440358],[129.1249826,35.7440014],[129.125,35.7439989],[129.1251828,35.7439722],[129.1252595,35.7439639],[129.125298,35.7439576]]]]}},{"type":"Feature","properties":{"UFID":"100035905005A00110100000004518360"},"geometry":{"type":"MultiPolygon","coordinates":[[[[129.125017,35.7443575],[129.1250144,35.7443467],[129.125,35.7442799],[129.1249914,35.74424],[129.1249341,35.7442496],[129.1249642,35.744363],[129.125,35.7443593],[129.125017,35.7443575]]]]}},{"type":"Feature","properties":{"UFID":"100035905006A00110100000004518361"},"geometry":{"type":"MultiPolygon","coordinates":[[[[129.125017,35.7443575],[129.125,35.7443593],[129.1249642,35.744363],[129.1249806,35.7444515],[129.125,35.7444505],[129.1250388,35.7444487],[129.125017,35.7443575]]]]}},{"type":"Feature","properties":{"UFID":"100035905006A00110100000004518362"},"geometry":{"type":"MultiPolygon","coordinates":[[[[129.1258167,35.7447336],[129.1257801,35.7446608],[129.1256716,35.7446804],[129.1255648,35.7446973],[129.1254675,35.7447078],[129.1253338,35.7447179],[129.1251989,35.7447256],[129.1250763,35.7447262],[129.125,35.7447235],[129.1249898,35.7447235],[129.1248616,35.7447154],[129.1247927,35.7447076],[129.12469,35.7446975],[129.1246578,35.7446913],[129.1246408,35.7447621],[129.1246746,35.7447686],[129.1247813,35.7447791],[129.1248521,35.7447871],[129.1249844,35.7447954],[129.125,35.7447964],[129.1250062,35.7447967],[129.1251515,35.7448012],[129.1252632,35.7448035],[129.1253546,35.7448009],[129.1254317,35.744794],[129.1255442,35.7447778],[129.1256708,35.7447596],[129.1257777,35.744741],[129.1258167,35.7447336]]]]}},{"type":"Feature","properties":{"UFID":"100035905006A00110100000004518363"},"geometry":{"type":"MultiPolygon","coordinates":[[[[129.1268618,35.7458349],[129.1268455,35.7458021],[129.1268248,35.7458098],[129.1268116,35.7458144],[129.1265244,35.7459191],[129.1263622,35.7459775],[129.1263194,35.7459896],[129.1262591,35.7460054],[129.1262298,35.7460125],[129.1262148,35.7460174],[129.126193,35.7460261],[129.1261727,35.7460371],[129.1261643,35.7460438],[129.1261412,35.7460676],[129.1261366,35.7460729],[129.126077,35.7461337],[129.1260524,35.746164],[129.1260435,35.7461809],[129.126021,35.7462414],[129.1260009,35.7462774],[129.1259812,35.7462954],[129.1259542,35.7463105],[129.1258982,35.7463274],[129.1258263,35.7463468],[129.1257111,35.7463871],[129.1256095,35.7464161],[129.1255945,35.7464185],[129.1255497,35.7464241],[129.1255291,35.7464261],[129.125437,35.7464298],[129.1253911,35.7464315],[129.1253724,35.7464324],[129.1253274,35.7464372],[129.1253106,35.7464404],[129.1252896,35.7464502],[129.1252833,35.746453],[129.1252281,35.7465015],[129.125143,35.7465891],[129.125075,35.7466736],[129.125,35.7467647],[129.1249359,35.746837],[129.1249631,35.7468525],[129.125,35.7468067],[129.1251025,35.7466887],[129.1251699,35.746605],[129.1252533,35.7465191],[129.1253041,35.7464746],[129.1253059,35.7464737],[129.1253228,35.7464659],[129.1253334,35.7464638],[129.1253755,35.7464593],[129.1253928,35.7464585],[129.1254386,35.7464568],[129.1255318,35.746453],[129.1255541,35.7464509],[129.1256003,35.7464452],[129.1256183,35.7464422],[129.1257233,35.7464123],[129.1258358,35.7463715],[129.1259092,35.7463529],[129.1260033,35.7463158],[129.1260289,35.7462924],[129.1260521,35.7462509],[129.1260748,35.7461901],[129.1260817,35.7461769],[129.1261038,35.7461497],[129.1261631,35.7460892],[129.1261677,35.7460838],[129.126189,35.746062],[129.1261936,35.7460583],[129.1262096,35.7460496],[129.1262283,35.7460421],[129.1262407,35.7460381],[129.1262689,35.7460313],[129.1263299,35.7460152],[129.1263743,35.7460027],[129.1265379,35.7459438],[129.1268248,35.7458391],[129.1268381,35.7458345],[129.1268432,35.7458327],[129.1268564,35.7458334],[129.1268618,35.7458349]]]]}},{"type":"Feature","properties":{"UFID":"100035905006A00110100000004518364"},"geometry":{"type":"MultiPolygon","coordinates":[[[[129.1270582,35.7468642],[129.1270188,35.7468367],[129.127023,35.7468521],[129.1270208,35.7468577],[129.1270084,35.746869],[129.1269838,35.7468905],[129.1269604,35.7469118],[129.1269538,35.746918],[129.1268891,35.7469657],[129.1268681,35.7469789],[129.1268109,35.7470123],[129.1267669,35.7470308],[129.1266927,35.7470495],[129.1266677,35.7470563],[129.1266018,35.7470631],[129.1263918,35.7471164],[129.1263432,35.7471245],[129.1263225,35.7471249],[129.1263099,35.7471249],[129.1262094,35.7471206],[129.1261173,35.7471109],[129.1260523,35.7471081],[129.1259985,35.7471099],[129.1259473,35.7471126],[129.1258289,35.7471204],[129.1257234,35.7471319],[129.1256265,35.7471469],[129.1255395,35.7471614],[129.1254449,35.7471869],[129.1253733,35.7472131],[129.1252857,35.7472477],[129.1251918,35.7472961],[129.1251116,35.7473542],[129.125,35.7474254],[129.1248376,35.747529],[129.1248934,35.7475547],[129.1249548,35.7475243],[129.125,35.747502],[129.1250264,35.7474856],[129.1250437,35.7474716],[129.1250724,35.7474205],[129.125081,35.7474152],[129.1251938,35.7473418],[129.1253245,35.7472707],[129.125385,35.7472408],[129.1254735,35.7472146],[129.1255802,35.7471853],[129.1256776,35.747169],[129.1258351,35.7471505],[129.1259492,35.7471408],[129.1260211,35.7471402],[129.1260824,35.7471418],[129.1262402,35.7471611],[129.1263391,35.7471625],[129.1264089,35.7471572],[129.1264523,35.7471516],[129.1264785,35.7471453],[129.1266396,35.7470956],[129.1267037,35.747075],[129.1267795,35.7470559],[129.1268282,35.7470355],[129.1268879,35.7470006],[129.1269104,35.7469865],[129.1269775,35.746937],[129.1269853,35.7469296],[129.1270083,35.7469088],[129.1270329,35.7468872],[129.1270582,35.7468642]]]]}},{"type":"Feature","properties":{"UFID":"100035905005A00110100000004518365"},"geometry":{"type":"MultiPolygon","coordinates":[[[[129.1246849,35.7250096],[129.1246837,35.725],[129.1246835,35.7249944],[129.1246517,35.725],[129.1246506,35.7250006],[129.1246571,35.7250393],[129.1246849,35.7250096]]]]}},{"type":"Feature","properties":{"UFID":"100035905016A00110100000004518366"},"geometry":{"type":"MultiPolygon","coordinates":[[[[129.138484,35.724816],[129.1384366,35.7248236],[129.1384338,35.724833],[129.1384303,35.7248859],[129.1384325,35.7249611],[129.1384332,35.725],[129.1384332,35.7250006],[129.1384349,35.72504],[129.1384689,35.7250398],[129.1384675,35.7250006],[129.1384675,35.725],[129.1384674,35.7249962],[129.1384662,35.724938],[129.1384664,35.724882],[129.1384684,35.724852],[129.1384723,35.7248373],[129.1384761,35.7248282],[129.1384786,35.7248233],[129.138484,35.724816]]]]}},{"type":"Feature","properties":{"UFID":"100035905005A00110100000004518367"},"geometry":{"type":"MultiPolygon","coordinates":[[[[129.1246571,35.7250393],[129.1246506,35.7250006],[129.1245999,35.725079],[129.1245763,35.7251522],[129.1245556,35.7252171],[129.124525,35.7252909],[129.1244681,35.7254151],[129.124432,35.7254855],[129.1244081,35.7255345],[129.124439,35.7255442],[129.1244627,35.7254957],[129.1244989,35.7254251],[129.1245562,35.7253],[129.1245874,35.7252249],[129.1246084,35.725159],[129.1246314,35.7250875],[129.1246543,35.7250414],[129.1246571,35.7250393]]]]}},{"type":"Feature","properties":{"UFID":"100035905005A00110100000004518368"},"geometry":{"type":"MultiPolygon","coordinates":[[[[129.108618,35.7257268],[129.1086032,35.725627],[129.1085961,35.7255372],[129.1085867,35.7254541],[129.1085796,35.7253807],[129.1085793,35.7253724],[129.108579,35.7253668],[129.1085786,35.7253564],[129.1085782,35.7252988],[129.1085751,35.725226],[129.1085694,35.7251788],[129.1085548,35.7251182],[129.1085165,35.7250151],[129.1085109,35.7250006],[129.1085107,35.725],[129.1084871,35.724936],[129.1084641,35.7248778],[129.1084626,35.7248703],[129.1084631,35.7248548],[129.1084289,35.7248517],[129.1084299,35.7248562],[129.1084294,35.7248722],[129.1084318,35.7248842],[129.1084555,35.724944],[129.1084761,35.725],[129.1084763,35.7250006],[129.1084848,35.725023],[129.1085226,35.7251248],[129.1085366,35.7251827],[129.108542,35.7252278],[129.1085451,35.7252993],[129.1085455,35.7253569],[129.1085459,35.7253677],[129.1085461,35.7253733],[129.1085465,35.7253822],[129.1085537,35.7254564],[129.108563,35.7255393],[129.1085702,35.7256295],[129.1085857,35.7257344],[129.1085914,35.7257552],[129.1085919,35.7257598],[129.1085899,35.7257682],[129.108618,35.7257268]]]]}},{"type":"Feature","properties":{"UFID":"100035905005A00110100000004518369"},"geometry":{"type":"MultiPolygon","coordinates":[[[[129.1084328,35.7271817],[129.1083666,35.7270891],[129.1082551,35.7269383],[129.1081745,35.7268266],[129.1081214,35.7267459],[129.1080686,35.726646],[129.1080416,35.7265653],[129.1080078,35.7264251],[129.1079701,35.7262971],[129.1079381,35.7262002],[129.107894,35.7260888],[129.1078116,35.7259258],[129.1077569,35.725825],[129.1077131,35.7257495],[129.1076645,35.7256833],[129.1075558,35.7255687],[129.1074976,35.7254985],[129.1074184,35.7253719],[129.1073518,35.7252435],[129.107323,35.7251722],[129.1072979,35.7250522],[129.1072909,35.7250005],[129.1072908,35.725],[129.1072823,35.7249389],[129.1072667,35.7248362],[129.1072655,35.7248272],[129.1072591,35.7247813],[129.1071831,35.7248345],[129.1071843,35.7248439],[129.1072,35.7249469],[129.1072074,35.725],[129.1072075,35.7250005],[129.1072158,35.7250617],[129.1072424,35.7251885],[129.1072741,35.7252673],[129.1073432,35.7254005],[129.1074261,35.7255329],[129.1074886,35.7256084],[129.1075959,35.7257214],[129.1076399,35.7257813],[129.1076815,35.7258531],[129.1077353,35.7259524],[129.1078161,35.7261121],[129.1078586,35.7262194],[129.1078898,35.7263138],[129.1079268,35.7264395],[129.1079608,35.7265807],[129.1079901,35.7266684],[129.1080467,35.7267753],[129.1081023,35.7268598],[129.1081839,35.7269729],[129.1082951,35.7271233],[129.1083705,35.727232],[129.1084328,35.7271817]]]]}},{"type":"Feature","properties":{"UFID":"100035905016A00110100000004518370"},"geometry":{"type":"MultiPolygon","coordinates":[[[[129.1385083,35.7247655],[129.138484,35.724816],[129.1384896,35.7248118],[129.1385274,35.7247932],[129.1385784,35.7247799],[129.138601,35.7247764],[129.1386108,35.7247749],[129.1386228,35.7247738],[129.1386475,35.7247749],[129.1386958,35.7247867],[129.1387653,35.7247973],[129.1388513,35.7248121],[129.1389349,35.7248294],[129.1390138,35.7248441],[129.1390756,35.7248578],[129.139138,35.7248707],[129.139176,35.7248747],[129.1391948,35.7248755],[129.1392183,35.7248745],[129.1392511,35.7248717],[129.1393128,35.7248553],[129.139402,35.7248192],[129.139486,35.7248053],[129.1396172,35.7247841],[129.1397347,35.7247637],[129.1397945,35.7247544],[129.1398579,35.7247365],[129.1398937,35.724729],[129.1399196,35.7247282],[129.1399513,35.724726],[129.1399782,35.7247226],[129.1400111,35.7247167],[129.1400547,35.7247046],[129.1400751,35.7247041],[129.1401176,35.7247106],[129.1401534,35.7247169],[129.1401751,35.7247157],[129.1402283,35.7247077],[129.140225,35.7246644],[129.1401168,35.7246699],[129.1400259,35.7246836],[129.1398733,35.7247118],[129.13978,35.7247329],[129.139712,35.7247429],[129.1396558,35.7247472],[129.1395683,35.7247695],[129.1394976,35.7247759],[129.1394614,35.7247784],[129.1394199,35.7247845],[129.1393713,35.7247946],[129.1393145,35.7248228],[129.1392662,35.7248394],[129.1392119,35.7248429],[129.1391787,35.7248423],[129.1391545,35.7248397],[129.1391174,35.7248316],[129.1390634,35.7248182],[129.1389791,35.7247995],[129.1388491,35.7247772],[129.1387178,35.7247583],[129.1386496,35.7247467],[129.1386281,35.7247455],[129.1386062,35.724747],[129.1385917,35.7247501],[129.1385644,35.7247566],[129.1385195,35.7247687],[129.1385083,35.7247655]]]]}},{"type":"Feature","properties":{"UFID":"100035905016A00110100000004518371"},"geometry":{"type":"MultiPolygon","coordinates":[[[[129.138484,35.724816],[129.1385083,35.7247655],[129.1384633,35.7247629],[129.138443,35.7248017],[129.1384366,35.7248236],[129.138484,35.724816]]]]}},{"type":"Feature","properties":{"UFID":"100035905006A00110100000004518372"},"geometry":{"type":"MultiPolygon","coordinates":[[[[129.1395062,35.7307516],[129.1394731,35.7307273],[129.1394567,35.7307437],[129.1394889,35.7307682],[129.1395062,35.7307516]]]]}},{"type":"Feature","properties":{"UFID":"100035905006A00110100000004518373"},"geometry":{"type":"MultiPolygon","coordinates":[[[[129.1394889,35.7307682],[129.1394567,35.7307437],[129.1394053,35.7307869],[129.1394419,35.7308135],[129.1394889,35.7307682]]]]}},{"type":"Feature","properties":{"UFID":"100035905006A00110100000004518374"},"geometry":{"type":"MultiPolygon","coordinates":[[[[129.1273813,35.7466721],[129.1273585,35.7466309],[129.1273068,35.746647],[129.1273296,35.7466882],[129.1273813,35.7466721]]]]}},{"type":"Feature","properties":{"UFID":"100035905006A00110100000004518375"},"geometry":{"type":"MultiPolygon","coordinates":[[[[129.1273924,35.7466808],[129.1273861,35.7466767],[129.1273813,35.7466721],[129.1273296,35.7466882],[129.1273311,35.7466924],[129.1273311,35.7466967],[129.1273924,35.7466808]]]]}},{"type":"Feature","properties":{"UFID":"100035905006A00110100000004518376"},"geometry":{"type":"MultiPolygon","coordinates":[[[[129.1273585,35.7466309],[129.1273109,35.7465658],[129.1272934,35.7465332],[129.1272057,35.7463741],[129.1271083,35.7461971],[129.1269837,35.7459689],[129.1269123,35.7458432],[129.1269056,35.7458331],[129.1269046,35.7458214],[129.1268618,35.7458349],[129.1268724,35.74584],[129.1268827,35.7458554],[129.1269536,35.74598],[129.1270781,35.7462082],[129.1271754,35.7463851],[129.1272631,35.7465441],[129.1272806,35.7465767],[129.1273068,35.746647],[129.1273585,35.7466309]]]]}},{"type":"Feature","properties":{"UFID":"100035905006A00110100000004518377"},"geometry":{"type":"MultiPolygon","coordinates":[[[[129.1270682,35.7468154],[129.1270495,35.7468106],[129.1270104,35.7467852],[129.1269797,35.7468113],[129.1270188,35.7468367],[129.1270682,35.7468154]]]]}},{"type":"Feature","properties":{"UFID":"100035905006A00110100000004518378"},"geometry":{"type":"MultiPolygon","coordinates":[[[[129.1270104,35.7467852],[129.1269981,35.7467772],[129.1269816,35.7467646],[129.1269513,35.7467908],[129.1269691,35.7468045],[129.1269797,35.7468113],[129.1270104,35.7467852]]]]}},{"type":"Feature","properties":{"UFID":"100035905005A00110100000004518379"},"geometry":{"type":"MultiPolygon","coordinates":[[[[129.111896,35.7330874],[129.1118814,35.7330524],[129.1118487,35.7330583],[129.1118641,35.7330949],[129.111896,35.7330874]]]]}},{"type":"Feature","properties":{"UFID":"100035905005A00110100000004518380"},"geometry":{"type":"MultiPolygon","coordinates":[[[[129.1118814,35.7330524],[129.1118644,35.7330115],[129.1118329,35.7330202],[129.1118487,35.7330583],[129.1118814,35.7330524]]]]}},{"type":"Feature","properties":{"UFID":"100035905005A00110100000004518381"},"geometry":{"type":"MultiPolygon","coordinates":[[[[129.1118972,35.7330892],[129.1118968,35.7330889],[129.1118961,35.7330876],[129.111896,35.7330874],[129.1118641,35.7330949],[129.1118648,35.7330965],[129.1118652,35.7330983],[129.1118972,35.7330892]]]]}},{"type":"Feature","properties":{"UFID":"100035905005A00110100000004518382"},"geometry":{"type":"MultiPolygon","coordinates":[[[[129.1112352,35.7333836],[129.1112319,35.7333475],[129.1111771,35.7333553],[129.1111771,35.7333918],[129.1112352,35.7333836]]]]}},{"type":"Feature","properties":{"UFID":"100035905005A00110100000004518383"},"geometry":{"type":"MultiPolygon","coordinates":[[[[129.1111771,35.7333918],[129.1111771,35.7333553],[129.11115,35.7333687],[129.1110656,35.7333821],[129.1110591,35.7333827],[129.1110359,35.7333841],[129.1110129,35.733385],[129.1109942,35.7333849],[129.1109606,35.7333826],[129.1109139,35.7333793],[129.1108318,35.7333812],[129.1107489,35.7333884],[129.1107415,35.7333878],[129.1107305,35.7333869],[129.1107123,35.7333836],[129.1107081,35.7333822],[129.1107193,35.7334148],[129.1107256,35.7334137],[129.1107384,35.7334147],[129.1107489,35.7334156],[129.110834,35.7334082],[129.110913,35.7334064],[129.1109579,35.7334096],[129.1109927,35.7334119],[129.1110135,35.733412],[129.1110379,35.7334111],[129.1110624,35.7334096],[129.1110709,35.7334088],[129.1111628,35.7333942],[129.1111771,35.7333918]]]]}},{"type":"Feature","properties":{"UFID":"100035905005A00110100000004518384"},"geometry":{"type":"MultiPolygon","coordinates":[[[[129.1112372,35.733346],[129.1112319,35.7333475],[129.1112352,35.7333836],[129.1112405,35.7333827],[129.1112432,35.7333828],[129.1112452,35.7333828],[129.1112458,35.7333832],[129.1112463,35.7333839],[129.1112372,35.733346]]]]}},{"type":"Feature","properties":{"UFID":"100035905005A00110100000004518385"},"geometry":{"type":"MultiPolygon","coordinates":[[[[129.1101175,35.7336077],[129.1101029,35.7335671],[129.109775,35.7336501],[129.1097914,35.7336903],[129.1101175,35.7336077]]]]}},{"type":"Feature","properties":{"UFID":"100035905005A00110100000004518386"},"geometry":{"type":"MultiPolygon","coordinates":[[[[129.1097914,35.7336903],[129.109775,35.7336501],[129.1097625,35.7336538],[129.1097317,35.7336656],[129.1097261,35.7337145],[129.1097824,35.733693],[129.1097914,35.7336903]]]]}},{"type":"Feature","properties":{"UFID":"100035905005A00110100000004518387"},"geometry":{"type":"MultiPolygon","coordinates":[[[[129.1104869,35.7335418],[129.1104567,35.7335025],[129.1104563,35.7335028],[129.1104549,35.7335032],[129.1103395,35.7335189],[129.1102137,35.7335423],[129.1101029,35.7335671],[129.1101175,35.7336077],[129.1102264,35.7335834],[129.1103496,35.7335605],[129.1104869,35.7335418]]]]}},{"type":"Feature","properties":{"UFID":"100035905005A00110100000004518388"},"geometry":{"type":"MultiPolygon","coordinates":[[[[129.1018382,35.7284607],[129.1018141,35.7284306],[129.1017689,35.7284592],[129.1017937,35.7284892],[129.1018382,35.7284607]]]]}},{"type":"Feature","properties":{"UFID":"100035905005A00110100000004518389"},"geometry":{"type":"MultiPolygon","coordinates":[[[[129.1017937,35.7284892],[129.1017689,35.7284592],[129.1017595,35.7284648],[129.101758,35.7284652],[129.1017569,35.7284652],[129.1017885,35.7284937],[129.1017884,35.728493],[129.1017891,35.7284921],[129.1017937,35.7284892]]]]}},{"type":"Feature","properties":{"UFID":"100035905005A00110100000004518390"},"geometry":{"type":"MultiPolygon","coordinates":[[[[129.1020776,35.7283843],[129.102098,35.7283517],[129.1020965,35.7283527],[129.1020934,35.7283538],[129.10208,35.728356],[129.1019965,35.7283731],[129.1018976,35.7283998],[129.1018141,35.7284306],[129.1018382,35.7284607],[129.1019103,35.7284249],[129.1020057,35.7283991],[129.1020776,35.7283843]]]]}},{"type":"Feature","properties":{"UFID":"100035905005A00110100000004518391"},"geometry":{"type":"MultiPolygon","coordinates":[[[[129.1072553,35.7288012],[129.1071605,35.7287297],[129.1071404,35.7287513],[129.1072353,35.7288229],[129.1072553,35.7288012]]]]}},{"type":"Feature","properties":{"UFID":"100035905005A00110100000004518392"},"geometry":{"type":"MultiPolygon","coordinates":[[[[129.1071605,35.7287297],[129.1071495,35.7287216],[129.1071286,35.7287433],[129.1071404,35.7287513],[129.1071605,35.7287297]]]]}},{"type":"Feature","properties":{"UFID":"100035905005A00110100000004518393"},"geometry":{"type":"MultiPolygon","coordinates":[[[[129.1075302,35.7291753],[129.1075241,35.7291719],[129.1075228,35.7291703],[129.1075097,35.7291557],[129.107489,35.7291254],[129.1074034,35.7290045],[129.1073181,35.7288793],[129.1072764,35.7288176],[129.1072729,35.7288144],[129.1072553,35.7288012],[129.1072353,35.7288229],[129.1072492,35.7288334],[129.1072891,35.7288924],[129.1073745,35.7290178],[129.1074601,35.7291387],[129.1074922,35.7291855],[129.1074932,35.7291877],[129.1074932,35.7291893],[129.1074928,35.7291903],[129.1075302,35.7291753]]]]}},{"type":"Feature","properties":{"UFID":"100035905005A00110100000004518394"},"geometry":{"type":"MultiPolygon","coordinates":[[[[129.1085226,35.7273012],[129.1084328,35.7271817],[129.1083705,35.727232],[129.1084598,35.727359],[129.1085226,35.7273012]]]]}},{"type":"Feature","properties":{"UFID":"100035905005A00110100000004518395"},"geometry":{"type":"MultiPolygon","coordinates":[[[[129.1085312,35.7273162],[129.1085226,35.7273012],[129.1084598,35.727359],[129.1084817,35.7273894],[129.1085312,35.7273162]]]]}},{"type":"Feature","properties":{"UFID":"100035905005A00110100000004518396"},"geometry":{"type":"MultiPolygon","coordinates":[[[[129.1087118,35.7295325],[129.1084485,35.7294418],[129.1085327,35.7295456],[129.1087423,35.7296184],[129.1087118,35.7295325]]]]}},{"type":"Feature","properties":{"UFID":"100035905005A00110100000004518397"},"geometry":{"type":"MultiPolygon","coordinates":[[[[129.1088875,35.7295875],[129.1087838,35.7295539],[129.1087747,35.7295513],[129.1087118,35.7295325],[129.1087423,35.7296184],[129.1087528,35.7296214],[129.1088431,35.7296507],[129.1088875,35.7295875]]]]}},{"type":"Feature","properties":{"UFID":"100035905005A00110100000004518398"},"geometry":{"type":"MultiPolygon","coordinates":[[[[129.1088117,35.7297159],[129.1088006,35.7296717],[129.1086312,35.7296896],[129.1086495,35.7297356],[129.1086497,35.7297338],[129.1086502,35.729733],[129.1088117,35.7297159]]]]}},{"type":"Feature","properties":{"UFID":"100035905005A00110100000004518399"},"geometry":{"type":"MultiPolygon","coordinates":[[[[129.1089075,35.7296716],[129.1088431,35.7296507],[129.1088006,35.7296717],[129.1088117,35.7297159],[129.1088194,35.7297151],[129.1089075,35.7296716]]]]}},{"type":"Feature","properties":{"UFID":"100035905005A00110100000004518400"},"geometry":{"type":"MultiPolygon","coordinates":[[[[129.1020035,35.7286313],[129.101964,35.7286128],[129.1019428,35.7286409],[129.1019838,35.7286587],[129.1020035,35.7286313]]]]}},{"type":"Feature","properties":{"UFID":"100035905005A00110100000004518401"},"geometry":{"type":"MultiPolygon","coordinates":[[[[129.101964,35.7286128],[129.1019513,35.7286052],[129.101923,35.7286344],[129.1019428,35.7286409],[129.101964,35.7286128]]]]}},{"type":"Feature","properties":{"UFID":"100035905005A00110100000004518402"},"geometry":{"type":"MultiPolygon","coordinates":[[[[129.1023236,35.7286012],[129.1023234,35.7285735],[129.1023214,35.7285737],[129.1021849,35.7286027],[129.1021634,35.7286065],[129.102044,35.7286388],[129.1020293,35.7286405],[129.102023,35.7286397],[129.1020035,35.7286313],[129.1019838,35.7286587],[129.1020291,35.7286678],[129.1020516,35.7286652],[129.1021722,35.7286326],[129.1021926,35.728629],[129.1023236,35.7286012]]]]}},{"type":"Feature","properties":{"UFID":"100035905005A00110100000004518403"},"geometry":{"type":"MultiPolygon","coordinates":[[[[129.1002854,35.7280549],[129.1002334,35.7280603],[129.1002721,35.7281026],[129.1003262,35.7281031],[129.1002854,35.7280549]]]]}},{"type":"Feature","properties":{"UFID":"100035905005A00110100000004518404"},"geometry":{"type":"MultiPolygon","coordinates":[[[[129.1003262,35.7281031],[129.1002721,35.7281026],[129.100268,35.7281057],[129.1003374,35.7281084],[129.1003262,35.7281031]]]]}},{"type":"Feature","properties":{"UFID":"100035905005A00110100000004518405"},"geometry":{"type":"MultiPolygon","coordinates":[[[[129.1002854,35.7280549],[129.1002508,35.7280212],[129.100199,35.7279927],[129.1001716,35.7279817],[129.1001607,35.7279778],[129.1000971,35.7280044],[129.1001483,35.7280226],[129.1001712,35.7280318],[129.1002334,35.7280603],[129.1002854,35.7280549]]]]}},{"type":"Feature","properties":{"UFID":"100035905005A00110100000004518410"},"geometry":{"type":"MultiPolygon","coordinates":[[[[129.1106237,35.7330114],[129.1106341,35.7331124],[129.1106401,35.7331057],[129.1106911,35.7330768],[129.1106931,35.733063],[129.1107034,35.7329526],[129.1107171,35.7327622],[129.1107208,35.7327565],[129.1107357,35.7327481],[129.1108046,35.732741],[129.1107986,35.7327029],[129.1106886,35.7327171],[129.1106744,35.7327213],[129.1106646,35.7327269],[129.1106573,35.7327337],[129.1106543,35.7327492],[129.1106501,35.7329043],[129.11064,35.7329956],[129.1106378,35.7330053],[129.1106366,35.7330095],[129.110634,35.7330124],[129.1106291,35.7330126],[129.1106249,35.7330121],[129.1106237,35.7330114]]]]}},{"type":"Feature","properties":{"UFID":"100035905005A00110100000004518411"},"geometry":{"type":"MultiPolygon","coordinates":[[[[129.1128657,35.730506],[129.1129059,35.7305231],[129.1129052,35.7305141],[129.1129079,35.7305039],[129.1129171,35.7304917],[129.1129658,35.7304698],[129.1130857,35.7304526],[129.1131729,35.7304405],[129.1131826,35.7304363],[129.1131992,35.7304269],[129.1132399,35.7304041],[129.1132486,35.7304022],[129.1132699,35.7304005],[129.1132825,35.7304002],[129.1133565,35.7304184],[129.1133774,35.7304257],[129.1134188,35.7304461],[129.1134612,35.7304791],[129.1134666,35.7304858],[129.1134905,35.7305342],[129.113528,35.7305313],[129.1135173,35.730498],[129.113498,35.7304439],[129.1134961,35.7304404],[129.1134614,35.730417],[129.1134548,35.7304166],[129.1132959,35.7303656],[129.1132814,35.730363],[129.1132714,35.7303628],[129.1132632,35.7303634],[129.113141,35.7304091],[129.1130453,35.7304308],[129.1129427,35.7304442],[129.1129326,35.7304471],[129.1129209,35.7304528],[129.1128935,35.7304779],[129.1128657,35.730506]]]]}},{"type":"Feature","properties":{"UFID":"100035905005A00110100000004518412"},"geometry":{"type":"MultiPolygon","coordinates":[[[[129.1129059,35.7305231],[129.1128669,35.7305877],[129.112878,35.7305884],[129.1128887,35.7305911],[129.1128981,35.7305949],[129.1129046,35.7306014],[129.1129083,35.7306093],[129.1129104,35.7306194],[129.1129209,35.7307308],[129.1129536,35.7307304],[129.1129593,35.7306998],[129.1129596,35.730688],[129.1129511,35.7305902],[129.1129501,35.7305845],[129.1129416,35.7305714],[129.1129059,35.7305231]]]]}},{"type":"Feature","properties":{"UFID":"100035905005A00110100000004518413"},"geometry":{"type":"MultiPolygon","coordinates":[[[[129.1129059,35.7305231],[129.1128657,35.730506],[129.1128149,35.7305497],[129.1128669,35.7305877],[129.1129059,35.7305231]]]]}},{"type":"Feature","properties":{"UFID":"100035905005A00110100000004518414"},"geometry":{"type":"MultiPolygon","coordinates":[[[[129.1245746,35.7446751],[129.1245056,35.7446616],[129.124374,35.744632],[129.1241759,35.7445843],[129.1240342,35.7445493],[129.1239213,35.7445214],[129.1238034,35.7444935],[129.1236721,35.7444609],[129.1235418,35.7444301],[129.1234613,35.7444117],[129.1234437,35.7444077],[129.123433,35.7444044],[129.1233944,35.7443932],[129.1233717,35.7443866],[129.1233465,35.7443795],[129.1232086,35.744344],[129.1231934,35.7443412],[129.1230647,35.7443102],[129.1229395,35.7442774],[129.1228867,35.7442613],[129.1227243,35.7442017],[129.1226146,35.7441525],[129.1225743,35.7441316],[129.1223972,35.7441171],[129.1224,35.7441198],[129.1224343,35.7441489],[129.1224513,35.7441584],[129.1225404,35.7441995],[129.1225695,35.7442146],[129.1226848,35.7442663],[129.1228531,35.744328],[129.1229104,35.7443455],[129.1230386,35.7443791],[129.123171,35.744411],[129.1231855,35.7444137],[129.1234714,35.744479],[129.1238961,35.7445905],[129.1240086,35.7446184],[129.1241506,35.7446533],[129.1243497,35.7447013],[129.1244836,35.7447315],[129.1245584,35.7447461],[129.1245746,35.7446751]]]]}},{"type":"Feature","properties":{"UFID":"100035905005A00110100000004518416"},"geometry":{"type":"MultiPolygon","coordinates":[[[[129.1106341,35.7331124],[129.1106237,35.7330114],[129.1105364,35.7330239],[129.1105416,35.7330668],[129.110545,35.7331094],[129.1105505,35.7331654],[129.1106341,35.7331124]]]]}},{"type":"Feature","properties":{"UFID":"100035905005A00110100000004518417"},"geometry":{"type":"MultiPolygon","coordinates":[[[[129.1106341,35.7331124],[129.1105505,35.7331654],[129.1105551,35.7332127],[129.1105583,35.7332449],[129.1105769,35.7333633],[129.1105793,35.7333786],[129.1107081,35.7333822],[129.1106988,35.7333688],[129.1106784,35.7333306],[129.1106444,35.7332186],[129.1106433,35.733207],[129.1106341,35.7331124]]]]}},{"type":"Feature","properties":{"UFID":"100035905006A00110100000004518418"},"geometry":{"type":"MultiPolygon","coordinates":[[[[129.1310423,35.7318921],[129.1310181,35.7318741],[129.1310045,35.7318543],[129.1309467,35.7319055],[129.1309928,35.7319247],[129.1310423,35.7318921]]]]}},{"type":"Feature","properties":{"UFID":"100035905005A00110100000004518429"},"geometry":{"type":"MultiPolygon","coordinates":[[[[129.1017885,35.7284937],[129.1017569,35.7284652],[129.1017326,35.7284843],[129.1017613,35.7285101],[129.1017885,35.7284937]]]]}},{"type":"Feature","properties":{"UFID":"100035905005A00110100000004518430"},"geometry":{"type":"MultiPolygon","coordinates":[[[[129.1019079,35.7285793],[129.1018473,35.7285431],[129.1018083,35.7285121],[129.1017938,35.7284991],[129.1017897,35.7284954],[129.1017885,35.7284937],[129.1017613,35.7285101],[129.1017841,35.7285306],[129.101843,35.7285805],[129.101845,35.7285828],[129.1019079,35.7285793]]]]}},{"type":"Feature","properties":{"UFID":"100035905005A00110100000004518431"},"geometry":{"type":"MultiPolygon","coordinates":[[[[129.1021178,35.7283788],[129.1021409,35.7283498],[129.102098,35.7283517],[129.1020776,35.7283843],[129.1020873,35.7283823],[129.1021049,35.7283794],[129.1021178,35.7283788]]]]}},{"type":"Feature","properties":{"UFID":"100035905005A00110100000004518432"},"geometry":{"type":"MultiPolygon","coordinates":[[[[129.1021409,35.7283498],[129.102141,35.7283486],[129.1021414,35.7283474],[129.1021435,35.7283446],[129.1021642,35.7283219],[129.1022094,35.7282778],[129.1022343,35.7282557],[129.1022908,35.7282109],[129.102329,35.728188],[129.1023453,35.7281811],[129.1024157,35.7281634],[129.1024059,35.7281375],[129.1023327,35.728156],[129.1023115,35.728165],[129.1022694,35.7281902],[129.1022105,35.7282368],[129.1021845,35.72826],[129.1021381,35.7283051],[129.1021069,35.7283394],[129.1021002,35.7283491],[129.102098,35.7283517],[129.1021409,35.7283498]]]]}},{"type":"Feature","properties":{"UFID":"100035905005A00110100000004518433"},"geometry":{"type":"MultiPolygon","coordinates":[[[[129.1023509,35.7283305],[129.1022926,35.7283194],[129.1022465,35.7283335],[129.1022369,35.7283361],[129.1021492,35.7283517],[129.1021447,35.7283517],[129.102142,35.7283513],[129.1021411,35.7283507],[129.1021409,35.7283498],[129.1021178,35.7283788],[129.1021202,35.7283787],[129.1021527,35.7283788],[129.1022457,35.7283622],[129.1022575,35.728359],[129.1023509,35.7283305]]]]}},{"type":"Feature","properties":{"UFID":"100035905005A00110100000004518434"},"geometry":{"type":"MultiPolygon","coordinates":[[[[129.1024061,35.7283056],[129.1023589,35.7282961],[129.1023516,35.7282999],[129.1023361,35.7283061],[129.1022926,35.7283194],[129.1023509,35.7283305],[129.1024061,35.7283056]]]]}},{"type":"Feature","properties":{"UFID":"100035905005A00110100000004518435"},"geometry":{"type":"MultiPolygon","coordinates":[[[[129.1023589,35.7282961],[129.1024061,35.7283056],[129.1024065,35.7283053],[129.1025234,35.7282921],[129.1026515,35.7282859],[129.1026495,35.7282589],[129.1025201,35.7282651],[129.1023905,35.7282798],[129.1023824,35.7282831],[129.1023796,35.7282853],[129.1023589,35.7282961]]]]}},{"type":"Feature","properties":{"UFID":"100035905005A00110100000004518436"},"geometry":{"type":"MultiPolygon","coordinates":[[[[129.1024062,35.7285985],[129.1023236,35.7286012],[129.1023312,35.7286044],[129.1023426,35.7286417],[129.1023315,35.7287682],[129.1023235,35.7288629],[129.1023621,35.728865],[129.1023701,35.7287704],[129.1023815,35.72864],[129.1023907,35.7286074],[129.1023912,35.7286043],[129.1024062,35.7285985]]]]}},{"type":"Feature","properties":{"UFID":"100035905005A00110100000004518437"},"geometry":{"type":"MultiPolygon","coordinates":[[[[129.1024062,35.7285985],[129.1024084,35.7285715],[129.1023668,35.7285704],[129.1023441,35.728571],[129.1023234,35.7285735],[129.1023236,35.7286012],[129.1024062,35.7285985]]]]}},{"type":"Feature","properties":{"UFID":"100035905005A00110100000004518438"},"geometry":{"type":"MultiPolygon","coordinates":[[[[129.1003976,35.7281308],[129.1003963,35.7281308],[129.1003948,35.7281307],[129.1003901,35.7281293],[129.1003705,35.72812],[129.1003566,35.7281127],[129.100345,35.7281101],[129.1003374,35.7281084],[129.1003461,35.7281397],[129.1003547,35.7281438],[129.1003568,35.7281454],[129.1003575,35.7281464],[129.1003576,35.7281469],[129.1003976,35.7281308]]]]}},{"type":"Feature","properties":{"UFID":"100035905005A00110100000004518439"},"geometry":{"type":"MultiPolygon","coordinates":[[[[129.1004297,35.7281471],[129.1003976,35.7281308],[129.1003576,35.7281469],[129.1003976,35.7281625],[129.1004013,35.7281605],[129.1004297,35.7281471]]]]}},{"type":"Feature","properties":{"UFID":"100035905005A00110100000004518440"},"geometry":{"type":"MultiPolygon","coordinates":[[[[129.1003374,35.7281084],[129.100268,35.7281057],[129.1002881,35.7281314],[129.1002935,35.7281309],[129.1003008,35.7281307],[129.1003083,35.7281307],[129.1003127,35.7281309],[129.1003362,35.7281362],[129.100338,35.7281366],[129.1003461,35.7281397],[129.1003374,35.7281084]]]]}},{"type":"Feature","properties":{"UFID":"100035905005A00110100000004518441"},"geometry":{"type":"MultiPolygon","coordinates":[[[[129.1001607,35.7279778],[129.1001474,35.7279702],[129.1000884,35.7279345],[129.1000624,35.727912],[129.1000181,35.7279477],[129.1000971,35.7280044],[129.1001607,35.7279778]]]]}},{"type":"Feature","properties":{"UFID":"100035905005A00110100000004518442"},"geometry":{"type":"MultiPolygon","coordinates":[[[[129.1017569,35.7284652],[129.1017562,35.7284652],[129.1017542,35.7284635],[129.1017504,35.7284601],[129.1017481,35.7284587],[129.1017212,35.7284253],[129.1016833,35.7283779],[129.1016523,35.728343],[129.1016029,35.7282942],[129.1015812,35.7282745],[129.1015346,35.7282435],[129.1015112,35.728233],[129.101465,35.7282206],[129.1014549,35.7282193],[129.101399,35.7282155],[129.1013766,35.7282151],[129.1013072,35.7282133],[129.1012794,35.7282127],[129.1012241,35.7282102],[129.1011775,35.7282054],[129.1011165,35.7281945],[129.1010631,35.7281839],[129.1010353,35.7281744],[129.1009783,35.7281476],[129.1009202,35.7281142],[129.100869,35.7280889],[129.100785,35.7280691],[129.1007291,35.7280636],[129.1007241,35.7280635],[129.1006462,35.728063],[129.1005584,35.7280695],[129.100545,35.7280725],[129.1004859,35.7280935],[129.1004527,35.7281074],[129.1004299,35.7281162],[129.1004135,35.7281235],[129.1004005,35.7281296],[129.1003976,35.7281308],[129.1004297,35.7281471],[129.1004449,35.7281404],[129.1004674,35.7281317],[129.1005001,35.728118],[129.1005562,35.7280981],[129.1005644,35.7280962],[129.1006476,35.72809],[129.1007235,35.7280905],[129.1007266,35.7280906],[129.1007783,35.7280957],[129.1008556,35.7281139],[129.1009021,35.7281368],[129.1009604,35.7281704],[129.1010205,35.7281987],[129.1010527,35.7282096],[129.101109,35.7282209],[129.1011719,35.728232],[129.1012211,35.7282372],[129.1012782,35.7282398],[129.1013063,35.7282403],[129.1013757,35.7282421],[129.1013972,35.7282425],[129.101451,35.7282462],[129.1014572,35.728247],[129.1014979,35.7282579],[129.1015159,35.728266],[129.1015582,35.7282941],[129.1015777,35.7283118],[129.1016261,35.7283596],[129.1016559,35.7283932],[129.1016935,35.7284401],[129.1017237,35.7284776],[129.101728,35.7284802],[129.1017326,35.7284843],[129.1017569,35.7284652]]]]}},{"type":"Feature","properties":{"UFID":"100035905005A00110100000004518473"},"geometry":{"type":"MultiPolygon","coordinates":[[[[129.1016605,35.7288384],[129.1016424,35.728821],[129.1015819,35.728857],[129.1014739,35.7289004],[129.1012985,35.7289283],[129.1012438,35.728898],[129.1011826,35.7289161],[129.1012087,35.7289509],[129.1012526,35.7289381],[129.101335,35.7289542],[129.1014347,35.7289553],[129.1015048,35.7289415],[129.1015816,35.728913],[129.1016462,35.7288739],[129.1016728,35.7288502],[129.1016605,35.7288384]]]]}},{"type":"Feature","properties":{"UFID":"100035905005A00110100000004518474"},"geometry":{"type":"MultiPolygon","coordinates":[[[[129.101923,35.7286344],[129.101845,35.7285828],[129.1018459,35.7285951],[129.1018141,35.7286505],[129.1017479,35.728736],[129.1016691,35.7288052],[129.1016424,35.728821],[129.1016605,35.7288384],[129.10174,35.7287804],[129.1018142,35.7287006],[129.1018711,35.7286433],[129.1018918,35.7286348],[129.101923,35.7286344]]]]}},{"type":"Feature","properties":{"UFID":"100035905005A00110100000004518477"},"geometry":{"type":"MultiPolygon","coordinates":[[[[129.1019513,35.7286052],[129.1019079,35.7285793],[129.101845,35.7285828],[129.101923,35.7286344],[129.1019513,35.7286052]]]]}},{"type":"Feature","properties":{"UFID":"100035905005A00110100000004518491"},"geometry":{"type":"MultiPolygon","coordinates":[[[[129.1203302,35.7423196],[129.1203163,35.7423066],[129.1203067,35.742297],[129.1202748,35.742308],[129.1202965,35.7423313],[129.1203302,35.7423196]]]]}},{"type":"Feature","properties":{"UFID":"100035905005A00110100000004518492"},"geometry":{"type":"MultiPolygon","coordinates":[[[[129.1208604,35.7428474],[129.1208409,35.7428269],[129.1208019,35.7427825],[129.1207426,35.7427013],[129.1206951,35.7426361],[129.1206913,35.7426313],[129.120646,35.7425906],[129.1205693,35.7425362],[129.1205309,35.742513],[129.120493,35.7424824],[129.1204276,35.7424207],[129.1203342,35.7423234],[129.1203302,35.7423196],[129.1202965,35.7423313],[129.1202971,35.7423312],[129.120298,35.7423312],[129.1202993,35.7423318],[129.1203086,35.7423406],[129.120402,35.7424379],[129.1204688,35.7425008],[129.1205092,35.7425335],[129.1205485,35.7425573],[129.1206227,35.7426099],[129.1206649,35.7426478],[129.1206669,35.7426503],[129.1207141,35.7427151],[129.1207741,35.7427973],[129.1208143,35.7428431],[129.1208427,35.7428729],[129.1208445,35.7428753],[129.1208446,35.7428766],[129.1208604,35.7428474]]]]}},{"type":"Feature","properties":{"UFID":"100035905005A00110100000004518493"},"geometry":{"type":"MultiPolygon","coordinates":[[[[129.1202965,35.7423313],[129.1202748,35.742308],[129.1202748,35.7423083],[129.1202746,35.7423086],[129.1202743,35.7423087],[129.1202736,35.742309],[129.1202595,35.7423133],[129.1202767,35.7423368],[129.1202944,35.7423316],[129.1202965,35.7423313]]]]}},{"type":"Feature","properties":{"UFID":"100035905005A00110100000004518494"},"geometry":{"type":"MultiPolygon","coordinates":[[[[129.1208878,35.7428703],[129.1208861,35.7428694],[129.1208689,35.7428563],[129.1208604,35.7428474],[129.1208446,35.7428766],[129.1208733,35.7428957],[129.1208878,35.7428703]]]]}},{"type":"Feature","properties":{"UFID":"100035905005A00110100000004518495"},"geometry":{"type":"MultiPolygon","coordinates":[[[[129.1208733,35.7428957],[129.1208446,35.7428766],[129.1208446,35.7428783],[129.1208441,35.7428798],[129.1208426,35.7428826],[129.1208192,35.7429175],[129.1207972,35.7429525],[129.1208268,35.7429648],[129.1208485,35.7429301],[129.1208697,35.7428986],[129.1208713,35.7428969],[129.1208721,35.7428962],[129.1208733,35.7428957]]]]}},{"type":"Feature","properties":{"UFID":"100035905005A00110100000004518496"},"geometry":{"type":"MultiPolygon","coordinates":[[[[129.1105106,35.7400566],[129.1104767,35.7400667],[129.1104777,35.7400698],[129.1104783,35.7401073],[129.1104885,35.7401754],[129.1104896,35.740184],[129.1104931,35.7402854],[129.1104913,35.7403745],[129.1104763,35.7404759],[129.1104675,35.7405183],[129.1104374,35.7406161],[129.1103915,35.7407186],[129.1103376,35.7408328],[129.110288,35.7409327],[129.1101942,35.7410468],[129.1101154,35.7411159],[129.1100234,35.7411717],[129.1100453,35.7411916],[129.1101376,35.7411361],[129.1102203,35.7410637],[129.1103174,35.7409455],[129.1103684,35.7408428],[129.1104226,35.7407281],[129.1104692,35.740624],[129.1105,35.7405238],[129.1105091,35.7404798],[129.1105245,35.7403763],[129.1105262,35.7402852],[129.1105227,35.7401823],[129.1105215,35.7401725],[129.1105114,35.7401055],[129.1105106,35.7400566]]]]}},{"type":"Feature","properties":{"UFID":"100035905005A00110100000004518497"},"geometry":{"type":"MultiPolygon","coordinates":[[[[129.1105106,35.7400566],[129.1105098,35.7400099],[129.1104731,35.7400207],[129.1104767,35.7400667],[129.1105106,35.7400566]]]]}},{"type":"Feature","properties":{"UFID":"100035905005A00110100000004518498"},"geometry":{"type":"MultiPolygon","coordinates":[[[[129.1104767,35.7400667],[129.1104731,35.7400207],[129.1104653,35.7400242],[129.1104027,35.7400438],[129.1102619,35.7400852],[129.1101541,35.740118],[129.1100507,35.7401519],[129.1099814,35.7401688],[129.109901,35.7401758],[129.1098829,35.7401752],[129.1098546,35.7401744],[129.1098507,35.7401746],[129.1098453,35.7401744],[129.1098882,35.740216],[129.1099026,35.7402165],[129.1099912,35.7402088],[129.1100672,35.7401902],[129.1101721,35.7401558],[129.1102791,35.7401233],[129.1104201,35.7400818],[129.1104642,35.740068],[129.1104736,35.7400661],[129.1104753,35.7400661],[129.1104767,35.7400667]]]]}},{"type":"Feature","properties":{"UFID":"100035905005A00110100000004518499"},"geometry":{"type":"MultiPolygon","coordinates":[[[[129.1105098,35.7400099],[129.1105123,35.7399838],[129.1105283,35.7399347],[129.110553,35.7398452],[129.1105847,35.7397556],[129.1106229,35.7396498],[129.1106248,35.7396354],[129.1106415,35.7395552],[129.1106489,35.739486],[129.1106528,35.7393698],[129.1106528,35.7393234],[129.1106464,35.7392275],[129.1106452,35.7392147],[129.1106443,35.739207],[129.1106361,35.7391573],[129.1106155,35.7390695],[129.1105702,35.7389619],[129.1105543,35.7389272],[129.1105071,35.738827],[129.1104532,35.7387147],[129.1104364,35.7386791],[129.1104339,35.7386737],[129.1103761,35.7385351],[129.1103601,35.7384896],[129.1103341,35.7384041],[129.1103019,35.7382978],[129.1102885,35.7382486],[129.1102624,35.7381438],[129.1102304,35.738024],[129.1101915,35.7379209],[129.1101512,35.7378093],[129.1101405,35.7377829],[129.1101212,35.7377421],[129.1101133,35.7377245],[129.1100883,35.7376723],[129.1100292,35.7375483],[129.1100097,35.7375135],[129.1099459,35.7374078],[129.1098846,35.7373169],[129.109864,35.7372866],[129.1098107,35.7372129],[129.109803,35.7372023],[129.1097685,35.7372078],[129.1097821,35.7372267],[129.1098352,35.7373001],[129.1098556,35.73733],[129.1099164,35.7374203],[129.1099797,35.7375251],[129.1099986,35.7375588],[129.1100574,35.7376821],[129.1100823,35.7377341],[129.1100902,35.7377516],[129.1101093,35.737792],[129.1101196,35.7378174],[129.1101597,35.7379286],[129.1101983,35.7380309],[129.11023,35.7381494],[129.1102561,35.7382542],[129.1102696,35.738304],[129.110302,35.7384105],[129.110328,35.7384966],[129.1103444,35.7385432],[129.1104027,35.7386827],[129.1104054,35.7386887],[129.1104223,35.7387245],[129.1104762,35.7388367],[129.1105233,35.7389368],[129.1105389,35.738971],[129.1105834,35.7390765],[129.1106033,35.7391616],[129.1106113,35.7392101],[129.1106121,35.739217],[129.1106133,35.7392293],[129.1106196,35.7393242],[129.1106196,35.7393694],[129.1106158,35.7394845],[129.1106086,35.7395518],[129.110592,35.7396316],[129.1105902,35.7396445],[129.1105529,35.739748],[129.1105209,35.7398385],[129.110496,35.7399283],[129.1104795,35.7399793],[129.1104766,35.740009],[129.1104767,35.7400163],[129.110475,35.7400191],[129.1104731,35.7400207],[129.1105098,35.7400099]]]]}},{"type":"Feature","properties":{"UFID":"100035905005A00110100000004518500"},"geometry":{"type":"MultiPolygon","coordinates":[[[[129.1095355,35.7366478],[129.1095269,35.7366338],[129.1095172,35.7366214],[129.1094853,35.7366331],[129.1095028,35.7366586],[129.1095355,35.7366478]]]]}},{"type":"Feature","properties":{"UFID":"100035905005A00110100000004518501"},"geometry":{"type":"MultiPolygon","coordinates":[[[[129.1095028,35.7366586],[129.1094853,35.7366331],[129.1094842,35.7366343],[129.1094799,35.7366359],[129.1094316,35.7366485],[129.1094243,35.7366507],[129.1094154,35.7366527],[129.1093774,35.736657],[129.1093701,35.7366579],[129.109348,35.7366604],[129.1092965,35.7366633],[129.1092764,35.7366635],[129.1092653,35.7366632],[129.1091955,35.7366588],[129.109104,35.7366501],[129.1090431,35.73665],[129.109035,35.7366511],[129.1089846,35.7366595],[129.1089729,35.7366628],[129.1089638,35.7366663],[129.1089263,35.7366835],[129.1088579,35.7367126],[129.1088443,35.7367191],[129.108742,35.7367626],[129.1087165,35.7367835],[129.1086475,35.7368201],[129.1086454,35.7368209],[129.1086615,35.7368449],[129.1086638,35.7368437],[129.1087438,35.7368012],[129.1087668,35.7367825],[129.1088604,35.7367428],[129.108874,35.7367363],[129.1089421,35.7367072],[129.1089789,35.7366903],[129.1089853,35.7366879],[129.1089934,35.7366856],[129.109041,35.7366777],[129.1090458,35.736677],[129.1091021,35.7366772],[129.1091923,35.7366857],[129.1092636,35.7366902],[129.1092761,35.7366905],[129.1092978,35.7366904],[129.1093514,35.7366873],[129.1093749,35.7366847],[129.1093822,35.7366838],[129.1094221,35.7366793],[129.1094346,35.7366765],[129.1094425,35.736674],[129.1095005,35.7366589],[129.1095028,35.7366586]]]]}},{"type":"Feature","properties":{"UFID":"100035905005A00110100000004518502"},"geometry":{"type":"MultiPolygon","coordinates":[[[[129.1095172,35.7366214],[129.1095147,35.7366134],[129.1095042,35.736575],[129.1095016,35.7365688],[129.1094998,35.736561],[129.1094839,35.736503],[129.109482,35.7364968],[129.1094818,35.7364927],[129.1094799,35.7364668],[129.1094757,35.7363922],[129.1094796,35.7363463],[129.1094884,35.7362378],[129.1094981,35.7361402],[129.1095199,35.7360219],[129.1095621,35.7358564],[129.109572,35.7358175],[129.1095986,35.7356992],[129.1096,35.7356902],[129.1096085,35.7356324],[129.1096129,35.7356063],[129.109616,35.7355838],[129.1096186,35.7355302],[129.1096182,35.7355198],[129.1096183,35.7355103],[129.1096189,35.7354987],[129.1096191,35.7354926],[129.1096209,35.7354371],[129.1096228,35.7353971],[129.1096217,35.7353571],[129.1096225,35.7353028],[129.1096232,35.735253],[129.1096236,35.735203],[129.1096241,35.7351485],[129.1096258,35.7350968],[129.1096267,35.7350446],[129.1096295,35.7349895],[129.1096323,35.7349226],[129.1096324,35.7349038],[129.1096321,35.734896],[129.1096315,35.7348865],[129.1096314,35.7348785],[129.109631,35.7348699],[129.109631,35.7348624],[129.1096308,35.7348558],[129.1096309,35.7348376],[129.1096311,35.7348139],[129.1096304,35.7347688],[129.1096323,35.7347186],[129.1096361,35.7346042],[129.1096364,35.7345106],[129.1096363,35.7344181],[129.1096005,35.7344942],[129.109602,35.7344938],[129.1096027,35.7344938],[129.1096032,35.7344968],[129.1096032,35.7345106],[129.1096029,35.7346038],[129.1095992,35.7347178],[129.1095972,35.7347686],[129.1095979,35.734814],[129.1095977,35.7348374],[129.1095976,35.734856],[129.1095978,35.7348628],[129.1095978,35.7348705],[129.1095982,35.7348792],[129.1095983,35.7348874],[129.1095989,35.7348972],[129.1095993,35.7349042],[129.1095992,35.734922],[129.1095963,35.7349885],[129.1095935,35.7350438],[129.1095926,35.7350962],[129.1095909,35.735148],[129.1095904,35.7352028],[129.10959,35.7352528],[129.1095893,35.7353025],[129.1095886,35.7353572],[129.1095896,35.7353969],[129.1095877,35.7354362],[129.109586,35.7354918],[129.1095858,35.7354977],[129.1095851,35.7355097],[129.1095851,35.7355202],[129.1095854,35.73553],[129.1095829,35.7355818],[129.10958,35.735603],[129.1095756,35.735629],[129.1095671,35.7356868],[129.1095658,35.735695],[129.1095395,35.7358123],[129.1095297,35.735851],[129.1094872,35.7360171],[129.1094652,35.7361371],[129.1094554,35.7362358],[129.1094465,35.7363444],[129.1094425,35.7363919],[129.1094468,35.7364683],[129.1094487,35.7364941],[129.109449,35.7365008],[129.1094517,35.7365092],[129.1094673,35.7365664],[129.1094694,35.7365756],[129.1094722,35.7365824],[129.1094825,35.7366198],[129.1094856,35.7366297],[129.1094859,35.7366319],[129.1094853,35.7366331],[129.1095172,35.7366214]]]]}},{"type":"Feature","properties":{"UFID":"100035905005A00110100000004518503"},"geometry":{"type":"MultiPolygon","coordinates":[[[[129.1096005,35.7344942],[129.1096015,35.7343769],[129.109598,35.7343903],[129.1095818,35.734436],[129.1095666,35.7344902],[129.1095496,35.7345774],[129.1095468,35.7345864],[129.1095405,35.7346443],[129.1095404,35.7346544],[129.109538,35.7346931],[129.109526,35.7347868],[129.1095244,35.7347917],[129.109491,35.7348489],[129.1094942,35.734869],[129.1094863,35.7348733],[129.1094818,35.7348739],[129.1094965,35.7349003],[129.1095184,35.7348883],[129.1095286,35.7348754],[129.1095252,35.7348534],[129.1095556,35.7348012],[129.1095587,35.7347919],[129.1095711,35.7346952],[129.1095736,35.7346552],[129.1095737,35.7346455],[129.1095796,35.7345909],[129.1095821,35.7345828],[129.1095985,35.7344991],[129.1095992,35.7344955],[129.1096005,35.7344942]]]]}},{"type":"Feature","properties":{"UFID":"100035905005A00110100000004518504"},"geometry":{"type":"MultiPolygon","coordinates":[[[[129.1094076,35.7402072],[129.1093907,35.7401801],[129.1093881,35.7401834],[129.1093841,35.740188],[129.109356,35.7402132],[129.1093415,35.7402209],[129.1092611,35.7402322],[129.1092667,35.7402589],[129.109354,35.7402466],[129.1093777,35.7402339],[129.1094076,35.7402072]]]]}},{"type":"Feature","properties":{"UFID":"100035905005A00110100000004518505"},"geometry":{"type":"MultiPolygon","coordinates":[[[[129.1094518,35.7401921],[129.1094298,35.7401514],[129.1093907,35.7401801],[129.1094076,35.7402072],[129.1094101,35.7402049],[129.109411,35.7402039],[129.1094177,35.7402008],[129.1094518,35.7401921]]]]}},{"type":"Feature","properties":{"UFID":"100035905005A00110100000004518506"},"geometry":{"type":"MultiPolygon","coordinates":[[[[129.1094298,35.7401514],[129.109428,35.7401491],[129.1093982,35.7400809],[129.1093973,35.7400719],[129.1093972,35.7400636],[129.1093939,35.7400286],[129.1093902,35.7399819],[129.1093897,35.739977],[129.1093888,35.7399695],[129.109382,35.7399155],[129.1093577,35.7398706],[129.1093252,35.7398475],[129.1093117,35.7398437],[129.1093047,35.7398434],[129.1092531,35.7398289],[129.1092387,35.739863],[129.1092962,35.7398792],[129.1093028,35.7398794],[129.1093212,35.7398925],[129.1093388,35.7399248],[129.1093448,35.7399729],[129.1093456,35.7399804],[129.1093462,35.7399848],[129.1093498,35.7400311],[129.109353,35.7400651],[129.1093531,35.7400744],[129.1093536,35.7400863],[129.109389,35.7401674],[129.1093907,35.7401742],[129.1093908,35.7401772],[129.1093907,35.7401801],[129.1094298,35.7401514]]]]}},{"type":"Feature","properties":{"UFID":"100035905005A00110100000004518507"},"geometry":{"type":"MultiPolygon","coordinates":[[[[129.1094786,35.7401769],[129.1094609,35.740135],[129.1094593,35.7401363],[129.109448,35.7401414],[129.1094382,35.740149],[129.1094351,35.7401517],[129.1094322,35.740152],[129.1094298,35.7401514],[129.1094518,35.7401921],[129.1094558,35.7401911],[129.1094746,35.7401767],[129.1094786,35.7401769]]]]}},{"type":"Feature","properties":{"UFID":"100035905005A00110100000004518508"},"geometry":{"type":"MultiPolygon","coordinates":[[[[129.1095188,35.7401409],[129.1094609,35.740135],[129.1094786,35.7401769],[129.1094859,35.7401769],[129.1094908,35.740177],[129.1095319,35.7401883],[129.1095188,35.7401409]]]]}},{"type":"Feature","properties":{"UFID":"100035905005A00110100000004518509"},"geometry":{"type":"MultiPolygon","coordinates":[[[[129.1094609,35.740135],[129.1095188,35.7401409],[129.1095155,35.7401368],[129.1094897,35.7400696],[129.1094871,35.7400623],[129.1094871,35.7400578],[129.1094799,35.7400108],[129.1094305,35.7400159],[129.1094374,35.7400604],[129.1094374,35.7400681],[129.109442,35.7400812],[129.1094609,35.7401305],[129.1094609,35.740135]]]]}},{"type":"Feature","properties":{"UFID":"100035905005A00110100000004518510"},"geometry":{"type":"MultiPolygon","coordinates":[[[[129.1098418,35.7402157],[129.1097996,35.7401757],[129.1097992,35.740176],[129.109798,35.7401762],[129.1097876,35.7401762],[129.1097754,35.7401764],[129.1097234,35.7401793],[129.1097074,35.740179],[129.1096435,35.7401708],[129.1095703,35.7401561],[129.1095325,35.7401457],[129.1095213,35.740142],[129.1095188,35.7401409],[129.1095319,35.7401883],[129.1095563,35.7401951],[129.1096336,35.7402106],[129.109703,35.7402195],[129.1097245,35.7402199],[129.1097775,35.740217],[129.1097881,35.7402168],[129.1098192,35.7402168],[129.1098418,35.7402157]]]]}},{"type":"Feature","properties":{"UFID":"100035905005A00110100000004518511"},"geometry":{"type":"MultiPolygon","coordinates":[[[[129.1098453,35.7401744],[129.1097996,35.7401757],[129.1098418,35.7402157],[129.1098553,35.740215],[129.109881,35.7402157],[129.1098882,35.740216],[129.1098453,35.7401744]]]]}},{"type":"Feature","properties":{"UFID":"100035905005A00110100000004518512"},"geometry":{"type":"MultiPolygon","coordinates":[[[[129.1098453,35.7401744],[129.1098429,35.7401733],[129.1098024,35.7401368],[129.1097778,35.740155],[129.1097986,35.7401737],[129.1097996,35.7401752],[129.1097996,35.7401757],[129.1098453,35.7401744]]]]}},{"type":"Feature","properties":{"UFID":"100035905005A00110100000004518513"},"geometry":{"type":"MultiPolygon","coordinates":[[[[129.1086615,35.7368449],[129.1086454,35.7368209],[129.1086121,35.7368338],[129.1086098,35.736835],[129.1086282,35.7368575],[129.1086615,35.7368449]]]]}},{"type":"Feature","properties":{"UFID":"100035905005A00110100000004518514"},"geometry":{"type":"MultiPolygon","coordinates":[[[[129.1086615,35.7368449],[129.1086282,35.7368575],[129.1086291,35.7368574],[129.1086298,35.736858],[129.1086325,35.7368609],[129.1086439,35.7368774],[129.1086728,35.736864],[129.1086633,35.7368503],[129.1086618,35.7368476],[129.1086613,35.7368463],[129.1086613,35.7368457],[129.1086615,35.7368449]]]]}},{"type":"Feature","properties":{"UFID":"100035905005A00110100000004518515"},"geometry":{"type":"MultiPolygon","coordinates":[[[[129.1086282,35.7368575],[129.1086098,35.736835],[129.108535,35.7368738],[129.1084437,35.7369204],[129.1083597,35.7369652],[129.1082449,35.7370137],[129.1082065,35.7370258],[129.1082162,35.7370518],[129.1082585,35.7370384],[129.1083764,35.7369885],[129.1084616,35.7369432],[129.1085527,35.7368966],[129.1086282,35.7368575]]]]}},{"type":"Feature","properties":{"UFID":"100035905005A00110100000004518516"},"geometry":{"type":"MultiPolygon","coordinates":[[[[129.1129045,35.7336906],[129.1128711,35.7336922],[129.112875,35.733717],[129.1128747,35.7337267],[129.1128743,35.7337445],[129.1128722,35.7337536],[129.1128712,35.7337562],[129.1128563,35.7337848],[129.1128187,35.7338339],[129.1127677,35.7338925],[129.1127144,35.7339696],[129.1126781,35.7340386],[129.1126624,35.7340987],[129.1126624,35.734107],[129.1126687,35.7341596],[129.112672,35.7341714],[129.112701,35.7342902],[129.112704,35.7343108],[129.1127019,35.7343313],[129.1126942,35.734346],[129.1126823,35.7343636],[129.1126394,35.7344209],[129.1126224,35.7344582],[129.1126187,35.7344732],[129.1126174,35.7344871],[129.1126169,35.7345],[129.1126172,35.7345062],[129.1126177,35.7345127],[129.1126253,35.7345584],[129.1126322,35.7345834],[129.1126582,35.7346705],[129.1126734,35.7347181],[129.1126857,35.7347518],[129.1126879,35.7347561],[129.1127342,35.7348841],[129.1127601,35.7349494],[129.112796,35.7350399],[129.1128354,35.7351527],[129.1128354,35.7351575],[129.1128692,35.7351579],[129.1128686,35.7351558],[129.1128686,35.7351489],[129.1128277,35.735032],[129.1127917,35.7349411],[129.1127659,35.7348761],[129.1127192,35.734747],[129.112717,35.7347427],[129.1127054,35.7347109],[129.1126904,35.7346639],[129.1126645,35.7345772],[129.112658,35.7345536],[129.1126508,35.73451],[129.1126503,35.7345048],[129.1126501,35.7344999],[129.1126506,35.7344885],[129.1126516,35.7344769],[129.1126544,35.7344657],[129.1126694,35.7344328],[129.112711,35.7343772],[129.112724,35.7343579],[129.1127345,35.7343379],[129.1127373,35.7343104],[129.1127338,35.734286],[129.1127045,35.7341657],[129.1127015,35.7341552],[129.1126956,35.7341057],[129.1126956,35.7341016],[129.1127099,35.7340468],[129.1127442,35.7339817],[129.1127957,35.733907],[129.1128464,35.7338489],[129.1128858,35.7337973],[129.1129024,35.7337654],[129.1129044,35.7337601],[129.1129074,35.7337473],[129.1129079,35.7337272],[129.1129082,35.7337156],[129.1129046,35.7336924],[129.1129045,35.7336906]]]]}},{"type":"Feature","properties":{"UFID":"100035905005A00110100000004518517"},"geometry":{"type":"MultiPolygon","coordinates":[[[[129.1128609,35.7351928],[129.1128692,35.7351579],[129.1128354,35.7351575],[129.1128355,35.7351697],[129.1128216,35.7351984],[129.1128609,35.7351928]]]]}},{"type":"Feature","properties":{"UFID":"100035905005A00110100000004518518"},"geometry":{"type":"MultiPolygon","coordinates":[[[[129.1128692,35.7351579],[129.1128609,35.7351928],[129.1128635,35.7351916],[129.1128754,35.735188],[129.1129136,35.735178],[129.1129181,35.7351775],[129.1129289,35.7351761],[129.1129432,35.7351745],[129.1129618,35.7351734],[129.1129685,35.7351732],[129.1129756,35.7351735],[129.1130229,35.7351843],[129.1130285,35.7351854],[129.1130314,35.7351866],[129.113105,35.7352268],[129.1131877,35.7352752],[129.1132573,35.7353326],[129.1133125,35.7353991],[129.1133442,35.7354838],[129.1133467,35.7354922],[129.1133475,35.7355033],[129.1133552,35.7355282],[129.1133546,35.7355294],[129.1133541,35.7355342],[129.1133537,35.7355384],[129.1133549,35.7355447],[129.1133877,35.7355406],[129.113387,35.7355371],[129.1133871,35.7355365],[129.1133903,35.7355309],[129.1133804,35.7354991],[129.1133796,35.7354883],[129.1133763,35.7354767],[129.1133427,35.7353873],[129.1132831,35.7353154],[129.1132093,35.7352546],[129.1131239,35.7352046],[129.1130481,35.7351631],[129.1130399,35.7351598],[129.1130313,35.7351581],[129.1129812,35.7351467],[129.1129689,35.7351461],[129.11296,35.7351464],[129.1129397,35.7351475],[129.1129239,35.7351494],[129.1129132,35.7351508],[129.1129062,35.7351516],[129.1128904,35.7351557],[129.1128776,35.7351582],[129.1128732,35.7351587],[129.1128719,35.7351587],[129.1128692,35.7351579]]]]}},{"type":"Feature","properties":{"UFID":"100035905005A00110100000004518519"},"geometry":{"type":"MultiPolygon","coordinates":[[[[129.1203067,35.742297],[129.1202114,35.7422017],[129.1201135,35.7421076],[129.1200116,35.7420029],[129.1199754,35.741974],[129.1199653,35.7419687],[129.1199113,35.7419395],[129.1198929,35.741962],[129.1199471,35.7419914],[129.1199546,35.7419953],[129.1199869,35.742021],[129.1200879,35.7421248],[129.1201859,35.742219],[129.1202741,35.7423072],[129.1202748,35.742308],[129.1203067,35.742297]]]]}},{"type":"Feature","properties":{"UFID":"100035905005A00110100000004518520"},"geometry":{"type":"MultiPolygon","coordinates":[[[[129.1208878,35.7428703],[129.1208733,35.7428957],[129.1208757,35.7428963],[129.1208788,35.7428986],[129.1209171,35.7429335],[129.1209958,35.7430273],[129.1211111,35.743182],[129.1212081,35.7433158],[129.1213137,35.7434433],[129.1214579,35.7436132],[129.1215499,35.743719],[129.1215735,35.7437416],[129.1215827,35.7437439],[129.1215883,35.7437443],[129.1215911,35.7437456],[129.1216384,35.7437471],[129.1216471,35.7437469],[129.1216552,35.7437449],[129.121664,35.743742],[129.1216518,35.7437169],[129.1216441,35.7437194],[129.1216417,35.74372],[129.1216387,35.74372],[129.1216005,35.7437189],[129.1215975,35.7437175],[129.1215918,35.7437174],[129.1215762,35.7437024],[129.1214851,35.7435977],[129.1213411,35.7434281],[129.1212361,35.7433014],[129.1211396,35.7431681],[129.1210237,35.7430126],[129.1209433,35.7429168],[129.1209024,35.7428795],[129.1208963,35.742875],[129.1208878,35.7428703]]]]}},{"type":"Feature","properties":{"UFID":"100035905005A00110100000004518521"},"geometry":{"type":"MultiPolygon","coordinates":[[[[129.1249512,35.7440358],[129.1249376,35.743957],[129.1248768,35.7439641],[129.1248941,35.7440472],[129.1249512,35.7440358]]]]}},{"type":"Feature","properties":{"UFID":"100035905005A00110100000004518522"},"geometry":{"type":"MultiPolygon","coordinates":[[[[129.1248768,35.7439641],[129.1245718,35.7439998],[129.1245721,35.7440491],[129.1248422,35.7440187],[129.1248941,35.7440472],[129.1248768,35.7439641]]]]}},{"type":"Feature","properties":{"UFID":"100035905005A00110100000004518523"},"geometry":{"type":"MultiPolygon","coordinates":[[[[129.1249341,35.7442496],[129.1249059,35.7442773],[129.1246536,35.7443136],[129.1246545,35.7443632],[129.1249219,35.7443322],[129.1249344,35.7443391],[129.1249642,35.744363],[129.1249341,35.7442496]]]]}},{"type":"Feature","properties":{"UFID":"100035905005A00110100000004518524"},"geometry":{"type":"MultiPolygon","coordinates":[[[[129.1249651,35.7436107],[129.124951,35.743515],[129.1248672,35.7435311],[129.1248989,35.7436231],[129.1249651,35.7436107]]]]}},{"type":"Feature","properties":{"UFID":"100035905005A00110100000004518525"},"geometry":{"type":"MultiPolygon","coordinates":[[[[129.124951,35.743515],[129.1249469,35.7434867],[129.1249168,35.7434455],[129.1248777,35.7433627],[129.1248323,35.7432555],[129.1248144,35.7431917],[129.1247876,35.7430044],[129.124783,35.742946],[129.1247835,35.7428399],[129.1247237,35.742839],[129.1247224,35.7429508],[129.1247429,35.743099],[129.124767,35.7432667],[129.1248143,35.7434116],[129.1248672,35.7435311],[129.124951,35.743515]]]]}},{"type":"Feature","properties":{"UFID":"100035905005A00110100000004518526"},"geometry":{"type":"MultiPolygon","coordinates":[[[[129.1223768,35.7440859],[129.1223764,35.7440859],[129.1223696,35.7440833],[129.1223453,35.7440721],[129.1222644,35.7440228],[129.1221647,35.743951],[129.1221064,35.7438965],[129.12203,35.7438235],[129.1219594,35.7437585],[129.1218736,35.7437001],[129.1218642,35.7436972],[129.121858,35.7436946],[129.1218423,35.7436916],[129.1218347,35.7436904],[129.1218144,35.7436907],[129.1218149,35.7437177],[129.1218318,35.7437175],[129.1218355,35.7437181],[129.1218464,35.7437201],[129.1218505,35.7437219],[129.1218566,35.7437238],[129.1219362,35.7437779],[129.122005,35.7438412],[129.1220813,35.7439141],[129.1221412,35.7439701],[129.1222435,35.7440438],[129.1223271,35.7440948],[129.1223641,35.7441119],[129.1223849,35.7441144],[129.1223926,35.7441158],[129.1223952,35.7441163],[129.1223972,35.7441171],[129.1223768,35.7440859]]]]}},{"type":"Feature","properties":{"UFID":"100035905005A00110100000004518527"},"geometry":{"type":"MultiPolygon","coordinates":[[[[129.1168943,35.7386776],[129.1169283,35.7386894],[129.1169283,35.7386876],[129.1169346,35.7386821],[129.1169361,35.7386803],[129.1169704,35.7386843],[129.1169767,35.738685],[129.116983,35.7386865],[129.1171062,35.7387214],[129.1171976,35.738742],[129.1173111,35.7387636],[129.117318,35.7387364],[129.117315,35.7387366],[129.1172058,35.7387158],[129.1171161,35.7386956],[129.1169932,35.7386608],[129.1169836,35.7386584],[129.1169748,35.7386575],[129.1169237,35.7386515],[129.1169106,35.738663],[129.1169089,35.7386649],[129.1168943,35.7386776]]]]}},{"type":"Feature","properties":{"UFID":"100035905005A00110100000004518528"},"geometry":{"type":"MultiPolygon","coordinates":[[[[129.1158572,35.7381465],[129.1158552,35.7381458],[129.1158302,35.7381134],[129.115713,35.7379927],[129.1156654,35.7380372],[129.1158038,35.7381648],[129.1158442,35.738183],[129.1158504,35.738185],[129.1158572,35.7381465]]]]}},{"type":"Feature","properties":{"UFID":"100035905005A00110100000004518529"},"geometry":{"type":"MultiPolygon","coordinates":[[[[129.119452,35.7405536],[129.119451,35.7405544],[129.11945,35.740555],[129.1194439,35.7405544],[129.1194409,35.7405536],[129.1193909,35.7405274],[129.1193846,35.7405238],[129.1193241,35.7404794],[129.1192235,35.7403515],[129.1190657,35.7401407],[129.1189878,35.7400495],[129.1189683,35.7400297],[129.1189443,35.7400298],[129.1188901,35.7400818],[129.1189153,35.7400993],[129.1189559,35.7400603],[129.1189612,35.7400657],[129.1190379,35.7401555],[129.1191954,35.7403658],[129.1192985,35.740497],[129.1193639,35.7405451],[129.1193725,35.7405499],[129.1194265,35.7405782],[129.1194349,35.7405805],[129.1194724,35.7405879],[129.1194883,35.7405931],[129.119452,35.7405536]]]]}},{"type":"Feature","properties":{"UFID":"100035905005A00110100000004518530"},"geometry":{"type":"MultiPolygon","coordinates":[[[[129.1128211,35.7358676],[129.1127946,35.7358296],[129.1127933,35.7358342],[129.1127913,35.7358391],[129.1127902,35.7358407],[129.1127887,35.7358415],[129.1128146,35.735878],[129.1128173,35.7358688],[129.1128187,35.7358671],[129.1128211,35.7358676]]]]}},{"type":"Feature","properties":{"UFID":"100035905005A00110100000004518531"},"geometry":{"type":"MultiPolygon","coordinates":[[[[129.1158572,35.7381465],[129.115903,35.7381716],[129.115902,35.7381707],[129.1159013,35.7381696],[129.1158994,35.7381653],[129.1158864,35.7381197],[129.1158842,35.7380988],[129.1158626,35.7380151],[129.1158601,35.7380078],[129.1158626,35.738006],[129.1158669,35.7380054],[129.1158725,35.7380054],[129.1158772,35.7380062],[129.1158803,35.7380072],[129.1159006,35.7380668],[129.1159045,35.7380747],[129.1159847,35.738165],[129.1159919,35.7381705],[129.1160523,35.7382044],[129.1163252,35.7383482],[129.1165471,35.7384476],[129.1166324,35.73845],[129.1166393,35.7384492],[129.1168283,35.738399],[129.1170064,35.7383609],[129.1171948,35.7383213],[129.1172088,35.738315],[129.1172243,35.7383073],[129.1172512,35.7382722],[129.1172537,35.7382591],[129.1172556,35.7382546],[129.117256,35.7382432],[129.1172543,35.738234],[129.1172282,35.7381792],[129.1171554,35.7380587],[129.1171347,35.7380386],[129.1171093,35.738056],[129.1171274,35.7380736],[129.1171978,35.7381901],[129.117222,35.7382409],[129.1172227,35.7382448],[129.1172226,35.7382498],[129.1172214,35.7382526],[129.1172195,35.7382625],[129.1172003,35.7382876],[129.1171922,35.7382916],[129.1171825,35.738296],[129.1169981,35.7383347],[129.1168189,35.738373],[129.1166319,35.7384228],[129.1166308,35.7384229],[129.1165562,35.7384208],[129.1163422,35.738325],[129.1160707,35.7381819],[129.1160129,35.7381494],[129.1160097,35.738147],[129.1159338,35.7380616],[129.1159321,35.7380582],[129.1159097,35.7379926],[129.1159023,35.7379854],[129.1158871,35.7379803],[129.115876,35.7379783],[129.115864,35.7379783],[129.1158479,35.7379807],[129.1158323,35.7379916],[129.1158271,35.7379994],[129.1158251,35.7380065],[129.1158304,35.7380216],[129.1158513,35.7381028],[129.1158536,35.738124],[129.1158573,35.7381369],[129.1158584,35.7381449],[129.1158584,35.738146],[129.1158572,35.7381465]]]]}},{"type":"Feature","properties":{"UFID":"100035905005A00110100000004518532"},"geometry":{"type":"MultiPolygon","coordinates":[[[[129.1097494,35.7371029],[129.109803,35.7372023],[129.1098085,35.7371833],[129.1098117,35.7371783],[129.1098187,35.7371721],[129.1098263,35.7371666],[129.1098638,35.7371503],[129.1098867,35.7371477],[129.1098987,35.7371469],[129.1099146,35.7371455],[129.1100696,35.737125],[129.1100844,35.737124],[129.1101917,35.7371182],[129.1101895,35.7370912],[129.1100819,35.737097],[129.1100655,35.7370981],[129.1099101,35.7371187],[129.1098956,35.73712],[129.1098832,35.7371208],[129.1098776,35.7371214],[129.1098015,35.7371196],[129.1097834,35.7371182],[129.1097494,35.7371029]]]]}},{"type":"Feature","properties":{"UFID":"100035905005A00110100000004518533"},"geometry":{"type":"MultiPolygon","coordinates":[[[[129.1116834,35.7346427],[129.1116596,35.7346222],[129.1116003,35.734676],[129.1116166,35.73469],[129.1116344,35.7347054],[129.1116834,35.7346427]]]]}},{"type":"Feature","properties":{"UFID":"100035905005A00110100000004518534"},"geometry":{"type":"MultiPolygon","coordinates":[[[[129.1127887,35.7358415],[129.1127609,35.735804],[129.1127458,35.7357839],[129.1127167,35.7357414],[129.1126373,35.7356332],[129.1126131,35.735599],[129.1125454,35.7355021],[129.1124729,35.735398],[129.1124466,35.7353624],[129.1123905,35.7352914],[129.1123273,35.7352186],[129.1122569,35.7351465],[129.1121785,35.7350734],[129.1121357,35.7350339],[129.1120009,35.7349159],[129.1118805,35.7348116],[129.1117407,35.7346924],[129.1116834,35.7346427],[129.1116344,35.7347054],[129.1116765,35.734742],[129.1118164,35.7348612],[129.1119363,35.7349651],[129.1120701,35.7350823],[129.1121121,35.735121],[129.112189,35.7351927],[129.1122565,35.7352619],[129.1123172,35.7353317],[129.1123715,35.7354006],[129.1123966,35.7354344],[129.1124685,35.7355378],[129.1125364,35.7356348],[129.112561,35.7356697],[129.1126402,35.7357776],[129.1126695,35.7358202],[129.1126853,35.7358414],[129.1127276,35.7358986],[129.1127887,35.7358415]]]]}},{"type":"Feature","properties":{"UFID":"100035905005A00110100000004518535"},"geometry":{"type":"MultiPolygon","coordinates":[[[[129.1128146,35.735878],[129.1127887,35.7358415],[129.1127276,35.7358986],[129.1127287,35.7359],[129.1127484,35.7359298],[129.1127683,35.7359605],[129.1128146,35.735878]]]]}},{"type":"Feature","properties":{"UFID":"100035905005A00110100000004518536"},"geometry":{"type":"MultiPolygon","coordinates":[[[[129.1162324,35.7384511],[129.1161857,35.7384365],[129.1159655,35.7383562],[129.1157194,35.7382453],[129.1156303,35.7381901],[129.115625,35.738187],[129.1155163,35.7380982],[129.115356,35.7379422],[129.1152334,35.7378078],[129.1150279,35.7375853],[129.114895,35.7374549],[129.114683,35.7372897],[129.1145294,35.737185],[129.1142684,35.7370454],[129.1140198,35.7369323],[129.1138994,35.7368855],[129.1137843,35.736843],[129.1136386,35.7367928],[129.1135061,35.7367402],[129.1134964,35.7367376],[129.1134152,35.736699],[129.1133534,35.7366595],[129.1132891,35.7366039],[129.1132142,35.7365233],[129.113186,35.7364834],[129.1131361,35.7364024],[129.1130834,35.7363132],[129.1130345,35.7362293],[129.1129761,35.7361319],[129.1129176,35.7360391],[129.1128902,35.735994],[129.1128264,35.7358958],[129.1128146,35.735878],[129.1127683,35.7359605],[129.1128115,35.736027],[129.1128387,35.7360716],[129.1128971,35.7361642],[129.1129548,35.7362606],[129.1130036,35.7363443],[129.1130567,35.7364342],[129.1131081,35.7365177],[129.1131404,35.7365632],[129.1132214,35.7366506],[129.1132936,35.7367129],[129.1133654,35.7367588],[129.1134598,35.7368036],[129.1134727,35.7368072],[129.113602,35.7368584],[129.1137488,35.7369091],[129.1138621,35.7369509],[129.1139792,35.7369964],[129.1142225,35.7371071],[129.1144766,35.737243],[129.114624,35.7373435],[129.1148302,35.7375041],[129.1149586,35.73763],[129.1151626,35.737851],[129.1152866,35.7379869],[129.115451,35.7381469],[129.1155677,35.7382423],[129.115578,35.7382482],[129.115671,35.7383058],[129.115926,35.7384208],[129.1161518,35.7385031],[129.1162322,35.7385282],[129.1162324,35.7384511]]]]}},{"type":"Feature","properties":{"UFID":"100035905005A00110100000004518537"},"geometry":{"type":"MultiPolygon","coordinates":[[[[129.115903,35.7381716],[129.1158572,35.7381465],[129.1158504,35.738185],[129.1158794,35.7381942],[129.1158905,35.7381971],[129.1158992,35.7381987],[129.115901,35.7381992],[129.115903,35.7381716]]]]}},{"type":"Feature","properties":{"UFID":"100035905005A00110100000004518538"},"geometry":{"type":"MultiPolygon","coordinates":[[[[129.115903,35.7381716],[129.115901,35.7381992],[129.1159231,35.7382166],[129.1160593,35.7383226],[129.1161154,35.738362],[129.1162319,35.7384499],[129.1162324,35.7384511],[129.1162784,35.7384654],[129.1162762,35.7384619],[129.1162589,35.7384334],[129.1161375,35.7383418],[129.1160816,35.7383025],[129.1159461,35.7381971],[129.1159182,35.7381751],[129.11591,35.7381731],[129.1159052,35.7381724],[129.115903,35.7381716]]]]}},{"type":"Feature","properties":{"UFID":"100035905005A00110100000004518539"},"geometry":{"type":"MultiPolygon","coordinates":[[[[129.1162784,35.7384654],[129.1162324,35.7384511],[129.1162322,35.7385282],[129.1162682,35.7385395],[129.1163225,35.7385575],[129.1162784,35.7384654]]]]}},{"type":"Feature","properties":{"UFID":"100035905005A00110100000004518540"},"geometry":{"type":"MultiPolygon","coordinates":[[[[129.1168943,35.7386776],[129.1167106,35.738612],[129.1165607,35.7385611],[129.1164489,35.7385216],[129.1163007,35.7384724],[129.1162784,35.7384654],[129.1163225,35.7385575],[129.1164146,35.7385881],[129.1165261,35.7386274],[129.1166723,35.7386771],[129.1167028,35.7387107],[129.1167209,35.7387462],[129.1167249,35.7387564],[129.1167867,35.7388082],[129.1168943,35.7386776]]]]}},{"type":"Feature","properties":{"UFID":"100035905005A00110100000004518541"},"geometry":{"type":"MultiPolygon","coordinates":[[[[129.1169283,35.7386894],[129.1168943,35.7386776],[129.1167867,35.7388082],[129.1167996,35.738814],[129.1168116,35.7388151],[129.116822,35.7388165],[129.116837,35.7388181],[129.1169283,35.7386894]]]]}},{"type":"Feature","properties":{"UFID":"100035905005A00110100000004518542"},"geometry":{"type":"MultiPolygon","coordinates":[[[[129.1178674,35.7390183],[129.1176371,35.7389377],[129.1173086,35.7388171],[129.1170674,35.7387375],[129.1169283,35.7386894],[129.116837,35.7388181],[129.1169833,35.7388112],[129.1170145,35.7388094],[129.1170303,35.7388091],[129.1170598,35.7388128],[129.1172738,35.7388834],[129.1176015,35.7390037],[129.1178474,35.7390897],[129.1178674,35.7390183]]]]}},{"type":"Feature","properties":{"UFID":"100035905005A00110100000004518543"},"geometry":{"type":"MultiPolygon","coordinates":[[[[129.1178674,35.7390183],[129.1179151,35.7390358],[129.1179138,35.7390325],[129.1179118,35.7390274],[129.1178897,35.7389919],[129.1178853,35.7389869],[129.1178469,35.738958],[129.1177821,35.7389267],[129.1177242,35.7388946],[129.1176818,35.738863],[129.117658,35.73884],[129.117623,35.738812],[129.1176027,35.7388337],[129.1176336,35.7388584],[129.1176578,35.7388818],[129.1177035,35.7389159],[129.1177643,35.7389496],[129.117827,35.7389798],[129.1178603,35.7390049],[129.1178613,35.739006],[129.1178645,35.7390111],[129.1178674,35.7390183]]]]}},{"type":"Feature","properties":{"UFID":"100035905005A00110100000004518544"},"geometry":{"type":"MultiPolygon","coordinates":[[[[129.1195372,35.7405192],[129.1195297,35.7405117],[129.1194229,35.7403734],[129.119316,35.7401839],[129.1192663,35.7400429],[129.119223,35.7399463],[129.1191406,35.7398073],[129.1190748,35.7397277],[129.1189502,35.739605],[129.1187998,35.7394803],[129.1186331,35.7393703],[129.1184093,35.7392552],[129.1182011,35.7391609],[129.1179612,35.7390542],[129.1179332,35.7390431],[129.1179151,35.7390358],[129.1179206,35.7391183],[129.1181585,35.739224],[129.1183642,35.7393172],[129.1185815,35.7394291],[129.1187403,35.7395338],[129.1188845,35.7396534],[129.1190039,35.7397709],[129.1190638,35.7398434],[129.1191414,35.7399744],[129.1191821,35.7400652],[129.1192329,35.7402091],[129.119345,35.7404078],[129.1194271,35.7405142],[129.1194417,35.7405357],[129.119452,35.7405523],[129.119452,35.7405536],[129.1195372,35.7405192]]]]}},{"type":"Feature","properties":{"UFID":"100035905005A00110100000004518545"},"geometry":{"type":"MultiPolygon","coordinates":[[[[129.1195372,35.7405192],[129.119452,35.7405536],[129.1194883,35.7405931],[129.1196192,35.7406],[129.1195841,35.7405663],[129.1195372,35.7405192]]]]}},{"type":"Feature","properties":{"UFID":"100035905005A00110100000004518546"},"geometry":{"type":"MultiPolygon","coordinates":[[[[129.1224597,35.7440536],[129.1223768,35.7440859],[129.1223972,35.7441171],[129.1225743,35.7441316],[129.1224943,35.7440907],[129.1224938,35.7440904],[129.1224883,35.7440859],[129.1224857,35.744083],[129.1224597,35.7440536]]]]}},{"type":"Feature","properties":{"UFID":"100035905005A00110100000004518547"},"geometry":{"type":"MultiPolygon","coordinates":[[[[129.1179151,35.7390358],[129.1178674,35.7390183],[129.1178474,35.7390897],[129.1178617,35.7390948],[129.1178943,35.7391078],[129.1179008,35.7391104],[129.1179206,35.7391183],[129.1179151,35.7390358]]]]}},{"type":"Feature","properties":{"UFID":"100035905005A00110100000004518548"},"geometry":{"type":"MultiPolygon","coordinates":[[[[129.109803,35.7372023],[129.1097494,35.7371029],[129.1096986,35.7371065],[129.1097184,35.737137],[129.1097348,35.7371613],[129.1097685,35.7372078],[129.109803,35.7372023]]]]}},{"type":"Feature","properties":{"UFID":"100035905005A00110100000004518549"},"geometry":{"type":"MultiPolygon","coordinates":[[[[129.1097494,35.7371029],[129.1097401,35.7370932],[129.1097077,35.7370579],[129.1096904,35.7370196],[129.1096598,35.7369276],[129.10962,35.7368297],[129.1095762,35.7367294],[129.1095756,35.7367283],[129.1095382,35.7366522],[129.1095355,35.7366478],[129.1095028,35.7366586],[129.1095038,35.7366586],[129.1095048,35.7366587],[129.1095056,35.7366594],[129.1095079,35.7366633],[129.1095451,35.736739],[129.1095455,35.7367397],[129.1095887,35.7368385],[129.109628,35.7369354],[129.1096588,35.7370278],[129.1096845,35.7370848],[129.1096986,35.7371065],[129.1097494,35.7371029]]]]}},{"type":"Feature","properties":{"UFID":"100035905005A00110100000004518550"},"geometry":{"type":"MultiPolygon","coordinates":[[[[129.1096363,35.7344181],[129.1096362,35.7343517],[129.1096368,35.7343469],[129.1096367,35.7343385],[129.1096386,35.7343161],[129.1096015,35.7343769],[129.1096005,35.7344942],[129.1096363,35.7344181]]]]}},{"type":"Feature","properties":{"UFID":"100035905005A00110100000004518551"},"geometry":{"type":"MultiPolygon","coordinates":[[[[129.1112755,35.7333634],[129.1112641,35.7333241],[129.1112501,35.7333422],[129.1112372,35.733346],[129.1112463,35.7333839],[129.1112755,35.7333634]]]]}},{"type":"Feature","properties":{"UFID":"100035905005A00110100000004518552"},"geometry":{"type":"MultiPolygon","coordinates":[[[[129.1117595,35.7331449],[129.1117568,35.7331173],[129.1117533,35.733118],[129.1116447,35.7331368],[129.1116006,35.7331491],[129.1115007,35.7331757],[129.1114078,35.7332026],[129.1113472,35.7332277],[129.11132,35.7332475],[129.1113147,35.733252],[129.1112801,35.7333001],[129.1112743,35.7333103],[129.1112711,35.733315],[129.1112641,35.7333241],[129.1112755,35.7333634],[129.1112779,35.7333569],[129.1112997,35.7333287],[129.1113039,35.7333225],[129.1113095,35.7333128],[129.1113414,35.7332684],[129.1113431,35.7332669],[129.111366,35.7332502],[129.1114209,35.7332275],[129.1115114,35.7332013],[129.1116111,35.7331747],[129.1116535,35.733163],[129.1117565,35.7331451],[129.1117595,35.7331449]]]]}},{"type":"Feature","properties":{"UFID":"100035905005A00110100000004518553"},"geometry":{"type":"MultiPolygon","coordinates":[[[[129.1118731,35.7331252],[129.1118652,35.7330983],[129.1118652,35.7330988],[129.1118647,35.7330992],[129.1118595,35.7331005],[129.1118038,35.7331088],[129.1118012,35.7331098],[129.1117941,35.733111],[129.1117993,35.7331396],[129.1118006,35.7331385],[129.1118065,35.7331365],[129.1118117,35.7331356],[129.111814,35.7331348],[129.1118679,35.7331267],[129.1118731,35.7331252]]]]}},{"type":"Feature","properties":{"UFID":"100035905005A00110100000004518554"},"geometry":{"type":"MultiPolygon","coordinates":[[[[129.1117993,35.7331396],[129.1117941,35.733111],[129.1117631,35.7331161],[129.1117568,35.7331173],[129.1117595,35.7331449],[129.1117993,35.7331396]]]]}},{"type":"Feature","properties":{"UFID":"100035905005A00110100000004518555"},"geometry":{"type":"MultiPolygon","coordinates":[[[[129.1119047,35.7331163],[129.1118972,35.7330892],[129.1118652,35.7330983],[129.1118731,35.7331252],[129.1119047,35.7331163]]]]}},{"type":"Feature","properties":{"UFID":"100035905005A00110100000004518556"},"geometry":{"type":"MultiPolygon","coordinates":[[[[129.1117993,35.7331396],[129.1117595,35.7331449],[129.1117614,35.7331457],[129.1117624,35.7331473],[129.1117659,35.733153],[129.1117664,35.7331564],[129.1117795,35.7331874],[129.1117853,35.733197],[129.1117913,35.7332027],[129.1118297,35.7332287],[129.1118508,35.7332079],[129.1118147,35.7331834],[129.1118132,35.733182],[129.1118101,35.733177],[129.1117989,35.7331504],[129.1117983,35.7331465],[129.1117991,35.7331413],[129.1117993,35.7331396]]]]}},{"type":"Feature","properties":{"UFID":"100035905005A00110100000004518557"},"geometry":{"type":"MultiPolygon","coordinates":[[[[129.1088874,35.7267547],[129.1088868,35.7267538],[129.1088608,35.7266961],[129.1088024,35.7265715],[129.1087861,35.7265359],[129.108753,35.7264503],[129.1087275,35.726359],[129.1087094,35.7262736],[129.1087005,35.7261898],[129.1086903,35.7260873],[129.1086746,35.7259884],[129.1086561,35.725888],[129.1086396,35.7258078],[129.1086292,35.7257694],[129.1086061,35.7258101],[129.108607,35.725813],[129.1086233,35.7258923],[129.1086417,35.7259921],[129.1086573,35.7260901],[129.1086674,35.7261921],[129.1086765,35.7262771],[129.108695,35.7263644],[129.108721,35.7264574],[129.1087547,35.7265447],[129.1087714,35.7265811],[129.1088298,35.7267056],[129.1088571,35.7267663],[129.1088766,35.7268014],[129.1088874,35.7267547]]]]}},{"type":"Feature","properties":{"UFID":"100035905005A00110100000004518558"},"geometry":{"type":"MultiPolygon","coordinates":[[[[129.1089114,35.7267941],[129.1088874,35.7267547],[129.1088766,35.7268014],[129.1088789,35.7268326],[129.1088815,35.7268463],[129.1089114,35.7267941]]]]}},{"type":"Feature","properties":{"UFID":"100035905005A00110100000004518559"},"geometry":{"type":"MultiPolygon","coordinates":[[[[129.1086292,35.7257694],[129.1086185,35.7257299],[129.108618,35.7257268],[129.1085899,35.7257682],[129.1086061,35.7258101],[129.1086292,35.7257694]]]]}},{"type":"Feature","properties":{"UFID":"100035905005A00110100000004518560"},"geometry":{"type":"MultiPolygon","coordinates":[[[[129.1086061,35.7258101],[129.1085899,35.7257682],[129.1085669,35.7258105],[129.1085647,35.7258148],[129.1085592,35.725913],[129.1085576,35.7259292],[129.1085543,35.7259472],[129.1085331,35.7259797],[129.1085623,35.7259924],[129.1085863,35.7259558],[129.1085906,35.7259322],[129.1085923,35.7259147],[129.1085975,35.7258208],[129.1086015,35.7258135],[129.1086034,35.7258109],[129.1086041,35.7258104],[129.1086053,35.7258101],[129.1086061,35.7258101]]]]}},{"type":"Feature","properties":{"UFID":"100035905005A00110100000004518561"},"geometry":{"type":"MultiPolygon","coordinates":[[[[129.1088874,35.7267547],[129.1089114,35.7267941],[129.1089232,35.7267582],[129.1089259,35.7266556],[129.1089341,35.7265633],[129.1089528,35.7264816],[129.1089745,35.7264042],[129.1089862,35.7263269],[129.1089994,35.726209],[129.109005,35.7261858],[129.1090148,35.7261674],[129.1090247,35.7261552],[129.1090398,35.7261469],[129.1090736,35.7261379],[129.109093,35.7261365],[129.1091007,35.7261361],[129.1091337,35.7261421],[129.1092313,35.7261734],[129.1092764,35.7261962],[129.1094056,35.7262951],[129.1094276,35.7262741],[129.1092919,35.7261761],[129.1092606,35.7261541],[129.1091848,35.7261249],[129.1091089,35.7261013],[129.1090965,35.7261002],[129.1090761,35.7261001],[129.1090632,35.7261011],[129.1090234,35.7261114],[129.1089979,35.7261288],[129.1089853,35.7261399],[129.1089784,35.7261488],[129.1089716,35.7261592],[129.1089688,35.7261666],[129.108967,35.7261715],[129.1089664,35.7262066],[129.1089533,35.726324],[129.1089418,35.7263995],[129.1089203,35.7264761],[129.1089012,35.7265598],[129.1088927,35.7266544],[129.1088902,35.7267513],[129.1088901,35.7267529],[129.1088899,35.7267537],[129.1088892,35.7267543],[129.1088883,35.7267547],[129.1088874,35.7267547]]]]}},{"type":"Feature","properties":{"UFID":"100035905005A00110100000004518562"},"geometry":{"type":"MultiPolygon","coordinates":[[[[129.1090893,35.7272789],[129.1090885,35.7272788],[129.1090879,35.7272785],[129.1090866,35.727276],[129.1090801,35.7272592],[129.1090371,35.7271693],[129.1089819,35.7270651],[129.1089371,35.7269724],[129.1089269,35.7269498],[129.1089183,35.7269029],[129.1089145,35.7268436],[129.1089119,35.7268297],[129.10891,35.7268033],[129.1089114,35.7267941],[129.1088815,35.7268463],[129.1088853,35.7269056],[129.1088946,35.7269565],[129.1089061,35.726982],[129.1089512,35.7270754],[129.1090064,35.7271795],[129.1090488,35.7272682],[129.1090601,35.7272975],[129.1090655,35.7273109],[129.1090893,35.7272789]]]]}},{"type":"Feature","properties":{"UFID":"100035905005A00110100000004518563"},"geometry":{"type":"MultiPolygon","coordinates":[[[[129.109105,35.7273205],[129.1090893,35.7272789],[129.1090655,35.7273109],[129.1090761,35.7273374],[129.1090797,35.7273505],[129.109105,35.7273205]]]]}},{"type":"Feature","properties":{"UFID":"100035905005A00110100000004518564"},"geometry":{"type":"MultiPolygon","coordinates":[[[[129.109088,35.7270255],[129.1090589,35.7270557],[129.1090668,35.7270992],[129.1090985,35.727188],[129.1090922,35.7272738],[129.1090918,35.7272774],[129.1090902,35.7272786],[129.1090893,35.7272789],[129.109105,35.7273205],[129.1091052,35.7273191],[129.1091072,35.7273131],[129.1091236,35.7272855],[129.1091247,35.7272822],[129.1091319,35.727185],[129.1090993,35.7270934],[129.1090877,35.7270296],[129.1090875,35.7270275],[129.109088,35.7270255]]]]}},{"type":"Feature","properties":{"UFID":"100035905005A00110100000004518565"},"geometry":{"type":"MultiPolygon","coordinates":[[[[129.108982,35.7278626],[129.1089822,35.7278606],[129.1089835,35.7278581],[129.1090147,35.7277837],[129.1090772,35.7276436],[129.1090972,35.7275938],[129.1091251,35.7275209],[129.1091264,35.7275136],[129.1091274,35.7275075],[129.1091324,35.7274594],[129.1091323,35.7274511],[129.1091322,35.7274482],[129.1091253,35.7273932],[129.1091081,35.7273303],[129.1091054,35.7273234],[129.109105,35.7273205],[129.1090797,35.7273505],[129.1090926,35.7273976],[129.1090991,35.7274499],[129.1090991,35.7274516],[129.1090992,35.7274584],[129.1090944,35.7275046],[129.1090935,35.7275099],[129.1090926,35.7275149],[129.1090656,35.7275856],[129.1090458,35.7276347],[129.1089834,35.7277747],[129.1089524,35.7278486],[129.108944,35.7278656],[129.108982,35.7278626]]]]}},{"type":"Feature","properties":{"UFID":"100035905005A00110100000004518566"},"geometry":{"type":"MultiPolygon","coordinates":[[[[129.1089692,35.7278962],[129.108982,35.7278626],[129.108944,35.7278656],[129.1089362,35.7278813],[129.1089348,35.727884],[129.1089205,35.727903],[129.1089692,35.7278962]]]]}},{"type":"Feature","properties":{"UFID":"100035905005A00110100000004518567"},"geometry":{"type":"MultiPolygon","coordinates":[[[[129.1090801,35.7269908],[129.1090787,35.7269909],[129.1090775,35.7269892],[129.1090762,35.7269836],[129.1090636,35.7269191],[129.1090566,35.7268284],[129.1090496,35.7267276],[129.109044,35.7266314],[129.1090434,35.7266143],[129.1090431,35.7265912],[129.1090432,35.7265836],[129.1090435,35.7265641],[129.1090452,35.7265491],[129.109055,35.7265175],[129.1090603,35.7265058],[129.1090852,35.7264807],[129.1091205,35.7264586],[129.1091321,35.7264543],[129.1091418,35.7264518],[129.1092045,35.726432],[129.1092453,35.726422],[129.1093582,35.7263964],[129.1094063,35.7263941],[129.1094146,35.7263947],[129.1094215,35.7263952],[129.1094656,35.7264003],[129.1094792,35.7264011],[129.1094876,35.7264019],[129.1094914,35.726375],[129.1094824,35.7263742],[129.1094692,35.7263734],[129.1094252,35.7263684],[129.1094176,35.7263678],[129.1094068,35.726367],[129.1093528,35.7263696],[129.1092361,35.726396],[129.1091937,35.7264064],[129.1091309,35.7264262],[129.1091201,35.726429],[129.1091032,35.7264354],[129.1090619,35.7264612],[129.1090312,35.7264922],[129.1090233,35.7265094],[129.1090124,35.7265445],[129.1090104,35.7265627],[129.10901,35.7265833],[129.1090099,35.7265913],[129.1090103,35.7266148],[129.1090108,35.7266324],[129.1090165,35.726729],[129.1090235,35.72683],[129.1090306,35.7269221],[129.1090435,35.7269885],[129.1090501,35.7270146],[129.1090801,35.7269908]]]]}},{"type":"Feature","properties":{"UFID":"100035905005A00110100000004518568"},"geometry":{"type":"MultiPolygon","coordinates":[[[[129.109088,35.7270255],[129.1090801,35.7269908],[129.1090501,35.7270146],[129.1090547,35.7270325],[129.1090589,35.7270557],[129.109088,35.7270255]]]]}},{"type":"Feature","properties":{"UFID":"100035905005A00110100000004518569"},"geometry":{"type":"MultiPolygon","coordinates":[[[[129.1090801,35.7269908],[129.109088,35.7270255],[129.1090892,35.7270235],[129.1090926,35.7270204],[129.1091278,35.7269921],[129.1091919,35.7269548],[129.1091727,35.7269328],[129.1091063,35.7269713],[129.1090862,35.7269875],[129.109083,35.7269898],[129.1090801,35.7269908]]]]}},{"type":"Feature","properties":{"UFID":"100035905005A00110100000004518570"},"geometry":{"type":"MultiPolygon","coordinates":[[[[129.1136565,35.7309899],[129.113658,35.7309853],[129.1136774,35.7309389],[129.113686,35.7309114],[129.1136956,35.7308624],[129.1137016,35.7308396],[129.1137018,35.7308393],[129.1137067,35.7308343],[129.1137175,35.7308256],[129.1137201,35.7308242],[129.1137425,35.7308141],[129.113754,35.7308109],[129.1137648,35.7308087],[129.1138187,35.7307985],[129.1138758,35.7307903],[129.1138828,35.7307896],[129.1139444,35.7307787],[129.1139506,35.7307776],[129.1140053,35.7307638],[129.1140209,35.7307597],[129.114096,35.7307367],[129.1141825,35.7307107],[129.1141711,35.7306853],[129.1140844,35.7307113],[129.11401,35.7307342],[129.1139953,35.7307381],[129.1139421,35.7307514],[129.1139373,35.7307523],[129.1138773,35.7307629],[129.1138709,35.7307636],[129.1138121,35.730772],[129.1137571,35.7307824],[129.1137445,35.7307849],[129.1137291,35.7307893],[129.1137028,35.730801],[129.1136964,35.7308045],[129.1136821,35.7308161],[129.1136723,35.7308259],[129.1136696,35.7308324],[129.113663,35.7308574],[129.1136535,35.730906],[129.1136456,35.7309312],[129.1136215,35.7309889],[129.1136193,35.7309917],[129.1136565,35.7309899]]]]}},{"type":"Feature","properties":{"UFID":"100035905005A00110100000004518571"},"geometry":{"type":"MultiPolygon","coordinates":[[[[129.1136565,35.7309899],[129.1136193,35.7309917],[129.1136339,35.7310188],[129.1136706,35.731024],[129.1136565,35.7309899]]]]}},{"type":"Feature","properties":{"UFID":"100035905005A00110100000004518572"},"geometry":{"type":"MultiPolygon","coordinates":[[[[129.1136565,35.7309899],[129.1136706,35.731024],[129.1136713,35.7310225],[129.1136729,35.7310212],[129.1136752,35.7310216],[129.1137064,35.7310284],[129.1137547,35.7310418],[129.1137654,35.7310162],[129.1137161,35.7310025],[129.1136704,35.7309925],[129.1136604,35.730992],[129.1136581,35.7309917],[129.1136571,35.7309908],[129.1136565,35.7309899]]]]}},{"type":"Feature","properties":{"UFID":"100035905005A00110100000004518573"},"geometry":{"type":"MultiPolygon","coordinates":[[[[129.1128558,35.7309952],[129.1128459,35.7309271],[129.1128428,35.7309338],[129.1128416,35.7309378],[129.1128249,35.730975],[129.1128181,35.7309864],[129.1128203,35.7310309],[129.1128558,35.7309952]]]]}},{"type":"Feature","properties":{"UFID":"100035905005A00110100000004518574"},"geometry":{"type":"MultiPolygon","coordinates":[[[[129.1128558,35.7309952],[129.1128203,35.7310309],[129.1128208,35.7310311],[129.1128212,35.7310328],[129.1128213,35.7310377],[129.1128222,35.731068],[129.1128553,35.7310674],[129.1128545,35.731037],[129.1128534,35.7310054],[129.1128558,35.7309952]]]]}},{"type":"Feature","properties":{"UFID":"100035905005A00110100000004518575"},"geometry":{"type":"MultiPolygon","coordinates":[[[[129.1136706,35.731024],[129.1136339,35.7310188],[129.1136349,35.7310196],[129.1136366,35.7310247],[129.1136489,35.7310689],[129.1136494,35.7310713],[129.1136503,35.7310757],[129.1136508,35.7310801],[129.1136513,35.731084],[129.1136482,35.7311716],[129.1136499,35.7311821],[129.113651,35.7311875],[129.1136574,35.7311996],[129.1136832,35.7312335],[129.113732,35.7312965],[129.1138572,35.7314275],[129.1138925,35.7314559],[129.1139028,35.7314585],[129.113912,35.7314596],[129.1139407,35.731459],[129.1139534,35.7314544],[129.1140121,35.7313915],[129.1140864,35.7312647],[129.1141207,35.7312391],[129.1141249,35.7312378],[129.1141481,35.7312346],[129.1141634,35.7312333],[129.1142297,35.731234],[129.1142302,35.731207],[129.1141619,35.7312062],[129.1141436,35.7312078],[129.1141161,35.7312116],[129.1141029,35.7312158],[129.1140593,35.7312483],[129.1139836,35.7313774],[129.1139325,35.7314321],[129.113914,35.7314326],[129.1139103,35.7314321],[129.113882,35.7314095],[129.1137592,35.7312809],[129.1137113,35.7312191],[129.1136869,35.7311871],[129.113683,35.7311797],[129.1136827,35.731178],[129.1136814,35.7311702],[129.1136845,35.7310831],[129.1136838,35.7310775],[129.1136832,35.7310723],[129.1136821,35.7310666],[129.1136813,35.7310634],[129.1136713,35.7310269],[129.1136706,35.731024]]]]}},{"type":"Feature","properties":{"UFID":"100035905005A00110100000004518576"},"geometry":{"type":"MultiPolygon","coordinates":[[[[129.1126801,35.7312647],[129.1126639,35.7312543],[129.1126626,35.7312531],[129.1126573,35.7312384],[129.1126376,35.7312714],[129.1126664,35.7312904],[129.1126801,35.7312647]]]]}},{"type":"Feature","properties":{"UFID":"100035905005A00110100000004518577"},"geometry":{"type":"MultiPolygon","coordinates":[[[[129.1126573,35.7312384],[129.1126493,35.7312166],[129.1126385,35.73117],[129.1126385,35.731168],[129.1126385,35.7311632],[129.1126388,35.7311571],[129.1126057,35.7311762],[129.1126065,35.7311775],[129.112617,35.7312229],[129.112632,35.731264],[129.1126351,35.7312686],[129.1126364,35.7312698],[129.1126376,35.7312714],[129.1126573,35.7312384]]]]}},{"type":"Feature","properties":{"UFID":"100035905005A00110100000004518578"},"geometry":{"type":"MultiPolygon","coordinates":[[[[129.1126664,35.7312904],[129.1126376,35.7312714],[129.1126377,35.7312729],[129.1126367,35.7312757],[129.1126326,35.7312855],[129.1126305,35.7312919],[129.1126277,35.7313022],[129.1126601,35.7313081],[129.1126628,35.7312982],[129.1126643,35.7312933],[129.1126654,35.7312908],[129.1126656,35.7312905],[129.1126658,35.7312904],[129.1126662,35.7312903],[129.1126664,35.7312904]]]]}},{"type":"Feature","properties":{"UFID":"100035905005A00110100000004518579"},"geometry":{"type":"MultiPolygon","coordinates":[[[[129.1126388,35.7311571],[129.1126394,35.7311467],[129.1126399,35.7311411],[129.1126407,35.7311389],[129.1126467,35.7311241],[129.1126508,35.7311113],[129.112607,35.7311364],[129.1126057,35.7311762],[129.1126388,35.7311571]]]]}},{"type":"Feature","properties":{"UFID":"100035905005A00110100000004518580"},"geometry":{"type":"MultiPolygon","coordinates":[[[[129.1126057,35.7311762],[129.112607,35.7311364],[129.1126038,35.7311401],[129.1126005,35.7311423],[129.1125954,35.7311449],[129.112592,35.7311485],[129.1125467,35.7311828],[129.1125692,35.7312026],[129.1126027,35.7311773],[129.1126042,35.7311765],[129.112605,35.7311763],[129.1126057,35.7311762]]]]}},{"type":"Feature","properties":{"UFID":"100035905005A00110100000004518581"},"geometry":{"type":"MultiPolygon","coordinates":[[[[129.1126735,35.7310329],[129.1126651,35.7310349],[129.112658,35.7310343],[129.1126475,35.7310339],[129.1126413,35.7310326],[129.1126306,35.7310632],[129.1126643,35.7310697],[129.1126735,35.7310329]]]]}},{"type":"Feature","properties":{"UFID":"100035905005A00110100000004518582"},"geometry":{"type":"MultiPolygon","coordinates":[[[[129.1126508,35.7311113],[129.1126603,35.7310818],[129.1126643,35.7310697],[129.1126306,35.7310632],[129.1126309,35.7310639],[129.1126309,35.7310658],[129.1126304,35.7310685],[129.1126283,35.7310748],[129.1126149,35.7311164],[129.112609,35.7311308],[129.112607,35.7311364],[129.1126508,35.7311113]]]]}},{"type":"Feature","properties":{"UFID":"100035905005A00110100000004518583"},"geometry":{"type":"MultiPolygon","coordinates":[[[[129.1128203,35.7310309],[129.1128181,35.7309864],[129.1128152,35.7309911],[129.112806,35.7310012],[129.1127911,35.7310071],[129.112714,35.7310235],[129.1126735,35.7310329],[129.1126643,35.7310697],[129.1126655,35.7310679],[129.112666,35.7310675],[129.1126686,35.7310669],[129.1127242,35.7310539],[129.1128046,35.7310368],[129.1128183,35.7310314],[129.1128203,35.7310309]]]]}},{"type":"Feature","properties":{"UFID":"100035905005A00110100000004518584"},"geometry":{"type":"MultiPolygon","coordinates":[[[[129.1126801,35.7312647],[129.1126664,35.7312904],[129.1126999,35.7313119],[129.1127722,35.7313488],[129.1128435,35.7313798],[129.112898,35.731404],[129.1129138,35.7313802],[129.1128592,35.731356],[129.1127888,35.7313254],[129.112719,35.7312897],[129.1126801,35.7312647]]]]}},{"type":"Feature","properties":{"UFID":"100035905005A00110100000004518585"},"geometry":{"type":"MultiPolygon","coordinates":[[[[129.1120441,35.7304516],[129.1120256,35.73048],[129.1120313,35.730488],[129.1120321,35.7304923],[129.1120679,35.7305001],[129.1120665,35.7304967],[129.1120631,35.7304788],[129.1120446,35.7304529],[129.1120441,35.7304516]]]]}},{"type":"Feature","properties":{"UFID":"100035905005A00110100000004518586"},"geometry":{"type":"MultiPolygon","coordinates":[[[[129.1123278,35.7305356],[129.1123578,35.730548],[129.1123616,35.7305379],[129.1123634,35.7305326],[129.1123644,35.7305235],[129.1123645,35.7305184],[129.1123669,35.7304794],[129.112357,35.7304358],[129.1123594,35.7304165],[129.1123629,35.7304057],[129.1123718,35.7303959],[129.1124414,35.7303579],[129.1125064,35.7303109],[129.1125125,35.7303045],[129.1125175,35.7302973],[129.1125198,35.7302861],[129.1125183,35.7302736],[129.1125192,35.7302503],[129.1125222,35.7302298],[129.1125393,35.7301857],[129.1125572,35.7301357],[129.1125814,35.7301069],[129.1125673,35.7300976],[129.1125234,35.7301356],[129.1125144,35.7301559],[129.1125132,35.7301585],[129.1124849,35.7302738],[129.1124657,35.730302],[129.1124022,35.7303458],[129.1123333,35.7303839],[129.1123319,35.730387],[129.1123317,35.7304107],[129.1123294,35.7304772],[129.1123313,35.7305179],[129.1123312,35.7305221],[129.1123306,35.7305279],[129.1123297,35.7305305],[129.1123278,35.7305356]]]]}},{"type":"Feature","properties":{"UFID":"100035905005A00110100000004518587"},"geometry":{"type":"MultiPolygon","coordinates":[[[[129.1120441,35.7304516],[129.1120179,35.7304245],[129.1120028,35.7304517],[129.1120127,35.7304619],[129.1120256,35.73048],[129.1120441,35.7304516]]]]}},{"type":"Feature","properties":{"UFID":"100035905005A00110100000004518588"},"geometry":{"type":"MultiPolygon","coordinates":[[[[129.1120179,35.7304245],[129.1120441,35.7304516],[129.112044,35.7304506],[129.1120459,35.7304461],[129.1120549,35.7304294],[129.112055,35.7304234],[129.1120556,35.7304208],[129.1120725,35.7303947],[129.1120977,35.7303571],[129.1121094,35.7303401],[129.1121287,35.7302955],[129.1121425,35.7302445],[129.1121481,35.7301661],[129.1121512,35.7301258],[129.1121702,35.730094],[129.1121924,35.7300537],[129.1121621,35.7300427],[129.1121402,35.7300826],[129.1121185,35.7301187],[129.112115,35.7301645],[129.1121095,35.7302408],[129.1120967,35.730288],[129.1120791,35.7303289],[129.1120687,35.730344],[129.1120433,35.7303819],[129.1120238,35.7304119],[129.1120226,35.7304174],[129.1120203,35.7304238],[129.1120192,35.7304245],[129.1120179,35.7304245]]]]}},{"type":"Feature","properties":{"UFID":"100035905005A00110100000004518589"},"geometry":{"type":"MultiPolygon","coordinates":[[[[129.1118972,35.7330892],[129.1119047,35.7331163],[129.1119152,35.7331134],[129.1119208,35.7331123],[129.1119673,35.733097],[129.1120168,35.7330672],[129.1120328,35.7330566],[129.1120831,35.733021],[129.1121035,35.7330072],[129.1121412,35.7329914],[129.1121528,35.7329849],[129.1121339,35.7329626],[129.1121241,35.7329682],[129.1120851,35.7329845],[129.1120617,35.7330004],[129.1120115,35.7330359],[129.1119965,35.7330459],[129.111951,35.7330732],[129.1119108,35.7330864],[129.1119061,35.7330873],[129.1118989,35.7330893],[129.1118977,35.7330894],[129.1118972,35.7330892]]]]}},{"type":"Feature","properties":{"UFID":"100035905005A00110100000004518590"},"geometry":{"type":"MultiPolygon","coordinates":[[[[129.1125645,35.7334126],[129.1125579,35.7333853],[129.1125223,35.733402],[129.1125326,35.7334367],[129.1125409,35.7334258],[129.1125472,35.7334199],[129.1125609,35.7334132],[129.1125645,35.7334126]]]]}},{"type":"Feature","properties":{"UFID":"100035905005A00110100000004518591"},"geometry":{"type":"MultiPolygon","coordinates":[[[[129.1125579,35.7333853],[129.1125567,35.733385],[129.1125554,35.733384],[129.1125546,35.7333795],[129.1125541,35.7333748],[129.1125527,35.7333598],[129.1125467,35.7333438],[129.1124969,35.7332584],[129.1124496,35.733174],[129.1124337,35.7331367],[129.1123939,35.7330217],[129.1123679,35.7329438],[129.1123674,35.732934],[129.1123682,35.7329314],[129.1123801,35.732905],[129.1123489,35.7328957],[129.1123365,35.7329234],[129.112334,35.7329312],[129.1123349,35.732948],[129.112362,35.7330289],[129.1124021,35.7331448],[129.1124188,35.7331841],[129.1124668,35.7332698],[129.1125157,35.7333536],[129.1125199,35.7333648],[129.1125211,35.733377],[129.1125215,35.7333809],[129.1125214,35.733383],[129.1125235,35.7333971],[129.1125223,35.733402],[129.1125579,35.7333853]]]]}},{"type":"Feature","properties":{"UFID":"100035905005A00110100000004518592"},"geometry":{"type":"MultiPolygon","coordinates":[[[[129.1129045,35.7336906],[129.1128962,35.7336459],[129.1128602,35.7336392],[129.1128697,35.7336835],[129.1128711,35.7336922],[129.1129045,35.7336906]]]]}},{"type":"Feature","properties":{"UFID":"100035905005A00110100000004518593"},"geometry":{"type":"MultiPolygon","coordinates":[[[[129.1128962,35.7336459],[129.1129045,35.7336906],[129.1129053,35.7336904],[129.1129063,35.7336903],[129.1129082,35.7336912],[129.1129096,35.7336933],[129.1129276,35.7337164],[129.1129637,35.7337928],[129.1129932,35.7338485],[129.1130068,35.7339004],[129.1130075,35.7339053],[129.1130078,35.7339111],[129.1130092,35.7339263],[129.1130111,35.7339446],[129.1130259,35.7339913],[129.1130619,35.7340481],[129.1131052,35.7340991],[129.1131592,35.7341458],[129.1131638,35.7341486],[129.1131774,35.7341686],[129.1131911,35.7341957],[129.1132367,35.7342888],[129.1132771,35.7343681],[129.1133485,35.7344419],[129.1134329,35.73452],[129.1134578,35.7345022],[129.113374,35.7344246],[129.113306,35.7343543],[129.1132674,35.7342786],[129.1132219,35.7341855],[129.1132114,35.734165],[129.1131956,35.7341374],[129.1131876,35.7341294],[129.1131815,35.7341256],[129.1131311,35.734082],[129.1130904,35.7340341],[129.113057,35.7339816],[129.1130439,35.73394],[129.1130422,35.7339242],[129.1130409,35.7339095],[129.1130405,35.7339032],[129.1130395,35.733896],[129.113025,35.7338402],[129.1129944,35.7337825],[129.1129573,35.7337042],[129.1129243,35.7336616],[129.1129124,35.7336509],[129.1129108,35.7336507],[129.1129039,35.7336484],[129.1129001,35.7336471],[129.1128962,35.7336459]]]]}},{"type":"Feature","properties":{"UFID":"100035905005A00110100000004518594"},"geometry":{"type":"MultiPolygon","coordinates":[[[[129.1036582,35.728634],[129.1036549,35.7286312],[129.1036539,35.7286268],[129.1036578,35.7286189],[129.103732,35.7285681],[129.1037117,35.7285452],[129.1036722,35.7285788],[129.1036346,35.7286218],[129.1036334,35.7286233],[129.1036311,35.7286254],[129.1036262,35.7286319],[129.1036261,35.7286345],[129.103625,35.7286406],[129.1036226,35.7286449],[129.1036206,35.7286472],[129.1036181,35.728649],[129.1036582,35.728634]]]]}},{"type":"Feature","properties":{"UFID":"100035905005A00110100000004518595"},"geometry":{"type":"MultiPolygon","coordinates":[[[[129.1109002,35.7337122],[129.1109262,35.7337476],[129.1109262,35.7337466],[129.1109262,35.7337457],[129.110927,35.7337453],[129.1109291,35.7337452],[129.1109375,35.7337458],[129.1109464,35.733748],[129.1109623,35.7337581],[129.1110045,35.7338167],[129.1110502,35.7338802],[129.1110906,35.7339215],[129.111144,35.7339552],[129.1112139,35.7339924],[129.1113275,35.7340433],[129.1114168,35.7340747],[129.1115555,35.7341083],[129.1115649,35.7340824],[129.1114281,35.7340492],[129.1113421,35.7340189],[129.111231,35.7339692],[129.1111633,35.7339332],[129.1111141,35.7339021],[129.1110776,35.7338648],[129.111033,35.733803],[129.1109877,35.73374],[129.110962,35.7337236],[129.1109421,35.7337186],[129.1109276,35.7337172],[129.1109051,35.7337141],[129.1109002,35.7337122]]]]}},{"type":"Feature","properties":{"UFID":"100035905005A00110100000004518596"},"geometry":{"type":"MultiPolygon","coordinates":[[[[129.1107194,35.7334458],[129.1107193,35.7334163],[129.1107193,35.7334148],[129.1105859,35.733422],[129.1105877,35.7334334],[129.1105879,35.7334432],[129.1105883,35.733457],[129.110588,35.7334615],[129.1105873,35.7334678],[129.1107194,35.7334458]]]]}},{"type":"Feature","properties":{"UFID":"100035905005A00110100000004518597"},"geometry":{"type":"MultiPolygon","coordinates":[[[[129.1086495,35.7297356],[129.1086057,35.7297443],[129.108646,35.7298656],[129.1086887,35.7298562],[129.1086502,35.7297404],[129.1086495,35.7297356]]]]}},{"type":"Feature","properties":{"UFID":"100035905005A00110100000004518598"},"geometry":{"type":"MultiPolygon","coordinates":[[[[129.1118248,35.7310527],[129.111779,35.7310356],[129.111779,35.731038],[129.1117804,35.7310549],[129.1117785,35.7311283],[129.1117697,35.7311591],[129.1117587,35.7311811],[129.111722,35.7312031],[129.1116736,35.7312303],[129.1116987,35.73126],[129.1117477,35.7312325],[129.1117914,35.7312062],[129.1117968,35.7312003],[129.111812,35.73117],[129.1118226,35.7311328],[129.1118246,35.7310543],[129.1118248,35.7310527]]]]}},{"type":"Feature","properties":{"UFID":"100035905005A00110100000004518599"},"geometry":{"type":"MultiPolygon","coordinates":[[[[129.1097439,35.7296324],[129.1097341,35.7296242],[129.1095956,35.7295249],[129.1095403,35.7294874],[129.109441,35.7294234],[129.1092625,35.7293049],[129.1091359,35.729222],[129.1090646,35.7291702],[129.1090443,35.7291531],[129.1090102,35.7291188],[129.1089762,35.7290762],[129.1089554,35.7290386],[129.1089419,35.7290057],[129.1089285,35.7289614],[129.1089154,35.7288881],[129.1088966,35.7287489],[129.1088771,35.7285934],[129.1088497,35.7283634],[129.1088307,35.7282287],[129.1088092,35.7280704],[129.1088116,35.7280086],[129.1088119,35.728007],[129.108719,35.7280218],[129.1087268,35.7280779],[129.1087483,35.7282363],[129.1087673,35.7283706],[129.1087946,35.7286001],[129.1088142,35.728756],[129.1088332,35.7288967],[129.1088471,35.7289744],[129.1088622,35.7290245],[129.1088781,35.7290632],[129.1089032,35.7291087],[129.1089431,35.7291586],[129.1089822,35.729198],[129.1090072,35.729219],[129.1090823,35.7292736],[129.1092103,35.7293575],[129.1093891,35.7294762],[129.1094881,35.7295399],[129.1095417,35.7295763],[129.1096579,35.7296596],[129.1096709,35.7296757],[129.1097439,35.7296324]]]]}},{"type":"Feature","properties":{"UFID":"100035905005A00110100000004518600"},"geometry":{"type":"MultiPolygon","coordinates":[[[[129.1126413,35.7310326],[129.1126241,35.7310291],[129.1126105,35.7310266],[129.1125798,35.7310131],[129.1125291,35.7309824],[129.1124669,35.7309456],[129.1124515,35.7309388],[129.1124512,35.7309368],[129.1124128,35.7309641],[129.1124181,35.7309654],[129.1124489,35.7309739],[129.1125062,35.7310079],[129.112559,35.7310398],[129.1125968,35.7310564],[129.1126152,35.7310598],[129.1126294,35.7310627],[129.1126306,35.7310632],[129.1126413,35.7310326]]]]}},{"type":"Feature","properties":{"UFID":"100035905005A00110100000004518601"},"geometry":{"type":"MultiPolygon","coordinates":[[[[129.1118462,35.7295121],[129.1118342,35.7294863],[129.1117819,35.7294923],[129.1117805,35.7294908],[129.1117791,35.7294831],[129.1117796,35.729475],[129.1117817,35.7294691],[129.111783,35.7294653],[129.1118004,35.7294366],[129.1117791,35.7294255],[129.1117725,35.7294382],[129.111751,35.7294766],[129.1117478,35.72949],[129.1117466,35.7295039],[129.1117473,35.7295131],[129.1117489,35.729524],[129.1117528,35.7295383],[129.1117581,35.7295409],[129.1117648,35.7295417],[129.1117698,35.7295415],[129.1118397,35.7295131],[129.1118462,35.7295121]]]]}},{"type":"Feature","properties":{"UFID":"100035905005A00110100000004518602"},"geometry":{"type":"MultiPolygon","coordinates":[[[[129.1118728,35.7295034],[129.1118462,35.7295121],[129.1118488,35.7295143],[129.1118872,35.7297015],[129.1119538,35.7299405],[129.1119779,35.7300729],[129.1119786,35.7300825],[129.1120047,35.7300795],[129.1119903,35.7299534],[129.1119417,35.7297836],[129.1118785,35.7295269],[129.1118728,35.7295034]]]]}},{"type":"Feature","properties":{"UFID":"100035905005A00110100000004518603"},"geometry":{"type":"MultiPolygon","coordinates":[[[[129.1089692,35.7278962],[129.1089205,35.727903],[129.1088951,35.7279369],[129.1088827,35.7279517],[129.1088802,35.7279533],[129.108861,35.7279677],[129.1088323,35.7279731],[129.1088181,35.7279742],[129.1088127,35.7279734],[129.108809,35.7279721],[129.1088059,35.7279687],[129.1088119,35.728007],[129.1088148,35.7280048],[129.1088297,35.7280013],[129.108877,35.7279925],[129.1089017,35.7279739],[129.1089072,35.7279704],[129.108923,35.7279516],[129.1089612,35.7279006],[129.1089692,35.7278962]]]]}},{"type":"Feature","properties":{"UFID":"100035905005A00110100000004518604"},"geometry":{"type":"MultiPolygon","coordinates":[[[[129.1085233,35.7274498],[129.1084817,35.7273894],[129.1084865,35.7274124],[129.1084865,35.7274167],[129.1084849,35.7274259],[129.1084808,35.7274426],[129.1084781,35.7274499],[129.1084769,35.7274514],[129.1084515,35.7275477],[129.1084099,35.7277087],[129.1083813,35.7277899],[129.1083578,35.7278281],[129.1083135,35.7278843],[129.1083421,35.7278985],[129.1083866,35.7278415],[129.1084123,35.7277998],[129.1084421,35.7277152],[129.1084839,35.7275534],[129.1085079,35.7274626],[129.1085108,35.7274554],[129.1085153,35.7274484],[129.1085171,35.7274475],[129.1085181,35.7274473],[129.1085189,35.7274475],[129.1085233,35.7274498]]]]}},{"type":"Feature","properties":{"UFID":"100035905005A00110100000004518605"},"geometry":{"type":"MultiPolygon","coordinates":[[[[129.1104567,35.7335025],[129.1105425,35.7334905],[129.1105377,35.7334895],[129.1104929,35.7334788],[129.1104451,35.7334716],[129.1103838,35.7334691],[129.1102543,35.7334688],[129.110201,35.7334695],[129.1101349,35.7334734],[129.1101223,35.7334739],[129.1101139,35.733476],[129.1101057,35.7334768],[129.1100908,35.7334789],[129.1100782,35.7334836],[129.1100707,35.7334875],[129.1100524,35.7335089],[129.1100485,35.733515],[129.110042,35.7335329],[129.1100385,35.7335689],[129.1100716,35.7335711],[129.1100748,35.7335379],[129.1100793,35.7335253],[129.1100808,35.733523],[129.1100941,35.7335074],[129.1101006,35.733505],[129.1101107,35.7335036],[129.1101209,35.7335025],[129.1101279,35.7335007],[129.1101369,35.7335004],[129.1102025,35.7334965],[129.1102545,35.7334958],[129.1103829,35.7334961],[129.1104413,35.7334986],[129.1104528,35.7335003],[129.1104558,35.7335009],[129.1104567,35.7335015],[129.1104567,35.7335025]]]]}},{"type":"Feature","properties":{"UFID":"100035905005A00110100000004518606"},"geometry":{"type":"MultiPolygon","coordinates":[[[[129.1125326,35.7334367],[129.1125223,35.733402],[129.1125141,35.7334097],[129.1124781,35.7334571],[129.1124378,35.7335375],[129.1124101,35.733595],[129.1124059,35.7336013],[129.112389,35.7336164],[129.1123822,35.7336188],[129.112257,35.7336788],[129.1121637,35.7337248],[129.1120661,35.7337889],[129.1119895,35.7338451],[129.1119344,35.7338922],[129.1119283,35.7338979],[129.1118938,35.733946],[129.1118892,35.7339587],[129.1118509,35.7340605],[129.1118096,35.734139],[129.1117809,35.7342135],[129.1117786,35.7342219],[129.1117662,35.7342808],[129.1117658,35.7342867],[129.1117658,35.7342963],[129.1117673,35.7343303],[129.1117684,35.7343417],[129.1117686,35.734348],[129.1117711,35.7343792],[129.1117712,35.7343898],[129.1117708,35.7344057],[129.111765,35.7344284],[129.1117266,35.7345175],[129.1116953,35.7345703],[129.1116632,35.7346169],[129.1116596,35.7346222],[129.1116834,35.7346427],[129.1117247,35.7345828],[129.1117572,35.7345279],[129.1117971,35.7344356],[129.1118039,35.7344088],[129.1118044,35.7343899],[129.1118042,35.7343782],[129.1118018,35.7343466],[129.1118015,35.7343402],[129.1118004,35.7343288],[129.111799,35.7342959],[129.111799,35.7342875],[129.1117992,35.7342838],[129.1118112,35.7342271],[129.111813,35.7342205],[129.1118407,35.7341484],[129.1118821,35.7340698],[129.111921,35.7339665],[129.1119245,35.7339568],[129.1119553,35.7339137],[129.1119589,35.7339104],[129.1120127,35.7338645],[129.1120876,35.7338095],[129.1121828,35.733747],[129.1122739,35.733702],[129.1123972,35.733643],[129.1124087,35.7336389],[129.1124331,35.7336171],[129.1124402,35.7336064],[129.1124685,35.7335476],[129.1125077,35.7334694],[129.1125326,35.7334367]]]]}},{"type":"Feature","properties":{"UFID":"100035905005A00110100000004518607"},"geometry":{"type":"MultiPolygon","coordinates":[[[[129.1136339,35.7310188],[129.1136193,35.7309917],[129.1136174,35.7309925],[129.1136156,35.7309926],[129.1135802,35.7309914],[129.1135165,35.7309933],[129.113491,35.7309954],[129.113406,35.7310057],[129.1133715,35.7310074],[129.1133614,35.731007],[129.1133563,35.7310066],[129.1133326,35.7310035],[129.1133284,35.7310028],[129.1132816,35.7309873],[129.1132393,35.7309612],[129.1132187,35.7309458],[129.1131934,35.730927],[129.1131012,35.7308894],[129.1130178,35.7308719],[129.1129558,35.7308628],[129.1129476,35.7308613],[129.112905,35.7308541],[129.1128891,35.73087],[129.1128495,35.7309195],[129.1128459,35.7309271],[129.1128558,35.7309952],[129.1128605,35.7309874],[129.1128787,35.7309469],[129.1128798,35.7309431],[129.1128841,35.7309338],[129.1129192,35.73089],[129.1129229,35.7308871],[129.1129263,35.7308871],[129.1129315,35.7308879],[129.1129492,35.7308894],[129.1130107,35.7308983],[129.1130896,35.7309149],[129.1131745,35.7309495],[129.1131964,35.7309658],[129.1132181,35.730982],[129.1132651,35.7310111],[129.1133188,35.7310287],[129.1133266,35.7310301],[129.113352,35.7310334],[129.1133589,35.731034],[129.1133717,35.7310345],[129.1134095,35.7310326],[129.113495,35.7310223],[129.1135188,35.7310203],[129.1135801,35.7310184],[129.1136152,35.7310196],[129.1136213,35.7310195],[129.1136311,35.7310189],[129.1136339,35.7310188]]]]}},{"type":"Feature","properties":{"UFID":"100035905005A00110100000004518608"},"geometry":{"type":"MultiPolygon","coordinates":[[[[129.1095256,35.733763],[129.1095126,35.7337177],[129.1095004,35.7337202],[129.1094847,35.7337211],[129.1094686,35.7337217],[129.1094466,35.7337201],[129.1093993,35.7337319],[129.1092976,35.7337512],[129.1092949,35.7337515],[129.1092945,35.7337515],[129.1092785,35.7337479],[129.1092655,35.7337436],[129.1092645,35.7337772],[129.1092823,35.7337772],[129.1092829,35.7337771],[129.1092851,35.7337776],[129.1092949,35.7337789],[129.109304,35.7337777],[129.1093805,35.7337632],[129.1094385,35.7337549],[129.1094503,35.7337704],[129.1095256,35.733763]]]]}},{"type":"Feature","properties":{"UFID":"100035905005A00110100000004518609"},"geometry":{"type":"MultiPolygon","coordinates":[[[[129.1116596,35.7346222],[129.1116327,35.7345991],[129.111556,35.7345364],[129.1114608,35.7344536],[129.1113554,35.7343588],[129.1112873,35.734293],[129.1112144,35.7342089],[129.1111797,35.7341607],[129.1111593,35.7341297],[129.111093,35.7340176],[129.1110429,35.7339344],[129.1109571,35.7337945],[129.1109509,35.7337854],[129.1109432,35.7337725],[129.1109262,35.7337476],[129.1108373,35.7337679],[129.110879,35.7338283],[129.1108992,35.7338613],[129.1109636,35.7339665],[129.1110135,35.7340491],[129.1110805,35.7341624],[129.1111026,35.734196],[129.11114,35.734248],[129.1112173,35.7343372],[129.1112888,35.7344063],[129.1113958,35.7345025],[129.1114924,35.7345865],[129.1115693,35.7346494],[129.1116003,35.734676],[129.1116596,35.7346222]]]]}},{"type":"Feature","properties":{"UFID":"100035905005A00110100000004518610"},"geometry":{"type":"MultiPolygon","coordinates":[[[[129.1036768,35.7286591],[129.1036582,35.728634],[129.1036181,35.728649],[129.1036239,35.728677],[129.1036366,35.7286717],[129.1036682,35.7286608],[129.1036768,35.7286591]]]]}},{"type":"Feature","properties":{"UFID":"100035905005A00110100000004518611"},"geometry":{"type":"MultiPolygon","coordinates":[[[[129.1075302,35.7291753],[129.1074928,35.7291903],[129.1074926,35.7291907],[129.1074894,35.7291917],[129.1074952,35.7292333],[129.1075403,35.7292468],[129.1075302,35.7291753]]]]}},{"type":"Feature","properties":{"UFID":"100035905005A00110100000004518612"},"geometry":{"type":"MultiPolygon","coordinates":[[[[129.1084485,35.7294418],[129.1083725,35.7294124],[129.1084497,35.7295174],[129.1085327,35.7295456],[129.1084485,35.7294418]]]]}},{"type":"Feature","properties":{"UFID":"100035905005A00110100000004518613"},"geometry":{"type":"MultiPolygon","coordinates":[[[[129.1097876,35.7297827],[129.1096709,35.7296757],[129.1096735,35.7296834],[129.1096731,35.7296918],[129.109671,35.7296978],[129.1096682,35.7297017],[129.1096628,35.7297071],[129.109648,35.7297166],[129.1095879,35.7297276],[129.1095036,35.7297377],[129.1094609,35.7297395],[129.1094225,35.7297381],[129.1093385,35.7297278],[129.1092546,35.7297086],[129.1091707,35.7296837],[129.1090771,35.7296497],[129.1089509,35.7296081],[129.1089075,35.7296716],[129.1090425,35.7297161],[129.1091376,35.7297506],[129.1092275,35.7297773],[129.1093199,35.7297985],[129.109414,35.7298099],[129.1094611,35.7298116],[129.1095122,35.7298096],[129.109604,35.7297985],[129.109689,35.729783],[129.1097022,35.7297823],[129.1097633,35.7297779],[129.1097876,35.7297827]]]]}},{"type":"Feature","properties":{"UFID":"100035905005A00110100000004518614"},"geometry":{"type":"MultiPolygon","coordinates":[[[[129.1089509,35.7296081],[129.1089392,35.7296043],[129.1088875,35.7295875],[129.1088431,35.7296507],[129.1089075,35.7296716],[129.1089509,35.7296081]]]]}},{"type":"Feature","properties":{"UFID":"100035905005A00110100000004518615"},"geometry":{"type":"MultiPolygon","coordinates":[[[[129.1086312,35.7296896],[129.1085895,35.7296153],[129.1085533,35.7295658],[129.1085327,35.7295456],[129.1084497,35.7295174],[129.1084552,35.729522],[129.1084751,35.7295412],[129.1085166,35.729586],[129.1085504,35.7296321],[129.1085871,35.7296976],[129.1086312,35.7296896]]]]}},{"type":"Feature","properties":{"UFID":"100035905005A00110100000004518616"},"geometry":{"type":"MultiPolygon","coordinates":[[[[129.1086495,35.7297356],[129.1086312,35.7296896],[129.1085871,35.7296976],[129.1085951,35.7297118],[129.1086026,35.7297351],[129.1086057,35.7297443],[129.1086495,35.7297356]]]]}},{"type":"Feature","properties":{"UFID":"100035905005A00110100000004518617"},"geometry":{"type":"MultiPolygon","coordinates":[[[[129.1085801,35.7273938],[129.1085639,35.7273698],[129.1085572,35.7273611],[129.1085312,35.7273162],[129.1084817,35.7273894],[129.1085233,35.7274498],[129.1085801,35.7273938]]]]}},{"type":"Feature","properties":{"UFID":"100035905005A00110100000004518618"},"geometry":{"type":"MultiPolygon","coordinates":[[[[129.1088059,35.7279687],[129.1087931,35.72791],[129.108781,35.7278823],[129.1087447,35.7277783],[129.1087204,35.7277007],[129.1086497,35.7275214],[129.1086026,35.7274271],[129.1085801,35.7273938],[129.1085233,35.7274498],[129.1085277,35.7274563],[129.1085717,35.7275445],[129.1086407,35.7277194],[129.1086646,35.7277959],[129.1086995,35.7278959],[129.1087138,35.7279857],[129.1088059,35.7279687]]]]}},{"type":"Feature","properties":{"UFID":"100035905005A00110100000004518619"},"geometry":{"type":"MultiPolygon","coordinates":[[[[129.1088119,35.728007],[129.1088059,35.7279687],[129.1087138,35.7279857],[129.108715,35.7279938],[129.108719,35.7280218],[129.1088119,35.728007]]]]}},{"type":"Feature","properties":{"UFID":"100035905005A00110100000004518620"},"geometry":{"type":"MultiPolygon","coordinates":[[[[129.1098677,35.7297359],[129.1098289,35.7297019],[129.1097951,35.7296756],[129.1097439,35.7296324],[129.1096709,35.7296757],[129.1097876,35.7297827],[129.1098677,35.7297359]]]]}},{"type":"Feature","properties":{"UFID":"100035905005A00110100000004518621"},"geometry":{"type":"MultiPolygon","coordinates":[[[[129.1101824,35.7300925],[129.1101808,35.7300903],[129.1100924,35.7299758],[129.1100252,35.7298961],[129.1099445,35.7298054],[129.1099006,35.7297647],[129.1098677,35.7297359],[129.1097876,35.7297827],[129.1098001,35.7297871],[129.1098279,35.7298068],[129.1098351,35.7298131],[129.1098754,35.7298505],[129.109953,35.7299377],[129.1100185,35.7300154],[129.1100881,35.7301056],[129.1101824,35.7300925]]]]}},{"type":"Feature","properties":{"UFID":"100035905005A00110100000004518622"},"geometry":{"type":"MultiPolygon","coordinates":[[[[129.1102166,35.7301386],[129.1101824,35.7300925],[129.1100881,35.7301056],[129.1101055,35.7301282],[129.1101227,35.7301514],[129.1102166,35.7301386]]]]}},{"type":"Feature","properties":{"UFID":"100035905005A00110100000004518623"},"geometry":{"type":"MultiPolygon","coordinates":[[[[129.1118634,35.7294767],[129.1118728,35.7295034],[129.1118842,35.7294996],[129.1119963,35.7294485],[129.112079,35.7294349],[129.1122248,35.7294211],[129.112248,35.7294194],[129.1123304,35.7294175],[129.112319,35.7293936],[129.1121877,35.7294007],[129.1120185,35.7294131],[129.1120025,35.7294161],[129.1118634,35.7294767]]]]}},{"type":"Feature","properties":{"UFID":"100035905005A00110100000004518624"},"geometry":{"type":"MultiPolygon","coordinates":[[[[129.1118728,35.7295034],[129.1118634,35.7294767],[129.1118515,35.7294818],[129.1118423,35.7294854],[129.1118342,35.7294863],[129.1118462,35.7295121],[129.1118728,35.7295034]]]]}},{"type":"Feature","properties":{"UFID":"100035905005A00110100000004518625"},"geometry":{"type":"MultiPolygon","coordinates":[[[[129.1102166,35.7301386],[129.1101227,35.7301514],[129.1101457,35.7301824],[129.1102148,35.7302747],[129.1102923,35.7303769],[129.1103183,35.7304126],[129.1103702,35.7304866],[129.1104072,35.7305477],[129.1104341,35.7306028],[129.110457,35.7306645],[129.1104636,35.7306893],[129.1104789,35.7307598],[129.1104869,35.7308333],[129.1104906,35.7308665],[129.1104926,35.7310214],[129.1104934,35.7310985],[129.1104959,35.731175],[129.1105843,35.7311741],[129.1105819,35.7310972],[129.1105811,35.7310207],[129.110579,35.7308628],[129.110575,35.7308269],[129.1105667,35.7307503],[129.1105504,35.7306753],[129.1105427,35.7306464],[129.1105177,35.730579],[129.110488,35.7305184],[129.1104483,35.7304527],[129.1103947,35.7303763],[129.1103679,35.7303395],[129.1102901,35.730237],[129.1102213,35.7301449],[129.1102166,35.7301386]]]]}},{"type":"Feature","properties":{"UFID":"100035905005A00110100000004518626"},"geometry":{"type":"MultiPolygon","coordinates":[[[[129.1105851,35.7312116],[129.1105843,35.7311741],[129.1104959,35.731175],[129.1104967,35.7311998],[129.1104967,35.7312146],[129.1105851,35.7312116]]]]}},{"type":"Feature","properties":{"UFID":"100035905005A00110100000004518627"},"geometry":{"type":"MultiPolygon","coordinates":[[[[129.1124128,35.7309641],[129.1123779,35.7309414],[129.1122745,35.7310211],[129.112242,35.7310437],[129.1121383,35.7311016],[129.1121339,35.7311042],[129.112132,35.7311048],[129.112112,35.731107],[129.1121086,35.7311071],[129.1120956,35.7311064],[129.1120898,35.7311054],[129.1119954,35.7310704],[129.1119002,35.7310343],[129.1118937,35.7310316],[129.1118868,35.7310304],[129.1118516,35.7310224],[129.111834,35.7310171],[129.1118248,35.7310527],[129.111838,35.7310567],[129.1118761,35.7310653],[129.1118788,35.7310658],[129.111881,35.7310667],[129.1119769,35.7311032],[129.1120758,35.7311398],[129.1120894,35.7311422],[129.1121079,35.7311432],[129.1121158,35.731143],[129.112143,35.73114],[129.112155,35.7311362],[129.1121636,35.7311312],[129.1122689,35.7310723],[129.112304,35.7310479],[129.1124128,35.7309641]]]]}},{"type":"Feature","properties":{"UFID":"100035905005A00110100000004518628"},"geometry":{"type":"MultiPolygon","coordinates":[[[[129.111834,35.7310171],[129.1118174,35.7310121],[129.1118087,35.7310076],[129.1117886,35.7309944],[129.111779,35.7310356],[129.1118248,35.7310527],[129.111834,35.7310171]]]]}},{"type":"Feature","properties":{"UFID":"100035905005A00110100000004518629"},"geometry":{"type":"MultiPolygon","coordinates":[[[[129.1124512,35.7309368],[129.1124197,35.7309113],[129.1123947,35.7309285],[129.1123779,35.7309414],[129.1124128,35.7309641],[129.1124512,35.7309368]]]]}},{"type":"Feature","properties":{"UFID":"100035905005A00110100000004518630"},"geometry":{"type":"MultiPolygon","coordinates":[[[[129.1107193,35.7334148],[129.1107081,35.7333822],[129.1105793,35.7333786],[129.1105859,35.733422],[129.1107193,35.7334148]]]]}},{"type":"Feature","properties":{"UFID":"100035905005A00110100000004518631"},"geometry":{"type":"MultiPolygon","coordinates":[[[[129.1106184,35.7335251],[129.1105425,35.7334905],[129.1104567,35.7335025],[129.1104869,35.7335418],[129.1105614,35.7335318],[129.1105843,35.7335287],[129.1106184,35.7335251]]]]}},{"type":"Feature","properties":{"UFID":"100035905005A00110100000004518632"},"geometry":{"type":"MultiPolygon","coordinates":[[[[129.1097261,35.7337145],[129.1097317,35.7336656],[129.1096649,35.7336799],[129.1096609,35.7337237],[129.1097261,35.7337145]]]]}},{"type":"Feature","properties":{"UFID":"100035905005A00110100000004518633"},"geometry":{"type":"MultiPolygon","coordinates":[[[[129.1096386,35.7343161],[129.1096386,35.7343079],[129.1096384,35.7343015],[129.1096414,35.7342452],[129.1096417,35.7342213],[129.1096419,35.7341093],[129.1096458,35.7339934],[129.1096479,35.7339639],[129.1096539,35.7338984],[129.1096544,35.7338925],[129.1096597,35.7338587],[129.1096778,35.7337788],[129.1096825,35.7337648],[129.1096931,35.7337437],[129.1096968,35.7337376],[129.1097005,35.7337342],[129.1097105,35.733727],[129.1097192,35.73372],[129.1097261,35.7337145],[129.1096609,35.7337237],[129.1096612,35.7337257],[129.1096596,35.7337312],[129.1096454,35.7337727],[129.1096269,35.7338546],[129.1096214,35.7338899],[129.1096208,35.7338964],[129.1096148,35.7339621],[129.1096127,35.7339923],[129.1096088,35.7341089],[129.1096085,35.7342212],[129.1096083,35.7342444],[129.1096052,35.7343012],[129.1096055,35.7343082],[129.1096055,35.7343152],[129.1096035,35.7343377],[129.1096036,35.7343455],[129.109603,35.7343502],[129.109603,35.7343707],[129.1096015,35.7343769],[129.1096386,35.7343161]]]]}},{"type":"Feature","properties":{"UFID":"100035905005A00110100000004518634"},"geometry":{"type":"MultiPolygon","coordinates":[[[[129.1096649,35.7336799],[129.1096597,35.733681],[129.1096263,35.7336901],[129.1096361,35.7337215],[129.1096383,35.73372],[129.1096406,35.7337196],[129.109644,35.7337202],[129.1096479,35.7337204],[129.1096579,35.7337225],[129.1096609,35.7337237],[129.1096649,35.7336799]]]]}},{"type":"Feature","properties":{"UFID":"100035905005A00110100000004518635"},"geometry":{"type":"MultiPolygon","coordinates":[[[[129.1096361,35.7337215],[129.1096263,35.7336901],[129.1095652,35.7337068],[129.1095126,35.7337177],[129.1095256,35.733763],[129.1096361,35.7337215]]]]}},{"type":"Feature","properties":{"UFID":"100035905005A00110100000004518636"},"geometry":{"type":"MultiPolygon","coordinates":[[[[129.1096361,35.7337215],[129.1095256,35.733763],[129.1095355,35.7337675],[129.1095446,35.7337728],[129.1095624,35.733786],[129.1095477,35.7338129],[129.1095141,35.7338607],[129.1094915,35.73389],[129.1095196,35.7339044],[129.1095425,35.7338746],[129.1095773,35.7338252],[129.109607,35.7337711],[129.1096361,35.7337215]]]]}},{"type":"Feature","properties":{"UFID":"100035905005A00110100000004518637"},"geometry":{"type":"MultiPolygon","coordinates":[[[[129.1107453,35.7335013],[129.110732,35.7334805],[129.1107194,35.733459],[129.1107194,35.7334458],[129.1105873,35.7334678],[129.1106462,35.7335269],[129.1107453,35.7335013]]]]}},{"type":"Feature","properties":{"UFID":"100035905005A00110100000004518638"},"geometry":{"type":"MultiPolygon","coordinates":[[[[129.1109262,35.7337476],[129.1109002,35.7337122],[129.1108099,35.733731],[129.1108209,35.7337442],[129.1108373,35.7337679],[129.1109262,35.7337476]]]]}},{"type":"Feature","properties":{"UFID":"100035905005A00110100000004518639"},"geometry":{"type":"MultiPolygon","coordinates":[[[[129.1120179,35.7304245],[129.1120072,35.7304203],[129.1119927,35.7304156],[129.1118485,35.7303726],[129.1118195,35.7303576],[129.1118077,35.7303551],[129.1117911,35.7303512],[129.1117822,35.7303506],[129.1117634,35.7303504],[129.1117157,35.7303643],[129.1117003,35.7303697],[129.1115687,35.7304043],[129.1115425,35.7304059],[129.1115262,35.7304054],[129.1115184,35.7304042],[129.1115026,35.7304026],[129.1113409,35.7303795],[129.1110849,35.730355],[129.1109482,35.730337],[129.1108791,35.7303247],[129.1108064,35.7303066],[129.1106783,35.7302668],[129.1105302,35.730217],[129.110293,35.7301273],[129.1102811,35.7301209],[129.1102594,35.7301117],[129.110211,35.7301004],[129.1102063,35.7301001],[129.1101966,35.730099],[129.1101915,35.7300971],[129.1101824,35.7300925],[129.1102166,35.7301386],[129.1102166,35.7301322],[129.1102208,35.7301315],[129.1102336,35.7301338],[129.110247,35.7301369],[129.1102824,35.730152],[129.1102946,35.7301533],[129.1104257,35.7302002],[129.1105567,35.7302525],[129.1107244,35.7303043],[129.1108114,35.73033],[129.1108737,35.7303454],[129.1109539,35.73036],[129.111084,35.7303769],[129.1112359,35.7303908],[129.1114377,35.7304181],[129.1114617,35.7304239],[129.1115202,35.730432],[129.1115301,35.7304326],[129.1115361,35.7304327],[129.1115533,35.7304332],[129.1115597,35.7304331],[129.111572,35.7304327],[129.1115785,35.7304313],[129.1116609,35.730408],[129.111719,35.7303923],[129.11172,35.7303918],[129.111769,35.7303775],[129.1117805,35.7303776],[129.1117851,35.730378],[129.111799,35.7303811],[129.111806,35.7303827],[129.1118337,35.730397],[129.1119808,35.7304408],[129.1119938,35.7304451],[129.1119979,35.7304467],[129.1120028,35.7304517],[129.1120179,35.7304245]]]]}},{"type":"Feature","properties":{"UFID":"100035905005A00110100000004518640"},"geometry":{"type":"MultiPolygon","coordinates":[[[[129.1105873,35.7334678],[129.1105856,35.7334722],[129.1105824,35.7334806],[129.1105802,35.733483],[129.1105787,35.7334845],[129.1105769,35.7334858],[129.1105727,35.7334873],[129.1105507,35.7334903],[129.1105461,35.7334905],[129.1105425,35.7334905],[129.1106184,35.7335251],[129.1106354,35.7335253],[129.1106422,35.7335259],[129.1106462,35.7335269],[129.1105873,35.7334678]]]]}},{"type":"Feature","properties":{"UFID":"100035905005A00110100000004518641"},"geometry":{"type":"MultiPolygon","coordinates":[[[[129.1083329,35.7293971],[129.108232,35.7293599],[129.1082251,35.7294363],[129.1083313,35.7294745],[129.1083329,35.7293971]]]]}},{"type":"Feature","properties":{"UFID":"100035905005A00110100000004518642"},"geometry":{"type":"MultiPolygon","coordinates":[[[[129.1246578,35.7446913],[129.1245746,35.7446751],[129.1245584,35.7447461],[129.1246408,35.7447621],[129.1246578,35.7446913]]]]}},{"type":"Feature","properties":{"UFID":"100035905005A00110100000004518643"},"geometry":{"type":"MultiPolygon","coordinates":[[[[129.1246408,35.7447621],[129.1245584,35.7447461],[129.1245599,35.7447624],[129.1245598,35.744768],[129.1245567,35.7447727],[129.124493,35.7447855],[129.1244065,35.7447902],[129.1242323,35.7447875],[129.1243579,35.7448362],[129.124531,35.7448144],[129.1246073,35.7447787],[129.1246408,35.7447621]]]]}},{"type":"Feature","properties":{"UFID":"100035905005A00110100000004518644"},"geometry":{"type":"MultiPolygon","coordinates":[[[[129.1245556,35.7436367],[129.1244907,35.7436432],[129.1244934,35.743644],[129.1244958,35.7436455],[129.1244977,35.7436492],[129.1245268,35.7437744],[129.1245672,35.7439495],[129.1246241,35.7439431],[129.1245774,35.7437639],[129.1245519,35.7436395],[129.1245536,35.7436377],[129.1245556,35.7436367]]]]}},{"type":"Feature","properties":{"UFID":"100035905005A00110100000004518645"},"geometry":{"type":"MultiPolygon","coordinates":[[[[129.1245556,35.7436367],[129.1245497,35.7435989],[129.1244868,35.7436068],[129.1244907,35.7436432],[129.1245556,35.7436367]]]]}},{"type":"Feature","properties":{"UFID":"100035905005A00110100000004518646"},"geometry":{"type":"MultiPolygon","coordinates":[[[[129.1244907,35.7436432],[129.1244868,35.7436068],[129.1243423,35.7436248],[129.1242486,35.7436364],[129.1242469,35.7436821],[129.1244907,35.7436432]]]]}},{"type":"Feature","properties":{"UFID":"100035905005A00110100000004518647"},"geometry":{"type":"MultiPolygon","coordinates":[[[[129.1079839,35.7293523],[129.1078768,35.7293212],[129.1079262,35.7293764],[129.1079329,35.7293882],[129.1079418,35.7294107],[129.1080051,35.729576],[129.1080871,35.7297697],[129.1081412,35.7299353],[129.108174,35.730056],[129.1081758,35.7300741],[129.1081819,35.7301043],[129.1082226,35.7304273],[129.1082618,35.7305984],[129.1082949,35.7307927],[129.1083533,35.7307997],[129.108302,35.7305428],[129.108268,35.7303975],[129.108244,35.7302099],[129.1082196,35.7300436],[129.1081635,35.7298465],[129.1081065,35.7296899],[129.1080471,35.7295215],[129.10797,35.729387],[129.1079693,35.7293816],[129.1079692,35.7293751],[129.1079693,35.7293684],[129.1079698,35.7293633],[129.1079705,35.7293609],[129.1079728,35.7293578],[129.1079839,35.7293523]]]]}},{"type":"Feature","properties":{"UFID":"100035905005A00110100000004518648"},"geometry":{"type":"MultiPolygon","coordinates":[[[[129.1094965,35.7349003],[129.1094818,35.7348739],[129.1093626,35.7349239],[129.1093265,35.7349393],[129.1092776,35.734941],[129.1092424,35.7349348],[129.1092158,35.7349234],[129.1091936,35.7349014],[129.1091703,35.7348621],[129.1091078,35.7347264],[129.1091007,35.7347245],[129.1090884,35.7347233],[129.1090745,35.734723],[129.108825,35.7347256],[129.1084986,35.7347307],[129.1084984,35.7347665],[129.1088375,35.7347507],[129.1089852,35.7347472],[129.1090457,35.7347553],[129.1090742,35.7347681],[129.1090956,35.7347922],[129.1091405,35.7348928],[129.1091708,35.7349415],[129.1092151,35.7349614],[129.1092626,35.7349724],[129.1093182,35.7349711],[129.1093853,35.7349543],[129.1094965,35.7349003]]]]}},{"type":"Feature","properties":{"UFID":"100035905005A00110100000004518649"},"geometry":{"type":"MultiPolygon","coordinates":[[[[129.1092158,35.7313968],[129.1091948,35.7314201],[129.1091989,35.731421],[129.1092023,35.7314224],[129.1092908,35.7315037],[129.1093273,35.7315515],[129.1094209,35.7317061],[129.1094983,35.7318209],[129.109542,35.7319027],[129.1095686,35.7320006],[129.1095741,35.7320155],[129.109631,35.7320598],[129.1096487,35.7320331],[129.1095902,35.7319862],[129.1095882,35.7319806],[129.1095598,35.7318661],[129.1094988,35.7317752],[129.1094333,35.7316813],[129.1093591,35.7315546],[129.1093228,35.7315029],[129.1093018,35.7314822],[129.1092333,35.7314181],[129.1092158,35.7313968]]]]}},{"type":"Feature","properties":{"UFID":"100035905005A00110100000004518650"},"geometry":{"type":"MultiPolygon","coordinates":[[[[129.1128298,35.7358092],[129.1128604,35.7358525],[129.1128614,35.735848],[129.1130539,35.735765],[129.113192,35.7357101],[129.1131777,35.7356775],[129.1129769,35.7357624],[129.1129701,35.7357554],[129.1128396,35.7358121],[129.1128348,35.7358111],[129.1128298,35.7358092]]]]}},{"type":"Feature","properties":{"UFID":"100035905005A00110100000004518651"},"geometry":{"type":"MultiPolygon","coordinates":[[[[129.1109002,35.7337122],[129.1108961,35.7337062],[129.1108794,35.7336861],[129.1108616,35.7336637],[129.110775,35.7336872],[129.1108057,35.7337259],[129.1108099,35.733731],[129.1109002,35.7337122]]]]}},{"type":"Feature","properties":{"UFID":"100035905005A00110100000004518652"},"geometry":{"type":"MultiPolygon","coordinates":[[[[129.1108616,35.7336637],[129.1108152,35.7336051],[129.1107978,35.73358],[129.1107168,35.7336095],[129.1107395,35.7336424],[129.110775,35.7336872],[129.1108616,35.7336637]]]]}},{"type":"Feature","properties":{"UFID":"100035905005A00110100000004518653"},"geometry":{"type":"MultiPolygon","coordinates":[[[[129.108232,35.7293599],[129.1081669,35.7293363],[129.1080447,35.7292956],[129.108015,35.7292847],[129.1080046,35.7292816],[129.1079839,35.7293523],[129.1080097,35.7293619],[129.1081322,35.7294026],[129.1082251,35.7294363],[129.108232,35.7293599]]]]}},{"type":"Feature","properties":{"UFID":"100035905005A00110100000004518654"},"geometry":{"type":"MultiPolygon","coordinates":[[[[129.1083725,35.7294124],[129.1083329,35.7293971],[129.1083313,35.7294745],[129.1083832,35.7294931],[129.1084153,35.7295043],[129.1084325,35.7295107],[129.1084497,35.7295174],[129.1083725,35.7294124]]]]}},{"type":"Feature","properties":{"UFID":"100035905005A00110100000004518655"},"geometry":{"type":"MultiPolygon","coordinates":[[[[129.1080046,35.7292816],[129.1079187,35.7292564],[129.1078907,35.7292493],[129.1078768,35.7293212],[129.1079839,35.7293523],[129.1080046,35.7292816]]]]}},{"type":"Feature","properties":{"UFID":"100035905005A00110100000004518656"},"geometry":{"type":"MultiPolygon","coordinates":[[[[129.1094915,35.728097],[129.1094519,35.7280668],[129.1094354,35.7280529],[129.1093464,35.7279931],[129.1093244,35.7279783],[129.1092768,35.7279529],[129.1092076,35.7279108],[129.1091306,35.7278751],[129.1090839,35.727863],[129.109025,35.727861],[129.1089993,35.7278623],[129.108993,35.7278636],[129.1089852,35.7278646],[129.1089845,35.7278645],[129.108983,35.7278638],[129.108982,35.7278626],[129.1089692,35.7278962],[129.1090043,35.7278891],[129.1090253,35.7278881],[129.1090781,35.7278899],[129.1091173,35.7279],[129.1091894,35.7279335],[129.1092578,35.7279751],[129.1093047,35.7280001],[129.1093253,35.7280139],[129.1094129,35.7280729],[129.1094287,35.7280861],[129.1094742,35.7281192],[129.1094791,35.7281262],[129.1094915,35.728097]]]]}},{"type":"Feature","properties":{"UFID":"100035905005A00110100000004518657"},"geometry":{"type":"MultiPolygon","coordinates":[[[[129.1107978,35.73358],[129.1107696,35.7335391],[129.1107453,35.7335013],[129.1106462,35.7335269],[129.1106703,35.73354],[129.1106919,35.7335736],[129.1107168,35.7336095],[129.1107978,35.73358]]]]}},{"type":"Feature","properties":{"UFID":"100035905005A00110100000004518658"},"geometry":{"type":"MultiPolygon","coordinates":[[[[129.1092158,35.7313968],[129.1091947,35.731371],[129.109164,35.7313961],[129.1091948,35.7314201],[129.1092158,35.7313968]]]]}},{"type":"Feature","properties":{"UFID":"100035905005A00110100000004518659"},"geometry":{"type":"MultiPolygon","coordinates":[[[[129.1078907,35.7292493],[129.1078168,35.7292306],[129.107536,35.7291761],[129.1075302,35.7291753],[129.1075403,35.7292468],[129.1075804,35.7292589],[129.1077935,35.7293002],[129.1078768,35.7293212],[129.1078907,35.7292493]]]]}},{"type":"Feature","properties":{"UFID":"100035905005A00110100000004518660"},"geometry":{"type":"MultiPolygon","coordinates":[[[[129.1091947,35.731371],[129.10918,35.731353],[129.1091756,35.7313484],[129.1091212,35.731222],[129.1091151,35.7312127],[129.109,35.7310402],[129.1089984,35.7310356],[129.1089955,35.731022],[129.1089934,35.731007],[129.1089927,35.7310026],[129.1089926,35.7309979],[129.108993,35.7309931],[129.1090002,35.7309326],[129.1090017,35.7309237],[129.1090019,35.7309127],[129.1090014,35.730905],[129.108999,35.7308906],[129.1089963,35.7308824],[129.1088635,35.7306593],[129.1087022,35.7304064],[129.1086649,35.7303509],[129.1085573,35.7301726],[129.108445,35.7299539],[129.1083604,35.7297758],[129.1083082,35.7295909],[129.1083013,35.7295638],[129.1082965,35.7295438],[129.1082941,35.7295239],[129.1082974,35.7294995],[129.108305,35.7294787],[129.1083313,35.7294745],[129.1082251,35.7294363],[129.1082409,35.7294616],[129.1082586,35.7295095],[129.1082617,35.7295396],[129.1082865,35.7296383],[129.1083292,35.7297852],[129.1083691,35.7298704],[129.1084267,35.72999],[129.1085187,35.73017],[129.1086061,35.7303152],[129.1086728,35.7304188],[129.1088338,35.7306714],[129.1089651,35.7308919],[129.1089664,35.730896],[129.1089683,35.7309076],[129.1089687,35.7309132],[129.1089686,35.7309216],[129.1089672,35.7309294],[129.1089599,35.730991],[129.1089594,35.7309972],[129.1089596,35.7310044],[129.1089604,35.7310102],[129.1089627,35.7310259],[129.108966,35.7310416],[129.1089691,35.7310505],[129.1090859,35.7312255],[129.1090907,35.7312329],[129.1091476,35.7313649],[129.1091531,35.7313796],[129.1091568,35.7313879],[129.109164,35.7313961],[129.1091947,35.731371]]]]}},{"type":"Feature","properties":{"UFID":"100035905005A00110100000004518661"},"geometry":{"type":"MultiPolygon","coordinates":[[[[129.1091948,35.7314201],[129.109164,35.7313961],[129.1091001,35.7314554],[129.1090817,35.7314669],[129.1090998,35.7314922],[129.1091854,35.7314232],[129.1091948,35.7314201]]]]}},{"type":"Feature","properties":{"UFID":"100035905005A00110100000004518662"},"geometry":{"type":"MultiPolygon","coordinates":[[[[129.1107788,35.7283137],[129.1107969,35.7283379],[129.1108096,35.7283261],[129.1108256,35.7283165],[129.1109254,35.7282455],[129.1110172,35.7281875],[129.1111117,35.7281288],[129.1111966,35.7280869],[129.1112368,35.7280719],[129.1113779,35.7280225],[129.1114323,35.7280027],[129.111526,35.7279642],[129.1115555,35.7279589],[129.111569,35.727959],[129.1115721,35.7279595],[129.1115895,35.727963],[129.1116041,35.7279677],[129.1116082,35.7279688],[129.1116107,35.7279696],[129.1116126,35.7279708],[129.1116247,35.7279799],[129.1116291,35.7279841],[129.111655,35.7280247],[129.1117039,35.7281745],[129.1117237,35.7282846],[129.1117382,35.7283511],[129.1117566,35.7284173],[129.111776,35.7284638],[129.1118078,35.7285087],[129.1118561,35.728566],[129.1118927,35.7286006],[129.1119453,35.7286235],[129.1119619,35.7286273],[129.1119885,35.7286299],[129.1120292,35.7286264],[129.1121047,35.7286056],[129.1121933,35.7285698],[129.1122679,35.7285562],[129.1122851,35.7285554],[129.1123885,35.7285551],[129.1124591,35.7285583],[129.1125175,35.728565],[129.1125617,35.7285757],[129.1125934,35.7285888],[129.1126507,35.7286252],[129.1128719,35.7287512],[129.113003,35.728827],[129.1130557,35.7288589],[129.1130755,35.7288372],[129.1130225,35.7288051],[129.112891,35.7287291],[129.1126704,35.7286035],[129.1126113,35.7285659],[129.112574,35.7285504],[129.1125245,35.7285385],[129.1124624,35.7285314],[129.1123894,35.7285281],[129.1122841,35.7285284],[129.1122633,35.7285293],[129.1121822,35.7285442],[129.1120919,35.7285806],[129.1120221,35.7285998],[129.1119887,35.7286027],[129.1119683,35.7286007],[129.1119577,35.7285983],[129.1119138,35.7285792],[129.1118824,35.7285495],[129.1118359,35.7284942],[129.1118063,35.7284525],[129.1117885,35.7284099],[129.1117707,35.7283457],[129.1117564,35.7282803],[129.1117365,35.728169],[129.1116861,35.7280149],[129.1116567,35.7279687],[129.1116485,35.7279611],[129.1116339,35.72795],[129.1116269,35.7279457],[129.1116192,35.7279433],[129.1116153,35.7279423],[129.1115997,35.7279372],[129.1115789,35.727933],[129.111572,35.727932],[129.1115521,35.7279318],[129.1115148,35.7279385],[129.1114181,35.7279783],[129.1113646,35.7279977],[129.1112234,35.7280472],[129.1111811,35.7280629],[129.111093,35.7281064],[129.1109969,35.7281661],[129.1109043,35.7282247],[129.1108048,35.7282954],[129.1107871,35.728306],[129.1107788,35.7283137]]]]}},{"type":"Feature","properties":{"UFID":"100035905005A00110100000004518663"},"geometry":{"type":"MultiPolygon","coordinates":[[[[129.1107788,35.7283137],[129.1107172,35.7283187],[129.1107033,35.7283173],[129.1106912,35.7283148],[129.1106773,35.7283085],[129.1105829,35.7282472],[129.1105176,35.7282173],[129.1104455,35.7282091],[129.1103528,35.7281976],[129.110285,35.7281827],[129.1101911,35.7281557],[129.1101188,35.7281436],[129.1100742,35.7281431],[129.1100326,35.7281439],[129.1099602,35.7281525],[129.1099029,35.7281707],[129.1098516,35.7281756],[129.1098169,35.7281751],[129.109698,35.7281634],[129.1096562,35.7281626],[129.1095977,35.7281588],[129.1095953,35.728158],[129.1095666,35.7281494],[129.109532,35.7281253],[129.109524,35.7281198],[129.1095204,35.7281575],[129.109523,35.728157],[129.1095265,35.7281571],[129.1095496,35.7281731],[129.109584,35.7281835],[129.1095906,35.7281854],[129.1096544,35.7281896],[129.1096903,35.7281903],[129.1097921,35.7281916],[129.1098699,35.728192],[129.1099133,35.7281909],[129.1099374,35.7281866],[129.1100035,35.7281647],[129.1100453,35.7281626],[129.1101107,35.7281655],[129.1102083,35.7281856],[129.1103166,35.7282138],[129.1103842,35.7282257],[129.1104942,35.728237],[129.1105509,35.7282596],[129.1106154,35.7283007],[129.1106761,35.72833],[129.1107126,35.7283398],[129.1107187,35.7283415],[129.1107242,35.7283429],[129.1107294,35.7283457],[129.110733,35.7283545],[129.1107788,35.7283137]]]]}},{"type":"Feature","properties":{"UFID":"100035905005A00110100000004518664"},"geometry":{"type":"MultiPolygon","coordinates":[[[[129.1112755,35.7333634],[129.1112463,35.7333839],[129.1112466,35.7333856],[129.1112527,35.7334141],[129.1111967,35.7334339],[129.111186,35.7334391],[129.1111802,35.7334418],[129.1111519,35.7334526],[129.1110874,35.7334693],[129.1110183,35.7334779],[129.111002,35.7334799],[129.1109907,35.7334842],[129.1109252,35.7335338],[129.1108673,35.7335965],[129.1108471,35.7336001],[129.1108329,35.7335994],[129.1107978,35.73358],[129.1108152,35.7336051],[129.1108616,35.7336637],[129.1108647,35.7336335],[129.1108961,35.7336122],[129.1109366,35.7335924],[129.1110054,35.7335212],[129.1110615,35.7335044],[129.111164,35.7334778],[129.1111956,35.7334658],[129.1112028,35.7334624],[129.1112118,35.733458],[129.1112899,35.7334305],[129.1112755,35.7333634]]]]}},{"type":"Feature","properties":{"UFID":"100035905005A00110100000004518665"},"geometry":{"type":"MultiPolygon","coordinates":[[[[129.1128604,35.7358525],[129.1128298,35.7358092],[129.1127946,35.7358296],[129.1128211,35.7358676],[129.1128604,35.7358525]]]]}},{"type":"Feature","properties":{"UFID":"100035905005A00110100000004518666"},"geometry":{"type":"MultiPolygon","coordinates":[[[[129.1128604,35.7358525],[129.1128211,35.7358676],[129.1128221,35.7358682],[129.1128255,35.7358718],[129.1128419,35.7358926],[129.1129217,35.7359794],[129.1129964,35.7360504],[129.1130215,35.7360328],[129.1129476,35.7359625],[129.1129068,35.7359138],[129.112862,35.735856],[129.1128604,35.7358525]]]]}},{"type":"Feature","properties":{"UFID":"100035905005A00110100000004518667"},"geometry":{"type":"MultiPolygon","coordinates":[[[[129.1128298,35.7358092],[129.1128104,35.7357744],[129.1127966,35.7357195],[129.1127949,35.7357133],[129.1127902,35.7356727],[129.1127897,35.735669],[129.1127908,35.735633],[129.1127941,35.7356089],[129.1128131,35.7355604],[129.1128463,35.7355058],[129.1128727,35.7354648],[129.1128755,35.7354592],[129.1128895,35.7354203],[129.1128905,35.7354127],[129.1128915,35.7354026],[129.1128906,35.7353855],[129.1128645,35.7352745],[129.112853,35.7352246],[129.1128523,35.735214],[129.1128538,35.7352054],[129.1128589,35.735195],[129.1128609,35.7351928],[129.1128216,35.7351984],[129.1128191,35.7352128],[129.11282,35.7352278],[129.1128319,35.7352796],[129.1128576,35.7353886],[129.1128583,35.7354021],[129.1128575,35.7354101],[129.1128568,35.7354149],[129.1128441,35.7354503],[129.1128426,35.7354534],[129.1128167,35.7354935],[129.1127823,35.7355503],[129.1127616,35.7356032],[129.1127577,35.7356312],[129.1127565,35.73567],[129.1127572,35.7356753],[129.1127621,35.7357176],[129.1127642,35.7357252],[129.112779,35.7357843],[129.1127946,35.7358296],[129.1128298,35.7358092]]]]}},{"type":"Feature","properties":{"UFID":"100035905005A00110100000004518668"},"geometry":{"type":"MultiPolygon","coordinates":[[[[129.1248989,35.7436231],[129.1248672,35.7435311],[129.124855,35.7435546],[129.1245697,35.7435964],[129.1245497,35.7435989],[129.1245556,35.7436367],[129.1248148,35.7436091],[129.1248624,35.7436034],[129.1248989,35.7436231]]]]}},{"type":"Feature","properties":{"UFID":"100035905005A00110100000004518669"},"geometry":{"type":"MultiPolygon","coordinates":[[[[129.1107969,35.7283379],[129.1107788,35.7283137],[129.110733,35.7283545],[129.1107675,35.7283664],[129.1107693,35.7283639],[129.1107785,35.728355],[129.1107969,35.7283379]]]]}},{"type":"Feature","properties":{"UFID":"100035905005A00110100000004518670"},"geometry":{"type":"MultiPolygon","coordinates":[[[[129.1024061,35.7283056],[129.1023509,35.7283305],[129.1023647,35.7283303],[129.1024095,35.7283335],[129.1024346,35.7283318],[129.102444,35.7283317],[129.1024808,35.7283302],[129.102541,35.7283324],[129.1026309,35.7283354],[129.1026419,35.7283357],[129.102717,35.7283359],[129.1027301,35.7283354],[129.1027442,35.7283354],[129.1027955,35.728333],[129.1028609,35.72833],[129.1028771,35.7283297],[129.1030526,35.7283244],[129.1030514,35.7282974],[129.1028762,35.7283027],[129.1028597,35.728303],[129.1027949,35.728306],[129.1027432,35.7283084],[129.1027294,35.7283084],[129.1027164,35.7283088],[129.1026425,35.7283087],[129.1026321,35.7283084],[129.1025424,35.7283054],[129.1024807,35.7283031],[129.1024428,35.7283047],[129.1024329,35.7283048],[129.1024096,35.7283064],[129.1024082,35.7283063],[129.1024067,35.7283059],[129.1024061,35.7283056]]]]}},{"type":"Feature","properties":{"UFID":"100035905005A00110100000004518671"},"geometry":{"type":"MultiPolygon","coordinates":[[[[129.1036239,35.728677],[129.1036181,35.728649],[129.1035843,35.7286631],[129.103532,35.7286833],[129.1035233,35.7286868],[129.1034325,35.7287149],[129.1034137,35.7287173],[129.1033446,35.7287193],[129.1033264,35.7287177],[129.1033196,35.7287164],[129.1033131,35.7287147],[129.1032624,35.7287056],[129.1032215,35.7287008],[129.1031857,35.7287001],[129.1031792,35.7287001],[129.1031573,35.7287001],[129.1031401,35.7287002],[129.1031077,35.7287014],[129.1030789,35.7287006],[129.103031,35.7286959],[129.1029561,35.7286803],[129.1029176,35.7286729],[129.1028638,35.7286592],[129.1028016,35.7286389],[129.1026378,35.7285854],[129.1026174,35.7285827],[129.1024163,35.7285717],[129.1024084,35.7285715],[129.1024062,35.7285985],[129.1024146,35.7285987],[129.1026136,35.7286096],[129.1026288,35.7286116],[129.1028022,35.7286682],[129.1028527,35.7286847],[129.1029088,35.728699],[129.1029482,35.7287066],[129.1030249,35.7287226],[129.1030764,35.7287276],[129.1031078,35.7287285],[129.103141,35.7287273],[129.1031575,35.7287271],[129.1031791,35.7287272],[129.1031852,35.7287272],[129.1032188,35.7287278],[129.1032564,35.7287322],[129.1033044,35.7287409],[129.103311,35.7287426],[129.103321,35.7287444],[129.1033433,35.7287464],[129.1034169,35.7287443],[129.1034411,35.7287412],[129.1035366,35.7287116],[129.1035464,35.7287076],[129.1035989,35.7286874],[129.1036239,35.728677]]]]}},{"type":"Feature","properties":{"UFID":"100035905005A00110100000004518674"},"geometry":{"type":"MultiPolygon","coordinates":[[[[129.1224597,35.7440536],[129.1224585,35.7440522],[129.1224318,35.7440278],[129.1223684,35.7439772],[129.122306,35.7439131],[129.1222415,35.7438378],[129.1221762,35.7437562],[129.1220922,35.7436558],[129.1220577,35.7436162],[129.1219861,35.7435357],[129.1219022,35.7434382],[129.1218331,35.743361],[129.1218075,35.7433305],[129.1217382,35.743244],[129.1216909,35.743181],[129.121615,35.7430561],[129.1215418,35.742903],[129.1214937,35.7427806],[129.1214378,35.7426304],[129.1214057,35.742526],[129.121364,35.7423867],[129.1212774,35.7424014],[129.1213199,35.7425433],[129.1213525,35.7426496],[129.1214092,35.7428021],[129.1214584,35.7429271],[129.121534,35.7430853],[129.1216134,35.743216],[129.1216635,35.7432825],[129.1217339,35.7433706],[129.1217609,35.7434027],[129.1218303,35.7434802],[129.1219141,35.7435776],[129.1219858,35.7436582],[129.1220195,35.743697],[129.1221026,35.7437963],[129.1221682,35.7438781],[129.122235,35.7439563],[129.1223026,35.7440255],[129.1223678,35.7440776],[129.1223768,35.7440859],[129.1224597,35.7440536]]]]}},{"type":"Feature","properties":{"UFID":"100035905005A00110100000004518675"},"geometry":{"type":"MultiPolygon","coordinates":[[[[129.1213099,35.7421945],[129.121364,35.7423867],[129.1214286,35.7422944],[129.1218244,35.7422354],[129.122768,35.7420926],[129.1227569,35.7420418],[129.1220285,35.7421485],[129.1213664,35.7422261],[129.1213099,35.7421945]]]]}},{"type":"Feature","properties":{"UFID":"100035905005A00110100000004518676"},"geometry":{"type":"MultiPolygon","coordinates":[[[[129.1043098,35.7287081],[129.1043824,35.7287251],[129.1043981,35.728695],[129.1044046,35.7286879],[129.1044613,35.7286571],[129.1044974,35.7286407],[129.1045297,35.7286372],[129.1045755,35.7286342],[129.1045645,35.7286064],[129.1045045,35.7286133],[129.1044594,35.7286226],[129.1044029,35.7286542],[129.104338,35.7286963],[129.1043227,35.728704],[129.1043204,35.7287055],[129.1043098,35.7287081]]]]}},{"type":"Feature","properties":{"UFID":"100035905005A00110100000004518678"},"geometry":{"type":"MultiPolygon","coordinates":[[[[129.1213099,35.7421945],[129.121309,35.7421915],[129.1212948,35.7421439],[129.1212753,35.7421011],[129.1212384,35.7420261],[129.1212014,35.741963],[129.1211309,35.7418696],[129.1211095,35.7418476],[129.1211032,35.7418394],[129.1210314,35.7417679],[129.1210037,35.7417408],[129.1209369,35.7416768],[129.1209034,35.7416451],[129.120818,35.741566],[129.1208128,35.7415607],[129.1207221,35.7414755],[129.1207001,35.7414554],[129.1206913,35.7414469],[129.1206168,35.7413782],[129.1206124,35.7413741],[129.1205947,35.7413581],[129.120502,35.7412699],[129.1204135,35.7411916],[129.1203185,35.7411117],[129.1202717,35.741074],[129.1201682,35.7409995],[129.1200528,35.7409197],[129.1199431,35.7408408],[129.1198803,35.7407938],[129.1198068,35.7407375],[129.1197104,35.7406658],[129.1196192,35.7406],[129.1194883,35.7405931],[129.1194913,35.7405951],[129.119542,35.740644],[129.1196264,35.7407015],[129.1196513,35.7407195],[129.1197467,35.7407904],[129.1198201,35.7408467],[129.119884,35.7408944],[129.1199949,35.7409742],[129.1201103,35.7410541],[129.1202113,35.7411268],[129.1202557,35.7411624],[129.1203493,35.7412411],[129.1204358,35.7413178],[129.1205284,35.7414058],[129.1205462,35.7414218],[129.1205502,35.7414257],[129.1206244,35.7414941],[129.1206333,35.7415026],[129.1206557,35.7415232],[129.1207448,35.7416067],[129.1207501,35.7416122],[129.1208367,35.7416925],[129.1208698,35.7417237],[129.120936,35.7417873],[129.1209632,35.7418138],[129.1210313,35.7418817],[129.1210373,35.7418894],[129.1210583,35.741911],[129.1211236,35.7419975],[129.1211574,35.7420551],[129.1211928,35.7421271],[129.1212101,35.7421651],[129.1212231,35.7422086],[129.1213099,35.7421945]]]]}},{"type":"Feature","properties":{"UFID":"100035905005A00110100000004518679"},"geometry":{"type":"MultiPolygon","coordinates":[[[[129.121364,35.7423867],[129.1213099,35.7421945],[129.1212231,35.7422086],[129.1212444,35.7422803],[129.1212706,35.7423785],[129.1212774,35.7424014],[129.121364,35.7423867]]]]}},{"type":"Feature","properties":{"UFID":"100035905005A00110100000004518690"},"geometry":{"type":"MultiPolygon","coordinates":[[[[129.1042012,35.7286941],[129.1041748,35.7286906],[129.1039948,35.7286573],[129.1038597,35.7286291],[129.1038043,35.72862],[129.1037571,35.7286182],[129.1037064,35.728624],[129.1036805,35.7286308],[129.1036634,35.7286345],[129.1036582,35.728634],[129.1036768,35.7286591],[129.1037084,35.7286527],[129.1037157,35.7286516],[129.1037314,35.7286505],[129.1037464,35.7286496],[129.1037614,35.7286496],[129.1037697,35.7286503],[129.1038179,35.7286556],[129.1038986,35.7286705],[129.1039955,35.7286945],[129.1041009,35.7287118],[129.1042012,35.7286941]]]]}},{"type":"Feature","properties":{"UFID":"100035905005A00110100000004518691"},"geometry":{"type":"MultiPolygon","coordinates":[[[[129.1043098,35.7287081],[129.1042949,35.7287066],[129.1042728,35.7287036],[129.1042691,35.72873],[129.1042914,35.728736],[129.1043098,35.7287081]]]]}},{"type":"Feature","properties":{"UFID":"100035905005A00110100000004518692"},"geometry":{"type":"MultiPolygon","coordinates":[[[[129.1043824,35.7287251],[129.1043098,35.7287081],[129.1042914,35.728736],[129.1043207,35.7287397],[129.1043466,35.7287442],[129.1043658,35.7287492],[129.1043824,35.7287251]]]]}},{"type":"Feature","properties":{"UFID":"100035905006A00110100000004518693"},"geometry":{"type":"MultiPolygon","coordinates":[[[[129.1310883,35.7444576],[129.1311445,35.7444835],[129.1312169,35.7443745],[129.1313127,35.7442178],[129.1313856,35.7441078],[129.1314733,35.7439905],[129.1315183,35.7439148],[129.1314534,35.7438956],[129.1313504,35.7440609],[129.1312748,35.7441789],[129.1311612,35.74436],[129.131093,35.7444526],[129.1310883,35.7444576]]]]}},{"type":"Feature","properties":{"UFID":"100035905006A00110100000004518694"},"geometry":{"type":"MultiPolygon","coordinates":[[[[129.1261355,35.7446687],[129.1260738,35.7446082],[129.1258616,35.7446461],[129.1259148,35.7447138],[129.1260734,35.7446798],[129.1261355,35.7446687]]]]}},{"type":"Feature","properties":{"UFID":"100035905006A00110100000004518695"},"geometry":{"type":"MultiPolygon","coordinates":[[[[129.1262274,35.7446524],[129.1261662,35.7445886],[129.1260738,35.7446082],[129.1261355,35.7446687],[129.1262274,35.7446524]]]]}},{"type":"Feature","properties":{"UFID":"100035905006A00110100000004518696"},"geometry":{"type":"MultiPolygon","coordinates":[[[[129.1414786,35.7349325],[129.1414583,35.7348752],[129.1414526,35.734885],[129.1414412,35.7349009],[129.1413532,35.7349854],[129.1413413,35.735002],[129.1413228,35.7350355],[129.1413176,35.7350584],[129.1413166,35.7350647],[129.1413162,35.7350718],[129.1413185,35.7350962],[129.141332,35.7351201],[129.1413771,35.735135],[129.1413511,35.7350893],[129.1413494,35.7350714],[129.1413497,35.7350669],[129.1413504,35.7350624],[129.1413547,35.7350436],[129.1413708,35.7350144],[129.1413804,35.735001],[129.1414507,35.7349335],[129.1414599,35.7349307],[129.1414707,35.7349305],[129.1414786,35.7349325]]]]}},{"type":"Feature","properties":{"UFID":"100035905006A00110100000004518697"},"geometry":{"type":"MultiPolygon","coordinates":[[[[129.1284007,35.7468469],[129.1283889,35.7467907],[129.1282906,35.7468168],[129.1282933,35.7468342],[129.1282988,35.7468785],[129.1284007,35.7468469]]]]}},{"type":"Feature","properties":{"UFID":"100035905006A00110100000004518698"},"geometry":{"type":"MultiPolygon","coordinates":[[[[129.1283889,35.7467907],[129.1284007,35.7468469],[129.1284134,35.7468291],[129.1284201,35.7468197],[129.12848,35.746777],[129.128545,35.7467347],[129.1285781,35.7467146],[129.1286029,35.7467017],[129.128612,35.7466994],[129.1286479,35.7466947],[129.1287197,35.7466926],[129.1287556,35.7466771],[129.1287401,35.7466532],[129.1287109,35.7466658],[129.1286447,35.7466678],[129.1286044,35.746673],[129.1285887,35.746677],[129.1285592,35.7466924],[129.1285248,35.7467133],[129.1284587,35.7467563],[129.128416,35.7467867],[129.1283889,35.7467907]]]]}},{"type":"Feature","properties":{"UFID":"100035905006A00110100000004518699"},"geometry":{"type":"MultiPolygon","coordinates":[[[[129.1283889,35.7467907],[129.128376,35.7467417],[129.1283321,35.746513],[129.1282862,35.7462464],[129.128258,35.746056],[129.1282488,35.7459374],[129.1282514,35.745824],[129.1282658,35.7456935],[129.1282681,35.7456869],[129.1282754,35.7456775],[129.1281811,35.7456741],[129.1281709,35.7457738],[129.1281653,35.74587],[129.1281688,35.7459902],[129.1281823,35.7461217],[129.1282064,35.7463105],[129.1282511,35.74657],[129.1282906,35.7468168],[129.1283889,35.7467907]]]]}},{"type":"Feature","properties":{"UFID":"100035905006A00110100000004518700"},"geometry":{"type":"MultiPolygon","coordinates":[[[[129.1287766,35.7455052],[129.1288359,35.7454465],[129.1287834,35.7454242],[129.1286895,35.7455241],[129.1287317,35.7455125],[129.1287572,35.7455073],[129.1287766,35.7455052]]]]}},{"type":"Feature","properties":{"UFID":"100035905006A00110100000004518701"},"geometry":{"type":"MultiPolygon","coordinates":[[[[129.1287834,35.7454242],[129.1288359,35.7454465],[129.1288355,35.7454434],[129.1288365,35.7454411],[129.1288674,35.7454333],[129.129032,35.7454068],[129.1291708,35.745385],[129.1292238,35.7453673],[129.1293495,35.745307],[129.129327,35.7452759],[129.1292041,35.745335],[129.1291581,35.7453502],[129.1290236,35.7453714],[129.1288566,35.7453983],[129.1288189,35.7454078],[129.1287834,35.7454242]]]]}},{"type":"Feature","properties":{"UFID":"100035905006A00110100000004518702"},"geometry":{"type":"MultiPolygon","coordinates":[[[[129.1286895,35.7455241],[129.1287834,35.7454242],[129.1286404,35.7454907],[129.1285467,35.7455183],[129.1284164,35.745558],[129.1284043,35.7455602],[129.1283347,35.7455565],[129.1283344,35.7455475],[129.1282808,35.7455457],[129.1282754,35.7456775],[129.1283123,35.7456537],[129.1284321,35.7456013],[129.1285658,35.7455606],[129.1286895,35.7455241]]]]}},{"type":"Feature","properties":{"UFID":"100035905006A00110100000004518703"},"geometry":{"type":"MultiPolygon","coordinates":[[[[129.1282808,35.7455457],[129.1281949,35.7455404],[129.1281903,35.745584],[129.1281811,35.7456741],[129.1282754,35.7456775],[129.1282808,35.7455457]]]]}},{"type":"Feature","properties":{"UFID":"100035905006A00110100000004518704"},"geometry":{"type":"MultiPolygon","coordinates":[[[[129.1261662,35.7445886],[129.1262274,35.7446524],[129.1264088,35.7446202],[129.1266453,35.7445759],[129.1268106,35.7445474],[129.1269373,35.7445302],[129.1270534,35.7445235],[129.1271576,35.7445254],[129.1272439,35.7445344],[129.1273158,35.7445485],[129.1274264,35.7445846],[129.1274268,35.7445847],[129.1274709,35.7446054],[129.1275635,35.744652],[129.1276902,35.7447204],[129.1278431,35.7448066],[129.127962,35.7448835],[129.1279928,35.7449104],[129.1280235,35.744945],[129.1280786,35.7450232],[129.1281788,35.7451767],[129.1281985,35.7452139],[129.128207,35.7452407],[129.128214,35.7452862],[129.1282159,35.7453105],[129.1282156,35.7453448],[129.1282099,35.7454],[129.1281949,35.7455404],[129.1282808,35.7455457],[129.1283009,35.7453771],[129.1283057,35.7452936],[129.1282926,35.7452068],[129.1282713,35.7451321],[129.1282265,35.7450429],[129.1281729,35.74497],[129.1280875,35.7448817],[129.1279968,35.7448052],[129.127845,35.7447026],[129.127668,35.7446003],[129.1275633,35.7445515],[129.1274915,35.7445268],[129.1273848,35.7444962],[129.1273129,35.7444782],[129.1272118,35.7444611],[129.1270877,35.7444558],[129.1269616,35.7444614],[129.1268522,35.7444743],[129.1265482,35.7445297],[129.1262007,35.7445909],[129.1261874,35.7445917],[129.1261662,35.7445886]]]]}},{"type":"Feature","properties":{"UFID":"100035905006A00110100000004518705"},"geometry":{"type":"MultiPolygon","coordinates":[[[[129.1259849,35.7436146],[129.1259493,35.7436051],[129.1259059,35.7436233],[129.125933,35.7436389],[129.1259849,35.7436146]]]]}},{"type":"Feature","properties":{"UFID":"100035905006A00110100000004518706"},"geometry":{"type":"MultiPolygon","coordinates":[[[[129.1259849,35.7436146],[129.125933,35.7436389],[129.1259834,35.7436403],[129.1260008,35.7436399],[129.1259958,35.7436175],[129.1259849,35.7436146]]]]}},{"type":"Feature","properties":{"UFID":"100035905006A00110100000004518707"},"geometry":{"type":"MultiPolygon","coordinates":[[[[129.1269046,35.7458214],[129.1268904,35.7457854],[129.1268704,35.745793],[129.1268455,35.7458021],[129.1268618,35.7458349],[129.1269046,35.7458214]]]]}},{"type":"Feature","properties":{"UFID":"100035905006A00110100000004518708"},"geometry":{"type":"MultiPolygon","coordinates":[[[[129.1268904,35.7457854],[129.1269046,35.7458214],[129.1269073,35.7458138],[129.1269146,35.745806],[129.1271417,35.7457229],[129.1275343,35.745578],[129.1277987,35.7454811],[129.1278187,35.7454761],[129.1278193,35.7454762],[129.127821,35.7454774],[129.1278339,35.7454946],[129.1278622,35.7454806],[129.1278467,35.7454598],[129.1278368,35.7454527],[129.1278281,35.7454494],[129.1278145,35.7454489],[129.1277871,35.7454557],[129.1275207,35.7455533],[129.1271281,35.7456983],[129.1268973,35.7457827],[129.1268904,35.7457854]]]]}},{"type":"Feature","properties":{"UFID":"100035905006A00110100000004518709"},"geometry":{"type":"MultiPolygon","coordinates":[[[[129.1270945,35.7468351],[129.1270682,35.7468154],[129.1270188,35.7468367],[129.1270582,35.7468642],[129.1270867,35.7468404],[129.1270945,35.7468351]]]]}},{"type":"Feature","properties":{"UFID":"100035905006A00110100000004518710"},"geometry":{"type":"MultiPolygon","coordinates":[[[[129.1273591,35.7467439],[129.1273311,35.7466967],[129.1273276,35.7467014],[129.1272782,35.7467139],[129.1272454,35.746723],[129.1272023,35.7467383],[129.1271849,35.7467464],[129.1271307,35.7467753],[129.127076,35.7468125],[129.1270682,35.7468154],[129.1270945,35.7468351],[129.1271505,35.7467971],[129.1272022,35.7467695],[129.1272172,35.7467625],[129.1272574,35.7467483],[129.1272885,35.7467396],[129.1273106,35.746734],[129.1273339,35.746735],[129.1273591,35.7467439]]]]}},{"type":"Feature","properties":{"UFID":"100035905006A00110100000004518711"},"geometry":{"type":"MultiPolygon","coordinates":[[[[129.1261662,35.7445886],[129.1261138,35.7445667],[129.1260992,35.7445516],[129.1260138,35.7444595],[129.1259776,35.7444293],[129.1259528,35.7444472],[129.1259886,35.7444772],[129.1260583,35.7445523],[129.1260708,35.7445825],[129.1260733,35.7445942],[129.1260738,35.7446082],[129.1261662,35.7445886]]]]}},{"type":"Feature","properties":{"UFID":"100035905006A00110100000004518712"},"geometry":{"type":"MultiPolygon","coordinates":[[[[129.1259776,35.7444293],[129.125945,35.744402],[129.1259064,35.744366],[129.1258888,35.7443488],[129.1258635,35.7443663],[129.1258812,35.7443836],[129.1259206,35.7444204],[129.1259528,35.7444472],[129.1259776,35.7444293]]]]}},{"type":"Feature","properties":{"UFID":"100035905006A00110100000004518713"},"geometry":{"type":"MultiPolygon","coordinates":[[[[129.1303258,35.7441634],[129.1302636,35.744146],[129.1302437,35.7442123],[129.1302351,35.7442527],[129.1303216,35.7442726],[129.1303258,35.7441634]]]]}},{"type":"Feature","properties":{"UFID":"100035905006A00110100000004518714"},"geometry":{"type":"MultiPolygon","coordinates":[[[[129.1302636,35.744146],[129.1303258,35.7441634],[129.130324,35.7441589],[129.1303223,35.7441491],[129.130321,35.744116],[129.1303558,35.7440498],[129.1304156,35.7439385],[129.1303612,35.7439198],[129.1302852,35.7440729],[129.1302672,35.7441338],[129.1302636,35.744146]]]]}},{"type":"Feature","properties":{"UFID":"100035905006A00110100000004518715"},"geometry":{"type":"MultiPolygon","coordinates":[[[[129.1311445,35.7444835],[129.1310883,35.7444576],[129.1310408,35.7445213],[129.1311072,35.7445672],[129.1311445,35.7444835]]]]}},{"type":"Feature","properties":{"UFID":"100035905006A00110100000004518716"},"geometry":{"type":"MultiPolygon","coordinates":[[[[129.1311072,35.7445672],[129.1310408,35.7445213],[129.1310441,35.7445328],[129.131044,35.7445407],[129.1310413,35.7445509],[129.1310388,35.744557],[129.1310187,35.7445907],[129.1309172,35.7447561],[129.1309675,35.7447799],[129.1310519,35.7446531],[129.1311072,35.7445672]]]]}},{"type":"Feature","properties":{"UFID":"100035905006A00110100000004518717"},"geometry":{"type":"MultiPolygon","coordinates":[[[[129.1305295,35.7442365],[129.1305177,35.7442379],[129.1303258,35.7441634],[129.1303216,35.7442726],[129.1303246,35.7442713],[129.1303659,35.7442592],[129.1303855,35.7442584],[129.130464,35.7442754],[129.1305027,35.7442878],[129.1305295,35.7442365]]]]}},{"type":"Feature","properties":{"UFID":"100035905006A00110100000004518718"},"geometry":{"type":"MultiPolygon","coordinates":[[[[129.1305295,35.7442365],[129.1306163,35.7442482],[129.1307115,35.7440745],[129.1307413,35.7440291],[129.1308873,35.7437954],[129.1310259,35.7435697],[129.1311458,35.7433723],[129.1312743,35.7431653],[129.1312272,35.7431451],[129.1311782,35.7432122],[129.1310947,35.7433433],[129.1310073,35.7434858],[129.1309259,35.7436276],[129.1308372,35.7437699],[129.1307238,35.743946],[129.1306198,35.7441129],[129.1305515,35.7442226],[129.1305404,35.7442328],[129.1305295,35.7442365]]]]}},{"type":"Feature","properties":{"UFID":"100035905006A00110100000004518719"},"geometry":{"type":"MultiPolygon","coordinates":[[[[129.1306163,35.7442482],[129.1305295,35.7442365],[129.1305027,35.7442878],[129.1305465,35.7443018],[129.1305762,35.7443164],[129.1305839,35.7443196],[129.1306163,35.7442482]]]]}},{"type":"Feature","properties":{"UFID":"100035905006A00110100000004518720"},"geometry":{"type":"MultiPolygon","coordinates":[[[[129.1310883,35.7444576],[129.1310816,35.7444594],[129.1310774,35.7444596],[129.1310548,35.7444585],[129.1306282,35.7442843],[129.1306255,35.7442819],[129.1306163,35.7442482],[129.1305839,35.7443196],[129.1306602,35.7443513],[129.1310328,35.7445061],[129.1310408,35.7445213],[129.1310883,35.7444576]]]]}},{"type":"Feature","properties":{"UFID":"100035905006A00110100000004518721"},"geometry":{"type":"MultiPolygon","coordinates":[[[[129.125933,35.7436389],[129.1259059,35.7436233],[129.1259042,35.7436264],[129.1259001,35.7436295],[129.125893,35.7436324],[129.1258055,35.7436712],[129.12571,35.7437249],[129.1256119,35.7437852],[129.125569,35.7438094],[129.1255256,35.7438409],[129.1255194,35.7438457],[129.1255157,35.7438472],[129.1255113,35.7438466],[129.1255343,35.7438893],[129.1255354,35.743886],[129.125557,35.7438741],[129.1255939,35.7438399],[129.1256662,35.7437788],[129.1258008,35.7436936],[129.1259051,35.7436446],[129.125933,35.7436389]]]]}},{"type":"Feature","properties":{"UFID":"100035905006A00110100000004518722"},"geometry":{"type":"MultiPolygon","coordinates":[[[[129.1259493,35.7436051],[129.1259443,35.7436038],[129.1258704,35.7435785],[129.1257443,35.7435432],[129.1257304,35.7435736],[129.1258499,35.7435982],[129.1259018,35.7436182],[129.1259059,35.7436233],[129.1259493,35.7436051]]]]}},{"type":"Feature","properties":{"UFID":"100035905006A00110100000004518723"},"geometry":{"type":"MultiPolygon","coordinates":[[[[129.1259148,35.7447138],[129.1258616,35.7446461],[129.1257801,35.7446608],[129.1258167,35.7447336],[129.1258725,35.7447229],[129.1259148,35.7447138]]]]}},{"type":"Feature","properties":{"UFID":"100035905006A00110100000004518724"},"geometry":{"type":"MultiPolygon","coordinates":[[[[129.1258616,35.7446461],[129.1258356,35.7446248],[129.12582,35.7445936],[129.1258169,35.7445744],[129.1258167,35.7445568],[129.1258172,35.7445464],[129.1258195,35.7445288],[129.1258251,35.7445137],[129.1258422,35.7444943],[129.1258754,35.7444753],[129.1259315,35.7444503],[129.1259528,35.7444472],[129.1259206,35.7444204],[129.1258812,35.7443836],[129.1258635,35.7443663],[129.1258503,35.7443773],[129.1258418,35.7444206],[129.1257958,35.7444803],[129.125769,35.744518],[129.1257641,35.7445339],[129.1257617,35.7445525],[129.1257619,35.7445669],[129.1257622,35.7445837],[129.1257642,35.7446031],[129.1257742,35.7446323],[129.1257872,35.7446521],[129.1257871,35.7446538],[129.1257828,35.7446577],[129.1257801,35.7446608],[129.1258616,35.7446461]]]]}},{"type":"Feature","properties":{"UFID":"100035905006A00110100000004518725"},"geometry":{"type":"MultiPolygon","coordinates":[[[[129.1258888,35.7443488],[129.1258624,35.744323],[129.1257887,35.7442242],[129.1257633,35.7441886],[129.1257397,35.7441494],[129.1257032,35.744154],[129.1257064,35.7441587],[129.1257219,35.7441801],[129.12576,35.7442376],[129.1258353,35.7443388],[129.1258635,35.7443663],[129.1258888,35.7443488]]]]}},{"type":"Feature","properties":{"UFID":"100035905006A00110100000004518726"},"geometry":{"type":"MultiPolygon","coordinates":[[[[129.1254246,35.7439371],[129.1252499,35.7438813],[129.1252049,35.7439257],[129.125298,35.7439576],[129.1254246,35.7439371]]]]}},{"type":"Feature","properties":{"UFID":"100035905006A00110100000004518727"},"geometry":{"type":"MultiPolygon","coordinates":[[[[129.1255343,35.7438893],[129.1255113,35.7438466],[129.1254308,35.7438621],[129.1254645,35.7439307],[129.1255343,35.7438893]]]]}},{"type":"Feature","properties":{"UFID":"100035905006A00110100000004518728"},"geometry":{"type":"MultiPolygon","coordinates":[[[[129.1254645,35.7439307],[129.1254308,35.7438621],[129.125409,35.7438664],[129.1253685,35.7438764],[129.125275,35.7438835],[129.1252499,35.7438813],[129.1254246,35.7439371],[129.1254626,35.743931],[129.1254645,35.7439307]]]]}},{"type":"Feature","properties":{"UFID":"100035905006A00110100000004518729"},"geometry":{"type":"MultiPolygon","coordinates":[[[[129.1255113,35.7438466],[129.1255069,35.7438434],[129.1254801,35.7438037],[129.1254066,35.7437067],[129.125361,35.743725],[129.1254215,35.7438099],[129.1254308,35.7438621],[129.1255113,35.7438466]]]]}},{"type":"Feature","properties":{"UFID":"100035905006A00110100000004518730"},"geometry":{"type":"MultiPolygon","coordinates":[[[[129.1379726,35.7312753],[129.1378788,35.7312391],[129.1378649,35.7312637],[129.1378896,35.7312737],[129.1379186,35.7312874],[129.1379311,35.7312957],[129.1379435,35.7313117],[129.1379726,35.7312753]]]]}},{"type":"Feature","properties":{"UFID":"100035905006A00110100000004518731"},"geometry":{"type":"MultiPolygon","coordinates":[[[[129.1378788,35.7312391],[129.1379726,35.7312753],[129.1379742,35.7312488],[129.1379774,35.7312378],[129.1379842,35.7312231],[129.137992,35.7312149],[129.1380205,35.7311956],[129.1380683,35.7311769],[129.1381504,35.7311552],[129.1382289,35.73113],[129.1382931,35.7310994],[129.138367,35.7310513],[129.1384893,35.730962],[129.1385356,35.7309291],[129.1385482,35.7309105],[129.1385527,35.7308876],[129.1385519,35.730876],[129.1385489,35.730858],[129.1385358,35.7308335],[129.1385212,35.7308167],[129.1383955,35.7307113],[129.138306,35.7306368],[129.1382774,35.7306103],[129.1381792,35.7305127],[129.1381549,35.7304909],[129.1381419,35.7304828],[129.1381266,35.7304764],[129.1381007,35.7304717],[129.1380724,35.7304715],[129.1380429,35.7304778],[129.1380167,35.7304886],[129.1379695,35.7305205],[129.1378952,35.7305838],[129.1378424,35.7306285],[129.1377987,35.730653],[129.1377793,35.7306584],[129.1377496,35.7306586],[129.1377025,35.7306513],[129.1375824,35.7306203],[129.1374734,35.7305917],[129.1374022,35.7305819],[129.1373578,35.7305805],[129.1373359,35.7305836],[129.1371939,35.7306097],[129.1370813,35.7306389],[129.137,35.7306633],[129.1369457,35.7306708],[129.1369157,35.7306705],[129.136885,35.7306661],[129.1368711,35.7306631],[129.1368624,35.7306892],[129.1368778,35.7306926],[129.1369127,35.7306975],[129.1369483,35.7306979],[129.1370086,35.7306895],[129.1370921,35.7306645],[129.1372026,35.7306358],[129.1373424,35.7306101],[129.13736,35.7306076],[129.1373988,35.7306089],[129.1374656,35.730618],[129.1375723,35.730646],[129.1376943,35.7306776],[129.1377465,35.7306856],[129.1377849,35.7306854],[129.1378138,35.7306773],[129.137864,35.7306492],[129.1379191,35.7306025],[129.1379922,35.7305403],[129.138035,35.7305114],[129.1380547,35.7305032],[129.1380765,35.7304986],[129.1380969,35.7304987],[129.1381152,35.730502],[129.1381241,35.7305058],[129.1381324,35.7305109],[129.1381541,35.7305304],[129.1382522,35.7306278],[129.1382817,35.7306552],[129.1383718,35.7307302],[129.1384956,35.730834],[129.1385068,35.7308469],[129.1385166,35.7308653],[129.1385188,35.7308786],[129.1385194,35.7308863],[129.1385164,35.7309016],[129.1385094,35.7309118],[129.1384674,35.7309417],[129.1383456,35.7310306],[129.1382743,35.7310771],[129.1382144,35.7311056],[129.1381392,35.7311297],[129.1380559,35.7311517],[129.1380025,35.7311727],[129.137968,35.731196],[129.1379561,35.7312086],[129.1379279,35.7312271],[129.1379073,35.7312337],[129.1378788,35.7312391]]]]}},{"type":"Feature","properties":{"UFID":"100035905006A00110100000004518732"},"geometry":{"type":"MultiPolygon","coordinates":[[[[129.1359947,35.7317172],[129.1359837,35.731715],[129.1359512,35.7317095],[129.1359418,35.7317079],[129.1359332,35.731747],[129.1359779,35.7317578],[129.1359947,35.7317172]]]]}},{"type":"Feature","properties":{"UFID":"100035905006A00110100000004518733"},"geometry":{"type":"MultiPolygon","coordinates":[[[[129.1359418,35.7317079],[129.1359083,35.7317022],[129.1358066,35.7316872],[129.1356846,35.7316818],[129.1355452,35.7316828],[129.1355454,35.7317098],[129.1356838,35.7317089],[129.1358027,35.7317141],[129.135902,35.7317288],[129.1359065,35.7317295],[129.1359201,35.7317363],[129.1359303,35.731743],[129.1359332,35.731747],[129.1359418,35.7317079]]]]}},{"type":"Feature","properties":{"UFID":"100035905006A00110100000004518734"},"geometry":{"type":"MultiPolygon","coordinates":[[[[129.1359779,35.7317578],[129.1359332,35.731747],[129.1359351,35.7317587],[129.1359183,35.731832],[129.1359509,35.731837],[129.135967,35.7317665],[129.1359779,35.7317578]]]]}},{"type":"Feature","properties":{"UFID":"100035905006A00110100000004518735"},"geometry":{"type":"MultiPolygon","coordinates":[[[[129.1405579,35.731078],[129.1405125,35.7310408],[129.14051,35.731055],[129.1405032,35.7310679],[129.1404778,35.731099],[129.1405135,35.7311154],[129.1405579,35.731078]]]]}},{"type":"Feature","properties":{"UFID":"100035905006A00110100000004518736"},"geometry":{"type":"MultiPolygon","coordinates":[[[[129.1405135,35.7311154],[129.1404778,35.731099],[129.1404725,35.7311055],[129.1404245,35.7311568],[129.1403947,35.7311855],[129.1403626,35.7312183],[129.1403243,35.7312675],[129.1403017,35.731283],[129.1403576,35.7313108],[129.1403478,35.7312927],[129.140354,35.7312798],[129.1403896,35.7312341],[129.1404203,35.7312027],[129.1404503,35.7311737],[129.1404995,35.7311212],[129.1405135,35.7311154]]]]}},{"type":"Feature","properties":{"UFID":"100035905006A00110100000004518737"},"geometry":{"type":"MultiPolygon","coordinates":[[[[129.1405579,35.731078],[129.1405135,35.7311154],[129.1405369,35.7311129],[129.1405603,35.7311136],[129.1405877,35.7311257],[129.1406829,35.7311812],[129.1407405,35.7312408],[129.1407666,35.731224],[129.140706,35.7311614],[129.1406053,35.7311028],[129.1405739,35.7310888],[129.1405675,35.731087],[129.1405579,35.731078]]]]}},{"type":"Feature","properties":{"UFID":"100035905006A00110100000004518738"},"geometry":{"type":"MultiPolygon","coordinates":[[[[129.1403576,35.7313108],[129.1403017,35.731283],[129.1402693,35.7313323],[129.1403842,35.7313989],[129.1403904,35.7313266],[129.1403576,35.7313108]]]]}},{"type":"Feature","properties":{"UFID":"100035905006A00110100000004518739"},"geometry":{"type":"MultiPolygon","coordinates":[[[[129.1413324,35.7327128],[129.1412898,35.7326895],[129.1412579,35.7326655],[129.1412171,35.7326169],[129.1412085,35.7326037],[129.1411969,35.7325785],[129.1411693,35.7325003],[129.1411525,35.7324705],[129.1411257,35.7324394],[129.1410941,35.732414],[129.1410092,35.7323407],[129.1409442,35.7322862],[129.1409032,35.7322402],[129.1408741,35.7321944],[129.14082,35.7320948],[129.1407912,35.7320401],[129.1407263,35.7319292],[129.140664,35.7318123],[129.1406251,35.7317318],[129.1405958,35.731676],[129.140583,35.7316604],[129.140533,35.731606],[129.1404147,35.7315027],[129.1403914,35.7314806],[129.1403824,35.7314669],[129.1403842,35.7313989],[129.1402693,35.7313323],[129.1403444,35.7314654],[129.1403451,35.7314673],[129.1403639,35.7314959],[129.14039,35.7315207],[129.1405076,35.7316234],[129.140556,35.7316761],[129.1405666,35.731689],[129.1405944,35.731742],[129.1406334,35.7318227],[129.1406961,35.7319404],[129.140761,35.7320512],[129.1407896,35.7321056],[129.1408442,35.7322061],[129.1408749,35.7322545],[129.1409188,35.7323036],[129.1409853,35.7323594],[129.1410704,35.7324329],[129.1411002,35.7324569],[129.1411236,35.732484],[129.1411381,35.7325097],[129.1411654,35.732587],[129.1411782,35.7326148],[129.1411886,35.7326309],[129.141222,35.7326706],[129.1412303,35.7326923],[129.1412308,35.7327116],[129.1412253,35.7327313],[129.1412116,35.7327437],[129.1413324,35.7327128]]]]}},{"type":"Feature","properties":{"UFID":"100035905006A00110100000004518740"},"geometry":{"type":"MultiPolygon","coordinates":[[[[129.1413753,35.7327625],[129.1413324,35.7327128],[129.1412116,35.7327437],[129.1412225,35.7327699],[129.1412505,35.732766],[129.141302,35.7327621],[129.1413753,35.7327625]]]]}},{"type":"Feature","properties":{"UFID":"100035905006A00110100000004518741"},"geometry":{"type":"MultiPolygon","coordinates":[[[[129.141286,35.733372],[129.1412826,35.7333377],[129.1412739,35.7333401],[129.1412541,35.7333449],[129.1412327,35.7333477],[129.141235,35.7333785],[129.141286,35.733372]]]]}},{"type":"Feature","properties":{"UFID":"100035905006A00110100000004518742"},"geometry":{"type":"MultiPolygon","coordinates":[[[[129.1410927,35.7334236],[129.1411019,35.7334112],[129.141146,35.7333844],[129.1411973,35.7333749],[129.1412245,35.7333748],[129.141235,35.7333785],[129.1412327,35.7333477],[129.1411935,35.7333479],[129.1411318,35.7333593],[129.1410768,35.7333927],[129.1410437,35.7334257],[129.1410245,35.733438],[129.1410927,35.7334236]]]]}},{"type":"Feature","properties":{"UFID":"100035905006A00110100000004518743"},"geometry":{"type":"MultiPolygon","coordinates":[[[[129.1410726,35.7334611],[129.1410773,35.7334447],[129.1410927,35.7334236],[129.1410245,35.733438],[129.141029,35.7334753],[129.1410726,35.7334611]]]]}},{"type":"Feature","properties":{"UFID":"100035905006A00110100000004518744"},"geometry":{"type":"MultiPolygon","coordinates":[[[[129.141029,35.7334753],[129.1410245,35.733438],[129.1410116,35.7334449],[129.1409806,35.7334501],[129.1409175,35.7334563],[129.1408883,35.7334573],[129.1408718,35.7334551],[129.140842,35.7334454],[129.1408297,35.7334705],[129.1408629,35.7334814],[129.1408864,35.7334844],[129.1409201,35.7334832],[129.1409859,35.7334768],[129.141014,35.7334721],[129.1410264,35.7334742],[129.141029,35.7334753]]]]}},{"type":"Feature","properties":{"UFID":"100035905006A00110100000004518745"},"geometry":{"type":"MultiPolygon","coordinates":[[[[129.1410726,35.7334611],[129.141029,35.7334753],[129.1410316,35.7334778],[129.1410342,35.733483],[129.141046,35.7335644],[129.1410657,35.7337157],[129.1411022,35.7337394],[129.1410995,35.7337201],[129.1410987,35.7337131],[129.141079,35.7335614],[129.1410676,35.7334827],[129.1410685,35.7334755],[129.1410726,35.7334611]]]]}},{"type":"Feature","properties":{"UFID":"100035905006A00110100000004518746"},"geometry":{"type":"MultiPolygon","coordinates":[[[[129.1411022,35.7337394],[129.1410657,35.7337157],[129.1410663,35.7337562],[129.1411218,35.7337721],[129.141108,35.7337559],[129.1411022,35.7337394]]]]}},{"type":"Feature","properties":{"UFID":"100035905006A00110100000004518747"},"geometry":{"type":"MultiPolygon","coordinates":[[[[129.1412096,35.7338743],[129.1411493,35.7338044],[129.1411218,35.7337721],[129.1410663,35.7337562],[129.1410772,35.7337664],[129.1410798,35.7337703],[129.1411221,35.7338199],[129.1411797,35.7338866],[129.1411819,35.7338948],[129.1412096,35.7338743]]]]}},{"type":"Feature","properties":{"UFID":"100035905006A00110100000004518748"},"geometry":{"type":"MultiPolygon","coordinates":[[[[129.1410657,35.7337157],[129.1410634,35.7337188],[129.1410611,35.7337193],[129.1410572,35.7337185],[129.1410087,35.7336928],[129.1409907,35.7337155],[129.1410645,35.7337546],[129.1410663,35.7337562],[129.1410657,35.7337157]]]]}},{"type":"Feature","properties":{"UFID":"100035905006A00110100000004518749"},"geometry":{"type":"MultiPolygon","coordinates":[[[[129.1412649,35.7339205],[129.1412479,35.7339103],[129.141214,35.7338794],[129.1412096,35.7338743],[129.1411819,35.7338948],[129.1412394,35.7339388],[129.1412649,35.7339205]]]]}},{"type":"Feature","properties":{"UFID":"100035905006A00110100000004518750"},"geometry":{"type":"MultiPolygon","coordinates":[[[[129.1310656,35.7318728],[129.1310423,35.7318921],[129.1310612,35.7319061],[129.1311423,35.7319488],[129.1311883,35.7319641],[129.1312414,35.7319699],[129.1312948,35.7319624],[129.1313277,35.7319524],[129.1313366,35.7319491],[129.1313228,35.7319245],[129.131315,35.7319274],[129.1312861,35.7319362],[129.1312408,35.7319425],[129.1311969,35.7319377],[129.1311577,35.7319247],[129.1310815,35.7318846],[129.1310656,35.7318728]]]]}},{"type":"Feature","properties":{"UFID":"100035905006A00110100000004518751"},"geometry":{"type":"MultiPolygon","coordinates":[[[[129.1357985,35.731861],[129.1357867,35.7318358],[129.1357747,35.7318395],[129.1357338,35.7318538],[129.1357111,35.7318712],[129.1356887,35.7319296],[129.1356786,35.7319557],[129.1356499,35.7320335],[129.1356418,35.732047],[129.1355975,35.7320984],[129.135581,35.7321137],[129.1355143,35.7321788],[129.1354878,35.7321956],[129.1354554,35.7322085],[129.1354121,35.7322167],[129.1353237,35.7322316],[129.1352597,35.7322594],[129.1351146,35.7323574],[129.1350799,35.7323792],[129.1351002,35.7324006],[129.1351353,35.7323785],[129.1352783,35.732282],[129.1353351,35.7322573],[129.1354192,35.7322431],[129.1354665,35.7322342],[129.1355055,35.7322187],[129.1355375,35.7321983],[129.1356062,35.7321313],[129.1356236,35.7321151],[129.1356704,35.7320609],[129.1356809,35.7320435],[129.1357103,35.7319637],[129.1357204,35.7319377],[129.1357402,35.731886],[129.1357523,35.7318768],[129.1357871,35.7318646],[129.1357985,35.731861]]]]}},{"type":"Feature","properties":{"UFID":"100035905006A00110100000004518752"},"geometry":{"type":"MultiPolygon","coordinates":[[[[129.1310656,35.7318728],[129.1310444,35.731857],[129.131029,35.7318347],[129.1310045,35.7318543],[129.1310181,35.7318741],[129.1310423,35.7318921],[129.1310656,35.7318728]]]]}},{"type":"Feature","properties":{"UFID":"100035905006A00110100000004518753"},"geometry":{"type":"MultiPolygon","coordinates":[[[[129.130055,35.7457596],[129.1295837,35.7457578],[129.1295749,35.7457566],[129.1295632,35.7457522],[129.1295589,35.7457433],[129.1295518,35.7458101],[129.1295617,35.7458069],[129.1300215,35.745803],[129.1300486,35.7458115],[129.130055,35.7457596]]]]}},{"type":"Feature","properties":{"UFID":"100035905006A00110100000004518754"},"geometry":{"type":"MultiPolygon","coordinates":[[[[129.1301496,35.74576],[129.130055,35.7457596],[129.1300486,35.7458115],[129.1301448,35.7458132],[129.1301496,35.74576]]]]}},{"type":"Feature","properties":{"UFID":"100035905006A00110100000004518755"},"geometry":{"type":"MultiPolygon","coordinates":[[[[129.1302301,35.7458098],[129.1302283,35.7457603],[129.1301496,35.74576],[129.1301448,35.7458132],[129.1301567,35.7458099],[129.1302301,35.7458098]]]]}},{"type":"Feature","properties":{"UFID":"100035905006A00110100000004518756"},"geometry":{"type":"MultiPolygon","coordinates":[[[[129.1303748,35.745771],[129.1302283,35.7457603],[129.1302301,35.7458098],[129.1303744,35.7458097],[129.1303748,35.745771]]]]}},{"type":"Feature","properties":{"UFID":"100035905006A00110100000004518757"},"geometry":{"type":"MultiPolygon","coordinates":[[[[129.1303493,35.7455437],[129.1302845,35.745542],[129.130285,35.7457086],[129.1302814,35.7457217],[129.1302789,35.7457299],[129.1302594,35.74575],[129.1302283,35.7457603],[129.1303748,35.745771],[129.1303509,35.745755],[129.1303418,35.7457304],[129.1303408,35.7456833],[129.1303426,35.7455583],[129.130345,35.7455505],[129.1303493,35.7455437]]]]}},{"type":"Feature","properties":{"UFID":"100035905006A00110100000004518758"},"geometry":{"type":"MultiPolygon","coordinates":[[[[129.1303572,35.7454828],[129.1302849,35.7454778],[129.1302845,35.7455306],[129.1302845,35.745542],[129.1303493,35.7455437],[129.1303572,35.7454828]]]]}},{"type":"Feature","properties":{"UFID":"100035905006A00110100000004518759"},"geometry":{"type":"MultiPolygon","coordinates":[[[[129.1302849,35.7454778],[129.1303572,35.7454828],[129.1303443,35.7454633],[129.1303405,35.7454329],[129.1303398,35.7452915],[129.1303545,35.7452064],[129.1302983,35.745196],[129.1302855,35.7452906],[129.1302857,35.7453853],[129.1302849,35.7454778]]]]}},{"type":"Feature","properties":{"UFID":"100035905006A00110100000004518760"},"geometry":{"type":"MultiPolygon","coordinates":[[[[129.1295589,35.7457433],[129.1294885,35.7457218],[129.1294662,35.7457839],[129.1295518,35.7458101],[129.1295589,35.7457433]]]]}},{"type":"Feature","properties":{"UFID":"100035905006A00110100000004518761"},"geometry":{"type":"MultiPolygon","coordinates":[[[[129.1294885,35.7457218],[129.1294685,35.7457274],[129.129446,35.7457272],[129.1294268,35.7457229],[129.1292892,35.745666],[129.1291366,35.7456011],[129.1289579,35.7455292],[129.1289156,35.7455097],[129.1288801,35.7454926],[129.1288359,35.7454465],[129.1287766,35.7455052],[129.1287993,35.7455052],[129.1288062,35.7455068],[129.1288442,35.7455277],[129.1288879,35.7455487],[129.128932,35.7455691],[129.1291116,35.7456413],[129.1291391,35.7456536],[129.1292995,35.7457158],[129.1294662,35.7457839],[129.1294885,35.7457218]]]]}},{"type":"Feature","properties":{"UFID":"100035905006A00110100000004518762"},"geometry":{"type":"MultiPolygon","coordinates":[[[[129.1302423,35.7445774],[129.1302149,35.7445738],[129.1301874,35.7445706],[129.1301873,35.7445721],[129.1301805,35.7446452],[129.1301669,35.7447025],[129.1301327,35.7447771],[129.1300652,35.7449048],[129.129996,35.7450201],[129.1299589,35.7450722],[129.1299229,35.7451089],[129.1298258,35.7452011],[129.1297361,35.7453023],[129.1296652,35.745403],[129.1296076,35.7455174],[129.1295268,35.745669],[129.129519,35.7456829],[129.1295059,35.7457051],[129.1294955,35.7457173],[129.1294885,35.7457218],[129.1295589,35.7457433],[129.1295643,35.7457195],[129.1295691,35.745702],[129.1295773,35.7456873],[129.1296585,35.7455349],[129.1297149,35.7454229],[129.1297826,35.7453268],[129.1298692,35.745229],[129.1299655,35.7451376],[129.1300046,35.7450977],[129.1300448,35.7450414],[129.1301154,35.7449237],[129.130184,35.744794],[129.1302202,35.7447147],[129.1302353,35.7446512],[129.1302423,35.7445774]]]]}},{"type":"Feature","properties":{"UFID":"100035905006A00110100000004518763"},"geometry":{"type":"MultiPolygon","coordinates":[[[[129.1303216,35.7442726],[129.1302351,35.7442527],[129.1302116,35.744363],[129.1301955,35.7444369],[129.1301874,35.7445706],[129.1302149,35.7445738],[129.1302423,35.7445774],[129.1302424,35.7445755],[129.1302577,35.7444699],[129.1302659,35.7444033],[129.1302949,35.7443294],[129.1303216,35.7442726]]]]}},{"type":"Feature","properties":{"UFID":"100035905006A00110100000004518764"},"geometry":{"type":"MultiPolygon","coordinates":[[[[129.1400298,35.7304013],[129.1400153,35.730433],[129.1400391,35.7304296],[129.1400523,35.7304293],[129.1400636,35.7304279],[129.1401786,35.7304129],[129.1402016,35.7304118],[129.1402381,35.7304033],[129.140248,35.7303998],[129.1402582,35.7303935],[129.1403223,35.7303535],[129.1403262,35.7303511],[129.1403422,35.7303448],[129.1403608,35.730343],[129.1403827,35.7303468],[129.1404388,35.7303691],[129.1404506,35.7303755],[129.1404757,35.7303909],[129.1404811,35.730396],[129.1404876,35.7304058],[129.1404928,35.73042],[129.1404955,35.730434],[129.140498,35.7304531],[129.1405026,35.7305452],[129.1404972,35.7307064],[129.1404953,35.7307949],[129.1404841,35.7308865],[129.1404841,35.7308945],[129.1404854,35.7309056],[129.1404971,35.7309641],[129.1405111,35.7310279],[129.1405125,35.7310408],[129.1405579,35.731078],[129.1405504,35.7310643],[129.1405459,35.7310415],[129.140544,35.7310244],[129.1405297,35.7309595],[129.1405183,35.7309021],[129.1405172,35.7308932],[129.1405173,35.7308879],[129.1405284,35.7307965],[129.1405304,35.730707],[129.1405358,35.730545],[129.1405311,35.7304511],[129.1405284,35.7304305],[129.1405252,35.730414],[129.1405184,35.7303953],[129.1405085,35.7303805],[129.1404984,35.7303711],[129.1404698,35.7303534],[129.1404553,35.7303456],[129.1403936,35.730321],[129.1403623,35.7303156],[129.1403327,35.7303185],[129.1403089,35.7303279],[129.1403023,35.730332],[129.140238,35.730372],[129.140231,35.7303764],[129.1402269,35.7303778],[129.140196,35.730385],[129.140175,35.730386],[129.1400585,35.7304012],[129.1400494,35.7304024],[129.1400409,35.7304025],[129.1400298,35.7304013]]]]}},{"type":"Feature","properties":{"UFID":"100035905006A00110100000004518765"},"geometry":{"type":"MultiPolygon","coordinates":[[[[129.1399126,35.7298184],[129.139911,35.729811],[129.1398756,35.7297113],[129.1398637,35.7296796],[129.1398609,35.7296626],[129.1398609,35.7296556],[129.1398616,35.7296529],[129.1398649,35.7296497],[129.1398826,35.7296395],[129.1399742,35.7295969],[129.1400423,35.7295651],[129.1400685,35.7295494],[129.140082,35.7295363],[129.1400947,35.7295179],[129.1401016,35.7294973],[129.1401026,35.7294771],[129.1401004,35.7294583],[129.1400919,35.7294152],[129.1400426,35.7292996],[129.1400028,35.7291938],[129.1399924,35.729158],[129.139941,35.7290095],[129.1398528,35.728869],[129.1397831,35.7287461],[129.139738,35.7286674],[129.1397371,35.7286659],[129.1397312,35.728656],[129.1397,35.7286655],[129.1397074,35.728678],[129.1397083,35.7286794],[129.139753,35.7287575],[129.139823,35.7288808],[129.13991,35.7290194],[129.1399603,35.7291648],[129.1399708,35.7292009],[129.1400111,35.729308],[129.1400596,35.7294219],[129.1400675,35.7294617],[129.1400694,35.7294778],[129.1400686,35.7294931],[129.1400638,35.7295076],[129.1400546,35.7295208],[129.1400457,35.7295296],[129.1400242,35.7295424],[129.1399578,35.7295734],[129.1398648,35.7296166],[129.1398422,35.7296297],[129.139831,35.7296407],[129.1398278,35.7296527],[129.1398278,35.7296644],[129.1398311,35.7296853],[129.1398438,35.729719],[129.1398786,35.7298171],[129.1398799,35.729823],[129.1399126,35.7298184]]]]}},{"type":"Feature","properties":{"UFID":"100035905006A00110100000004518766"},"geometry":{"type":"MultiPolygon","coordinates":[[[[129.1397,35.7286655],[129.1396609,35.7285943],[129.1396621,35.7286049],[129.1396585,35.7286153],[129.1396515,35.7286253],[129.1395433,35.7286571],[129.1394226,35.7287044],[129.1393344,35.7287381],[129.1392498,35.7287941],[129.1392401,35.728803],[129.1392318,35.7288134],[129.1392235,35.7288277],[129.139218,35.7288478],[129.1392163,35.7288628],[129.1392205,35.7289002],[129.1392331,35.7289452],[129.1392701,35.7290102],[129.1393128,35.7290643],[129.1393553,35.7291107],[129.1393819,35.7290945],[129.13934,35.7290488],[129.1392992,35.7289972],[129.1392647,35.7289364],[129.1392533,35.728896],[129.1392496,35.7288628],[129.1392508,35.7288519],[129.139255,35.7288365],[129.1392608,35.7288267],[129.1392665,35.7288195],[129.1392728,35.7288138],[129.1393521,35.7287611],[129.1394368,35.7287288],[129.1395561,35.7286821],[129.1396554,35.7286529],[129.1396758,35.7286547],[129.1396866,35.7286575],[129.1397,35.7286655]]]]}},{"type":"Feature","properties":{"UFID":"100035905006A00110100000004518767"},"geometry":{"type":"MultiPolygon","coordinates":[[[[129.1396915,35.7285837],[129.1396695,35.728534],[129.139611,35.7283731],[129.1395419,35.7282875],[129.1394132,35.7281597],[129.1392217,35.7279213],[129.1391932,35.727897],[129.1391654,35.7278842],[129.1391282,35.7278741],[129.1390856,35.7278693],[129.1390404,35.7278701],[129.1389348,35.7278876],[129.1388401,35.7279054],[129.1388373,35.7279058],[129.1388269,35.7279058],[129.1387988,35.7279044],[129.1387798,35.7279003],[129.1386963,35.727851],[129.1386582,35.7278091],[129.1386393,35.7277683],[129.1386221,35.7277157],[129.1385463,35.7274972],[129.1385459,35.7274927],[129.1385469,35.7274874],[129.138549,35.7274828],[129.1385518,35.7274795],[129.1385573,35.7274758],[129.1385609,35.7274747],[129.1387524,35.7274255],[129.1388244,35.7274021],[129.1388305,35.7274],[129.1388346,35.727398],[129.1388418,35.7273942],[129.1388499,35.7273883],[129.1388542,35.727384],[129.1388619,35.7273724],[129.1388835,35.7273142],[129.1388518,35.7273063],[129.1388311,35.727362],[129.1388265,35.727369],[129.1388259,35.7273696],[129.1388217,35.7273727],[129.1388172,35.727375],[129.1388156,35.7273758],[129.1388118,35.7273771],[129.1387413,35.7274],[129.1385502,35.7274491],[129.1385405,35.727452],[129.1385272,35.727461],[129.1385194,35.7274701],[129.1385146,35.7274806],[129.1385126,35.7274918],[129.1385135,35.727502],[129.1385901,35.7277229],[129.1386077,35.7277766],[129.1386288,35.7278222],[129.1386727,35.7278704],[129.1387653,35.7279252],[129.1387936,35.7279313],[129.1388259,35.7279328],[129.1388401,35.7279328],[129.1388467,35.7279319],[129.1389419,35.727914],[129.1390441,35.727897],[129.1390836,35.7278963],[129.1391206,35.7279005],[129.1391519,35.7279091],[129.1391727,35.7279186],[129.1391957,35.7279382],[129.1393864,35.7281757],[129.1395151,35.7283036],[129.1395806,35.7283846],[129.139638,35.7285424],[129.1396609,35.7285943],[129.1396915,35.7285837]]]]}},{"type":"Feature","properties":{"UFID":"100035905006A00110100000004518768"},"geometry":{"type":"MultiPolygon","coordinates":[[[[129.1397312,35.728656],[129.1397011,35.7286055],[129.1396915,35.7285837],[129.1396609,35.7285943],[129.1397,35.7286655],[129.1397312,35.728656]]]]}},{"type":"Feature","properties":{"UFID":"100035905006A00110100000004518769"},"geometry":{"type":"MultiPolygon","coordinates":[[[[129.1400298,35.7304013],[129.1400165,35.7303964],[129.1400057,35.7303924],[129.1399868,35.7303819],[129.1399749,35.7303681],[129.1399513,35.7304223],[129.1400153,35.730433],[129.1400298,35.7304013]]]]}},{"type":"Feature","properties":{"UFID":"100035905006A00110100000004518770"},"geometry":{"type":"MultiPolygon","coordinates":[[[[129.1399749,35.7303681],[129.1399667,35.730352],[129.1399662,35.7303492],[129.1399483,35.7302168],[129.139942,35.7301063],[129.1399324,35.7299719],[129.1399298,35.7299306],[129.1398968,35.729933],[129.1398993,35.7299734],[129.1399088,35.7301077],[129.1399152,35.7302189],[129.1399333,35.7303527],[129.1399345,35.7303593],[129.1399513,35.7304223],[129.1399749,35.7303681]]]]}},{"type":"Feature","properties":{"UFID":"100035905006A00110100000004518771"},"geometry":{"type":"MultiPolygon","coordinates":[[[[129.1399126,35.7298184],[129.1399298,35.7299306],[129.1399403,35.7299093],[129.1399522,35.729893],[129.1399806,35.7298746],[129.1400161,35.7298676],[129.1400631,35.7298556],[129.1400532,35.7298298],[129.1400073,35.7298415],[129.1399587,35.7298416],[129.1399354,35.729834],[129.1399126,35.7298184]]]]}},{"type":"Feature","properties":{"UFID":"100035905006A00110100000004518772"},"geometry":{"type":"MultiPolygon","coordinates":[[[[129.1399298,35.7299306],[129.1399126,35.7298184],[129.1398799,35.729823],[129.1398816,35.7298311],[129.1398957,35.7299158],[129.1398968,35.729933],[129.1399298,35.7299306]]]]}},{"type":"Feature","properties":{"UFID":"100035905006A00110100000004518773"},"geometry":{"type":"MultiPolygon","coordinates":[[[[129.1412225,35.7327699],[129.1412116,35.7327437],[129.1411921,35.7327455],[129.1410703,35.7327527],[129.1410317,35.7327518],[129.1409321,35.7327353],[129.1408558,35.7327126],[129.1408049,35.7326918],[129.1407537,35.7326614],[129.1406356,35.7325707],[129.1405248,35.7324961],[129.1405188,35.7324921],[129.1404245,35.732435],[129.1403668,35.7324069],[129.1402256,35.7323536],[129.1400845,35.7323057],[129.1399692,35.7322716],[129.139845,35.7322371],[129.1397967,35.7322193],[129.1397801,35.7322117],[129.1397245,35.7321781],[129.139638,35.7321212],[129.1395892,35.7320861],[129.1395579,35.7320595],[129.1395119,35.7320108],[129.139455,35.7319463],[129.139439,35.7319155],[129.1394084,35.7318838],[129.1393709,35.731858],[129.1393317,35.731838],[129.1392883,35.7318263],[129.139286,35.731825],[129.139198,35.7317807],[129.1391209,35.7317529],[129.1390614,35.731742],[129.1389582,35.7317313],[129.1388679,35.7317268],[129.1387913,35.7317197],[129.1387139,35.731708],[129.1386735,35.7316941],[129.1386356,35.7316745],[129.1385786,35.7316441],[129.1385309,35.7316247],[129.138445,35.7316036],[129.1383407,35.7315844],[129.1382662,35.7315679],[129.1382311,35.7315564],[129.1382093,35.7315462],[129.138159,35.7315124],[129.1381072,35.7314743],[129.1380626,35.7314305],[129.1380335,35.7313928],[129.1379883,35.7313232],[129.1379801,35.7313083],[129.1379726,35.7312753],[129.1379435,35.7313117],[129.1379508,35.7313211],[129.137959,35.7313361],[129.1379594,35.7313366],[129.1380048,35.7314063],[129.1380358,35.7314465],[129.1380588,35.7314687],[129.1380751,35.7314844],[129.1381155,35.731515],[129.1381398,35.7315333],[129.138189,35.7315679],[129.1382166,35.7315808],[129.1382557,35.7315936],[129.1383327,35.7316106],[129.1384365,35.7316298],[129.1385186,35.7316499],[129.1385621,35.7316676],[129.1386176,35.7316972],[129.1386581,35.7317181],[129.1387043,35.731734],[129.1387864,35.7317464],[129.138865,35.7317537],[129.1389551,35.7317582],[129.1390556,35.7317686],[129.1391105,35.7317787],[129.1391825,35.7318046],[129.1392677,35.7318475],[129.1393017,35.7318673],[129.1393255,35.7318844],[129.1394123,35.7319609],[129.1394381,35.731986],[129.1394406,35.7320134],[129.1395228,35.7320923],[129.1395727,35.7321166],[129.1395968,35.7321283],[129.1396019,35.7321322],[129.1396147,35.7321406],[129.1397042,35.7321995],[129.139762,35.7322344],[129.1397817,35.7322435],[129.1398328,35.7322622],[129.1399582,35.7322972],[129.1400725,35.7323309],[129.1402122,35.7323784],[129.1403513,35.7324308],[129.1404061,35.7324576],[129.1404984,35.7325134],[129.1405037,35.732517],[129.1406137,35.732591],[129.1407325,35.7326822],[129.1407876,35.732715],[129.1408426,35.7327375],[129.1409231,35.7327614],[129.1410279,35.7327787],[129.141071,35.7327798],[129.1411952,35.7327725],[129.1412225,35.7327699]]]]}},{"type":"Feature","properties":{"UFID":"100035905006A00110100000004518774"},"geometry":{"type":"MultiPolygon","coordinates":[[[[129.1400153,35.730433],[129.1399513,35.7304223],[129.1399477,35.7304306],[129.1399444,35.7304562],[129.1399402,35.7305221],[129.1399427,35.7305784],[129.1399524,35.7306293],[129.1399653,35.7306697],[129.1399731,35.7307],[129.1399717,35.7307161],[129.1398941,35.7308616],[129.1399353,35.7308783],[129.1400152,35.7307247],[129.1400177,35.7306976],[129.1400084,35.7306615],[129.1399958,35.730622],[129.1399868,35.730575],[129.1399845,35.7305224],[129.1399885,35.730459],[129.1399897,35.7304501],[129.1400014,35.7304402],[129.1400153,35.730433]]]]}},{"type":"Feature","properties":{"UFID":"100035905006A00110100000004518775"},"geometry":{"type":"MultiPolygon","coordinates":[[[[129.1399353,35.7308783],[129.1398941,35.7308616],[129.1398894,35.7309103],[129.1399219,35.7309143],[129.1399251,35.7308978],[129.1399353,35.7308783]]]]}},{"type":"Feature","properties":{"UFID":"100035905006A00110100000004518776"},"geometry":{"type":"MultiPolygon","coordinates":[[[[129.1395435,35.7307095],[129.1395095,35.7306893],[129.1394731,35.7307273],[129.1395062,35.7307516],[129.1395435,35.7307095]]]]}},{"type":"Feature","properties":{"UFID":"100035905006A00110100000004518777"},"geometry":{"type":"MultiPolygon","coordinates":[[[[129.1398152,35.7308374],[129.1398001,35.7308393],[129.1397635,35.7308377],[129.1397532,35.7308855],[129.139819,35.7308847],[129.1398152,35.7308374]]]]}},{"type":"Feature","properties":{"UFID":"100035905006A00110100000004518778"},"geometry":{"type":"MultiPolygon","coordinates":[[[[129.139819,35.7308847],[129.1397532,35.7308855],[129.1397587,35.7308931],[129.1397586,35.7308972],[129.1397394,35.7309303],[129.1397696,35.7309551],[129.1398079,35.7308948],[129.139819,35.7308847]]]]}},{"type":"Feature","properties":{"UFID":"100035905006A00110100000004518779"},"geometry":{"type":"MultiPolygon","coordinates":[[[[129.1397635,35.7308377],[129.139727,35.7308296],[129.1395992,35.7307428],[129.1395435,35.7307095],[129.1395062,35.7307516],[129.1395342,35.7307519],[129.1395418,35.7307537],[129.1395518,35.7307565],[129.1395583,35.7307605],[129.1395639,35.730764],[129.1396629,35.7308334],[129.1397041,35.7308592],[129.1397532,35.7308855],[129.1397635,35.7308377]]]]}},{"type":"Feature","properties":{"UFID":"100035905006A00110100000004518780"},"geometry":{"type":"MultiPolygon","coordinates":[[[[129.1403017,35.731283],[129.1402943,35.7312844],[129.1402794,35.7312838],[129.1402481,35.731268],[129.1402196,35.7312409],[129.1401955,35.7312186],[129.1401561,35.7311758],[129.1400077,35.7310325],[129.1399928,35.7310182],[129.1399602,35.7309851],[129.139956,35.7309808],[129.1399353,35.730953],[129.1399286,35.7309441],[129.1399212,35.7309257],[129.1399208,35.7309198],[129.1399219,35.7309143],[129.1398894,35.7309103],[129.1398902,35.7309154],[129.1398914,35.7309316],[129.1398925,35.7309494],[129.1398957,35.7309624],[129.1398975,35.7309682],[129.1399363,35.7310126],[129.139974,35.7310558],[129.1401215,35.7311983],[129.1401612,35.7312414],[129.1401863,35.7312646],[129.1402163,35.7312932],[129.1402693,35.7313323],[129.1403017,35.731283]]]]}},{"type":"Feature","properties":{"UFID":"100035905006A00110100000004518781"},"geometry":{"type":"MultiPolygon","coordinates":[[[[129.1398941,35.7308616],[129.1398465,35.7308369],[129.1398299,35.7308355],[129.1398152,35.7308374],[129.139819,35.7308847],[129.1398282,35.730882],[129.1398806,35.7309036],[129.1398894,35.7309103],[129.1398941,35.7308616]]]]}},{"type":"Feature","properties":{"UFID":"100035905005A00110100000004518782"},"geometry":{"type":"MultiPolygon","coordinates":[[[[129.1248934,35.7475547],[129.1248376,35.747529],[129.1247799,35.7475529],[129.124653,35.7476062],[129.1246096,35.7476243],[129.1245235,35.7476591],[129.1244114,35.7477035],[129.1243623,35.7477216],[129.124247,35.7477576],[129.1241122,35.7478017],[129.124018,35.7478338],[129.1239129,35.7478611],[129.1238803,35.747869],[129.1237731,35.7479025],[129.1237367,35.7479205],[129.1236842,35.7479417],[129.123604,35.7479742],[129.1235255,35.7480034],[129.1234278,35.7480452],[129.123347,35.7480796],[129.1232357,35.7481329],[129.1231299,35.7481837],[129.1230355,35.7482329],[129.1230286,35.7482374],[129.1229566,35.7482839],[129.1228891,35.7483373],[129.1228641,35.7483606],[129.1227916,35.7484227],[129.1227897,35.748424],[129.1227307,35.7484547],[129.1226293,35.7484969],[129.1225931,35.7485111],[129.1224899,35.7485565],[129.1224067,35.7485954],[129.1223788,35.7486085],[129.1222777,35.74864],[129.1221401,35.7486736],[129.1220515,35.7486934],[129.1220048,35.7487],[129.1219998,35.7487],[129.1219604,35.7487002],[129.1219196,35.7486994],[129.1218603,35.7486981],[129.121804,35.7486972],[129.1217827,35.7486972],[129.1216656,35.748693],[129.1216646,35.748693],[129.1216603,35.7487379],[129.1217015,35.7487416],[129.1217814,35.7487467],[129.1218034,35.7487468],[129.1218589,35.7487477],[129.1219181,35.7487489],[129.1219598,35.7487497],[129.1220004,35.7487496],[129.1220104,35.7487495],[129.1220648,35.7487419],[129.1221568,35.7487212],[129.1222973,35.748687],[129.122405,35.7486534],[129.122437,35.7486384],[129.1225195,35.7485998],[129.1226207,35.7485553],[129.1226563,35.7485414],[129.122761,35.7484977],[129.1228261,35.7484638],[129.1228336,35.7484586],[129.1229091,35.748394],[129.1229333,35.7483714],[129.1229968,35.7483212],[129.1230661,35.7482763],[129.1230707,35.7482735],[129.1231617,35.748226],[129.1232666,35.7481756],[129.1233765,35.7481229],[129.123456,35.7480891],[129.1235523,35.7480479],[129.1236302,35.748019],[129.1237113,35.7479861],[129.123766,35.7479639],[129.1237999,35.7479472],[129.1238998,35.747916],[129.1239307,35.7479085],[129.124039,35.7478803],[129.1241353,35.7478476],[129.1242692,35.7478037],[129.1243857,35.7477674],[129.1244372,35.7477484],[129.1245503,35.7477036],[129.124637,35.7476686],[129.1246808,35.7476503],[129.1248086,35.7475966],[129.1248934,35.7475547]]]]}},{"type":"Feature","properties":{"UFID":"100035905006A00110100000004518783"},"geometry":{"type":"MultiPolygon","coordinates":[[[[129.1257397,35.7441494],[129.1257509,35.7441388],[129.125721,35.7440915],[129.1256495,35.7439986],[129.1255966,35.7439397],[129.125543,35.7439053],[129.1255385,35.7439022],[129.1255353,35.7438979],[129.1255343,35.7438893],[129.1254645,35.7439307],[129.1254684,35.743932],[129.1254937,35.7439538],[129.1256371,35.7440795],[129.125673,35.7441089],[129.1257032,35.744154],[129.1257397,35.7441494]]]]}},{"type":"Feature","properties":{"UFID":"100035905006A00110100000004518784"},"geometry":{"type":"MultiPolygon","coordinates":[[[[129.1378649,35.7312637],[129.1378788,35.7312391],[129.137849,35.7312271],[129.1377547,35.7311795],[129.1376883,35.7311576],[129.1376445,35.7311501],[129.1375501,35.7311545],[129.1375273,35.7311554],[129.1374597,35.7311558],[129.1373304,35.731157],[129.1372831,35.7311643],[129.1372363,35.7311808],[129.1372034,35.7312007],[129.1371694,35.7312338],[129.1371042,35.7313105],[129.1370643,35.7313555],[129.1369899,35.7314448],[129.1369441,35.7315069],[129.1369137,35.7315357],[129.1368368,35.7315912],[129.1368015,35.7316162],[129.1367008,35.7316881],[129.1365843,35.7317564],[129.1365111,35.7317959],[129.1364441,35.7318222],[129.1364266,35.7318271],[129.1364037,35.73183],[129.1363942,35.7318299],[129.1363961,35.7318617],[129.1364024,35.7318564],[129.1364618,35.7318452],[129.1365275,35.7318194],[129.1366031,35.7317786],[129.1367215,35.7317093],[129.1368233,35.7316366],[129.1368587,35.7316115],[129.1369373,35.7315547],[129.136971,35.7315227],[129.1370178,35.7314593],[129.1370915,35.731371],[129.1371313,35.7313261],[129.1371958,35.7312502],[129.1372263,35.7312205],[129.137253,35.7312043],[129.1372929,35.7311903],[129.1373337,35.731184],[129.13746,35.7311829],[129.1375282,35.7311824],[129.1375518,35.7311815],[129.137642,35.7311773],[129.1376786,35.7311836],[129.1377396,35.7312037],[129.1378329,35.7312508],[129.1378649,35.7312637]]]]}},{"type":"Feature","properties":{"UFID":"100035905006A00110100000004518785"},"geometry":{"type":"MultiPolygon","coordinates":[[[[129.1363942,35.7318299],[129.1363738,35.7318298],[129.1363421,35.7318282],[129.1363274,35.7318262],[129.1363232,35.7318467],[129.1363961,35.7318617],[129.1363942,35.7318299]]]]}},{"type":"Feature","properties":{"UFID":"100035905006A00110100000004518786"},"geometry":{"type":"MultiPolygon","coordinates":[[[[129.1363274,35.7318262],[129.1363072,35.7318235],[129.1362734,35.7318148],[129.1362405,35.7318037],[129.1362238,35.7317968],[129.1361441,35.7317632],[129.1360729,35.7317366],[129.1360653,35.7317348],[129.136023,35.7317229],[129.1359947,35.7317172],[129.1359779,35.7317578],[129.1359904,35.7317525],[129.1360006,35.7317501],[129.1360136,35.7317488],[129.1360593,35.7317589],[129.1362389,35.7318225],[129.1363232,35.7318467],[129.1363274,35.7318262]]]]}},{"type":"Feature","properties":{"UFID":"100035905005A00110100000004518789"},"geometry":{"type":"MultiPolygon","coordinates":[[[[129.109524,35.7281198],[129.1095125,35.7281118],[129.1094958,35.7281003],[129.1094915,35.728097],[129.1094791,35.7281262],[129.1095204,35.7281575],[129.109524,35.7281198]]]]}},{"type":"Feature","properties":{"UFID":"100035905006A00110100000004518790"},"geometry":{"type":"MultiPolygon","coordinates":[[[[129.1362418,35.7319781],[129.1362735,35.7319153],[129.1362578,35.7319242],[129.1362329,35.7319335],[129.1362138,35.7319393],[129.1361835,35.7319436],[129.1360405,35.7319772],[129.1360016,35.7319788],[129.1360172,35.7320161],[129.1361114,35.7320025],[129.1362418,35.7319781]]]]}},{"type":"Feature","properties":{"UFID":"100035905006A00110100000004518791"},"geometry":{"type":"MultiPolygon","coordinates":[[[[129.1368845,35.7322064],[129.1369059,35.7321672],[129.1369008,35.7321693],[129.1368923,35.7321693],[129.1368621,35.732168],[129.1367799,35.7321716],[129.1366522,35.7321965],[129.1365319,35.7322267],[129.1364666,35.7322461],[129.1365029,35.7322604],[129.1365944,35.7322313],[129.1367404,35.7322],[129.136818,35.7321921],[129.1368651,35.7321981],[129.1368801,35.7322033],[129.1368845,35.7322064]]]]}},{"type":"Feature","properties":{"UFID":"100035905006A00110100000004518792"},"geometry":{"type":"MultiPolygon","coordinates":[[[[129.1414789,35.7347753],[129.1414724,35.7346997],[129.1414538,35.7347027],[129.1414482,35.7347021],[129.1413509,35.7346749],[129.1412992,35.7346733],[129.1412727,35.7346767],[129.1412629,35.7346789],[129.1412477,35.7346831],[129.1412173,35.7346935],[129.1411702,35.7347145],[129.141141,35.7347272],[129.1410687,35.7348016],[129.1410387,35.7348496],[129.1409826,35.734914],[129.1410561,35.7349324],[129.1410857,35.7348694],[129.1411207,35.7348212],[129.1411503,35.7347877],[129.1411827,35.7347577],[129.1412208,35.7347315],[129.1412603,35.7347128],[129.14128,35.7347114],[129.1412914,35.7347117],[129.1413052,35.7347127],[129.141313,35.7347138],[129.1414345,35.7347564],[129.1414553,35.734763],[129.1414789,35.7347753]]]]}},{"type":"Feature","properties":{"UFID":"100035905005A00110100000004518793"},"geometry":{"type":"MultiPolygon","coordinates":[[[[129.1042728,35.7287036],[129.1042012,35.7286941],[129.1041009,35.7287118],[129.1042691,35.72873],[129.1042728,35.7287036]]]]}},{"type":"Feature","properties":{"UFID":"100035905005A00110100000004518794"},"geometry":{"type":"MultiPolygon","coordinates":[[[[129.1095204,35.7281575],[129.1094791,35.7281262],[129.1094817,35.7281306],[129.1094838,35.7281384],[129.1094851,35.7281769],[129.1094788,35.7282723],[129.1094627,35.7282781],[129.1094513,35.7283275],[129.1094209,35.728392],[129.1094308,35.728458],[129.1094899,35.7284604],[129.1095115,35.7282726],[129.1095204,35.7281575]]]]}},{"type":"Feature","properties":{"UFID":"100035905005A00110100000004518795"},"geometry":{"type":"MultiPolygon","coordinates":[[[[129.1042691,35.72873],[129.1041009,35.7287118],[129.1039386,35.728729],[129.1039785,35.7287547],[129.1041187,35.7287407],[129.1041962,35.7287347],[129.1042691,35.72873]]]]}},{"type":"Feature","properties":{"UFID":"100035905005A00110100000004518796"},"geometry":{"type":"MultiPolygon","coordinates":[[[[129.1157265,35.7476017],[129.1157381,35.7475224],[129.115722,35.7475431],[129.1157016,35.7475626],[129.1156753,35.747584],[129.1156359,35.7476104],[129.1155724,35.747653],[129.1155227,35.7476941],[129.1154832,35.7477201],[129.1154098,35.7477602],[129.1153436,35.7477975],[129.115312,35.747816],[129.1153304,35.7478358],[129.1153829,35.7478035],[129.1154526,35.7477696],[129.1155166,35.7477246],[129.1155724,35.7476906],[129.1156302,35.7476515],[129.1156813,35.747616],[129.11571,35.7475988],[129.1157204,35.7475995],[129.1157265,35.7476017]]]]}},{"type":"Feature","properties":{"UFID":"100035905005A00110100000004518797"},"geometry":{"type":"MultiPolygon","coordinates":[[[[129.1157381,35.7475224],[129.1157877,35.7475138],[129.1157827,35.7474634],[129.1157784,35.7473233],[129.1157792,35.7472805],[129.115782,35.7472702],[129.1157841,35.7472662],[129.1158035,35.7472071],[129.1158085,35.7471616],[129.1158065,35.747124],[129.1158025,35.7471044],[129.1157998,35.7470865],[129.1157964,35.7470735],[129.1157836,35.7470271],[129.1157476,35.7469791],[129.1156972,35.7469371],[129.1156766,35.7469287],[129.1156535,35.7469207],[129.115637,35.7469206],[129.1156231,35.7469226],[129.1156115,35.746926],[129.1155969,35.7469312],[129.1155834,35.7469368],[129.1155753,35.7469426],[129.1155656,35.7469646],[129.1154704,35.7471743],[129.115385,35.7473448],[129.1153457,35.7474123],[129.1153016,35.7474766],[129.1152598,35.7475195],[129.1152087,35.7475527],[129.1151734,35.7475718],[129.1151621,35.7475755],[129.115139,35.7475833],[129.1150899,35.7475967],[129.1150335,35.7476079],[129.1149812,35.7476059],[129.1149403,35.7476053],[129.1149219,35.7476064],[129.1148921,35.7476131],[129.1148707,35.7476165],[129.1148611,35.7476173],[129.1148434,35.7476176],[129.1148325,35.7476176],[129.1148156,35.7476153],[129.1148084,35.7476077],[129.114809,35.7476035],[129.1148123,35.7475988],[129.1148171,35.747591],[129.114823,35.7475835],[129.1148269,35.7475742],[129.1148454,35.7475332],[129.1148576,35.7474769],[129.1148711,35.7473901],[129.11492,35.7472665],[129.114968,35.7471484],[129.1149847,35.747096],[129.1149907,35.7470548],[129.1149931,35.7470414],[129.1149923,35.7470151],[129.1149874,35.7469933],[129.1149831,35.7469773],[129.1149777,35.7469613],[129.1149462,35.7468882],[129.1148888,35.7467884],[129.1148584,35.7467966],[129.1149273,35.7469086],[129.1149601,35.7469814],[129.1149648,35.7470176],[129.1149614,35.7470403],[129.1149565,35.747068],[129.1149529,35.7470808],[129.1149471,35.7471136],[129.1149091,35.7472098],[129.1148747,35.7472943],[129.1148414,35.7474002],[129.1148228,35.7474762],[129.1148056,35.7475218],[129.1147864,35.7475485],[129.1147629,35.7475845],[129.1147336,35.74764],[129.1147217,35.7476672],[129.1147185,35.7476755],[129.1147206,35.7476866],[129.1147245,35.7476896],[129.1147315,35.7476932],[129.1147381,35.7476923],[129.1147536,35.7476783],[129.1147885,35.7476634],[129.1148392,35.7476462],[129.1148866,35.7476318],[129.1149789,35.7476296],[129.1150382,35.7476295],[129.1151159,35.7476191],[129.1151843,35.7476026],[129.1152272,35.7475912],[129.1152652,35.7475659],[129.1153119,35.7475154],[129.1154143,35.7473609],[129.1155135,35.7471695],[129.1155721,35.7470573],[129.115602,35.7469829],[129.1156242,35.74697],[129.1156432,35.7469701],[129.1156697,35.7469746],[129.1156972,35.746983],[129.1157201,35.7470028],[129.1157425,35.7470364],[129.1157624,35.7470807],[129.1157717,35.7471122],[129.1157739,35.7471424],[129.1157747,35.7471737],[129.1157712,35.7472004],[129.1157662,35.7472209],[129.1157563,35.747251],[129.1157481,35.7472716],[129.1157432,35.747287],[129.115742,35.7472956],[129.1157441,35.7474365],[129.1157429,35.7474998],[129.1157381,35.7475224]]]]}},{"type":"Feature","properties":{"UFID":"100035905005A00110100000004518799"},"geometry":{"type":"MultiPolygon","coordinates":[[[[129.1158683,35.7483746],[129.1158596,35.7483648],[129.1158554,35.7483428],[129.1158573,35.748329],[129.1158599,35.7483229],[129.1158852,35.7482599],[129.1159015,35.7481937],[129.1159096,35.7481407],[129.1159094,35.7480812],[129.1158823,35.7479893],[129.115856,35.7478952],[129.1158185,35.7477959],[129.1158113,35.7477654],[129.1158111,35.7477553],[129.1158106,35.7477493],[129.1157972,35.7476094],[129.1157265,35.7476017],[129.1157323,35.7476063],[129.1157381,35.7476115],[129.1157421,35.747617],[129.1157533,35.7476288],[129.1157703,35.7476526],[129.1157758,35.7477252],[129.1157908,35.7477898],[129.1158122,35.7478569],[129.115858,35.7480135],[129.1158724,35.7480679],[129.1158754,35.7481051],[129.1158759,35.7481338],[129.1158717,35.7481788],[129.1158703,35.7481955],[129.115851,35.7482474],[129.1158278,35.7483029],[129.115821,35.748323],[129.1158201,35.7483368],[129.1158208,35.7483542],[129.1158215,35.7483675],[129.1158297,35.748394],[129.1158534,35.7484065],[129.1158683,35.7483746]]]]}},{"type":"Feature","properties":{"UFID":"100035905005A00110100000004518800"},"geometry":{"type":"MultiPolygon","coordinates":[[[[129.1157877,35.7475138],[129.1157381,35.7475224],[129.1157265,35.7476017],[129.1157972,35.7476094],[129.1157953,35.7475905],[129.1157877,35.7475138]]]]}},{"type":"Feature","properties":{"UFID":"100035905006A00110100000004518801"},"geometry":{"type":"MultiPolygon","coordinates":[[[[129.1363742,35.7319206],[129.1362735,35.7319153],[129.1362418,35.7319781],[129.1363261,35.7319782],[129.1363651,35.7319812],[129.1363742,35.7319206]]]]}},{"type":"Feature","properties":{"UFID":"100035905006A00110100000004518802"},"geometry":{"type":"MultiPolygon","coordinates":[[[[129.1363961,35.7318617],[129.1363232,35.7318467],[129.1363061,35.7318931],[129.136286,35.7319061],[129.1362735,35.7319153],[129.1363742,35.7319206],[129.1363663,35.7319129],[129.1363631,35.731907],[129.1363625,35.7319007],[129.1363638,35.7318941],[129.1363701,35.7318849],[129.1363733,35.731881],[129.1363961,35.7318617]]]]}},{"type":"Feature","properties":{"UFID":"100035905006A00110100000004518803"},"geometry":{"type":"MultiPolygon","coordinates":[[[[129.136615,35.7319664],[129.1365959,35.7319631],[129.1365863,35.7319604],[129.1364178,35.7319273],[129.1363742,35.7319206],[129.1363651,35.7319812],[129.1363752,35.731982],[129.1364771,35.7319936],[129.1365269,35.7320017],[129.136615,35.7319664]]]]}},{"type":"Feature","properties":{"UFID":"100035905006A00110100000004518804"},"geometry":{"type":"MultiPolygon","coordinates":[[[[129.1366792,35.7319986],[129.136615,35.7319664],[129.1365269,35.7320017],[129.1366044,35.7320143],[129.1366229,35.7320178],[129.1366792,35.7319986]]]]}},{"type":"Feature","properties":{"UFID":"100035905006A00110100000004518805"},"geometry":{"type":"MultiPolygon","coordinates":[[[[129.136615,35.7319664],[129.1366792,35.7319986],[129.1366817,35.7319963],[129.1366865,35.7319947],[129.1367359,35.7319956],[129.1367993,35.7320037],[129.1368334,35.7320076],[129.1368581,35.7320087],[129.1368925,35.7320058],[129.136935,35.7319956],[129.1369651,35.731991],[129.1369835,35.7319905],[129.1370127,35.7319896],[129.137036,35.7319891],[129.1371887,35.7319874],[129.1373603,35.7319894],[129.1374625,35.731996],[129.1374567,35.731966],[129.1373375,35.7319569],[129.1372062,35.7319416],[129.137098,35.7319482],[129.1369857,35.7319607],[129.1369117,35.7319782],[129.1368974,35.7319813],[129.1368802,35.7319815],[129.1368756,35.7319805],[129.13677,35.7319722],[129.1366595,35.7319702],[129.136615,35.7319664]]]]}},{"type":"Feature","properties":{"UFID":"100035905006A00110100000004518806"},"geometry":{"type":"MultiPolygon","coordinates":[[[[129.1366792,35.7319986],[129.1366229,35.7320178],[129.1366975,35.732032],[129.136756,35.7320455],[129.1368073,35.7320611],[129.13685,35.7320818],[129.1368824,35.7321024],[129.1369014,35.7321209],[129.1369076,35.7321281],[129.1369109,35.7321418],[129.136912,35.732148],[129.1369124,35.7321548],[129.1369118,35.7321606],[129.1369059,35.7321672],[129.1369478,35.7321782],[129.1369492,35.7321734],[129.13695,35.7321509],[129.1369469,35.7321345],[129.1369457,35.7321247],[129.1369272,35.7321049],[129.1368724,35.7320685],[129.1367615,35.7320277],[129.1366807,35.7320043],[129.1366792,35.7319986]]]]}},{"type":"Feature","properties":{"UFID":"100035905006A00110100000004518807"},"geometry":{"type":"MultiPolygon","coordinates":[[[[129.1369368,35.7322167],[129.1368845,35.7322064],[129.136885,35.7322124],[129.1368845,35.7322156],[129.1368605,35.7322863],[129.1369015,35.7322826],[129.1369368,35.7322167]]]]}},{"type":"Feature","properties":{"UFID":"100035905006A00110100000004518808"},"geometry":{"type":"MultiPolygon","coordinates":[[[[129.1369478,35.7321782],[129.1369059,35.7321672],[129.1368845,35.7322064],[129.1369368,35.7322167],[129.1369478,35.7321782]]]]}},{"type":"Feature","properties":{"UFID":"100035905006A00110100000004518809"},"geometry":{"type":"MultiPolygon","coordinates":[[[[129.140548,35.7341169],[129.1405321,35.7340936],[129.1405229,35.7340594],[129.1405051,35.7340214],[129.1404827,35.7339979],[129.1404565,35.7340145],[129.1404759,35.7340348],[129.1404911,35.7340672],[129.1404996,35.734103],[129.1405021,35.7341116],[129.1405273,35.7341427],[129.140529,35.7341483],[129.140548,35.7341169]]]]}},{"type":"Feature","properties":{"UFID":"100035905005A00110100000004518810"},"geometry":{"type":"MultiPolygon","coordinates":[[[[129.1128669,35.7305877],[129.1128149,35.7305497],[129.1127787,35.7305808],[129.1127163,35.7306756],[129.1126935,35.7307178],[129.112682,35.7307311],[129.1126717,35.7307383],[129.1125817,35.7307826],[129.1125129,35.7308144],[129.1125112,35.7308174],[129.1124627,35.7308748],[129.1124224,35.7309095],[129.1124197,35.7309113],[129.1124512,35.7309368],[129.1124582,35.7309241],[129.112525,35.7308526],[129.1125322,35.7308464],[129.1125758,35.7308273],[129.11263,35.730801],[129.1126732,35.7307763],[129.1127054,35.7307444],[129.1127369,35.7306995],[129.1127502,35.7306743],[129.1127705,35.730653],[129.1128194,35.7306014],[129.1128476,35.7305902],[129.1128669,35.7305877]]]]}},{"type":"Feature","properties":{"UFID":"100035905006A00110100000004518811"},"geometry":{"type":"MultiPolygon","coordinates":[[[[129.1405381,35.7341823],[129.140529,35.7341483],[129.140528,35.7341493],[129.1405072,35.7341586],[129.1404017,35.7342144],[129.1403941,35.7342216],[129.1403918,35.7342257],[129.1403874,35.734238],[129.1403844,35.7342504],[129.1403841,35.7342612],[129.1403848,35.7342701],[129.1403868,35.7342818],[129.1404257,35.7342571],[129.1404256,35.7342487],[129.1404275,35.7342435],[129.1404285,35.7342419],[129.1404872,35.7342025],[129.1405381,35.7341823]]]]}},{"type":"Feature","properties":{"UFID":"100035905005A00110100000004518821"},"geometry":{"type":"MultiPolygon","coordinates":[[[[129.1120679,35.7305001],[129.1120321,35.7304923],[129.1120351,35.7305282],[129.1120331,35.7305345],[129.1120703,35.7305364],[129.1120679,35.7305001]]]]}},{"type":"Feature","properties":{"UFID":"100035905005A00110100000004518822"},"geometry":{"type":"MultiPolygon","coordinates":[[[[129.1127654,35.7333637],[129.1127654,35.7333603],[129.112819,35.7333212],[129.1128651,35.7332698],[129.1128942,35.7332374],[129.1128993,35.7332198],[129.1128993,35.733198],[129.112898,35.7331926],[129.1128963,35.7331865],[129.1128727,35.7330464],[129.1128603,35.7329679],[129.1128567,35.7329329],[129.1128557,35.7329128],[129.1128555,35.7329049],[129.1128552,35.7328795],[129.1128555,35.732868],[129.1128575,35.7328356],[129.1128631,35.7328021],[129.112873,35.7327716],[129.1128987,35.7327411],[129.1129236,35.7327224],[129.1130122,35.7326824],[129.1130821,35.7326408],[129.1131301,35.7325973],[129.1131867,35.7325295],[129.1132338,35.7324692],[129.1132493,35.7324349],[129.1132535,35.7324157],[129.1132524,35.7324048],[129.1132522,35.7323866],[129.1132499,35.7323697],[129.1132472,35.7323569],[129.113245,35.7323496],[129.1132427,35.7323353],[129.1132428,35.732335],[129.1132381,35.7323108],[129.11322,35.7322778],[129.1132169,35.7322646],[129.1132177,35.7322536],[129.113219,35.7322504],[129.1132199,35.7322493],[129.1132586,35.7322114],[129.1133326,35.7321545],[129.1133976,35.7321153],[129.113454,35.7320883],[129.1135347,35.7320715],[129.113621,35.7320569],[129.1136736,35.7320425],[129.1137224,35.7320122],[129.1137699,35.7319677],[129.1137848,35.7319355],[129.1137593,35.7319367],[129.1137418,35.7319582],[129.1136833,35.7320049],[129.1136236,35.7320323],[129.1135419,35.7320436],[129.1134577,35.7320525],[129.1134114,35.732054],[129.1133917,35.7320586],[129.1133818,35.7320609],[129.1133672,35.7320656],[129.1133609,35.7320739],[129.1132768,35.732146],[129.1131712,35.7322251],[129.1131597,35.7322397],[129.1131567,35.7322455],[129.1131575,35.7322584],[129.1131593,35.732261],[129.1131971,35.7323135],[129.1132056,35.7323364],[129.1132116,35.7323584],[129.1132118,35.7323795],[129.1132092,35.7324334],[129.113141,35.7325349],[129.1130752,35.7326127],[129.1130324,35.7326423],[129.1129626,35.732675],[129.1128859,35.7327186],[129.1128507,35.7327472],[129.1128411,35.7327676],[129.1128399,35.7327735],[129.1128359,35.7327943],[129.1128317,35.7328238],[129.112831,35.7328311],[129.1128281,35.7329046],[129.1128286,35.7329514],[129.112836,35.7330006],[129.112856,35.7331061],[129.1128674,35.7331763],[129.1128665,35.7331961],[129.1128626,35.7332156],[129.1128602,35.7332202],[129.1128558,35.7332298],[129.1128405,35.7332524],[129.1128078,35.7332953],[129.112728,35.7333439],[129.1126675,35.7333711],[129.1127654,35.7333637]]]]}},{"type":"Feature","properties":{"UFID":"100035905005A00110100000004518823"},"geometry":{"type":"MultiPolygon","coordinates":[[[[129.1126721,35.733396],[129.1126675,35.7333711],[129.1126178,35.7333759],[129.1126019,35.7333781],[129.1125786,35.7333823],[129.1125628,35.7333852],[129.1125579,35.7333853],[129.1125645,35.7334126],[129.1125858,35.7334087],[129.1126082,35.7334046],[129.1126721,35.733396]]]]}},{"type":"Feature","properties":{"UFID":"100035905005A00110100000004518824"},"geometry":{"type":"MultiPolygon","coordinates":[[[[129.1127654,35.7333637],[129.1126675,35.7333711],[129.1126721,35.733396],[129.1126887,35.7333937],[129.1126951,35.7333929],[129.1127123,35.7333915],[129.1127338,35.7333921],[129.1127457,35.7333936],[129.1127557,35.7333966],[129.1127654,35.7333637]]]]}},{"type":"Feature","properties":{"UFID":"100035905005A00110100000004518825"},"geometry":{"type":"MultiPolygon","coordinates":[[[[129.1127654,35.7333637],[129.1127557,35.7333966],[129.1127566,35.7333968],[129.1127947,35.733417],[129.1128025,35.7334245],[129.1128281,35.7334697],[129.1128309,35.7334799],[129.1128485,35.7335764],[129.1128583,35.7336305],[129.1128602,35.7336392],[129.1128962,35.7336459],[129.1128946,35.7336426],[129.112891,35.7336262],[129.1128813,35.7335724],[129.1128635,35.733475],[129.1128603,35.7334635],[129.1128439,35.7334313],[129.1128292,35.7334072],[129.1127871,35.7333759],[129.1127654,35.7333637]]]]}},{"type":"Feature","properties":{"UFID":"100035905005A00110100000004518826"},"geometry":{"type":"MultiPolygon","coordinates":[[[[129.1114845,35.7308567],[129.1114477,35.7308098],[129.111437,35.7308098],[129.1114246,35.73081],[129.1113814,35.7308129],[129.1113583,35.7308157],[129.1111757,35.7308546],[129.1110659,35.7308927],[129.1109782,35.7309458],[129.1109065,35.7309957],[129.1108739,35.7310283],[129.1108299,35.7310689],[129.1107753,35.7311163],[129.1107715,35.7311189],[129.110744,35.7311319],[129.1106732,35.731151],[129.1106062,35.7311718],[129.1105943,35.7311735],[129.1105843,35.7311741],[129.1105851,35.7312116],[129.1105957,35.7312098],[129.110618,35.7312067],[129.110688,35.731185],[129.1107622,35.731165],[129.1107972,35.7311485],[129.1108059,35.7311424],[129.1108618,35.7310939],[129.1109231,35.731043],[129.110964,35.7310162],[129.1110289,35.7309625],[129.1110869,35.7309305],[129.111165,35.7308974],[129.1112684,35.7308792],[129.1113779,35.7308581],[129.1114356,35.7308517],[129.1114609,35.7308528],[129.1114675,35.7308535],[129.1114827,35.7308562],[129.1114845,35.7308567]]]]}},{"type":"Feature","properties":{"UFID":"100035905005A00110100000004518827"},"geometry":{"type":"MultiPolygon","coordinates":[[[[129.1117886,35.7309944],[129.1117484,35.7309679],[129.1117181,35.7309477],[129.1116853,35.7309281],[129.1116695,35.7309201],[129.1115588,35.7308507],[129.111542,35.7308402],[129.111539,35.7308357],[129.111539,35.7308335],[129.1114845,35.7308567],[129.1114908,35.7308583],[129.1114972,35.7308598],[129.1115019,35.7308613],[129.1115498,35.7308878],[129.1116314,35.7309417],[129.1116443,35.7309498],[129.1116607,35.730958],[129.111691,35.7309762],[129.1117205,35.7309959],[129.1117747,35.7310315],[129.111779,35.7310356],[129.1117886,35.7309944]]]]}},{"type":"Feature","properties":{"UFID":"100035905005A00110100000004518828"},"geometry":{"type":"MultiPolygon","coordinates":[[[[129.1120703,35.7305364],[129.1120331,35.7305345],[129.1120278,35.7305516],[129.1120114,35.7305675],[129.1119516,35.7306036],[129.1118178,35.7306586],[129.1118182,35.7306592],[129.1117806,35.7306874],[129.1117288,35.7307178],[129.1116667,35.7307425],[129.1115644,35.73078],[129.1115214,35.7307998],[129.111539,35.7308335],[129.1115436,35.7308303],[129.111554,35.7308251],[129.1115785,35.7308171],[129.111661,35.7307791],[129.1117477,35.7307406],[129.1118149,35.7307014],[129.1118872,35.7306553],[129.111915,35.7306417],[129.1119916,35.7306108],[129.1120347,35.730584],[129.1120595,35.7305539],[129.1120677,35.7305442],[129.1120682,35.7305399],[129.112069,35.730537],[129.1120703,35.7305364]]]]}},{"type":"Feature","properties":{"UFID":"100035905005A00110100000004518829"},"geometry":{"type":"MultiPolygon","coordinates":[[[[129.111539,35.7308335],[129.1115214,35.7307998],[129.1115032,35.7308081],[129.1114741,35.7308105],[129.1114648,35.7308101],[129.1114477,35.7308098],[129.1114845,35.7308567],[129.111539,35.7308335]]]]}},{"type":"Feature","properties":{"UFID":"100035905005A00110100000004518830"},"geometry":{"type":"MultiPolygon","coordinates":[[[[129.1107675,35.7283664],[129.110733,35.7283545],[129.1107138,35.7283822],[129.1106426,35.7284483],[129.1105888,35.7284833],[129.1105342,35.7285109],[129.1104702,35.7285533],[129.1104086,35.728605],[129.110334,35.7286558],[129.110229,35.7287029],[129.110114,35.7287518],[129.1100053,35.7287835],[129.1100186,35.7288103],[129.1101193,35.7287709],[129.1102238,35.7287265],[129.1103239,35.7286866],[129.1103711,35.7286606],[129.1104137,35.7286319],[129.1104361,35.7286179],[129.1104922,35.7285735],[129.1105535,35.728533],[129.1106079,35.7285054],[129.1106656,35.728468],[129.1107524,35.7283873],[129.1107675,35.7283664]]]]}},{"type":"Feature","properties":{"UFID":"100035905005A00110100000004518831"},"geometry":{"type":"MultiPolygon","coordinates":[[[[129.1074952,35.7292333],[129.1074894,35.7291917],[129.1074511,35.7291836],[129.1072777,35.7291424],[129.1072504,35.7291359],[129.1071785,35.7291156],[129.1070586,35.7290906],[129.1069509,35.7290711],[129.1068488,35.7290649],[129.1067467,35.7290749],[129.1066211,35.7290978],[129.1064128,35.7291233],[129.1062903,35.729138],[129.1062718,35.7291408],[129.1062574,35.7291424],[129.106239,35.7291439],[129.1062282,35.7291442],[129.1061971,35.7291448],[129.1061577,35.7291454],[129.1060772,35.7291568],[129.1059945,35.7291855],[129.1058648,35.7292313],[129.1058453,35.7292373],[129.1058164,35.7292432],[129.1057829,35.7292494],[129.1057353,35.7292537],[129.1057313,35.7292538],[129.1056995,35.729254],[129.1056664,35.7292539],[129.1056398,35.7292532],[129.1056025,35.7292506],[129.105542,35.7292378],[129.105533,35.7292359],[129.1054586,35.729217],[129.1054222,35.7292068],[129.1053864,35.7291917],[129.1053469,35.7291737],[129.1052361,35.72912],[129.1051688,35.7290834],[129.1050978,35.7290456],[129.1050104,35.7290032],[129.104929,35.7289693],[129.1048156,35.7289252],[129.104768,35.7289077],[129.1046921,35.72887],[129.1045657,35.7288036],[129.1045229,35.7287809],[129.1044213,35.7287354],[129.1043985,35.7287293],[129.1043824,35.7287251],[129.1043658,35.7287492],[129.1043883,35.728755],[129.1044081,35.7287603],[129.1045059,35.7288042],[129.1045477,35.7288263],[129.1046745,35.7288929],[129.1047525,35.7289316],[129.1048016,35.7289497],[129.1049143,35.7289936],[129.1049944,35.7290269],[129.1050802,35.7290686],[129.1051505,35.7291059],[129.1052184,35.7291429],[129.1053304,35.7291971],[129.1053707,35.7292155],[129.1054092,35.7292318],[129.1054483,35.7292427],[129.1055239,35.7292619],[129.1055337,35.729264],[129.1055969,35.7292773],[129.1056379,35.7292802],[129.1056657,35.7292809],[129.1056995,35.7292811],[129.1057321,35.7292808],[129.1057377,35.7292806],[129.1057884,35.7292761],[129.1058241,35.7292695],[129.1058553,35.7292632],[129.1059378,35.7292375],[129.1060147,35.7292111],[129.1060205,35.7292089],[129.1060806,35.7291881],[129.1060847,35.729186],[129.1060942,35.7291828],[129.1061254,35.7291743],[129.10613,35.7291738],[129.1061951,35.7291688],[129.1062725,35.7291668],[129.1063168,35.7291648],[129.1063783,35.7291587],[129.1064157,35.7291537],[129.1065199,35.7291429],[129.1066011,35.7291322],[129.1067035,35.7291148],[129.1067605,35.729103],[129.1067681,35.7291017],[129.1067761,35.7291009],[129.1068464,35.7290931],[129.1068787,35.7290916],[129.1068825,35.7290917],[129.1069371,35.729094],[129.106997,35.7291063],[129.1070756,35.7291202],[129.1071688,35.7291442],[129.107241,35.7291618],[129.1072685,35.7291684],[129.1073162,35.7291797],[129.1074952,35.7292333]]]]}},{"type":"Feature","properties":{"UFID":"100035905006A00110100000004518832"},"geometry":{"type":"MultiPolygon","coordinates":[[[[129.1274086,35.746727],[129.1273924,35.7466808],[129.1273311,35.7466967],[129.1273591,35.7467439],[129.1274086,35.746727]]]]}},{"type":"Feature","properties":{"UFID":"100035905006A00110100000004518833"},"geometry":{"type":"MultiPolygon","coordinates":[[[[129.1273924,35.7466808],[129.1274086,35.746727],[129.127412,35.7467187],[129.1274155,35.7467134],[129.1274253,35.7467062],[129.1274712,35.746691],[129.1275231,35.7466767],[129.1276956,35.7466275],[129.1278621,35.7465785],[129.1278508,35.7465531],[129.1276845,35.7466021],[129.1275123,35.7466511],[129.1274022,35.7466816],[129.1273924,35.7466808]]]]}},{"type":"Feature","properties":{"UFID":"100035905006A00110100000004518834"},"geometry":{"type":"MultiPolygon","coordinates":[[[[129.1277234,35.7472885],[129.1275614,35.7470096],[129.1274093,35.7467282],[129.1274086,35.746727],[129.1273591,35.7467439],[129.1273768,35.7467543],[129.1275108,35.7469845],[129.1276852,35.747299],[129.1276854,35.7473017],[129.1276822,35.7473071],[129.1277234,35.7472885]]]]}},{"type":"Feature","properties":{"UFID":"100035905006A00110100000004518835"},"geometry":{"type":"MultiPolygon","coordinates":[[[[129.1277043,35.7473466],[129.1276822,35.7473071],[129.1274642,35.7473906],[129.1274801,35.7474265],[129.1277043,35.7473466]]]]}},{"type":"Feature","properties":{"UFID":"100035905006A00110100000004518836"},"geometry":{"type":"MultiPolygon","coordinates":[[[[129.1412394,35.7339388],[129.1411819,35.7338948],[129.1411782,35.7339054],[129.1411697,35.7339158],[129.1411476,35.7339295],[129.141131,35.7339382],[129.141114,35.7339435],[129.1410791,35.7339481],[129.1410717,35.7339485],[129.1410482,35.7339497],[129.1409855,35.7339591],[129.140948,35.7339686],[129.1409189,35.733983],[129.1407576,35.7340778],[129.1407074,35.7340976],[129.1407036,35.7340992],[129.1407181,35.7341235],[129.140722,35.7341219],[129.1407746,35.7341011],[129.1409372,35.7340055],[129.1409617,35.7339934],[129.1409934,35.7339854],[129.1410521,35.7339766],[129.1410755,35.7339764],[129.141133,35.7339658],[129.1411461,35.7339624],[129.1411666,35.7339517],[129.1411872,35.7339389],[129.1412048,35.7339361],[129.1412248,35.7339358],[129.1412394,35.7339388]]]]}},{"type":"Feature","properties":{"UFID":"100035905006A00110100000004518837"},"geometry":{"type":"MultiPolygon","coordinates":[[[[129.1407181,35.7341235],[129.1407036,35.7340992],[129.140691,35.7341043],[129.1406695,35.7341146],[129.1406535,35.7341239],[129.14064,35.7341281],[129.1406265,35.7341293],[129.1406145,35.7341292],[129.1405803,35.7341284],[129.1405583,35.7341231],[129.140548,35.7341169],[129.140529,35.7341483],[129.1405381,35.7341823],[129.140636,35.734248],[129.1406651,35.7342455],[129.1406705,35.7342374],[129.1406828,35.7342171],[129.1407058,35.7341711],[129.1407196,35.7341424],[129.1407171,35.7341343],[129.1407177,35.734129],[129.1407179,35.7341254],[129.1407181,35.7341235]]]]}},{"type":"Feature","properties":{"UFID":"100035905005A00110100000004518839"},"geometry":{"type":"MultiPolygon","coordinates":[[[[129.1106237,35.7330114],[129.1106194,35.7329762],[129.1106162,35.7328917],[129.1106137,35.7328226],[129.1106115,35.7327174],[129.110611,35.7326811],[129.1106087,35.7325838],[129.1106079,35.7325154],[129.1106077,35.7325076],[129.1106074,35.7324952],[129.1106071,35.7324886],[129.1106057,35.7324108],[129.1106053,35.732402],[129.1106052,35.7323934],[129.1106041,35.7323111],[129.1106036,35.7322567],[129.1106009,35.7321064],[129.1105984,35.7319469],[129.110594,35.7318035],[129.1105924,35.7316544],[129.1105886,35.7314947],[129.1105851,35.731314],[129.1105851,35.7312116],[129.1104967,35.7312146],[129.1104967,35.7313146],[129.1105002,35.7314959],[129.1105039,35.7316554],[129.1105055,35.7318047],[129.1105099,35.7319483],[129.1105124,35.7321074],[129.1105152,35.7322575],[129.1105157,35.7323118],[129.1105167,35.7323945],[129.1105169,35.732404],[129.1105173,35.7324127],[129.1105187,35.7324902],[129.110519,35.7324972],[129.1105193,35.7325092],[129.1105195,35.7325164],[129.1105202,35.7325848],[129.1105226,35.7326822],[129.110523,35.7327184],[129.1105253,35.7328242],[129.1105278,35.7328939],[129.1105311,35.7329809],[129.1105364,35.7330239],[129.1106237,35.7330114]]]]}},{"type":"Feature","properties":{"UFID":"100035905006A00110100000004518840"},"geometry":{"type":"MultiPolygon","coordinates":[[[[129.1395095,35.7306893],[129.1394613,35.7306703],[129.139424,35.7306623],[129.1393918,35.7306594],[129.1393718,35.730656],[129.1393657,35.7306526],[129.1393043,35.7306331],[129.1392936,35.7306314],[129.1392823,35.7306294],[129.1392649,35.7306254],[129.1392403,35.7306184],[129.1391648,35.730579],[129.1391081,35.7305369],[129.1391028,35.7305327],[129.1390867,35.7305216],[129.1390775,35.7305154],[129.1390722,35.7305082],[129.1390686,35.7305041],[129.1390637,35.7304945],[129.1390633,35.7304926],[129.1390181,35.730516],[129.1390636,35.730566],[129.139097,35.7305786],[129.1391885,35.7306255],[129.139289,35.7306625],[129.1393788,35.7306871],[129.1394621,35.7307043],[129.1394753,35.7307085],[129.139478,35.730711],[129.1394796,35.7307142],[129.1394793,35.7307176],[129.1394778,35.7307212],[129.1394731,35.7307273],[129.1395095,35.7306893]]]]}},{"type":"Feature","properties":{"UFID":"100035905006A00110100000004518841"},"geometry":{"type":"MultiPolygon","coordinates":[[[[129.1302355,35.7469054],[129.130226,35.7469054],[129.1302095,35.7469007],[129.1301858,35.7468844],[129.1301592,35.746877],[129.1301372,35.7468757],[129.1300463,35.7468758],[129.1298501,35.7468622],[129.1297756,35.7468577],[129.1297669,35.7468576],[129.1297552,35.7468587],[129.1297682,35.7468867],[129.1297703,35.7468854],[129.1297728,35.7468847],[129.1297741,35.7468847],[129.1298475,35.7468891],[129.1300449,35.7469028],[129.1301361,35.7469028],[129.1301526,35.7469037],[129.1301692,35.7469083],[129.1301872,35.7469207],[129.1301974,35.7469324],[129.1302355,35.7469054]]]]}},{"type":"Feature","properties":{"UFID":"100035905006A00110100000004518842"},"geometry":{"type":"MultiPolygon","coordinates":[[[[129.1295518,35.7458101],[129.1294662,35.7457839],[129.1294741,35.7457912],[129.1294778,35.7457964],[129.1294798,35.7458007],[129.1294808,35.7458053],[129.1294812,35.7458093],[129.1294823,35.7458144],[129.1294816,35.7458184],[129.1294807,35.7458247],[129.1294413,35.7459493],[129.1294157,35.7461322],[129.1294046,35.74622],[129.1294108,35.7462998],[129.1294165,35.7463251],[129.1294434,35.7464451],[129.1294494,35.746475],[129.1294647,35.7465508],[129.1295211,35.7465501],[129.129507,35.7465233],[129.1294985,35.7464126],[129.1294789,35.7462743],[129.1294775,35.7461278],[129.1295096,35.745955],[129.1295454,35.745818],[129.1295518,35.7458101]]]]}},{"type":"Feature","properties":{"UFID":"100035905006A00110100000004518843"},"geometry":{"type":"MultiPolygon","coordinates":[[[[129.1301761,35.7464888],[129.1301657,35.7464892],[129.1301533,35.7464877],[129.1301337,35.7464827],[129.1301261,35.7464762],[129.130056,35.7465041],[129.1300984,35.7465474],[129.1301761,35.7464888]]]]}},{"type":"Feature","properties":{"UFID":"100035905006A00110100000004518844"},"geometry":{"type":"MultiPolygon","coordinates":[[[[129.1301261,35.7464762],[129.1301227,35.7464468],[129.1301205,35.746332],[129.1301224,35.7461527],[129.130121,35.7458449],[129.1301216,35.7458367],[129.1301248,35.7458296],[129.1301448,35.7458132],[129.1300486,35.7458115],[129.1300589,35.7458246],[129.130063,35.7458365],[129.1300611,35.7458914],[129.1300532,35.7462436],[129.1300537,35.746486],[129.130056,35.7465041],[129.1301261,35.7464762]]]]}},{"type":"Feature","properties":{"UFID":"100035905006A00110100000004518845"},"geometry":{"type":"MultiPolygon","coordinates":[[[[129.1297552,35.7468587],[129.1297553,35.746856],[129.1297527,35.7468428],[129.12975,35.7468373],[129.1297445,35.7468258],[129.1297243,35.7468141],[129.129627,35.7467868],[129.1295499,35.746757],[129.1295087,35.746729],[129.1294973,35.7467088],[129.1294933,35.7467026],[129.1294912,35.746696],[129.1294896,35.7466864],[129.1294887,35.746663],[129.1294932,35.746643],[129.1294966,35.746634],[129.1295003,35.7466284],[129.1295064,35.7466222],[129.1294732,35.7466179],[129.1294666,35.7466565],[129.1294604,35.7466724],[129.1294587,35.7466758],[129.1294589,35.7466861],[129.1294602,35.7466994],[129.1294652,35.7467107],[129.1294832,35.7467345],[129.1295316,35.7467695],[129.1296114,35.7468073],[129.1296967,35.7468358],[129.1297117,35.7468437],[129.1297149,35.7468504],[129.1297185,35.7468604],[129.1297552,35.7468587]]]]}},{"type":"Feature","properties":{"UFID":"100035905006A00110100000004518846"},"geometry":{"type":"MultiPolygon","coordinates":[[[[129.1300984,35.7465474],[129.130056,35.7465041],[129.1300166,35.7465162],[129.1299374,35.746543],[129.1298711,35.7465665],[129.1298301,35.7465772],[129.12978,35.7465857],[129.1297509,35.7465885],[129.1297319,35.7465896],[129.1297078,35.7465907],[129.1296859,35.7465908],[129.1296724,35.7465901],[129.1296409,35.7465855],[129.1295877,35.7465745],[129.129541,35.7465534],[129.1295211,35.7465501],[129.1295064,35.7466222],[129.1295125,35.7466184],[129.1295178,35.7466164],[129.1295244,35.746616],[129.1295563,35.7466189],[129.1296072,35.7466231],[129.1296522,35.7466251],[129.129715,35.7466243],[129.129807,35.74662],[129.1298324,35.7466185],[129.1298335,35.7466182],[129.1298498,35.7466174],[129.12987,35.7466156],[129.1299033,35.7466121],[129.1299748,35.7466022],[129.1300337,35.7465829],[129.1300984,35.7465474]]]]}},{"type":"Feature","properties":{"UFID":"100035905006A00110100000004518847"},"geometry":{"type":"MultiPolygon","coordinates":[[[[129.1295211,35.7465501],[129.1294647,35.7465508],[129.1294718,35.7465866],[129.1294745,35.7465999],[129.1294732,35.7466179],[129.1295064,35.7466222],[129.1295211,35.7465501]]]]}},{"type":"Feature","properties":{"UFID":"100035905006A00110100000004518848"},"geometry":{"type":"MultiPolygon","coordinates":[[[[129.1297682,35.7468867],[129.1297255,35.7468907],[129.1297316,35.746917],[129.1297638,35.7469159],[129.1297655,35.746898],[129.1297682,35.7468867]]]]}},{"type":"Feature","properties":{"UFID":"100035905006A00110100000004518849"},"geometry":{"type":"MultiPolygon","coordinates":[[[[129.1297682,35.7468867],[129.1297552,35.7468587],[129.1297185,35.7468604],[129.1297255,35.7468907],[129.1297682,35.7468867]]]]}},{"type":"Feature","properties":{"UFID":"100035905005A00110100000004518850"},"geometry":{"type":"MultiPolygon","coordinates":[[[[129.1123578,35.730548],[129.1123278,35.7305356],[129.1123276,35.7305393],[129.1123269,35.7305406],[129.112308,35.7305506],[129.1122767,35.7305609],[129.1122395,35.7305592],[129.1121736,35.7305457],[129.112124,35.7305274],[129.1120864,35.7305101],[129.1120758,35.7305052],[129.1120704,35.7305024],[129.1120679,35.7305001],[129.1120703,35.7305364],[129.1120729,35.7305364],[129.1120804,35.7305384],[129.1120879,35.730539],[129.1121323,35.7305537],[129.1121725,35.7305634],[129.1122735,35.7305823],[129.1122893,35.7305864],[129.1123367,35.7305757],[129.1123405,35.7305714],[129.1123578,35.730548]]]]}},{"type":"Feature","properties":{"UFID":"100035905006A00110100000004518851"},"geometry":{"type":"MultiPolygon","coordinates":[[[[129.1278244,35.749994],[129.1278991,35.7499625],[129.1278338,35.7498998],[129.127725,35.749928],[129.1277384,35.7499985],[129.1278244,35.749994]]]]}},{"type":"Feature","properties":{"UFID":"100035905006A00110100000004518852"},"geometry":{"type":"MultiPolygon","coordinates":[[[[129.1366051,35.7459384],[129.1366049,35.7459023],[129.1365717,35.7459031],[129.136572,35.7459392],[129.1366051,35.7459384]]]]}},{"type":"Feature","properties":{"UFID":"100035905006A00110100000004518853"},"geometry":{"type":"MultiPolygon","coordinates":[[[[129.1366049,35.7459023],[129.1366048,35.7458905],[129.1365716,35.7458906],[129.1365717,35.7459031],[129.1366049,35.7459023]]]]}},{"type":"Feature","properties":{"UFID":"100035905006A00110100000004518854"},"geometry":{"type":"MultiPolygon","coordinates":[[[[129.1366051,35.7459384],[129.136572,35.7459392],[129.1365721,35.7459557],[129.1365913,35.7462485],[129.1366083,35.7465077],[129.1366181,35.7467289],[129.1366514,35.7467301],[129.1366414,35.7465064],[129.1366244,35.746247],[129.1366053,35.7459549],[129.1366051,35.7459384]]]]}},{"type":"Feature","properties":{"UFID":"100035905006A00110100000004518855"},"geometry":{"type":"MultiPolygon","coordinates":[[[[129.1390548,35.7483465],[129.1388763,35.7477326],[129.1388152,35.747745],[129.1389936,35.7483589],[129.1390548,35.7483465]]]]}},{"type":"Feature","properties":{"UFID":"100035905006A00110100000004518856"},"geometry":{"type":"MultiPolygon","coordinates":[[[[129.1390624,35.7483514],[129.1390548,35.7483465],[129.1389936,35.7483589],[129.1389913,35.7483654],[129.1390624,35.7483514]]]]}},{"type":"Feature","properties":{"UFID":"100035905006A00110100000004518857"},"geometry":{"type":"MultiPolygon","coordinates":[[[[129.1388763,35.7477326],[129.1388789,35.7477279],[129.1388847,35.7477249],[129.1387969,35.7477421],[129.1388074,35.7477429],[129.1388152,35.747745],[129.1388763,35.7477326]]]]}},{"type":"Feature","properties":{"UFID":"100035905006A00110100000004518858"},"geometry":{"type":"MultiPolygon","coordinates":[[[[129.1387845,35.749466],[129.1387714,35.7494332],[129.1387441,35.7494666],[129.1387563,35.7494971],[129.1387845,35.749466]]]]}},{"type":"Feature","properties":{"UFID":"100035905006A00110100000004518859"},"geometry":{"type":"MultiPolygon","coordinates":[[[[129.1387714,35.7494332],[129.1387677,35.7494263],[129.1387699,35.7494063],[129.1387878,35.749335],[129.1387978,35.7492925],[129.138826,35.7491654],[129.1388432,35.7491228],[129.1388451,35.7491195],[129.138848,35.7491179],[129.1388513,35.749118],[129.1388168,35.7491051],[129.1388124,35.7491127],[129.1387938,35.7491588],[129.1387652,35.7492876],[129.1387553,35.7493297],[129.138737,35.7494024],[129.1387343,35.7494273],[129.1387373,35.7494424],[129.1387441,35.7494666],[129.1387714,35.7494332]]]]}},{"type":"Feature","properties":{"UFID":"100035905006A00110100000004518860"},"geometry":{"type":"MultiPolygon","coordinates":[[[[129.1387845,35.749466],[129.1387563,35.7494971],[129.1387572,35.7494994],[129.1387798,35.7495505],[129.1388052,35.7496205],[129.138837,35.7496128],[129.1388115,35.7495427],[129.1387845,35.749466]]]]}},{"type":"Feature","properties":{"UFID":"100035905005A00110100000004518861"},"geometry":{"type":"MultiPolygon","coordinates":[[[[129.117841,35.7491275],[129.117783,35.7490973],[129.1177127,35.7491075],[129.1177698,35.7491385],[129.117841,35.7491275]]]]}},{"type":"Feature","properties":{"UFID":"100035905005A00110100000004518862"},"geometry":{"type":"MultiPolygon","coordinates":[[[[129.1179783,35.7491093],[129.1179895,35.7490711],[129.1179858,35.7490715],[129.1178994,35.7490853],[129.1178949,35.7490854],[129.1178922,35.7490853],[129.117783,35.7490973],[129.117841,35.7491275],[129.1178927,35.7491214],[129.1178942,35.7491215],[129.1179047,35.7491211],[129.1179783,35.7491093]]]]}},{"type":"Feature","properties":{"UFID":"100035905005A00110100000004518863"},"geometry":{"type":"MultiPolygon","coordinates":[[[[129.1180498,35.7491036],[129.1180643,35.7490656],[129.1179895,35.7490711],[129.1179783,35.7491093],[129.1180498,35.7491036]]]]}},{"type":"Feature","properties":{"UFID":"100035905005A00110100000004518864"},"geometry":{"type":"MultiPolygon","coordinates":[[[[129.1193373,35.7485865],[129.1192904,35.7485546],[129.1192803,35.7485585],[129.1192479,35.7485763],[129.1191752,35.7486138],[129.1191154,35.7486447],[129.119096,35.7486516],[129.1190309,35.7486643],[129.1190265,35.7486649],[129.1190213,35.7486652],[129.1190014,35.7486669],[129.1189822,35.7486688],[129.1189006,35.7486742],[129.1187861,35.7486837],[129.1186687,35.7486992],[129.118657,35.7487012],[129.1186487,35.7487046],[129.1185894,35.7487351],[129.1185761,35.7487494],[129.1185741,35.7487512],[129.1185313,35.7487962],[129.1184815,35.7488421],[129.1184325,35.7488829],[129.118431,35.748884],[129.1184283,35.7488857],[129.1183801,35.7489129],[129.1183512,35.7489275],[129.1182776,35.7489675],[129.1182072,35.7490052],[129.1181511,35.7490301],[129.1180673,35.7490651],[129.1180643,35.7490656],[129.1180498,35.7491036],[129.1180676,35.7491015],[129.1180795,35.7491001],[129.1181755,35.7490706],[129.1182357,35.7490439],[129.1183081,35.7490051],[129.1183811,35.7489654],[129.1184104,35.7489507],[129.1184616,35.7489218],[129.1184667,35.7489184],[129.1184705,35.7489157],[129.118522,35.7488728],[129.1185739,35.748825],[129.1186165,35.7487802],[129.1186188,35.7487782],[129.1186274,35.7487688],[129.1186758,35.748744],[129.1186788,35.7487435],[129.1187933,35.7487284],[129.1189057,35.7487191],[129.1189878,35.7487136],[129.1190075,35.7487117],[129.119026,35.7487101],[129.1190328,35.7487098],[129.1190419,35.7487086],[129.1191138,35.7486945],[129.1191415,35.7486845],[129.1192048,35.7486519],[129.1192782,35.748614],[129.1193077,35.7485978],[129.1193373,35.7485865]]]]}},{"type":"Feature","properties":{"UFID":"100035905006A00110100000004518865"},"geometry":{"type":"MultiPolygon","coordinates":[[[[129.1284289,35.7489599],[129.1282986,35.7489872],[129.1283082,35.7489979],[129.1283001,35.7490066],[129.1282118,35.7490994],[129.1281231,35.7491888],[129.1279893,35.7493223],[129.1280229,35.7493457],[129.1281574,35.7492115],[129.1282465,35.7491218],[129.1283093,35.7490558],[129.1284289,35.7489599]]]]}},{"type":"Feature","properties":{"UFID":"100035905005A00110100000004518866"},"geometry":{"type":"MultiPolygon","coordinates":[[[[129.1167491,35.749481],[129.1167491,35.7494803],[129.1167544,35.7494324],[129.1167681,35.749363],[129.1167864,35.7493007],[129.1167941,35.7492845],[129.1167577,35.7492801],[129.116747,35.749322],[129.1167225,35.7494356],[129.1167154,35.7494835],[129.1167491,35.749481]]]]}},{"type":"Feature","properties":{"UFID":"100035905005A00110100000004518867"},"geometry":{"type":"MultiPolygon","coordinates":[[[[129.1167462,35.7495098],[129.1167491,35.749481],[129.1167154,35.7494835],[129.1167153,35.7494847],[129.1167123,35.7495131],[129.1167462,35.7495098]]]]}},{"type":"Feature","properties":{"UFID":"100035905005A00110100000004518868"},"geometry":{"type":"MultiPolygon","coordinates":[[[[129.1167491,35.749481],[129.1167462,35.7495098],[129.1167468,35.7495094],[129.1167484,35.7495091],[129.1167627,35.7495072],[129.1167605,35.74948],[129.1167523,35.7494812],[129.1167502,35.7494812],[129.1167496,35.7494812],[129.1167491,35.749481]]]]}},{"type":"Feature","properties":{"UFID":"100035905005A00110100000004518869"},"geometry":{"type":"MultiPolygon","coordinates":[[[[129.1193241,35.7485387],[129.1193167,35.748536],[129.1192982,35.7485254],[129.1192856,35.7485197],[129.1192485,35.7484983],[129.1192432,35.7484933],[129.1192261,35.7484676],[129.1192221,35.748454],[129.1192208,35.7484425],[129.1192206,35.7484303],[129.1192207,35.748407],[129.119221,35.7484003],[129.119219,35.7483747],[129.1192188,35.7483666],[129.1192124,35.7483425],[129.1191964,35.7483094],[129.1191905,35.748302],[129.1191732,35.7482912],[129.1191307,35.748259],[129.119115,35.7482581],[129.119104,35.7482588],[129.1191066,35.7482858],[129.1191152,35.7482852],[129.1191168,35.7482853],[129.1191517,35.7483119],[129.1191658,35.7483207],[129.1191668,35.7483219],[129.1191806,35.7483504],[129.1191857,35.7483698],[129.1191858,35.7483759],[129.1191878,35.7484007],[129.1191875,35.7484065],[129.1191874,35.7484305],[129.1191877,35.7484439],[129.1191893,35.7484584],[129.1191949,35.7484774],[129.1192157,35.7485087],[129.119226,35.7485185],[129.1192679,35.7485426],[129.1192805,35.7485483],[129.1192888,35.7485531],[129.1192904,35.7485546],[129.1193241,35.7485387]]]]}},{"type":"Feature","properties":{"UFID":"100035905005A00110100000004518870"},"geometry":{"type":"MultiPolygon","coordinates":[[[[129.1193778,35.7485725],[129.1193241,35.7485387],[129.1192904,35.7485546],[129.1193373,35.7485865],[129.1193446,35.7485837],[129.1193534,35.7485776],[129.1193778,35.7485725]]]]}},{"type":"Feature","properties":{"UFID":"100035905005A00110100000004518871"},"geometry":{"type":"MultiPolygon","coordinates":[[[[129.1216646,35.748693],[129.1215571,35.7486889],[129.1214442,35.7486867],[129.1213831,35.7486865],[129.1213533,35.7486854],[129.1213282,35.7486826],[129.1212765,35.7486751],[129.1211892,35.7486578],[129.1211027,35.7486356],[129.1210675,35.7486245],[129.1209732,35.7485912],[129.1208967,35.7485591],[129.1208383,35.7485358],[129.1207746,35.7485172],[129.1206774,35.7484886],[129.1205945,35.7484678],[129.1205382,35.7484658],[129.1205272,35.7484658],[129.1204644,35.748472],[129.1204516,35.748474],[129.1203908,35.7484904],[129.1202841,35.74852],[129.1202491,35.7485269],[129.1201974,35.7485309],[129.1201764,35.7485316],[129.1201608,35.7485322],[129.1201293,35.7485313],[129.1200797,35.7485291],[129.1200193,35.7485241],[129.1198876,35.74851],[129.1197439,35.7484897],[129.1196434,35.7484841],[129.119578,35.7484896],[129.1194774,35.7485064],[129.1193933,35.7485233],[129.1193681,35.748528],[129.1193638,35.7485289],[129.1193241,35.7485387],[129.1193778,35.7485725],[129.1193814,35.7485717],[129.119406,35.7485672],[129.1194895,35.7485504],[129.1195865,35.7485342],[129.1196444,35.7485293],[129.1197373,35.7485345],[129.1198793,35.7485545],[129.1200129,35.7485689],[129.1200753,35.748574],[129.1201268,35.7485764],[129.1201611,35.7485773],[129.1201788,35.7485766],[129.1202012,35.7485759],[129.1202582,35.7485714],[129.1202995,35.7485634],[129.1204084,35.7485331],[129.1204655,35.7485177],[129.1204728,35.7485166],[129.1205306,35.7485109],[129.1205371,35.7485109],[129.1205851,35.7485125],[129.1206599,35.7485314],[129.1207559,35.7485596],[129.1208167,35.7485774],[129.1208719,35.7485994],[129.1209495,35.748632],[129.1210466,35.7486662],[129.1210844,35.7486782],[129.1211744,35.7487013],[129.1212651,35.7487192],[129.1213197,35.7487271],[129.1213484,35.7487303],[129.1213817,35.7487315],[129.1214434,35.7487318],[129.1215552,35.748734],[129.1216603,35.7487379],[129.1216646,35.748693]]]]}},{"type":"Feature","properties":{"UFID":"100035905006A00110100000004518872"},"geometry":{"type":"MultiPolygon","coordinates":[[[[129.1388847,35.7477249],[129.1388734,35.7476712],[129.1388262,35.7476782],[129.1387888,35.7476829],[129.1387969,35.7477421],[129.1388847,35.7477249]]]]}},{"type":"Feature","properties":{"UFID":"100035905006A00110100000004518873"},"geometry":{"type":"MultiPolygon","coordinates":[[[[129.1393477,35.7475931],[129.1391394,35.7476219],[129.1391398,35.7476234],[129.1391403,35.7476265],[129.1391405,35.7476286],[129.1391382,35.7476319],[129.1389813,35.7476551],[129.1388734,35.7476712],[129.1388847,35.7477249],[129.1388992,35.7477231],[129.1390859,35.747684],[129.1391802,35.7476666],[129.1392192,35.7476538],[129.1393122,35.7476127],[129.1393477,35.7475931]]]]}},{"type":"Feature","properties":{"UFID":"100035905006A00110100000004518874"},"geometry":{"type":"MultiPolygon","coordinates":[[[[129.1387969,35.7477421],[129.1387888,35.7476829],[129.1387308,35.7476902],[129.1385303,35.747716],[129.1385273,35.7477164],[129.1385233,35.7477159],[129.1385202,35.7477149],[129.1385157,35.7477059],[129.1383315,35.7477473],[129.1383994,35.7477586],[129.1385259,35.74777],[129.1385318,35.7477697],[129.1385343,35.7477695],[129.1386664,35.7477581],[129.1387493,35.7477467],[129.1387969,35.7477421]]]]}},{"type":"Feature","properties":{"UFID":"100035905006A00110100000004518875"},"geometry":{"type":"MultiPolygon","coordinates":[[[[129.1275237,35.74953],[129.1275128,35.7495324],[129.1274893,35.7495865],[129.1274907,35.7495864],[129.1274912,35.7495866],[129.1274916,35.7495873],[129.1275237,35.74953]]]]}},{"type":"Feature","properties":{"UFID":"100035905006A00110100000004518876"},"geometry":{"type":"MultiPolygon","coordinates":[[[[129.1385228,35.7498329],[129.1384882,35.7498213],[129.1384988,35.7498683],[129.1385283,35.7498695],[129.1385303,35.7498488],[129.1385228,35.7498329]]]]}},{"type":"Feature","properties":{"UFID":"100035905006A00110100000004518877"},"geometry":{"type":"MultiPolygon","coordinates":[[[[129.1384417,35.7493532],[129.1384089,35.7493576],[129.1384124,35.7493699],[129.138472,35.7495491],[129.1384876,35.7495956],[129.1384907,35.7496091],[129.1384952,35.7496436],[129.138496,35.7496571],[129.1384974,35.7497067],[129.1384947,35.7497635],[129.1384957,35.7498133],[129.1384882,35.7498213],[129.1385228,35.7498329],[129.1385279,35.7497638],[129.1385306,35.7497069],[129.1385291,35.7496562],[129.1385283,35.7496415],[129.1385235,35.7496052],[129.13852,35.7495896],[129.138504,35.749542],[129.1384446,35.7493633],[129.1384417,35.7493532]]]]}},{"type":"Feature","properties":{"UFID":"100035905006A00110100000004518878"},"geometry":{"type":"MultiPolygon","coordinates":[[[[129.1384882,35.7498213],[129.1384748,35.7498285],[129.1384511,35.7498347],[129.1383855,35.7498347],[129.1382579,35.749827],[129.1382554,35.749854],[129.1383843,35.7498618],[129.138484,35.7498647],[129.1384956,35.7498652],[129.1384988,35.7498683],[129.1384882,35.7498213]]]]}},{"type":"Feature","properties":{"UFID":"100035905006A00110100000004518879"},"geometry":{"type":"MultiPolygon","coordinates":[[[[129.1384089,35.7493576],[129.1384075,35.7493191],[129.1384047,35.7493209],[129.1383997,35.749323],[129.138232,35.7493471],[129.1381368,35.7493703],[129.1380565,35.7493938],[129.1380321,35.7494136],[129.1380193,35.7494401],[129.1380159,35.7494505],[129.1380118,35.7494842],[129.1380125,35.7495059],[129.1380145,35.7495206],[129.1380352,35.749594],[129.1380538,35.7496764],[129.1380569,35.7496945],[129.1380598,35.7497259],[129.1380599,35.7497342],[129.1380497,35.7498763],[129.13805,35.749903],[129.1380463,35.7499065],[129.1380832,35.7499069],[129.1380829,35.749877],[129.1380931,35.749735],[129.138093,35.7497248],[129.1380899,35.7496916],[129.1380866,35.7496721],[129.1380677,35.7495885],[129.1380473,35.7495161],[129.1380456,35.749504],[129.138045,35.7494851],[129.1380486,35.7494554],[129.1380508,35.7494486],[129.1380604,35.7494287],[129.1380747,35.7494172],[129.1381471,35.749396],[129.1382397,35.7493735],[129.1383974,35.7493508],[129.1384033,35.749353],[129.1384065,35.7493555],[129.1384089,35.7493576]]]]}},{"type":"Feature","properties":{"UFID":"100035905006A00110100000004518880"},"geometry":{"type":"MultiPolygon","coordinates":[[[[129.1384417,35.7493532],[129.13844,35.7493473],[129.1384403,35.7493397],[129.1384416,35.7493231],[129.1384439,35.7493149],[129.1384075,35.7493191],[129.1384089,35.7493576],[129.1384417,35.7493532]]]]}},{"type":"Feature","properties":{"UFID":"100035905006A00110100000004518881"},"geometry":{"type":"MultiPolygon","coordinates":[[[[129.1384439,35.7493149],[129.1384534,35.7492807],[129.1384587,35.7492664],[129.138475,35.7492315],[129.1384412,35.7492278],[129.1384273,35.7492576],[129.1384213,35.7492738],[129.1384095,35.7493163],[129.1384075,35.7493191],[129.1384439,35.7493149]]]]}},{"type":"Feature","properties":{"UFID":"100035905006A00110100000004518882"},"geometry":{"type":"MultiPolygon","coordinates":[[[[129.138521,35.7491957],[129.1384688,35.7491884],[129.1384412,35.7492278],[129.138475,35.7492315],[129.1384898,35.7492163],[129.138521,35.7491957]]]]}},{"type":"Feature","properties":{"UFID":"100035905006A00110100000004518883"},"geometry":{"type":"MultiPolygon","coordinates":[[[[129.1388291,35.7490772],[129.1388301,35.749049],[129.1388254,35.7490501],[129.1387898,35.7490569],[129.138768,35.7490607],[129.138738,35.7490644],[129.138704,35.749074],[129.1386768,35.7490851],[129.1385238,35.7491639],[129.1385027,35.749173],[129.1384881,35.7491826],[129.1384688,35.7491884],[129.138521,35.7491957],[129.1385405,35.7491873],[129.1386932,35.7491087],[129.1387169,35.7490989],[129.138746,35.7490908],[129.138774,35.7490873],[129.138797,35.7490833],[129.1388291,35.7490772]]]]}},{"type":"Feature","properties":{"UFID":"100035905006A00110100000004518884"},"geometry":{"type":"MultiPolygon","coordinates":[[[[129.1384412,35.7492278],[129.1384688,35.7491884],[129.138452,35.7491895],[129.1384029,35.7491874],[129.1383192,35.7491875],[129.1382296,35.7491944],[129.138207,35.7491997],[129.1381763,35.7492131],[129.1381733,35.7492144],[129.1381886,35.7492384],[129.1381917,35.749237],[129.1382196,35.7492249],[129.1382358,35.7492211],[129.1383208,35.7492146],[129.1384021,35.7492144],[129.1384238,35.7492154],[129.1384347,35.7492186],[129.1384391,35.7492222],[129.1384412,35.7492278]]]]}},{"type":"Feature","properties":{"UFID":"100035905006A00110100000004518885"},"geometry":{"type":"MultiPolygon","coordinates":[[[[129.1388797,35.7490872],[129.1388319,35.7490805],[129.1388227,35.7490952],[129.1388175,35.7491039],[129.1388168,35.7491051],[129.1388513,35.749118],[129.1388797,35.7490872]]]]}},{"type":"Feature","properties":{"UFID":"100035905006A00110100000004518886"},"geometry":{"type":"MultiPolygon","coordinates":[[[[129.1388797,35.7490872],[129.1388513,35.749118],[129.1388753,35.749149],[129.1389272,35.7492222],[129.1389568,35.7492099],[129.1389037,35.7491181],[129.1388797,35.7490872]]]]}},{"type":"Feature","properties":{"UFID":"100035905006A00110100000004518887"},"geometry":{"type":"MultiPolygon","coordinates":[[[[129.138879,35.7490709],[129.1388291,35.7490772],[129.1388309,35.7490777],[129.1388317,35.7490785],[129.1388319,35.7490805],[129.1388797,35.7490872],[129.1388775,35.7490792],[129.138879,35.7490709]]]]}},{"type":"Feature","properties":{"UFID":"100035905006A00110100000004518888"},"geometry":{"type":"MultiPolygon","coordinates":[[[[129.138879,35.7490709],[129.1388757,35.7490376],[129.1388301,35.749049],[129.1388291,35.7490772],[129.138879,35.7490709]]]]}},{"type":"Feature","properties":{"UFID":"100035905006A00110100000004518889"},"geometry":{"type":"MultiPolygon","coordinates":[[[[129.1390057,35.7490261],[129.13899,35.7490023],[129.1389482,35.7490181],[129.1389097,35.7490291],[129.1388757,35.7490376],[129.138879,35.7490709],[129.1388829,35.7490666],[129.1388906,35.7490621],[129.1389201,35.7490548],[129.1389607,35.7490432],[129.1390057,35.7490261]]]]}},{"type":"Feature","properties":{"UFID":"100035905006A00110100000004518890"},"geometry":{"type":"MultiPolygon","coordinates":[[[[129.1390384,35.7490119],[129.1390231,35.7489866],[129.1390033,35.7489972],[129.13899,35.7490023],[129.1390057,35.7490261],[129.1390384,35.7490119]]]]}},{"type":"Feature","properties":{"UFID":"100035905006A00110100000004518891"},"geometry":{"type":"MultiPolygon","coordinates":[[[[129.1390384,35.7490119],[129.1390057,35.7490261],[129.1390113,35.749028],[129.1390228,35.7490457],[129.1390292,35.7490556],[129.1390647,35.749115],[129.139073,35.7491271],[129.139102,35.7491139],[129.1390941,35.7491025],[129.1390588,35.7490434],[129.1390499,35.7490296],[129.1390384,35.7490119]]]]}},{"type":"Feature","properties":{"UFID":"100035905006A00110100000004518892"},"geometry":{"type":"MultiPolygon","coordinates":[[[[129.1392324,35.748907],[129.1391915,35.7488668],[129.1391845,35.7488797],[129.1391688,35.7488986],[129.1391528,35.7489112],[129.1391406,35.7489225],[129.1390558,35.7489692],[129.1390231,35.7489866],[129.1390384,35.7490119],[129.1390398,35.74901],[129.1390742,35.7489917],[129.1391627,35.748943],[129.1391768,35.7489299],[129.1391898,35.7489197],[129.1392095,35.7489122],[129.1392324,35.748907]]]]}},{"type":"Feature","properties":{"UFID":"100035905006A00110100000004518893"},"geometry":{"type":"MultiPolygon","coordinates":[[[[129.1392611,35.7488803],[129.139248,35.7488756],[129.1392413,35.7488716],[129.1392281,35.7488509],[129.1392231,35.7488435],[129.1391915,35.7488668],[129.1392324,35.748907],[129.1392611,35.7488803]]]]}},{"type":"Feature","properties":{"UFID":"100035905006A00110100000004518894"},"geometry":{"type":"MultiPolygon","coordinates":[[[[129.1393795,35.7489024],[129.1393869,35.7488728],[129.1393727,35.7488759],[129.1392959,35.7488854],[129.1392828,35.7488846],[129.1392722,35.7488826],[129.1392611,35.7488803],[129.1392324,35.748907],[129.1392644,35.7489088],[129.1392777,35.7489114],[129.1392971,35.7489126],[129.1393795,35.7489024]]]]}},{"type":"Feature","properties":{"UFID":"100035905006A00110100000004518895"},"geometry":{"type":"MultiPolygon","coordinates":[[[[129.1392231,35.7488435],[129.1391472,35.7487312],[129.1391202,35.7486929],[129.1390295,35.7485756],[129.1390284,35.7485725],[129.1389327,35.7484112],[129.1389469,35.7484591],[129.1389989,35.7485867],[129.1390918,35.7487069],[129.1391183,35.7487445],[129.1391929,35.7488549],[129.1391915,35.7488668],[129.1392231,35.7488435]]]]}},{"type":"Feature","properties":{"UFID":"100035905006A00110100000004518896"},"geometry":{"type":"MultiPolygon","coordinates":[[[[129.1394495,35.7488896],[129.1394549,35.7488629],[129.1393869,35.7488728],[129.1393795,35.7489024],[129.1394209,35.7488934],[129.1394344,35.7488901],[129.1394402,35.7488894],[129.1394452,35.748889],[129.1394495,35.7488896]]]]}},{"type":"Feature","properties":{"UFID":"100035905006A00110100000004518897"},"geometry":{"type":"MultiPolygon","coordinates":[[[[129.1394549,35.7488629],[129.1394524,35.7488601],[129.1394506,35.7488554],[129.1394504,35.7488523],[129.1394508,35.748845],[129.1394667,35.7488099],[129.1394356,35.7488005],[129.1394129,35.7488508],[129.1394045,35.7488609],[129.1393963,35.7488678],[129.1393869,35.7488728],[129.1394549,35.7488629]]]]}},{"type":"Feature","properties":{"UFID":"100035905006A00110100000004518898"},"geometry":{"type":"MultiPolygon","coordinates":[[[[129.1396927,35.748887],[129.139687,35.7488888],[129.1396769,35.7488908],[129.1396636,35.748892],[129.1396532,35.748892],[129.1396425,35.7489229],[129.1396882,35.7489262],[129.1396927,35.748887]]]]}},{"type":"Feature","properties":{"UFID":"100035905006A00110100000004518899"},"geometry":{"type":"MultiPolygon","coordinates":[[[[129.1396882,35.7489262],[129.1396425,35.7489229],[129.139646,35.7489284],[129.1396459,35.7489346],[129.1396357,35.7489435],[129.1395726,35.7489947],[129.1393819,35.7491424],[129.1391741,35.7493043],[129.139197,35.7493239],[129.1394048,35.749162],[129.1395958,35.7490141],[129.1396596,35.7489623],[129.1396729,35.7489507],[129.1396805,35.7489397],[129.1396882,35.7489262]]]]}},{"type":"Feature","properties":{"UFID":"100035905006A00110100000004518900"},"geometry":{"type":"MultiPolygon","coordinates":[[[[129.1400162,35.7487603],[129.1399922,35.7487378],[129.1399826,35.7487432],[129.1398248,35.7488229],[129.1396927,35.748887],[129.1396882,35.7489262],[129.1396938,35.7489192],[129.1397004,35.7489136],[129.1397073,35.7489114],[129.139842,35.748846],[129.1400007,35.7487658],[129.1400104,35.7487604],[129.1400162,35.7487603]]]]}},{"type":"Feature","properties":{"UFID":"100035905006A00110100000004518901"},"geometry":{"type":"MultiPolygon","coordinates":[[[[129.1396532,35.748892],[129.1396478,35.748892],[129.1396222,35.748889],[129.139573,35.7488803],[129.1395453,35.748876],[129.1394549,35.7488629],[129.1394495,35.7488896],[129.1395393,35.7489026],[129.1395664,35.7489068],[129.1396163,35.7489157],[129.139635,35.7489178],[129.1396425,35.7489229],[129.1396532,35.748892]]]]}},{"type":"Feature","properties":{"UFID":"100035905006A00110100000004518902"},"geometry":{"type":"MultiPolygon","coordinates":[[[[129.1400556,35.7487386],[129.1400317,35.7487157],[129.1399922,35.7487378],[129.1400162,35.7487603],[129.1400556,35.7487386]]]]}},{"type":"Feature","properties":{"UFID":"100035905006A00110100000004518903"},"geometry":{"type":"MultiPolygon","coordinates":[[[[129.1400556,35.7487386],[129.1400162,35.7487603],[129.1400223,35.7487617],[129.140033,35.7487666],[129.1400398,35.7487722],[129.140063,35.7487854],[129.1400903,35.7487991],[129.1401714,35.7488328],[129.1402385,35.748871],[129.1402763,35.7489034],[129.1403153,35.7489462],[129.1403291,35.7489721],[129.1403737,35.7489882],[129.1403443,35.7489326],[129.1403018,35.748886],[129.1402603,35.7488504],[129.1401885,35.7488096],[129.1401065,35.7487755],[129.1400812,35.7487628],[129.1400613,35.7487514],[129.1400575,35.7487453],[129.1400556,35.7487386]]]]}},{"type":"Feature","properties":{"UFID":"100035905006A00110100000004518904"},"geometry":{"type":"MultiPolygon","coordinates":[[[[129.1403737,35.7489882],[129.1403291,35.7489721],[129.140342,35.7489966],[129.1403544,35.7490414],[129.1403633,35.7490772],[129.1403653,35.7490848],[129.140402,35.7490954],[129.1403737,35.7489882]]]]}},{"type":"Feature","properties":{"UFID":"100035905006A00110100000004518905"},"geometry":{"type":"MultiPolygon","coordinates":[[[[129.1404462,35.7495201],[129.1404427,35.7494696],[129.1404284,35.7493684],[129.1404299,35.7493126],[129.1404344,35.7492552],[129.1404241,35.7491789],[129.140402,35.7490954],[129.1403653,35.7490848],[129.1403913,35.7491832],[129.1404011,35.7492558],[129.1403968,35.7493114],[129.1403951,35.7493697],[129.1404097,35.7494719],[129.1404147,35.7495452],[129.1404148,35.7495706],[129.1404126,35.7495869],[129.1404462,35.7495201]]]]}},{"type":"Feature","properties":{"UFID":"100035905006A00110100000004518906"},"geometry":{"type":"MultiPolygon","coordinates":[[[[129.1404566,35.7495967],[129.1404507,35.7495672],[129.1404479,35.7495459],[129.1404462,35.7495201],[129.1404126,35.7495869],[129.1404357,35.7496593],[129.1404566,35.7495967]]]]}},{"type":"Feature","properties":{"UFID":"100035905006A00110100000004518907"},"geometry":{"type":"MultiPolygon","coordinates":[[[[129.138297,35.748544],[129.1383314,35.7485037],[129.1383187,35.7485065],[129.1383038,35.7485099],[129.1382795,35.748515],[129.1382426,35.7485517],[129.138297,35.748544]]]]}},{"type":"Feature","properties":{"UFID":"100035905006A00110100000004518908"},"geometry":{"type":"MultiPolygon","coordinates":[[[[129.1389327,35.7484112],[129.1389913,35.7483654],[129.1389549,35.7483725],[129.1386766,35.7484263],[129.138353,35.7484989],[129.1383314,35.7485037],[129.138297,35.748544],[129.1383087,35.748538],[129.1383156,35.7485353],[129.1383275,35.7485326],[129.1383618,35.748525],[129.1386848,35.7484525],[129.1389129,35.7484084],[129.1389327,35.7484112]]]]}},{"type":"Feature","properties":{"UFID":"100035905006A00110100000004518909"},"geometry":{"type":"MultiPolygon","coordinates":[[[[129.1382426,35.7485517],[129.1382795,35.748515],[129.1382585,35.7485194],[129.138237,35.7485241],[129.1382041,35.7485308],[129.1380338,35.7485728],[129.1379431,35.7485934],[129.1376728,35.7486544],[129.1374373,35.748716],[129.1371973,35.748787],[129.1369607,35.7488599],[129.1367841,35.7489238],[129.1365469,35.7490108],[129.1365119,35.7490248],[129.1364445,35.7490633],[129.1364635,35.7490854],[129.1365288,35.7490481],[129.136561,35.7490353],[129.1367976,35.7489485],[129.1369733,35.7488849],[129.1372088,35.7488124],[129.137448,35.7487416],[129.1376823,35.7486803],[129.137952,35.7486195],[129.138043,35.7485987],[129.138213,35.7485569],[129.1382399,35.7485514],[129.1382426,35.7485517]]]]}},{"type":"Feature","properties":{"UFID":"100035905006A00110100000004518910"},"geometry":{"type":"MultiPolygon","coordinates":[[[[129.138297,35.748544],[129.1382426,35.7485517],[129.1382435,35.7485525],[129.1382436,35.7485536],[129.1382435,35.7485545],[129.1382096,35.7485937],[129.1382034,35.7486137],[129.1382018,35.7486311],[129.1382039,35.7486479],[129.1382093,35.748663],[129.1382416,35.7487253],[129.1383443,35.7489171],[129.1383747,35.7489063],[129.1382721,35.7487147],[129.1382406,35.748654],[129.1382366,35.7486427],[129.1382351,35.7486307],[129.1382363,35.7486181],[129.1382402,35.7486052],[129.1382737,35.7485665],[129.138281,35.7485578],[129.138297,35.748544]]]]}},{"type":"Feature","properties":{"UFID":"100035905006A00110100000004518911"},"geometry":{"type":"MultiPolygon","coordinates":[[[[129.1390624,35.7483514],[129.1389913,35.7483654],[129.1389327,35.7484112],[129.1390284,35.7485725],[129.1390624,35.7483514]]]]}},{"type":"Feature","properties":{"UFID":"100035905006A00110100000004518912"},"geometry":{"type":"MultiPolygon","coordinates":[[[[129.1391641,35.7484023],[129.1391333,35.7483375],[129.1391079,35.7483425],[129.1390624,35.7483514],[129.1390284,35.7485725],[129.1390536,35.7485323],[129.1391239,35.7484463],[129.1391641,35.7484023]]]]}},{"type":"Feature","properties":{"UFID":"100035905006A00110100000004518913"},"geometry":{"type":"MultiPolygon","coordinates":[[[[129.1413167,35.7458362],[129.1413107,35.7457813],[129.1412761,35.7457822],[129.1412736,35.7458492],[129.1412781,35.7458459],[129.1412892,35.7458416],[129.1413033,35.7458384],[129.1413167,35.7458362]]]]}},{"type":"Feature","properties":{"UFID":"100035905006A00110100000004518914"},"geometry":{"type":"MultiPolygon","coordinates":[[[[129.1413107,35.7457813],[129.1413173,35.7457609],[129.1413214,35.7457446],[129.1413299,35.7456828],[129.1413353,35.7456183],[129.1413356,35.7455416],[129.1413025,35.7455415],[129.1413021,35.7456173],[129.1412969,35.7456804],[129.1412886,35.7457403],[129.141285,35.7457547],[129.1412761,35.7457822],[129.1413107,35.7457813]]]]}},{"type":"Feature","properties":{"UFID":"100035905006A00110100000004518915"},"geometry":{"type":"MultiPolygon","coordinates":[[[[129.1412736,35.7458492],[129.1412761,35.7457822],[129.1412342,35.7458486],[129.1412186,35.7458737],[129.1411769,35.7459606],[129.1411263,35.746093],[129.1411059,35.7461336],[129.141092,35.7461581],[129.1410787,35.7461712],[129.1410009,35.74624],[129.140987,35.7462546],[129.1409709,35.7462744],[129.1409407,35.7463272],[129.1409104,35.7464178],[129.1409026,35.7464521],[129.140897,35.7464699],[129.1408935,35.746481],[129.1408877,35.7464931],[129.1408818,35.7465004],[129.1408771,35.7465034],[129.140868,35.7465064],[129.1408524,35.7465082],[129.1408174,35.7465103],[129.1402845,35.7465442],[129.1401773,35.7465508],[129.1401819,35.7465954],[129.1401904,35.7465865],[129.1402092,35.746576],[129.140287,35.7465712],[129.14082,35.7465373],[129.1408559,35.7465351],[129.1408767,35.7465327],[129.1408937,35.746527],[129.1409065,35.7465191],[129.1409173,35.7465055],[129.1409252,35.7464893],[129.1409291,35.7464766],[129.140935,35.746458],[129.1409427,35.7464238],[129.1409719,35.7463365],[129.1409999,35.7462877],[129.141014,35.7462704],[129.1410262,35.7462574],[129.1411037,35.746189],[129.1411203,35.7461726],[129.1411363,35.7461444],[129.1411575,35.7461022],[129.1412082,35.7459696],[129.1412489,35.7458848],[129.1412629,35.7458623],[129.1412736,35.7458492]]]]}},{"type":"Feature","properties":{"UFID":"100035905006A00110100000004518916"},"geometry":{"type":"MultiPolygon","coordinates":[[[[129.1400657,35.7474376],[129.1400611,35.7474325],[129.1400579,35.7474259],[129.1400563,35.7474191],[129.1400553,35.7474148],[129.1400552,35.7474109],[129.1400552,35.7474051],[129.1400582,35.7473722],[129.1400585,35.747369],[129.1400598,35.747363],[129.1400718,35.7473257],[129.1400871,35.7472858],[129.140094,35.7472708],[129.1401244,35.7472191],[129.1401477,35.7471847],[129.1402023,35.7471169],[129.1402048,35.7471139],[129.1402077,35.7471089],[129.1402084,35.7471041],[129.1402077,35.7470548],[129.1401949,35.7468717],[129.1401743,35.7466099],[129.1401819,35.7465954],[129.1401329,35.7465906],[129.1401407,35.7466059],[129.1401618,35.7468734],[129.1401745,35.7470558],[129.1401752,35.7471013],[129.1401748,35.7471018],[129.1401192,35.7471707],[129.1400949,35.7472067],[129.1400634,35.7472602],[129.1400557,35.7472771],[129.14004,35.7473182],[129.1400274,35.7473573],[129.1400256,35.7473656],[129.1400251,35.7473701],[129.140022,35.747404],[129.140022,35.7474114],[129.1400223,35.7474178],[129.1400181,35.7474301],[129.1400153,35.7474357],[129.1400093,35.7474456],[129.1400657,35.7474376]]]]}},{"type":"Feature","properties":{"UFID":"100035905006A00110100000004518917"},"geometry":{"type":"MultiPolygon","coordinates":[[[[129.1401329,35.7465906],[129.1401277,35.7465538],[129.1400896,35.7465561],[129.1394964,35.746589],[129.1390258,35.7466158],[129.1390214,35.746616],[129.1390098,35.7466142],[129.1390032,35.7466121],[129.1389964,35.746607],[129.1389995,35.7466444],[129.1390281,35.7466428],[129.1394987,35.746616],[129.1400919,35.7465831],[129.1401205,35.7465814],[129.1401268,35.7465841],[129.1401329,35.7465906]]]]}},{"type":"Feature","properties":{"UFID":"100035905006A00110100000004518918"},"geometry":{"type":"MultiPolygon","coordinates":[[[[129.1389995,35.7466444],[129.1389964,35.746607],[129.1389548,35.7466113],[129.138958,35.7466467],[129.1389995,35.7466444]]]]}},{"type":"Feature","properties":{"UFID":"100035905006A00110100000004518919"},"geometry":{"type":"MultiPolygon","coordinates":[[[[129.1389964,35.746607],[129.1389903,35.746598],[129.1389662,35.7462948],[129.1389538,35.7461715],[129.1389388,35.7459618],[129.1389239,35.7457215],[129.1388907,35.7457229],[129.1389057,35.7459633],[129.1389207,35.7461734],[129.1389331,35.7462967],[129.1389574,35.7466019],[129.1389548,35.7466113],[129.1389964,35.746607]]]]}},{"type":"Feature","properties":{"UFID":"100035905006A00110100000004518920"},"geometry":{"type":"MultiPolygon","coordinates":[[[[129.1401773,35.7465508],[129.140152,35.7465524],[129.140146,35.7465527],[129.1401277,35.7465538],[129.1401329,35.7465906],[129.1401819,35.7465954],[129.1401773,35.7465508]]]]}},{"type":"Feature","properties":{"UFID":"100035905006A00110100000004518921"},"geometry":{"type":"MultiPolygon","coordinates":[[[[129.138958,35.7466467],[129.1389548,35.7466113],[129.1389485,35.746618],[129.1389442,35.7466204],[129.1386464,35.7466375],[129.1382994,35.7466571],[129.1378359,35.7466844],[129.1378072,35.7466865],[129.1378086,35.7467434],[129.1378332,35.7467118],[129.1378386,35.7467114],[129.1383017,35.746684],[129.1386487,35.7466645],[129.138958,35.7466467]]]]}},{"type":"Feature","properties":{"UFID":"100035905006A00110100000004518922"},"geometry":{"type":"MultiPolygon","coordinates":[[[[129.136657,35.7467799],[129.1366514,35.7467301],[129.1366181,35.7467289],[129.1366229,35.7467818],[129.136657,35.7467799]]]]}},{"type":"Feature","properties":{"UFID":"100035905006A00110100000004518923"},"geometry":{"type":"MultiPolygon","coordinates":[[[[129.1366229,35.7467818],[129.1366181,35.7467289],[129.1366048,35.7467558],[129.1365968,35.7467563],[129.1357865,35.7468023],[129.1355197,35.746816],[129.1354697,35.7468187],[129.135457,35.7468136],[129.1354493,35.7468562],[129.1354568,35.7468495],[129.1354635,35.7468464],[129.1354724,35.7468456],[129.1355218,35.746843],[129.1357887,35.7468293],[129.1365991,35.7467832],[129.1366229,35.7467818]]]]}},{"type":"Feature","properties":{"UFID":"100035905006A00110100000004518924"},"geometry":{"type":"MultiPolygon","coordinates":[[[[129.1377744,35.7467324],[129.1377694,35.7466892],[129.137713,35.7466933],[129.1376741,35.7466955],[129.1366759,35.7467517],[129.1366514,35.7467301],[129.136657,35.7467799],[129.1366733,35.7467789],[129.1376763,35.7467224],[129.1377156,35.7467203],[129.137759,35.7467171],[129.1377744,35.7467324]]]]}},{"type":"Feature","properties":{"UFID":"100035905006A00110100000004518925"},"geometry":{"type":"MultiPolygon","coordinates":[[[[129.135457,35.7468136],[129.1354003,35.7468191],[129.1354001,35.746854],[129.1354493,35.7468562],[129.135457,35.7468136]]]]}},{"type":"Feature","properties":{"UFID":"100035905006A00110100000004518926"},"geometry":{"type":"MultiPolygon","coordinates":[[[[129.1354422,35.7473785],[129.1354402,35.7473766],[129.1354414,35.7471167],[129.1354434,35.7468893],[129.1354437,35.7468649],[129.1354493,35.7468562],[129.1354001,35.746854],[129.1354046,35.7468575],[129.1354106,35.7468633],[129.1354102,35.746889],[129.1354082,35.7471166],[129.135407,35.7473847],[129.1354069,35.7474118],[129.1354422,35.7473785]]]]}},{"type":"Feature","properties":{"UFID":"100035905006A00110100000004518927"},"geometry":{"type":"MultiPolygon","coordinates":[[[[129.135457,35.7468136],[129.1354499,35.7468064],[129.1354448,35.746799],[129.1354453,35.7467612],[129.1354443,35.7467042],[129.1354465,35.7463026],[129.1354468,35.7457804],[129.1354137,35.7457804],[129.1354135,35.7460813],[129.1354133,35.7463025],[129.1354112,35.7467043],[129.1354122,35.7467612],[129.1354115,35.7468071],[129.135405,35.7468142],[129.1354003,35.7468191],[129.135457,35.7468136]]]]}},{"type":"Feature","properties":{"UFID":"100035905006A00110100000004518928"},"geometry":{"type":"MultiPolygon","coordinates":[[[[129.1378072,35.7466865],[129.1377694,35.7466892],[129.1377744,35.7467324],[129.1378086,35.7467434],[129.1378072,35.7466865]]]]}},{"type":"Feature","properties":{"UFID":"100035905006A00110100000004518929"},"geometry":{"type":"MultiPolygon","coordinates":[[[[129.13793,35.7477389],[129.1379108,35.7477339],[129.1378948,35.7477205],[129.1378891,35.7476881],[129.1378738,35.7475097],[129.1378571,35.7473187],[129.1378533,35.7472776],[129.1378471,35.7471979],[129.1378086,35.7467434],[129.1377744,35.7467324],[129.137814,35.7471997],[129.1378202,35.7472795],[129.137824,35.7473207],[129.1378407,35.7475116],[129.1378561,35.7476909],[129.1378612,35.74772],[129.1378522,35.7477501],[129.13793,35.7477389]]]]}},{"type":"Feature","properties":{"UFID":"100035905006A00110100000004518930"},"geometry":{"type":"MultiPolygon","coordinates":[[[[129.1373489,35.7478319],[129.1373342,35.7478287],[129.1373177,35.74782],[129.1373108,35.7478027],[129.1372889,35.7477599],[129.1372583,35.7477703],[129.1372797,35.7478121],[129.1372842,35.7478234],[129.1372822,35.7478331],[129.1372792,35.7478398],[129.1373489,35.7478319]]]]}},{"type":"Feature","properties":{"UFID":"100035905006A00110100000004518931"},"geometry":{"type":"MultiPolygon","coordinates":[[[[129.1370928,35.7478795],[129.1370833,35.7478747],[129.1370679,35.7477986],[129.1370297,35.7478037],[129.137046,35.7478845],[129.1370409,35.7478907],[129.1370928,35.7478795]]]]}},{"type":"Feature","properties":{"UFID":"100035905006A00110100000004518932"},"geometry":{"type":"MultiPolygon","coordinates":[[[[129.1367804,35.7479352],[129.1367732,35.7479324],[129.1367688,35.747925],[129.1367691,35.747923],[129.1367777,35.7478643],[129.1367393,35.7478606],[129.1367307,35.7479193],[129.1367283,35.7479353],[129.13672,35.7479445],[129.1367144,35.7479481],[129.1367804,35.7479352]]]]}},{"type":"Feature","properties":{"UFID":"100035905006A00110100000004518933"},"geometry":{"type":"MultiPolygon","coordinates":[[[[129.1358827,35.7480435],[129.1358737,35.7480407],[129.1358639,35.7480359],[129.1357079,35.7478553],[129.1355937,35.747716],[129.1355725,35.7476863],[129.1355621,35.7476741],[129.1355486,35.7476676],[129.1354428,35.7476459],[129.1354412,35.7476455],[129.1354396,35.7476444],[129.1354391,35.747641],[129.1354399,35.7474541],[129.1354416,35.7474438],[129.1354066,35.747482],[129.135406,35.7476423],[129.135407,35.7476507],[129.1354098,35.747657],[129.1354153,35.7476632],[129.1354252,35.7476697],[129.1354338,35.747672],[129.1355359,35.7476929],[129.1355391,35.7476944],[129.1355445,35.7477008],[129.1355655,35.7477303],[129.1356806,35.7478706],[129.1358153,35.7480266],[129.1358207,35.7480425],[129.135818,35.7480471],[129.1358827,35.7480435]]]]}},{"type":"Feature","properties":{"UFID":"100035905006A00110100000004518934"},"geometry":{"type":"MultiPolygon","coordinates":[[[[129.1334728,35.7481247],[129.1335204,35.7481341],[129.1335186,35.7481307],[129.1335172,35.7481243],[129.1335259,35.7481016],[129.1336038,35.7479345],[129.1335728,35.7479249],[129.1334945,35.7480928],[129.1334842,35.7481197],[129.1334834,35.7481216],[129.1334782,35.7481238],[129.1334728,35.7481247]]]]}},{"type":"Feature","properties":{"UFID":"100035905006A00110100000004518935"},"geometry":{"type":"MultiPolygon","coordinates":[[[[129.1354416,35.7474438],[129.1354422,35.7473785],[129.1354069,35.7474118],[129.1354066,35.747482],[129.1354416,35.7474438]]]]}},{"type":"Feature","properties":{"UFID":"100035905006A00110100000004518936"},"geometry":{"type":"MultiPolygon","coordinates":[[[[129.1354422,35.7473785],[129.1354416,35.7474438],[129.1354435,35.7474389],[129.1354486,35.7474273],[129.1354581,35.7474141],[129.1354668,35.7474037],[129.1354735,35.747395],[129.1354922,35.7473709],[129.1354641,35.7473564],[129.1354471,35.7473785],[129.135444,35.7473789],[129.1354422,35.7473785]]]]}},{"type":"Feature","properties":{"UFID":"100035905006A00110100000004518937"},"geometry":{"type":"MultiPolygon","coordinates":[[[[129.1354003,35.7468191],[129.1353896,35.7468247],[129.1342708,35.74682],[129.133107,35.7468164],[129.1330987,35.7468435],[129.1342706,35.7468471],[129.1353936,35.7468517],[129.1354001,35.746854],[129.1354003,35.7468191]]]]}},{"type":"Feature","properties":{"UFID":"100035905006A00110100000004518938"},"geometry":{"type":"MultiPolygon","coordinates":[[[[129.1330336,35.7468167],[129.133107,35.7468164],[129.1330851,35.7467905],[129.1330854,35.7467625],[129.1330873,35.7464608],[129.1330884,35.7463089],[129.1330915,35.7458803],[129.1330916,35.7458797],[129.1331132,35.7458555],[129.1330863,35.7458396],[129.1330621,35.7458668],[129.1330593,35.7458718],[129.1330584,35.7458788],[129.1330552,35.7463087],[129.1330542,35.7464607],[129.1330522,35.7467623],[129.1330519,35.7467962],[129.1330336,35.7468167]]]]}},{"type":"Feature","properties":{"UFID":"100035905006A00110100000004518939"},"geometry":{"type":"MultiPolygon","coordinates":[[[[129.133107,35.7468164],[129.1330336,35.7468167],[129.1330385,35.7468437],[129.1330987,35.7468435],[129.133107,35.7468164]]]]}},{"type":"Feature","properties":{"UFID":"100035905006A00110100000004518940"},"geometry":{"type":"MultiPolygon","coordinates":[[[[129.1330336,35.7468167],[129.132943,35.7468178],[129.1321947,35.7468143],[129.1319242,35.7468126],[129.1318831,35.7468396],[129.1319094,35.7468396],[129.1321945,35.7468413],[129.1329432,35.7468448],[129.1330385,35.7468437],[129.1330336,35.7468167]]]]}},{"type":"Feature","properties":{"UFID":"100035905006A00110100000004518941"},"geometry":{"type":"MultiPolygon","coordinates":[[[[129.1330987,35.7468435],[129.1330385,35.7468437],[129.1330511,35.7468618],[129.1330507,35.746896],[129.1330496,35.7469703],[129.1330491,35.7476312],[129.1330822,35.7476312],[129.1330827,35.7469705],[129.1330839,35.7468963],[129.1330842,35.7468653],[129.1330987,35.7468435]]]]}},{"type":"Feature","properties":{"UFID":"100035905006A00110100000004518942"},"geometry":{"type":"MultiPolygon","coordinates":[[[[129.131854,35.7468127],[129.1319242,35.7468126],[129.1319036,35.7467804],[129.1319052,35.7465555],[129.1319059,35.7464131],[129.1319087,35.7460663],[129.1318755,35.7460661],[129.1318727,35.7464129],[129.131872,35.7465554],[129.1318704,35.746791],[129.131854,35.7468127]]]]}},{"type":"Feature","properties":{"UFID":"100035905006A00110100000004518943"},"geometry":{"type":"MultiPolygon","coordinates":[[[[129.1319242,35.7468126],[129.131854,35.7468127],[129.1318283,35.7468398],[129.1318831,35.7468396],[129.1319242,35.7468126]]]]}},{"type":"Feature","properties":{"UFID":"100035905006A00110100000004518944"},"geometry":{"type":"MultiPolygon","coordinates":[[[[129.1318283,35.7468398],[129.131854,35.7468127],[129.1318307,35.7468128],[129.1317079,35.7468131],[129.1312239,35.7468091],[129.1308063,35.7468069],[129.130681,35.7468075],[129.1306229,35.7468058],[129.1305955,35.7468082],[129.130586,35.7468103],[129.130554,35.7468163],[129.130361,35.7468464],[129.1303334,35.7468501],[129.1303214,35.746853],[129.1303001,35.7468634],[129.1302795,35.7468766],[129.1302459,35.746903],[129.1302355,35.7469054],[129.1302626,35.7469275],[129.1303013,35.746897],[129.130319,35.7468858],[129.1303348,35.746878],[129.1303408,35.7468765],[129.1303668,35.7468731],[129.1305608,35.7468427],[129.1305941,35.7468366],[129.1306017,35.7468348],[129.1306241,35.7468329],[129.1306805,35.7468345],[129.1308062,35.7468339],[129.1312237,35.7468362],[129.1317078,35.7468401],[129.1318283,35.7468398]]]]}},{"type":"Feature","properties":{"UFID":"100035905006A00110100000004518945"},"geometry":{"type":"MultiPolygon","coordinates":[[[[129.1318831,35.7468396],[129.1318283,35.7468398],[129.1318309,35.7468432],[129.1318333,35.7468488],[129.1318387,35.7468666],[129.1318361,35.7469053],[129.1318353,35.7470031],[129.1318361,35.7473493],[129.1318358,35.7475989],[129.131869,35.7475989],[129.1318693,35.7473493],[129.1318684,35.7470032],[129.1318693,35.7469061],[129.131872,35.7468661],[129.1318776,35.7468465],[129.1318804,35.7468426],[129.1318831,35.7468396]]]]}},{"type":"Feature","properties":{"UFID":"100035905006A00110100000004518946"},"geometry":{"type":"MultiPolygon","coordinates":[[[[129.1320156,35.7479142],[129.1320659,35.7479158],[129.1320583,35.7479085],[129.1320623,35.7478549],[129.1320766,35.7477958],[129.1320925,35.7477599],[129.1321081,35.7477458],[129.1321141,35.7477425],[129.1321609,35.7477306],[129.132151,35.7477048],[129.1320996,35.7477179],[129.1320862,35.7477252],[129.1320635,35.7477457],[129.1320446,35.7477886],[129.1320293,35.7478514],[129.1320252,35.7479068],[129.1320156,35.7479142]]]]}},{"type":"Feature","properties":{"UFID":"100035905006A00110100000004518947"},"geometry":{"type":"MultiPolygon","coordinates":[[[[129.1302309,35.7469612],[129.1301974,35.7469324],[129.1301997,35.7469393],[129.1302006,35.74695],[129.1301961,35.7469604],[129.1301919,35.7469755],[129.13019,35.7469873],[129.1301896,35.7469982],[129.1301916,35.7472472],[129.1301909,35.7472894],[129.130188,35.7473739],[129.1301815,35.7474387],[129.1301705,35.7475063],[129.1301616,35.7475535],[129.1301399,35.7476274],[129.130136,35.7476432],[129.1301277,35.7476755],[129.1301153,35.7476854],[129.1301847,35.7476909],[129.1301811,35.7476738],[129.1301626,35.7476716],[129.1301684,35.7476487],[129.1301723,35.7476333],[129.1301941,35.7475587],[129.1302033,35.7475101],[129.1302145,35.7474416],[129.1302211,35.7473753],[129.130224,35.74729],[129.1302247,35.7472473],[129.1302228,35.7469985],[129.1302231,35.7469894],[129.1302246,35.7469803],[129.130228,35.7469679],[129.1302309,35.7469612]]]]}},{"type":"Feature","properties":{"UFID":"100035905006A00110100000004518948"},"geometry":{"type":"MultiPolygon","coordinates":[[[[129.1302626,35.7469275],[129.1302355,35.7469054],[129.1301974,35.7469324],[129.1302309,35.7469612],[129.1302399,35.7469482],[129.1302626,35.7469275]]]]}},{"type":"Feature","properties":{"UFID":"100035905006A00110100000004518949"},"geometry":{"type":"MultiPolygon","coordinates":[[[[129.129872,35.7476851],[129.1298521,35.7476861],[129.1297957,35.7476593],[129.1297234,35.7476513],[129.1294818,35.7476235],[129.1294358,35.7476965],[129.1295138,35.747726],[129.1295856,35.7477612],[129.1296433,35.7478001],[129.1296682,35.7478192],[129.1296747,35.7478287],[129.1296755,35.7478312],[129.1296753,35.7478365],[129.129872,35.7476851]]]]}},{"type":"Feature","properties":{"UFID":"100035905006A00110100000004518950"},"geometry":{"type":"MultiPolygon","coordinates":[[[[129.1294818,35.7476235],[129.129393,35.7475942],[129.1293372,35.7476564],[129.1293863,35.7476778],[129.1294358,35.7476965],[129.1294818,35.7476235]]]]}},{"type":"Feature","properties":{"UFID":"100035905006A00110100000004518951"},"geometry":{"type":"MultiPolygon","coordinates":[[[[129.129393,35.7475942],[129.1294818,35.7476235],[129.1294824,35.7476098],[129.129499,35.7475109],[129.1295044,35.7474113],[129.1294258,35.7474026],[129.1294177,35.7475193],[129.1294065,35.747574],[129.129393,35.7475942]]]]}},{"type":"Feature","properties":{"UFID":"100035905006A00110100000004518952"},"geometry":{"type":"MultiPolygon","coordinates":[[[[129.129393,35.7475942],[129.1289595,35.7474012],[129.128929,35.7473827],[129.1287924,35.7473184],[129.1287234,35.747283],[129.1286654,35.7472465],[129.1286061,35.7471964],[129.1285496,35.7471458],[129.1285057,35.7470925],[129.1284665,35.7470347],[129.1284357,35.7469708],[129.1284007,35.7468469],[129.1282988,35.7468785],[129.1283018,35.7469024],[129.1283118,35.7469595],[129.1283307,35.7470119],[129.1283475,35.7470506],[129.1283755,35.7471014],[129.128412,35.7471533],[129.1284534,35.7472011],[129.1285061,35.7472485],[129.1285635,35.7472981],[129.1286267,35.7473387],[129.1286773,35.7473622],[129.1288056,35.7474193],[129.1290277,35.7475212],[129.1293372,35.7476564],[129.129393,35.7475942]]]]}},{"type":"Feature","properties":{"UFID":"100035905006A00110100000004518953"},"geometry":{"type":"MultiPolygon","coordinates":[[[[129.1281885,35.7482159],[129.128172,35.7481898],[129.1281345,35.7482047],[129.1279312,35.7482764],[129.1275965,35.7484024],[129.1276104,35.748427],[129.1279447,35.7483011],[129.1281484,35.7482292],[129.1281806,35.7482164],[129.1281861,35.7482157],[129.1281885,35.7482159]]]]}},{"type":"Feature","properties":{"UFID":"100035905006A00110100000004518954"},"geometry":{"type":"MultiPolygon","coordinates":[[[[129.1285817,35.7487231],[129.1285598,35.7487213],[129.1285282,35.7487092],[129.1285262,35.7487067],[129.1283596,35.7484096],[129.1282783,35.7482728],[129.128235,35.7482056],[129.1282346,35.7481984],[129.1281885,35.7482159],[129.128193,35.7482178],[129.1282388,35.7482891],[129.1283196,35.748425],[129.1284874,35.7487241],[129.1284931,35.7487313],[129.1284952,35.748753],[129.1284934,35.7487643],[129.1284867,35.7487751],[129.1285817,35.7487231]]]]}},{"type":"Feature","properties":{"UFID":"100035905006A00110100000004518955"},"geometry":{"type":"MultiPolygon","coordinates":[[[[129.1275128,35.7495324],[129.1275011,35.7495323],[129.1274773,35.7495284],[129.1274515,35.7495649],[129.1274893,35.7495865],[129.1275128,35.7495324]]]]}},{"type":"Feature","properties":{"UFID":"100035905006A00110100000004518956"},"geometry":{"type":"MultiPolygon","coordinates":[[[[129.1274773,35.7495284],[129.1274708,35.7495273],[129.1274354,35.749498],[129.1273725,35.74944],[129.1273695,35.7494377],[129.1273469,35.7494575],[129.1273487,35.7494589],[129.1274112,35.7495165],[129.1274432,35.749543],[129.1274465,35.7495486],[129.1274495,35.7495536],[129.1274513,35.749559],[129.1274515,35.7495649],[129.1274773,35.7495284]]]]}},{"type":"Feature","properties":{"UFID":"100035905006A00110100000004518957"},"geometry":{"type":"MultiPolygon","coordinates":[[[[129.1409866,35.748703],[129.1409548,35.7486951],[129.1409453,35.7487244],[129.1409414,35.7487314],[129.1409401,35.7487335],[129.1409391,35.7487343],[129.1409317,35.7487352],[129.1409364,35.7487619],[129.1409547,35.7487598],[129.1409672,35.7487496],[129.1409712,35.7487433],[129.1409767,35.7487336],[129.1409866,35.748703]]]]}},{"type":"Feature","properties":{"UFID":"100035905006A00110100000004518958"},"geometry":{"type":"MultiPolygon","coordinates":[[[[129.1410023,35.7486425],[129.1409866,35.748703],[129.1410191,35.7487007],[129.141175,35.7487524],[129.1413673,35.7488095],[129.1415514,35.7488538],[129.141729,35.7489015],[129.1417307,35.7489071],[129.1417261,35.7489335],[129.1417257,35.7489407],[129.1417242,35.7489469],[129.1417235,35.7489506],[129.1417113,35.7489819],[129.1416899,35.7490068],[129.1416703,35.749019],[129.141511,35.7491011],[129.1415287,35.7491239],[129.1416892,35.7490412],[129.1417141,35.7490258],[129.1417414,35.7489941],[129.1417558,35.748957],[129.1417569,35.7489516],[129.1417587,35.748944],[129.1417592,35.7489361],[129.1417644,35.7489057],[129.1417583,35.7488853],[129.1417483,35.7488782],[129.1415613,35.748828],[129.1413777,35.7487838],[129.1411877,35.7487274],[129.1410188,35.7486627],[129.1410023,35.7486425]]]]}},{"type":"Feature","properties":{"UFID":"100035905006A00110100000004518959"},"geometry":{"type":"MultiPolygon","coordinates":[[[[129.1410023,35.7486425],[129.1409688,35.7486441],[129.1409582,35.7486846],[129.1409548,35.7486951],[129.1409866,35.748703],[129.1410023,35.7486425]]]]}},{"type":"Feature","properties":{"UFID":"100035905006A00110100000004518960"},"geometry":{"type":"MultiPolygon","coordinates":[[[[129.1278338,35.7498998],[129.1278991,35.7499625],[129.1279021,35.7499565],[129.1280609,35.7498791],[129.1281648,35.7498388],[129.1282368,35.7498278],[129.1282472,35.7497828],[129.1281724,35.7498117],[129.128103,35.7498364],[129.127982,35.7498674],[129.1278912,35.749885],[129.1278338,35.7498998]]]]}},{"type":"Feature","properties":{"UFID":"100035905006A00110100000004518961"},"geometry":{"type":"MultiPolygon","coordinates":[[[[129.1380832,35.7499069],[129.1380463,35.7499065],[129.1380484,35.7499426],[129.1380849,35.7499441],[129.1380833,35.749918],[129.1380832,35.7499069]]]]}},{"type":"Feature","properties":{"UFID":"100035905006A00110100000004518962"},"geometry":{"type":"MultiPolygon","coordinates":[[[[129.1380463,35.7499065],[129.1380421,35.7499079],[129.1380319,35.7499087],[129.1379266,35.7498995],[129.1379231,35.7499264],[129.1380337,35.7499361],[129.1380445,35.7499395],[129.1380484,35.7499426],[129.1380463,35.7499065]]]]}},{"type":"Feature","properties":{"UFID":"100035905006A00110100000004518963"},"geometry":{"type":"MultiPolygon","coordinates":[[[[129.1404566,35.7495967],[129.1404357,35.7496593],[129.1404443,35.7497],[129.1404731,35.7498459],[129.1404864,35.7499132],[129.1405191,35.7499089],[129.1405059,35.7498416],[129.140477,35.7496955],[129.1404654,35.749641],[129.1404566,35.7495967]]]]}},{"type":"Feature","properties":{"UFID":"100035905006A00110100000004518964"},"geometry":{"type":"MultiPolygon","coordinates":[[[[129.1274893,35.7495865],[129.1274515,35.7495649],[129.1274502,35.7495678],[129.1274393,35.7495816],[129.127433,35.749585],[129.1272868,35.7496706],[129.1271801,35.7497293],[129.1269894,35.7498398],[129.1268388,35.7499204],[129.126787,35.7499464],[129.1268076,35.7499679],[129.1268566,35.7499432],[129.1270081,35.7498621],[129.127199,35.7497516],[129.1273058,35.7496928],[129.1274521,35.7496072],[129.1274893,35.7495865]]]]}},{"type":"Feature","properties":{"UFID":"100035905006A00110100000004518965"},"geometry":{"type":"MultiPolygon","coordinates":[[[[129.1303748,35.745771],[129.1303744,35.7458097],[129.1305957,35.7458094],[129.130596,35.7457771],[129.1304003,35.745778],[129.1303748,35.745771]]]]}},{"type":"Feature","properties":{"UFID":"100035905006A00110100000004518966"},"geometry":{"type":"MultiPolygon","coordinates":[[[[129.1303572,35.7454828],[129.1303493,35.7455437],[129.130371,35.7455284],[129.1303842,35.7455243],[129.1303933,35.7455219],[129.1304041,35.7455202],[129.1305538,35.7455214],[129.1305525,35.7454911],[129.1303994,35.745491],[129.1303818,35.7454906],[129.1303572,35.7454828]]]]}},{"type":"Feature","properties":{"UFID":"100035905006A00110100000004518967"},"geometry":{"type":"MultiPolygon","coordinates":[[[[129.141063,35.7484581],[129.1410306,35.7484454],[129.1410215,35.748457],[129.1410107,35.7484525],[129.1409514,35.7484638],[129.1406683,35.7484202],[129.1406624,35.7484468],[129.1409934,35.7484924],[129.1410284,35.7485109],[129.141063,35.7484581]]]]}},{"type":"Feature","properties":{"UFID":"100035905006A00110100000004518968"},"geometry":{"type":"MultiPolygon","coordinates":[[[[129.1410932,35.7484694],[129.141063,35.7484581],[129.1410284,35.7485109],[129.1410579,35.7485232],[129.1410932,35.7484694]]]]}},{"type":"Feature","properties":{"UFID":"100035905006A00110100000004518969"},"geometry":{"type":"MultiPolygon","coordinates":[[[[129.1410023,35.7486425],[129.1410056,35.7486067],[129.1410494,35.7485361],[129.1410579,35.7485232],[129.1410284,35.7485109],[129.1410199,35.7485238],[129.1409726,35.7486046],[129.1409688,35.7486441],[129.1410023,35.7486425]]]]}},{"type":"Feature","properties":{"UFID":"100035905006A00110100000004518970"},"geometry":{"type":"MultiPolygon","coordinates":[[[[129.1404357,35.7496593],[129.1404126,35.7495869],[129.1404052,35.7496206],[129.1403947,35.7496574],[129.1403918,35.7497089],[129.1403923,35.7498219],[129.1403788,35.7498788],[129.1403449,35.7499686],[129.140343,35.7499755],[129.1403754,35.7499813],[129.140377,35.7499755],[129.140411,35.7498854],[129.1404255,35.7498244],[129.140425,35.7497095],[129.1404277,35.7496611],[129.14043,35.749659],[129.140432,35.7496582],[129.140433,35.7496582],[129.1404357,35.7496593]]]]}},{"type":"Feature","properties":{"UFID":"100035905006A00110100000004518971"},"geometry":{"type":"MultiPolygon","coordinates":[[[[129.1299436,35.7477794],[129.1297352,35.7478832],[129.1297512,35.7478834],[129.1297627,35.7478815],[129.1297996,35.7478825],[129.12981,35.7478856],[129.1298176,35.7478928],[129.1298153,35.7479063],[129.1298076,35.7479489],[129.1298101,35.7479597],[129.1298166,35.7479791],[129.1298234,35.7479921],[129.1298324,35.7480014],[129.1299012,35.7480356],[129.1300203,35.7480836],[129.1300692,35.7481131],[129.1301556,35.7481622],[129.1302326,35.748211],[129.1303389,35.748277],[129.1304065,35.7483074],[129.1304499,35.7483216],[129.130549,35.748348],[129.1306776,35.7483884],[129.1307248,35.7484022],[129.130823,35.7484195],[129.131262,35.7484789],[129.131589,35.7485185],[129.1316226,35.7485268],[129.131657,35.7485402],[129.1317074,35.7485765],[129.1318158,35.7486662],[129.1318424,35.7486509],[129.1318175,35.7486321],[129.1317576,35.7485732],[129.1317041,35.7485328],[129.1316655,35.7485117],[129.1316492,35.7485044],[129.1316016,35.7484935],[129.1311101,35.7484318],[129.1307615,35.7483818],[129.1307167,35.7483735],[129.1306322,35.7483424],[129.1305338,35.7483153],[129.1304394,35.7482898],[129.1303874,35.7482658],[129.1303077,35.7482188],[129.1302102,35.7481529],[129.1301435,35.7481123],[129.1300239,35.7480576],[129.1299472,35.7480261],[129.1298793,35.7479948],[129.1298599,35.7479786],[129.129847,35.7479624],[129.1298436,35.7479528],[129.1298423,35.747944],[129.129842,35.7479312],[129.1298554,35.7478949],[129.129902,35.7478134],[129.1299144,35.7477973],[129.1299436,35.7477794]]]]}},{"type":"Feature","properties":{"UFID":"100035905006A00110100000004518972"},"geometry":{"type":"MultiPolygon","coordinates":[[[[129.1400317,35.7487157],[129.1400556,35.7487386],[129.140058,35.7487329],[129.1400659,35.7487274],[129.1400675,35.7487257],[129.1400432,35.7487071],[129.1400418,35.7487086],[129.1400317,35.7487157]]]]}},{"type":"Feature","properties":{"UFID":"100035905005A00110100000004518973"},"geometry":{"type":"MultiPolygon","coordinates":[[[[129.1165593,35.7491016],[129.1164682,35.7490729],[129.1164611,35.7491298],[129.1165199,35.7491432],[129.1165277,35.749126],[129.1165593,35.7491016]]]]}},{"type":"Feature","properties":{"UFID":"100035905005A00110100000004518974"},"geometry":{"type":"MultiPolygon","coordinates":[[[[129.1162257,35.7483343],[129.1162908,35.7483501],[129.1163937,35.7481538],[129.1164216,35.7481058],[129.1164359,35.7480989],[129.116446,35.7480956],[129.1164571,35.748093],[129.1164636,35.7480923],[129.1164713,35.7480918],[129.1164779,35.748092],[129.1164885,35.7480934],[129.1166198,35.7481536],[129.1166304,35.7481786],[129.1166117,35.7482938],[129.116487,35.7484333],[129.1164933,35.748487],[129.116539,35.7485127],[129.1166342,35.7485721],[129.1167135,35.7486946],[129.116717,35.7486958],[129.1167665,35.7486969],[129.1167694,35.7486987],[129.116775,35.7487027],[129.1167994,35.748748],[129.1168273,35.7488456],[129.1168275,35.7488483],[129.1168269,35.7488512],[129.1168231,35.7488584],[129.1167411,35.7489279],[129.1166732,35.7489743],[129.1165925,35.7490252],[129.116478,35.7490691],[129.1164682,35.7490729],[129.1165593,35.7491016],[129.1165654,35.7490969],[129.1166847,35.7490233],[129.1168413,35.748908],[129.1168738,35.7488839],[129.1168874,35.7488822],[129.1168547,35.748666],[129.1168539,35.7486648],[129.1168534,35.7486635],[129.1168514,35.7486613],[129.11676,35.7486524],[129.1167572,35.7486518],[129.1167544,35.7486507],[129.1166658,35.7485123],[129.116663,35.74851],[129.1165788,35.748469],[129.1165811,35.7484402],[129.1165857,35.7484249],[129.1166741,35.7483109],[129.1166758,35.7483042],[129.1166768,35.748297],[129.116701,35.7481881],[129.1167033,35.748171],[129.1167037,35.7481589],[129.1167029,35.7481485],[129.1167006,35.7481409],[129.1166978,35.7481342],[129.1166908,35.7481224],[129.1166849,35.7481162],[129.116519,35.7480492],[129.1164347,35.7480116],[129.1164264,35.7480116],[129.1164194,35.7480122],[129.1164088,35.7480168],[129.1162257,35.7483343]]]]}},{"type":"Feature","properties":{"UFID":"100035905005A00110100000004518975"},"geometry":{"type":"MultiPolygon","coordinates":[[[[129.1162908,35.7483501],[129.1162257,35.7483343],[129.116179,35.7484188],[129.1161502,35.7484485],[129.1161143,35.7484555],[129.1160968,35.748455],[129.1160821,35.7484521],[129.1159974,35.7484187],[129.1159697,35.7484093],[129.1159609,35.7484066],[129.1158683,35.7483746],[129.1158534,35.7484065],[129.1159417,35.7484241],[129.1160564,35.7484641],[129.1161293,35.7484913],[129.1161494,35.7484975],[129.1161535,35.7484975],[129.116241,35.7484046],[129.1162789,35.7483666],[129.1162908,35.7483501]]]]}},{"type":"Feature","properties":{"UFID":"100035905005A00110100000004518976"},"geometry":{"type":"MultiPolygon","coordinates":[[[[129.1164611,35.7491298],[129.1164682,35.7490729],[129.1164408,35.749073],[129.1164163,35.7490761],[129.1163951,35.7490811],[129.116374,35.7490912],[129.1163499,35.7491081],[129.1163211,35.7491299],[129.1162835,35.7491733],[129.1162543,35.7492091],[129.1161989,35.749252],[129.1162275,35.7492827],[129.1162709,35.7492647],[129.1163462,35.7491994],[129.1163676,35.7491578],[129.1163846,35.7491293],[129.1163889,35.7491256],[129.1163946,35.7491229],[129.116405,35.7491196],[129.1164173,35.7491169],[129.1164435,35.7491224],[129.1164611,35.7491298]]]]}},{"type":"Feature","properties":{"UFID":"100035905006A00110100000004518977"},"geometry":{"type":"MultiPolygon","coordinates":[[[[129.1277234,35.7472885],[129.1277615,35.7473165],[129.1279029,35.7472544],[129.1278963,35.747224],[129.1277742,35.7472742],[129.1277256,35.7472889],[129.1277234,35.7472885]]]]}},{"type":"Feature","properties":{"UFID":"100035905006A00110100000004518978"},"geometry":{"type":"MultiPolygon","coordinates":[[[[129.1406595,35.7493803],[129.1406892,35.7493895],[129.1406907,35.7493881],[129.1407971,35.7493111],[129.1407787,35.7492896],[129.1407492,35.7493093],[129.1407064,35.7493413],[129.1406753,35.7493656],[129.1406595,35.7493803]]]]}},{"type":"Feature","properties":{"UFID":"100035905006A00110100000004518979"},"geometry":{"type":"MultiPolygon","coordinates":[[[[129.1406892,35.7493895],[129.1406595,35.7493803],[129.1406215,35.7494187],[129.1406539,35.7494224],[129.1406542,35.7494218],[129.1406892,35.7493895]]]]}},{"type":"Feature","properties":{"UFID":"100035905006A00110100000004518980"},"geometry":{"type":"MultiPolygon","coordinates":[[[[129.1406539,35.7494224],[129.1406215,35.7494187],[129.1406197,35.7494231],[129.1406167,35.7494278],[129.1406087,35.7494403],[129.1405925,35.7494646],[129.1405886,35.7494755],[129.1405844,35.7494882],[129.140582,35.7495194],[129.140585,35.7495408],[129.1405889,35.7495514],[129.1405972,35.7495655],[129.1406132,35.7495831],[129.140632,35.7496046],[129.1406416,35.7496144],[129.1406541,35.7496288],[129.1406627,35.7496407],[129.1406725,35.7496585],[129.1406797,35.7496777],[129.1406857,35.7496945],[129.1406889,35.7497214],[129.1406872,35.7497593],[129.1406731,35.7497924],[129.1406635,35.7498233],[129.1406585,35.7498633],[129.1406562,35.7499164],[129.1406649,35.7499668],[129.140693,35.7499609],[129.1406808,35.7499143],[129.1406779,35.7498952],[129.1406773,35.7498762],[129.1406821,35.7498452],[129.1406927,35.7498166],[129.1407102,35.7497663],[129.1407152,35.7497413],[129.1407166,35.7497215],[129.1407164,35.7497035],[129.1407155,35.7496903],[129.1407127,35.7496723],[129.1407089,35.749659],[129.1407021,35.7496439],[129.1406807,35.7496099],[129.140669,35.7495939],[129.1406554,35.7495692],[129.1406371,35.7495496],[129.1406269,35.7495318],[129.1406212,35.749515],[129.1406211,35.7495054],[129.1406236,35.7494888],[129.1406261,35.7494784],[129.1406301,35.7494667],[129.1406382,35.7494451],[129.1406539,35.7494224]]]]}},{"type":"Feature","properties":{"UFID":"100035905005A00110100000004518981"},"geometry":{"type":"MultiPolygon","coordinates":[[[[129.1177698,35.7491385],[129.1177127,35.7491075],[129.1176866,35.7491096],[129.1176654,35.7491062],[129.1176196,35.7491067],[129.1175769,35.7491075],[129.1175669,35.749108],[129.1174676,35.7491149],[129.117413,35.7491205],[129.1173789,35.7491237],[129.1173552,35.7491261],[129.1173328,35.7491289],[129.1173381,35.7491623],[129.1173545,35.7491626],[129.1173841,35.7491594],[129.1174183,35.7491563],[129.1174722,35.7491507],[129.11757,35.749144],[129.1175786,35.7491436],[129.1176205,35.7491428],[129.1176614,35.7491423],[129.1176839,35.7491459],[129.1177258,35.7491432],[129.117748,35.7491416],[129.1177698,35.7491385]]]]}},{"type":"Feature","properties":{"UFID":"100035905005A00110100000004518982"},"geometry":{"type":"MultiPolygon","coordinates":[[[[129.1173328,35.7491289],[129.1173238,35.7490927],[129.1172777,35.7490953],[129.1172858,35.7491318],[129.1173328,35.7491289]]]]}},{"type":"Feature","properties":{"UFID":"100035905005A00110100000004518983"},"geometry":{"type":"MultiPolygon","coordinates":[[[[129.1173238,35.7490927],[129.1173066,35.7490817],[129.1172902,35.7490451],[129.1172674,35.7490519],[129.1172777,35.7490953],[129.1173238,35.7490927]]]]}},{"type":"Feature","properties":{"UFID":"100035905005A00110100000004518984"},"geometry":{"type":"MultiPolygon","coordinates":[[[[129.1167833,35.7492134],[129.1167445,35.7492235],[129.1167185,35.7492219],[129.1166979,35.7492729],[129.1167561,35.7492759],[129.1167833,35.7492134]]]]}},{"type":"Feature","properties":{"UFID":"100035905005A00110100000004518985"},"geometry":{"type":"MultiPolygon","coordinates":[[[[129.1173328,35.7491289],[129.1172858,35.7491318],[129.1172986,35.7491618],[129.1173381,35.7491623],[129.1173328,35.7491289]]]]}},{"type":"Feature","properties":{"UFID":"100035905005A00110100000004518986"},"geometry":{"type":"MultiPolygon","coordinates":[[[[129.1168147,35.7492414],[129.1167833,35.7492134],[129.1167561,35.7492759],[129.1167577,35.7492801],[129.1167941,35.7492845],[129.1168147,35.7492414]]]]}},{"type":"Feature","properties":{"UFID":"100035905005A00110100000004518987"},"geometry":{"type":"MultiPolygon","coordinates":[[[[129.1172986,35.7491618],[129.1172858,35.7491318],[129.1172836,35.7491324],[129.117263,35.7491319],[129.117203,35.7491271],[129.1171167,35.7491021],[129.1169878,35.7490703],[129.1169837,35.7490699],[129.1169788,35.7490698],[129.1169453,35.7490819],[129.1168853,35.7491148],[129.1168495,35.7491406],[129.1168154,35.7491723],[129.1167836,35.7492124],[129.1167833,35.7492134],[129.1168147,35.7492414],[129.1168253,35.7492246],[129.1168725,35.7491718],[129.1169204,35.7491374],[129.1169706,35.7491117],[129.1169723,35.7491112],[129.1169885,35.7491084],[129.1170013,35.749107],[129.1170112,35.7491077],[129.1170495,35.7491155],[129.1171043,35.7491358],[129.1171681,35.749154],[129.1171777,35.7491558],[129.117218,35.7491611],[129.1172575,35.7491631],[129.117297,35.7491617],[129.1172986,35.7491618]]]]}},{"type":"Feature","properties":{"UFID":"100035905006A00110100000004518988"},"geometry":{"type":"MultiPolygon","coordinates":[[[[129.1392279,35.7483578],[129.1392274,35.7483091],[129.1391333,35.7483375],[129.1391641,35.7484023],[129.1391787,35.7483863],[129.1392001,35.7483701],[129.1392279,35.7483578]]]]}},{"type":"Feature","properties":{"UFID":"100035905006A00110100000004518989"},"geometry":{"type":"MultiPolygon","coordinates":[[[[129.1392274,35.7483091],[129.1392273,35.7483053],[129.1392354,35.7482983],[129.1392421,35.7482978],[129.1396202,35.7482285],[129.139979,35.7481644],[129.1403269,35.7480949],[129.1404965,35.7480597],[129.1405663,35.7480502],[129.1405942,35.7480503],[129.1406124,35.7480506],[129.140628,35.7480512],[129.1406468,35.7480531],[129.1406565,35.7480547],[129.1408143,35.7480761],[129.1408973,35.7480855],[129.1409272,35.748085],[129.1410885,35.7480655],[129.1411164,35.7480657],[129.1411244,35.7480667],[129.1411323,35.7480685],[129.1411795,35.7480865],[129.1411691,35.7480328],[129.1411033,35.7480404],[129.1410707,35.7480435],[129.141062,35.7480444],[129.1409583,35.7480579],[129.1409173,35.7480614],[129.1408934,35.7480611],[129.1408898,35.7480608],[129.1407443,35.7480408],[129.1406108,35.748023],[129.1405935,35.7480218],[129.1405752,35.7480221],[129.1405696,35.7480226],[129.1405681,35.748023],[129.1403844,35.7480583],[129.1399032,35.7481554],[129.1397172,35.7481882],[129.1393939,35.748249],[129.1392287,35.7482784],[129.1392033,35.7482851],[129.1391521,35.7482967],[129.1391462,35.7482986],[129.1391435,35.7483005],[129.1391409,35.7483059],[129.1391385,35.7483232],[129.1391378,35.7483274],[129.1391333,35.7483375],[129.1392274,35.7483091]]]]}},{"type":"Feature","properties":{"UFID":"100035905006A00110100000004518990"},"geometry":{"type":"MultiPolygon","coordinates":[[[[129.141239,35.7480567],[129.1412508,35.7480149],[129.1411691,35.7480328],[129.1411795,35.7480865],[129.141239,35.7480567]]]]}},{"type":"Feature","properties":{"UFID":"100035905006A00110100000004518991"},"geometry":{"type":"MultiPolygon","coordinates":[[[[129.128212,35.7481673],[129.128209,35.7481654],[129.1279831,35.747768],[129.1277489,35.7473535],[129.1277487,35.747343],[129.1277516,35.7473342],[129.1277615,35.7473165],[129.1277096,35.7473484],[129.1278278,35.7475667],[129.1280843,35.7480194],[129.128131,35.7481118],[129.1281745,35.7481794],[129.1281748,35.7481845],[129.1281737,35.7481875],[129.128172,35.7481898],[129.128212,35.7481673]]]]}},{"type":"Feature","properties":{"UFID":"100035905006A00110100000004518992"},"geometry":{"type":"MultiPolygon","coordinates":[[[[129.1282346,35.7481984],[129.128212,35.7481673],[129.128172,35.7481898],[129.1281885,35.7482159],[129.1282346,35.7481984]]]]}},{"type":"Feature","properties":{"UFID":"100035905006A00110100000004518993"},"geometry":{"type":"MultiPolygon","coordinates":[[[[129.128212,35.7481673],[129.1282346,35.7481984],[129.1282352,35.7481964],[129.1282361,35.7481943],[129.1282662,35.7481823],[129.128628,35.7480483],[129.1286143,35.7480237],[129.1282521,35.7481579],[129.1282285,35.7481673],[129.1282176,35.7481671],[129.128212,35.7481673]]]]}},{"type":"Feature","properties":{"UFID":"100035905006A00110100000004518994"},"geometry":{"type":"MultiPolygon","coordinates":[[[[129.141239,35.7480567],[129.1411795,35.7480865],[129.1411803,35.7480886],[129.1411802,35.7480914],[129.1411741,35.7481263],[129.1411519,35.7482275],[129.1411168,35.7483582],[129.141109,35.7483795],[129.1411,35.7483979],[129.1410987,35.7484015],[129.1410915,35.7484147],[129.141063,35.7484581],[129.1410932,35.7484694],[129.1411213,35.7484265],[129.1411298,35.7484108],[129.1411313,35.7484068],[129.1411404,35.7483884],[129.1411489,35.7483649],[129.1411844,35.748233],[129.1412139,35.7481051],[129.1412316,35.7480678],[129.141239,35.7480567]]]]}},{"type":"Feature","properties":{"UFID":"100035905005A00110100000004518995"},"geometry":{"type":"MultiPolygon","coordinates":[[[[129.1166979,35.7492729],[129.1167185,35.7492219],[129.116672,35.749231],[129.1166334,35.7492337],[129.1165812,35.7492343],[129.1165482,35.7492148],[129.1165277,35.7491885],[129.1165199,35.7491432],[129.1164611,35.7491298],[129.1164642,35.7491381],[129.1164747,35.7491943],[129.1164794,35.7492273],[129.1164894,35.7492477],[129.1165219,35.7492692],[129.1165392,35.7492787],[129.116579,35.7492904],[129.1166437,35.7492803],[129.1166979,35.7492729]]]]}},{"type":"Feature","properties":{"UFID":"100035905006A00110100000004518996"},"geometry":{"type":"MultiPolygon","coordinates":[[[[129.1277615,35.7473165],[129.1277234,35.7472885],[129.1276822,35.7473071],[129.1277043,35.7473466],[129.1277096,35.7473484],[129.1277615,35.7473165]]]]}},{"type":"Feature","properties":{"UFID":"100035905006A00110100000004518997"},"geometry":{"type":"MultiPolygon","coordinates":[[[[129.1301761,35.7464888],[129.1300984,35.7465474],[129.1301197,35.7465692],[129.1301244,35.7465681],[129.1305139,35.7463973],[129.1305673,35.7463782],[129.1306188,35.7463681],[129.1306832,35.746367],[129.1306967,35.7463644],[129.1307024,35.7463612],[129.1307062,35.7463568],[129.1307071,35.746353],[129.1307182,35.7462848],[129.1307227,35.7461629],[129.1307322,35.7458798],[129.1306667,35.7458791],[129.1306583,35.746067],[129.1306538,35.7462825],[129.1306471,35.7462905],[129.1304775,35.7463585],[129.1301761,35.7464888]]]]}},{"type":"Feature","properties":{"UFID":"100035905006A00110100000004518998"},"geometry":{"type":"MultiPolygon","coordinates":[[[[129.139266,35.7483519],[129.1392563,35.7483082],[129.1392343,35.7483115],[129.1392291,35.7483107],[129.1392274,35.7483091],[129.1392279,35.7483578],[129.1392409,35.7483546],[129.139255,35.7483526],[129.139266,35.7483519]]]]}},{"type":"Feature","properties":{"UFID":"100035905006A00110100000004518999"},"geometry":{"type":"MultiPolygon","coordinates":[[[[129.1394946,35.7482964],[129.139266,35.7483519],[129.1394585,35.7483415],[129.1395775,35.7483314],[129.139578,35.7483049],[129.1394964,35.7482988],[129.1394946,35.7482964]]]]}},{"type":"Feature","properties":{"UFID":"100035905006A00110100000004519000"},"geometry":{"type":"MultiPolygon","coordinates":[[[[129.1394879,35.7482726],[129.1394946,35.7482964],[129.1395043,35.7482953],[129.1395903,35.7482811],[129.1396317,35.7482785],[129.1396622,35.7482781],[129.1396773,35.7482782],[129.1396892,35.7482787],[129.1397027,35.7482801],[129.1397133,35.7482821],[129.1397228,35.748284],[129.1397274,35.7482848],[129.1397396,35.7483096],[129.1397745,35.748309],[129.1398571,35.7483596],[129.1398772,35.7483776],[129.1398863,35.7483906],[129.1398899,35.7484021],[129.1398923,35.7484102],[129.1398936,35.7484214],[129.1398936,35.7484309],[129.1399277,35.7484296],[129.13992,35.7483878],[129.1399057,35.7483611],[129.1398964,35.7483498],[129.139891,35.7483431],[129.1398877,35.7483367],[129.1398845,35.7483349],[129.1398011,35.7482958],[129.1397279,35.7482574],[129.1397036,35.7482532],[129.1396939,35.7482528],[129.1396817,35.7482528],[129.1396753,35.7482529],[129.1395582,35.7482595],[129.1394879,35.7482726]]]]}},{"type":"Feature","properties":{"UFID":"100035905006A00110100000004519001"},"geometry":{"type":"MultiPolygon","coordinates":[[[[129.1394946,35.7482964],[129.1394879,35.7482726],[129.1394463,35.7482804],[129.1392563,35.7483082],[129.139266,35.7483519],[129.1394946,35.7482964]]]]}},{"type":"Feature","properties":{"UFID":"100035905006A00110100000004519002"},"geometry":{"type":"MultiPolygon","coordinates":[[[[129.1406595,35.7493803],[129.140656,35.7493817],[129.1406491,35.7493829],[129.1406413,35.7493828],[129.1406242,35.7493809],[129.1405811,35.7493669],[129.1405507,35.7493385],[129.1405339,35.7493036],[129.1405317,35.7492985],[129.1405238,35.7492648],[129.1405051,35.7492157],[129.1404704,35.749143],[129.1404252,35.7490695],[129.1404119,35.7490517],[129.1403737,35.7489882],[129.140402,35.7490954],[129.1404023,35.7490946],[129.1404026,35.7490944],[129.140403,35.7490944],[129.1404036,35.7490947],[129.1404401,35.749154],[129.1404737,35.7492246],[129.1404916,35.7492714],[129.1404996,35.7493056],[129.140505,35.749318],[129.1405323,35.7493572],[129.1405636,35.7493851],[129.1406171,35.7494092],[129.1406207,35.7494109],[129.1406217,35.7494143],[129.1406215,35.7494187],[129.1406595,35.7493803]]]]}},{"type":"Feature","properties":{"UFID":"100035905007A00110100000004519007"},"geometry":{"type":"MultiPolygon","coordinates":[[[[129.1532138,35.73436],[129.1532971,35.7342496],[129.1532382,35.7342666],[129.1530643,35.7343225],[129.1529714,35.7343519],[129.1529174,35.7343691],[129.1527008,35.7344366],[129.1525378,35.7344801],[129.1523976,35.7345147],[129.1523172,35.7345264],[129.1521996,35.7345273],[129.1521277,35.7345271],[129.1519741,35.7345256],[129.151878,35.7345415],[129.1517274,35.734583],[129.1516058,35.7346087],[129.1514502,35.7346395],[129.151355,35.7346426],[129.1512562,35.7346398],[129.1511233,35.734631],[129.1510168,35.7346167],[129.1508746,35.734588],[129.1506358,35.7345169],[129.1504602,35.7344577],[129.1503031,35.7344124],[129.1501586,35.7343706],[129.1500488,35.73436],[129.15,35.7343604],[129.1499749,35.7343593],[129.1498585,35.7343548],[129.1496799,35.7343479],[129.1496151,35.7343459],[129.149456,35.7343441],[129.1493669,35.734345],[129.1493574,35.7343445],[129.149434,35.7344204],[129.149564,35.7344194],[129.15,35.7344376],[129.1500529,35.7344398],[129.1501371,35.7344458],[129.1503034,35.7344887],[129.1506474,35.7345909],[129.1508309,35.7346472],[129.1509462,35.7346755],[129.1510313,35.7346906],[129.1511568,35.7347028],[129.1513095,35.734716],[129.1513756,35.7347184],[129.1514723,35.7347143],[129.1516805,35.7346705],[129.1519088,35.7346164],[129.1519695,35.7346065],[129.1520555,35.7346059],[129.1522378,35.7346078],[129.1524034,35.7346186],[129.1525281,35.7346271],[129.1525495,35.7346246],[129.1526486,35.7345941],[129.1527187,35.7345606],[129.1528556,35.7344659],[129.1531599,35.7343691],[129.1532048,35.7343598],[129.1532138,35.73436]]]]}},{"type":"Feature","properties":{"UFID":"100035905007A00110100000004519008"},"geometry":{"type":"MultiPolygon","coordinates":[[[[129.1508836,35.7352483],[129.1508763,35.735243],[129.1508412,35.7352205],[129.1507426,35.7351761],[129.1506453,35.7351396],[129.1505601,35.7351191],[129.1504596,35.7351068],[129.1503677,35.7351102],[129.150325,35.7351131],[129.1501955,35.7351364],[129.1500752,35.7351623],[129.15,35.735171],[129.1499777,35.7351735],[129.1499436,35.7352074],[129.1499694,35.7352018],[129.15,35.7351983],[129.1500818,35.7351889],[129.1502033,35.7351627],[129.15033,35.7351399],[129.1503698,35.7351372],[129.1504579,35.7351339],[129.1505529,35.7351455],[129.1506336,35.735165],[129.1507276,35.7352003],[129.1508228,35.7352431],[129.1508544,35.7352633],[129.1508562,35.7352648],[129.150856,35.7352678],[129.1508836,35.7352483]]]]}},{"type":"Feature","properties":{"UFID":"100035905006A00110100000004519016"},"geometry":{"type":"MultiPolygon","coordinates":[[[[129.1508874,35.7352995],[129.150856,35.7352678],[129.1508516,35.7352736],[129.1507135,35.7353326],[129.1506684,35.7353566],[129.1505957,35.7353964],[129.150481,35.7354501],[129.1504486,35.7354657],[129.1503667,35.7355125],[129.1502132,35.7356145],[129.1501484,35.7356567],[129.1500523,35.7357097],[129.15,35.7357378],[129.1499145,35.7357875],[129.1498875,35.7358061],[129.1498558,35.7358391],[129.1498404,35.7358646],[129.1498065,35.7359291],[129.1497714,35.736006],[129.1497488,35.7360531],[129.1497193,35.7360902],[129.1496939,35.7361123],[129.149641,35.7361449],[129.1494912,35.7362156],[129.1493676,35.7362709],[129.1493311,35.7362875],[129.1492901,35.7363116],[129.1491699,35.7363977],[129.1490953,35.7364598],[129.1490558,35.7364882],[129.1490274,35.7365018],[129.1489937,35.7365107],[129.1489761,35.7365139],[129.1489268,35.7365189],[129.1488486,35.7365229],[129.1486816,35.7365238],[129.1485819,35.736523],[129.1485403,35.7365258],[129.1484988,35.7365319],[129.1484899,35.7365343],[129.1484519,35.73655],[129.1484206,35.7365729],[129.148384,35.7366149],[129.1483673,35.7366408],[129.1483036,35.7367444],[129.1482852,35.7367762],[129.1482471,35.7368558],[129.148209,35.7369553],[129.1481836,35.7370232],[129.148169,35.7370509],[129.1481632,35.7370588],[129.1481355,35.7370846],[129.1480841,35.7371175],[129.1480219,35.737148],[129.1479865,35.7371623],[129.1480019,35.7371862],[129.1480378,35.7371717],[129.148103,35.7371398],[129.1481584,35.7371043],[129.14819,35.7370748],[129.1481986,35.7370633],[129.1482148,35.7370324],[129.1482407,35.7369633],[129.1482785,35.7368648],[129.1483157,35.7367869],[129.1483334,35.7367563],[129.1483968,35.7366532],[129.1484123,35.7366291],[129.1484455,35.736591],[129.1484708,35.7365725],[129.1485028,35.7365593],[129.1485071,35.7365581],[129.1485446,35.7365527],[129.1485831,35.7365501],[129.1486816,35.7365509],[129.1488497,35.7365499],[129.1489299,35.7365458],[129.1489817,35.7365405],[129.1490023,35.7365368],[129.1490411,35.7365266],[129.1490754,35.7365102],[129.1491181,35.7364794],[129.1491927,35.7364174],[129.1493107,35.7363328],[129.1493489,35.7363103],[129.1493836,35.7362946],[129.1495075,35.7362391],[129.1496594,35.7361675],[129.1497162,35.7361324],[129.1497455,35.736107],[129.1497785,35.7360655],[129.1498024,35.7360157],[129.1498373,35.7359391],[129.1498705,35.7358759],[129.149884,35.7358536],[129.1499115,35.735825],[129.149935,35.7358087],[129.15,35.7357702],[129.1500708,35.7357322],[129.1501681,35.7356785],[129.150234,35.7356355],[129.1503868,35.7355341],[129.1504666,35.7354885],[129.1504977,35.7354735],[129.1506132,35.7354193],[129.1506867,35.7353792],[129.1507303,35.7353559],[129.150856,35.7353022],[129.1508742,35.7352975],[129.1508874,35.7352995]]]]}},{"type":"Feature","properties":{"UFID":"100035905006A00110100000004519461"},"geometry":{"type":"MultiPolygon","coordinates":[[[[129.1450303,35.7325524],[129.1450551,35.7325749],[129.1451063,35.7325428],[129.1450816,35.7325187],[129.1450303,35.7325524]]]]}},{"type":"Feature","properties":{"UFID":"100035905006A00110100000004519462"},"geometry":{"type":"MultiPolygon","coordinates":[[[[129.1450551,35.7325749],[129.1450303,35.7325524],[129.1449956,35.7325365],[129.1449884,35.7325357],[129.1449845,35.7325375],[129.1449864,35.732599],[129.1449856,35.7326107],[129.1449818,35.7326249],[129.1449665,35.7326523],[129.1449466,35.732677],[129.144895,35.7327224],[129.1448065,35.7327846],[129.1446669,35.7328686],[129.1445487,35.7329258],[129.1444452,35.7329656],[129.144326,35.7329988],[129.1442531,35.7330141],[129.144238,35.7330151],[129.1442208,35.7330174],[129.1441694,35.733019],[129.144094,35.733019],[129.1438902,35.7330085],[129.1437812,35.7329988],[129.1437645,35.7330015],[129.1436968,35.7330397],[129.1436841,35.7330514],[129.143677,35.733059],[129.1436557,35.7330985],[129.1436479,35.7331086],[129.1436421,35.7331127],[129.1436117,35.7331259],[129.1435914,35.7331755],[129.1436332,35.733149],[129.1436791,35.7331311],[129.1436981,35.7331263],[129.1437128,35.7331114],[129.1437359,35.7330725],[129.1437379,35.7330677],[129.1437408,35.733063],[129.143748,35.733057],[129.1437867,35.7330388],[129.1438151,35.7330317],[129.1438243,35.7330316],[129.1439971,35.7330417],[129.1441023,35.7330498],[129.1441559,35.733051],[129.1441968,35.7330504],[129.1442249,35.7330481],[129.1442612,35.7330452],[129.1442823,35.7330412],[129.1443455,35.733026],[129.1444286,35.7330022],[129.1445073,35.7329752],[129.1446669,35.7329052],[129.1448156,35.7328186],[129.1449027,35.732761],[129.1449565,35.7327168],[129.1450067,35.7326708],[129.1450681,35.7326431],[129.1450842,35.7326328],[129.1450915,35.732621],[129.1450933,35.7326167],[129.1450936,35.7326113],[129.1450926,35.7326087],[129.1450909,35.7326013],[129.1450551,35.7325749]]]]}},{"type":"Feature","properties":{"UFID":"100035905006A00110100000004519479"},"geometry":{"type":"MultiPolygon","coordinates":[[[[129.142225,35.7331023],[129.1421866,35.7330795],[129.1421247,35.7331119],[129.1421631,35.7331347],[129.142225,35.7331023]]]]}},{"type":"Feature","properties":{"UFID":"100035905006A00110100000004519480"},"geometry":{"type":"MultiPolygon","coordinates":[[[[129.1421631,35.7331347],[129.1421247,35.7331119],[129.1420653,35.7331483],[129.1419578,35.7332059],[129.1418874,35.7332289],[129.1418483,35.7332334],[129.1418285,35.7332326],[129.141703,35.7332254],[129.1416038,35.7332203],[129.1415426,35.733222],[129.1414908,35.7332318],[129.1414668,35.733238],[129.1414068,35.7332611],[129.1413514,35.7332959],[129.1412911,35.7333354],[129.1412826,35.7333377],[129.141286,35.733372],[129.1413072,35.7333595],[129.1413719,35.7333171],[129.1414242,35.7332843],[129.1414789,35.7332632],[129.1414995,35.7332579],[129.141547,35.733249],[129.1416033,35.7332474],[129.1417008,35.7332524],[129.1418265,35.7332596],[129.1418499,35.7332606],[129.141896,35.7332552],[129.1419733,35.73323],[129.1420833,35.733171],[129.1421631,35.7331347]]]]}},{"type":"Feature","properties":{"UFID":"100035905006A00110100000004519481"},"geometry":{"type":"MultiPolygon","coordinates":[[[[129.1424673,35.7330585],[129.1423019,35.7330097],[129.1422715,35.7330486],[129.1422704,35.733049],[129.1421866,35.7330795],[129.142225,35.7331023],[129.1422412,35.7330945],[129.1423646,35.7330774],[129.1424673,35.7330585]]]]}},{"type":"Feature","properties":{"UFID":"100035905006A00110100000004519485"},"geometry":{"type":"MultiPolygon","coordinates":[[[[129.1454818,35.7340356],[129.1454939,35.7339564],[129.1453521,35.7339731],[129.145245,35.7339788],[129.145101,35.7339843],[129.1449455,35.7339841],[129.1446045,35.7339805],[129.1444384,35.7339767],[129.1443845,35.7339722],[129.1443153,35.7339629],[129.1442339,35.7339451],[129.1441424,35.7339196],[129.1440752,35.7338942],[129.1439926,35.7338578],[129.143889,35.7338028],[129.1436915,35.7336775],[129.1436604,35.7336584],[129.1436136,35.7336296],[129.1435772,35.7336072],[129.1435634,35.7335932],[129.1435298,35.7336768],[129.1436687,35.7337613],[129.1438154,35.733847],[129.1439338,35.7339173],[129.1440158,35.7339536],[129.1441002,35.7339855],[129.1442191,35.7340182],[129.1443182,35.7340407],[129.1444427,35.7340559],[129.1445218,35.7340588],[129.1449767,35.7340621],[129.1452839,35.7340505],[129.1453829,35.7340468],[129.1454794,35.7340346],[129.1454818,35.7340356]]]]}},{"type":"Feature","properties":{"UFID":"100035905006A00110100000004519486"},"geometry":{"type":"MultiPolygon","coordinates":[[[[129.1434982,35.7334669],[129.1434299,35.7334841],[129.1434413,35.7335133],[129.1434402,35.7335168],[129.1434371,35.7335198],[129.1435634,35.7335932],[129.1434982,35.7334669]]]]}},{"type":"Feature","properties":{"UFID":"100035905006A00110100000004519487"},"geometry":{"type":"MultiPolygon","coordinates":[[[[129.1434982,35.7334669],[129.1434333,35.7334143],[129.1434122,35.7334387],[129.1434299,35.7334841],[129.1434982,35.7334669]]]]}},{"type":"Feature","properties":{"UFID":"100035905006A00110100000004519488"},"geometry":{"type":"MultiPolygon","coordinates":[[[[129.1434371,35.7335198],[129.1434323,35.7335211],[129.1434133,35.7335156],[129.143236,35.7334397],[129.143175,35.7334124],[129.1431209,35.7333771],[129.1430763,35.7333397],[129.1430239,35.7332666],[129.1429776,35.7331818],[129.142939,35.7330897],[129.1429142,35.7330455],[129.1428651,35.7329987],[129.1428068,35.7329692],[129.1427562,35.7329546],[129.1427216,35.7329511],[129.1426992,35.7329511],[129.1426723,35.7329518],[129.1425631,35.7329632],[129.1425081,35.7329697],[129.1424673,35.7330585],[129.1425775,35.7330382],[129.1426731,35.7330242],[129.1427244,35.7330242],[129.1427681,35.7330338],[129.1428123,35.7330612],[129.1428404,35.7330901],[129.1428623,35.7331254],[129.1428872,35.7331844],[129.1429166,35.7332508],[129.1429529,35.733311],[129.1429975,35.7333729],[129.1430589,35.7334294],[129.1431131,35.7334693],[129.1431828,35.7335037],[129.1433585,35.7335751],[129.1434332,35.7336147],[129.1434371,35.7335198]]]]}},{"type":"Feature","properties":{"UFID":"100035905006A00110100000004519489"},"geometry":{"type":"MultiPolygon","coordinates":[[[[129.1435634,35.7335932],[129.1434371,35.7335198],[129.1434332,35.7336147],[129.1434473,35.7336222],[129.1435273,35.7336753],[129.1435298,35.7336768],[129.1435634,35.7335932]]]]}},{"type":"Feature","properties":{"UFID":"100035905006A00110100000004519490"},"geometry":{"type":"MultiPolygon","coordinates":[[[[129.1425081,35.7329697],[129.1424622,35.7329752],[129.1424454,35.732976],[129.1424315,35.7329754],[129.1423617,35.7329585],[129.1423019,35.7330097],[129.1424673,35.7330585],[129.1425081,35.7329697]]]]}},{"type":"Feature","properties":{"UFID":"100035905006A00110100000004519494"},"geometry":{"type":"MultiPolygon","coordinates":[[[[129.1499436,35.7352074],[129.1499777,35.7351735],[129.1499657,35.7351749],[129.1499103,35.7351785],[129.1498481,35.7352138],[129.1499436,35.7352074]]]]}},{"type":"Feature","properties":{"UFID":"100035905006A00110100000004519495"},"geometry":{"type":"MultiPolygon","coordinates":[[[[129.1498481,35.7352138],[129.1499103,35.7351785],[129.1498969,35.7351793],[129.149732,35.7351986],[129.1496058,35.735222],[129.1495794,35.7352307],[129.1495918,35.7352558],[129.1496158,35.7352479],[129.1497381,35.7352252],[129.1498455,35.7352127],[129.1498481,35.7352138]]]]}},{"type":"Feature","properties":{"UFID":"100035905006A00110100000004519496"},"geometry":{"type":"MultiPolygon","coordinates":[[[[129.1499436,35.7352074],[129.1498481,35.7352138],[129.1498489,35.7352158],[129.1498483,35.7352194],[129.1497746,35.7352501],[129.1497457,35.735263],[129.1497617,35.7352867],[129.1497901,35.735274],[129.1498785,35.7352371],[129.1499128,35.7352221],[129.1499436,35.7352074]]]]}},{"type":"Feature","properties":{"UFID":"100035905006A00110100000004519497"},"geometry":{"type":"MultiPolygon","coordinates":[[[[129.1415833,35.7342609],[129.14152,35.7342661],[129.1415339,35.7342678],[129.1415465,35.7342707],[129.1415553,35.7342754],[129.1416022,35.7343429],[129.1416051,35.7343493],[129.1416083,35.734372],[129.1416056,35.7344001],[129.1415914,35.7344418],[129.1415557,35.7345071],[129.1415148,35.7345774],[129.1415073,35.7345939],[129.1414976,35.7346271],[129.1414936,35.7346874],[129.1414724,35.7346997],[129.1415205,35.7347049],[129.1415303,35.7346317],[129.1415391,35.7346018],[129.1415454,35.734588],[129.1415858,35.7345184],[129.1416227,35.734451],[129.1416384,35.7344048],[129.1416417,35.7343715],[129.1416376,35.734343],[129.1416324,35.7343315],[129.1415838,35.7342615],[129.1415833,35.7342609]]]]}},{"type":"Feature","properties":{"UFID":"100035905006A00110100000004519498"},"geometry":{"type":"MultiPolygon","coordinates":[[[[129.1415048,35.734911],[129.1414947,35.7348845],[129.1414955,35.7348694],[129.1414973,35.7348434],[129.1414583,35.7348752],[129.1414786,35.7349325],[129.1415048,35.734911]]]]}},{"type":"Feature","properties":{"UFID":"100035905006A00110100000004519499"},"geometry":{"type":"MultiPolygon","coordinates":[[[[129.1415048,35.734911],[129.1414786,35.7349325],[129.1414987,35.7349532],[129.1415561,35.7349951],[129.1416146,35.7350226],[129.1416295,35.7350263],[129.1416806,35.7350384],[129.1418382,35.7350547],[129.1420367,35.7350637],[129.1421794,35.7350667],[129.1422647,35.735072],[129.142305,35.7350822],[129.1423416,35.7350971],[129.1423662,35.7351114],[129.1423912,35.7351333],[129.1424366,35.7351882],[129.1424656,35.7352163],[129.1425063,35.73524],[129.1425956,35.7352795],[129.1427543,35.7353369],[129.1429158,35.735396],[129.1429509,35.7354172],[129.142982,35.7354408],[129.1430647,35.7355162],[129.1431408,35.7355775],[129.1432007,35.7356228],[129.143206,35.7356282],[129.1432112,35.7356428],[129.1432114,35.7356477],[129.143207,35.7356638],[129.1431937,35.7356807],[129.1431847,35.7356906],[129.1431724,35.7357008],[129.1431607,35.7357043],[129.1431458,35.7357083],[129.1432099,35.7357083],[129.143221,35.7356961],[129.1432381,35.7356744],[129.1432447,35.7356503],[129.1432442,35.7356385],[129.143236,35.7356153],[129.1432249,35.7356043],[129.1431637,35.7355579],[129.1430888,35.7354976],[129.1430057,35.7354218],[129.1429722,35.7353964],[129.1429326,35.7353725],[129.1427678,35.7353122],[129.1426103,35.7352552],[129.1425239,35.735217],[129.1424883,35.7351963],[129.1424631,35.7351719],[129.1424172,35.7351165],[129.1423882,35.735091],[129.1423588,35.7350738],[129.1423174,35.735057],[129.1422709,35.7350453],[129.1421811,35.7350396],[129.142038,35.7350367],[129.1418412,35.7350277],[129.1416873,35.7350119],[129.141639,35.7350004],[129.1416279,35.7349976],[129.1415757,35.734973],[129.1415229,35.7349346],[129.1415083,35.7349195],[129.1415048,35.734911]]]]}},{"type":"Feature","properties":{"UFID":"100035905006A00110100000004519500"},"geometry":{"type":"MultiPolygon","coordinates":[[[[129.1432099,35.7357083],[129.1431458,35.7357083],[129.143087,35.7357477],[129.143144,35.7357484],[129.1431649,35.7357365],[129.1431933,35.7357221],[129.1432099,35.7357083]]]]}},{"type":"Feature","properties":{"UFID":"100035905006A00110100000004519501"},"geometry":{"type":"MultiPolygon","coordinates":[[[[129.143087,35.7357477],[129.1431458,35.7357083],[129.1431045,35.7357136],[129.1430712,35.7357216],[129.1429721,35.7357483],[129.1429636,35.7357523],[129.1429579,35.7357568],[129.1428986,35.7358096],[129.1429231,35.7358278],[129.1429816,35.7357757],[129.1429837,35.7357741],[129.1429858,35.7357731],[129.1430811,35.7357474],[129.1430852,35.7357471],[129.143087,35.7357477]]]]}},{"type":"Feature","properties":{"UFID":"100035905006A00110100000004519502"},"geometry":{"type":"MultiPolygon","coordinates":[[[[129.143144,35.7357484],[129.143087,35.7357477],[129.1430877,35.7357485],[129.1430354,35.7357809],[129.1430111,35.7357997],[129.1429399,35.7358748],[129.1429107,35.7359196],[129.1428998,35.7359431],[129.1428758,35.736023],[129.1428416,35.7361979],[129.1428398,35.7362458],[129.1428407,35.7362611],[129.1428451,35.7362909],[129.1428442,35.7362919],[129.1428948,35.7363387],[129.1428794,35.736297],[129.1428738,35.7362589],[129.142873,35.7362456],[129.1428747,35.7362004],[129.1429083,35.7360283],[129.1429315,35.7359511],[129.142941,35.7359308],[129.1429679,35.7358895],[129.1430358,35.7358178],[129.1430569,35.7358016],[129.1431292,35.7357568],[129.143144,35.7357484]]]]}},{"type":"Feature","properties":{"UFID":"100035905006A00110100000004519503"},"geometry":{"type":"MultiPolygon","coordinates":[[[[129.1428948,35.7363387],[129.1428442,35.7362919],[129.1428569,35.736347],[129.142915,35.7363936],[129.1428948,35.7363387]]]]}},{"type":"Feature","properties":{"UFID":"100035905006A00110100000004519504"},"geometry":{"type":"MultiPolygon","coordinates":[[[[129.1428442,35.7362919],[129.142842,35.7362923],[129.1428386,35.7362921],[129.1428345,35.7362903],[129.142818,35.7362688],[129.1428149,35.736259],[129.1428086,35.7362149],[129.1428139,35.7360817],[129.1427808,35.7360809],[129.1427754,35.736216],[129.1427822,35.736264],[129.1427871,35.7362796],[129.1428084,35.7363072],[129.1428569,35.736347],[129.1428442,35.7362919]]]]}},{"type":"Feature","properties":{"UFID":"100035905006A00110100000004519505"},"geometry":{"type":"MultiPolygon","coordinates":[[[[129.1430717,35.7368373],[129.1430638,35.7368244],[129.1430443,35.7367858],[129.1430344,35.7367553],[129.1430274,35.7367005],[129.1430221,35.7366771],[129.1430109,35.7366375],[129.1429784,35.7365683],[129.1429654,35.7365324],[129.142945,35.7364745],[129.1429397,35.7364601],[129.1429302,35.7364345],[129.142915,35.7363936],[129.1428569,35.736347],[129.1428716,35.7363699],[129.1428832,35.7364014],[129.1428985,35.7364424],[129.1429079,35.7364679],[129.1429131,35.7364821],[129.1429336,35.73654],[129.142947,35.736577],[129.1429791,35.7366454],[129.1429896,35.7366826],[129.1429945,35.7367043],[129.1430017,35.7367602],[129.1430128,35.7367945],[129.1430275,35.7368235],[129.1430255,35.7368368],[129.143022,35.7368445],[129.1430717,35.7368373]]]]}},{"type":"Feature","properties":{"UFID":"100035905006A00110100000004519506"},"geometry":{"type":"MultiPolygon","coordinates":[[[[129.1430717,35.7368373],[129.143022,35.7368445],[129.1430695,35.7369189],[129.1431243,35.736923],[129.1430717,35.7368373]]]]}},{"type":"Feature","properties":{"UFID":"100035905006A00110100000004519507"},"geometry":{"type":"MultiPolygon","coordinates":[[[[129.1428958,35.7368059],[129.1428876,35.7368084],[129.1428627,35.7367678],[129.1428427,35.7367447],[129.1428193,35.7367292],[129.1427765,35.7367084],[129.1427411,35.7366989],[129.1426511,35.736693],[129.1425774,35.736697],[129.1425188,35.7367114],[129.142442,35.7367512],[129.1424598,35.736774],[129.1425327,35.7367362],[129.1425833,35.7367238],[129.1426509,35.7367201],[129.1427345,35.7367255],[129.1427627,35.7367332],[129.1428003,35.7367514],[129.1428182,35.7367633],[129.1428342,35.7367817],[129.1428588,35.736822],[129.1429411,35.7369343],[129.1428958,35.7368059]]]]}},{"type":"Feature","properties":{"UFID":"100035905006A00110100000004519508"},"geometry":{"type":"MultiPolygon","coordinates":[[[[129.1493574,35.7343445],[129.1493499,35.7343436],[129.1493351,35.7343404],[129.1492667,35.7343149],[129.1491931,35.7342981],[129.1491842,35.7343241],[129.1492553,35.7343403],[129.1492748,35.7343476],[129.1492753,35.7343503],[129.1492751,35.7343514],[129.1492744,35.7343521],[129.1493574,35.7343445]]]]}},{"type":"Feature","properties":{"UFID":"100035905006A00110100000004519509"},"geometry":{"type":"MultiPolygon","coordinates":[[[[129.1452664,35.7319863],[129.1451529,35.7320006],[129.1451695,35.7320175],[129.1452962,35.7320192],[129.1453098,35.7320201],[129.1453479,35.7320214],[129.1453868,35.7320218],[129.1457172,35.7320283],[129.1458147,35.7320347],[129.1458492,35.73204],[129.1458787,35.7320489],[129.1459019,35.7320613],[129.1459137,35.7320721],[129.1459491,35.7321051],[129.1460001,35.7321632],[129.1460172,35.7321889],[129.1460455,35.7322435],[129.1460499,35.7322554],[129.1460551,35.7322825],[129.1460546,35.7322952],[129.1460011,35.7323875],[129.1459831,35.7324009],[129.1460553,35.7324224],[129.1460653,35.7323866],[129.1460873,35.732308],[129.1460884,35.7322808],[129.1460823,35.7322493],[129.1460767,35.7322343],[129.1460471,35.7321772],[129.1460282,35.7321488],[129.1459752,35.7320883],[129.1459386,35.7320542],[129.1459238,35.7320407],[129.1458937,35.7320246],[129.1458581,35.7320139],[129.1458191,35.7320078],[129.1457189,35.7320013],[129.1453874,35.7319948],[129.1453489,35.7319944],[129.1453119,35.7319931],[129.1453012,35.7319924],[129.1452664,35.7319863]]]]}},{"type":"Feature","properties":{"UFID":"100035905006A00110100000004519510"},"geometry":{"type":"MultiPolygon","coordinates":[[[[129.1452664,35.7319863],[129.145255,35.7319824],[129.1452454,35.731976],[129.1452272,35.7319562],[129.145217,35.7319391],[129.1451703,35.7319452],[129.1451529,35.7320006],[129.1452664,35.7319863]]]]}},{"type":"Feature","properties":{"UFID":"100035905006A00110100000004519511"},"geometry":{"type":"MultiPolygon","coordinates":[[[[129.1451529,35.7320006],[129.1451703,35.7319452],[129.1451626,35.7319454],[129.1451529,35.7319449],[129.145022,35.7319336],[129.1450051,35.7319326],[129.1450002,35.7319295],[129.1449875,35.7320045],[129.1450073,35.7319973],[129.14506,35.7319918],[129.1451529,35.7320006]]]]}},{"type":"Feature","properties":{"UFID":"100035905006A00110100000004519512"},"geometry":{"type":"MultiPolygon","coordinates":[[[[129.1423617,35.7329585],[129.1423493,35.7329512],[129.1423388,35.7329436],[129.1423109,35.7329274],[129.1422914,35.7329182],[129.1421885,35.732871],[129.1420448,35.7328189],[129.14186,35.7327758],[129.1417254,35.7327507],[129.1415947,35.7327397],[129.1414371,35.7327357],[129.1414124,35.7327356],[129.1413653,35.7327229],[129.1413324,35.7327128],[129.1413753,35.7327625],[129.1414364,35.7327628],[129.1415925,35.7327667],[129.14172,35.7327775],[129.1418518,35.732802],[129.1420334,35.7328444],[129.1421736,35.7328952],[129.142275,35.7329417],[129.142293,35.7329501],[129.142294,35.7329508],[129.1423052,35.7329762],[129.142306,35.7329894],[129.1423019,35.7330097],[129.1423617,35.7329585]]]]}},{"type":"Feature","properties":{"UFID":"100035905006A00110100000004519513"},"geometry":{"type":"MultiPolygon","coordinates":[[[[129.145217,35.7319391],[129.1452136,35.7319206],[129.1452152,35.7319047],[129.1452158,35.7318951],[129.1452341,35.7317709],[129.1452619,35.7316139],[129.1452946,35.7314644],[129.1453001,35.7314378],[129.1453055,35.7314183],[129.1453153,35.7313783],[129.1452827,35.731373],[129.145273,35.7314127],[129.1452675,35.7314326],[129.1452619,35.7314598],[129.1452292,35.7316095],[129.1452012,35.7317674],[129.1451828,35.7318927],[129.1451821,35.7319029],[129.1451803,35.7319215],[129.1451756,35.7319433],[129.1451703,35.7319452],[129.145217,35.7319391]]]]}},{"type":"Feature","properties":{"UFID":"100035905006A00110100000004519514"},"geometry":{"type":"MultiPolygon","coordinates":[[[[129.1450002,35.7319295],[129.1449541,35.7319204],[129.1449243,35.7319982],[129.1449875,35.7320045],[129.1450002,35.7319295]]]]}},{"type":"Feature","properties":{"UFID":"100035905006A00110100000004519515"},"geometry":{"type":"MultiPolygon","coordinates":[[[[129.1449541,35.7319204],[129.1450002,35.7319295],[129.1449966,35.7319227],[129.1449953,35.7319144],[129.145011,35.7318542],[129.1450222,35.7317809],[129.1449838,35.731777],[129.1449728,35.731849],[129.1449541,35.7319204]]]]}},{"type":"Feature","properties":{"UFID":"100035905006A00110100000004519516"},"geometry":{"type":"MultiPolygon","coordinates":[[[[129.141286,35.733372],[129.141235,35.7333785],[129.1412397,35.7333844],[129.1412509,35.7334056],[129.1412754,35.7334333],[129.1413065,35.7334542],[129.1413951,35.7334952],[129.1414279,35.7335153],[129.1414344,35.7335278],[129.1414398,35.7335546],[129.1414481,35.7336137],[129.1414566,35.7336621],[129.1414617,35.7336778],[129.1414793,35.733712],[129.1415077,35.7337479],[129.1415403,35.7337721],[129.1415628,35.7337775],[129.1416185,35.7337899],[129.1416272,35.7337638],[129.1415719,35.7337515],[129.141557,35.7337479],[129.1415332,35.7337303],[129.1415088,35.7336994],[129.1414932,35.7336691],[129.1414892,35.7336567],[129.141481,35.7336102],[129.1414726,35.7335509],[129.1414665,35.7335202],[129.1414549,35.733498],[129.1414133,35.7334725],[129.1413253,35.7334319],[129.1412998,35.7334147],[129.1412817,35.7333942],[129.1412825,35.7333798],[129.141286,35.733372]]]]}},{"type":"Feature","properties":{"UFID":"100035905006A00110100000004519517"},"geometry":{"type":"MultiPolygon","coordinates":[[[[129.1415602,35.7342304],[129.1415419,35.7342053],[129.1415025,35.7341476],[129.1414569,35.7340764],[129.1414282,35.7340403],[129.1413811,35.733999],[129.1413583,35.7339809],[129.1413073,35.7339479],[129.1412649,35.7339205],[129.1412394,35.7339388],[129.1412448,35.733942],[129.1412866,35.7339691],[129.1413364,35.7340012],[129.1413574,35.7340179],[129.141402,35.734057],[129.1414283,35.73409],[129.1414733,35.7341604],[129.1415131,35.7342188],[129.1415148,35.7342211],[129.1415147,35.7342275],[129.1415131,35.7342315],[129.1415078,35.7342369],[129.1415602,35.7342304]]]]}},{"type":"Feature","properties":{"UFID":"100035905006A00110100000004519518"},"geometry":{"type":"MultiPolygon","coordinates":[[[[129.1415833,35.7342609],[129.1415642,35.7342359],[129.1415602,35.7342304],[129.1415078,35.7342369],[129.14152,35.7342661],[129.1415833,35.7342609]]]]}},{"type":"Feature","properties":{"UFID":"100035905006A00110100000004519519"},"geometry":{"type":"MultiPolygon","coordinates":[[[[129.14152,35.7342661],[129.1415078,35.7342369],[129.1415011,35.7342404],[129.1414737,35.7342426],[129.1413834,35.7342454],[129.1413513,35.7342484],[129.141355,35.7342752],[129.1413859,35.7342724],[129.1414759,35.7342695],[129.14152,35.7342661]]]]}},{"type":"Feature","properties":{"UFID":"100035905006A00110100000004519520"},"geometry":{"type":"MultiPolygon","coordinates":[[[[129.1449875,35.7320045],[129.1449243,35.7319982],[129.1449154,35.7320212],[129.1449095,35.7320362],[129.1448667,35.7321711],[129.1448048,35.7323145],[129.1447895,35.732335],[129.1447562,35.7323477],[129.1445466,35.7323887],[129.1444536,35.7324142],[129.1444158,35.7324275],[129.1443206,35.7324701],[129.1442265,35.7325272],[129.1440996,35.7326184],[129.1440061,35.7326977],[129.1440058,35.7326978],[129.1440168,35.7327277],[129.1441225,35.732638],[129.1442474,35.7325482],[129.1443385,35.7324929],[129.1444304,35.7324519],[129.1444655,35.7324395],[129.1445558,35.7324147],[129.1447641,35.7323739],[129.1448352,35.7323609],[129.1448613,35.7323218],[129.1449042,35.7321792],[129.1449467,35.732045],[129.1449511,35.7320339],[129.1449875,35.7320045]]]]}},{"type":"Feature","properties":{"UFID":"100035905006A00110100000004519521"},"geometry":{"type":"MultiPolygon","coordinates":[[[[129.1440168,35.7327277],[129.1440058,35.7326978],[129.1439495,35.7327067],[129.1439461,35.7327413],[129.1440168,35.7327277]]]]}},{"type":"Feature","properties":{"UFID":"100035905006A00110100000004519522"},"geometry":{"type":"MultiPolygon","coordinates":[[[[129.1440058,35.7326978],[129.1440241,35.7326591],[129.1440372,35.7326411],[129.144116,35.732553],[129.1441896,35.73249],[129.1442869,35.732424],[129.1443904,35.7323639],[129.1444894,35.7323186],[129.1445764,35.7322834],[129.1446275,35.7322531],[129.1446655,35.7322063],[129.1447011,35.7321155],[129.1446695,35.7321073],[129.1446353,35.7321945],[129.1446032,35.7322341],[129.1445592,35.7322601],[129.1444739,35.7322947],[129.1443726,35.732341],[129.1442666,35.7324025],[129.144167,35.7324702],[129.1440905,35.7325356],[129.1440094,35.7326262],[129.1439669,35.7326848],[129.1439495,35.7327067],[129.1440058,35.7326978]]]]}},{"type":"Feature","properties":{"UFID":"100035905006A00110100000004519523"},"geometry":{"type":"MultiPolygon","coordinates":[[[[129.1460553,35.7324224],[129.1459831,35.7324009],[129.1459447,35.7324681],[129.1460392,35.7324925],[129.1460537,35.7324279],[129.1460553,35.7324224]]]]}},{"type":"Feature","properties":{"UFID":"100035905006A00110100000004519524"},"geometry":{"type":"MultiPolygon","coordinates":[[[[129.1459831,35.7324009],[129.1459705,35.7324048],[129.1459664,35.7324055],[129.1459583,35.7323998],[129.1459506,35.7323885],[129.1458889,35.7324533],[129.1459243,35.732454],[129.1459447,35.7324681],[129.1459831,35.7324009]]]]}},{"type":"Feature","properties":{"UFID":"100035905006A00110100000004519525"},"geometry":{"type":"MultiPolygon","coordinates":[[[[129.1461254,35.7327669],[129.1461174,35.7327498],[129.1461115,35.7327365],[129.1460574,35.7327445],[129.1460723,35.7327723],[129.1461254,35.7327669]]]]}},{"type":"Feature","properties":{"UFID":"100035905006A00110100000004519526"},"geometry":{"type":"MultiPolygon","coordinates":[[[[129.1461115,35.7327365],[129.1461024,35.7327161],[129.1460396,35.7325752],[129.1460289,35.7325486],[129.1460289,35.7325435],[129.1460301,35.7325328],[129.1460392,35.7324925],[129.1459447,35.7324681],[129.1459541,35.7324846],[129.1459847,35.7325544],[129.1459978,35.7325869],[129.1460608,35.7327284],[129.1460633,35.732734],[129.1460633,35.7327387],[129.1460617,35.7327417],[129.1460574,35.7327445],[129.1461115,35.7327365]]]]}},{"type":"Feature","properties":{"UFID":"100035905006A00110100000004519527"},"geometry":{"type":"MultiPolygon","coordinates":[[[[129.1429706,35.7369176],[129.1429411,35.7369343],[129.1429357,35.7369907],[129.1429227,35.7370716],[129.1429189,35.7370851],[129.1429078,35.7371025],[129.1428531,35.7370929],[129.1426893,35.737053],[129.1426158,35.7370331],[129.1425328,35.7370029],[129.1424814,35.7369758],[129.1424617,35.7369671],[129.1424315,35.736961],[129.1424002,35.7369558],[129.1423306,35.7369223],[129.142196,35.7368593],[129.1421521,35.7368412],[129.1421239,35.7368388],[129.1420934,35.7368426],[129.1420604,35.7368526],[129.1420386,35.7368547],[129.1420243,35.7368547],[129.141973,35.7368478],[129.1418687,35.7368137],[129.1416414,35.7367577],[129.1413483,35.7367099],[129.141126,35.7367002],[129.1411243,35.7367272],[129.1413442,35.7367368],[129.1416333,35.7367839],[129.1418577,35.7368392],[129.141964,35.736874],[129.1420215,35.7368817],[129.1420405,35.7368818],[129.1420682,35.7368791],[129.1421018,35.7368689],[129.1421254,35.7368659],[129.142142,35.7368669],[129.14218,35.736883],[129.142314,35.7369457],[129.142388,35.7369813],[129.1424264,35.7369878],[129.1424494,35.7369924],[129.1424645,35.7369991],[129.142517,35.7370267],[129.1426038,35.7370583],[129.1426793,35.7370788],[129.1428443,35.737119],[129.1428999,35.7371303],[129.1429215,35.7371282],[129.1429366,35.7371218],[129.1429508,35.7370927],[129.1429553,35.7370764],[129.1429677,35.7369978],[129.1429679,35.7369797],[129.1429706,35.7369176]]]]}},{"type":"Feature","properties":{"UFID":"100035905006A00110100000004519528"},"geometry":{"type":"MultiPolygon","coordinates":[[[[129.143022,35.7368445],[129.1430114,35.7368537],[129.142995,35.7368594],[129.1429773,35.7368559],[129.1429593,35.7368407],[129.1429754,35.7369034],[129.142995,35.7368965],[129.1430695,35.7369189],[129.143022,35.7368445]]]]}},{"type":"Feature","properties":{"UFID":"100035905006A00110100000004519618"},"geometry":{"type":"MultiPolygon","coordinates":[[[[129.149434,35.7344204],[129.1493574,35.7343445],[129.1492744,35.7343521],[129.1493325,35.7344234],[129.1493658,35.7344209],[129.149434,35.7344204]]]]}},{"type":"Feature","properties":{"UFID":"100035905006A00110100000004519619"},"geometry":{"type":"MultiPolygon","coordinates":[[[[129.143109,35.7372099],[129.1431041,35.7371927],[129.1431015,35.7371801],[129.1431011,35.737176],[129.1430651,35.7371711],[129.1430709,35.7372201],[129.143109,35.7372099]]]]}},{"type":"Feature","properties":{"UFID":"100035905006A00110100000004519620"},"geometry":{"type":"MultiPolygon","coordinates":[[[[129.1431243,35.736923],[129.1430695,35.7369189],[129.1430989,35.736942],[129.1431058,35.7369563],[129.1431099,35.7369791],[129.1431111,35.7369852],[129.1431089,35.7370159],[129.143079,35.7371163],[129.1430743,35.7371394],[129.1430651,35.7371711],[129.1431011,35.737176],[129.1431003,35.7371685],[129.1431054,35.7371447],[129.1431113,35.7371223],[129.1431419,35.7370199],[129.1431445,35.7369838],[129.1431427,35.7369749],[129.143138,35.7369493],[129.1431293,35.7369311],[129.1431243,35.736923]]]]}},{"type":"Feature","properties":{"UFID":"100035905006A00110100000004519621"},"geometry":{"type":"MultiPolygon","coordinates":[[[[129.1455513,35.734028],[129.1455481,35.7339494],[129.1455144,35.733954],[129.1454939,35.7339564],[129.1454818,35.7340356],[129.1455513,35.734028]]]]}},{"type":"Feature","properties":{"UFID":"100035905006A00110100000004519622"},"geometry":{"type":"MultiPolygon","coordinates":[[[[129.1455513,35.734028],[129.1454818,35.7340356],[129.1454829,35.7340381],[129.1454538,35.7340625],[129.1454054,35.7340797],[129.1454372,35.7340976],[129.1455027,35.7340808],[129.1455089,35.734078],[129.1455111,35.734076],[129.1455404,35.7340339],[129.1455513,35.734028]]]]}},{"type":"Feature","properties":{"UFID":"100035905006A00110100000004519623"},"geometry":{"type":"MultiPolygon","coordinates":[[[[129.146682,35.7337664],[129.1466042,35.7337177],[129.1465363,35.7337514],[129.1464406,35.7337908],[129.1463355,35.7338288],[129.1462813,35.7338468],[129.1462379,35.733857],[129.1461455,35.7338738],[129.1459048,35.7339039],[129.1456417,35.7339366],[129.1455481,35.7339494],[129.1455513,35.734028],[129.145559,35.7340253],[129.1458005,35.7339912],[129.1461635,35.733946],[129.1462875,35.7339273],[129.1463533,35.7339076],[129.1465223,35.7338393],[129.146682,35.7337664]]]]}},{"type":"Feature","properties":{"UFID":"100035905006A00110100000004519624"},"geometry":{"type":"MultiPolygon","coordinates":[[[[129.1468484,35.733708],[129.1467013,35.733615],[129.146643,35.7336411],[129.1466042,35.7337177],[129.146682,35.7337664],[129.1467824,35.7337248],[129.1468484,35.733708]]]]}},{"type":"Feature","properties":{"UFID":"100035905006A00110100000004519625"},"geometry":{"type":"MultiPolygon","coordinates":[[[[129.1493325,35.7344234],[129.1492744,35.7343521],[129.149203,35.7343595],[129.1491431,35.7343663],[129.1490812,35.734371],[129.1489941,35.7343798],[129.1488957,35.7343906],[129.1488489,35.7343949],[129.1486755,35.7344043],[129.148562,35.7344009],[129.1484385,35.7343874],[129.148177,35.7343245],[129.1479264,35.7342551],[129.1478044,35.734219],[129.1477505,35.7341873],[129.147669,35.7341375],[129.1476607,35.734125],[129.1476336,35.73402],[129.1476153,35.733984],[129.1475912,35.7339533],[129.1475667,35.7339341],[129.1475331,35.7339128],[129.1474502,35.7338674],[129.1473694,35.7338266],[129.1473236,35.733802],[129.1471607,35.7337211],[129.1470236,35.7336604],[129.1469199,35.7336207],[129.1468484,35.733708],[129.1468644,35.7337084],[129.1468848,35.7337096],[129.1469429,35.7337187],[129.1470047,35.7337357],[129.1470891,35.7337695],[129.1472179,35.7338338],[129.1472757,35.7338707],[129.1472936,35.7338844],[129.1474222,35.7340067],[129.147508,35.7340927],[129.1476184,35.7341952],[129.1477138,35.7342516],[129.1478828,35.7343199],[129.1481248,35.7343949],[129.1483519,35.7344475],[129.1484607,35.7344641],[129.1486209,35.7344711],[129.1487486,35.7344699],[129.1489196,35.7344587],[129.1491939,35.7344341],[129.1493325,35.7344234]]]]}},{"type":"Feature","properties":{"UFID":"100035905006A00110100000004519626"},"geometry":{"type":"MultiPolygon","coordinates":[[[[129.1469199,35.7336207],[129.14689,35.7336093],[129.1468716,35.733604],[129.1468264,35.7335987],[129.1467342,35.7335699],[129.1467013,35.733615],[129.1468484,35.733708],[129.1469199,35.7336207]]]]}},{"type":"Feature","properties":{"UFID":"100035905006A00110100000004519627"},"geometry":{"type":"MultiPolygon","coordinates":[[[[129.1436117,35.7331259],[129.1436378,35.7330561],[129.1436556,35.7330039],[129.1436961,35.7329032],[129.1437247,35.7328635],[129.1437818,35.732825],[129.1438901,35.7327724],[129.1439461,35.7327413],[129.1439495,35.7327067],[129.1438722,35.7327496],[129.1437627,35.7328028],[129.1436991,35.7328457],[129.1436657,35.732892],[129.1436238,35.732996],[129.1436059,35.7330486],[129.143574,35.7331342],[129.1436117,35.7331259]]]]}},{"type":"Feature","properties":{"UFID":"100035905006A00110100000004519628"},"geometry":{"type":"MultiPolygon","coordinates":[[[[129.1436117,35.7331259],[129.143574,35.7331342],[129.1435681,35.73315],[129.1435557,35.7331757],[129.1435914,35.7331755],[129.1436117,35.7331259]]]]}},{"type":"Feature","properties":{"UFID":"100035905006A00110100000004519629"},"geometry":{"type":"MultiPolygon","coordinates":[[[[129.1435914,35.7331755],[129.1435557,35.7331757],[129.1435052,35.7332805],[129.1434333,35.7334143],[129.1434982,35.7334669],[129.1435121,35.7333843],[129.1435365,35.7332895],[129.1435914,35.7331755]]]]}},{"type":"Feature","properties":{"UFID":"100035905006A00110100000004519630"},"geometry":{"type":"MultiPolygon","coordinates":[[[[129.1434333,35.7334143],[129.1434269,35.7334052],[129.1434059,35.7333632],[129.1433978,35.7333253],[129.1434021,35.7332522],[129.1433649,35.7332525],[129.143365,35.7332623],[129.1433646,35.7333275],[129.1433738,35.7333708],[129.143397,35.7334171],[129.1434122,35.7334387],[129.1434333,35.7334143]]]]}},{"type":"Feature","properties":{"UFID":"100035905006A00110100000004519631"},"geometry":{"type":"MultiPolygon","coordinates":[[[[129.1428958,35.7368059],[129.1429593,35.7368407],[129.1429594,35.7368311],[129.1429662,35.7368044],[129.1429775,35.7367731],[129.1429747,35.7366871],[129.1429643,35.7366477],[129.1428262,35.7366873],[129.1428593,35.7367254],[129.1428751,35.7367496],[129.1428958,35.7368059]]]]}},{"type":"Feature","properties":{"UFID":"100035905006A00110100000004519632"},"geometry":{"type":"MultiPolygon","coordinates":[[[[129.1429706,35.7369176],[129.1429754,35.7369034],[129.1429593,35.7368407],[129.1428958,35.7368059],[129.1429411,35.7369343],[129.1429706,35.7369176]]]]}},{"type":"Feature","properties":{"UFID":"100035905006A00110100000004519633"},"geometry":{"type":"MultiPolygon","coordinates":[[[[129.1414973,35.7348434],[129.1414979,35.7348349],[129.1415102,35.7347775],[129.1414789,35.7347753],[129.1414649,35.7348317],[129.1414627,35.7348626],[129.1414583,35.7348752],[129.1414973,35.7348434]]]]}},{"type":"Feature","properties":{"UFID":"100035905006A00110100000004519634"},"geometry":{"type":"MultiPolygon","coordinates":[[[[129.1415205,35.7347049],[129.1414724,35.7346997],[129.1414789,35.7347753],[129.1415102,35.7347775],[129.1415118,35.7347702],[129.1415205,35.7347049]]]]}},{"type":"Feature","properties":{"UFID":"100035905006A00110100000004519636"},"geometry":{"type":"MultiPolygon","coordinates":[[[[129.146643,35.7336411],[129.1465376,35.7335966],[129.1463696,35.733525],[129.1462877,35.7334884],[129.1462722,35.7335139],[129.1465908,35.7336576],[129.1465981,35.7336662],[129.1466,35.733671],[129.1466015,35.7336763],[129.1466042,35.7337177],[129.146643,35.7336411]]]]}},{"type":"Feature","properties":{"UFID":"100035905006A00110100000004519649"},"geometry":{"type":"MultiPolygon","coordinates":[[[[129.1460723,35.7327723],[129.1460574,35.7327445],[129.1459636,35.7327494],[129.1459505,35.7327499],[129.145916,35.7327506],[129.1458712,35.7327488],[129.1458403,35.7327459],[129.1456256,35.7327295],[129.145588,35.7327278],[129.145527,35.7327289],[129.1454937,35.7327349],[129.1454042,35.7327605],[129.1453989,35.7327628],[129.1453682,35.7327757],[129.1453583,35.7327799],[129.1453508,35.7327837],[129.1453431,35.7327917],[129.1453403,35.7327976],[129.1453385,35.7328058],[129.1453378,35.7328181],[129.1453401,35.7328505],[129.1453455,35.7328669],[129.1453686,35.7329204],[129.1454209,35.7330117],[129.1454612,35.7330534],[129.145513,35.7330941],[129.1455704,35.733129],[129.1456509,35.73317],[129.1456689,35.7331751],[129.1456911,35.7331796],[129.145679,35.7331541],[129.1456768,35.7331538],[129.1456702,35.7331517],[129.1456365,35.7331354],[129.1455802,35.7330969],[129.1455341,35.7330732],[129.1454858,35.7330352],[129.1454493,35.7329974],[129.1453993,35.7329102],[129.1453772,35.7328589],[129.145373,35.7328461],[129.145371,35.732818],[129.1453715,35.7328089],[129.1453723,35.7328052],[129.1453733,35.7328042],[129.1453747,35.7328035],[129.1453749,35.7328034],[129.1454056,35.7327904],[129.1454174,35.7327854],[129.1455028,35.7327609],[129.1455309,35.7327559],[129.1455875,35.7327549],[129.1456232,35.7327564],[129.1458369,35.7327728],[129.1458685,35.7327758],[129.1459156,35.7327777],[129.1459517,35.732777],[129.1459654,35.7327764],[129.1460663,35.7327711],[129.1460723,35.7327723]]]]}},{"type":"Feature","properties":{"UFID":"100035905006A00110100000004519653"},"geometry":{"type":"MultiPolygon","coordinates":[[[[129.1467342,35.7335699],[129.1467254,35.7335671],[129.1467147,35.733563],[129.1465976,35.7335333],[129.1465589,35.7335169],[129.1464708,35.7334656],[129.146411,35.7334361],[129.1463703,35.7334066],[129.1463329,35.7333668],[129.1463022,35.733328],[129.1462888,35.7333018],[129.1462798,35.7332716],[129.1462774,35.7332149],[129.1462629,35.7330991],[129.1462558,35.7330619],[129.1462418,35.7330192],[129.1462231,35.7329758],[129.1461643,35.73285],[129.1461254,35.7327669],[129.1460723,35.7327723],[129.1460767,35.7327755],[129.1461494,35.7329272],[129.1461765,35.7329905],[129.1461835,35.7330086],[129.1461883,35.7330775],[129.146194,35.7331671],[129.1462016,35.7332533],[129.1462153,35.733307],[129.1462294,35.7333522],[129.1462352,35.7333681],[129.146255,35.7333879],[129.146295,35.7334187],[129.1463498,35.7334593],[129.1464016,35.7334889],[129.1464891,35.733528],[129.1465794,35.7335687],[129.1466437,35.7335941],[129.1466548,35.7335973],[129.1467013,35.733615],[129.1467342,35.7335699]]]]}},{"type":"Feature","properties":{"UFID":"100035905006A00110100000004520344"},"geometry":{"type":"MultiPolygon","coordinates":[[[[129.1443824,35.737826],[129.1443756,35.7378282],[129.1443641,35.7378292],[129.1443562,35.7378286],[129.1443007,35.7378243],[129.1442087,35.7377992],[129.1441094,35.7377541],[129.1440541,35.7377338],[129.1439967,35.7377165],[129.1439746,35.7377101],[129.1438759,35.737687],[129.1438284,35.7376862],[129.1437898,35.7377178],[129.143797,35.7377156],[129.1438048,35.7377135],[129.1438269,35.73771],[129.1438709,35.737714],[129.1439644,35.7377358],[129.1439853,35.7377419],[129.1440415,35.7377589],[129.1440945,35.7377783],[129.1441953,35.737824],[129.1442938,35.7378509],[129.1443531,35.7378555],[129.1443711,35.7378569],[129.1443824,35.737826]]]]}},{"type":"Feature","properties":{"UFID":"100035905006A00110100000004520345"},"geometry":{"type":"MultiPolygon","coordinates":[[[[129.1437898,35.7377178],[129.1438284,35.7376862],[129.1438137,35.737686],[129.1437441,35.7376854],[129.1437319,35.7376851],[129.1436842,35.7377317],[129.1437898,35.7377178]]]]}},{"type":"Feature","properties":{"UFID":"100035905006A00110100000004520346"},"geometry":{"type":"MultiPolygon","coordinates":[[[[129.1437319,35.7376851],[129.1437204,35.7376848],[129.1436903,35.7376805],[129.1436613,35.7376689],[129.1435794,35.7376205],[129.1434742,35.737579],[129.1434596,35.7375732],[129.1434396,35.7376053],[129.1434447,35.7376028],[129.1434487,35.7376011],[129.1434539,35.737601],[129.1434597,35.7376034],[129.1435623,35.7376438],[129.1436442,35.7376922],[129.14368,35.7377065],[129.1436818,35.7377086],[129.1436842,35.7377317],[129.1437319,35.7376851]]]]}},{"type":"Feature","properties":{"UFID":"100035905006A00110100000004520347"},"geometry":{"type":"MultiPolygon","coordinates":[[[[129.1432267,35.7380596],[129.1432198,35.7380613],[129.1432138,35.738061],[129.143167,35.7380375],[129.1431285,35.7380198],[129.1431198,35.7380131],[129.1431182,35.7380103],[129.1431192,35.7380039],[129.1431322,35.7379859],[129.1431563,35.7379607],[129.1432671,35.7378524],[129.1432747,35.7378436],[129.1432951,35.7378027],[129.1433201,35.737761],[129.1433296,35.7377458],[129.143406,35.7376526],[129.143431,35.7376136],[129.1434396,35.7376053],[129.1434019,35.7375876],[129.1433984,35.7376061],[129.1433775,35.7376388],[129.1433009,35.7377321],[129.1432904,35.737749],[129.1432648,35.7377917],[129.1432454,35.7378306],[129.1432408,35.737836],[129.1431734,35.7378992],[129.1430709,35.7380169],[129.1430697,35.7380194],[129.1430693,35.7380214],[129.1430694,35.738023],[129.1432039,35.7380898],[129.1432069,35.7380923],[129.1432084,35.7380948],[129.1432267,35.7380596]]]]}},{"type":"Feature","properties":{"UFID":"100035905006A00110100000004520354"},"geometry":{"type":"MultiPolygon","coordinates":[[[[129.1443824,35.737826],[129.1444578,35.7378331],[129.1444544,35.7378249],[129.1444527,35.7378162],[129.1444774,35.7377719],[129.1444271,35.7377533],[129.1443896,35.7378204],[129.1443824,35.737826]]]]}},{"type":"Feature","properties":{"UFID":"100035905006A00110100000004520355"},"geometry":{"type":"MultiPolygon","coordinates":[[[[129.1434596,35.7375732],[129.1434531,35.7375706],[129.1434283,35.737553],[129.1434019,35.7375876],[129.1434396,35.7376053],[129.1434596,35.7375732]]]]}},{"type":"Feature","properties":{"UFID":"100035905006A00110100000004520438"},"geometry":{"type":"MultiPolygon","coordinates":[[[[129.1430709,35.7372201],[129.1430651,35.7371711],[129.1430537,35.7371751],[129.1430375,35.7371784],[129.1429646,35.7371924],[129.1429285,35.7372053],[129.1428869,35.7372369],[129.142855,35.7372713],[129.1428492,35.7372749],[129.1428883,35.7372817],[129.1428945,35.737269],[129.1429309,35.7372387],[129.142978,35.7372219],[129.1430234,35.7372117],[129.1430334,35.737211],[129.1430461,35.7372113],[129.1430537,35.7372117],[129.1430609,35.7372135],[129.1430709,35.7372201]]]]}},{"type":"Feature","properties":{"UFID":"100035905006A00110100000004520439"},"geometry":{"type":"MultiPolygon","coordinates":[[[[129.1428812,35.7373228],[129.1428822,35.7373084],[129.1428846,35.7372926],[129.1428883,35.7372817],[129.1428492,35.7372749],[129.1428391,35.7373264],[129.1428812,35.7373228]]]]}},{"type":"Feature","properties":{"UFID":"100035905006A00110100000004520440"},"geometry":{"type":"MultiPolygon","coordinates":[[[[129.1428391,35.7373264],[129.1428492,35.7372749],[129.1428393,35.7372784],[129.1427052,35.7373143],[129.1427077,35.7373569],[129.1428278,35.7373226],[129.1428317,35.7373226],[129.142835,35.7373237],[129.1428391,35.7373264]]]]}},{"type":"Feature","properties":{"UFID":"100035905006A00110100000004520441"},"geometry":{"type":"MultiPolygon","coordinates":[[[[129.1428812,35.7373228],[129.1428391,35.7373264],[129.1428414,35.7373376],[129.1428353,35.7374102],[129.1428344,35.7374407],[129.1428353,35.7374672],[129.1428504,35.7375575],[129.1428509,35.7375656],[129.1428503,35.7375798],[129.142849,35.7375939],[129.1428474,35.7376012],[129.1428438,35.7376121],[129.1428377,35.7376185],[129.1428265,35.7376221],[129.1426709,35.7376003],[129.1426447,35.7376593],[129.1426946,35.7376481],[129.1427089,35.7376456],[129.1427182,35.7376442],[129.1427321,35.7376447],[129.142828,35.7376634],[129.1428796,35.7376682],[129.142885,35.7376677],[129.1428906,35.7376657],[129.142896,35.737656],[129.1429013,35.7376356],[129.1429056,35.7375104],[129.1428812,35.7373228]]]]}},{"type":"Feature","properties":{"UFID":"100035905006A00110100000004520442"},"geometry":{"type":"MultiPolygon","coordinates":[[[[129.1426709,35.7376003],[129.1426612,35.7375989],[129.1425876,35.7375895],[129.142571,35.7376294],[129.1426447,35.7376593],[129.1426709,35.7376003]]]]}},{"type":"Feature","properties":{"UFID":"100035905006A00110100000004520443"},"geometry":{"type":"MultiPolygon","coordinates":[[[[129.1425876,35.7375895],[129.1424608,35.7375733],[129.1424532,35.7376091],[129.1425615,35.7376249],[129.1425669,35.7376259],[129.142571,35.7376294],[129.1425876,35.7375895]]]]}},{"type":"Feature","properties":{"UFID":"100035905006A00110100000004520444"},"geometry":{"type":"MultiPolygon","coordinates":[[[[129.1426447,35.7376593],[129.142571,35.7376294],[129.1425713,35.7376336],[129.1425062,35.7377569],[129.142408,35.7379328],[129.1424043,35.737936],[129.1424017,35.7379387],[129.1423931,35.7379418],[129.1423825,35.7379438],[129.1422253,35.7379301],[129.1422233,35.7379671],[129.1423098,35.7379726],[129.1423886,35.7379738],[129.142415,35.737973],[129.1424202,35.7379716],[129.1424243,35.7379691],[129.1425325,35.7378061],[129.1426114,35.7376712],[129.1426321,35.7376637],[129.1426447,35.7376593]]]]}},{"type":"Feature","properties":{"UFID":"100035905006A00110100000004520445"},"geometry":{"type":"MultiPolygon","coordinates":[[[[129.1434283,35.737553],[129.1434175,35.7375454],[129.1433949,35.7375223],[129.1433775,35.7374954],[129.1433679,35.7374741],[129.1433515,35.7374305],[129.1433453,35.7374152],[129.1433256,35.7373795],[129.1433046,35.7373563],[129.1432492,35.7373253],[129.1431916,35.73729],[129.1431412,35.7372465],[129.143109,35.7372099],[129.1430709,35.7372201],[129.143101,35.7372632],[129.1431589,35.7373185],[129.1432088,35.7373473],[129.1432611,35.7373617],[129.1432968,35.7373933],[129.1433143,35.737425],[129.1433199,35.7374387],[129.1433364,35.7374827],[129.1433472,35.7375065],[129.143367,35.7375371],[129.1433935,35.7375642],[129.1434012,35.7375781],[129.1434019,35.7375876],[129.1434283,35.737553]]]]}},{"type":"Feature","properties":{"UFID":"100035905006A00110100000004520455"},"geometry":{"type":"MultiPolygon","coordinates":[[[[129.147559,35.7373497],[129.1475514,35.737325],[129.1474515,35.7373564],[129.147403,35.7373685],[129.1473567,35.7373767],[129.1472526,35.7373921],[129.147186,35.7374044],[129.147087,35.7374304],[129.1470382,35.7374491],[129.1469742,35.7374837],[129.146893,35.7375345],[129.1468174,35.7375766],[129.1468008,35.7375822],[129.146758,35.7375952],[129.1466448,35.7376231],[129.1465161,35.7376622],[129.1463611,35.7377185],[129.1462737,35.7377467],[129.1462519,35.7377528],[129.1462042,35.7377617],[129.1461422,35.7377672],[129.1460272,35.7377755],[129.1458878,35.7377925],[129.145731,35.7378228],[129.1455817,35.7378438],[129.1455242,35.7378455],[129.1454502,35.7378543],[129.145373,35.737869],[129.1452979,35.7378896],[129.1452222,35.7379161],[129.1451242,35.7379542],[129.1450615,35.7379721],[129.1450393,35.7379768],[129.1449922,35.7379829],[129.144876,35.737992],[129.1447805,35.7379981],[129.1447566,35.7379975],[129.144738,35.7379938],[129.1447181,35.7379847],[129.1446877,35.7379679],[129.1446078,35.737914],[129.144535,35.7378713],[129.1444801,35.7378486],[129.1444634,35.7378386],[129.1444578,35.7378331],[129.1444448,35.737867],[129.1444669,35.7378735],[129.1445177,35.7378945],[129.1445875,35.7379355],[129.1446678,35.7379895],[129.1447006,35.7380077],[129.1447257,35.7380192],[129.1447521,35.7380244],[129.1447813,35.7380252],[129.1448788,35.7380189],[129.1449964,35.7380098],[129.1450461,35.7380033],[129.1450712,35.737998],[129.1451368,35.7379793],[129.1452358,35.7379407],[129.1453097,35.7379149],[129.1453821,35.737895],[129.1454564,35.7378809],[129.1455272,35.7378725],[129.145553,35.7378717],[129.1457787,35.7378414],[129.1458941,35.7378191],[129.1460311,35.7378024],[129.1461454,35.7377941],[129.1462097,35.7377884],[129.146261,35.7377789],[129.1462851,35.7377721],[129.1463739,35.7377435],[129.1465287,35.7376872],[129.1466554,35.7376487],[129.1467686,35.7376208],[129.146813,35.7376074],[129.1468332,35.7376005],[129.1469124,35.7375565],[129.1469935,35.7375057],[129.1470546,35.7374727],[129.1470991,35.7374556],[129.1471948,35.7374305],[129.1472593,35.7374186],[129.1473632,35.7374032],[129.1474114,35.7373947],[129.1474627,35.7373819],[129.1475429,35.7373549],[129.147559,35.7373497]]]]}},{"type":"Feature","properties":{"UFID":"100035905006A00110100000004520465"},"geometry":{"type":"MultiPolygon","coordinates":[[[[129.1476641,35.7372881],[129.1476177,35.7372652],[129.1475082,35.7371827],[129.1475032,35.7371789],[129.1474988,35.7371778],[129.1474904,35.7371804],[129.1474445,35.7372004],[129.1474225,35.7372082],[129.1473983,35.7372112],[129.1473472,35.737214],[129.1473638,35.7372552],[129.1475068,35.7372438],[129.1475162,35.7372435],[129.1475188,35.7372445],[129.1475237,35.7372474],[129.1475277,35.7372546],[129.1475342,35.737272],[129.1475514,35.737325],[129.1476641,35.7372881]]]]}},{"type":"Feature","properties":{"UFID":"100035905006A00110100000004520676"},"geometry":{"type":"MultiPolygon","coordinates":[[[[129.1435988,35.7479803],[129.1435505,35.7479705],[129.143533,35.7480273],[129.1435813,35.7480371],[129.1435988,35.7479803]]]]}},{"type":"Feature","properties":{"UFID":"100035905006A00110100000004520677"},"geometry":{"type":"MultiPolygon","coordinates":[[[[129.1435813,35.7480371],[129.143533,35.7480273],[129.1435133,35.748119],[129.1434217,35.7484996],[129.1433173,35.7489427],[129.1432788,35.7491011],[129.1432712,35.7491638],[129.1432808,35.7492305],[129.1433246,35.7492599],[129.1433371,35.7492678],[129.1433419,35.7492697],[129.1435519,35.7492963],[129.1435611,35.7492749],[129.1433528,35.7492385],[129.1433386,35.7492294],[129.1433022,35.7491714],[129.1433006,35.749162],[129.1432994,35.7491575],[129.1432992,35.7491473],[129.143321,35.7490687],[129.1433499,35.7489479],[129.1434542,35.7485048],[129.1435457,35.7481249],[129.1435813,35.7480371]]]]}},{"type":"Feature","properties":{"UFID":"100035905006A00110100000004520678"},"geometry":{"type":"MultiPolygon","coordinates":[[[[129.1478437,35.7496159],[129.1478024,35.7495932],[129.1477652,35.7496434],[129.1478065,35.749666],[129.1478437,35.7496159]]]]}},{"type":"Feature","properties":{"UFID":"100035905006A00110100000004520679"},"geometry":{"type":"MultiPolygon","coordinates":[[[[129.1478658,35.7495958],[129.1478076,35.7495691],[129.147809,35.7495763],[129.1478092,35.7495841],[129.1478024,35.7495932],[129.1478437,35.7496159],[129.1478536,35.7496026],[129.1478658,35.7495958]]]]}},{"type":"Feature","properties":{"UFID":"100035905006A00110100000004520680"},"geometry":{"type":"MultiPolygon","coordinates":[[[[129.1490511,35.7479774],[129.1490909,35.7479932],[129.1491494,35.7478961],[129.1491096,35.7478803],[129.1490511,35.7479774]]]]}},{"type":"Feature","properties":{"UFID":"100035905006A00110100000004520681"},"geometry":{"type":"MultiPolygon","coordinates":[[[[129.1490909,35.7479932],[129.1490511,35.7479774],[129.1488857,35.7482687],[129.1486946,35.7486015],[129.1486598,35.7486626],[129.1486429,35.7486987],[129.14864,35.7487116],[129.1486337,35.7487413],[129.1486258,35.7487469],[129.1486125,35.7487513],[129.1486011,35.7487506],[129.148679,35.7487766],[129.1486732,35.7487722],[129.1486669,35.7487632],[129.1486651,35.7487519],[129.1486726,35.7487164],[129.1486749,35.7487061],[129.1486903,35.7486732],[129.1487247,35.7486129],[129.1489157,35.7482802],[129.1490909,35.7479932]]]]}},{"type":"Feature","properties":{"UFID":"100035905006A00110100000004520694"},"geometry":{"type":"MultiPolygon","coordinates":[[[[129.1437898,35.7377178],[129.1436842,35.7377317],[129.1436834,35.7377355],[129.1436816,35.7377378],[129.1436556,35.7377602],[129.1435908,35.7378044],[129.1435438,35.7378288],[129.1434551,35.7378912],[129.1433818,35.7379454],[129.143243,35.7380504],[129.1432323,35.738056],[129.1432267,35.7380596],[129.1432791,35.738065],[129.1432816,35.7380616],[129.1432857,35.7380569],[129.1432903,35.7380529],[129.1434113,35.7379609],[129.1435161,35.7378811],[129.1436399,35.7378054],[129.1437656,35.7377276],[129.1437898,35.7377178]]]]}},{"type":"Feature","properties":{"UFID":"100035905006A00110100000004520695"},"geometry":{"type":"MultiPolygon","coordinates":[[[[129.1432339,35.7381181],[129.1432084,35.7380948],[129.1432073,35.7380978],[129.1430784,35.7382291],[129.1430629,35.7382534],[129.1430444,35.7382805],[129.1429926,35.7383589],[129.1429589,35.7384072],[129.1429178,35.738457],[129.1428973,35.7384769],[129.1428777,35.7384878],[129.142845,35.7384989],[129.1427887,35.7385074],[129.1427452,35.7385109],[129.1426011,35.7385149],[129.1424385,35.7385151],[129.1424182,35.738515],[129.142418,35.738542],[129.1424384,35.7385421],[129.1426017,35.7385419],[129.1427473,35.7385379],[129.1427933,35.7385342],[129.1428545,35.7385249],[129.1428935,35.7385117],[129.1429197,35.7384972],[129.1429443,35.7384733],[129.1429871,35.7384215],[129.1430216,35.738372],[129.1430482,35.7383318],[129.1431167,35.7382388],[129.1431443,35.7381962],[129.1432304,35.7381186],[129.1432339,35.7381181]]]]}},{"type":"Feature","properties":{"UFID":"100035905006A00110100000004520696"},"geometry":{"type":"MultiPolygon","coordinates":[[[[129.1432791,35.738065],[129.1432339,35.7381181],[129.1432376,35.7381191],[129.1432391,35.7381211],[129.1432391,35.7381268],[129.1432287,35.7382538],[129.1432535,35.7382551],[129.143269,35.7381407],[129.1432765,35.7380786],[129.1432791,35.738065]]]]}},{"type":"Feature","properties":{"UFID":"100035905006A00110100000004520697"},"geometry":{"type":"MultiPolygon","coordinates":[[[[129.1432791,35.738065],[129.1432267,35.7380596],[129.1432084,35.7380948],[129.1432339,35.7381181],[129.1432791,35.738065]]]]}},{"type":"Feature","properties":{"UFID":"100035905006A00110100000004520710"},"geometry":{"type":"MultiPolygon","coordinates":[[[[129.1444578,35.7378331],[129.1443824,35.737826],[129.1443711,35.7378569],[129.144386,35.737858],[129.144434,35.7378638],[129.1444448,35.737867],[129.1444578,35.7378331]]]]}},{"type":"Feature","properties":{"UFID":"100035905006A00110100000004520711"},"geometry":{"type":"MultiPolygon","coordinates":[[[[129.1413107,35.7457813],[129.1413167,35.7458362],[129.1413305,35.745836],[129.1413523,35.7458361],[129.1413745,35.745837],[129.1416239,35.7458452],[129.1419681,35.745866],[129.1421997,35.7458839],[129.1423203,35.7458982],[129.1425122,35.7459405],[129.1425751,35.7459549],[129.1427369,35.7460066],[129.1427966,35.7460274],[129.1429768,35.7460836],[129.1430082,35.7460944],[129.1430665,35.7461188],[129.1432666,35.7461995],[129.1434133,35.7462567],[129.1435327,35.7463007],[129.1437469,35.746366],[129.1440188,35.7464489],[129.1441314,35.7464885],[129.1441898,35.7465005],[129.1442654,35.7465081],[129.1442893,35.7465095],[129.1443462,35.7465067],[129.144466,35.7464967],[129.1445379,35.7464887],[129.1445615,35.7464867],[129.1445683,35.7464869],[129.1445991,35.7464872],[129.1446165,35.7464897],[129.1446238,35.7464913],[129.1446813,35.7465117],[129.1446931,35.7465188],[129.1446979,35.7465262],[129.1446987,35.7465328],[129.1446969,35.7465387],[129.1445354,35.7468275],[129.1444625,35.7469627],[129.144455,35.7469782],[129.1444393,35.7470192],[129.1444302,35.7470454],[129.1444239,35.7470506],[129.1444149,35.7470517],[129.1444697,35.7470717],[129.1444664,35.7470654],[129.1444633,35.7470577],[129.1444634,35.7470491],[129.1444711,35.7470269],[129.1444863,35.7469872],[129.1444931,35.7469731],[129.1445656,35.7468386],[129.1447284,35.7465476],[129.1447323,35.7465347],[129.1447303,35.7465184],[129.1447189,35.7465007],[129.1446979,35.7464881],[129.1446348,35.7464657],[129.1446238,35.7464633],[129.1446022,35.7464602],[129.1445691,35.7464599],[129.1445604,35.7464596],[129.1445339,35.7464619],[129.144462,35.7464699],[129.1443435,35.7464798],[129.1442895,35.7464824],[129.1442687,35.7464812],[129.144196,35.7464739],[129.144142,35.7464628],[129.1440311,35.7464238],[129.1437585,35.7463407],[129.1435453,35.7462757],[129.1434273,35.7462322],[129.1432811,35.7461752],[129.1430814,35.7460947],[129.1430222,35.7460699],[129.1429891,35.7460585],[129.1428091,35.7460024],[129.1427495,35.7459816],[129.1425857,35.7459292],[129.142521,35.7459145],[129.142327,35.7458717],[129.1422036,35.7458571],[129.1419709,35.7458391],[129.1416258,35.7458182],[129.1413759,35.74581],[129.1413532,35.7458091],[129.1413384,35.745809],[129.141326,35.7458042],[129.1413185,35.7457955],[129.1413132,35.7457874],[129.1413107,35.7457813]]]]}},{"type":"Feature","properties":{"UFID":"100035905006A00110100000004520712"},"geometry":{"type":"MultiPolygon","coordinates":[[[[129.1465052,35.747868],[129.1465799,35.747895],[129.1465703,35.7478715],[129.1465693,35.7478534],[129.1465734,35.7478455],[129.1466158,35.7477627],[129.1466695,35.7476684],[129.1468024,35.7474369],[129.1468918,35.7472806],[129.1468618,35.7472692],[129.1467723,35.7474254],[129.1466394,35.7476569],[129.1465854,35.7477518],[129.1465429,35.747835],[129.1465296,35.7478602],[129.1465052,35.747868]]]]}},{"type":"Feature","properties":{"UFID":"100035905006A00110100000004520713"},"geometry":{"type":"MultiPolygon","coordinates":[[[[129.1457991,35.7487355],[129.1458217,35.7486858],[129.1457757,35.7486658],[129.1457534,35.7487494],[129.1457991,35.7487355]]]]}},{"type":"Feature","properties":{"UFID":"100035905006A00110100000004520714"},"geometry":{"type":"MultiPolygon","coordinates":[[[[129.1457991,35.7487355],[129.1457534,35.7487494],[129.1457182,35.7488829],[129.1456377,35.7492111],[129.145557,35.7495562],[129.1455233,35.7497004],[129.1455559,35.7497055],[129.1455896,35.7495612],[129.1456703,35.7492163],[129.1457506,35.7488884],[129.1457863,35.7487533],[129.1457991,35.7487355]]]]}},{"type":"Feature","properties":{"UFID":"100035905006A00110100000004520715"},"geometry":{"type":"MultiPolygon","coordinates":[[[[129.1481946,35.7496832],[129.148045,35.7495969],[129.1479797,35.7496368],[129.1481574,35.7497161],[129.1481946,35.7496832]]]]}},{"type":"Feature","properties":{"UFID":"100035905006A00110100000004520716"},"geometry":{"type":"MultiPolygon","coordinates":[[[[129.148045,35.7495969],[129.1480014,35.7495907],[129.1479683,35.7495832],[129.1478874,35.7495529],[129.1478658,35.7495958],[129.1478745,35.7495946],[129.1478857,35.749595],[129.1478879,35.7495958],[129.1479797,35.7496368],[129.148045,35.7495969]]]]}},{"type":"Feature","properties":{"UFID":"100035905006A00110100000004520717"},"geometry":{"type":"MultiPolygon","coordinates":[[[[129.1478296,35.7495453],[129.1477759,35.7495259],[129.1477508,35.7495149],[129.147296,35.7493127],[129.1471119,35.7492332],[129.1466475,35.7490318],[129.146135,35.7488175],[129.1459891,35.7487562],[129.1459781,35.7487521],[129.1458358,35.748692],[129.1458217,35.7486858],[129.1457991,35.7487355],[129.1458141,35.7487291],[129.1458247,35.7487269],[129.1458436,35.7487257],[129.1459636,35.7487765],[129.1459746,35.7487805],[129.1461198,35.7488415],[129.1466321,35.7490558],[129.1470963,35.7492571],[129.1472803,35.7493365],[129.147735,35.7495387],[129.1477614,35.7495502],[129.1478038,35.7495655],[129.1478076,35.7495691],[129.1478296,35.7495453]]]]}},{"type":"Feature","properties":{"UFID":"100035905006A00110100000004520718"},"geometry":{"type":"MultiPolygon","coordinates":[[[[129.1478296,35.7495453],[129.1478874,35.7495529],[129.1478852,35.7495445],[129.1478856,35.749544],[129.1479439,35.7494582],[129.1479744,35.7494167],[129.1481452,35.7492034],[129.1482161,35.7491221],[129.148189,35.7491064],[129.1481178,35.7491882],[129.1479462,35.7494024],[129.1479151,35.7494447],[129.1478566,35.7495308],[129.1478514,35.7495384],[129.1478462,35.7495416],[129.1478388,35.7495441],[129.1478296,35.7495453]]]]}},{"type":"Feature","properties":{"UFID":"100035905006A00110100000004520719"},"geometry":{"type":"MultiPolygon","coordinates":[[[[129.1478874,35.7495529],[129.1478296,35.7495453],[129.1478076,35.7495691],[129.1478658,35.7495958],[129.1478874,35.7495529]]]]}},{"type":"Feature","properties":{"UFID":"100035905006A00110100000004520790"},"geometry":{"type":"MultiPolygon","coordinates":[[[[129.1488605,35.7499349],[129.1485249,35.7497926],[129.1482254,35.7496658],[129.1481964,35.7496534],[129.1481093,35.7496177],[129.148045,35.7495969],[129.1481946,35.7496832],[129.1482101,35.7496898],[129.1485096,35.7498166],[129.1488382,35.7499559],[129.1488605,35.7499349]]]]}},{"type":"Feature","properties":{"UFID":"100035905006A00110100000004520836"},"geometry":{"type":"MultiPolygon","coordinates":[[[[129.1476787,35.737311],[129.1476641,35.7372881],[129.1475514,35.737325],[129.147559,35.7373497],[129.1476787,35.737311]]]]}},{"type":"Feature","properties":{"UFID":"100035905006A00110100000004520861"},"geometry":{"type":"MultiPolygon","coordinates":[[[[129.1479273,35.737186],[129.1479865,35.7371623],[129.147973,35.7371503],[129.1479551,35.7371269],[129.1479482,35.7371253],[129.1479411,35.7371264],[129.1478727,35.7371508],[129.1477536,35.7372034],[129.1477628,35.7372422],[129.1478952,35.7371904],[129.1479191,35.7371837],[129.1479236,35.7371838],[129.1479273,35.737186]]]]}},{"type":"Feature","properties":{"UFID":"100035905006A00110100000004520866"},"geometry":{"type":"MultiPolygon","coordinates":[[[[129.1457757,35.7486658],[129.1457282,35.7486451],[129.1455882,35.7485837],[129.1452907,35.7484593],[129.1449795,35.7483309],[129.1446802,35.7482139],[129.1443994,35.7481103],[129.1441959,35.7480522],[129.1438407,35.7479817],[129.1436082,35.7479409],[129.1435988,35.7479803],[129.1436003,35.7479785],[129.1436032,35.7479759],[129.1436096,35.7479749],[129.1437779,35.7480054],[129.1440619,35.7480572],[129.144222,35.7480918],[129.1443532,35.7481287],[129.1444761,35.7481713],[129.1446341,35.7482267],[129.1446669,35.7482385],[129.1449648,35.7483552],[129.1452757,35.7484834],[129.1455728,35.7486077],[129.1457125,35.7486689],[129.1457356,35.748679],[129.1457534,35.7487494],[129.1457757,35.7486658]]]]}},{"type":"Feature","properties":{"UFID":"100035905006A00110100000004520867"},"geometry":{"type":"MultiPolygon","coordinates":[[[[129.1436082,35.7479409],[129.1435609,35.7479326],[129.1435505,35.7479705],[129.1435988,35.7479803],[129.1436082,35.7479409]]]]}},{"type":"Feature","properties":{"UFID":"100035905006A00110100000004520868"},"geometry":{"type":"MultiPolygon","coordinates":[[[[129.1435505,35.7479705],[129.1435609,35.7479326],[129.1434008,35.7479046],[129.1429247,35.7478224],[129.142752,35.7477994],[129.1426158,35.7477879],[129.1424561,35.7477804],[129.1423559,35.7477809],[129.1422999,35.7477837],[129.1422836,35.7477848],[129.1422764,35.7477855],[129.142263,35.7477868],[129.1422504,35.7477883],[129.1422351,35.7477898],[129.1420667,35.7478104],[129.1417649,35.7478494],[129.141597,35.747872],[129.1415503,35.7478852],[129.1415193,35.7479073],[129.1414832,35.7479384],[129.1414436,35.7479607],[129.1413881,35.747982],[129.1412781,35.748009],[129.1412508,35.7480149],[129.141239,35.7480567],[129.1412584,35.748046],[129.1412739,35.748041],[129.1413535,35.74802],[129.1414487,35.7479926],[129.1415108,35.7479594],[129.1415473,35.747931],[129.1415787,35.7479097],[129.1415865,35.7479055],[129.1415911,35.7479022],[129.1416012,35.7478999],[129.1416061,35.7478995],[129.1419273,35.7478583],[129.1422532,35.7478182],[129.1423111,35.7478156],[129.1424077,35.747812],[129.1424403,35.7478121],[129.1424405,35.7478121],[129.142573,35.747813],[129.1426601,35.7478174],[129.142759,35.7478267],[129.1428616,35.7478391],[129.1429663,35.7478586],[129.1430484,35.747875],[129.1432839,35.7479185],[129.1435463,35.7479638],[129.1435482,35.747965],[129.1435499,35.7479678],[129.1435505,35.7479705]]]]}},{"type":"Feature","properties":{"UFID":"100035905006A00110100000004520889"},"geometry":{"type":"MultiPolygon","coordinates":[[[[129.1479391,35.7372115],[129.1479273,35.737186],[129.1479008,35.7371967],[129.1476641,35.7372881],[129.1476787,35.737311],[129.1479151,35.7372211],[129.1479391,35.7372115]]]]}},{"type":"Feature","properties":{"UFID":"100035905006A00110100000004520898"},"geometry":{"type":"MultiPolygon","coordinates":[[[[129.1480019,35.7371862],[129.1479865,35.7371623],[129.1479273,35.737186],[129.1479391,35.7372115],[129.1480019,35.7371862]]]]}}]}