{"type":"FeatureCollection","features":[{"type":"Feature","properties":{"UFID":"100035901007A00110100000000184738"},"geometry":{"type":"MultiPolygon","coordinates":[[[[129.1531927,35.9866522],[129.1531818,35.9866509],[129.1531853,35.9867497],[129.1531941,35.9867494],[129.1531927,35.9866522]]]]}},{"type":"Feature","properties":{"UFID":"100035901007A00110100000000184739"},"geometry":{"type":"MultiPolygon","coordinates":[[[[129.1533415,35.9865336],[129.1533291,35.986534],[129.1533293,35.986536],[129.1533292,35.9865478],[129.1533256,35.9865639],[129.1533174,35.9865797],[129.1533075,35.9865933],[129.1532951,35.9866064],[129.1532788,35.9866181],[129.1532605,35.9866285],[129.1532411,35.9866359],[129.1532235,35.9866398],[129.1532076,35.9866412],[129.153191,35.9866405],[129.1531927,35.9866522],[129.1532009,35.986652],[129.1532166,35.986651],[129.1532353,35.9866475],[129.1532565,35.9866397],[129.1532764,35.98663],[129.1532963,35.9866182],[129.1533112,35.9866054],[129.1533225,35.986591],[129.1533316,35.986575],[129.1533398,35.9865551],[129.1533415,35.9865394],[129.1533415,35.9865336]]]]}},{"type":"Feature","properties":{"UFID":"100035901007A00110100000000184740"},"geometry":{"type":"MultiPolygon","coordinates":[[[[129.1533291,35.986534],[129.1533279,35.9865229],[129.1531925,35.9865285],[129.153191,35.9865263],[129.1531906,35.9865379],[129.1531915,35.9865374],[129.1533266,35.9865325],[129.1533291,35.986534]]]]}},{"type":"Feature","properties":{"UFID":"100035901007A00110100000000184741"},"geometry":{"type":"MultiPolygon","coordinates":[[[[129.1531906,35.9865379],[129.1531811,35.9865371],[129.1531799,35.9865626],[129.1531805,35.9866037],[129.1531815,35.9866385],[129.153191,35.9866405],[129.1531906,35.9865379]]]]}},{"type":"Feature","properties":{"UFID":"100035901007A00110100000000184742"},"geometry":{"type":"MultiPolygon","coordinates":[[[[129.153191,35.9866405],[129.1531815,35.9866385],[129.1531817,35.9866456],[129.1531818,35.9866509],[129.1531927,35.9866522],[129.153191,35.9866405]]]]}},{"type":"Feature","properties":{"UFID":"100035901007A00110100000000184743"},"geometry":{"type":"MultiPolygon","coordinates":[[[[129.153191,35.9865263],[129.1532009,35.9864299],[129.1532012,35.9864264],[129.1531894,35.9864243],[129.153185,35.9864686],[129.153182,35.9865113],[129.1531815,35.9865266],[129.153191,35.9865263]]]]}},{"type":"Feature","properties":{"UFID":"100035901007A00110100000000184744"},"geometry":{"type":"MultiPolygon","coordinates":[[[[129.153191,35.9865263],[129.1531815,35.9865266],[129.1531811,35.9865371],[129.1531906,35.9865379],[129.153191,35.9865263]]]]}},{"type":"Feature","properties":{"UFID":"100035901007A00110100000000184745"},"geometry":{"type":"MultiPolygon","coordinates":[[[[129.1533415,35.9865336],[129.1533415,35.9865215],[129.1533279,35.9865229],[129.1533291,35.986534],[129.1533415,35.9865336]]]]}},{"type":"Feature","properties":{"UFID":"100035901007A00110100000000184746"},"geometry":{"type":"MultiPolygon","coordinates":[[[[129.1610411,35.9905653],[129.1610273,35.9905683],[129.16107,35.9906312],[129.1609722,35.9906816],[129.1609281,35.9906232],[129.1610227,35.9905708],[129.1610183,35.9905594],[129.1609001,35.9906161],[129.1609588,35.9907032],[129.1610955,35.9906414],[129.1610411,35.9905653]]]]}},{"type":"Feature","properties":{"UFID":"100035901007A00110100000000184747"},"geometry":{"type":"MultiPolygon","coordinates":[[[[129.1611408,35.990514],[129.1611339,35.990504],[129.1610302,35.9905537],[129.1610411,35.9905653],[129.1611408,35.990514]]]]}},{"type":"Feature","properties":{"UFID":"100035901007A00110100000000184748"},"geometry":{"type":"MultiPolygon","coordinates":[[[[129.1610273,35.9905683],[129.1610411,35.9905653],[129.1610302,35.9905537],[129.1610183,35.9905594],[129.1610227,35.9905708],[129.1610273,35.9905683]]]]}},{"type":"Feature","properties":{"UFID":"100035901007A00110100000000184749"},"geometry":{"type":"MultiPolygon","coordinates":[[[[129.1533415,35.9865215],[129.1533379,35.986501],[129.153331,35.9864871],[129.1533212,35.9864711],[129.1533072,35.9864564],[129.1532915,35.9864447],[129.1532745,35.9864336],[129.1532589,35.986427],[129.1532412,35.9864219],[129.1532258,35.9864185],[129.1532115,35.9864167],[129.1532018,35.9864148],[129.1532012,35.9864264],[129.1532132,35.9864265],[129.1532303,35.9864287],[129.153245,35.9864325],[129.1532613,35.9864398],[129.1532769,35.9864481],[129.1532897,35.9864578],[129.1533043,35.9864723],[129.1533164,35.9864905],[129.1533242,35.9865059],[129.1533277,35.9865179],[129.1533279,35.9865229],[129.1533415,35.9865215]]]]}},{"type":"Feature","properties":{"UFID":"100035901007A00110100000000184750"},"geometry":{"type":"MultiPolygon","coordinates":[[[[129.1531908,35.9864132],[129.1532018,35.9864148],[129.153211,35.9863439],[129.1532008,35.9863416],[129.1531968,35.986375],[129.1531908,35.9864132]]]]}},{"type":"Feature","properties":{"UFID":"100035901007A00110100000000184751"},"geometry":{"type":"MultiPolygon","coordinates":[[[[129.1532018,35.9864148],[129.1531908,35.9864132],[129.1531899,35.9864189],[129.1531894,35.9864243],[129.1532012,35.9864264],[129.1532018,35.9864148]]]]}},{"type":"Feature","properties":{"UFID":"100035901006A00110100000000524425"},"geometry":{"type":"MultiPolygon","coordinates":[[[[129.1498557,35.9897461],[129.1498344,35.9897736],[129.1498985,35.9898162],[129.15,35.9898941],[129.1500188,35.989912],[129.1500258,35.9899327],[129.1500263,35.9899744],[129.1500048,35.990028],[129.15,35.990035],[129.1499736,35.990072],[129.1499517,35.9901015],[129.1498517,35.9902105],[129.1497751,35.9902923],[129.1496959,35.990365],[129.1496228,35.9904339],[129.149573,35.990496],[129.1494914,35.9906142],[129.1494313,35.9906925],[129.1494038,35.9907231],[129.1494327,35.9907449],[129.1495017,35.9906621],[129.1495652,35.990569],[129.149635,35.9904644],[129.1496873,35.9904004],[129.1497346,35.9903569],[129.1498025,35.9903],[129.1498779,35.9902272],[129.1499793,35.9901166],[129.15,35.9900887],[129.1500353,35.990039],[129.1500597,35.9899786],[129.150059,35.9899289],[129.1500489,35.9898985],[129.15,35.9898569],[129.1499205,35.9897958],[129.1498602,35.9897558],[129.1498573,35.9897516],[129.1498557,35.9897461]]]]}},{"type":"Feature","properties":{"UFID":"100035901009A00110100000000524434"},"geometry":{"type":"MultiPolygon","coordinates":[[[[129.2007598,35.9975279],[129.2007323,35.9975071],[129.2000993,35.9980679],[129.199939,35.99821],[129.1998561,35.9982809],[129.1998753,35.9982939],[129.2,35.998185],[129.2000635,35.998129],[129.200657,35.9976116],[129.2007598,35.9975279]]]]}},{"type":"Feature","properties":{"UFID":"100035901007A00110100000000524437"},"geometry":{"type":"MultiPolygon","coordinates":[[[[129.1725021,36.0003013],[129.17246,36.0001438],[129.1724298,36.0],[129.1724245,35.9999807],[129.1724016,35.9999057],[129.1723538,35.9997736],[129.1723116,35.9996721],[129.1722398,35.999513],[129.1722027,35.999433],[129.172198,35.9994154],[129.1721567,35.9994231],[129.1721838,35.999489],[129.1722252,35.9995808],[129.1722721,35.999689],[129.1723164,35.9997977],[129.1723584,35.9999048],[129.1723776,35.9999702],[129.1723858,36.0],[129.1724273,36.0001489],[129.1724601,36.0003058],[129.1725021,36.0003013]]]]}},{"type":"Feature","properties":{"UFID":"100035901007A00110100000000524438"},"geometry":{"type":"MultiPolygon","coordinates":[[[[129.1723651,36.0005323],[129.1723587,36.0004869],[129.1723134,36.0002715],[129.1722533,36.0000952],[129.172235,36.0000171],[129.1722291,36.0],[129.1721978,35.9999106],[129.1721289,35.9997609],[129.1720866,35.9996638],[129.1720508,35.9995896],[129.1720356,35.999554],[129.1720113,35.9995189],[129.1719849,35.9994807],[129.1719446,35.9995841],[129.1719793,35.9995752],[129.1719833,35.9995755],[129.1720182,35.9996305],[129.1720817,35.9997562],[129.1721341,35.9998764],[129.1721498,35.9999166],[129.1721806,36.0],[129.1722159,36.0001036],[129.1722754,36.0002784],[129.1723202,36.0004913],[129.1723265,36.0005361],[129.1723651,36.0005323]]]]}},{"type":"Feature","properties":{"UFID":"100035901008A00110100000000524439"},"geometry":{"type":"MultiPolygon","coordinates":[[[[129.1760568,36.0000378],[129.1760761,36.0000805],[129.1760752,36.0000723],[129.1760772,36.0000688],[129.1760822,36.0000648],[129.1760949,36.0000612],[129.1761102,36.00006],[129.1761809,36.0000522],[129.1762864,36.0000407],[129.1764658,36.0000024],[129.1764744,36.0],[129.1765729,35.9999729],[129.1766618,35.9999409],[129.1767612,35.9999027],[129.1768936,35.9998483],[129.177067,35.9997744],[129.1771413,35.9997493],[129.1771638,35.9997441],[129.177181,35.9997432],[129.1772301,35.9997445],[129.1773292,35.999757],[129.1774844,35.9997892],[129.1776966,35.9998551],[129.1777453,35.9998683],[129.1777681,35.9998671],[129.1778022,35.9998815],[129.1778064,35.9998924],[129.1779248,35.9999434],[129.1780568,36.0],[129.1780959,36.0000168],[129.1781438,36.000037],[129.1781765,36.0000518],[129.1782981,36.0001287],[129.1784886,36.0002483],[129.178678,36.0003664],[129.178823,36.0004529],[129.1788914,36.0004804],[129.1789102,36.0004843],[129.1789304,36.0004865],[129.1789445,36.0004872],[129.1789617,36.0004871],[129.1789788,36.0004847],[129.1790145,36.0004619],[129.178994,36.0004471],[129.1789771,36.0004572],[129.1789674,36.0004603],[129.1789557,36.0004631],[129.1789398,36.0004648],[129.1789234,36.0004652],[129.1789107,36.0004646],[129.178899,36.0004629],[129.1788875,36.0004609],[129.1788655,36.000451],[129.1788065,36.0004193],[129.1786538,36.0003241],[129.1784884,36.0002201],[129.178277,36.0000861],[129.1781739,36.0000258],[129.1781222,36.0],[129.1781095,35.9999937],[129.178016,35.9999518],[129.1778908,35.9999016],[129.1778001,35.9998623],[129.177711,35.9998318],[129.17757,35.9997857],[129.1774995,35.9997665],[129.1773826,35.9997424],[129.1772972,35.9997265],[129.1772432,35.9997172],[129.1771998,35.9997127],[129.1771805,35.9997126],[129.1771645,35.9997126],[129.1771391,35.999715],[129.1771027,35.9997238],[129.1769024,35.999814],[129.1766287,35.9999269],[129.1765517,35.9999517],[129.1764718,35.999974],[129.1764012,35.9999921],[129.1763615,36.0],[129.1763415,36.000004],[129.176276,36.0000156],[129.176202,36.000025],[129.176127,36.0000313],[129.1760568,36.0000378]]]]}},{"type":"Feature","properties":{"UFID":"100036913097A00110100000000524440"},"geometry":{"type":"MultiPolygon","coordinates":[[[[129.1719446,35.9995841],[129.1718621,35.9994586],[129.1717614,35.9995745],[129.1716483,35.9996993],[129.1716159,35.9997359],[129.1714587,35.999916],[129.1714199,35.9999597],[129.1714112,36.0],[129.1711609,36.0002508],[129.1708538,36.0006129],[129.1705666,36.0009282],[129.1705448,36.0009513],[129.170619,36.0010103],[129.1706341,36.0009928],[129.1712105,36.0003417],[129.1712437,36.0003082],[129.1713603,36.0001733],[129.1714821,36.0],[129.1715521,35.9999547],[129.1716058,35.9998928],[129.1717715,35.9997066],[129.1718705,35.9995955],[129.1719056,35.9996163],[129.1719446,35.9995841]]]]}},{"type":"Feature","properties":{"UFID":"100035901008A00110100000000524448"},"geometry":{"type":"MultiPolygon","coordinates":[[[[129.1879301,35.9977083],[129.1878756,35.9976464],[129.1878767,35.9976697],[129.1878705,35.9977281],[129.1878623,35.9977526],[129.1878527,35.9977659],[129.1877383,35.9979252],[129.1877109,35.9979634],[129.1876378,35.9980597],[129.1876716,35.99808],[129.1876957,35.9980393],[129.1877641,35.9979508],[129.1877782,35.9979303],[129.1878883,35.9977703],[129.1878914,35.9977658],[129.1879301,35.9977083]]]]}},{"type":"Feature","properties":{"UFID":"100035901017A00110100000000524824"},"geometry":{"type":"MultiPolygon","coordinates":[[[[129.1640193,35.9683683],[129.1640895,35.9684492],[129.1640894,35.9684265],[129.1640907,35.9684157],[129.1640962,35.968402],[129.1641262,35.9683701],[129.1641823,35.9683389],[129.164166,35.9683061],[129.1640427,35.9683694],[129.1640361,35.9683717],[129.1640284,35.9683717],[129.1640193,35.9683683]]]]}},{"type":"Feature","properties":{"UFID":"100035901017A00110100000000524825"},"geometry":{"type":"MultiPolygon","coordinates":[[[[129.1653318,35.9692928],[129.1653218,35.9693003],[129.1653177,35.9693021],[129.1653125,35.9693047],[129.1653102,35.9693054],[129.1653029,35.9693049],[129.1652974,35.9693025],[129.1651964,35.9692245],[129.1651271,35.9691715],[129.165063,35.9691387],[129.1648434,35.969038],[129.1646783,35.9689688],[129.1646116,35.9689349],[129.1645428,35.9688833],[129.1643703,35.9687214],[129.1642734,35.9686374],[129.1641224,35.9685159],[129.1641042,35.968494],[129.1640937,35.9684708],[129.1640895,35.9684492],[129.1640435,35.9684711],[129.1640732,35.9685164],[129.1641238,35.9685681],[129.1642581,35.9686792],[129.1644618,35.9688793],[129.1645625,35.9689471],[129.1646775,35.9690067],[129.1648504,35.9690777],[129.1650112,35.9691555],[129.165122,35.9692197],[129.1652059,35.9692828],[129.1652846,35.9693513],[129.1653356,35.9694024],[129.1653318,35.9692928]]]]}},{"type":"Feature","properties":{"UFID":"100035901017A00110100000000524826"},"geometry":{"type":"MultiPolygon","coordinates":[[[[129.1640895,35.9684492],[129.1640193,35.9683683],[129.1639922,35.9684006],[129.164037,35.9684612],[129.1640435,35.9684711],[129.1640895,35.9684492]]]]}},{"type":"Feature","properties":{"UFID":"100035901017A00110100000000524827"},"geometry":{"type":"MultiPolygon","coordinates":[[[[129.1640193,35.9683683],[129.1639788,35.9683365],[129.1638992,35.9682772],[129.1637758,35.9681697],[129.1637003,35.9680996],[129.1636748,35.9680608],[129.1636261,35.9679502],[129.163607,35.9679212],[129.1635967,35.9679126],[129.1634969,35.9678414],[129.1634631,35.9678063],[129.1634179,35.9677308],[129.1633699,35.9676641],[129.1633275,35.967616],[129.1633039,35.9675877],[129.1632198,35.9675198],[129.1631198,35.9674244],[129.1630142,35.9673115],[129.1629836,35.9672719],[129.162948,35.967196],[129.1629047,35.9670941],[129.1628675,35.9671043],[129.1629465,35.9672633],[129.1629732,35.9673085],[129.1630162,35.967364],[129.1630942,35.9674475],[129.1632096,35.9675548],[129.1633017,35.9676328],[129.1633534,35.9676962],[129.1634113,35.9677851],[129.1635011,35.967881],[129.1635718,35.967935],[129.1635812,35.9679452],[129.163596,35.9679639],[129.1636448,35.9680719],[129.1636865,35.968129],[129.1638285,35.9682515],[129.1639159,35.9683249],[129.1639722,35.9683734],[129.1639922,35.9684006],[129.1640193,35.9683683]]]]}},{"type":"Feature","properties":{"UFID":"100035901017A00110100000000524828"},"geometry":{"type":"MultiPolygon","coordinates":[[[[129.164926,35.9686884],[129.1649174,35.9686342],[129.1648158,35.9686393],[129.1648161,35.9686915],[129.164926,35.9686884]]]]}},{"type":"Feature","properties":{"UFID":"100035901017A00110100000000524829"},"geometry":{"type":"MultiPolygon","coordinates":[[[[129.1515554,35.9628822],[129.1515107,35.9628742],[129.1513898,35.9628468],[129.1513098,35.9628331],[129.1512939,35.9628227],[129.1512776,35.9628043],[129.1512238,35.962731],[129.15119,35.9627138],[129.1511265,35.9627046],[129.1510258,35.962696],[129.1510224,35.9627228],[129.1511219,35.9627314],[129.1511779,35.9627395],[129.1511993,35.9627505],[129.1512498,35.9628192],[129.1512697,35.9628416],[129.1512952,35.9628581],[129.1514071,35.9628766],[129.1515464,35.9629079],[129.1515554,35.9628822]]]]}},{"type":"Feature","properties":{"UFID":"100035901017A00110100000000524830"},"geometry":{"type":"MultiPolygon","coordinates":[[[[129.1516071,35.9628915],[129.1515554,35.9628822],[129.1515464,35.9629079],[129.1515956,35.9629174],[129.1516071,35.9628915]]]]}},{"type":"Feature","properties":{"UFID":"100035901017A00110100000000524831"},"geometry":{"type":"MultiPolygon","coordinates":[[[[129.1522333,35.9627791],[129.1522154,35.962756],[129.1521636,35.9627904],[129.1521081,35.962828],[129.1520477,35.9628448],[129.1519639,35.9628512],[129.1519553,35.9628523],[129.1519318,35.9628544],[129.1518673,35.9628733],[129.1518014,35.9629025],[129.1517865,35.9629054],[129.1517799,35.9629065],[129.1517578,35.9629083],[129.1517532,35.9629086],[129.1516958,35.9629051],[129.1516907,35.9629048],[129.1516245,35.9628947],[129.1516071,35.9628915],[129.1515956,35.9629174],[129.151669,35.9629232],[129.1517448,35.9629327],[129.1517562,35.9629339],[129.1517678,35.9629345],[129.1517881,35.9629343],[129.1518137,35.962928],[129.1518623,35.9629058],[129.1519268,35.9628809],[129.1519446,35.9628761],[129.1519589,35.9628741],[129.1520111,35.9628693],[129.1520847,35.9628639],[129.1520991,35.9628606],[129.1521627,35.9628185],[129.1522131,35.9627907],[129.1522166,35.9627899],[129.1522333,35.9627791]]]]}},{"type":"Feature","properties":{"UFID":"100035901007A00110100000000524913"},"geometry":{"type":"MultiPolygon","coordinates":[[[[129.1692544,35.9902396],[129.169251,35.9902846],[129.1692547,35.9902809],[129.1692588,35.9902774],[129.1692719,35.9902719],[129.1692807,35.9902707],[129.169312,35.9902701],[129.1697848,35.9902956],[129.1698703,35.9903015],[129.1698758,35.9903031],[129.1698804,35.9903048],[129.1699298,35.9903262],[129.1699625,35.9903535],[129.1699897,35.9903399],[129.1699318,35.9902937],[129.1699196,35.9902882],[129.1699106,35.990285],[129.1698944,35.990283],[129.169642,35.9902687],[129.1693716,35.9902502],[129.1692544,35.9902396]]]]}},{"type":"Feature","properties":{"UFID":"100035901007A00110100000000524914"},"geometry":{"type":"MultiPolygon","coordinates":[[[[129.1692544,35.9902396],[129.1692072,35.9902354],[129.1692043,35.9902634],[129.169251,35.9902846],[129.1692544,35.9902396]]]]}},{"type":"Feature","properties":{"UFID":"100035901007A00110100000000524915"},"geometry":{"type":"MultiPolygon","coordinates":[[[[129.1692879,35.9904599],[129.1692779,35.9904282],[129.1692641,35.9903874],[129.1692519,35.9903342],[129.1692472,35.9902968],[129.1692481,35.9902896],[129.169251,35.9902846],[129.1692043,35.9902634],[129.1692051,35.9902648],[129.169205,35.9902707],[129.1692127,35.9903238],[129.1692318,35.990394],[129.1692402,35.9904188],[129.1692444,35.9904392],[129.1692401,35.9904607],[129.1692879,35.9904599]]]]}},{"type":"Feature","properties":{"UFID":"100035901007A00110100000000524916"},"geometry":{"type":"MultiPolygon","coordinates":[[[[129.1692072,35.9902354],[129.1691032,35.9902201],[129.169032,35.9902118],[129.1689987,35.9902085],[129.1688754,35.9901718],[129.1688605,35.990167],[129.1688432,35.990228],[129.1688515,35.9902261],[129.1688608,35.9902257],[129.1688777,35.9902261],[129.1689652,35.9902324],[129.1690276,35.9902386],[129.1690979,35.9902468],[129.1691979,35.9902623],[129.1692043,35.9902634],[129.1692072,35.9902354]]]]}},{"type":"Feature","properties":{"UFID":"100035901007A00110100000000524917"},"geometry":{"type":"MultiPolygon","coordinates":[[[[129.159905,35.9925305],[129.1598523,35.9925124],[129.159852,35.9925099],[129.1598519,35.9925061],[129.1597606,35.992683],[129.1598156,35.992701],[129.159905,35.9925305]]]]}},{"type":"Feature","properties":{"UFID":"100035901007A00110100000000524918"},"geometry":{"type":"MultiPolygon","coordinates":[[[[129.159966,35.9924638],[129.1598824,35.9924487],[129.1598778,35.9924567],[129.1598519,35.9925061],[129.159852,35.9925099],[129.1598523,35.9925124],[129.159905,35.9925305],[129.159966,35.9924638]]]]}},{"type":"Feature","properties":{"UFID":"100035901007A00110100000000524919"},"geometry":{"type":"MultiPolygon","coordinates":[[[[129.1608669,35.9914218],[129.160823,35.9913665],[129.1607924,35.9913832],[129.1606186,35.9915126],[129.1604756,35.9916432],[129.1603417,35.99179],[129.1601407,35.992033],[129.1599953,35.9922495],[129.1598824,35.9924487],[129.159966,35.9924638],[129.1599664,35.9924518],[129.1600847,35.9922617],[129.1602349,35.99204],[129.1604269,35.9918094],[129.160575,35.9916525],[129.1607317,35.9915127],[129.1608414,35.9914407],[129.1608669,35.9914218]]]]}},{"type":"Feature","properties":{"UFID":"100035901007A00110100000000524920"},"geometry":{"type":"MultiPolygon","coordinates":[[[[129.1612807,35.9817257],[129.1613293,35.9816618],[129.1612732,35.9816315],[129.1605981,35.9818003],[129.1605346,35.9818136],[129.160493,35.9818155],[129.1604842,35.9818153],[129.1604759,35.9818128],[129.1604722,35.981811],[129.1604335,35.9817855],[129.1604173,35.9817727],[129.1604032,35.9817541],[129.160393,35.9817302],[129.1603723,35.9817348],[129.160405,35.9817834],[129.1604518,35.9818464],[129.160457,35.9818482],[129.1604638,35.9818486],[129.1605192,35.9818415],[129.1605898,35.9818313],[129.1607476,35.9817933],[129.1611885,35.9816811],[129.1612807,35.9817257]]]]}},{"type":"Feature","properties":{"UFID":"100035901007A00110100000000524921"},"geometry":{"type":"MultiPolygon","coordinates":[[[[129.1613161,35.9817411],[129.1612807,35.9817257],[129.1612067,35.9818027],[129.1610932,35.9819267],[129.1610333,35.9820117],[129.1609502,35.9821422],[129.1608307,35.9823442],[129.1607679,35.9824454],[129.1607094,35.9825308],[129.1606897,35.9825593],[129.160669,35.9825848],[129.1606439,35.9826108],[129.1606233,35.9826298],[129.1606018,35.9826451],[129.1605886,35.9826501],[129.1605755,35.9826526],[129.1606538,35.9826789],[129.1607974,35.9824578],[129.1608605,35.9823561],[129.1609799,35.9821542],[129.1610625,35.9820247],[129.161121,35.9819416],[129.1612202,35.9818349],[129.161253,35.9818037],[129.1613161,35.9817411]]]]}},{"type":"Feature","properties":{"UFID":"100035901007A00110100000000524922"},"geometry":{"type":"MultiPolygon","coordinates":[[[[129.1613672,35.9817008],[129.1613293,35.9816618],[129.1612807,35.9817257],[129.1613161,35.9817411],[129.1613386,35.9817188],[129.1613672,35.9817008]]]]}},{"type":"Feature","properties":{"UFID":"100035901007A00110100000000524923"},"geometry":{"type":"MultiPolygon","coordinates":[[[[129.1619422,35.9811413],[129.161905,35.9811074],[129.1618645,35.9811489],[129.1618366,35.981178],[129.1618136,35.9812082],[129.1617845,35.9812547],[129.1617586,35.9812972],[129.161727,35.9813538],[129.1616972,35.9814045],[129.1616717,35.9814381],[129.1616421,35.9814668],[129.1616046,35.9814959],[129.1615555,35.9815346],[129.1614749,35.9815842],[129.1614218,35.9816165],[129.1614008,35.981628],[129.1613293,35.9816618],[129.1613672,35.9817008],[129.1613694,35.9816994],[129.1613751,35.9816958],[129.1613971,35.9816811],[129.1614277,35.9816608],[129.1614463,35.9816484],[129.1614834,35.9816237],[129.1615672,35.9815737],[129.161654,35.981505],[129.161714,35.9814373],[129.1617598,35.9813594],[129.1618134,35.981282],[129.1618402,35.9812436],[129.1618805,35.9811986],[129.1619422,35.9811413]]]]}},{"type":"Feature","properties":{"UFID":"100035901007A00110100000000524924"},"geometry":{"type":"MultiPolygon","coordinates":[[[[129.158473,35.994741],[129.1584618,35.9946873],[129.1584088,35.9946928],[129.1584119,35.9947586],[129.158473,35.994741]]]]}},{"type":"Feature","properties":{"UFID":"100035901007A00110100000000524925"},"geometry":{"type":"MultiPolygon","coordinates":[[[[129.1584088,35.9946928],[129.158374,35.9946965],[129.1583062,35.9946947],[129.1582999,35.9946934],[129.1582551,35.994687],[129.1582073,35.994688],[129.1581093,35.9946805],[129.158053,35.9946717],[129.1580123,35.9946597],[129.1579998,35.9946552],[129.1579636,35.9946394],[129.1579288,35.9946269],[129.1578397,35.9946014],[129.157622,35.9945551],[129.1575964,35.9945707],[129.1577234,35.9945981],[129.1578469,35.9946278],[129.1578799,35.994638],[129.1579369,35.9946636],[129.1580052,35.9946919],[129.1580665,35.9947092],[129.1581566,35.9947241],[129.158233,35.9947315],[129.1583459,35.9947375],[129.1583549,35.9947379],[129.1584119,35.9947586],[129.1584088,35.9946928]]]]}},{"type":"Feature","properties":{"UFID":"100035901007A00110100000000524926"},"geometry":{"type":"MultiPolygon","coordinates":[[[[129.158473,35.994741],[129.1584119,35.9947586],[129.1584207,35.994764],[129.1584573,35.9947882],[129.1584775,35.9948014],[129.1585022,35.9948084],[129.1585267,35.994812],[129.1585394,35.9948122],[129.1585521,35.9948111],[129.1585708,35.994809],[129.1586792,35.9948018],[129.1587276,35.9947975],[129.1587501,35.9947957],[129.1587788,35.9947952],[129.1588961,35.9948024],[129.1589872,35.9948155],[129.1590948,35.9948287],[129.1591878,35.9948459],[129.1592774,35.9948582],[129.1593597,35.9948692],[129.1593752,35.9948739],[129.1593845,35.9948778],[129.1593901,35.9948836],[129.1593914,35.9948944],[129.1593885,35.9949],[129.1593694,35.994913],[129.1593272,35.9949248],[129.1592724,35.9949334],[129.1592032,35.9949417],[129.1591417,35.9949462],[129.1591314,35.9949468],[129.1590694,35.9949655],[129.1589929,35.9949894],[129.1588526,35.9950403],[129.1588667,35.9950658],[129.1589107,35.9950472],[129.1589735,35.9950224],[129.1590418,35.9949947],[129.1590963,35.9949795],[129.1591426,35.994973],[129.1592211,35.9949614],[129.159289,35.9949532],[129.1593394,35.9949476],[129.1593618,35.994944],[129.1593818,35.9949367],[129.1594037,35.9949304],[129.1594173,35.9949254],[129.1594265,35.9949193],[129.1594371,35.9949105],[129.1594425,35.9949012],[129.1594447,35.9948872],[129.1594439,35.9948755],[129.1594369,35.9948626],[129.1594194,35.9948544],[129.1593404,35.9948449],[129.159253,35.9948311],[129.1591624,35.9948215],[129.1590766,35.9948102],[129.1589849,35.9947971],[129.1588614,35.9947848],[129.1587978,35.9947757],[129.1587803,35.9947728],[129.1587515,35.9947728],[129.1586634,35.9947816],[129.1585782,35.9947895],[129.1585644,35.9947897],[129.1585435,35.9947898],[129.158526,35.99479],[129.1585126,35.9947898],[129.1585034,35.9947893],[129.1584924,35.9947842],[129.1584856,35.9947809],[129.1584752,35.9947714],[129.1584707,35.9947661],[129.1584665,35.994758],[129.1584667,35.9947531],[129.158473,35.994741]]]]}},{"type":"Feature","properties":{"UFID":"100035901007A00110100000000524927"},"geometry":{"type":"MultiPolygon","coordinates":[[[[129.1595275,35.9946136],[129.1595196,35.9945807],[129.1594575,35.9945824],[129.1593862,35.9945861],[129.159315,35.9945882],[129.1592396,35.9945912],[129.1591719,35.9945942],[129.1590589,35.9945996],[129.1590486,35.9946003],[129.15904,35.9946056],[129.1590298,35.9946099],[129.1590231,35.9946106],[129.1589861,35.9946118],[129.1589322,35.9946139],[129.1588796,35.9946158],[129.1588355,35.9946193],[129.1587809,35.9946256],[129.1587244,35.9946356],[129.1586686,35.9946469],[129.1586075,35.9946601],[129.1585265,35.9946805],[129.1584618,35.9946873],[129.158473,35.994741],[129.1584932,35.9947241],[129.1585675,35.9946952],[129.1586543,35.9946761],[129.1587546,35.9946535],[129.1588748,35.994639],[129.1589569,35.9946377],[129.1589851,35.9946377],[129.1590093,35.9946376],[129.1590405,35.9946312],[129.1591254,35.9946229],[129.1592331,35.9946209],[129.1593135,35.9946192],[129.1593844,35.994616],[129.1594571,35.994615],[129.1594845,35.9946145],[129.159507,35.9946137],[129.1595275,35.9946136]]]]}},{"type":"Feature","properties":{"UFID":"100035901008A00110100000000524985"},"geometry":{"type":"MultiPolygon","coordinates":[[[[129.1998753,35.9982939],[129.1998561,35.9982809],[129.1998174,35.9983141],[129.1998374,35.9983271],[129.1998753,35.9982939]]]]}},{"type":"Feature","properties":{"UFID":"100035901008A00110100000000524986"},"geometry":{"type":"MultiPolygon","coordinates":[[[[129.1994112,35.9986992],[129.1998374,35.9983271],[129.1998174,35.9983141],[129.1997058,35.9984096],[129.199459,35.9986263],[129.1993548,35.9987139],[129.1994112,35.9986992]]]]}},{"type":"Feature","properties":{"UFID":"100035901008A00110100000000524987"},"geometry":{"type":"MultiPolygon","coordinates":[[[[129.1998561,35.9982809],[129.1998208,35.9982573],[129.1997988,35.9981462],[129.1997544,35.997916],[129.1996972,35.9976335],[129.1996707,35.9974935],[129.1996648,35.997462],[129.1996393,35.997465],[129.1996456,35.9974975],[129.1997366,35.9979316],[129.1997995,35.9982491],[129.1998038,35.9983048],[129.1998174,35.9983141],[129.1998561,35.9982809]]]]}},{"type":"Feature","properties":{"UFID":"100035901008A00110100000000524988"},"geometry":{"type":"MultiPolygon","coordinates":[[[[129.1996648,35.997462],[129.1996153,35.9971983],[129.1996125,35.9971684],[129.1996122,35.9971639],[129.1996137,35.9971579],[129.199617,35.9971492],[129.1996199,35.9971412],[129.1996295,35.9971298],[129.1996346,35.9971259],[129.1996399,35.9971227],[129.1995636,35.9971251],[129.1995729,35.99714],[129.1995805,35.9971564],[129.1996103,35.9973152],[129.1996393,35.997465],[129.1996648,35.997462]]]]}},{"type":"Feature","properties":{"UFID":"100035901008A00110100000000524989"},"geometry":{"type":"MultiPolygon","coordinates":[[[[129.1944659,35.9991172],[129.1944436,35.9990117],[129.1943763,35.9986794],[129.1943503,35.9986822],[129.1943508,35.9986845],[129.1944303,35.9991279],[129.1944659,35.9991172]]]]}},{"type":"Feature","properties":{"UFID":"100035901008A00110100000000524990"},"geometry":{"type":"MultiPolygon","coordinates":[[[[129.1943763,35.9986794],[129.1943467,35.998533],[129.1942996,35.9983067],[129.1942852,35.9982188],[129.1942642,35.9981137],[129.1942366,35.9979413],[129.1941791,35.99793],[129.1941841,35.9979347],[129.1941908,35.9979395],[129.1941991,35.9979787],[129.1942366,35.9981338],[129.1942697,35.998298],[129.1943079,35.9984776],[129.1943503,35.9986822],[129.1943763,35.9986794]]]]}},{"type":"Feature","properties":{"UFID":"100035901008A00110100000000524992"},"geometry":{"type":"MultiPolygon","coordinates":[[[[129.1776177,35.9995915],[129.1775963,35.9995735],[129.1776002,35.9995836],[129.1775254,35.9996706],[129.177517,35.9996756],[129.177509,35.9996782],[129.1774994,35.9996797],[129.17749,35.9996797],[129.1773522,35.9996547],[129.1773282,35.9996486],[129.1773239,35.9996605],[129.1774288,35.9996842],[129.1775233,35.9996972],[129.1775304,35.9996958],[129.1775349,35.9996929],[129.1776177,35.9995915]]]]}},{"type":"Feature","properties":{"UFID":"100035901008A00110100000000524993"},"geometry":{"type":"MultiPolygon","coordinates":[[[[129.1780201,35.999146],[129.1779956,35.9991273],[129.1778837,35.9992551],[129.1777497,35.9993979],[129.1775963,35.9995735],[129.1776177,35.9995915],[129.1776267,35.9995805],[129.1777629,35.9994306],[129.177899,35.9992808],[129.1780201,35.999146]]]]}},{"type":"Feature","properties":{"UFID":"100035901007A00110100000000524994"},"geometry":{"type":"MultiPolygon","coordinates":[[[[129.1721873,35.9992941],[129.172198,35.9994154],[129.1722145,35.9993996],[129.1722818,35.9994076],[129.1724165,35.9994031],[129.1727531,35.9993934],[129.173101,35.9993871],[129.1734019,35.9993805],[129.1735429,35.9993777],[129.1735567,35.999379],[129.1736249,35.999391],[129.1736608,35.9994027],[129.1736976,35.9994218],[129.1737383,35.99945],[129.1737757,35.9994863],[129.1737829,35.9995279],[129.1738654,35.9995116],[129.1738049,35.9994623],[129.1737107,35.9993898],[129.1736545,35.9993639],[129.1736494,35.9993623],[129.1735885,35.9993568],[129.1734627,35.9993558],[129.1731992,35.9993648],[129.1729664,35.9993695],[129.1726014,35.9993773],[129.1723794,35.9993841],[129.1722457,35.9993674],[129.1721873,35.9992941]]]]}},{"type":"Feature","properties":{"UFID":"100035901007A00110100000000524995"},"geometry":{"type":"MultiPolygon","coordinates":[[[[129.172198,35.9994154],[129.1721873,35.9992941],[129.1721301,35.9993439],[129.1721567,35.9994231],[129.172198,35.9994154]]]]}},{"type":"Feature","properties":{"UFID":"100035901007A00110100000000524996"},"geometry":{"type":"MultiPolygon","coordinates":[[[[129.1721873,35.9992941],[129.1722047,35.9992743],[129.172174,35.9992505],[129.1721202,35.9993294],[129.1721301,35.9993439],[129.1721873,35.9992941]]]]}},{"type":"Feature","properties":{"UFID":"100035901008A00110100000000524997"},"geometry":{"type":"MultiPolygon","coordinates":[[[[129.1763349,35.9898528],[129.1763067,35.9898508],[129.176296,35.9898501],[129.1762722,35.9898511],[129.1762463,35.9898552],[129.1762199,35.989863],[129.176185,35.9898787],[129.1762123,35.9899355],[129.1762125,35.9899417],[129.1761798,35.9900264],[129.1761652,35.9900562],[129.1761331,35.9901291],[129.1761793,35.9901497],[129.1761795,35.9901294],[129.1761799,35.9901231],[129.1761973,35.990071],[129.1762098,35.9900454],[129.1762633,35.9899308],[129.1762891,35.9898872],[129.1763139,35.9898647],[129.1763349,35.9898528]]]]}},{"type":"Feature","properties":{"UFID":"100035901008A00110100000000524998"},"geometry":{"type":"MultiPolygon","coordinates":[[[[129.176185,35.9898787],[129.1762067,35.9898382],[129.1761735,35.9898518],[129.1761443,35.9898679],[129.1761187,35.9898863],[129.176098,35.9899064],[129.1760883,35.9899191],[129.176058,35.9899572],[129.1760395,35.9899811],[129.1760313,35.9899926],[129.1760068,35.9900257],[129.1759723,35.9900692],[129.1758843,35.9901826],[129.1757936,35.9902997],[129.1756887,35.9904334],[129.1755384,35.9906234],[129.1754579,35.9907246],[129.1754881,35.9907364],[129.1755664,35.9906381],[129.1757168,35.990448],[129.1758217,35.9903142],[129.1759124,35.990197],[129.1760004,35.9900838],[129.1760279,35.9900491],[129.1760627,35.9900024],[129.1760679,35.9899951],[129.176086,35.9899718],[129.1761163,35.9899336],[129.176125,35.9899223],[129.1761426,35.9899052],[129.1761648,35.9898893],[129.176185,35.9898787]]]]}},{"type":"Feature","properties":{"UFID":"100035901008A00110100000000524999"},"geometry":{"type":"MultiPolygon","coordinates":[[[[129.1763349,35.9898528],[129.1763351,35.9898256],[129.1763093,35.9898238],[129.1762964,35.9898231],[129.1762681,35.9898242],[129.1762373,35.9898291],[129.1762067,35.9898382],[129.176185,35.9898787],[129.1762199,35.989863],[129.1762463,35.9898552],[129.1762722,35.9898511],[129.176296,35.9898501],[129.1763067,35.9898508],[129.1763349,35.9898528]]]]}},{"type":"Feature","properties":{"UFID":"100035901008A00110100000000525000"},"geometry":{"type":"MultiPolygon","coordinates":[[[[129.1774747,35.9901207],[129.1773655,35.9900894],[129.177143,35.9900292],[129.1769547,35.9899788],[129.1767543,35.9899279],[129.176594,35.9898839],[129.1764195,35.9898398],[129.1763683,35.9898306],[129.1763351,35.9898256],[129.1763349,35.9898528],[129.1763617,35.9898571],[129.176411,35.9898659],[129.1765838,35.9899096],[129.176744,35.9899536],[129.1769445,35.9900045],[129.1771325,35.9900548],[129.1773547,35.990115],[129.1774645,35.9901465],[129.1774747,35.9901207]]]]}},{"type":"Feature","properties":{"UFID":"100035901006A00110100000004404163"},"geometry":{"type":"MultiPolygon","coordinates":[[[[129.1500221,35.9838768],[129.1500139,35.9838745],[129.15,35.9838705],[129.1497717,35.9838032],[129.1496194,35.9839537],[129.1496991,35.9840332],[129.1498437,35.9841246],[129.15,35.9842221],[129.1500364,35.9842448],[129.1501395,35.9843091],[129.1500221,35.9838768]]]]}},{"type":"Feature","properties":{"UFID":"100035901007A00110100000004440748"},"geometry":{"type":"MultiPolygon","coordinates":[[[[129.1503415,35.984113],[129.1503296,35.984089],[129.1501349,35.983908],[129.1501237,35.9839031],[129.1501041,35.983887],[129.1500327,35.9838683],[129.1500338,35.9838733],[129.1500298,35.9838759],[129.1500221,35.9838768],[129.1501395,35.9843091],[129.150166,35.9843256],[129.1503415,35.984113]]]]}},{"type":"Feature","properties":{"UFID":"100035901018A00110100000004440838"},"geometry":{"type":"MultiPolygon","coordinates":[[[[129.199902,35.9683382],[129.1998893,35.9683385],[129.199879,35.9683385],[129.199866,35.9683368],[129.1998497,35.9683278],[129.1998379,35.9683179],[129.1998293,35.9683035],[129.1998277,35.9682954],[129.1998274,35.9682896],[129.1998281,35.9682676],[129.1997653,35.9682961],[129.1997836,35.9683084],[129.1998,35.9683211],[129.1998124,35.9683344],[129.1998224,35.9683462],[129.199829,35.9683537],[129.199847,35.968363],[129.1998704,35.9683743],[129.199902,35.9683382]]]]}},{"type":"Feature","properties":{"UFID":"100035901018A00110100000004440839"},"geometry":{"type":"MultiPolygon","coordinates":[[[[129.1999843,35.9684125],[129.199902,35.9683382],[129.1998704,35.9683743],[129.1998729,35.9683755],[129.1998921,35.9683886],[129.1999144,35.9684051],[129.1999345,35.9684217],[129.19995,35.9684369],[129.1999843,35.9684125]]]]}},{"type":"Feature","properties":{"UFID":"100035901017A00110100000004440840"},"geometry":{"type":"MultiPolygon","coordinates":[[[[129.1744952,35.9649419],[129.1744796,35.96501],[129.1746132,35.965026],[129.1746313,35.9650286],[129.174635,35.9650295],[129.1748279,35.9650591],[129.1749319,35.9650619],[129.1749404,35.9650642],[129.1749425,35.9650656],[129.1749739,35.965051],[129.1749561,35.96504],[129.174938,35.965035],[129.1748317,35.9650321],[129.1746429,35.9650032],[129.1746377,35.9650019],[129.1745596,35.964978],[129.1744952,35.9649419]]]]}},{"type":"Feature","properties":{"UFID":"100035901017A00110100000004440843"},"geometry":{"type":"MultiPolygon","coordinates":[[[[129.1749629,35.9578441],[129.1748914,35.9578179],[129.1748708,35.9578522],[129.1749451,35.9578834],[129.1749629,35.9578441]]]]}},{"type":"Feature","properties":{"UFID":"100035901008A00110100000004440879"},"geometry":{"type":"MultiPolygon","coordinates":[[[[129.1958903,35.9999553],[129.1958559,35.9998858],[129.1957367,35.9999059],[129.195776,35.9999699],[129.1958903,35.9999553]]]]}},{"type":"Feature","properties":{"UFID":"100035901008A00110100000004440880"},"geometry":{"type":"MultiPolygon","coordinates":[[[[129.1963367,35.9999221],[129.1963087,35.9998014],[129.1962829,35.9998242],[129.1961099,35.9998429],[129.1958559,35.9998858],[129.1958903,35.9999553],[129.1960057,35.9999339],[129.1962923,35.9998894],[129.1963367,35.9999221]]]]}},{"type":"Feature","properties":{"UFID":"100035901008A00110100000004440881"},"geometry":{"type":"MultiPolygon","coordinates":[[[[129.1964612,35.9997978],[129.1964295,35.99973],[129.1963087,35.9998014],[129.1963367,35.9999221],[129.1964612,35.9997978]]]]}},{"type":"Feature","properties":{"UFID":"100035901008A00110100000004440882"},"geometry":{"type":"MultiPolygon","coordinates":[[[[129.189968,35.9990738],[129.18994,35.9990446],[129.189937,35.9990578],[129.1899216,35.999154],[129.1899084,35.9992147],[129.1899004,35.9992545],[129.1898979,35.9992725],[129.1898968,35.9993064],[129.1898981,35.9993375],[129.1898969,35.9993623],[129.1898956,35.9993726],[129.1898882,35.9994131],[129.1898735,35.9994736],[129.1898504,35.9995578],[129.1898396,35.9996588],[129.1898383,35.9997636],[129.1898461,35.9998414],[129.189852,35.9998965],[129.1898518,35.9999119],[129.18985,35.9999205],[129.1898477,35.9999286],[129.1898457,35.9999346],[129.1898377,35.9999381],[129.1896793,35.9999668],[129.1896873,35.9999931],[129.1898496,35.9999637],[129.1898739,35.9999527],[129.1898799,35.9999352],[129.1898826,35.9999259],[129.1898851,35.9999144],[129.1898854,35.9998956],[129.1898793,35.9998391],[129.1898715,35.9997626],[129.1898729,35.9996602],[129.1898834,35.999562],[129.1899061,35.9994788],[129.189921,35.9994178],[129.1899286,35.999376],[129.1899301,35.9993643],[129.1899314,35.9993375],[129.1899301,35.9993063],[129.1899311,35.9992743],[129.1899334,35.9992582],[129.1899412,35.9992192],[129.1899545,35.9991581],[129.189968,35.9990738]]]]}},{"type":"Feature","properties":{"UFID":"100035901008A00110100000004440883"},"geometry":{"type":"MultiPolygon","coordinates":[[[[129.1841179,35.9993059],[129.18389,35.9992987],[129.1838911,35.9993159],[129.1838715,35.9994007],[129.1838289,35.9994685],[129.1837721,35.9995505],[129.1836779,35.9996628],[129.1834732,35.9998902],[129.1836639,35.9999104],[129.1837581,35.9997793],[129.1839729,35.9995597],[129.1839923,35.9995314],[129.1840122,35.9994988],[129.1840298,35.9994712],[129.1840412,35.9994448],[129.184053,35.9994127],[129.184062,35.9993805],[129.1840747,35.9993521],[129.1840873,35.9993321],[129.1840995,35.9993191],[129.1841179,35.9993059]]]]}},{"type":"Feature","properties":{"UFID":"100035901008A00110100000004440884"},"geometry":{"type":"MultiPolygon","coordinates":[[[[129.1836639,35.9999104],[129.1834732,35.9998902],[129.1834307,35.9999578],[129.1836187,35.9999734],[129.1836639,35.9999104]]]]}},{"type":"Feature","properties":{"UFID":"100035901007A00110100000004440885"},"geometry":{"type":"MultiPolygon","coordinates":[[[[129.1744475,35.9922876],[129.1744222,35.9923213],[129.174438,35.9923219],[129.1745525,35.9923328],[129.174573,35.9923358],[129.1745983,35.9923407],[129.1747003,35.9923657],[129.174706,35.9923667],[129.1747108,35.992364],[129.1749124,35.9920904],[129.1749456,35.9920504],[129.17492,35.9920377],[129.1747105,35.9922858],[129.1746935,35.9923013],[129.1746633,35.9923075],[129.1746101,35.9923082],[129.1745867,35.9923073],[129.1745557,35.9923061],[129.1745194,35.992302],[129.1744816,35.9922967],[129.1744477,35.9922876],[129.1744475,35.9922876]]]]}},{"type":"Feature","properties":{"UFID":"100035901027A00110100000004441142"},"geometry":{"type":"MultiPolygon","coordinates":[[[[129.1567704,35.9516099],[129.1567644,35.951581],[129.156762,35.9515505],[129.1567624,35.9515342],[129.1567658,35.9514935],[129.1567761,35.9514125],[129.1567822,35.9513803],[129.1567962,35.9512802],[129.156803,35.9511974],[129.1568103,35.9511259],[129.1568161,35.9510718],[129.1568165,35.951053],[129.156813,35.9510125],[129.1568053,35.9509793],[129.156787,35.9509277],[129.1567783,35.9509033],[129.1567525,35.9508317],[129.1567454,35.9508063],[129.1567246,35.950736],[129.1567191,35.9507124],[129.1566985,35.9506408],[129.1566798,35.950596],[129.1566494,35.950543],[129.1566275,35.9505079],[129.1565575,35.9504165],[129.156539,35.9503955],[129.1564942,35.9503449],[129.1564145,35.9502721],[129.1563328,35.9502179],[129.1562906,35.9501879],[129.1562724,35.9501641],[129.1562633,35.9501327],[129.1562603,35.9501048],[129.1562674,35.9500868],[129.1563063,35.9500416],[129.1563487,35.9500005],[129.1563863,35.9499663],[129.1564201,35.949934],[129.1564577,35.9498801],[129.1564645,35.9498645],[129.1564794,35.9497971],[129.1564722,35.9496977],[129.1564631,35.9496595],[129.1564454,35.9496199],[129.1564207,35.9495673],[129.1563835,35.949475],[129.1563634,35.9494246],[129.1562984,35.9493586],[129.1562783,35.9493381],[129.1562095,35.9492417],[129.1561927,35.9492122],[129.1561891,35.9491963],[129.1561915,35.949181],[129.1562002,35.9491561],[129.1562204,35.9491099],[129.1562385,35.9490669],[129.1562576,35.9490281],[129.1562665,35.9490176],[129.1562747,35.9489965],[129.1562772,35.9489871],[129.1562757,35.9489713],[129.1562624,35.9489402],[129.1562114,35.9488751],[129.1561632,35.9488191],[129.1561186,35.9487705],[129.1560838,35.9487311],[129.1560638,35.9487017],[129.15605,35.9486685],[129.1560252,35.9486091],[129.1559981,35.9485419],[129.1559684,35.9484791],[129.1559411,35.9484274],[129.1559326,35.9484128],[129.1559217,35.9483849],[129.1559173,35.9483574],[129.155919,35.948335],[129.1559227,35.9483137],[129.1559305,35.948293],[129.155941,35.9482653],[129.155955,35.9482354],[129.1559614,35.948213],[129.155929,35.9482069],[129.1559231,35.9482274],[129.1559095,35.9482566],[129.1558987,35.9482851],[129.1558902,35.9483078],[129.1558858,35.9483321],[129.1558839,35.9483583],[129.1558891,35.9483907],[129.1559015,35.9484227],[129.1559108,35.9484385],[129.1559375,35.9484893],[129.1559667,35.9485509],[129.1559936,35.9486176],[129.1560185,35.9486771],[129.1560332,35.9487128],[129.1560557,35.9487456],[129.1560918,35.9487865],[129.1561362,35.948835],[129.1561838,35.9488901],[129.1562323,35.9489521],[129.1562429,35.9489768],[129.1562437,35.9489853],[129.1562426,35.9489895],[129.1562362,35.9490056],[129.156228,35.9490154],[129.1562074,35.9490575],[129.1561891,35.9491009],[129.1561685,35.9491478],[129.1561588,35.9491755],[129.1561554,35.949197],[129.1561608,35.9492206],[129.1561799,35.9492541],[129.1562507,35.9493534],[129.1562725,35.9493755],[129.1563337,35.9494376],[129.1563518,35.9494835],[129.1563895,35.9495763],[129.1564142,35.9496294],[129.1564309,35.9496668],[129.1564391,35.9497011],[129.156446,35.9497955],[129.1564323,35.9498576],[129.1564274,35.9498687],[129.1563927,35.9499184],[129.1563612,35.9499485],[129.1563041,35.9500005],[129.156286,35.9500166],[129.1562268,35.9500821],[129.156221,35.9501055],[129.1562196,35.9501331],[129.1562224,35.9501624],[129.156236,35.9501935],[129.1563021,35.950232],[129.1563113,35.9502386],[129.1563915,35.9502917],[129.1564682,35.9503619],[129.15653,35.9504316],[129.1565985,35.9505212],[129.1566193,35.9505545],[129.1566489,35.9506061],[129.1566665,35.9506482],[129.1566866,35.950718],[129.1566921,35.9507416],[129.156713,35.9508124],[129.1567203,35.9508385],[129.1567464,35.9509109],[129.1567551,35.9509352],[129.1567729,35.9509856],[129.15678,35.951016],[129.1567833,35.9510537],[129.1567829,35.9510704],[129.1567772,35.9511236],[129.1567698,35.9511954],[129.1567631,35.9512778],[129.1567493,35.9513767],[129.1567431,35.9514091],[129.1567327,35.9514912],[129.1567291,35.9515331],[129.1567288,35.9515511],[129.1567313,35.9515841],[129.1567382,35.9516172],[129.156739,35.9516189],[129.1567704,35.9516099]]]]}},{"type":"Feature","properties":{"UFID":"100035901018A00110100000004441153"},"geometry":{"type":"MultiPolygon","coordinates":[[[[129.1777747,35.9527975],[129.1777709,35.9527948],[129.1777702,35.9527916],[129.1777732,35.9527648],[129.1777984,35.9526649],[129.1778482,35.9525715],[129.1779191,35.9524871],[129.1781054,35.952308],[129.1781757,35.9521872],[129.1782736,35.9519931],[129.1783303,35.9519143],[129.1784238,35.9518126],[129.1784802,35.9517102],[129.1785429,35.9514954],[129.1786136,35.9511762],[129.1786514,35.9509011],[129.1786506,35.9508352],[129.1786468,35.9507895],[129.1786436,35.9507699],[129.1786396,35.9507596],[129.1785809,35.9506535],[129.1784576,35.9504812],[129.1783369,35.9502906],[129.17827,35.9501338],[129.1782349,35.9500003],[129.1782179,35.9499553],[129.1781258,35.9498372],[129.1779813,35.9496626],[129.1778857,35.9495298],[129.1777034,35.9493141],[129.1776452,35.9492742],[129.1774895,35.9491771],[129.1772587,35.949058],[129.1771564,35.9490018],[129.1770822,35.9489631],[129.1769943,35.9488965],[129.1769546,35.9488682],[129.1769264,35.9488466],[129.1767785,35.9486166],[129.1766719,35.9484271],[129.1766507,35.9483616],[129.176654,35.9483216],[129.1766564,35.948301],[129.1766682,35.9482446],[129.1766801,35.9482226],[129.1766932,35.9482075],[129.176708,35.948196],[129.1768807,35.9480886],[129.176983,35.9480141],[129.1770443,35.9479436],[129.1771112,35.9478414],[129.1771178,35.9477532],[129.1771207,35.9476773],[129.1770995,35.9475862],[129.1770812,35.9475209],[129.1770463,35.9474871],[129.1770125,35.947456],[129.1770013,35.9474475],[129.1769885,35.9474354],[129.1769699,35.9474189],[129.1769593,35.9474112],[129.1769391,35.9473952],[129.1769006,35.9473878],[129.1768358,35.9473838],[129.1768008,35.9473899],[129.1767845,35.9474001],[129.1767675,35.9474137],[129.1767687,35.9474578],[129.176776,35.9474766],[129.176833,35.9475419],[129.176853,35.9475824],[129.1768525,35.9476079],[129.1768468,35.9476312],[129.176826,35.9476811],[129.176742,35.9477559],[129.1762808,35.9480709],[129.1760873,35.9482504],[129.1760246,35.9484058],[129.176003,35.9485249],[129.1760054,35.9486074],[129.1760692,35.9487987],[129.1761596,35.948958],[129.1762466,35.9490874],[129.1763392,35.9491722],[129.1764893,35.9492749],[129.1766564,35.949369],[129.1768513,35.949446],[129.1770572,35.9495404],[129.1772233,35.9496398],[129.1773309,35.9497639],[129.1773505,35.9498041],[129.1773708,35.9498457],[129.1774211,35.9499664],[129.1774352,35.9500002],[129.1774859,35.9501215],[129.1775364,35.9502507],[129.1775825,35.9503885],[129.177565,35.9505147],[129.1774988,35.9506171],[129.1774288,35.9507051],[129.1773636,35.9508405],[129.1773521,35.9509756],[129.1773234,35.9511359],[129.1772958,35.9512875],[129.177252,35.9513791],[129.1771268,35.9514695],[129.1769269,35.9515451],[129.1767591,35.9516079],[129.1766291,35.9516793],[129.1765205,35.951815],[129.1764118,35.9518841],[129.1762966,35.9518882],[129.1760622,35.9518464],[129.1757896,35.9518058],[129.1755701,35.9517694],[129.1754875,35.9517252],[129.1753999,35.9516648],[129.1753317,35.9516554],[129.1752583,35.9516588],[129.1750552,35.9516801],[129.175,35.9516928],[129.1748038,35.9517382],[129.1744552,35.9518085],[129.1744216,35.9519146],[129.1744648,35.9519274],[129.1744991,35.9518723],[129.1746135,35.9518179],[129.174809,35.9517758],[129.175,35.9517355],[129.1750201,35.9517313],[129.1752317,35.9517044],[129.1752984,35.9517072],[129.1753867,35.9517226],[129.1754681,35.9517586],[129.175536,35.9517943],[129.1757431,35.951834],[129.1758547,35.9518578],[129.1759643,35.9518819],[129.1760615,35.9519004],[129.1762206,35.9519323],[129.1762827,35.9519425],[129.1763556,35.9519516],[129.1764845,35.9519382],[129.1765499,35.9519065],[129.1765983,35.9518585],[129.1766633,35.9517564],[129.176697,35.9517132],[129.1767912,35.9516414],[129.1768926,35.9516078],[129.1769587,35.9515856],[129.1771176,35.9515276],[129.1772468,35.9514618],[129.1772998,35.9514151],[129.1773444,35.9513339],[129.1773682,35.9512637],[129.1773834,35.9511947],[129.1773876,35.9511441],[129.1773892,35.9510072],[129.1773907,35.9509791],[129.1773908,35.9509779],[129.1774018,35.9508475],[129.1774635,35.9507195],[129.1775324,35.9506331],[129.1776027,35.9505241],[129.1776219,35.950386],[129.1775736,35.9502418],[129.1775228,35.9501118],[129.1774761,35.9500002],[129.1774578,35.9499563],[129.1774071,35.9498349],[129.1773866,35.9497926],[129.1773653,35.9497489],[129.1772513,35.9496174],[129.1770783,35.9495138],[129.1768693,35.9494181],[129.1766761,35.9493417],[129.176513,35.9492498],[129.1763665,35.9491495],[129.1762786,35.9490691],[129.1761943,35.9489438],[129.1761058,35.9487878],[129.176044,35.9486028],[129.1760419,35.9485268],[129.1760626,35.9484131],[129.1761216,35.9482664],[129.176308,35.9480935],[129.1767688,35.9477787],[129.1768602,35.9476975],[129.1768844,35.9476393],[129.1768912,35.9476113],[129.176892,35.9475766],[129.1768674,35.9475267],[129.1768111,35.9474623],[129.1768072,35.9474525],[129.1768066,35.9474266],[129.17681,35.947424],[129.1768175,35.9474193],[129.1768384,35.9474155],[129.1768946,35.9474191],[129.1769198,35.9474239],[129.1769328,35.9474342],[129.1769426,35.9474414],[129.1769595,35.9474564],[129.1769732,35.9474693],[129.1769846,35.947478],[129.177017,35.9475076],[129.1770455,35.9475353],[129.1770615,35.9475927],[129.1770818,35.9476798],[129.1770791,35.9477517],[129.1770731,35.9478327],[129.1770112,35.947927],[129.1769538,35.947993],[129.1768559,35.9480643],[129.1766828,35.948172],[129.1766638,35.9481868],[129.1766461,35.9482071],[129.1766309,35.9482354],[129.1766178,35.9482969],[129.1766153,35.9483191],[129.1766114,35.9483646],[129.1766352,35.9484378],[129.1767437,35.9486305],[129.1768951,35.9488658],[129.1769285,35.9488916],[129.1769683,35.9489199],[129.1770583,35.9489882],[129.1771351,35.9490281],[129.1772375,35.9490844],[129.1774673,35.949203],[129.177621,35.9492989],[129.1776744,35.9493355],[129.1778529,35.9495467],[129.1779484,35.9496793],[129.1780933,35.9498545],[129.1781824,35.9499686],[129.1781952,35.9500003],[129.1782325,35.9501423],[129.1783012,35.9503031],[129.1784236,35.9504964],[129.1785464,35.9506679],[129.1786033,35.9507709],[129.1786056,35.9507768],[129.1786082,35.9507927],[129.178612,35.9508364],[129.1786126,35.9508994],[129.1785751,35.9511717],[129.1785049,35.9514889],[129.1784434,35.9517],[129.1783902,35.9517964],[129.1782979,35.9518969],[129.1782388,35.9519791],[129.1781402,35.9521745],[129.1780724,35.9522908],[129.1778882,35.952468],[129.177814,35.9525562],[129.1777612,35.9526554],[129.1777347,35.9527602],[129.1777305,35.9527981],[129.1777261,35.9528138],[129.1777747,35.9527975]]]]}},{"type":"Feature","properties":{"UFID":"100035901028A00110100000004441155"},"geometry":{"type":"MultiPolygon","coordinates":[[[[129.1760789,35.9417408],[129.1760203,35.9417707],[129.1760716,35.9418204],[129.1761004,35.9418505],[129.1761222,35.9418713],[129.17619,35.9419333],[129.1762411,35.941977],[129.1762658,35.9419993],[129.1763229,35.9420495],[129.1763838,35.9421062],[129.1763982,35.9421202],[129.1764403,35.942168],[129.1764808,35.9422201],[129.176497,35.9422418],[129.1765401,35.9422975],[129.1765757,35.9423485],[129.1766132,35.9423944],[129.176633,35.9424143],[129.1766794,35.9424631],[129.1767239,35.9425097],[129.1767639,35.9425522],[129.1767919,35.9425902],[129.1768015,35.9426052],[129.1768314,35.9426576],[129.1768596,35.9427165],[129.1768861,35.942773],[129.1769115,35.9428194],[129.1769217,35.9428338],[129.1769421,35.9428621],[129.1769719,35.9428973],[129.1769871,35.9429106],[129.1770041,35.9429239],[129.1770216,35.9429365],[129.1771703,35.9430415],[129.1772027,35.9430645],[129.1772444,35.9430926],[129.1772784,35.9431208],[129.1772925,35.9431336],[129.1773184,35.94316],[129.1773411,35.9431889],[129.1773496,35.9432022],[129.1773704,35.9432387],[129.1773937,35.943282],[129.1774183,35.9433316],[129.17743,35.9433556],[129.1774566,35.9434209],[129.1774888,35.9434969],[129.1774983,35.9435226],[129.1775202,35.9435866],[129.1775255,35.9436054],[129.1775316,35.943639],[129.1775331,35.9436548],[129.1775332,35.943661],[129.177533,35.943675],[129.1775259,35.94371],[129.1775074,35.9437778],[129.1774973,35.9438134],[129.1774699,35.9439022],[129.1774452,35.9439864],[129.1774372,35.9440158],[129.1774225,35.944082],[129.1774153,35.9441484],[129.1774118,35.9441819],[129.1774015,35.9442703],[129.1774006,35.9442868],[129.1773974,35.9443463],[129.1773973,35.9443581],[129.1773969,35.9443636],[129.1773947,35.9443732],[129.1773914,35.9444303],[129.1773893,35.9444566],[129.1773894,35.9445209],[129.1773905,35.9445906],[129.1773902,35.9446489],[129.1773872,35.9446751],[129.1773735,35.9447803],[129.1773638,35.9448401],[129.1773541,35.9449326],[129.1773366,35.945037],[129.177313,35.9451509],[129.1773043,35.9451897],[129.1772775,35.9452944],[129.1772591,35.945375],[129.1772544,35.9454021],[129.1772447,35.9454667],[129.1772406,35.9455278],[129.1772402,35.9455806],[129.1772462,35.9456364],[129.1772486,35.9456528],[129.1772674,35.9457141],[129.1772765,35.9457359],[129.1772821,35.9457524],[129.1773144,35.9458576],[129.1773215,35.9458841],[129.1773432,35.9459556],[129.1773495,35.9459755],[129.1773577,35.9460023],[129.1773812,35.9460837],[129.1774025,35.9461552],[129.1774296,35.946233],[129.1774388,35.9462579],[129.1774561,35.9463001],[129.177478,35.9463463],[129.1774887,35.9463641],[129.1775196,35.9464105],[129.1775563,35.9464491],[129.1775967,35.9464836],[129.1776409,35.9465152],[129.1777076,35.946557],[129.1777805,35.9465973],[129.1778675,35.9466514],[129.1779095,35.946684],[129.1779253,35.9466991],[129.1779536,35.946732],[129.1779815,35.9467676],[129.1780107,35.9468161],[129.1780347,35.9468616],[129.1780457,35.9469318],[129.1780505,35.9469843],[129.1780546,35.9470644],[129.1780631,35.9471445],[129.1780694,35.9471928],[129.1780806,35.9472447],[129.1780953,35.9472908],[129.178109,35.9473385],[129.1781127,35.9473821],[129.178102,35.947441],[129.1780823,35.9475153],[129.1780564,35.9475951],[129.178029,35.9476871],[129.1780036,35.947788],[129.1779935,35.947862],[129.1779905,35.9479515],[129.1779954,35.9480327],[129.1780059,35.9481008],[129.1780273,35.9482102],[129.1780463,35.9483138],[129.1780574,35.9483607],[129.1780733,35.9484552],[129.1780883,35.9485404],[129.178101,35.9486179],[129.1781045,35.9486427],[129.1781156,35.9487104],[129.1781189,35.9487262],[129.1781297,35.9487655],[129.1781443,35.9487982],[129.1781681,35.9488393],[129.1781795,35.9488571],[129.17821,35.948898],[129.1782233,35.9489129],[129.1782721,35.9489589],[129.1783189,35.9489984],[129.178338,35.949017],[129.1783391,35.9490182],[129.1783451,35.9490339],[129.1783459,35.9490383],[129.1783489,35.9490553],[129.1783499,35.949077],[129.1783501,35.9490844],[129.1783448,35.9491194],[129.1783325,35.9491811],[129.1783266,35.9492506],[129.1783258,35.9492722],[129.1783272,35.9492935],[129.1783326,35.9493227],[129.1783405,35.9493492],[129.1783454,35.9493631],[129.1783757,35.9494058],[129.1784202,35.9494604],[129.1784684,35.9495208],[129.1785095,35.9495802],[129.1785219,35.9496011],[129.1785589,35.9496726],[129.1786051,35.9497687],[129.1786462,35.9498547],[129.1786639,35.9498881],[129.1787091,35.9499735],[129.1787233,35.9500003],[129.1787545,35.9500538],[129.1788132,35.950158],[129.1788265,35.9501777],[129.178858,35.9502116],[129.1789203,35.9502477],[129.1790121,35.9502979],[129.179104,35.9503454],[129.1791726,35.9503842],[129.1792153,35.9504126],[129.1792248,35.9504194],[129.1793182,35.9504899],[129.1794008,35.9505488],[129.1794652,35.9505938],[129.1794916,35.950616],[129.1794939,35.9506212],[129.1795022,35.9506399],[129.1795034,35.9506785],[129.1794823,35.9507067],[129.1794731,35.9507258],[129.1794408,35.9507751],[129.1794291,35.9507923],[129.179404,35.9508337],[129.1793916,35.9508565],[129.179333,35.9510233],[129.1793253,35.9510433],[129.1792981,35.951109],[129.1792929,35.9511189],[129.1792798,35.9511367],[129.1792497,35.9511582],[129.1792036,35.9511904],[129.1791878,35.9512006],[129.1791811,35.9512091],[129.1791228,35.9512769],[129.1790793,35.9513438],[129.1790626,35.9513713],[129.1790301,35.9514265],[129.1789929,35.9514875],[129.1789793,35.9515077],[129.1789636,35.9515319],[129.1789133,35.9516054],[129.1788977,35.9516276],[129.1788408,35.9517179],[129.1788318,35.9517357],[129.1788041,35.9517821],[129.1787949,35.951798],[129.1787651,35.9518364],[129.1787292,35.9518772],[129.1786418,35.9519609],[129.1785403,35.952062],[129.1784612,35.9521384],[129.178447,35.9521513],[129.1783799,35.9522022],[129.1783242,35.952246],[129.1782669,35.9522983],[129.1782486,35.9523164],[129.1781958,35.9523617],[129.1781343,35.9524068],[129.178065,35.9524497],[129.178011,35.9524854],[129.1779678,35.9525188],[129.1779186,35.9525679],[129.1778843,35.9526095],[129.1778488,35.9526657],[129.1778085,35.9527514],[129.1777993,35.9527775],[129.1777921,35.9527869],[129.1777858,35.9527938],[129.177781,35.952797],[129.1777747,35.9527975],[129.1777888,35.9529357],[129.1777875,35.9528858],[129.1777921,35.9528729],[129.1777991,35.9528564],[129.1778091,35.9528404],[129.1778227,35.9528089],[129.17784,35.95276],[129.1778792,35.9526768],[129.177913,35.9526233],[129.1779454,35.952584],[129.1779923,35.9525372],[129.178033,35.9525058],[129.1780855,35.952471],[129.1781555,35.9524276],[129.178219,35.952381],[129.1782735,35.9523344],[129.1782922,35.9523159],[129.1783482,35.9522647],[129.1784028,35.9522218],[129.1784708,35.9521702],[129.1784863,35.9521562],[129.1785659,35.9520793],[129.1786673,35.9519782],[129.1787555,35.9518938],[129.1787927,35.9518515],[129.1788241,35.951811],[129.1788341,35.9517938],[129.1788621,35.9517468],[129.178871,35.9517292],[129.178927,35.9516404],[129.1789423,35.9516187],[129.1789928,35.9515447],[129.1790086,35.9515205],[129.1790224,35.9515],[129.17906,35.9514383],[129.1790925,35.9513832],[129.1791089,35.9513561],[129.1791512,35.951291],[129.1792088,35.9512241],[129.1792128,35.9512189],[129.1792248,35.9512112],[129.1792715,35.9511786],[129.1793056,35.9511543],[129.1793226,35.9511313],[129.1793292,35.9511186],[129.179357,35.9510516],[129.1793648,35.951031],[129.179423,35.9508657],[129.1794341,35.9508451],[129.1794586,35.9508048],[129.1794701,35.9507881],[129.1795033,35.9507371],[129.1795122,35.9507188],[129.1795368,35.9506858],[129.1795353,35.9506349],[129.1795251,35.950612],[129.1795204,35.9506014],[129.1794881,35.9505741],[129.1794226,35.9505284],[129.1793404,35.9504698],[129.1792471,35.9503993],[129.1792368,35.950392],[129.1791926,35.9503626],[129.1791225,35.9503229],[129.1790303,35.9502753],[129.1789392,35.9502254],[129.1788815,35.950192],[129.1788545,35.950163],[129.178843,35.9501459],[129.1787849,35.9500428],[129.1787655,35.9500003],[129.1787448,35.9499611],[129.1786995,35.9498756],[129.1786821,35.9498428],[129.1786413,35.9497573],[129.1785949,35.9496607],[129.1785572,35.9495881],[129.1785439,35.9495656],[129.1785016,35.9495045],[129.1784527,35.9494431],[129.1784087,35.9493892],[129.1783814,35.9493507],[129.178378,35.9493411],[129.1783707,35.9493166],[129.1783658,35.9492903],[129.1783647,35.9492719],[129.1783654,35.9492522],[129.178371,35.9491847],[129.1783832,35.9491239],[129.178389,35.949086],[129.1783886,35.949076],[129.1783875,35.9490525],[129.1783843,35.9490338],[129.178383,35.9490269],[129.1783744,35.9490043],[129.178369,35.948998],[129.1783478,35.9489773],[129.1783008,35.9489376],[129.1782537,35.9488933],[129.1782423,35.9488805],[129.1782133,35.9488416],[129.1782028,35.9488253],[129.1781801,35.9487861],[129.178167,35.9487566],[129.178157,35.9487202],[129.178154,35.9487057],[129.178143,35.9486388],[129.1781395,35.948614],[129.1781267,35.948536],[129.1781117,35.9484508],[129.1780957,35.9483556],[129.1780846,35.9483085],[129.1780656,35.9482054],[129.1780443,35.9480963],[129.1780341,35.94803],[129.1780293,35.9479511],[129.1780322,35.9478642],[129.178042,35.9477929],[129.1780669,35.947694],[129.1780941,35.9476028],[129.17812,35.9475226],[129.1781402,35.9474467],[129.1781517,35.9473833],[129.1781475,35.9473338],[129.1781329,35.9472833],[129.1781186,35.9472381],[129.1781079,35.9471884],[129.1781017,35.9471414],[129.1780934,35.9470624],[129.1780892,35.9469824],[129.1780843,35.9469286],[129.1780725,35.9468532],[129.1780459,35.9468029],[129.1780154,35.9467522],[129.1779859,35.9467144],[129.1779561,35.9466798],[129.1779378,35.9466623],[129.1778927,35.9466274],[129.1778032,35.9465717],[129.1777304,35.9465314],[129.1776656,35.9464908],[129.1776236,35.9464608],[129.1775857,35.9464285],[129.1775522,35.9463933],[129.1775232,35.9463497],[129.1775136,35.9463337],[129.1774926,35.9462894],[129.1774757,35.9462483],[129.1774668,35.9462242],[129.1774401,35.9461472],[129.1774189,35.9460764],[129.1773954,35.9459949],[129.1773871,35.9459677],[129.1773808,35.9459478],[129.1773593,35.945877],[129.1773522,35.9458505],[129.1773196,35.9457443],[129.1773136,35.9457266],[129.1773046,35.9457052],[129.1772868,35.9456471],[129.1772848,35.9456332],[129.177279,35.9455793],[129.1772794,35.9455287],[129.1772834,35.9454695],[129.1772929,35.9454062],[129.1772974,35.9453801],[129.1773156,35.9453005],[129.1773423,35.9451958],[129.1773512,35.9451563],[129.177375,35.9450417],[129.1773927,35.9449361],[129.1774024,35.9448435],[129.177412,35.944784],[129.1774258,35.9446782],[129.1774289,35.9446504],[129.1774293,35.9445905],[129.1774282,35.9445206],[129.1774281,35.9444576],[129.1774302,35.944432],[129.1774333,35.9443769],[129.1774355,35.9443676],[129.1774361,35.9443591],[129.1774362,35.9443471],[129.1774394,35.9442882],[129.1774402,35.9442725],[129.1774504,35.9441848],[129.1774539,35.9441511],[129.177461,35.9440862],[129.1774752,35.944022],[129.177483,35.9439935],[129.1775076,35.9439097],[129.177535,35.9438208],[129.1775452,35.9437847],[129.177564,35.943716],[129.1775717,35.9436778],[129.177572,35.9436611],[129.1775719,35.9436534],[129.1775702,35.9436354],[129.1775636,35.9435995],[129.1775578,35.9435788],[129.1775356,35.9435138],[129.1775257,35.9434873],[129.1774934,35.9434108],[129.1774664,35.9433449],[129.1774543,35.9433199],[129.1774294,35.9432698],[129.1774058,35.9432258],[129.1773844,35.9431883],[129.1773747,35.9431731],[129.17735,35.9431416],[129.1773221,35.9431132],[129.1773067,35.9430992],[129.1772707,35.9430693],[129.1772278,35.9430405],[129.1771958,35.9430177],[129.1770472,35.9429128],[129.1770304,35.9429007],[129.1770148,35.9428885],[129.1770023,35.9428776],[129.1769748,35.9428452],[129.1769552,35.9428179],[129.1769461,35.9428051],[129.176922,35.942761],[129.1768958,35.9427051],[129.1768671,35.9426453],[129.1768363,35.9425913],[129.1768257,35.9425748],[129.1767961,35.9425344],[129.1767546,35.9424904],[129.17671,35.9424438],[129.1766634,35.9423948],[129.1766446,35.9423757],[129.1766088,35.942332],[129.1765734,35.9422813],[129.1765301,35.9422252],[129.1765138,35.9422034],[129.1764725,35.9421504],[129.1764289,35.9421009],[129.1764133,35.9420857],[129.1763518,35.9420284],[129.1762945,35.9419781],[129.1762696,35.9419556],[129.1762185,35.941912],[129.1761514,35.9418506],[129.1761305,35.9418306],[129.1761161,35.9418156],[129.1761034,35.9417963],[129.1760927,35.9417711],[129.1760789,35.9417408]]]]}},{"type":"Feature","properties":{"UFID":"100035901018A00110100000004441163"},"geometry":{"type":"MultiPolygon","coordinates":[[[[129.1748914,35.9578179],[129.174895,35.9578085],[129.175,35.9576036],[129.175083,35.9574414],[129.1750985,35.9574209],[129.175261,35.957392],[129.1754036,35.9573716],[129.1755442,35.9573278],[129.1756505,35.9572718],[129.1757348,35.9571996],[129.1757775,35.9571254],[129.1757886,35.9569781],[129.1757977,35.9568264],[129.1757938,35.9566249],[129.1757899,35.9565117],[129.1757807,35.9564632],[129.1757799,35.9564503],[129.1757384,35.9563188],[129.17567,35.9562248],[129.1756358,35.9561541],[129.175634,35.9561218],[129.1756416,35.9560688],[129.1756715,35.9560311],[129.1757756,35.9559737],[129.1758556,35.9558979],[129.1758994,35.9558084],[129.1759238,35.9557229],[129.1759268,35.9556959],[129.175944,35.9555698],[129.1759571,35.9553465],[129.1759678,35.9551552],[129.1759793,35.9550137],[129.1759839,35.954904],[129.1759433,35.9548168],[129.1759074,35.954733],[129.1759067,35.9546637],[129.1759243,35.9545997],[129.1759792,35.9545326],[129.1760127,35.9544624],[129.1760196,35.9543761],[129.1759869,35.9542474],[129.1759502,35.9540829],[129.1758701,35.953953],[129.175819,35.9538797],[129.1757777,35.953817],[129.1757198,35.9536842],[129.1756871,35.9535754],[129.175679,35.9535006],[129.1756836,35.9534278],[129.1756853,35.95341],[129.1756973,35.9532858],[129.1757012,35.953244],[129.1757039,35.9532199],[129.1757276,35.9531085],[129.1757688,35.9529881],[129.1758009,35.952876],[129.1758126,35.9527754],[129.1758078,35.9527095],[129.1757442,35.9526437],[129.1756219,35.9525884],[129.1754932,35.9525335],[129.1751794,35.9523614],[129.175,35.952259],[129.174992,35.9522545],[129.174848,35.9522038],[129.1746935,35.9521919],[129.1745681,35.9521796],[129.1744587,35.9521497],[129.1744214,35.9520968],[129.1744215,35.9520202],[129.1743804,35.9520091],[129.1743699,35.9520926],[129.1743827,35.9521416],[129.1744632,35.9521986],[129.1746408,35.9522228],[129.1747842,35.9522435],[129.1748898,35.9522672],[129.175,35.9523157],[129.1750787,35.9523503],[129.1753024,35.9524669],[129.1755141,35.9525878],[129.1756779,35.9526774],[129.1757695,35.9527474],[129.1757633,35.9528582],[129.1757167,35.9529931],[129.1756763,35.9530756],[129.175663,35.9531692],[129.1756598,35.9532703],[129.1756586,35.9532833],[129.1756466,35.9534076],[129.1756449,35.9534258],[129.1756401,35.9535012],[129.1756487,35.9535805],[129.1756826,35.9536932],[129.1757422,35.9538298],[129.1757574,35.9538531],[129.1758354,35.9539754],[129.1759159,35.954135],[129.1759743,35.954414],[129.1759428,35.9544948],[129.175899,35.9545362],[129.1758573,35.9545688],[129.1758249,35.9546104],[129.1758036,35.9546626],[129.1758118,35.9547125],[129.1758763,35.9548314],[129.1759088,35.9548833],[129.1759241,35.954982],[129.1759137,35.9551557],[129.1759056,35.9552542],[129.1759034,35.9553976],[129.1759036,35.9554988],[129.1758959,35.9555979],[129.1758948,35.9556124],[129.1758883,35.9556914],[129.1758853,35.9557179],[129.1758622,35.9557989],[129.175822,35.9558814],[129.1757496,35.95595],[129.1756432,35.9560086],[129.1756041,35.9560579],[129.175595,35.9561208],[129.1755973,35.9561607],[129.175635,35.9562387],[129.1757021,35.956331],[129.1757413,35.9564551],[129.1757469,35.9565394],[129.1757518,35.9566372],[129.1757484,35.9568581],[129.1757344,35.9570536],[129.1756968,35.9571445],[129.1756384,35.9572261],[129.1755165,35.9572989],[129.1750614,35.9573536],[129.175,35.9574782],[129.1748216,35.9578413],[129.1748708,35.9578522],[129.1748914,35.9578179]]]]}},{"type":"Feature","properties":{"UFID":"100035901018A00110100000004441164"},"geometry":{"type":"MultiPolygon","coordinates":[[[[129.1770712,35.9587416],[129.175014,35.9578729],[129.1750483,35.9578021],[129.175,35.9577888],[129.1749947,35.9577874],[129.1749629,35.9578441],[129.1749451,35.9578834],[129.175,35.9579068],[129.1770258,35.9587948],[129.1770712,35.9587416]]]]}},{"type":"Feature","properties":{"UFID":"100035901018A00110100000004441165"},"geometry":{"type":"MultiPolygon","coordinates":[[[[129.1758597,35.9591811],[129.1758487,35.9591697],[129.1758373,35.9591547],[129.1758236,35.9591384],[129.1757933,35.9591153],[129.1757404,35.9590912],[129.1754948,35.9589806],[129.1753975,35.9589437],[129.1753336,35.9589186],[129.1752146,35.9588698],[129.1752014,35.9588634],[129.1751209,35.9588216],[129.1750078,35.9587702],[129.175,35.9587669],[129.1749505,35.9587459],[129.1749596,35.9587885],[129.1749703,35.9587879],[129.1749907,35.9587954],[129.175,35.9588],[129.1750318,35.9588159],[129.1751786,35.9588838],[129.1751987,35.9588935],[129.1753189,35.9589428],[129.175479,35.9590057],[129.1756013,35.9590605],[129.1757237,35.9591153],[129.1757669,35.9591361],[129.1757791,35.9591484],[129.1757932,35.9591663],[129.1758061,35.9591942],[129.1758597,35.9591811]]]]}},{"type":"Feature","properties":{"UFID":"100035901018A00110100000004441166"},"geometry":{"type":"MultiPolygon","coordinates":[[[[129.1758892,35.9592654],[129.1758061,35.9591942],[129.175777,35.959298],[129.1757197,35.959438],[129.1756548,35.9595743],[129.1756278,35.9596182],[129.1755532,35.9597347],[129.175538,35.9597568],[129.1754778,35.9598168],[129.1754125,35.9598745],[129.1753697,35.9598999],[129.1753265,35.9599183],[129.1752419,35.9599355],[129.1751809,35.9599577],[129.1751058,35.9600152],[129.1750419,35.9601166],[129.175,35.9602217],[129.1749402,35.9603725],[129.1748853,35.9605129],[129.1748341,35.9605977],[129.1747484,35.9606849],[129.1747197,35.9607193],[129.1747032,35.9607739],[129.1746954,35.9608388],[129.1746931,35.9609499],[129.1746852,35.9611083],[129.1746731,35.9612621],[129.1746523,35.9614305],[129.1746418,35.9615001],[129.1746842,35.9615156],[129.1746965,35.9614345],[129.1747174,35.961265],[129.1747296,35.9611102],[129.1747374,35.9609509],[129.1747396,35.9608409],[129.174747,35.96078],[129.174761,35.9607342],[129.1747841,35.9607062],[129.1748717,35.9606171],[129.1749266,35.9605263],[129.1749825,35.9603835],[129.175,35.9603391],[129.1750829,35.9601304],[129.1751418,35.9600372],[129.1752057,35.9599881],[129.1752564,35.9599697],[129.1753425,35.9599523],[129.1753932,35.9599306],[129.1754421,35.9599015],[129.1755113,35.9598404],[129.1755749,35.9597772],[129.1755922,35.9597518],[129.1756673,35.9596345],[129.1756954,35.9595888],[129.1757554,35.9594643],[129.1757601,35.9594276],[129.1758073,35.9593217],[129.1758345,35.9592856],[129.1758571,35.959273],[129.1758892,35.9592654]]]]}},{"type":"Feature","properties":{"UFID":"100035901018A00110100000004441170"},"geometry":{"type":"MultiPolygon","coordinates":[[[[129.1748106,35.9636926],[129.1748325,35.9637294],[129.175,35.9636987],[129.1751043,35.9636796],[129.1752182,35.9636628],[129.1753189,35.9636425],[129.1753981,35.9636189],[129.1754145,35.963613],[129.1754315,35.9636088],[129.1754432,35.9636058],[129.1755007,35.9635899],[129.1755179,35.963588],[129.1755242,35.9635879],[129.1755268,35.9635888],[129.1755273,35.9635893],[129.1755277,35.9635903],[129.1755287,35.963594],[129.1755355,35.9636127],[129.1755693,35.9636695],[129.1756214,35.9637213],[129.1756479,35.9637398],[129.1756494,35.9637414],[129.1756454,35.9637544],[129.175672,35.9637799],[129.1756847,35.9637378],[129.1756782,35.9637277],[129.1756727,35.9637215],[129.1756453,35.9637023],[129.1755975,35.9636549],[129.1755666,35.9636029],[129.1755609,35.9635873],[129.1755599,35.9635832],[129.1755566,35.9635751],[129.1755463,35.9635664],[129.1755309,35.9635607],[129.1755153,35.963561],[129.1754931,35.9635635],[129.175433,35.9635801],[129.1754218,35.963583],[129.1754028,35.9635876],[129.1753857,35.9635938],[129.1753091,35.9636166],[129.1752113,35.9636364],[129.1750977,35.9636531],[129.175,35.9636711],[129.1749012,35.9636892],[129.1748273,35.9636957],[129.1748106,35.9636926]]]]}},{"type":"Feature","properties":{"UFID":"100035901016A00110100000004441171"},"geometry":{"type":"MultiPolygon","coordinates":[[[[129.1502073,35.9651869],[129.1502239,35.9651386],[129.1501952,35.9651098],[129.1501153,35.9650126],[129.1500521,35.9649328],[129.1500257,35.9649023],[129.15,35.9648637],[129.1499822,35.9648413],[129.1499407,35.9648062],[129.1499007,35.9647895],[129.1498839,35.9647871],[129.1498118,35.9647838],[129.1495833,35.9647815],[129.1495145,35.9647765],[129.1494869,35.9647712],[129.1494819,35.9647702],[129.1494579,35.9647612],[129.1493794,35.9647244],[129.1493628,35.9647479],[129.1494426,35.9647852],[129.1494709,35.9647959],[129.1494791,35.9647975],[129.1495092,35.9648033],[129.1495816,35.9648085],[129.1498107,35.9648108],[129.1498801,35.964814],[129.14989,35.9648154],[129.1499206,35.9648282],[129.149956,35.9648582],[129.1499725,35.9648789],[129.15,35.9649216],[129.1500049,35.9649252],[129.1500245,35.9649479],[129.1500875,35.9650274],[129.1501323,35.9651019],[129.150186,35.9651887],[129.1502073,35.9651869]]]]}},{"type":"Feature","properties":{"UFID":"100035901018A00110100000004441172"},"geometry":{"type":"MultiPolygon","coordinates":[[[[129.1992931,35.9652127],[129.1993142,35.9652473],[129.199322,35.9652414],[129.1993264,35.9652363],[129.1993486,35.9652061],[129.1993454,35.9651743],[129.1993305,35.9651422],[129.1992983,35.9650912],[129.1992704,35.9650409],[129.1992454,35.9649878],[129.1992219,35.9649393],[129.199195,35.9648911],[129.1991645,35.96485],[129.1991333,35.9648101],[129.1990968,35.9647684],[129.1990613,35.9647376],[129.1990341,35.9647082],[129.1990133,35.9646786],[129.1990086,35.9646472],[129.1990075,35.9646248],[129.1990152,35.9646066],[129.1990327,35.9645904],[129.1990558,35.964578],[129.1990753,35.9645719],[129.1990968,35.9645722],[129.1991397,35.9645748],[129.1992315,35.9645762],[129.1992838,35.9645775],[129.1993348,35.9645774],[129.1993942,35.964574],[129.1994402,35.9645736],[129.1994872,35.9645748],[129.1995334,35.9645784],[129.1995826,35.9645862],[129.1996315,35.9646001],[129.1996921,35.9646211],[129.1997501,35.9646414],[129.1998073,35.9646612],[129.1998678,35.9646794],[129.1998858,35.964684],[129.1999004,35.9646827],[129.1999124,35.964678],[129.1999239,35.9646692],[129.1999337,35.9646573],[129.1999459,35.9646186],[129.1999523,35.9645641],[129.1999581,35.9645022],[129.1999617,35.9644646],[129.1999704,35.9644091],[129.1999811,35.9643584],[129.1999908,35.9643064],[129.2,35.9642625],[129.2000015,35.9642553],[129.2000102,35.9642068],[129.2000215,35.9641547],[129.2000256,35.9641299],[129.2000219,35.9641078],[129.2000155,35.9640851],[129.2000032,35.9640687],[129.2,35.9640655],[129.1999942,35.9640595],[129.199988,35.9640936],[129.1999955,35.9641144],[129.1999952,35.9641338],[129.1999905,35.9641784],[129.1999824,35.9642244],[129.199974,35.964263],[129.1999633,35.9643134],[129.1999564,35.9643455],[129.1999458,35.9643865],[129.1999372,35.9644306],[129.1999338,35.96448],[129.1999317,35.9645298],[129.1999264,35.9645741],[129.1999197,35.964607],[129.1999114,35.9646267],[129.1998992,35.9646383],[129.1998849,35.9646454],[129.1998736,35.9646461],[129.1998358,35.9646423],[129.1998136,35.9646383],[129.1998128,35.9646343],[129.1997342,35.9646077],[129.1996671,35.9645843],[129.1995459,35.9645494],[129.1994975,35.9645464],[129.1994428,35.9645444],[129.1993826,35.9645447],[129.19932,35.9645474],[129.1992682,35.9645503],[129.1992486,35.9645505],[129.1992221,35.9645508],[129.1991966,35.9645521],[129.1991717,35.9645531],[129.1991526,35.9645535],[129.1991349,35.9645536],[129.1991185,35.9645537],[129.1991026,35.9645546],[129.1990881,35.9645553],[129.1990733,35.9645583],[129.1990588,35.9645608],[129.1990424,35.9645633],[129.1990269,35.9645687],[129.1990057,35.9645802],[129.1989967,35.9645898],[129.1989908,35.9645966],[129.1989855,35.9646083],[129.1989827,35.9646206],[129.198982,35.9646334],[129.1989822,35.9646425],[129.1989841,35.9646555],[129.1989924,35.964677],[129.1990029,35.9646915],[129.1990305,35.9647214],[129.1990594,35.9647542],[129.1990931,35.9647922],[129.1991179,35.9648225],[129.1991465,35.9648618],[129.1991749,35.9649079],[129.1992072,35.9649636],[129.1992314,35.9650151],[129.1992546,35.9650589],[129.1992817,35.9651016],[129.1993127,35.9651564],[129.1993135,35.9651656],[129.1993135,35.9651738],[129.1993125,35.9651823],[129.1993096,35.9651905],[129.1993051,35.9651973],[129.1992931,35.9652127]]]]}},{"type":"Feature","properties":{"UFID":"100035901017A00110100000004441173"},"geometry":{"type":"MultiPolygon","coordinates":[[[[129.1507776,35.9678177],[129.1507871,35.9677778],[129.150756,35.9677888],[129.1507029,35.9677999],[129.1505637,35.9678325],[129.1504653,35.9678453],[129.1503648,35.9678555],[129.150347,35.9678434],[129.150329,35.9678318],[129.1503081,35.9678251],[129.1502877,35.9678183],[129.1502659,35.9678135],[129.1502452,35.9678104],[129.1502307,35.9678108],[129.150218,35.9678127],[129.150205,35.9678169],[129.1501764,35.9678277],[129.1501431,35.9678506],[129.1501128,35.9678721],[129.1500802,35.9678914],[129.1500282,35.9679101],[129.15,35.96792],[129.1499687,35.967931],[129.1499038,35.9679534],[129.1498405,35.9679765],[129.1497778,35.9679941],[129.1497173,35.9680135],[129.1496683,35.9680357],[129.1495815,35.9680716],[129.1495247,35.9681446],[129.1495842,35.9681034],[129.1496545,35.9680706],[129.1497346,35.9680369],[129.1498142,35.9680067],[129.1498797,35.9679894],[129.1499527,35.9679612],[129.15,35.9679415],[129.1500285,35.9679296],[129.15008,35.967906],[129.1501374,35.9678812],[129.150181,35.967851],[129.1501878,35.9678469],[129.1502015,35.9678402],[129.1502142,35.9678358],[129.1502267,35.9678346],[129.1502335,35.9678349],[129.1502475,35.9678369],[129.1502577,35.9678419],[129.1502691,35.9678458],[129.1502901,35.9678567],[129.1502693,35.9678655],[129.150313,35.9678885],[129.1504701,35.967872],[129.1505709,35.9678589],[129.1507116,35.967826],[129.1507534,35.9678173],[129.1507603,35.9678179],[129.1507629,35.9678181],[129.1507776,35.9678177]]]]}},{"type":"Feature","properties":{"UFID":"100035901019A00110100000004441174"},"geometry":{"type":"MultiPolygon","coordinates":[[[[129.199902,35.9683382],[129.1999843,35.9684125],[129.1999755,35.9683896],[129.1999726,35.9683683],[129.1999794,35.9683545],[129.2,35.9683285],[129.2000009,35.9683274],[129.2000305,35.9682903],[129.2000681,35.9682487],[129.2001257,35.9681869],[129.2002119,35.9680956],[129.2002428,35.9680694],[129.2001951,35.968037],[129.2001586,35.9680705],[129.2001142,35.968116],[129.2000708,35.9681596],[129.2000276,35.9682136],[129.2,35.9682489],[129.1999851,35.9682681],[129.199937,35.9683196],[129.1999264,35.9683278],[129.1999148,35.9683356],[129.199902,35.9683382]]]]}},{"type":"Feature","properties":{"UFID":"100035901018A00110100000004441175"},"geometry":{"type":"MultiPolygon","coordinates":[[[[129.2000741,35.9685461],[129.2000732,35.9685456],[129.2,35.9685111],[129.1999721,35.9684979],[129.1999273,35.9684734],[129.1998666,35.9684395],[129.1998025,35.9684043],[129.1997484,35.9683724],[129.1997097,35.9683472],[129.1996673,35.9683184],[129.1996282,35.9682909],[129.1995926,35.9682636],[129.1995614,35.9682362],[129.1995328,35.9682108],[129.1995107,35.9681853],[129.1994889,35.9681591],[129.1994779,35.968137],[129.1994436,35.9681494],[129.1994565,35.9681657],[129.1994734,35.96819],[129.1994967,35.9682141],[129.1995319,35.9682499],[129.1995775,35.9682909],[129.1996288,35.9683302],[129.1996868,35.9683735],[129.1997423,35.9684089],[129.1998116,35.9684493],[129.1998817,35.9684869],[129.1999835,35.9685365],[129.2,35.9685445],[129.200057,35.9685726],[129.2000641,35.9685759],[129.2000741,35.9685461]]]]}},{"type":"Feature","properties":{"UFID":"100035901019A00110100000004441176"},"geometry":{"type":"MultiPolygon","coordinates":[[[[129.1999843,35.9684125],[129.19995,35.9684369],[129.1999533,35.9684402],[129.1999724,35.9684565],[129.1999887,35.9684684],[129.2,35.9684747],[129.2000093,35.9684799],[129.2000283,35.9684915],[129.2000473,35.9684992],[129.200059,35.96851],[129.2000668,35.9685221],[129.2000741,35.9685461],[129.2001616,35.96859],[129.2001585,35.9685737],[129.2001505,35.9685518],[129.2001378,35.968529],[129.2001235,35.9685086],[129.2001103,35.9684936],[129.2000936,35.968482],[129.2000536,35.968463],[129.2000348,35.9684531],[129.2000183,35.9684425],[129.2,35.9684299],[129.1999843,35.9684125]]]]}},{"type":"Feature","properties":{"UFID":"100035901017A00110100000004441177"},"geometry":{"type":"MultiPolygon","coordinates":[[[[129.1756297,35.9703643],[129.1755907,35.9703297],[129.1754981,35.9702221],[129.1754456,35.9701745],[129.1754044,35.9701297],[129.175364,35.9700949],[129.1753332,35.9700803],[129.1753126,35.9700727],[129.175283,35.9700675],[129.1752349,35.9700654],[129.1750651,35.9701092],[129.1749624,35.9701158],[129.1748813,35.9701245],[129.1747906,35.9701416],[129.1746506,35.9701717],[129.1746095,35.9701757],[129.1745723,35.9701758],[129.1744156,35.9701797],[129.1742973,35.970179],[129.1742782,35.9701776],[129.1742611,35.9701759],[129.1742089,35.9701686],[129.1741088,35.970149],[129.1740402,35.9701304],[129.1739492,35.9701031],[129.1738583,35.9700639],[129.1737709,35.9700223],[129.173712,35.9699852],[129.1736741,35.9699535],[129.1735247,35.9698249],[129.1733744,35.9696991],[129.1732662,35.9696122],[129.1730946,35.9695224],[129.1730516,35.9696338],[129.1731085,35.9696576],[129.173147,35.9696784],[129.1731692,35.9696905],[129.1732274,35.9697256],[129.1732373,35.9697314],[129.1732935,35.969764],[129.1733528,35.9698047],[129.173422,35.9698528],[129.17349,35.9699034],[129.1735611,35.9699544],[129.1736141,35.9699953],[129.1736687,35.9700369],[129.1737182,35.970072],[129.1737651,35.9700981],[129.1738131,35.9701216],[129.1738663,35.9701457],[129.1739558,35.9701772],[129.1740553,35.9702082],[129.1741129,35.970223],[129.1741702,35.9702366],[129.1742402,35.9702455],[129.174305,35.9702517],[129.1743549,35.9702549],[129.1743976,35.9702555],[129.1744416,35.9702542],[129.1744907,35.9702507],[129.1745608,35.9702422],[129.1746453,35.9702315],[129.1747559,35.9702136],[129.174855,35.9701988],[129.174941,35.9701859],[129.175,35.9701779],[129.175016,35.9701758],[129.1751044,35.9701635],[129.1751432,35.9701621],[129.1751662,35.970165],[129.175178,35.9701693],[129.1751987,35.9701775],[129.1752422,35.9702012],[129.1753018,35.9702375],[129.1753504,35.9702702],[129.1753959,35.9703063],[129.1754231,35.97033],[129.1754365,35.9703435],[129.175489,35.9703957],[129.1755207,35.9704423],[129.1755798,35.9704],[129.1756297,35.9703643]]]]}},{"type":"Feature","properties":{"UFID":"100035901019A00110100000004441178"},"geometry":{"type":"MultiPolygon","coordinates":[[[[129.2000031,35.9703713],[129.2000693,35.9703849],[129.200045,35.9703598],[129.20004,35.9703417],[129.2000397,35.9703403],[129.2000396,35.9703388],[129.2000324,35.9702372],[129.2000304,35.9702007],[129.2000277,35.9701656],[129.2000278,35.9701464],[129.2,35.9701539],[129.1999947,35.9701553],[129.2,35.9701889],[129.2000036,35.9703003],[129.2000061,35.9703359],[129.200006,35.9703378],[129.2000058,35.970366],[129.2000031,35.9703713]]]]}},{"type":"Feature","properties":{"UFID":"100035901018A00110100000004441179"},"geometry":{"type":"MultiPolygon","coordinates":[[[[129.2000076,35.9704108],[129.2000031,35.9703713],[129.2,35.970382],[129.1999958,35.9703826],[129.1999523,35.970392],[129.1998691,35.9704072],[129.1998185,35.9704248],[129.1997379,35.9704523],[129.1997029,35.9704618],[129.1997135,35.9704874],[129.1997496,35.9704776],[129.1998315,35.9704497],[129.1998794,35.970433],[129.1999602,35.9704183],[129.2,35.9704097],[129.2000076,35.9704108]]]]}},{"type":"Feature","properties":{"UFID":"100035901018A00110100000004441191"},"geometry":{"type":"MultiPolygon","coordinates":[[[[129.2005698,35.9719264],[129.2005625,35.9718909],[129.2003857,35.9719151],[129.2001416,35.9719616],[129.2,35.9719897],[129.1999033,35.9720079],[129.1997317,35.9720571],[129.1995802,35.9721316],[129.1994559,35.9722103],[129.1993528,35.9723056],[129.1992852,35.9723801],[129.1992094,35.9725058],[129.199165,35.9725898],[129.1991162,35.9726396],[129.1990368,35.9726823],[129.1989729,35.9727034],[129.198905,35.9726988],[129.1988562,35.9726849],[129.198747,35.972642],[129.1986593,35.9726133],[129.1985876,35.9725977],[129.1985312,35.9725937],[129.1984878,35.9725945],[129.1984248,35.9726094],[129.1983068,35.9726537],[129.1981656,35.9727283],[129.1980071,35.9728527],[129.1978945,35.9729617],[129.197754,35.9730846],[129.1976232,35.9731986],[129.1975512,35.9732808],[129.1974672,35.9734054],[129.1973804,35.9735462],[129.1973149,35.9736484],[129.1972551,35.9737453],[129.1971819,35.9738308],[129.1971116,35.973889],[129.1970526,35.9739142],[129.1969075,35.9739731],[129.1966914,35.9740211],[129.1964784,35.9740587],[129.1962887,35.974099],[129.1961329,35.9741304],[129.1960868,35.9741344],[129.196055,35.9741367],[129.196026,35.974133],[129.1959459,35.9741141],[129.1958098,35.9740495],[129.1957049,35.9739938],[129.1956155,35.9739756],[129.1955342,35.9739666],[129.1953897,35.9739748],[129.1952528,35.9740051],[129.1950813,35.9740563],[129.1948645,35.9741569],[129.1946637,35.9742656],[129.1944564,35.9743638],[129.1942924,35.9744145],[129.1941206,35.9744536],[129.1940092,35.9744636],[129.1939281,35.9744576],[129.1938831,35.9744283],[129.1938663,35.9744099],[129.1938564,35.974387],[129.1939545,35.9741234],[129.1939921,35.9740035],[129.1939965,35.9739719],[129.1939993,35.9739385],[129.193999,35.9739091],[129.1939845,35.9738535],[129.1939264,35.9737567],[129.1938271,35.9736133],[129.1938202,35.9735892],[129.1938172,35.9735662],[129.1938223,35.9735338],[129.1938834,35.9734039],[129.1938835,35.9734035],[129.1939372,35.9733023],[129.1939443,35.9732881],[129.1939673,35.9732565],[129.1939768,35.9732266],[129.1939818,35.9731951],[129.1939746,35.9731417],[129.1939359,35.9730769],[129.1938743,35.9730222],[129.1937722,35.9729634],[129.1936145,35.9729041],[129.1934573,35.9728554],[129.1932812,35.9728316],[129.1931063,35.9728221],[129.1928956,35.9728343],[129.1926935,35.9728547],[129.1926509,35.9728556],[129.1926188,35.9728569],[129.1925965,35.9728555],[129.192524,35.9728261],[129.1924578,35.9727812],[129.1924289,35.9727333],[129.1923897,35.9725254],[129.1923609,35.9723209],[129.1923408,35.9722794],[129.1923247,35.9722544],[129.1922613,35.9722085],[129.1921531,35.9721643],[129.1920235,35.9721565],[129.1918609,35.9721697],[129.1917006,35.9721981],[129.1915424,35.9722547],[129.1913481,35.9723548],[129.1911494,35.9724864],[129.1909226,35.9726261],[129.1908318,35.9726808],[129.1907646,35.9726912],[129.1907217,35.9726892],[129.1906276,35.9726568],[129.1904811,35.9725695],[129.1903195,35.9724501],[129.1902511,35.9723772],[129.1902354,35.9722725],[129.1902331,35.9720784],[129.1902171,35.9719407],[129.1902051,35.971887],[129.1901794,35.9718294],[129.1901218,35.9717412],[129.1899933,35.9716409],[129.1898669,35.9715281],[129.1898364,35.9714867],[129.1898249,35.9714558],[129.1898068,35.9713861],[129.1898134,35.9712306],[129.1898278,35.9710886],[129.189846,35.9709631],[129.1898513,35.9708561],[129.189839,35.9707423],[129.1897953,35.9705637],[129.1897589,35.9704291],[129.1897278,35.9703331],[129.189689,35.9701588],[129.1896535,35.9699759],[129.1896414,35.9698565],[129.1896493,35.9697268],[129.1896571,35.9696492],[129.1896658,35.9696315],[129.1897178,35.9695844],[129.1897695,35.9695576],[129.189674,35.9694966],[129.189646,35.9695215],[129.1896336,35.9695424],[129.1896054,35.9696296],[129.1895894,35.9697585],[129.1895847,35.9698832],[129.1896241,35.970099],[129.1896661,35.9702594],[129.1897044,35.9704317],[129.1897389,35.9705661],[129.1897865,35.9707002],[129.1898017,35.9707975],[129.1898045,35.9708675],[129.1897976,35.9709781],[129.1897779,35.9711208],[129.1897681,35.9712518],[129.1897657,35.9713948],[129.189779,35.9714686],[129.1898137,35.9715364],[129.1898976,35.9716074],[129.190015,35.9717052],[129.1900978,35.9717895],[129.1901331,35.9718433],[129.1901626,35.9719151],[129.1901837,35.972027],[129.1901833,35.9721635],[129.1901891,35.9723088],[129.190197,35.9723501],[129.1902341,35.9724198],[129.1903451,35.9725182],[129.1904534,35.972601],[129.1905708,35.9726775],[129.1906885,35.9727261],[129.1907193,35.9727293],[129.1907833,35.9727309],[129.1908112,35.972727],[129.1908897,35.9726952],[129.1910076,35.972631],[129.1911342,35.9725446],[129.1912729,35.9724626],[129.1914049,35.9723731],[129.1914939,35.9723296],[129.191633,35.9722667],[129.1917888,35.9722273],[129.1919334,35.972203],[129.1920419,35.9722],[129.1921151,35.9722038],[129.1921871,35.9722247],[129.1922445,35.9722484],[129.1922897,35.9723099],[129.192315,35.972416],[129.1923441,35.9725506],[129.1923757,35.9727021],[129.1923993,35.9727722],[129.192412,35.9727947],[129.192467,35.9728489],[129.1925527,35.9728963],[129.1925949,35.972908],[129.1926171,35.972909],[129.1926798,35.9728992],[129.1927494,35.9728875],[129.1929471,35.9728644],[129.1931701,35.9728666],[129.1933468,35.972882],[129.1935159,35.9729161],[129.1936695,35.972976],[129.1938081,35.9730296],[129.1939066,35.9731018],[129.1939233,35.9731402],[129.1939289,35.9731853],[129.1939269,35.9732318],[129.1939156,35.9732738],[129.1939065,35.9732919],[129.1938529,35.9733931],[129.1938525,35.9733937],[129.1938484,35.9734012],[129.1937807,35.9735301],[129.1937769,35.9735531],[129.1937766,35.9736081],[129.1937796,35.9736306],[129.193825,35.9737036],[129.1939112,35.9738107],[129.1939562,35.9738948],[129.1939592,35.9739606],[129.1939465,35.9740179],[129.1939058,35.9741181],[129.1937965,35.9743654],[129.1937928,35.9743946],[129.1937974,35.9744115],[129.1938064,35.9744297],[129.1938383,35.9744574],[129.1938945,35.9744911],[129.1939529,35.9744999],[129.194044,35.9745015],[129.1942043,35.9744722],[129.1943993,35.9744216],[129.1945739,35.9743594],[129.1947509,35.9742621],[129.1949116,35.9741756],[129.1950505,35.9741066],[129.1952307,35.9740451],[129.1953889,35.9740144],[129.1955104,35.9740074],[129.1956406,35.9740151],[129.1957052,35.974034],[129.1958025,35.9740794],[129.1959417,35.9741487],[129.1959856,35.9741674],[129.1960077,35.9741731],[129.1960419,35.9741755],[129.1961452,35.9741657],[129.1963775,35.9741286],[129.1965971,35.9740823],[129.1968061,35.9740372],[129.1969928,35.9739984],[129.1971314,35.9739293],[129.1972399,35.9738471],[129.1973183,35.9737567],[129.1973995,35.9736288],[129.1974797,35.9734845],[129.1975258,35.9733888],[129.1975709,35.9733161],[129.1976576,35.9732285],[129.1977699,35.9731204],[129.1979175,35.9730003],[129.1980029,35.9729073],[129.1981184,35.9728079],[129.1982539,35.9727215],[129.1983723,35.9726664],[129.1984536,35.9726374],[129.1985609,35.972633],[129.1987218,35.9726734],[129.1988326,35.9727193],[129.1989004,35.97275],[129.1989406,35.9727538],[129.1989753,35.9727526],[129.1991236,35.9726922],[129.1991957,35.9726379],[129.1992599,35.9725134],[129.1992988,35.9724353],[129.1993336,35.9723918],[129.1994045,35.972319],[129.199496,35.9722381],[129.1995947,35.9721698],[129.1997252,35.9721073],[129.1998768,35.972057],[129.2,35.9720296],[129.2001522,35.9719966],[129.2003944,35.9719504],[129.2005698,35.9719264]]]]}},{"type":"Feature","properties":{"UFID":"100035901017A00110100000004441192"},"geometry":{"type":"MultiPolygon","coordinates":[[[[129.1539101,35.9735892],[129.1537859,35.9735697],[129.1538245,35.9736124],[129.1538383,35.9736282],[129.1538962,35.9737055],[129.1539301,35.9737626],[129.1539395,35.9738043],[129.1539375,35.973855],[129.1539301,35.9739453],[129.1539218,35.9740484],[129.1539213,35.9741136],[129.1539254,35.9741859],[129.1539457,35.9743029],[129.1539665,35.9744338],[129.1539884,35.9745944],[129.1540015,35.9747495],[129.1540019,35.9748951],[129.1540152,35.9749568],[129.1540183,35.9750003],[129.1540188,35.9750078],[129.1540076,35.9750646],[129.1539659,35.9751467],[129.1539549,35.9752131],[129.1539558,35.9752923],[129.1539559,35.975406],[129.1539477,35.9754842],[129.1539229,35.9755925],[129.1539152,35.9756203],[129.1539089,35.9756279],[129.1539018,35.9756301],[129.1537672,35.9756374],[129.1536267,35.9756389],[129.1535727,35.9756367],[129.1534886,35.9756355],[129.1533451,35.9756311],[129.1532782,35.9756293],[129.1532451,35.9756227],[129.1532431,35.9756222],[129.1532094,35.9755625],[129.1531662,35.9754836],[129.1531264,35.9754087],[129.153092,35.9753832],[129.1530327,35.9753528],[129.1529545,35.9753363],[129.1529582,35.975365],[129.1530193,35.9753779],[129.1530717,35.9754048],[129.1530987,35.9754248],[129.1531358,35.9754945],[129.153179,35.9755736],[129.1532142,35.975636],[129.1532216,35.9756453],[129.1532366,35.9756488],[129.1532736,35.9756563],[129.153344,35.9756581],[129.1534878,35.9756626],[129.1535715,35.9756637],[129.1535805,35.9756641],[129.1536258,35.9756671],[129.1537682,35.9756647],[129.1539333,35.9756625],[129.1539536,35.9756471],[129.1539633,35.9756092],[129.1539742,35.9755566],[129.1539875,35.9754809],[129.1539941,35.9754166],[129.1539989,35.9753091],[129.1540087,35.975188],[129.1540418,35.975086],[129.1540547,35.9750512],[129.1540589,35.9750185],[129.1540599,35.9750004],[129.154061,35.974983],[129.1540535,35.9748985],[129.1540351,35.9746951],[129.1540147,35.9744819],[129.1539907,35.9742926],[129.1539639,35.974093],[129.1539761,35.9739521],[129.1539817,35.9738534],[129.1539811,35.9738085],[129.1539772,35.9737691],[129.1539314,35.9736748],[129.1539077,35.9736278],[129.1539001,35.9735997],[129.1539101,35.9735892]]]]}},{"type":"Feature","properties":{"UFID":"100035901009A00110100000004441208"},"geometry":{"type":"MultiPolygon","coordinates":[[[[129.2012946,35.9756407],[129.2012698,35.9756226],[129.2012326,35.9756539],[129.2011976,35.9756834],[129.2010829,35.9757844],[129.2009882,35.9758595],[129.2008998,35.97592],[129.2008465,35.9759551],[129.2007258,35.9760196],[129.2005591,35.9761167],[129.2005291,35.9761419],[129.2004995,35.9761716],[129.2004844,35.9761956],[129.2004753,35.9762244],[129.2004711,35.9762559],[129.200463,35.9763334],[129.2004547,35.9763776],[129.2004277,35.9764317],[129.2004103,35.9764569],[129.2003219,35.9765544],[129.2002123,35.9766832],[129.200125,35.9767402],[129.2000945,35.9767579],[129.2000242,35.9767854],[129.2,35.9767927],[129.199933,35.9768109],[129.1998421,35.976837],[129.1998384,35.9768984],[129.1999215,35.9768788],[129.2,35.9768587],[129.2000302,35.9768509],[129.2000252,35.9768193],[129.2000741,35.9768017],[129.2001272,35.9767798],[129.2001846,35.9767529],[129.2002099,35.9767352],[129.2002375,35.9767144],[129.2003394,35.9765882],[129.2004383,35.9764716],[129.2004578,35.9764434],[129.200487,35.9763848],[129.2004961,35.9763366],[129.2005042,35.9762585],[129.2005081,35.9762293],[129.2005157,35.9762052],[129.2005276,35.9761864],[129.200554,35.9761598],[129.2005809,35.9761373],[129.2007447,35.9760419],[129.2008662,35.975977],[129.200921,35.9759409],[129.2010105,35.9758795],[129.2011068,35.9758033],[129.2012218,35.975702],[129.2012565,35.9756727],[129.2012946,35.9756407]]]]}},{"type":"Feature","properties":{"UFID":"100035901007A00110100000004441210"},"geometry":{"type":"MultiPolygon","coordinates":[[[[129.1656032,35.9732417],[129.1655252,35.9732462],[129.1655252,35.973248],[129.1654431,35.9733505],[129.1652527,35.9735935],[129.1652346,35.9735897],[129.1650724,35.9738144],[129.1650883,35.9738233],[129.1648566,35.9742143],[129.1646699,35.9745726],[129.1644471,35.9749756],[129.164434,35.9750006],[129.1641622,35.9755205],[129.1639069,35.9760095],[129.1636863,35.9764322],[129.1635546,35.9766779],[129.163419,35.976904],[129.1633821,35.9769625],[129.1632723,35.9769019],[129.1632263,35.9769964],[129.1632845,35.9770704],[129.1632943,35.9770906],[129.1632279,35.9772233],[129.1631364,35.9774265],[129.1630641,35.9776095],[129.1630393,35.9776812],[129.1631251,35.9776995],[129.1631524,35.9776236],[129.1631939,35.9775168],[129.1632294,35.9774206],[129.1632679,35.9773281],[129.1633035,35.977254],[129.1633295,35.9772013],[129.1633544,35.9771624],[129.1633763,35.9771266],[129.1633846,35.9771108],[129.1635157,35.9769087],[129.1636665,35.9766612],[129.163719,35.9765626],[129.1638148,35.9763377],[129.1638991,35.9761628],[129.16406,35.9758451],[129.1641592,35.9756719],[129.1643074,35.9753881],[129.164517,35.9750006],[129.1645882,35.9748692],[129.1648159,35.9744351],[129.1650281,35.9740534],[129.1651085,35.973928],[129.1652353,35.9737307],[129.1653875,35.9735204],[129.1655273,35.9733297],[129.1656032,35.9732417]]]]}},{"type":"Feature","properties":{"UFID":"100035901007A00110100000004441217"},"geometry":{"type":"MultiPolygon","coordinates":[[[[129.1605755,35.9826526],[129.1605647,35.9826528],[129.1605516,35.9826527],[129.1605347,35.9826509],[129.1605043,35.9826449],[129.1604423,35.9826249],[129.1603742,35.9826053],[129.1603548,35.9826012],[129.1602734,35.9825843],[129.1601715,35.9825639],[129.1601488,35.9825585],[129.1601291,35.9825527],[129.1600152,35.9825155],[129.1598831,35.9824721],[129.1598307,35.9824522],[129.1596997,35.982409],[129.1595725,35.982361],[129.1594423,35.9823103],[129.1592975,35.9822506],[129.1592389,35.9822291],[129.1590862,35.9821689],[129.1589348,35.982107],[129.1588811,35.9820839],[129.1587635,35.9820378],[129.1586959,35.9820056],[129.158645,35.9819777],[129.1585957,35.9819439],[129.158587,35.9819373],[129.1585625,35.9819182],[129.1585246,35.9818865],[129.1584761,35.981835],[129.1584178,35.9817736],[129.1583725,35.981718],[129.1583273,35.9816625],[129.1582797,35.9816035],[129.1582513,35.9815641],[129.1582354,35.9815383],[129.1582244,35.9815106],[129.1582088,35.9814691],[129.1581913,35.9814141],[129.1581721,35.9813636],[129.1581631,35.9813342],[129.1581465,35.9812868],[129.1581293,35.981241],[129.158119,35.9812042],[129.1581143,35.9811757],[129.158113,35.9811499],[129.1581161,35.9811196],[129.1581209,35.9810805],[129.1581313,35.9810456],[129.1581453,35.9810071],[129.1581553,35.9809699],[129.1581596,35.9809399],[129.1581595,35.980921],[129.1581595,35.9808994],[129.1581564,35.980866],[129.1581536,35.9808492],[129.1581508,35.980833],[129.1581409,35.9808054],[129.1581289,35.9807761],[129.1581141,35.9807426],[129.1580888,35.9806943],[129.1580551,35.9806361],[129.1580173,35.9805749],[129.1579678,35.9805069],[129.1579352,35.9804605],[129.1579085,35.9804247],[129.1578819,35.9803923],[129.1578511,35.980357],[129.1578414,35.9803435],[129.1578292,35.980312],[129.1578147,35.9802683],[129.1578017,35.9802076],[129.1577894,35.9801564],[129.1577791,35.9801058],[129.1577659,35.9800703],[129.1577543,35.9800433],[129.1577369,35.9800171],[129.1577206,35.9799895],[129.1577087,35.9799616],[129.1577006,35.9799371],[129.157696,35.979911],[129.1576947,35.9798924],[129.157698,35.9798708],[129.157703,35.97985],[129.1577049,35.9798335],[129.1577054,35.979809],[129.1576948,35.9797177],[129.1576841,35.9796232],[129.1576769,35.9795378],[129.157666,35.9794658],[129.1576469,35.9793955],[129.1576277,35.9793387],[129.1576053,35.9792787],[129.157563,35.9791743],[129.1575376,35.979095],[129.157515,35.9789923],[129.1575066,35.9789055],[129.1575078,35.9788589],[129.157511,35.9788323],[129.1575226,35.978789],[129.1575298,35.9787348],[129.1575301,35.9786905],[129.1575267,35.9786698],[129.1575046,35.9786383],[129.1574945,35.978628],[129.1574152,35.9785683],[129.1573007,35.9784708],[129.1572516,35.9784198],[129.157197,35.9783363],[129.1571004,35.978185],[129.1570305,35.9780872],[129.1569664,35.9780061],[129.156931,35.9779409],[129.156922,35.9779142],[129.1569159,35.9778785],[129.1569132,35.9778293],[129.1569114,35.9777689],[129.1569114,35.9776962],[129.1569091,35.9776438],[129.1569059,35.9776048],[129.1568967,35.9775386],[129.1568762,35.9774644],[129.1568168,35.9772763],[129.1567621,35.9771326],[129.1567241,35.9770278],[129.1566539,35.9768989],[129.1566447,35.9768697],[129.1566411,35.9768407],[129.156639,35.9768053],[129.1566344,35.97673],[129.1566356,35.9766819],[129.1566348,35.9766349],[129.1566313,35.9765907],[129.1566238,35.9765314],[129.1566135,35.9764873],[129.1565978,35.9764469],[129.1565791,35.9764093],[129.1565542,35.9763725],[129.1565245,35.9763358],[129.1564905,35.9763043],[129.1564423,35.976269],[129.1563802,35.976223],[129.1563297,35.9761772],[129.1562745,35.9761161],[129.1562245,35.976059],[129.1561827,35.9760088],[129.1561361,35.9759453],[129.1560864,35.975874],[129.1560336,35.9757951],[129.1559921,35.9757326],[129.1559563,35.9756667],[129.155921,35.9756],[129.1558896,35.9755293],[129.155858,35.9754525],[129.1558308,35.9753964],[129.1558017,35.9753406],[129.1557619,35.9752838],[129.1557161,35.9752294],[129.1556633,35.9751765],[129.1556006,35.9751151],[129.1555128,35.9750337],[129.155479,35.9750004],[129.1554092,35.9749316],[129.155345,35.9748725],[129.1553022,35.9748205],[129.1552568,35.9747096],[129.1552126,35.9745997],[129.1551589,35.9744718],[129.1551038,35.9743336],[129.1550599,35.9742177],[129.1550152,35.9741341],[129.1549788,35.9740916],[129.1549314,35.9740404],[129.1548401,35.973947],[129.1547223,35.973858],[129.1545893,35.9737657],[129.1544523,35.9736963],[129.154331,35.9736537],[129.1543422,35.973726],[129.1544759,35.9737718],[129.1545511,35.9738144],[129.1546889,35.9739037],[129.1548198,35.9740157],[129.1549095,35.9741127],[129.1549782,35.9742215],[129.1550531,35.9743842],[129.1551274,35.9745631],[129.1552023,35.9747476],[129.1552653,35.9748406],[129.1553098,35.9748946],[129.1553757,35.9749552],[129.1554216,35.9750004],[129.1554794,35.9750575],[129.1555669,35.9751385],[129.155629,35.9751994],[129.1556805,35.975251],[129.1557242,35.9753029],[129.1557618,35.9753566],[129.1557897,35.9754101],[129.1558163,35.9754648],[129.1558477,35.9755411],[129.1558797,35.9756132],[129.1559156,35.9756811],[129.1559522,35.9757485],[129.1559946,35.9758122],[129.1560476,35.9758915],[129.1560977,35.9759634],[129.1561453,35.9760282],[129.1561881,35.9760795],[129.1562386,35.9761372],[129.1562952,35.9762],[129.1563487,35.9762485],[129.1564125,35.9762957],[129.1564589,35.9763297],[129.1564892,35.9763577],[129.1565213,35.9764045],[129.156538,35.9764402],[129.1565605,35.9764957],[129.1565698,35.9765228],[129.1565717,35.9765339],[129.1565742,35.9765565],[129.1565779,35.9765957],[129.1565815,35.9766605],[129.1565816,35.9767082],[129.1565817,35.9767603],[129.1565845,35.9768387],[129.1565952,35.9768848],[129.1566236,35.9769522],[129.1566546,35.9770206],[129.1566914,35.9771127],[129.1567296,35.9772266],[129.1567667,35.9773469],[129.1568077,35.9774814],[129.1568286,35.9775638],[129.1568373,35.9776176],[129.1568379,35.9776664],[129.1568397,35.9777303],[129.1568383,35.9778524],[129.1568397,35.9779112],[129.1568441,35.9779368],[129.1568506,35.9779547],[129.1568668,35.9779944],[129.1568969,35.9780376],[129.1569499,35.9780917],[129.1569943,35.9781393],[129.1570473,35.9782159],[129.1571314,35.9783541],[129.1571858,35.9784407],[129.1572209,35.9784774],[129.1572802,35.9785359],[129.1573468,35.9785966],[129.1574449,35.9787767],[129.1574547,35.9788012],[129.1574583,35.9788155],[129.1574603,35.9788507],[129.1574622,35.9789066],[129.1574709,35.9789969],[129.1574942,35.9791023],[129.1575209,35.9791855],[129.157563,35.9792896],[129.157585,35.9793487],[129.1576038,35.9794042],[129.1576223,35.9794719],[129.1576327,35.9795412],[129.1576399,35.9796261],[129.1576506,35.979721],[129.157661,35.9798104],[129.1576606,35.9798315],[129.1576591,35.9798449],[129.1576542,35.9798651],[129.1576502,35.9798912],[129.1576518,35.9799145],[129.1576571,35.9799444],[129.1576663,35.9799722],[129.1576795,35.9800032],[129.1576974,35.9800335],[129.1577136,35.9800579],[129.1577237,35.9800814],[129.1577358,35.980114],[129.1577457,35.9801628],[129.1577581,35.9802142],[129.1577478,35.980245],[129.1577618,35.9803121],[129.1577917,35.9803587],[129.157898,35.9804868],[129.1579899,35.9806248],[129.1580639,35.9807602],[129.1580922,35.9808355],[129.158109,35.9808801],[129.1581106,35.9809095],[129.1581129,35.9809519],[129.1580923,35.9810257],[129.158083,35.981059],[129.1580738,35.981101],[129.1580682,35.9811268],[129.1580648,35.981179],[129.1580831,35.9812542],[129.1581272,35.9813972],[129.15817,35.9815305],[129.158219,35.9816091],[129.1583371,35.9817491],[129.158454,35.9818787],[129.1585633,35.9819785],[129.1586535,35.9820373],[129.1587985,35.9820991],[129.1590514,35.9822045],[129.1592647,35.9822936],[129.1594965,35.9823854],[129.1597815,35.9824828],[129.1600043,35.9825696],[129.1601761,35.9826142],[129.16036,35.9826556],[129.1604252,35.9826583],[129.1604396,35.9826639],[129.1604654,35.9826746],[129.1605246,35.9827103],[129.1605755,35.9826526]]]]}},{"type":"Feature","properties":{"UFID":"100035901006A00110100000004441218"},"geometry":{"type":"MultiPolygon","coordinates":[[[[129.1498314,35.9826586],[129.1497693,35.9826665],[129.1497896,35.9826778],[129.1498038,35.9826873],[129.1498225,35.9827019],[129.1498476,35.9827273],[129.1498748,35.9827612],[129.1499005,35.9827913],[129.1499258,35.9828219],[129.1499472,35.982855],[129.1499597,35.9828802],[129.1499655,35.9829036],[129.1499678,35.9829302],[129.149968,35.9829568],[129.1499643,35.9829825],[129.1499557,35.9830031],[129.1499492,35.9830275],[129.1499443,35.9830473],[129.1499443,35.9830685],[129.149952,35.9830943],[129.1499657,35.9831219],[129.1499879,35.9831578],[129.15,35.9831773],[129.1500123,35.983197],[129.1500373,35.9832351],[129.1500654,35.9832697],[129.1500805,35.9832865],[129.1500956,35.9833017],[129.1501114,35.9833158],[129.1501237,35.9833262],[129.1501427,35.98334],[129.1501477,35.9833335],[129.1501616,35.9833046],[129.1501448,35.9832928],[129.1501243,35.9832816],[129.1500919,35.9832502],[129.1500586,35.9832134],[129.1500244,35.9831598],[129.1500019,35.983126],[129.15,35.9831211],[129.1499897,35.9830941],[129.1499804,35.9830662],[129.1499828,35.9830389],[129.1499927,35.9830092],[129.15,35.9829843],[129.1500028,35.9829747],[129.1500084,35.982945],[129.1500106,35.9829169],[129.1500057,35.9828848],[129.15,35.9828708],[129.1499902,35.9828467],[129.149959,35.9828091],[129.1499225,35.9827617],[129.1498826,35.9827206],[129.1498496,35.9826882],[129.1498423,35.9826793],[129.1498357,35.9826678],[129.1498314,35.9826586]]]]}},{"type":"Feature","properties":{"UFID":"100035901007A00110100000004441220"},"geometry":{"type":"MultiPolygon","coordinates":[[[[129.1497118,35.9837654],[129.1497717,35.9838032],[129.1497866,35.9837762],[129.1497937,35.9837692],[129.1498491,35.9837313],[129.1498594,35.9837252],[129.1499195,35.9836854],[129.149987,35.9836347],[129.15,35.9836137],[129.1500534,35.9835696],[129.150112,35.9835394],[129.150158,35.9835245],[129.1502135,35.983513],[129.1502464,35.9835122],[129.1503918,35.9835149],[129.1504828,35.9835278],[129.1504891,35.983485],[129.1503494,35.9834774],[129.1502485,35.9834704],[129.150181,35.98347],[129.1501524,35.983473],[129.1501192,35.9834812],[129.1500902,35.9834891],[129.1500681,35.9834997],[129.1500209,35.9835309],[129.15,35.9835475],[129.1499834,35.9835738],[129.1499445,35.9836259],[129.1499176,35.98365],[129.1499049,35.9836601],[129.1498392,35.9837038],[129.1498271,35.9837108],[129.1497206,35.9837661],[129.1497118,35.9837654]]]]}},{"type":"Feature","properties":{"UFID":"100035901007A00110100000004441247"},"geometry":{"type":"MultiPolygon","coordinates":[[[[129.1502941,35.9890373],[129.1502712,35.9890174],[129.1502604,35.9890267],[129.1501444,35.9891445],[129.1500417,35.9892529],[129.15,35.9893058],[129.1499925,35.9893154],[129.1499605,35.9893768],[129.1499544,35.9893976],[129.1499538,35.9894229],[129.1499563,35.9894422],[129.1499636,35.9894691],[129.1499639,35.9894996],[129.1498603,35.9896797],[129.1498297,35.9897195],[129.1498153,35.9897285],[129.1498557,35.9897461],[129.1498592,35.9897322],[129.1498896,35.9896927],[129.1499859,35.9895252],[129.1499931,35.9895065],[129.15,35.9894791],[129.1500013,35.9894742],[129.1500135,35.989447],[129.1500232,35.9894166],[129.1500301,35.9893904],[129.1500523,35.9893325],[129.1500686,35.9892949],[129.1500917,35.9892519],[129.1501091,35.989225],[129.1501717,35.9891601],[129.1502855,35.9890445],[129.1502933,35.9890379],[129.1502941,35.9890373]]]]}},{"type":"Feature","properties":{"UFID":"100035901007A00110100000004441252"},"geometry":{"type":"MultiPolygon","coordinates":[[[[129.1741884,35.9885759],[129.1741648,35.9886074],[129.1741728,35.9886077],[129.1741847,35.9886093],[129.174194,35.9886128],[129.1742228,35.9886254],[129.174303,35.9886614],[129.1743296,35.9886739],[129.1744301,35.9887218],[129.1745408,35.9887748],[129.1745517,35.9887809],[129.1745573,35.9887855],[129.1745822,35.9888161],[129.1746041,35.9888438],[129.174623,35.9888635],[129.1746472,35.988881],[129.1747078,35.9889124],[129.1748148,35.9889622],[129.1748217,35.9889638],[129.1749025,35.9889533],[129.174918,35.9889517],[129.1749915,35.9889871],[129.175,35.9889911],[129.1750489,35.9890146],[129.1751884,35.98908],[129.1753051,35.9891364],[129.1753362,35.9891506],[129.1754379,35.9892001],[129.1755098,35.9892362],[129.1755378,35.9892507],[129.1755917,35.9892796],[129.1756069,35.9892885],[129.1756499,35.989313],[129.1756773,35.9893319],[129.1756848,35.9893389],[129.1756997,35.9893542],[129.175715,35.9893802],[129.1757192,35.9893953],[129.1757177,35.9894221],[129.1757161,35.9894281],[129.1757084,35.9894485],[129.1756911,35.9894787],[129.1756847,35.9894891],[129.1756641,35.9895171],[129.1756034,35.9895969],[129.1755174,35.9896993],[129.1754031,35.989844],[129.1753095,35.9899611],[129.1752904,35.9899831],[129.1752446,35.9899947],[129.1752355,35.990023],[129.1752327,35.9900304],[129.1751978,35.9900723],[129.1751456,35.9901306],[129.175,35.9903009],[129.1749359,35.9903808],[129.1748359,35.9905127],[129.1747183,35.9906797],[129.1745892,35.9908714],[129.1744874,35.9910347],[129.1743947,35.991179],[129.1742653,35.991384],[129.1741703,35.9915298],[129.17417,35.9915312],[129.1741678,35.9915306],[129.1741809,35.9915701],[129.1742787,35.9914195],[129.1743903,35.9912446],[129.1745029,35.9910697],[129.174617,35.9908899],[129.1747179,35.9907351],[129.1747934,35.9906245],[129.1749039,35.9904696],[129.1750204,35.9903197],[129.1750461,35.9902936],[129.1751627,35.9901536],[129.175249,35.9900618],[129.1752926,35.9900154],[129.1753249,35.9899861],[129.175378,35.9899253],[129.1754277,35.9898676],[129.175508,35.9897686],[129.175553,35.9897102],[129.1756316,35.9896113],[129.1756925,35.9895311],[129.1757138,35.9895022],[129.1757211,35.9894905],[129.1757395,35.9894582],[129.1757483,35.989435],[129.1757508,35.9894256],[129.1757527,35.9893929],[129.1757466,35.9893712],[129.1757281,35.9893399],[129.1757104,35.9893217],[129.1757008,35.9893126],[129.1756702,35.9892916],[129.1756262,35.9892664],[129.1756106,35.9892573],[129.1755559,35.9892281],[129.1755275,35.9892133],[129.1754551,35.989177],[129.1753529,35.9891273],[129.1753218,35.989113],[129.1752052,35.9890567],[129.1750657,35.9889913],[129.1750084,35.9889638],[129.175,35.9889597],[129.1749403,35.988931],[129.1745369,35.9887415],[129.1744469,35.9886985],[129.1743463,35.9886505],[129.1743196,35.988638],[129.1741884,35.9885759]]]]}},{"type":"Feature","properties":{"UFID":"100035901007A00110100000004441255"},"geometry":{"type":"MultiPolygon","coordinates":[[[[129.1754496,35.9907795],[129.175424,35.9907679],[129.1754218,35.9907708],[129.1753767,35.9908347],[129.1753211,35.9909118],[129.1752681,35.9909835],[129.175229,35.9910344],[129.175,35.9913342],[129.174782,35.9916196],[129.174603,35.9918555],[129.1744321,35.9920775],[129.1744546,35.9920999],[129.1744936,35.9920486],[129.1746299,35.991869],[129.1748082,35.9916326],[129.175,35.9913743],[129.1750718,35.9912776],[129.1752681,35.9910149],[129.175321,35.9909423],[129.175376,35.9908671],[129.1754384,35.9907884],[129.1754451,35.990782],[129.1754496,35.9907795]]]]}},{"type":"Feature","properties":{"UFID":"100035901008A00110100000004441260"},"geometry":{"type":"MultiPolygon","coordinates":[[[[129.1758512,35.9930814],[129.175505,35.9929239],[129.175149,35.9927564],[129.175,35.9926912],[129.1749597,35.992673],[129.1748449,35.9926181],[129.1748376,35.9926133],[129.1747842,35.9925688],[129.1747735,35.9925615],[129.1745687,35.9924695],[129.1744352,35.9924105],[129.1744106,35.9924008],[129.1744003,35.992395],[129.1742045,35.9925043],[129.1743286,35.9925654],[129.1743824,35.9925919],[129.175,35.9928958],[129.1750485,35.9929198],[129.1750742,35.9929285],[129.1752368,35.9929994],[129.1753214,35.993034],[129.1753443,35.9930437],[129.1753528,35.9930469],[129.1753681,35.9930495],[129.1753863,35.9930543],[129.1754804,35.9930898],[129.1756743,35.9931761],[129.1757672,35.9932219],[129.175776,35.993227],[129.1758512,35.9930814]]]]}},{"type":"Feature","properties":{"UFID":"100035901006A00110100000004441263"},"geometry":{"type":"MultiPolygon","coordinates":[[[[129.148989,35.99174],[129.1489674,35.9917749],[129.1489832,35.9917896],[129.1489997,35.991827],[129.1491156,35.9920416],[129.1491648,35.9921266],[129.1492042,35.9921891],[129.1492297,35.9922398],[129.1492834,35.9923849],[129.1492947,35.992431],[129.1493271,35.9926615],[129.1493316,35.9927353],[129.1493462,35.9929674],[129.1493549,35.9930202],[129.1493844,35.9931054],[129.149435,35.9932006],[129.1495708,35.9934694],[129.1496289,35.9935977],[129.149646,35.993642],[129.1497296,35.9937555],[129.1498405,35.9938764],[129.1499439,35.9939978],[129.1499769,35.9940427],[129.15,35.9940719],[129.1500119,35.9940902],[129.1500861,35.9941785],[129.1501484,35.9942317],[129.1502099,35.9942842],[129.1503254,35.9943768],[129.1503569,35.9943641],[129.1502337,35.9942653],[129.1501725,35.994213],[129.1501121,35.9941614],[129.15004,35.9940757],[129.15,35.9940215],[129.1499719,35.9939832],[129.1498675,35.9938605],[129.1497573,35.9937404],[129.1496766,35.9936308],[129.1496605,35.9935889],[129.1496018,35.9934596],[129.1494657,35.9931901],[129.1494158,35.9930963],[129.1493876,35.9930147],[129.1493793,35.9929649],[129.1493649,35.992734],[129.1493602,35.9926593],[129.1493275,35.9924269],[129.1493158,35.9923783],[129.149261,35.9922307],[129.1492344,35.9921778],[129.1491947,35.9921147],[129.149146,35.9920304],[129.1490306,35.991817],[129.1490132,35.9917775],[129.1489925,35.9917516],[129.148989,35.99174]]]]}},{"type":"Feature","properties":{"UFID":"100035901008A00110100000004441264"},"geometry":{"type":"MultiPolygon","coordinates":[[[[129.1758272,35.9932563],[129.175776,35.993227],[129.1757803,35.993235],[129.1757881,35.9932802],[129.17579,35.9932967],[129.1757914,35.9933144],[129.1757909,35.9933322],[129.1757886,35.9933504],[129.1757846,35.9933649],[129.1757655,35.9933872],[129.1756368,35.9935277],[129.1754379,35.9937511],[129.1751913,35.9940262],[129.175,35.9942397],[129.1749651,35.9942785],[129.1748554,35.9943977],[129.1748864,35.9944155],[129.1748891,35.9944063],[129.1749919,35.9942946],[129.175,35.9942856],[129.1752182,35.9940421],[129.1754649,35.993767],[129.1755842,35.9936375],[129.175723,35.9934822],[129.1758166,35.9933742],[129.1758205,35.9933694],[129.175822,35.9933651],[129.175823,35.9933476],[129.1758216,35.9933043],[129.1758187,35.9932665],[129.1758192,35.9932612],[129.1758226,35.9932576],[129.1758272,35.9932563]]]]}},{"type":"Feature","properties":{"UFID":"100035901008A00110100000004441267"},"geometry":{"type":"MultiPolygon","coordinates":[[[[129.1757867,35.9950525],[129.1757818,35.9950532],[129.1757705,35.9950462],[129.1757125,35.9950071],[129.1752991,35.9947294],[129.175,35.9945271],[129.1748986,35.9944566],[129.1748878,35.9944478],[129.1748864,35.9944155],[129.1748525,35.9944572],[129.1748759,35.9944765],[129.175,35.9945626],[129.1752778,35.9947502],[129.1756913,35.9950279],[129.1757401,35.995057],[129.1757453,35.9950618],[129.1757867,35.9950525]]]]}},{"type":"Feature","properties":{"UFID":"100035901009A00110100000004441276"},"geometry":{"type":"MultiPolygon","coordinates":[[[[129.201841,35.9948907],[129.2017917,35.9948449],[129.2017064,35.9948926],[129.2015744,35.9949685],[129.20144,35.9950447],[129.2013027,35.9951245],[129.2011585,35.9952054],[129.2009891,35.9953008],[129.2008585,35.9953758],[129.2007314,35.9954501],[129.200603,35.995522],[129.2004861,35.9955884],[129.2003593,35.995663],[129.2002323,35.9957318],[129.2001729,35.9957668],[129.2000398,35.9958455],[129.2,35.9958683],[129.1998919,35.9959302],[129.1997656,35.9960013],[129.1996671,35.996052],[129.1995731,35.9961004],[129.199497,35.9961347],[129.1994091,35.9961721],[129.1993024,35.9962136],[129.1992089,35.9962494],[129.1991098,35.996283],[129.1990051,35.9963147],[129.1988894,35.9963461],[129.1988066,35.9963672],[129.1987783,35.9963733],[129.1987935,35.9964159],[129.1988087,35.9964065],[129.1988295,35.9963993],[129.1988779,35.9963858],[129.1989732,35.9963602],[129.1990367,35.9963428],[129.1990983,35.9963252],[129.1991705,35.9963012],[129.1992401,35.9962787],[129.199312,35.9962511],[129.1993832,35.9962246],[129.1994555,35.9961942],[129.1995324,35.9961617],[129.1996081,35.9961258],[129.1996843,35.996088],[129.1997605,35.9960478],[129.1998481,35.9959985],[129.1999508,35.9959401],[129.2,35.9959118],[129.2000521,35.9958817],[129.2001989,35.9957982],[129.2002165,35.9957931],[129.200236,35.9957893],[129.2002673,35.9957841],[129.2002983,35.9957765],[129.2003291,35.995766],[129.2003642,35.9957482],[129.2004132,35.9957205],[129.2004588,35.9956911],[129.2004925,35.9956696],[129.2005127,35.9956522],[129.2005361,35.9956254],[129.2005611,35.9955995],[129.2005787,35.9955861],[129.2006328,35.9955534],[129.2007313,35.9954967],[129.2008483,35.9954299],[129.20097,35.9953614],[129.2010966,35.9952889],[129.2012147,35.9952214],[129.2013563,35.9951391],[129.2014772,35.9950702],[129.2016003,35.995001],[129.2017048,35.9949412],[129.2017631,35.9949091],[129.20179,35.9948947],[129.2018036,35.9948896],[129.2018145,35.9948885],[129.2018261,35.9948886],[129.201841,35.9948907]]]]}},{"type":"Feature","properties":{"UFID":"100035901007A00110100000004441277"},"geometry":{"type":"MultiPolygon","coordinates":[[[[129.1757581,35.9952229],[129.1756655,35.9951764],[129.1755753,35.9952806],[129.1753482,35.9955351],[129.1750939,35.9958249],[129.1749578,35.9959796],[129.1747013,35.9962694],[129.1744064,35.9966008],[129.1741871,35.9968464],[129.1742747,35.9969012],[129.1742806,35.99689],[129.1746237,35.9965038],[129.1749164,35.9961737],[129.1751796,35.9958752],[129.1753788,35.9956493],[129.1756229,35.9953742],[129.1757537,35.9952248],[129.1757581,35.9952229]]]]}},{"type":"Feature","properties":{"UFID":"100035901008A00110100000004441278"},"geometry":{"type":"MultiPolygon","coordinates":[[[[129.2022473,35.9930489],[129.202217,35.9930104],[129.2021235,35.993069],[129.2019125,35.993196],[129.2016945,35.9933235],[129.2014812,35.9934451],[129.2012747,35.9935515],[129.2010838,35.9936618],[129.2008735,35.9937897],[129.2006642,35.9939094],[129.2004489,35.9940318],[129.2002337,35.9941534],[129.200029,35.9942725],[129.2,35.9942891],[129.1998392,35.9943815],[129.1996529,35.9944941],[129.1994456,35.9946081],[129.1993007,35.9946858],[129.1990533,35.9948067],[129.198881,35.9949],[129.1985692,35.9950521],[129.1980303,35.9952674],[129.19704,35.9955953],[129.1966019,35.9957755],[129.1961169,35.9960593],[129.196052,35.9961024],[129.1955367,35.9963248],[129.1949123,35.9965759],[129.194803,35.996643],[129.1948572,35.9966963],[129.1948994,35.9966668],[129.1949527,35.996636],[129.1949672,35.9966143],[129.1950948,35.9965569],[129.1957447,35.9962968],[129.1961166,35.9961248],[129.1963717,35.9959609],[129.1966032,35.9958212],[129.1968161,35.9957367],[129.1970739,35.9956342],[129.1976947,35.9954253],[129.1983196,35.995214],[129.1987075,35.9950453],[129.19894,35.994927],[129.1990703,35.9948682],[129.1993418,35.994733],[129.1995089,35.9946484],[129.199677,35.9945516],[129.1999337,35.9943955],[129.2,35.9943572],[129.2001865,35.9942493],[129.2003688,35.9941467],[129.2005673,35.9940359],[129.2007777,35.9939143],[129.2009878,35.9937895],[129.201195,35.9936678],[129.2014068,35.993547],[129.2016431,35.993412],[129.2018826,35.9932727],[129.2020985,35.9931522],[129.2022473,35.9930489]]]]}},{"type":"Feature","properties":{"UFID":"100035901009A00110100000004441282"},"geometry":{"type":"MultiPolygon","coordinates":[[[[129.2005187,35.9971009],[129.2006582,35.9967937],[129.2003843,35.9968291],[129.2,35.996886],[129.199592,35.9969465],[129.1996399,35.9971227],[129.1996504,35.9971193],[129.1997894,35.9971059],[129.1999733,35.9970941],[129.2000848,35.9970916],[129.2002626,35.9970897],[129.2005187,35.9971009]]]]}},{"type":"Feature","properties":{"UFID":"100035901008A00110100000004441286"},"geometry":{"type":"MultiPolygon","coordinates":[[[[129.1760771,35.9979781],[129.1760424,35.9979582],[129.175,35.9973412],[129.1747641,35.9972021],[129.1744792,35.9970327],[129.1742986,35.996927],[129.1742769,35.9969122],[129.174275,35.9969079],[129.1742747,35.9969012],[129.174236,35.9969437],[129.1742483,35.9969422],[129.1742555,35.9969424],[129.1742791,35.9969484],[129.1743602,35.996996],[129.1745772,35.9971247],[129.1748108,35.9972627],[129.1749806,35.9973633],[129.175,35.9973748],[129.1760231,35.9979802],[129.1760686,35.9980062],[129.1760771,35.9979781]]]]}},{"type":"Feature","properties":{"UFID":"100035901007A00110100000004441306"},"geometry":{"type":"MultiPolygon","coordinates":[[[[129.1672352,35.9990373],[129.1671695,35.9990153],[129.1671713,35.9990345],[129.1670178,35.9996908],[129.1669329,36.0],[129.1669328,36.0000006],[129.1669058,36.0000935],[129.1668866,36.0001652],[129.1669346,36.0001763],[129.1669545,36.0001025],[129.166984,36.0000006],[129.1669842,36.0],[129.1670186,35.9998834],[129.167096,35.9995649],[129.1671739,35.9992825],[129.1672352,35.9990373]]]]}},{"type":"Feature","properties":{"UFID":"100035901008A00110100000004441307"},"geometry":{"type":"MultiPolygon","coordinates":[[[[129.1760568,36.0000378],[129.1760149,36.0000375],[129.1759837,36.0000357],[129.175957,36.0000319],[129.1759345,36.0000277],[129.1758913,36.0000066],[129.1758864,36.0000047],[129.1758771,36.0],[129.1758371,35.9999815],[129.175763,35.999931],[129.175693,35.9998611],[129.1756194,35.9997938],[129.1755601,35.9997636],[129.1754743,35.9997345],[129.1753371,35.9996884],[129.1753323,35.9996858],[129.1753089,35.9997116],[129.1753203,35.9997118],[129.1753212,35.9997123],[129.1754616,35.9997595],[129.1755447,35.9997876],[129.1755976,35.9998146],[129.1756676,35.9998786],[129.1757392,35.99995],[129.1758136,36.0],[129.1758705,36.0000285],[129.1759362,36.0000539],[129.1759645,36.0000591],[129.1760016,36.0000651],[129.1760122,36.0000796],[129.1760568,36.0000378]]]]}},{"type":"Feature","properties":{"UFID":"100035901008A00110100000004441308"},"geometry":{"type":"MultiPolygon","coordinates":[[[[129.1865107,36.0000383],[129.1865119,36.0000353],[129.1865124,36.00003],[129.1865101,36.0000194],[129.1864972,36.0000058],[129.1864875,36.0],[129.1864581,35.9999824],[129.1863742,35.9999337],[129.1863115,35.9999011],[129.1862784,35.9998646],[129.1862715,35.999845],[129.1862704,35.9998311],[129.1862812,35.999792],[129.1861994,35.9998256],[129.1862348,35.9998709],[129.1862744,35.9999226],[129.1862971,35.9999435],[129.1863618,35.9999788],[129.1864005,35.9999961],[129.1864052,36.0],[129.1864246,36.0000162],[129.1864318,36.0000307],[129.1864355,36.0000473],[129.1865107,36.0000383]]]]}},{"type":"Feature","properties":{"UFID":"100035901008A00110100000004441309"},"geometry":{"type":"MultiPolygon","coordinates":[[[[129.1882417,36.0000132],[129.1882071,36.0],[129.1881479,35.9999774],[129.1880121,35.9999145],[129.1877079,35.9997845],[129.1875466,35.9997232],[129.1875338,35.9997199],[129.1875296,35.9997152],[129.1874682,35.9997667],[129.1875319,35.9997862],[129.1876174,35.9998155],[129.1877199,35.9998537],[129.1878424,35.9999019],[129.1880315,35.9999815],[129.1880763,36.0],[129.1881719,36.0000396],[129.1881836,36.0000471],[129.1882417,36.0000132]]]]}},{"type":"Feature","properties":{"UFID":"100036913097A00110100000004441310"},"geometry":{"type":"MultiPolygon","coordinates":[[[[129.1725553,36.0002886],[129.1725729,36.0003116],[129.1727451,36.0002193],[129.1727982,36.000195],[129.1729201,36.000138],[129.1730499,36.000091],[129.1731164,36.0000685],[129.1732999,36.0000002],[129.1733003,36.0],[129.1734778,35.999939],[129.1734647,35.9999141],[129.1732204,36.0],[129.17322,36.0000002],[129.173103,36.0000437],[129.1730367,36.0000662],[129.172905,36.0001139],[129.1727817,36.0001715],[129.1727277,36.0001962],[129.1725553,36.0002886]]]]}},{"type":"Feature","properties":{"UFID":"100035901008A00110100000004441311"},"geometry":{"type":"MultiPolygon","coordinates":[[[[129.195776,35.9999699],[129.1957367,35.9999059],[129.1955398,35.9999391],[129.1955116,35.9999429],[129.1955276,36.0],[129.1955291,36.0000071],[129.195551,36.0000004],[129.1955534,36.0],[129.1956789,35.9999802],[129.195776,35.9999699]]]]}},{"type":"Feature","properties":{"UFID":"100035901008A00110100000004441313"},"geometry":{"type":"MultiPolygon","coordinates":[[[[129.1955291,36.0000071],[129.1955276,36.0],[129.1955116,35.9999429],[129.1953731,35.9999602],[129.1953845,36.0],[129.1953909,36.000029],[129.1955291,36.0000071]]]]}},{"type":"Feature","properties":{"UFID":"100036913098A00110100000004441314"},"geometry":{"type":"MultiPolygon","coordinates":[[[[129.1953909,36.000029],[129.1953845,36.0],[129.1953731,35.9999602],[129.1951779,36.0],[129.1951759,36.0000004],[129.1950341,36.0000161],[129.1950511,36.0000953],[129.1950761,36.0000693],[129.1953678,36.0000272],[129.1953909,36.000029]]]]}},{"type":"Feature","properties":{"UFID":"100035901007A00110100000004441315"},"geometry":{"type":"MultiPolygon","coordinates":[[[[129.1583151,36.0006107],[129.1582847,36.0005909],[129.1582624,36.0005599],[129.1582278,36.0004923],[129.1581921,36.0004325],[129.1581699,36.0003618],[129.1581604,36.0003277],[129.1581538,36.0002896],[129.1581441,36.0002435],[129.1581318,36.0001979],[129.1581295,36.0001572],[129.1581338,36.0001176],[129.1581397,36.0000986],[129.1582061,36.0000491],[129.1582883,36.0000117],[129.1583544,36.0000006],[129.1583593,36.0],[129.1584148,35.9999938],[129.1584607,35.9999889],[129.1584977,35.9999862],[129.1585243,35.9999828],[129.1585495,35.9999774],[129.1585674,35.9999702],[129.1585847,35.9999618],[129.1586007,35.9999515],[129.1586256,35.999931],[129.1586863,35.9998837],[129.1587422,35.9998459],[129.1588498,35.9997798],[129.1589483,35.9997375],[129.1590008,35.9997139],[129.159015,35.9997071],[129.1590169,35.9997059],[129.1590913,35.9996577],[129.1591436,35.9996214],[129.1592137,35.9995816],[129.1592781,35.9995422],[129.1592904,35.9995312],[129.1592957,35.9995251],[129.1593084,35.9995123],[129.159336,35.9994858],[129.1593739,35.9994624],[129.1593976,35.9994474],[129.159431,35.9994339],[129.1594891,35.9994081],[129.1596013,35.9993588],[129.1596725,35.9993284],[129.159713,35.9993078],[129.1597192,35.9993039],[129.159729,35.9992964],[129.159741,35.9992836],[129.1597837,35.9992414],[129.1598009,35.9992307],[129.1598472,35.9992057],[129.1599046,35.9991807],[129.1599717,35.9991457],[129.1600339,35.999103],[129.1600783,35.9990666],[129.1600962,35.9990466],[129.1601264,35.9990019],[129.1601588,35.9989716],[129.1601774,35.9989577],[129.1601967,35.998947],[129.1602104,35.998942],[129.160221,35.9989363],[129.1602304,35.9989325],[129.1602837,35.9989082],[129.1603708,35.9988498],[129.1604559,35.9987743],[129.1605373,35.9987159],[129.1606138,35.9986686],[129.16066,35.9986389],[129.1606705,35.9986302],[129.1606807,35.9986207],[129.1607427,35.9985557],[129.160793,35.998504],[129.1608745,35.9984313],[129.1609506,35.9983641],[129.1609992,35.998325],[129.1610439,35.9982953],[129.1611723,35.998224],[129.161287,35.9981545],[129.1613517,35.998108],[129.1613944,35.9980761],[129.1614069,35.9980656],[129.1614152,35.9980527],[129.1614183,35.9980407],[129.1614181,35.9980322],[129.1614219,35.9980033],[129.1614334,35.9979171],[129.1614414,35.9978816],[129.1614469,35.9978559],[129.1614595,35.9978352],[129.1614787,35.9978074],[129.1614995,35.9977794],[129.1615384,35.9977416],[129.161586,35.9977004],[129.1616494,35.9976528],[129.1616978,35.9976236],[129.1617519,35.9975866],[129.1618088,35.9975438],[129.1619035,35.9974603],[129.161981,35.9973867],[129.1621612,35.9972044],[129.1623207,35.9970298],[129.1624954,35.9968466],[129.1625759,35.996771],[129.1626336,35.9967259],[129.1626766,35.9966943],[129.1627478,35.9966597],[129.1628197,35.9966218],[129.1629045,35.9965895],[129.163067,35.9965378],[129.1632846,35.9964537],[129.1634724,35.9963539],[129.1635983,35.9962911],[129.1636121,35.9962869],[129.1636285,35.9962852],[129.1636377,35.9962852],[129.1637057,35.9962713],[129.1637373,35.9962642],[129.1637463,35.996259],[129.1637533,35.9962548],[129.1637606,35.9962494],[129.1637644,35.9962455],[129.163768,35.9962421],[129.1637999,35.9962087],[129.1638327,35.9961847],[129.1638873,35.9961544],[129.1639308,35.9961327],[129.1640208,35.9961029],[129.1641745,35.9960584],[129.1642845,35.9960299],[129.1643062,35.9959323],[129.1642967,35.9959375],[129.1642891,35.9959388],[129.1642785,35.9959384],[129.1642604,35.9959369],[129.1642544,35.9959369],[129.1642483,35.9959378],[129.1642394,35.9959415],[129.1642322,35.9959425],[129.1642272,35.9959425],[129.1642159,35.9959411],[129.1639434,35.9960744],[129.1639344,35.9960781],[129.1639245,35.9960794],[129.1637834,35.9961641],[129.1637675,35.9961883],[129.1637363,35.9962211],[129.1637327,35.9962244],[129.1637306,35.9962267],[129.1637274,35.996229],[129.1637223,35.996232],[129.1637193,35.9962337],[129.1636953,35.9962392],[129.1636326,35.996252],[129.1636259,35.996252],[129.1636021,35.9962544],[129.1635802,35.9962611],[129.1634505,35.9963258],[129.1632645,35.9964247],[129.1630508,35.9965072],[129.1628884,35.9965589],[129.1627998,35.9965926],[129.1627262,35.9966315],[129.1626521,35.9966674],[129.1626056,35.9967016],[129.1625462,35.9967481],[129.1624637,35.9968255],[129.1622881,35.9970096],[129.1621288,35.9971841],[129.1619495,35.9973655],[129.1618729,35.9974382],[129.1617798,35.9975203],[129.1617248,35.9975617],[129.1616724,35.9975975],[129.1616233,35.9976271],[129.1615572,35.9976768],[129.1615078,35.9977195],[129.1614661,35.99776],[129.1614433,35.9977907],[129.1614234,35.9978196],[129.1614075,35.9978454],[129.1614011,35.9978758],[129.1613928,35.9979123],[129.1613812,35.9979997],[129.1613771,35.9980308],[129.1613773,35.9980376],[129.1613763,35.9980414],[129.1613734,35.9980459],[129.1613658,35.9980522],[129.1613243,35.9980833],[129.1612611,35.9981286],[129.1611485,35.9981969],[129.1610208,35.9982678],[129.1609724,35.9983004],[129.16092,35.9983419],[129.1608443,35.9984088],[129.1607618,35.9984824],[129.1607105,35.9985352],[129.16065,35.9985966],[129.1606404,35.9986066],[129.1606225,35.9986197],[129.1605887,35.9986423],[129.1605113,35.9986902],[129.1604271,35.9987506],[129.1603425,35.9988257],[129.1602605,35.9988807],[129.1602113,35.9989031],[129.1602005,35.9989074],[129.1601905,35.9989128],[129.1601767,35.9989179],[129.160152,35.9989316],[129.1601295,35.9989483],[129.1600926,35.9989827],[129.1600615,35.9990287],[129.160047,35.999045],[129.1600061,35.9990785],[129.1599473,35.9991189],[129.1598838,35.999152],[129.1598262,35.9991771],[129.15978,35.999202],[129.1597597,35.9992147],[129.1597066,35.9992652],[129.1596987,35.9992739],[129.1596934,35.9992781],[129.1596895,35.9992806],[129.1596521,35.9992995],[129.1595821,35.9993295],[129.1594696,35.9993789],[129.159412,35.9994043],[129.1593757,35.999419],[129.1593489,35.9994361],[129.1593076,35.9994615],[129.1592759,35.999492],[129.1592662,35.9995016],[129.159261,35.999508],[129.1592504,35.9995175],[129.1591897,35.9995547],[129.1591185,35.999595],[129.1590652,35.999632],[129.1589916,35.9996797],[129.1589807,35.999685],[129.1589292,35.9997081],[129.1588283,35.9997521],[129.1587166,35.9998199],[129.158659,35.9998589],[129.1585969,35.9999073],[129.1585733,35.9999267],[129.1585615,35.9999343],[129.1585478,35.999941],[129.1585361,35.9999457],[129.1585167,35.9999505],[129.1584917,35.9999533],[129.1584591,35.9999556],[129.1584084,35.9999599],[129.1583495,35.9999674],[129.158263,35.9999841],[129.1582297,36.0],[129.1582285,36.0000006],[129.1581933,36.0000196],[129.1581519,36.0000443],[129.1581113,36.0000768],[129.1580909,36.0001119],[129.1580927,36.000159],[129.1581004,36.0001913],[129.1581121,36.0002329],[129.1581266,36.0002956],[129.1581431,36.0004119],[129.1581612,36.0004782],[129.1582,36.0005203],[129.1582272,36.0005637],[129.1582295,36.0006039],[129.1582292,36.0006385],[129.1583151,36.0006107]]]]}},{"type":"Feature","properties":{"UFID":"100035901007A00110100000004441316"},"geometry":{"type":"MultiPolygon","coordinates":[[[[129.1627884,35.9982353],[129.1628285,35.9982201],[129.1628147,35.9982146],[129.162808,35.9982083],[129.1628026,35.9982023],[129.162796,35.9981846],[129.1627715,35.9981039],[129.1627418,35.9980313],[129.1627085,35.9979789],[129.1626794,35.9979667],[129.1626676,35.9979648],[129.1626587,35.9979646],[129.1626536,35.9979647],[129.1626443,35.9979651],[129.1626324,35.9979676],[129.1626203,35.9979696],[129.1626134,35.9979719],[129.1625905,35.997982],[129.1625752,35.9979922],[129.1625622,35.9980052],[129.1624473,35.9981145],[129.1623344,35.9982041],[129.1622165,35.9982879],[129.1620895,35.9983839],[129.1620552,35.9984306],[129.1620313,35.9984903],[129.1620034,35.9985536],[129.161987,35.9985721],[129.1619491,35.9986122],[129.1618848,35.9986614],[129.1618,35.9987169],[129.1617104,35.9987741],[129.161626,35.9988281],[129.1615368,35.9988893],[129.1614814,35.9989389],[129.1614191,35.9990014],[129.1612912,35.9991253],[129.1612419,35.9991771],[129.1612006,35.9992437],[129.1611602,35.9993273],[129.1611278,35.9993949],[129.1610921,35.999458],[129.1610834,35.9994716],[129.161038,35.9995189],[129.1609457,35.9995783],[129.1608583,35.9996383],[129.1607857,35.9996896],[129.1606919,35.9997489],[129.1606169,35.9997927],[129.1605272,35.9998418],[129.1604503,35.9998856],[129.1603343,35.9999302],[129.1602232,35.9999669],[129.1601347,36.0],[129.160133,36.0000006],[129.1600001,36.000054],[129.1598517,36.0001053],[129.1597195,36.0001589],[129.159581,36.0002288],[129.1594394,36.0002928],[129.1592782,36.0003541],[129.1591131,36.0004188],[129.1589542,36.0004738],[129.1588127,36.0005204],[129.1586815,36.0005507],[129.1585395,36.0005772],[129.158407,36.0006139],[129.1583514,36.0006203],[129.1583366,36.0006179],[129.1583216,36.0006133],[129.1583151,36.0006107],[129.1583573,36.0006563],[129.1583832,36.0006443],[129.1585787,36.0005949],[129.1587478,36.0005584],[129.1587749,36.0005579],[129.1588039,36.000556],[129.1588263,36.0005541],[129.1590776,36.0004684],[129.1594163,36.0003417],[129.1595814,36.0002623],[129.1598402,36.0001426],[129.1601427,36.0000381],[129.160159,36.0000259],[129.160169,36.0000146],[129.1602002,36.0000006],[129.1602021,36.0],[129.1603894,35.9999381],[129.1605099,35.9998846],[129.1606431,35.999808],[129.1607567,35.9997437],[129.1609503,35.9996085],[129.1610574,35.9995383],[129.1611021,35.9994936],[129.1611431,35.9994317],[129.1611845,35.9993434],[129.1612354,35.9992414],[129.1612978,35.9991626],[129.1614158,35.9990408],[129.1615274,35.9989358],[129.1615478,35.9989253],[129.161774,35.9987645],[129.1619332,35.998649],[129.1620214,35.9985686],[129.1620367,35.9985449],[129.1620745,35.9984581],[129.1620795,35.9984461],[129.1620827,35.9984386],[129.1621135,35.9984013],[129.1623019,35.9982539],[129.1624533,35.9981349],[129.1626037,35.9979994],[129.162628,35.9979917],[129.1626355,35.9979903],[129.1626513,35.9979895],[129.1626592,35.9979894],[129.1626817,35.9979974],[129.1626871,35.9980041],[129.1627136,35.998046],[129.1627407,35.9981212],[129.1627749,35.9981984],[129.1627884,35.9982353]]]]}},{"type":"Feature","properties":{"UFID":"100036913098A00110100000004441317"},"geometry":{"type":"MultiPolygon","coordinates":[[[[129.193763,36.0001948],[129.19374,36.0001849],[129.193746,36.0001686],[129.1937697,36.0001094],[129.1938186,36.0],[129.19385,35.999895],[129.1938583,35.9998803],[129.1938201,35.9998759],[129.1937831,36.0],[129.1937382,36.0001006],[129.1937143,36.0001605],[129.1937049,36.0001859],[129.1936994,36.0002027],[129.193763,36.0001948]]]]}},{"type":"Feature","properties":{"UFID":"100035901008A00110100000004441318"},"geometry":{"type":"MultiPolygon","coordinates":[[[[129.1934699,36.0002339],[129.1934192,36.0002173],[129.1933948,36.0001085],[129.1933731,36.0],[129.1933181,35.999725],[129.1933111,35.9996604],[129.193312,35.9996525],[129.1933162,35.9996396],[129.1932294,35.9996465],[129.193236,35.9996841],[129.1933206,36.0],[129.1933447,36.0001052],[129.193366,36.0002183],[129.1933338,36.000259],[129.1934699,36.0002339]]]]}},{"type":"Feature","properties":{"UFID":"100035901008A00110100000004441319"},"geometry":{"type":"MultiPolygon","coordinates":[[[[129.1928688,35.9994469],[129.1927195,35.9994641],[129.1927746,35.999492],[129.1928903,36.0],[129.1929378,36.0002824],[129.1930127,36.0003091],[129.1929465,36.0],[129.1928929,35.9997485],[129.1928392,35.9994964],[129.1928397,35.9994909],[129.1928688,35.9994469]]]]}},{"type":"Feature","properties":{"UFID":"100036913097A00110100000004441320"},"geometry":{"type":"MultiPolygon","coordinates":[[[[129.1636929,36.0006982],[129.1636698,36.0006711],[129.1636595,36.0006287],[129.1636529,36.0005824],[129.1636395,36.0004685],[129.1636372,36.0004145],[129.1636357,36.0003582],[129.1636354,36.0003082],[129.1636426,36.0002108],[129.1636453,36.0001584],[129.1636447,36.0000921],[129.163649,36.0000006],[129.163649,36.0],[129.1636496,35.9999464],[129.1636517,35.9999196],[129.1636564,35.9998882],[129.1636606,35.9998611],[129.1636713,35.9998335],[129.1636794,35.9998183],[129.16369,35.9997943],[129.1636942,35.9997709],[129.1636986,35.9997386],[129.1637093,35.999677],[129.1636507,35.9996895],[129.1636568,35.9997201],[129.1636552,35.9997512],[129.1636502,35.9997848],[129.163643,35.9998154],[129.1636286,35.9998474],[129.1636221,35.9998608],[129.1636197,35.9998699],[129.1636136,35.9998982],[129.1636094,35.999938],[129.163606,35.9999694],[129.1636056,36.0],[129.1636056,36.0000006],[129.1636003,36.0000512],[129.1636015,36.0000945],[129.1635907,36.0002089],[129.1635847,36.0003471],[129.1635852,36.0004215],[129.1635863,36.0004759],[129.1635879,36.0005203],[129.1635945,36.0005542],[129.1636087,36.00059],[129.1636184,36.0006198],[129.1636229,36.0006533],[129.1636229,36.0006945],[129.1636091,36.0007321],[129.1636929,36.0006982]]]]}},{"type":"Feature","properties":{"UFID":"100035901007A00110100000004441321"},"geometry":{"type":"MultiPolygon","coordinates":[[[[129.1657639,35.9957402],[129.1657254,35.9958156],[129.165779,35.9957984],[129.1658397,35.995778],[129.1658754,35.995754],[129.1659119,35.9957198],[129.1660425,35.995547],[129.1660867,35.9955095],[129.1661193,35.9954916],[129.1661576,35.9954816],[129.1662119,35.9954717],[129.1663125,35.995465],[129.1664079,35.9954661],[129.1664598,35.9954756],[129.1664966,35.995492],[129.1665248,35.9955166],[129.1665472,35.9955536],[129.1665582,35.9956032],[129.1665659,35.9956486],[129.1665685,35.9956961],[129.1665695,35.9957386],[129.1665669,35.9957741],[129.1665596,35.9958162],[129.1665455,35.9958722],[129.1665318,35.9959356],[129.1665251,35.9959943],[129.1665233,35.9960374],[129.1665248,35.9960591],[129.166526,35.9960813],[129.166529,35.9961055],[129.1665345,35.9961305],[129.1665394,35.9961462],[129.1665826,35.9962282],[129.1666232,35.9963145],[129.1666345,35.9963748],[129.1666344,35.9963955],[129.166631,35.9964473],[129.1666255,35.9964656],[129.1666226,35.9964758],[129.166613,35.9965106],[129.1665772,35.9965955],[129.1665024,35.9967091],[129.1663574,35.9969245],[129.1662263,35.9970925],[129.1661829,35.9971382],[129.1661639,35.9971516],[129.1661469,35.9971674],[129.1660074,35.9972681],[129.16583,35.9974004],[129.1657569,35.9974801],[129.1657462,35.9974945],[129.1657399,35.9975057],[129.1657383,35.9975112],[129.1657284,35.9975461],[129.1657259,35.9975714],[129.1657139,35.9976887],[129.1656925,35.9977728],[129.1656621,35.9979049],[129.1656271,35.99807],[129.1656056,35.9981438],[129.1655902,35.9981844],[129.165543,35.9982719],[129.1654664,35.9983752],[129.1654053,35.9984652],[129.1653844,35.9984895],[129.1653533,35.9985252],[129.1653347,35.9985387],[129.1652836,35.9985788],[129.1652602,35.9986116],[129.1652363,35.9986495],[129.1652283,35.9986965],[129.1652296,35.998743],[129.1652346,35.9987918],[129.1652445,35.9988834],[129.1652458,35.9989452],[129.1652444,35.9989616],[129.165243,35.9989808],[129.1652344,35.9990263],[129.1652315,35.9990763],[129.165232,35.9991143],[129.1652352,35.9991463],[129.165241,35.9991619],[129.1652572,35.9992472],[129.1652671,35.9993106],[129.1652694,35.9993468],[129.1652695,35.999377],[129.1652672,35.9994035],[129.1652656,35.9994421],[129.1652359,35.9995881],[129.1652222,35.999688],[129.1652157,35.9997474],[129.1652043,35.9998174],[129.1651931,35.9998632],[129.1651782,35.999891],[129.1651476,35.9999307],[129.1651182,35.9999648],[129.1651083,35.999974],[129.1650953,35.9999803],[129.1650917,35.999983],[129.1650568,36.0],[129.1650555,36.0000006],[129.164998,36.0000237],[129.1649241,36.00006],[129.1648868,36.0000801],[129.1648451,36.000101],[129.1648069,36.0001243],[129.1647748,36.0001541],[129.1647395,36.0001926],[129.1646976,36.0002399],[129.1646553,36.0002841],[129.1646264,36.0003276],[129.1646036,36.0003595],[129.1645864,36.0003802],[129.16454,36.0004266],[129.1645082,36.0004523],[129.1644709,36.0004795],[129.1643888,36.0005494],[129.164343,36.0005826],[129.1643007,36.0006071],[129.1642641,36.0006257],[129.1642212,36.0006355],[129.1641717,36.0006412],[129.1641122,36.0006494],[129.1640547,36.0006581],[129.1640061,36.000668],[129.163967,36.0006798],[129.163868,36.0007066],[129.1638255,36.0007173],[129.1637822,36.0007199],[129.1637496,36.0007187],[129.1636929,36.0006982],[129.1636985,36.0007475],[129.1637406,36.0007464],[129.1637861,36.0007458],[129.1638381,36.0007374],[129.1638966,36.0007247],[129.164013,36.0007003],[129.1641118,36.0006881],[129.1641708,36.0006826],[129.1642258,36.0006757],[129.1642626,36.0006716],[129.164301,36.000662],[129.1643333,36.0006441],[129.164368,36.0006164],[129.1644005,36.0005895],[129.1644351,36.0005578],[129.1644662,36.0005328],[129.1644995,36.0005081],[129.1645401,36.0004816],[129.1645782,36.000456],[129.1646114,36.0004303],[129.1646405,36.000402],[129.1646632,36.0003705],[129.1646803,36.0003344],[129.1647012,36.0002993],[129.164728,36.0002644],[129.1647547,36.0002338],[129.1647838,36.0002039],[129.1648145,36.0001763],[129.1648488,36.0001468],[129.1648776,36.0001198],[129.1649063,36.0000982],[129.1649377,36.0000761],[129.1649709,36.0000609],[129.1650019,36.0000485],[129.1650239,36.0000404],[129.1650381,36.0000354],[129.1651215,36.0000006],[129.1651223,36.0],[129.1651571,35.9999739],[129.1651879,35.9999399],[129.1652229,35.9999006],[129.1652319,35.9998813],[129.1652389,35.9998518],[129.1652485,35.999802],[129.1652606,35.999706],[129.1652646,35.9996518],[129.1652857,35.9995438],[129.1653006,35.9994586],[129.1653112,35.9994047],[129.1653146,35.999376],[129.1653142,35.9993556],[129.1653122,35.9993276],[129.1653054,35.9992655],[129.165282,35.9991487],[129.1652742,35.9990903],[129.1652732,35.9990666],[129.1652731,35.9990499],[129.1652734,35.9990362],[129.1652767,35.9990188],[129.1652826,35.9990003],[129.1652985,35.9989611],[129.1653007,35.9989482],[129.1652996,35.9989345],[129.1652971,35.9989084],[129.1652924,35.9988841],[129.1652885,35.9988602],[129.1652816,35.9988357],[129.165276,35.9988037],[129.1652693,35.9987709],[129.1652671,35.9987394],[129.1652666,35.998704],[129.1652672,35.9986816],[129.1652688,35.9986617],[129.1652715,35.998645],[129.1652769,35.9986302],[129.165286,35.9986175],[129.1652914,35.9986098],[129.1653554,35.9985565],[129.1654104,35.9985117],[129.1654318,35.9984914],[129.1654823,35.9984207],[129.1655679,35.9982949],[129.1656084,35.9982203],[129.1656346,35.998172],[129.1656496,35.9981209],[129.1656772,35.9980197],[129.1657091,35.997908],[129.1657384,35.9977904],[129.1657563,35.9976985],[129.1657715,35.9975982],[129.1657872,35.9975316],[129.1657922,35.9975],[129.1657959,35.9974851],[129.1658013,35.9974744],[129.1658725,35.9974061],[129.1659842,35.9973277],[129.1661899,35.9971798],[129.1662393,35.9971418],[129.1662499,35.9971321],[129.1662659,35.9971181],[129.1662963,35.9970858],[129.1663869,35.9969556],[129.166474,35.996831],[129.1665556,35.9967191],[129.1666331,35.9965993],[129.1666535,35.9965442],[129.1666766,35.996474],[129.1666802,35.996435],[129.1666805,35.9964101],[129.1666815,35.9963832],[129.1666814,35.9963648],[129.1666812,35.996351],[129.166678,35.9963373],[129.1666733,35.9963227],[129.166663,35.9962937],[129.1666406,35.9962496],[129.1665988,35.9961673],[129.1665747,35.9960677],[129.1665733,35.9960457],[129.1665734,35.9960163],[129.1665764,35.9959875],[129.1665963,35.9958855],[129.1666143,35.9957879],[129.1666205,35.9957435],[129.1666212,35.9957292],[129.1666166,35.9956851],[129.1666094,35.9956414],[129.1665844,35.9955532],[129.1665659,35.995516],[129.166543,35.9954796],[129.1665094,35.9954577],[129.1664785,35.995447],[129.1664228,35.9954361],[129.1663482,35.9954345],[129.1661522,35.9954476],[129.1661162,35.9954581],[129.1660825,35.9954727],[129.1660397,35.9955053],[129.1659936,35.9955571],[129.165943,35.9956272],[129.1658768,35.995709],[129.1658325,35.9957448],[129.1658168,35.9957516],[129.1658037,35.9957528],[129.1657885,35.9957518],[129.1657748,35.9957477],[129.1657639,35.9957402]]]]}},{"type":"Feature","properties":{"UFID":"100035901008A00110100000004441324"},"geometry":{"type":"MultiPolygon","coordinates":[[[[129.1926316,36.000347],[129.1925555,36.0],[129.1924281,35.9995577],[129.1922361,35.9995686],[129.1923263,36.0],[129.1923717,36.0001684],[129.1924131,36.0003719],[129.1926316,36.000347]]]]}},{"type":"Feature","properties":{"UFID":"100036913098A00110100000004441325"},"geometry":{"type":"MultiPolygon","coordinates":[[[[129.1873222,35.999743],[129.1871871,35.999728],[129.187223,35.9997574],[129.1872191,35.9998313],[129.1872105,35.9999551],[129.1872089,35.9999786],[129.1872057,36.0],[129.1872024,36.000028],[129.1871849,36.0001229],[129.1871623,36.0002559],[129.1871314,36.0003926],[129.1871127,36.0004469],[129.1871441,36.0004627],[129.1871639,36.0003987],[129.1871951,36.0002602],[129.1872178,36.0001268],[129.1872355,36.0000313],[129.1872391,36.0],[129.1872412,35.9999876],[129.187245,35.9999643],[129.1872514,35.999882],[129.1872573,35.9998516],[129.1872653,35.9998277],[129.187277,35.9997991],[129.1872925,35.999773],[129.1872974,35.9997673],[129.1873023,35.9997615],[129.1873107,35.9997518],[129.1873222,35.999743]]]]}},{"type":"Feature","properties":{"UFID":"100036913098A00110100000004441326"},"geometry":{"type":"MultiPolygon","coordinates":[[[[129.1836187,35.9999734],[129.1834307,35.9999578],[129.1834126,36.0],[129.1834124,36.0000006],[129.1833972,36.0000195],[129.1833823,36.0000449],[129.1833773,36.0000618],[129.1833781,36.0000945],[129.1833809,36.0001187],[129.1833856,36.0001626],[129.1833885,36.0001797],[129.1833907,36.000188],[129.1834468,36.000303],[129.183452,36.0003125],[129.1834771,36.0003455],[129.1835457,36.0004142],[129.1836359,36.0005125],[129.1836481,36.0005291],[129.1836747,36.0005539],[129.1836748,36.00057],[129.1838462,36.0005079],[129.1837784,36.0004496],[129.1837921,36.0004425],[129.1837914,36.0004393],[129.1836946,36.0003334],[129.1836682,36.0003079],[129.1836043,36.0002377],[129.1835701,36.0001761],[129.1835534,36.0001323],[129.1835512,36.0001071],[129.1835512,36.0000849],[129.1835521,36.0000723],[129.1835576,36.000055],[129.1835697,36.0000196],[129.1835992,36.0000006],[129.1835996,36.0],[129.1836187,35.9999734]]]]}},{"type":"Feature","properties":{"UFID":"100036913098A00110100000004441333"},"geometry":{"type":"MultiPolygon","coordinates":[[[[129.1753089,35.9997116],[129.17527,35.9996735],[129.1752687,35.9996823],[129.1752618,35.9996933],[129.1752472,35.999707],[129.1752038,35.9997428],[129.175151,35.9997958],[129.1751409,35.9998063],[129.1751266,35.9998396],[129.1751025,35.9998864],[129.1750765,35.9999563],[129.1750696,35.9999725],[129.175054,36.0],[129.1750282,36.0000702],[129.175,36.0001404],[129.174994,36.0001553],[129.1749905,36.0001657],[129.1749855,36.0001842],[129.1749845,36.0001928],[129.174985,36.0002087],[129.1749894,36.0002248],[129.1749937,36.0002359],[129.175,36.0002456],[129.1750181,36.0002733],[129.1750601,36.0003265],[129.1750792,36.000357],[129.175088,36.000376],[129.1750908,36.0003886],[129.1750912,36.0004018],[129.1750887,36.0004203],[129.1750843,36.0004326],[129.1750801,36.0004423],[129.1750281,36.0005039],[129.175,36.0005398],[129.1749738,36.0005712],[129.1749174,36.0006432],[129.1748703,36.000716],[129.1748348,36.0007973],[129.17482,36.000835],[129.174818,36.0008428],[129.1748158,36.0008532],[129.1748158,36.0008675],[129.1748179,36.0008806],[129.174825,36.000896],[129.1748553,36.0008845],[129.1748504,36.000874],[129.1748491,36.0008657],[129.1748491,36.0008555],[129.1748507,36.0008479],[129.1748522,36.000842],[129.1748664,36.0008059],[129.1749008,36.0007269],[129.1749462,36.0006567],[129.175,36.000588],[129.1750317,36.0005478],[129.1750556,36.0005191],[129.1751101,36.0004546],[129.175116,36.0004408],[129.1751214,36.0004255],[129.1751245,36.0004029],[129.175124,36.0003859],[129.1751203,36.0003688],[129.1751097,36.0003461],[129.1750891,36.000313],[129.1750469,36.0002596],[129.1750245,36.0002254],[129.1750216,36.0002179],[129.1750182,36.0002054],[129.1750179,36.0001937],[129.1750184,36.0001883],[129.1750228,36.0001722],[129.1750259,36.0001631],[129.1750599,36.0000783],[129.1750888,36.0],[129.1751162,35.999943],[129.1751338,35.9998956],[129.1751553,35.999854],[129.1751777,35.9998167],[129.1752249,35.9997672],[129.1753089,35.9997116]]]]}},{"type":"Feature","properties":{"UFID":"100036913097A00110100000004441334"},"geometry":{"type":"MultiPolygon","coordinates":[[[[129.1705448,36.0009513],[129.1705251,36.0009524],[129.1705126,36.0009394],[129.1705062,36.0009292],[129.1704336,36.0008145],[129.1703441,36.0006614],[129.1702552,36.0005247],[129.1701794,36.0004026],[129.1701166,36.0003128],[129.1700786,36.0002585],[129.1700433,36.0002247],[129.1699559,36.000164],[129.1699327,36.0001584],[129.1698738,36.0001125],[129.1698203,36.0000664],[129.1697776,36.0000242],[129.1697556,36.0000004],[129.1697552,36.0],[129.1697228,35.9999611],[129.1696891,35.9999173],[129.1696583,35.9998761],[129.1696363,35.9998465],[129.1696186,35.9998211],[129.1696122,35.9998141],[129.169589,35.9997885],[129.1695158,35.9997419],[129.1695138,35.9997407],[129.169509,35.9997326],[129.1695221,35.9996781],[129.1694995,35.9996672],[129.1694103,35.9997018],[129.1694835,35.9997494],[129.1695731,35.9998155],[129.1695855,35.9998301],[129.1695906,35.9998358],[129.1696076,35.9998601],[129.1696299,35.9998901],[129.1696608,35.9999315],[129.1696949,35.9999758],[129.1697151,36.0],[129.1697154,36.0000004],[129.1697252,36.0000104],[129.1697566,36.0000445],[129.1698265,36.0001097],[129.1699056,36.0001724],[129.1699988,36.000249],[129.1700632,36.0003083],[129.1700902,36.0003376],[129.1701815,36.0004748],[129.1702806,36.0006319],[129.1704561,36.0009195],[129.1705035,36.0009966],[129.1705086,36.0010021],[129.1705448,36.0009513]]]]}},{"type":"Feature","properties":{"UFID":"100036913098A00110100000004441335"},"geometry":{"type":"MultiPolygon","coordinates":[[[[129.1982856,35.9995677],[129.1981768,35.9995609],[129.1981776,35.9995613],[129.1981832,35.9995685],[129.1981886,35.9995803],[129.1981908,35.9995896],[129.1981911,35.9995974],[129.1981839,35.999612],[129.1980953,35.9996892],[129.1977322,36.0],[129.1974053,36.0002829],[129.1969804,36.0006479],[129.1970342,36.0006878],[129.1975537,36.0002316],[129.1978247,36.0],[129.1978931,35.9999429],[129.1980355,35.999815],[129.1982519,35.9996229],[129.1982821,35.9995955],[129.1982859,35.9995868],[129.1982862,35.9995791],[129.1982856,35.9995677]]]]}},{"type":"Feature","properties":{"UFID":"100035901008A00110100000004441336"},"geometry":{"type":"MultiPolygon","coordinates":[[[[129.1993547,35.9987486],[129.1992951,35.9987499],[129.199293,35.9987543],[129.1992551,35.9987894],[129.199035,35.9989815],[129.1989371,35.9990712],[129.1984112,35.9995247],[129.1978657,36.0],[129.1975784,36.000252],[129.1970775,36.000684],[129.1970632,36.0006922],[129.1970737,36.0007328],[129.1971022,36.0007022],[129.1976027,36.0002705],[129.197911,36.0],[129.198228,35.999724],[129.1986823,35.9993325],[129.1990692,35.9989979],[129.1993547,35.9987486]]]]}},{"type":"Feature","properties":{"UFID":"100036913097A00110100000004441337"},"geometry":{"type":"MultiPolygon","coordinates":[[[[129.1630683,36.0011941],[129.1630599,36.0011762],[129.1630602,36.0011558],[129.1630829,36.0011259],[129.1631003,36.0011061],[129.1631229,36.0010909],[129.163158,36.0010762],[129.1632091,36.0010589],[129.1632414,36.0010376],[129.1632661,36.001017],[129.1632917,36.0009811],[129.1633079,36.0009468],[129.1633154,36.0009075],[129.1633186,36.0008694],[129.1633211,36.0008165],[129.1633214,36.0006749],[129.1633247,36.0006172],[129.1633329,36.0005087],[129.1633361,36.0004567],[129.1633397,36.0004042],[129.1633454,36.0003541],[129.16335,36.0003087],[129.1633576,36.0002566],[129.163374,36.000172],[129.1633766,36.0001386],[129.1633769,36.0001116],[129.1634046,36.0000006],[129.1634048,36.0],[129.1634128,35.9999599],[129.1634201,35.999924],[129.1634386,35.9998487],[129.1634658,35.9997787],[129.1634818,35.9997411],[129.1634905,35.9997118],[129.1634929,35.9996914],[129.1634939,35.9996582],[129.1634957,35.9996393],[129.1634385,35.9996434],[129.1634437,35.9996557],[129.1634454,35.9996773],[129.1634431,35.9997011],[129.163435,35.999732],[129.1634231,35.9997742],[129.1634121,35.9998106],[129.163403,35.999844],[129.1633872,35.9998973],[129.1633769,35.9999611],[129.1633686,36.0],[129.1633685,36.0000006],[129.1633338,36.0001459],[129.1633238,36.0003337],[129.1632969,36.0005293],[129.1632832,36.0006591],[129.1632839,36.000738],[129.1632852,36.0007766],[129.1632862,36.000815],[129.1632853,36.0008553],[129.1632823,36.0008977],[129.163278,36.0009293],[129.1632365,36.0009876],[129.163202,36.001014],[129.1631669,36.0010356],[129.1631306,36.0010554],[129.1630892,36.0010772],[129.1630364,36.0011302],[129.1630217,36.00116],[129.1630045,36.001192],[129.1629877,36.001214],[129.1630683,36.0011941]]]]}},{"type":"Feature","properties":{"UFID":"100036913098A00110100000004441338"},"geometry":{"type":"MultiPolygon","coordinates":[[[[129.1966326,36.0007341],[129.1964973,36.0],[129.1964612,35.9997978],[129.1963367,35.9999221],[129.1963536,36.0],[129.1964838,36.0005973],[129.1965128,36.0007599],[129.1966326,36.0007341]]]]}},{"type":"Feature","properties":{"UFID":"100036913098A00110100000004441339"},"geometry":{"type":"MultiPolygon","coordinates":[[[[129.1958903,35.9999553],[129.195776,35.9999699],[129.1958261,36.0],[129.1958267,36.0000004],[129.1958546,36.0001031],[129.1960063,36.0008165],[129.1960629,36.000818],[129.1959091,36.0000944],[129.1958835,36.0000004],[129.1958836,36.0],[129.195889,35.999969],[129.1958903,35.9999553]]]]}},{"type":"Feature","properties":{"UFID":"100036913098A00110100000004441342"},"geometry":{"type":"MultiPolygon","coordinates":[[[[129.1834307,35.9999578],[129.1834732,35.9998902],[129.1834664,35.9998908],[129.1834627,35.9998898],[129.1834174,35.9998706],[129.1834087,35.9998693],[129.1833957,35.9998694],[129.1833814,35.9998754],[129.1833729,35.9998831],[129.1833123,35.9999605],[129.1832823,36.0],[129.1832304,36.0000685],[129.1831602,36.0001665],[129.1830846,36.0002652],[129.1830619,36.0002896],[129.1830257,36.0002964],[129.1828519,36.0002338],[129.1826648,36.000168],[129.1826503,36.0001663],[129.1825444,36.0001719],[129.1823169,36.0001026],[129.182264,36.000316],[129.1822115,36.0005449],[129.1821697,36.0007215],[129.1821016,36.0010075],[129.1820804,36.001088],[129.1823611,36.0011341],[129.1823709,36.0010861],[129.1822111,36.0010584],[129.182166,36.0010085],[129.1822175,36.0007834],[129.1822875,36.0004913],[129.1823507,36.000214],[129.1824135,36.0001866],[129.1825361,36.0002233],[129.1826526,36.0002167],[129.182889,36.0003071],[129.1830732,36.0003749],[129.1832151,36.0002003],[129.183311,36.000065],[129.1833558,36.0],[129.1833736,35.9999743],[129.1833858,35.9999605],[129.1833992,35.9999513],[129.1834175,35.9999471],[129.1834234,35.9999484],[129.1834277,35.9999507],[129.1834305,35.9999543],[129.1834307,35.9999578]]]]}},{"type":"Feature","properties":{"UFID":"100036913097A00110100000004441349"},"geometry":{"type":"MultiPolygon","coordinates":[[[[129.1630119,36.0012631],[129.1629877,36.001214],[129.1629516,36.0012402],[129.162921,36.0012517],[129.1628853,36.0012595],[129.1628481,36.0012647],[129.1628124,36.0012731],[129.1626347,36.0013506],[129.1622923,36.0015096],[129.16209,36.0015659],[129.1618851,36.001627],[129.1617306,36.0016843],[129.1616281,36.0017055],[129.1615914,36.0017078],[129.1615648,36.0017013],[129.161493,36.0016724],[129.1613627,36.0015682],[129.1612611,36.0014755],[129.161201,36.0014032],[129.1611774,36.0013741],[129.1611583,36.0013329],[129.1611226,36.0012381],[129.1611123,36.0011922],[129.1611084,36.0011542],[129.1611086,36.0011139],[129.1611175,36.0010701],[129.1611276,36.001037],[129.1611396,36.0010128],[129.1611541,36.0009914],[129.1611741,36.000967],[129.1612044,36.0009366],[129.1612363,36.0009061],[129.161259,36.0008808],[129.161293,36.0008397],[129.1613103,36.000811],[129.1613258,36.0007805],[129.1613455,36.0007521],[129.1613691,36.0007206],[129.1613897,36.0006873],[129.1614149,36.0006564],[129.1614355,36.0006285],[129.161451,36.0006111],[129.1615434,36.0005016],[129.1616023,36.0004008],[129.1616333,36.000333],[129.1616675,36.0002505],[129.161691,36.0001742],[129.1617166,36.000127],[129.161771,36.0000463],[129.1617924,36.0000135],[129.1618002,36.0000006],[129.1618004,36.0],[129.1618084,35.999978],[129.1618235,35.9999358],[129.1618307,35.9998921],[129.1618506,35.9997697],[129.1618593,35.9996856],[129.1618746,35.9996266],[129.1619047,35.999572],[129.1619592,35.9994756],[129.1620324,35.9993428],[129.1620891,35.9992534],[129.1621193,35.9992065],[129.1621481,35.9991573],[129.1621767,35.9991221],[129.1622267,35.9990699],[129.1622901,35.9990169],[129.1623508,35.9989788],[129.1624484,35.9989254],[129.1625586,35.9988641],[129.162681,35.9987951],[129.1627218,35.9987795],[129.1627688,35.9987675],[129.1628238,35.998757],[129.1628799,35.9987458],[129.1629361,35.9987283],[129.1629716,35.9987038],[129.1629959,35.9986758],[129.163005,35.9986444],[129.1630065,35.9986169],[129.1630028,35.998589],[129.1629929,35.9985608],[129.1629886,35.9985498],[129.1629259,35.9984436],[129.1628894,35.9983687],[129.1628785,35.9983231],[129.162879,35.9982902],[129.1628146,35.9983071],[129.1628161,35.9983112],[129.1628659,35.9984305],[129.162906,35.998486],[129.1629371,35.9985399],[129.1629532,35.998583],[129.1629583,35.9986023],[129.1629584,35.9986143],[129.1629551,35.9986343],[129.1629525,35.9986491],[129.1629481,35.9986604],[129.1629353,35.9986777],[129.1629079,35.9986961],[129.1628634,35.9987134],[129.1628236,35.9987223],[129.162765,35.9987329],[129.1627138,35.9987441],[129.1626758,35.9987549],[129.1626341,35.9987734],[129.1625764,35.998801],[129.1624392,35.9988764],[129.1623051,35.9989534],[129.1622413,35.9990026],[129.1621634,35.9990814],[129.1621169,35.9991397],[129.1620507,35.9992509],[129.1619728,35.9993754],[129.1619106,35.9994789],[129.1619148,35.9994662],[129.1618752,35.9995436],[129.1618409,35.9996132],[129.1618267,35.9996501],[129.1618154,35.9996888],[129.1618126,35.9997267],[129.1618079,35.9997601],[129.1617996,35.9998246],[129.1617943,35.9998681],[129.1617835,35.9999277],[129.1617678,35.9999828],[129.1617614,36.0],[129.1617612,36.0000006],[129.1617256,36.0000643],[129.1617012,36.000098],[129.1616813,36.0001385],[129.1616437,36.0002316],[129.1615755,36.0003781],[129.1615369,36.0004508],[129.1614142,36.0005946],[129.1613349,36.0007051],[129.1612704,36.0007962],[129.1612542,36.0008129],[129.1612247,36.0008591],[129.1611983,36.0008975],[129.1611713,36.000929],[129.1611427,36.0009618],[129.1611112,36.0009986],[129.1610916,36.0010293],[129.1610769,36.0010627],[129.1610676,36.0011104],[129.1610641,36.0011477],[129.1610679,36.0011931],[129.161078,36.0012324],[129.1611632,36.0013886],[129.1612235,36.0014879],[129.1613249,36.0015727],[129.1614766,36.0016935],[129.1615572,36.001728],[129.1615826,36.0017312],[129.1616264,36.0017299],[129.1616832,36.001725],[129.1617626,36.0017033],[129.1618657,36.0016674],[129.1620912,36.0015908],[129.1622968,36.0015387],[129.1624169,36.0014843],[129.1625401,36.0014219],[129.162666,36.0013661],[129.1627295,36.0013384],[129.1627941,36.0013145],[129.162843,36.0012982],[129.1628831,36.0012865],[129.1629254,36.0012777],[129.1629677,36.0012692],[129.1630119,36.0012631]]]]}},{"type":"Feature","properties":{"UFID":"100035901007A00110100000004441802"},"geometry":{"type":"MultiPolygon","coordinates":[[[[129.1744003,35.992395],[129.1742614,35.9923429],[129.1741773,35.9924909],[129.1742045,35.9925043],[129.1744003,35.992395]]]]}},{"type":"Feature","properties":{"UFID":"100035901007A00110100000004441803"},"geometry":{"type":"MultiPolygon","coordinates":[[[[129.1743134,35.9922407],[129.1742734,35.9921674],[129.174245,35.9921912],[129.1741612,35.9922958],[129.1741537,35.9923051],[129.174055,35.9924358],[129.1740546,35.9924363],[129.1740206,35.9924813],[129.1739802,35.9925665],[129.1739349,35.9926687],[129.1739027,35.9927536],[129.1738977,35.9928227],[129.1738958,35.9928527],[129.1739944,35.9927308],[129.1739901,35.9927293],[129.1739872,35.9927238],[129.1739871,35.9927124],[129.1739924,35.9926924],[129.1740087,35.992663],[129.1740393,35.9926087],[129.1740556,35.9925586],[129.1741126,35.9924621],[129.1741129,35.9924616],[129.174134,35.9924259],[129.1742291,35.9923277],[129.1743134,35.9922407]]]]}},{"type":"Feature","properties":{"UFID":"100035901007A00110100000004441804"},"geometry":{"type":"MultiPolygon","coordinates":[[[[129.1723985,35.9915659],[129.1723488,35.9915483],[129.1722484,35.9917143],[129.1723004,35.991733],[129.1723985,35.9915659]]]]}},{"type":"Feature","properties":{"UFID":"100035901007A00110100000004441805"},"geometry":{"type":"MultiPolygon","coordinates":[[[[129.1724495,35.9915839],[129.1723985,35.9915659],[129.1723004,35.991733],[129.1723488,35.9917504],[129.1723676,35.9917658],[129.1724495,35.9915839]]]]}},{"type":"Feature","properties":{"UFID":"100035901007A00110100000004441806"},"geometry":{"type":"MultiPolygon","coordinates":[[[[129.1728143,35.9917143],[129.1728138,35.9917143],[129.1728016,35.9917094],[129.1726826,35.9916649],[129.1726008,35.991637],[129.1725365,35.9916151],[129.1725285,35.9916119],[129.1724074,35.9917985],[129.1724102,35.991798],[129.1724141,35.9917982],[129.1726265,35.9918693],[129.1726844,35.9918939],[129.1728143,35.9917143]]]]}},{"type":"Feature","properties":{"UFID":"100035901007A00110100000004441807"},"geometry":{"type":"MultiPolygon","coordinates":[[[[129.1725285,35.9916119],[129.1724495,35.9915839],[129.1723676,35.9917658],[129.1724074,35.9917985],[129.1725285,35.9916119]]]]}},{"type":"Feature","properties":{"UFID":"100035901007A00110100000004441808"},"geometry":{"type":"MultiPolygon","coordinates":[[[[129.1723488,35.9915483],[129.1722233,35.9915038],[129.172141,35.9916757],[129.1722484,35.9917143],[129.1723488,35.9915483]]]]}},{"type":"Feature","properties":{"UFID":"100035901007A00110100000004441809"},"geometry":{"type":"MultiPolygon","coordinates":[[[[129.1722233,35.9915038],[129.1722111,35.9915035],[129.1722001,35.9915015],[129.1720743,35.99146],[129.1719746,35.991625],[129.172141,35.9916757],[129.1722233,35.9915038]]]]}},{"type":"Feature","properties":{"UFID":"100035901007A00110100000004441810"},"geometry":{"type":"MultiPolygon","coordinates":[[[[129.1714808,35.9912713],[129.1713838,35.9912371],[129.1713477,35.9914473],[129.1714437,35.9914798],[129.1714808,35.9912713]]]]}},{"type":"Feature","properties":{"UFID":"100035901007A00110100000004441811"},"geometry":{"type":"MultiPolygon","coordinates":[[[[129.1720743,35.99146],[129.17207,35.9914586],[129.1718576,35.9913859],[129.1716766,35.9913325],[129.171488,35.991274],[129.1714808,35.9912713],[129.1714437,35.9914798],[129.1717577,35.9915657],[129.1718821,35.9915997],[129.1719746,35.991625],[129.1720743,35.99146]]]]}},{"type":"Feature","properties":{"UFID":"100035901007A00110100000004441812"},"geometry":{"type":"MultiPolygon","coordinates":[[[[129.1737786,35.9921158],[129.1737222,35.9920894],[129.1736135,35.9922398],[129.1736887,35.9922733],[129.1737228,35.9922885],[129.1740546,35.9924363],[129.1741126,35.9924621],[129.1741773,35.9924909],[129.1742614,35.9923429],[129.1742291,35.9923277],[129.1741612,35.9922958],[129.1738123,35.9921317],[129.1737786,35.9921158]]]]}},{"type":"Feature","properties":{"UFID":"100035901007A00110100000004441813"},"geometry":{"type":"MultiPolygon","coordinates":[[[[129.1738872,35.9920198],[129.1738252,35.9920047],[129.17382,35.9920449],[129.1738114,35.9920599],[129.1737786,35.9921158],[129.1737786,35.9921158],[129.1737248,35.9922076],[129.1736887,35.9922732],[129.1736887,35.9922733],[129.1736778,35.9922931],[129.1736627,35.9923113],[129.173641,35.9923259],[129.1736356,35.9923292],[129.1736553,35.9923872],[129.1736742,35.9923639],[129.1737119,35.9923084],[129.1737228,35.9922885],[129.1737229,35.9922884],[129.17376,35.9922208],[129.1738123,35.9921317],[129.1738465,35.9920734],[129.1738785,35.9920341],[129.1738872,35.9920198]]]]}},{"type":"Feature","properties":{"UFID":"100035901007A00110100000004441814"},"geometry":{"type":"MultiPolygon","coordinates":[[[[129.1728498,35.9917242],[129.1728143,35.9917143],[129.1726844,35.9918939],[129.1727215,35.9919097],[129.1728498,35.9917242]]]]}},{"type":"Feature","properties":{"UFID":"100035901007A00110100000004441815"},"geometry":{"type":"MultiPolygon","coordinates":[[[[129.1735992,35.9922429],[129.1736,35.9922418],[129.1736052,35.9922365],[129.1736135,35.9922398],[129.1737222,35.9920894],[129.1736336,35.9920445],[129.1735191,35.9922601],[129.1735992,35.9922429]]]]}},{"type":"Feature","properties":{"UFID":"100035901007A00110100000004441816"},"geometry":{"type":"MultiPolygon","coordinates":[[[[129.1736336,35.9920445],[129.1735979,35.9920302],[129.1735019,35.9919895],[129.1733547,35.9919273],[129.173226,35.9918749],[129.1731284,35.9918359],[129.1730535,35.9918061],[129.1729872,35.9917808],[129.172906,35.9917493],[129.1728498,35.9917242],[129.1727215,35.9919097],[129.1729451,35.9920046],[129.1735191,35.9922601],[129.1736336,35.9920445]]]]}},{"type":"Feature","properties":{"UFID":"100035901007A00110100000004441817"},"geometry":{"type":"MultiPolygon","coordinates":[[[[129.1705257,35.9909883],[129.1704463,35.9909644],[129.1703268,35.9909296],[129.1702007,35.9911172],[129.1704563,35.9911894],[129.1705257,35.9909883]]]]}},{"type":"Feature","properties":{"UFID":"100035901007A00110100000004441818"},"geometry":{"type":"MultiPolygon","coordinates":[[[[129.170635,35.9910213],[129.1705257,35.9909883],[129.1704563,35.9911894],[129.1705124,35.9911983],[129.170635,35.9910213]]]]}},{"type":"Feature","properties":{"UFID":"100035901007A00110100000004441819"},"geometry":{"type":"MultiPolygon","coordinates":[[[[129.1698577,35.9907933],[129.1696925,35.9907453],[129.1696224,35.9909478],[129.1697819,35.9910339],[129.1698577,35.9907933]]]]}},{"type":"Feature","properties":{"UFID":"100035901007A00110100000004441820"},"geometry":{"type":"MultiPolygon","coordinates":[[[[129.1703268,35.9909296],[129.1702312,35.9909018],[129.1701577,35.9911153],[129.1702007,35.9911172],[129.1703268,35.9909296]]]]}},{"type":"Feature","properties":{"UFID":"100035901007A00110100000004441821"},"geometry":{"type":"MultiPolygon","coordinates":[[[[129.1702312,35.9909018],[129.1698577,35.9907933],[129.1697819,35.9910339],[129.1699121,35.9910558],[129.1701577,35.9911153],[129.1702312,35.9909018]]]]}},{"type":"Feature","properties":{"UFID":"100035901007A00110100000004441822"},"geometry":{"type":"MultiPolygon","coordinates":[[[[129.1713838,35.9912371],[129.1713513,35.9912287],[129.1712356,35.9911912],[129.1711142,35.991151],[129.1710627,35.9911328],[129.171033,35.9911205],[129.1710075,35.9911066],[129.1709935,35.9910994],[129.1709468,35.9910871],[129.170931,35.991085],[129.1708904,35.9910797],[129.1708831,35.9910962],[129.170635,35.9910213],[129.1705124,35.9911983],[129.1708766,35.9913093],[129.1713477,35.9914473],[129.1713838,35.9912371]]]]}},{"type":"Feature","properties":{"UFID":"100035901007A00110100000004441823"},"geometry":{"type":"MultiPolygon","coordinates":[[[[129.1695777,35.9910398],[129.1696135,35.9909699],[129.1696121,35.99097],[129.1694945,35.9909438],[129.1694485,35.990921],[129.1694366,35.9908892],[129.1694242,35.990856],[129.1693704,35.9907068],[129.1693475,35.9906449],[129.1693411,35.9906275],[129.1693228,35.9905697],[129.1692688,35.9905678],[129.1692918,35.9905966],[129.1693032,35.9906166],[129.1693072,35.9906293],[129.1693089,35.9906348],[129.1693385,35.9907145],[129.1693444,35.9907309],[129.1693841,35.9908506],[129.1693825,35.9908722],[129.1693807,35.9908957],[129.1694705,35.9909954],[129.1695603,35.9910264],[129.1695661,35.9910278],[129.1695719,35.9910316],[129.1695777,35.9910398]]]]}},{"type":"Feature","properties":{"UFID":"100035901007A00110100000004441824"},"geometry":{"type":"MultiPolygon","coordinates":[[[[129.1693072,35.9906293],[129.1691225,35.9905575],[129.1689332,35.9907315],[129.1689386,35.9907324],[129.1689452,35.9907344],[129.1689681,35.9907417],[129.1693825,35.9908722],[129.1694366,35.9908892],[129.1696224,35.9909478],[129.1696925,35.9907453],[129.1693667,35.9906486],[129.1693521,35.9906467],[129.1693475,35.9906449],[129.1693072,35.9906293]]]]}},{"type":"Feature","properties":{"UFID":"100035901007A00110100000004441825"},"geometry":{"type":"MultiPolygon","coordinates":[[[[129.1691225,35.9905575],[129.1689718,35.9905448],[129.1688482,35.9907053],[129.1689332,35.9907315],[129.1691225,35.9905575]]]]}},{"type":"Feature","properties":{"UFID":"100035901007A00110100000004441826"},"geometry":{"type":"MultiPolygon","coordinates":[[[[129.1689718,35.9905448],[129.168896,35.9905316],[129.1688692,35.9905241],[129.168813,35.9906934],[129.1688482,35.9907053],[129.1689718,35.9905448]]]]}},{"type":"Feature","properties":{"UFID":"100035901007A00110100000004441827"},"geometry":{"type":"MultiPolygon","coordinates":[[[[129.1678707,35.9902209],[129.1678027,35.9902012],[129.1677276,35.9903772],[129.1678043,35.9903901],[129.1678707,35.9902209]]]]}},{"type":"Feature","properties":{"UFID":"100035901007A00110100000004441828"},"geometry":{"type":"MultiPolygon","coordinates":[[[[129.168778,35.990482],[129.1687703,35.9904828],[129.1687588,35.990481],[129.1686904,35.9904645],[129.1685155,35.9904102],[129.1682867,35.990343],[129.1680338,35.990268],[129.1678707,35.9902209],[129.1678043,35.9903901],[129.1685874,35.9906167],[129.1687616,35.9906759],[129.168778,35.990482]]]]}},{"type":"Feature","properties":{"UFID":"100035901007A00110100000004441829"},"geometry":{"type":"MultiPolygon","coordinates":[[[[129.1688692,35.9905241],[129.168778,35.990482],[129.1687616,35.9906759],[129.168813,35.9906934],[129.1688692,35.9905241]]]]}},{"type":"Feature","properties":{"UFID":"100035901007A00110100000004441830"},"geometry":{"type":"MultiPolygon","coordinates":[[[[129.1678027,35.9902012],[129.1677633,35.9901898],[129.1676651,35.9901595],[129.1676611,35.990158],[129.1675404,35.9901216],[129.1674128,35.990086],[129.1671723,35.9900149],[129.1669958,35.9899626],[129.1669934,35.9899602],[129.166882,35.9901476],[129.1671535,35.990224],[129.1671597,35.9902069],[129.1672548,35.9902361],[129.1672799,35.9902439],[129.1674377,35.9902852],[129.1675482,35.9903141],[129.1676346,35.9903402],[129.1677276,35.9903772],[129.1678027,35.9902012]]]]}},{"type":"Feature","properties":{"UFID":"100035901007A00110100000004441831"},"geometry":{"type":"MultiPolygon","coordinates":[[[[129.1655329,35.9895319],[129.1653656,35.9894827],[129.1651296,35.9894134],[129.1648809,35.9893404],[129.1646327,35.9892678],[129.1644167,35.9892031],[129.1641743,35.9891311],[129.1639156,35.9890548],[129.1636838,35.9889871],[129.1636624,35.988978],[129.1636506,35.9889715],[129.1635712,35.989134],[129.1635905,35.9891398],[129.1645133,35.9894185],[129.1656009,35.9897383],[129.1655359,35.9895408],[129.1655329,35.9895319]]]]}},{"type":"Feature","properties":{"UFID":"100035901007A00110100000004441832"},"geometry":{"type":"MultiPolygon","coordinates":[[[[129.1656558,35.9895688],[129.165605,35.9895532],[129.1655329,35.9895319],[129.1655359,35.9895408],[129.1656009,35.9897383],[129.1656401,35.9897444],[129.1656554,35.9895742],[129.1656558,35.9895688]]]]}},{"type":"Feature","properties":{"UFID":"100035901007A00110100000004441833"},"geometry":{"type":"MultiPolygon","coordinates":[[[[129.1635889,35.9889544],[129.163584,35.9889548],[129.1635767,35.9889543],[129.1635389,35.9889439],[129.1633778,35.9888979],[129.1631283,35.9888167],[129.1628748,35.988735],[129.1627245,35.9886821],[129.1625934,35.9888522],[129.1633079,35.9890545],[129.1635156,35.9891172],[129.1635889,35.9889544]]]]}},{"type":"Feature","properties":{"UFID":"100035901007A00110100000004441834"},"geometry":{"type":"MultiPolygon","coordinates":[[[[129.1636506,35.9889715],[129.1635889,35.9889544],[129.1635156,35.9891172],[129.1635712,35.989134],[129.1636506,35.9889715]]]]}},{"type":"Feature","properties":{"UFID":"100035901007A00110100000004441835"},"geometry":{"type":"MultiPolygon","coordinates":[[[[129.1612567,35.9885107],[129.1611144,35.9884995],[129.1609613,35.9887315],[129.161144,35.9888182],[129.1612567,35.9885107]]]]}},{"type":"Feature","properties":{"UFID":"100035901007A00110100000004441836"},"geometry":{"type":"MultiPolygon","coordinates":[[[[129.1611144,35.9884995],[129.1610901,35.9885048],[129.1610701,35.9885092],[129.1610613,35.9885109],[129.1610473,35.9885119],[129.1609813,35.9885106],[129.1609082,35.9885037],[129.1605691,35.9883517],[129.1603654,35.9882688],[129.1603638,35.9882636],[129.1603648,35.9882578],[129.1603654,35.988253],[129.1603694,35.9882506],[129.1603759,35.9882502],[129.1601065,35.9882337],[129.1603538,35.9883813],[129.1606355,35.98854],[129.1609568,35.9887281],[129.1609613,35.9887315],[129.1611144,35.9884995]]]]}},{"type":"Feature","properties":{"UFID":"100035901007A00110100000004441837"},"geometry":{"type":"MultiPolygon","coordinates":[[[[129.1658773,35.9895778],[129.1658248,35.9895577],[129.1658069,35.9895878],[129.1657948,35.9896111],[129.1657939,35.9896128],[129.1657187,35.9897576],[129.1657135,35.9897674],[129.1656797,35.9898294],[129.1657197,35.9898292],[129.1657373,35.9897914],[129.1657447,35.9897771],[129.1658255,35.9896215],[129.165826,35.9896205],[129.1658319,35.989609],[129.1658599,35.9895863],[129.1658773,35.9895778]]]]}},{"type":"Feature","properties":{"UFID":"100035901007A00110100000004441838"},"geometry":{"type":"MultiPolygon","coordinates":[[[[129.165753,35.9895986],[129.1656558,35.9895688],[129.1656554,35.9895742],[129.1656401,35.9897444],[129.1657135,35.9897674],[129.1657447,35.9897771],[129.1657615,35.9897824],[129.1658966,35.9896401],[129.1658908,35.98964],[129.165826,35.9896205],[129.1657948,35.9896111],[129.165753,35.9895986]]]]}},{"type":"Feature","properties":{"UFID":"100035901007A00110100000004441839"},"geometry":{"type":"MultiPolygon","coordinates":[[[[129.1659728,35.9896578],[129.1658978,35.9896396],[129.1658966,35.9896401],[129.1657615,35.9897824],[129.1658656,35.9898231],[129.1659728,35.9896578]]]]}},{"type":"Feature","properties":{"UFID":"100035901007A00110100000004441840"},"geometry":{"type":"MultiPolygon","coordinates":[[[[129.1669339,35.9899395],[129.1666134,35.9898503],[129.1664494,35.9898027],[129.1662626,35.9897479],[129.1660033,35.9896735],[129.1659873,35.9896677],[129.1659728,35.9896578],[129.1658656,35.9898231],[129.1668316,35.990112],[129.1669339,35.9899395]]]]}},{"type":"Feature","properties":{"UFID":"100035901007A00110100000004441841"},"geometry":{"type":"MultiPolygon","coordinates":[[[[129.1669934,35.9899602],[129.1669339,35.9899395],[129.1668316,35.990112],[129.166882,35.9901476],[129.1669934,35.9899602]]]]}},{"type":"Feature","properties":{"UFID":"100035901007A00110100000004441842"},"geometry":{"type":"MultiPolygon","coordinates":[[[[129.1621211,35.9887565],[129.161998,35.9886762],[129.1619976,35.9886862],[129.1619965,35.9886881],[129.1619935,35.9886888],[129.1619168,35.9886785],[129.1615639,35.9886405],[129.1614149,35.9886228],[129.1613521,35.9886049],[129.1612946,35.9885658],[129.1612567,35.9885107],[129.161144,35.9888182],[129.1611561,35.988815],[129.1611752,35.9888097],[129.1612673,35.9887994],[129.1616773,35.9887689],[129.1620609,35.9887527],[129.1620929,35.9887538],[129.1621211,35.9887565]]]]}},{"type":"Feature","properties":{"UFID":"100035901007A00110100000004441843"},"geometry":{"type":"MultiPolygon","coordinates":[[[[129.1625596,35.9886306],[129.1622693,35.9885448],[129.1621211,35.9887565],[129.1622159,35.9887748],[129.1624037,35.9888277],[129.1624539,35.9888429],[129.1625596,35.9886306]]]]}},{"type":"Feature","properties":{"UFID":"100035901007A00110100000004441844"},"geometry":{"type":"MultiPolygon","coordinates":[[[[129.1622693,35.9885448],[129.1618857,35.9884583],[129.161998,35.9886762],[129.1621211,35.9887565],[129.1622693,35.9885448]]]]}},{"type":"Feature","properties":{"UFID":"100035901007A00110100000004441845"},"geometry":{"type":"MultiPolygon","coordinates":[[[[129.1627245,35.9886821],[129.1626753,35.9886647],[129.1625596,35.9886306],[129.1624539,35.9888429],[129.1625934,35.9888522],[129.1627245,35.9886821]]]]}},{"type":"Feature","properties":{"UFID":"100035901007A00110100000004441846"},"geometry":{"type":"MultiPolygon","coordinates":[[[[129.1616153,35.9877384],[129.1614403,35.9881107],[129.1614576,35.98811],[129.1614833,35.9881111],[129.1615248,35.9881152],[129.1615528,35.9881233],[129.1615739,35.9881306],[129.1616367,35.9881774],[129.1617379,35.988276],[129.1619157,35.9884349],[129.1619059,35.9884477],[129.1618972,35.9884578],[129.1618913,35.9884588],[129.1618857,35.9884583],[129.1622693,35.9885448],[129.1621051,35.9884771],[129.1620608,35.9884584],[129.1618934,35.9883356],[129.1617413,35.9882024],[129.1616416,35.9880801],[129.1616133,35.9880169],[129.1616057,35.9879851],[129.1616004,35.9879656],[129.1615983,35.9879366],[129.1616153,35.9877384]]]]}},{"type":"Feature","properties":{"UFID":"100035901007A00110100000004441847"},"geometry":{"type":"MultiPolygon","coordinates":[[[[129.1614403,35.9881107],[129.1612959,35.9880574],[129.1613081,35.9880691],[129.1613133,35.9880747],[129.1613153,35.9880816],[129.1613158,35.9880891],[129.1612679,35.9881802],[129.1612204,35.988279],[129.161142,35.9884419],[129.1611144,35.9884995],[129.1612567,35.9885107],[129.1612563,35.9885049],[129.1612685,35.9884765],[129.1613398,35.9883115],[129.1614112,35.9881461],[129.1614403,35.9881107]]]]}},{"type":"Feature","properties":{"UFID":"100035901007A00110100000004441848"},"geometry":{"type":"MultiPolygon","coordinates":[[[[129.1616153,35.9877384],[129.1614512,35.9877219],[129.1612959,35.9880574],[129.1614403,35.9881107],[129.1616153,35.9877384]]]]}},{"type":"Feature","properties":{"UFID":"100035901007A00110100000004441849"},"geometry":{"type":"MultiPolygon","coordinates":[[[[129.1612959,35.9880574],[129.1614512,35.9877219],[129.1613676,35.9878181],[129.1612846,35.9878873],[129.1611703,35.9879382],[129.160972,35.9879844],[129.1607445,35.9880123],[129.1605685,35.988043],[129.1605166,35.9880485],[129.1604729,35.9880498],[129.1604485,35.9880501],[129.1604226,35.9880492],[129.1600442,35.987976],[129.1599322,35.9879588],[129.159887,35.9879571],[129.1598478,35.987956],[129.1606039,35.9881211],[129.1606018,35.9881169],[129.1606038,35.988109],[129.1606059,35.9880986],[129.1606141,35.9880869],[129.1610871,35.988024],[129.1611256,35.9880228],[129.1611491,35.9880226],[129.1612165,35.98803],[129.1612959,35.9880574]]]]}},{"type":"Feature","properties":{"UFID":"100035901007A00110100000004441850"},"geometry":{"type":"MultiPolygon","coordinates":[[[[129.160934,35.988201],[129.1606039,35.9881211],[129.1603759,35.9882502],[129.1607831,35.9883437],[129.161142,35.9884419],[129.1612685,35.9884765],[129.1619774,35.9886705],[129.161998,35.9886762],[129.1618857,35.9884583],[129.1618526,35.98845],[129.161619,35.9883902],[129.1614698,35.988347],[129.1613398,35.9883115],[129.1612204,35.988279],[129.160934,35.988201]]]]}},{"type":"Feature","properties":{"UFID":"100035901007A00110100000004441851"},"geometry":{"type":"MultiPolygon","coordinates":[[[[129.1598478,35.987956],[129.1594954,35.9878775],[129.1593902,35.9878564],[129.1593523,35.9878458],[129.1592923,35.9880253],[129.1593004,35.988028],[129.1593353,35.9880388],[129.1594088,35.9880588],[129.159566,35.9880962],[129.1597239,35.9881324],[129.1598548,35.9881617],[129.1599349,35.9881802],[129.1599935,35.9881946],[129.1600415,35.9882095],[129.1598478,35.987956]]]]}},{"type":"Feature","properties":{"UFID":"100035901007A00110100000004441852"},"geometry":{"type":"MultiPolygon","coordinates":[[[[129.1593523,35.9878458],[129.1589482,35.9877607],[129.1589506,35.9879438],[129.1592215,35.9880051],[129.1592646,35.9880162],[129.1592923,35.9880253],[129.1593523,35.9878458]]]]}},{"type":"Feature","properties":{"UFID":"100035901007A00110100000004441853"},"geometry":{"type":"MultiPolygon","coordinates":[[[[129.1606039,35.9881211],[129.1598478,35.987956],[129.1600415,35.9882095],[129.1600684,35.9882196],[129.1601065,35.9882337],[129.1603759,35.9882502],[129.1606039,35.9881211]]]]}},{"type":"Feature","properties":{"UFID":"100035901007A00110100000004441854"},"geometry":{"type":"MultiPolygon","coordinates":[[[[129.1589482,35.9877607],[129.1584709,35.9876533],[129.1579564,35.987546],[129.1573765,35.9874214],[129.1571636,35.9873764],[129.1570417,35.9873442],[129.1567829,35.9874581],[129.1569364,35.9874953],[129.1569739,35.9875043],[129.1577688,35.9876844],[129.1584915,35.9878399],[129.1589506,35.9879438],[129.1589482,35.9877607]]]]}},{"type":"Feature","properties":{"UFID":"100035901007A00110100000004441855"},"geometry":{"type":"MultiPolygon","coordinates":[[[[129.1554227,35.986888],[129.155413,35.9868847],[129.1552948,35.986847],[129.1551508,35.986799],[129.1550052,35.9867479],[129.1548568,35.9866931],[129.154707,35.9866367],[129.1545586,35.9865785],[129.1544203,35.986521],[129.1542651,35.9864552],[129.1541309,35.9863966],[129.1540074,35.9863417],[129.1538348,35.9862612],[129.153658,35.9861784],[129.1535253,35.9861128],[129.1534163,35.98606],[129.1533379,35.9860198],[129.1532771,35.9859862],[129.1532294,35.9859577],[129.1531945,35.9861925],[129.1531968,35.9861904],[129.1532014,35.9861875],[129.1532137,35.9861871],[129.1532255,35.9861883],[129.1532388,35.9861919],[129.1532581,35.9861992],[129.1532848,35.9862088],[129.1533214,35.986225],[129.1533809,35.9862552],[129.153475,35.9862993],[129.1535121,35.9863153],[129.1535623,35.9863364],[129.1536406,35.9863685],[129.1538384,35.9864559],[129.1540784,35.986564],[129.1543218,35.986674],[129.1545793,35.9867723],[129.1548112,35.9868636],[129.1550095,35.9869357],[129.1552163,35.987011],[129.155337,35.9870586],[129.1554227,35.986888]]]]}},{"type":"Feature","properties":{"UFID":"100035901007A00110100000004441856"},"geometry":{"type":"MultiPolygon","coordinates":[[[[129.1532294,35.9859577],[129.1532057,35.9859404],[129.1531824,35.9859217],[129.1529576,35.9858089],[129.1529941,35.9860783],[129.1530033,35.9860915],[129.1531945,35.9861925],[129.1532294,35.9859577]]]]}},{"type":"Feature","properties":{"UFID":"100035901007A00110100000004441857"},"geometry":{"type":"MultiPolygon","coordinates":[[[[129.1557673,35.9869969],[129.155702,35.986977],[129.1555533,35.9869288],[129.1554961,35.9869126],[129.1554227,35.986888],[129.155337,35.9870586],[129.1556845,35.9871619],[129.1557673,35.9869969]]]]}},{"type":"Feature","properties":{"UFID":"100035901007A00110100000004441858"},"geometry":{"type":"MultiPolygon","coordinates":[[[[129.156747,35.9872724],[129.1567122,35.9872634],[129.1566386,35.9872463],[129.1564771,35.9872028],[129.1562709,35.9871428],[129.1562179,35.9871282],[129.1561642,35.9872928],[129.1561684,35.9872927],[129.1561798,35.9872962],[129.1565125,35.9873838],[129.1565262,35.9873904],[129.156747,35.9872724]]]]}},{"type":"Feature","properties":{"UFID":"100035901007A00110100000004441859"},"geometry":{"type":"MultiPolygon","coordinates":[[[[129.1562179,35.9871282],[129.156035,35.9870779],[129.1559901,35.9872594],[129.1561642,35.9872928],[129.1562179,35.9871282]]]]}},{"type":"Feature","properties":{"UFID":"100035901007A00110100000004441860"},"geometry":{"type":"MultiPolygon","coordinates":[[[[129.156035,35.9870779],[129.1560106,35.9870712],[129.1557673,35.9869969],[129.1556845,35.9871619],[129.1559901,35.9872594],[129.156035,35.9870779]]]]}},{"type":"Feature","properties":{"UFID":"100035901007A00110100000004441861"},"geometry":{"type":"MultiPolygon","coordinates":[[[[129.1570417,35.9873442],[129.1570335,35.9873387],[129.156747,35.9872724],[129.1565262,35.9873904],[129.1567829,35.9874581],[129.1570417,35.9873442]]]]}},{"type":"Feature","properties":{"UFID":"100035901007A00110100000004441862"},"geometry":{"type":"MultiPolygon","coordinates":[[[[129.1529576,35.9858089],[129.1529547,35.9858091],[129.1529476,35.9858066],[129.1529152,35.9857895],[129.1528196,35.9857396],[129.1526584,35.9856203],[129.1524481,35.9854833],[129.1519429,35.9851637],[129.1517749,35.9850508],[129.1515992,35.984969],[129.1512682,35.9847653],[129.1509465,35.9845609],[129.1506945,35.9843912],[129.1506317,35.9843536],[129.1506226,35.9843456],[129.1506217,35.9843404],[129.150627,35.9842891],[129.1506258,35.9842855],[129.1505341,35.9842311],[129.1503705,35.9841306],[129.1503499,35.9841156],[129.1503415,35.984113],[129.150166,35.9843256],[129.1503299,35.9844278],[129.1504413,35.9844678],[129.1511704,35.9849259],[129.1518838,35.9853769],[129.1521851,35.9855737],[129.1524571,35.9857494],[129.1527166,35.9859057],[129.1528154,35.985965],[129.1529477,35.9860435],[129.1529941,35.9860783],[129.1529576,35.9858089]]]]}},{"type":"Feature","properties":{"UFID":"100035901008A00110100000004441866"},"geometry":{"type":"MultiPolygon","coordinates":[[[[129.1978316,35.9973696],[129.1977874,35.99718],[129.1977174,35.9971902],[129.1977892,35.9974111],[129.1978316,35.9973696]]]]}},{"type":"Feature","properties":{"UFID":"100035901008A00110100000004441867"},"geometry":{"type":"MultiPolygon","coordinates":[[[[129.1995636,35.9971251],[129.1995152,35.9969579],[129.1993956,35.9969757],[129.1990722,35.9970181],[129.1990665,35.997018],[129.1989784,35.9970129],[129.1981,35.9971342],[129.1977874,35.99718],[129.1978316,35.9973696],[129.1987236,35.9972365],[129.1995059,35.9971327],[129.1995636,35.9971251]]]]}},{"type":"Feature","properties":{"UFID":"100035901008A00110100000004441868"},"geometry":{"type":"MultiPolygon","coordinates":[[[[129.1996399,35.9971227],[129.199592,35.9969465],[129.1995152,35.9969579],[129.1995636,35.9971251],[129.1996399,35.9971227]]]]}},{"type":"Feature","properties":{"UFID":"100035901008A00110100000004441872"},"geometry":{"type":"MultiPolygon","coordinates":[[[[129.1957299,35.9977593],[129.1957437,35.9974244],[129.1956016,35.9973625],[129.1954474,35.9973684],[129.1953786,35.9974004],[129.1952103,35.9974692],[129.1954392,35.9977881],[129.1957299,35.9977593]]]]}},{"type":"Feature","properties":{"UFID":"100035901008A00110100000004441873"},"geometry":{"type":"MultiPolygon","coordinates":[[[[129.1977892,35.9974111],[129.1977174,35.9971902],[129.1974222,35.9972335],[129.1973184,35.9972603],[129.1973021,35.9972769],[129.1968118,35.9973481],[129.1967164,35.9973619],[129.1964697,35.9973884],[129.1962939,35.9974003],[129.1962171,35.9974125],[129.1962039,35.9973777],[129.1960864,35.9973905],[129.1961179,35.997675],[129.1961981,35.9976595],[129.1965704,35.9976057],[129.1972268,35.9975108],[129.1974091,35.9974721],[129.1977892,35.9974111]]]]}},{"type":"Feature","properties":{"UFID":"100035901008A00110100000004441874"},"geometry":{"type":"MultiPolygon","coordinates":[[[[129.1958191,35.9977455],[129.1958306,35.9974185],[129.1957643,35.9974258],[129.1957565,35.9974257],[129.1957437,35.9974244],[129.1957299,35.9977593],[129.1957622,35.9977411],[129.1957741,35.9977398],[129.1958191,35.9977455]]]]}},{"type":"Feature","properties":{"UFID":"100035901008A00110100000004441875"},"geometry":{"type":"MultiPolygon","coordinates":[[[[129.1961179,35.997675],[129.1960864,35.9973905],[129.1958306,35.9974185],[129.1958191,35.9977455],[129.1961179,35.997675]]]]}},{"type":"Feature","properties":{"UFID":"100035901008A00110100000004441876"},"geometry":{"type":"MultiPolygon","coordinates":[[[[129.189889,35.9979976],[129.189837,35.9979911],[129.1898184,35.9981839],[129.1898642,35.9981881],[129.189889,35.9979976]]]]}},{"type":"Feature","properties":{"UFID":"100035901008A00110100000004441877"},"geometry":{"type":"MultiPolygon","coordinates":[[[[129.189837,35.9979911],[129.1896648,35.9979696],[129.1895676,35.9979582],[129.1895015,35.9979489],[129.1893011,35.9981249],[129.1895705,35.9981538],[129.1898184,35.9981839],[129.189837,35.9979911]]]]}},{"type":"Feature","properties":{"UFID":"100035901008A00110100000004441878"},"geometry":{"type":"MultiPolygon","coordinates":[[[[129.1895015,35.9979489],[129.18904,35.9979046],[129.1892492,35.9981197],[129.1893011,35.9981249],[129.1895015,35.9979489]]]]}},{"type":"Feature","properties":{"UFID":"100035901008A00110100000004441879"},"geometry":{"type":"MultiPolygon","coordinates":[[[[129.1901496,35.99803],[129.189889,35.9979976],[129.1898642,35.9981881],[129.1901255,35.9982124],[129.1901377,35.9982136],[129.1901482,35.9980526],[129.1901496,35.99803]]]]}},{"type":"Feature","properties":{"UFID":"100035901008A00110100000004441880"},"geometry":{"type":"MultiPolygon","coordinates":[[[[129.1903168,35.9980487],[129.1902496,35.9980424],[129.1901496,35.99803],[129.1901482,35.9980526],[129.1901377,35.9982136],[129.1903104,35.9982256],[129.1903168,35.9980487]]]]}},{"type":"Feature","properties":{"UFID":"100035901008A00110100000004441881"},"geometry":{"type":"MultiPolygon","coordinates":[[[[129.1918457,35.9982505],[129.1918263,35.9980415],[129.1917195,35.9980518],[129.1914951,35.998065],[129.1912807,35.9980752],[129.1911873,35.9980795],[129.1910948,35.9980809],[129.1909857,35.9980802],[129.1908732,35.9980776],[129.1907508,35.9980754],[129.1906454,35.9980715],[129.190552,35.9980655],[129.1904438,35.9980587],[129.1903466,35.9980514],[129.1903168,35.9980487],[129.1903104,35.9982256],[129.190321,35.9982249],[129.1903339,35.9982247],[129.1903405,35.9982247],[129.1906154,35.9982487],[129.1907234,35.9982564],[129.1909379,35.9982711],[129.19105,35.9982694],[129.1910604,35.9982692],[129.1910735,35.998269],[129.1913033,35.998287],[129.1915553,35.9982683],[129.1918457,35.9982505]]]]}},{"type":"Feature","properties":{"UFID":"100035901008A00110100000004441882"},"geometry":{"type":"MultiPolygon","coordinates":[[[[129.1881756,35.9981952],[129.188338,35.9981176],[129.1883134,35.9981184],[129.1882842,35.9981144],[129.1881822,35.9980683],[129.1880883,35.9980234],[129.1880533,35.9980013],[129.1880459,35.99798],[129.1880539,35.997965],[129.1881254,35.9978305],[129.1881385,35.9978184],[129.1881552,35.997803],[129.188161,35.9977976],[129.1880741,35.9977876],[129.1880762,35.9977933],[129.1880774,35.9977967],[129.1880267,35.9978671],[129.1879702,35.9979544],[129.1879605,35.9979693],[129.1879548,35.9980086],[129.1879843,35.9980382],[129.188058,35.9980517],[129.1880918,35.9980756],[129.1881286,35.9981006],[129.1881702,35.998144],[129.1881737,35.9981483],[129.1881809,35.9981771],[129.1881801,35.9981865],[129.1881756,35.9981952]]]]}},{"type":"Feature","properties":{"UFID":"100035901008A00110100000004441883"},"geometry":{"type":"MultiPolygon","coordinates":[[[[129.1873957,35.9977077],[129.1871358,35.9976778],[129.1871405,35.9978529],[129.1874451,35.9978813],[129.1873957,35.9977077]]]]}},{"type":"Feature","properties":{"UFID":"100035901008A00110100000004441884"},"geometry":{"type":"MultiPolygon","coordinates":[[[[129.18904,35.9979046],[129.1890321,35.9979057],[129.1890106,35.9979037],[129.1887261,35.9978703],[129.1886489,35.9980595],[129.18894,35.9980835],[129.1889892,35.9980901],[129.1892492,35.9981197],[129.18904,35.9979046]]]]}},{"type":"Feature","properties":{"UFID":"100035901008A00110100000004441885"},"geometry":{"type":"MultiPolygon","coordinates":[[[[129.1887261,35.9978703],[129.1884088,35.9978329],[129.188267,35.9979961],[129.1886489,35.9980595],[129.1887261,35.9978703]]]]}},{"type":"Feature","properties":{"UFID":"100035901008A00110100000004441886"},"geometry":{"type":"MultiPolygon","coordinates":[[[[129.1878083,35.9977605],[129.1875566,35.9977286],[129.187416,35.9977123],[129.1873957,35.9977077],[129.1874451,35.9978813],[129.1874966,35.9978861],[129.1877018,35.9979206],[129.1878083,35.9977605]]]]}},{"type":"Feature","properties":{"UFID":"100035901008A00110100000004441887"},"geometry":{"type":"MultiPolygon","coordinates":[[[[129.1884088,35.9978329],[129.1881734,35.9978052],[129.1881678,35.9978045],[129.1880625,35.997966],[129.188267,35.9979961],[129.1884088,35.9978329]]]]}},{"type":"Feature","properties":{"UFID":"100035901008A00110100000004441888"},"geometry":{"type":"MultiPolygon","coordinates":[[[[129.1878527,35.9977659],[129.1878083,35.9977605],[129.1877018,35.9979206],[129.1877383,35.9979252],[129.1877782,35.9979303],[129.1879702,35.9979544],[129.1880539,35.997965],[129.1880625,35.997966],[129.1881678,35.9978045],[129.1881552,35.997803],[129.1880762,35.9977933],[129.1878883,35.9977703],[129.1878527,35.9977659]]]]}},{"type":"Feature","properties":{"UFID":"100035901008A00110100000004441889"},"geometry":{"type":"MultiPolygon","coordinates":[[[[129.1954392,35.9977881],[129.1952103,35.9974692],[129.1952099,35.9974703],[129.1951349,35.9975056],[129.1949971,35.9975533],[129.1951286,35.99781],[129.1951328,35.9978094],[129.1952545,35.9978003],[129.1953485,35.9977882],[129.1954392,35.9977881]]]]}},{"type":"Feature","properties":{"UFID":"100035901008A00110100000004441890"},"geometry":{"type":"MultiPolygon","coordinates":[[[[129.1951286,35.99781],[129.1949971,35.9975533],[129.1949272,35.9975925],[129.1949519,35.9978369],[129.1949618,35.9978354],[129.1951286,35.99781]]]]}},{"type":"Feature","properties":{"UFID":"100035901008A00110100000004441891"},"geometry":{"type":"MultiPolygon","coordinates":[[[[129.1949519,35.9978369],[129.1949272,35.9975925],[129.1947529,35.9976396],[129.1946698,35.9976571],[129.1946677,35.9976512],[129.1943367,35.9976936],[129.194402,35.9979195],[129.1947259,35.9978705],[129.1949519,35.9978369]]]]}},{"type":"Feature","properties":{"UFID":"100035901008A00110100000004441892"},"geometry":{"type":"MultiPolygon","coordinates":[[[[129.194402,35.9979195],[129.1943367,35.9976936],[129.1940449,35.9977426],[129.1940893,35.9979362],[129.1941791,35.99793],[129.1942366,35.9979413],[129.1942381,35.9979413],[129.194254,35.997942],[129.194402,35.9979195]]]]}},{"type":"Feature","properties":{"UFID":"100035901008A00110100000004441893"},"geometry":{"type":"MultiPolygon","coordinates":[[[[129.1936347,35.9979857],[129.1935921,35.9977967],[129.1934179,35.9978142],[129.1934632,35.9980053],[129.1936347,35.9979857]]]]}},{"type":"Feature","properties":{"UFID":"100035901008A00110100000004441894"},"geometry":{"type":"MultiPolygon","coordinates":[[[[129.1940893,35.9979362],[129.1940449,35.9977426],[129.1939435,35.9977596],[129.1935921,35.9977967],[129.1936347,35.9979857],[129.1936766,35.997981],[129.193678,35.9979827],[129.1936759,35.9979854],[129.1935276,35.9980489],[129.1935383,35.9980693],[129.1937003,35.9980048],[129.193764,35.9979744],[129.1937931,35.9979664],[129.193999,35.9979424],[129.1940893,35.9979362]]]]}},{"type":"Feature","properties":{"UFID":"100035901008A00110100000004441895"},"geometry":{"type":"MultiPolygon","coordinates":[[[[129.1934632,35.9980053],[129.1934179,35.9978142],[129.1933966,35.9978211],[129.1932576,35.9978395],[129.1933114,35.9980252],[129.1934472,35.9980072],[129.1934632,35.9980053]]]]}},{"type":"Feature","properties":{"UFID":"100035901008A00110100000004441896"},"geometry":{"type":"MultiPolygon","coordinates":[[[[129.1933114,35.9980252],[129.1932576,35.9978395],[129.1931461,35.9978576],[129.193193,35.9980418],[129.1932349,35.9980353],[129.1933114,35.9980252]]]]}},{"type":"Feature","properties":{"UFID":"100035901008A00110100000004441897"},"geometry":{"type":"MultiPolygon","coordinates":[[[[129.193193,35.9980418],[129.1931461,35.9978576],[129.1928884,35.9979072],[129.1924931,35.9979634],[129.1922354,35.9979982],[129.1922566,35.9982052],[129.1924256,35.9981755],[129.192641,35.9981458],[129.1927821,35.9981202],[129.192875,35.9981015],[129.1929958,35.9980719],[129.1931495,35.9980486],[129.193193,35.9980418]]]]}},{"type":"Feature","properties":{"UFID":"100035901008A00110100000004441898"},"geometry":{"type":"MultiPolygon","coordinates":[[[[129.1922566,35.9982052],[129.1922354,35.9979982],[129.1921362,35.9980115],[129.1918263,35.9980415],[129.1918457,35.9982505],[129.1922566,35.9982052]]]]}},{"type":"Feature","properties":{"UFID":"100035901008A00110100000004441899"},"geometry":{"type":"MultiPolygon","coordinates":[[[[129.1871358,35.9976778],[129.1869286,35.9976582],[129.1867852,35.9976393],[129.1867248,35.9978143],[129.1871405,35.9978529],[129.1871358,35.9976778]]]]}},{"type":"Feature","properties":{"UFID":"100035901008A00110100000004441900"},"geometry":{"type":"MultiPolygon","coordinates":[[[[129.1867852,35.9976393],[129.1867001,35.9976282],[129.1866323,35.9978037],[129.1867248,35.9978143],[129.1867852,35.9976393]]]]}},{"type":"Feature","properties":{"UFID":"100035901008A00110100000004441901"},"geometry":{"type":"MultiPolygon","coordinates":[[[[129.1867001,35.9976282],[129.1866141,35.9976169],[129.1864741,35.997773],[129.1866183,35.9978028],[129.1866323,35.9978037],[129.1867001,35.9976282]]]]}},{"type":"Feature","properties":{"UFID":"100035901008A00110100000004441902"},"geometry":{"type":"MultiPolygon","coordinates":[[[[129.1842846,35.9969381],[129.1841942,35.9968967],[129.1840781,35.9968467],[129.18396,35.996789],[129.1838369,35.9967354],[129.1837045,35.996673],[129.18358,35.9966153],[129.1834378,35.996551],[129.1833469,35.9965098],[129.1832722,35.9964775],[129.1831412,35.996671],[129.1831509,35.9966813],[129.1838108,35.9969739],[129.1841276,35.9971402],[129.1842807,35.9969431],[129.1842846,35.9969381]]]]}},{"type":"Feature","properties":{"UFID":"100035901008A00110100000004441903"},"geometry":{"type":"MultiPolygon","coordinates":[[[[129.1832722,35.9964775],[129.1832619,35.996473],[129.1831883,35.9964407],[129.1830748,35.9963921],[129.1829534,35.996342],[129.1828389,35.9962947],[129.1827288,35.9962442],[129.1826154,35.9961939],[129.182489,35.9961356],[129.1823866,35.9960887],[129.182291,35.9960445],[129.1822036,35.9960044],[129.1820765,35.995947],[129.1819574,35.9958912],[129.1818199,35.9958299],[129.1816928,35.9957694],[129.1815473,35.9957029],[129.1813861,35.9956295],[129.1813726,35.9956375],[129.1811883,35.995748],[129.1818913,35.9960618],[129.1826453,35.9964125],[129.1831229,35.9966515],[129.1831412,35.996671],[129.1832722,35.9964775]]]]}},{"type":"Feature","properties":{"UFID":"100035901008A00110100000004441904"},"geometry":{"type":"MultiPolygon","coordinates":[[[[129.1845157,35.9970402],[129.18449,35.9970296],[129.1843906,35.9969848],[129.1842896,35.9969404],[129.1842846,35.9969381],[129.1842807,35.9969431],[129.1841276,35.9971402],[129.1843462,35.9972416],[129.1845102,35.9970468],[129.1845157,35.9970402]]]]}},{"type":"Feature","properties":{"UFID":"100035901008A00110100000004441905"},"geometry":{"type":"MultiPolygon","coordinates":[[[[129.1866141,35.9976169],[129.1865939,35.9975429],[129.1860756,35.9977187],[129.1862594,35.9977457],[129.1864741,35.997773],[129.1866141,35.9976169]]]]}},{"type":"Feature","properties":{"UFID":"100035901008A00110100000004441906"},"geometry":{"type":"MultiPolygon","coordinates":[[[[129.1865939,35.9975429],[129.1865248,35.9975364],[129.1860754,35.9974696],[129.1860088,35.9974601],[129.1858861,35.9974425],[129.1858768,35.9974455],[129.1858416,35.9974505],[129.1858076,35.9974516],[129.1857886,35.9974491],[129.1856181,35.9974084],[129.1854358,35.9973648],[129.1852945,35.9973243],[129.1851806,35.9972846],[129.1851806,35.9972845],[129.1851055,35.9972684],[129.1850221,35.9972574],[129.185016,35.9972551],[129.1849601,35.9972333],[129.1848898,35.9972029],[129.1848075,35.997168],[129.1846957,35.9971186],[129.184599,35.9970747],[129.1845157,35.9970402],[129.1845102,35.9970468],[129.1843462,35.9972416],[129.1845071,35.9973025],[129.1847387,35.9973923],[129.1848429,35.9974207],[129.1849172,35.9974269],[129.1850196,35.9974642],[129.1852399,35.9975334],[129.1853067,35.9975493],[129.1855219,35.9976077],[129.1857433,35.9976525],[129.1857712,35.9976586],[129.1859826,35.997705],[129.1860756,35.9977187],[129.1865939,35.9975429]]]]}},{"type":"Feature","properties":{"UFID":"100035901008A00110100000004441907"},"geometry":{"type":"MultiPolygon","coordinates":[[[[129.1806378,35.9954836],[129.180511,35.9954467],[129.1804675,35.9954329],[129.1803304,35.9954198],[129.1801921,35.9954256],[129.1800229,35.9954324],[129.1798757,35.9954355],[129.1797512,35.995436],[129.1797257,35.9954335],[129.179679,35.9954213],[129.1794533,35.9953195],[129.1790571,35.9951399],[129.1789766,35.9950848],[129.1789683,35.9950784],[129.1789592,35.9950711],[129.178941,35.9950305],[129.1789329,35.9949691],[129.1789271,35.9949263],[129.1789268,35.9948953],[129.1788709,35.995022],[129.1789305,35.995086],[129.1789451,35.9950979],[129.1789545,35.995105],[129.1790381,35.9951623],[129.1794371,35.9953431],[129.1796658,35.9954462],[129.1797185,35.99546],[129.1797492,35.9954631],[129.1798763,35.9954625],[129.1800241,35.9954594],[129.1801938,35.9954526],[129.1803293,35.9954469],[129.1804593,35.9954594],[129.180557,35.9954902],[129.1805731,35.9954958],[129.1806882,35.9955313],[129.1807591,35.9955457],[129.1806378,35.9954836]]]]}},{"type":"Feature","properties":{"UFID":"100035901008A00110100000004441908"},"geometry":{"type":"MultiPolygon","coordinates":[[[[129.1792637,35.9944502],[129.1792281,35.9944446],[129.179202,35.9944753],[129.1789224,35.9948045],[129.1789087,35.9948206],[129.1789056,35.9948258],[129.1789015,35.9948289],[129.1789268,35.9948953],[129.1789325,35.9948478],[129.178934,35.9948401],[129.1789374,35.9948343],[129.178947,35.994823],[129.1792382,35.9944803],[129.1792637,35.9944502]]]]}},{"type":"Feature","properties":{"UFID":"100035901008A00110100000004441909"},"geometry":{"type":"MultiPolygon","coordinates":[[[[129.1789268,35.9948953],[129.1789015,35.9948289],[129.1788731,35.9948769],[129.1788709,35.995022],[129.1789268,35.9948953]]]]}},{"type":"Feature","properties":{"UFID":"100035901008A00110100000004441910"},"geometry":{"type":"MultiPolygon","coordinates":[[[[129.1794548,35.9943114],[129.1794283,35.9943775],[129.1794749,35.994373],[129.1795131,35.9943737],[129.1795239,35.9943754],[129.179595,35.9944069],[129.1797062,35.9944569],[129.1798466,35.994521],[129.1800189,35.9946047],[129.1801318,35.9946639],[129.180215,35.9947089],[129.1802579,35.9947344],[129.1802808,35.994766],[129.1802978,35.9947911],[129.1803188,35.9948774],[129.1803254,35.9949437],[129.1803558,35.9950168],[129.1803628,35.9950311],[129.1804012,35.9950975],[129.1804635,35.9951754],[129.1806437,35.9952966],[129.1805599,35.9952183],[129.1804793,35.9951338],[129.1804214,35.9950628],[129.1804065,35.9950424],[129.1803869,35.9950069],[129.1803582,35.9949382],[129.1803518,35.9948738],[129.1803294,35.9947817],[129.1803097,35.9947527],[129.1802831,35.994716],[129.180234,35.9946867],[129.1801501,35.9946414],[129.1800365,35.9945817],[129.1798633,35.9944975],[129.1797224,35.9944333],[129.179611,35.9943832],[129.1795945,35.9943759],[129.1794548,35.9943114]]]]}},{"type":"Feature","properties":{"UFID":"100035901008A00110100000004441911"},"geometry":{"type":"MultiPolygon","coordinates":[[[[129.1807784,35.9953602],[129.1806437,35.9952966],[129.1806023,35.9954679],[129.1806378,35.9954836],[129.1807784,35.9953602]]]]}},{"type":"Feature","properties":{"UFID":"100035901008A00110100000004441912"},"geometry":{"type":"MultiPolygon","coordinates":[[[[129.1806437,35.9952966],[129.1804635,35.9951754],[129.1804117,35.9953942],[129.180489,35.9954177],[129.1806023,35.9954679],[129.1806437,35.9952966]]]]}},{"type":"Feature","properties":{"UFID":"100035901008A00110100000004441913"},"geometry":{"type":"MultiPolygon","coordinates":[[[[129.1809182,35.9954263],[129.1807784,35.9953602],[129.1806378,35.9954836],[129.1807591,35.9955457],[129.1809182,35.9954263]]]]}},{"type":"Feature","properties":{"UFID":"100035901008A00110100000004441914"},"geometry":{"type":"MultiPolygon","coordinates":[[[[129.1804635,35.9951754],[129.1802256,35.9949821],[129.1799897,35.9953085],[129.1801659,35.9953387],[129.1804117,35.9953942],[129.1804635,35.9951754]]]]}},{"type":"Feature","properties":{"UFID":"100035901008A00110100000004441915"},"geometry":{"type":"MultiPolygon","coordinates":[[[[129.1802256,35.9949821],[129.1801013,35.9949093],[129.1798538,35.995254],[129.1799897,35.9953085],[129.1802256,35.9949821]]]]}},{"type":"Feature","properties":{"UFID":"100035901008A00110100000004441916"},"geometry":{"type":"MultiPolygon","coordinates":[[[[129.1794205,35.994547],[129.1792902,35.9944859],[129.178952,35.9948268],[129.179233,35.9948762],[129.1794205,35.994547]]]]}},{"type":"Feature","properties":{"UFID":"100035901008A00110100000004441917"},"geometry":{"type":"MultiPolygon","coordinates":[[[[129.1801013,35.9949093],[129.1799152,35.9947709],[129.1798065,35.9947121],[129.1796569,35.9946517],[129.1794205,35.994547],[129.179233,35.9948762],[129.1795123,35.9950068],[129.1796935,35.9950883],[129.1798074,35.995185],[129.1798538,35.995254],[129.1801013,35.9949093]]]]}},{"type":"Feature","properties":{"UFID":"100035901008A00110100000004441918"},"geometry":{"type":"MultiPolygon","coordinates":[[[[129.1811897,35.9955399],[129.1810341,35.9954807],[129.1809156,35.9956213],[129.1809643,35.9956363],[129.1811897,35.9955399]]]]}},{"type":"Feature","properties":{"UFID":"100035901008A00110100000004441919"},"geometry":{"type":"MultiPolygon","coordinates":[[[[129.1810341,35.9954807],[129.1810211,35.9954749],[129.1809493,35.9954409],[129.1809182,35.9954263],[129.1807591,35.9955457],[129.1809156,35.9956213],[129.1810341,35.9954807]]]]}},{"type":"Feature","properties":{"UFID":"100035901008A00110100000004441920"},"geometry":{"type":"MultiPolygon","coordinates":[[[[129.1793118,35.9944238],[129.1792854,35.9943969],[129.1792281,35.9944446],[129.1792637,35.9944502],[129.1793118,35.9944238]]]]}},{"type":"Feature","properties":{"UFID":"100035901008A00110100000004441921"},"geometry":{"type":"MultiPolygon","coordinates":[[[[129.1794548,35.9943114],[129.1793973,35.9942708],[129.1793268,35.9943501],[129.1794283,35.9943775],[129.1794548,35.9943114]]]]}},{"type":"Feature","properties":{"UFID":"100035901008A00110100000004441922"},"geometry":{"type":"MultiPolygon","coordinates":[[[[129.1812749,35.9955799],[129.1811924,35.9955435],[129.1811897,35.9955399],[129.1809643,35.9956363],[129.1811402,35.9957217],[129.1812749,35.9955799]]]]}},{"type":"Feature","properties":{"UFID":"100035901008A00110100000004441923"},"geometry":{"type":"MultiPolygon","coordinates":[[[[129.1813861,35.9956295],[129.1813483,35.9956123],[129.1812749,35.9955799],[129.1811402,35.9957217],[129.1811883,35.995748],[129.1813726,35.9956375],[129.1813861,35.9956295]]]]}},{"type":"Feature","properties":{"UFID":"100035901008A00110100000004441924"},"geometry":{"type":"MultiPolygon","coordinates":[[[[129.1789015,35.9948289],[129.1788936,35.9948302],[129.1788835,35.9948305],[129.1788779,35.9948292],[129.1788728,35.9948263],[129.1787536,35.9947073],[129.1785963,35.9945669],[129.1785571,35.9945301],[129.1784038,35.9944596],[129.1784058,35.994461],[129.1784879,35.9945193],[129.1785895,35.9946011],[129.1787284,35.9947249],[129.1788673,35.9948636],[129.1788731,35.9948769],[129.1789015,35.9948289]]]]}},{"type":"Feature","properties":{"UFID":"100035901008A00110100000004441925"},"geometry":{"type":"MultiPolygon","coordinates":[[[[129.178952,35.9948268],[129.1792902,35.9944859],[129.1792619,35.9944836],[129.1792382,35.9944803],[129.179202,35.9944753],[129.1791802,35.9944723],[129.1790951,35.994472],[129.179019,35.9945175],[129.1784817,35.9943095],[129.1785571,35.9945301],[129.1789224,35.9948045],[129.178947,35.994823],[129.178952,35.9948268]]]]}},{"type":"Feature","properties":{"UFID":"100035901008A00110100000004441926"},"geometry":{"type":"MultiPolygon","coordinates":[[[[129.177031,35.9935897],[129.1765993,35.9934012],[129.1763455,35.9933027],[129.1761931,35.9932435],[129.1761869,35.9932405],[129.1761885,35.9934486],[129.1763306,35.993516],[129.1763448,35.9935214],[129.1765134,35.993607],[129.1767311,35.9937125],[129.177031,35.9935897]]]]}},{"type":"Feature","properties":{"UFID":"100035901008A00110100000004441927"},"geometry":{"type":"MultiPolygon","coordinates":[[[[129.1761869,35.9932405],[129.1760983,35.9931977],[129.1761044,35.9934077],[129.1761282,35.9934208],[129.1761443,35.9934277],[129.1761885,35.9934486],[129.1761869,35.9932405]]]]}},{"type":"Feature","properties":{"UFID":"100035901008A00110100000004441928"},"geometry":{"type":"MultiPolygon","coordinates":[[[[129.175919,35.9931113],[129.1758512,35.9930814],[129.175776,35.993227],[129.1758272,35.9932563],[129.175919,35.9931113]]]]}},{"type":"Feature","properties":{"UFID":"100035901008A00110100000004441929"},"geometry":{"type":"MultiPolygon","coordinates":[[[[129.1792854,35.9943969],[129.179261,35.9944019],[129.1791478,35.9944024],[129.1790751,35.9943986],[129.178983,35.9943916],[129.1789291,35.9943866],[129.1788956,35.9943789],[129.1788029,35.9943539],[129.1786399,35.9943002],[129.1786054,35.9942917],[129.1785177,35.9942628],[129.178316,35.9942267],[129.1784817,35.9943095],[129.1785272,35.9943056],[129.1786002,35.9943188],[129.1786289,35.9943257],[129.1787915,35.9943792],[129.1788859,35.9944048],[129.1789226,35.9944132],[129.1789796,35.9944185],[129.1790725,35.9944256],[129.1791486,35.9944295],[129.1792129,35.9944348],[129.1792281,35.9944446],[129.1792854,35.9943969]]]]}},{"type":"Feature","properties":{"UFID":"100035901008A00110100000004441930"},"geometry":{"type":"MultiPolygon","coordinates":[[[[129.1760983,35.9931977],[129.1760923,35.9931972],[129.175936,35.9931199],[129.175919,35.9931113],[129.1758272,35.9932563],[129.1758331,35.9932578],[129.1759309,35.9933122],[129.1761044,35.9934077],[129.1760983,35.9931977]]]]}},{"type":"Feature","properties":{"UFID":"100035901008A00110100000004441931"},"geometry":{"type":"MultiPolygon","coordinates":[[[[129.1784817,35.9943095],[129.178316,35.9942267],[129.1784038,35.9944596],[129.1785571,35.9945301],[129.1784817,35.9943095]]]]}},{"type":"Feature","properties":{"UFID":"100035901008A00110100000004441932"},"geometry":{"type":"MultiPolygon","coordinates":[[[[129.178316,35.9942267],[129.1781418,35.9941383],[129.1776254,35.993861],[129.1772137,35.9936476],[129.1770993,35.9938756],[129.177154,35.9938987],[129.1773858,35.9939998],[129.1779047,35.9942214],[129.1784038,35.9944596],[129.178316,35.9942267]]]]}},{"type":"Feature","properties":{"UFID":"100035901008A00110100000004441933"},"geometry":{"type":"MultiPolygon","coordinates":[[[[129.1772137,35.9936476],[129.177031,35.9935897],[129.1767311,35.9937125],[129.1770993,35.9938756],[129.1772137,35.9936476]]]]}},{"type":"Feature","properties":{"UFID":"100035901008A00110100000004446226"},"geometry":{"type":"MultiPolygon","coordinates":[[[[129.1998421,35.976837],[129.1997254,35.9768594],[129.1997336,35.9768924],[129.1998384,35.9768984],[129.1998421,35.976837]]]]}},{"type":"Feature","properties":{"UFID":"100035901008A00110100000004446227"},"geometry":{"type":"MultiPolygon","coordinates":[[[[129.1998384,35.9768984],[129.1997336,35.9768924],[129.1997825,35.9769039],[129.1997843,35.9769056],[129.1997852,35.9769092],[129.1997826,35.9769419],[129.1997805,35.9770282],[129.1997831,35.9770643],[129.1997835,35.9770767],[129.1997837,35.9771132],[129.1997805,35.9771549],[129.1997745,35.9772066],[129.1997724,35.9772389],[129.1997724,35.9772539],[129.1997733,35.9772947],[129.1997741,35.9773514],[129.199773,35.9773831],[129.1997704,35.9774082],[129.1997663,35.9774407],[129.199757,35.9774867],[129.1997451,35.9775381],[129.1997368,35.9775669],[129.1997286,35.9775829],[129.1997186,35.9775941],[129.1997036,35.9776058],[129.199684,35.9776142],[129.1996638,35.9776188],[129.1996331,35.9776204],[129.1995927,35.9776187],[129.1995648,35.9776189],[129.1995386,35.9776205],[129.1995153,35.9776242],[129.1994898,35.9776331],[129.1994634,35.9776483],[129.1994343,35.9776733],[129.1994239,35.9776907],[129.199421,35.9777022],[129.199414,35.9777352],[129.1994126,35.9777583],[129.199416,35.9777965],[129.1994243,35.9778532],[129.1994279,35.9779081],[129.1994274,35.9779401],[129.1994246,35.9779637],[129.1994219,35.9779764],[129.1994483,35.9779837],[129.1994485,35.9779751],[129.1994497,35.9779371],[129.199448,35.977884],[129.1994404,35.9778269],[129.1994359,35.9777754],[129.1994371,35.9777347],[129.1994404,35.9777189],[129.1994447,35.9777028],[129.1994569,35.9776878],[129.1994785,35.9776696],[129.1995024,35.977654],[129.1995268,35.9776455],[129.1995539,35.9776422],[129.1995766,35.9776398],[129.1996021,35.9776392],[129.1996328,35.9776402],[129.1996575,35.97764],[129.1996794,35.9776382],[129.1997008,35.9776332],[129.1997209,35.9776247],[129.1997364,35.9776141],[129.1997518,35.9775981],[129.1997604,35.9775836],[129.1997706,35.9775348],[129.1997856,35.977447],[129.199794,35.9773866],[129.199797,35.9773491],[129.1997959,35.9772771],[129.1997957,35.9772396],[129.1997987,35.9771984],[129.1998038,35.9771539],[129.1998075,35.9770977],[129.1998051,35.97705],[129.1998038,35.9770068],[129.1998068,35.976964],[129.1998092,35.976939],[129.1998192,35.9769137],[129.1998234,35.9769069],[129.1998262,35.9769032],[129.1998384,35.9768984]]]]}},{"type":"Feature","properties":{"UFID":"100035901008A00110100000004446228"},"geometry":{"type":"MultiPolygon","coordinates":[[[[129.1994483,35.9779837],[129.1994219,35.9779764],[129.1994206,35.9779823],[129.1994094,35.978009],[129.199403,35.9780251],[129.1994266,35.9780343],[129.1994483,35.9779837]]]]}},{"type":"Feature","properties":{"UFID":"100035901008A00110100000004446229"},"geometry":{"type":"MultiPolygon","coordinates":[[[[129.1994038,35.978125],[129.1994085,35.9780867],[129.1994106,35.9780713],[129.1994174,35.978051],[129.1994266,35.9780343],[129.199403,35.9780251],[129.1993929,35.9780506],[129.1993865,35.9780801],[129.1993828,35.978114],[129.1993817,35.9781434],[129.1994038,35.978125]]]]}},{"type":"Feature","properties":{"UFID":"100035901008A00110100000004446230"},"geometry":{"type":"MultiPolygon","coordinates":[[[[129.1994283,35.9781614],[129.1993817,35.9781434],[129.1993805,35.9781683],[129.1993792,35.9781803],[129.1993747,35.9782008],[129.1993623,35.9782429],[129.199348,35.978282],[129.1993407,35.9783101],[129.199342,35.97833],[129.1993456,35.9783489],[129.1993499,35.9783655],[129.1993614,35.9784019],[129.1993695,35.9784387],[129.1993728,35.9784779],[129.1993703,35.9785066],[129.1993651,35.9785262],[129.1993547,35.978553],[129.1993384,35.9785775],[129.1993176,35.9785919],[129.1993002,35.9786009],[129.1992832,35.9786077],[129.1992371,35.9786288],[129.1992088,35.9786493],[129.1991745,35.9786701],[129.1991462,35.9786876],[129.1991657,35.9786997],[129.1992431,35.9786526],[129.1992709,35.9786356],[129.1993035,35.978623],[129.1993435,35.9786035],[129.19936,35.9785883],[129.1993777,35.9785654],[129.1993863,35.9785433],[129.1993948,35.978511],[129.1993967,35.978481],[129.1993941,35.9784506],[129.1993887,35.9784116],[129.1993796,35.978384],[129.1993682,35.9783418],[129.1993649,35.978322],[129.1993666,35.9782995],[129.1993839,35.9782388],[129.1994004,35.978196],[129.1994185,35.9781686],[129.1994283,35.9781614]]]]}},{"type":"Feature","properties":{"UFID":"100035901008A00110100000004446231"},"geometry":{"type":"MultiPolygon","coordinates":[[[[129.1994483,35.9779837],[129.1994266,35.9780343],[129.1994318,35.978032],[129.1994544,35.9780374],[129.1994887,35.9780574],[129.1995022,35.978072],[129.1995062,35.9780936],[129.1995018,35.9781058],[129.1994964,35.978111],[129.1994732,35.9781211],[129.1994457,35.978128],[129.1994361,35.9781301],[129.1994283,35.9781614],[129.1994401,35.9781527],[129.1994614,35.978145],[129.1994921,35.9781366],[129.1995146,35.9781261],[129.1995256,35.978117],[129.1995312,35.9781044],[129.1995328,35.9780921],[129.1995303,35.978077],[129.1995143,35.9780503],[129.1994744,35.9780167],[129.1994549,35.9779978],[129.1994483,35.9779837]]]]}},{"type":"Feature","properties":{"UFID":"100035901008A00110100000004446232"},"geometry":{"type":"MultiPolygon","coordinates":[[[[129.1994361,35.9781301],[129.1994182,35.9781304],[129.1994107,35.978129],[129.1994072,35.9781276],[129.1994038,35.978125],[129.1993817,35.9781434],[129.1994283,35.9781614],[129.1994361,35.9781301]]]]}},{"type":"Feature","properties":{"UFID":"100035901008A00110100000004446233"},"geometry":{"type":"MultiPolygon","coordinates":[[[[129.1981761,35.9779977],[129.1981756,35.9779947],[129.1981761,35.9779915],[129.1982233,35.9779312],[129.1982852,35.9778572],[129.198291,35.9778417],[129.1982913,35.9778376],[129.1982907,35.977832],[129.1982857,35.9778256],[129.1982153,35.9777888],[129.1981473,35.9777535],[129.1979827,35.9776721],[129.1979722,35.9776616],[129.1979498,35.9776391],[129.1979462,35.9776094],[129.1979512,35.9775802],[129.1979804,35.9775241],[129.1980263,35.977451],[129.198159,35.9773398],[129.1982649,35.9772468],[129.1983142,35.9772157],[129.1983321,35.9772164],[129.1984023,35.9771843],[129.1984469,35.9771704],[129.198458,35.9771669],[129.1986101,35.97719],[129.1987064,35.9772018],[129.1987554,35.9772037],[129.1988163,35.9772008],[129.198878,35.9771944],[129.1989756,35.977177],[129.1990134,35.9771736],[129.1990366,35.9771839],[129.199175,35.9771469],[129.1991847,35.9771264],[129.1992399,35.9771068],[129.1993096,35.9770746],[129.1993884,35.9770366],[129.1994391,35.9770073],[129.199487,35.9769754],[129.199523,35.9769515],[129.1996231,35.9769114],[129.1996735,35.9769003],[129.1997039,35.9768963],[129.1997218,35.9768939],[129.1997336,35.9768924],[129.1997254,35.9768594],[129.1997052,35.9768633],[129.1995819,35.976895],[129.1995007,35.9769288],[129.1994036,35.9769847],[129.1992978,35.9770387],[129.1991683,35.9770944],[129.1990231,35.9771362],[129.1989028,35.977159],[129.1988147,35.9771712],[129.1987179,35.9771715],[129.1986326,35.9771652],[129.1985311,35.9771491],[129.1984342,35.9771391],[129.1983924,35.9771389],[129.1983585,35.9771458],[129.1983028,35.9771765],[129.1982284,35.9772361],[129.1981346,35.9773214],[129.1979988,35.9774351],[129.1979502,35.9775126],[129.1979188,35.9775729],[129.1979123,35.9776106],[129.1979178,35.9776499],[129.1979262,35.9776585],[129.1979484,35.9776807],[129.1979606,35.9776928],[129.1980821,35.9777534],[129.1982411,35.9778395],[129.1982442,35.9778492],[129.1982452,35.9778529],[129.1982465,35.9778584],[129.1982468,35.9778637],[129.198169,35.9779608],[129.1981247,35.9780125],[129.1981761,35.9779977]]]]}},{"type":"Feature","properties":{"UFID":"100035901018A00110100000004446242"},"geometry":{"type":"MultiPolygon","coordinates":[[[[129.1992264,35.9652832],[129.1992225,35.9652477],[129.1991667,35.9652888],[129.1990975,35.9653109],[129.1989621,35.9653286],[129.1989003,35.9653394],[129.1988731,35.9653533],[129.1988624,35.9653723],[129.1988397,35.9654447],[129.1988318,35.9654622],[129.198811,35.9654964],[129.1987674,35.9655343],[129.1986443,35.9656007],[129.1986043,35.9656182],[129.1986214,35.9656415],[129.1986614,35.9656238],[129.1987891,35.9655551],[129.1988387,35.9655119],[129.1988624,35.9654729],[129.1988715,35.9654527],[129.1988939,35.9653814],[129.1988992,35.965372],[129.198913,35.9653649],[129.1989683,35.9653552],[129.1991063,35.9653371],[129.1991844,35.9653122],[129.1992264,35.9652832]]]]}},{"type":"Feature","properties":{"UFID":"100035901018A00110100000004446243"},"geometry":{"type":"MultiPolygon","coordinates":[[[[129.1989381,35.9673244],[129.1989744,35.967366],[129.1989832,35.9673527],[129.198995,35.9673403],[129.1990144,35.9673298],[129.1990689,35.9672962],[129.1990976,35.9672756],[129.1991041,35.9672654],[129.199106,35.9672603],[129.1991071,35.9672553],[129.1991069,35.9672475],[129.1991064,35.9672353],[129.1991034,35.9672288],[129.1990944,35.9672056],[129.1990696,35.9671664],[129.199057,35.9671407],[129.199046,35.9671113],[129.1990316,35.9670705],[129.1989335,35.9669639],[129.1988566,35.9668792],[129.1988321,35.9668517],[129.1988195,35.9668381],[129.1987397,35.9667338],[129.1987184,35.9667571],[129.198792,35.9668534],[129.1988055,35.9668678],[129.1988298,35.9668951],[129.1989065,35.9669797],[129.1989996,35.967078],[129.1990141,35.967119],[129.1990256,35.9671497],[129.1990393,35.9671777],[129.1990636,35.967216],[129.199072,35.9672376],[129.1990734,35.9672406],[129.1990737,35.9672482],[129.1990738,35.9672532],[129.1990736,35.967254],[129.1990732,35.9672551],[129.1990709,35.9672587],[129.1990478,35.9672753],[129.1989955,35.9673075],[129.1989713,35.9673198],[129.1989652,35.9673223],[129.198952,35.9673246],[129.1989381,35.9673244]]]]}},{"type":"Feature","properties":{"UFID":"100035901018A00110100000004446244"},"geometry":{"type":"MultiPolygon","coordinates":[[[[129.1989744,35.967366],[129.1989381,35.9673244],[129.1988965,35.9673447],[129.1989179,35.9673727],[129.1989292,35.9673905],[129.1989744,35.967366]]]]}},{"type":"Feature","properties":{"UFID":"100035901018A00110100000004446245"},"geometry":{"type":"MultiPolygon","coordinates":[[[[129.1986043,35.9656182],[129.1985678,35.9655964],[129.198492,35.9654899],[129.1984043,35.9653829],[129.1983881,35.9653681],[129.1983734,35.9653516],[129.1982229,35.9652053],[129.1981179,35.9650822],[129.1979991,35.9649291],[129.1979036,35.9647749],[129.1978612,35.9646805],[129.1978336,35.9645925],[129.1978248,35.9645316],[129.1978075,35.9644812],[129.1977757,35.9644254],[129.1977277,35.9643552],[129.1976985,35.964298],[129.1976652,35.9642418],[129.1976351,35.9642532],[129.1976682,35.964309],[129.1976977,35.964367],[129.197746,35.9644377],[129.1977763,35.9644905],[129.197792,35.9645369],[129.1978008,35.9645976],[129.1978294,35.9646884],[129.197873,35.9647857],[129.1979702,35.9649424],[129.1980901,35.9650971],[129.1981965,35.9652217],[129.1983471,35.9653682],[129.1984053,35.9654334],[129.1984078,35.9654363],[129.1984754,35.9655331],[129.1985133,35.965611],[129.1985183,35.96563],[129.1985158,35.9656492],[129.1986043,35.9656182]]]]}},{"type":"Feature","properties":{"UFID":"100035901018A00110100000004446246"},"geometry":{"type":"MultiPolygon","coordinates":[[[[129.1994665,35.9681123],[129.199463,35.9681045],[129.1994469,35.9680765],[129.1994203,35.9680439],[129.1993949,35.96801],[129.1993712,35.9679793],[129.1993476,35.9679534],[129.199325,35.9679305],[129.1992972,35.9679046],[129.199263,35.9678808],[129.199228,35.9678536],[129.1991986,35.9678334],[129.199169,35.9678081],[129.1991493,35.967789],[129.1991339,35.9677696],[129.1990908,35.967784],[129.1990986,35.9677863],[129.1991039,35.9677878],[129.1991146,35.9677977],[129.1991372,35.9678218],[129.1991621,35.9678446],[129.1991925,35.9678675],[129.1992275,35.9678914],[129.1992539,35.9679102],[129.1992877,35.9679371],[129.1993166,35.9679646],[129.1993447,35.967997],[129.1993735,35.9680339],[129.1994044,35.968076],[129.1994317,35.968112],[129.1994327,35.9681185],[129.1994323,35.9681212],[129.1994304,35.9681249],[129.1994288,35.9681285],[129.1994665,35.9681123]]]]}},{"type":"Feature","properties":{"UFID":"100035901018A00110100000004446247"},"geometry":{"type":"MultiPolygon","coordinates":[[[[129.1994779,35.968137],[129.199475,35.9681312],[129.1994665,35.9681123],[129.1994288,35.9681285],[129.1994436,35.9681494],[129.1994779,35.968137]]]]}},{"type":"Feature","properties":{"UFID":"100035901018A00110100000004446248"},"geometry":{"type":"MultiPolygon","coordinates":[[[[129.1994436,35.9681494],[129.1994288,35.9681285],[129.1994258,35.9681306],[129.199416,35.9681363],[129.1993869,35.9681419],[129.1993183,35.9681583],[129.1993205,35.9681855],[129.1993938,35.968163],[129.1994398,35.9681491],[129.1994436,35.9681494]]]]}},{"type":"Feature","properties":{"UFID":"100035901018A00110100000004446249"},"geometry":{"type":"MultiPolygon","coordinates":[[[[129.1990908,35.967784],[129.1990729,35.96775],[129.1990709,35.9677564],[129.1990659,35.9677615],[129.1990565,35.9677675],[129.1990161,35.9677769],[129.1989678,35.9677917],[129.1989489,35.9677961],[129.1989604,35.9678124],[129.1990109,35.9677979],[129.1990619,35.9677838],[129.1990739,35.9677824],[129.199084,35.9677828],[129.1990908,35.967784]]]]}},{"type":"Feature","properties":{"UFID":"100035901018A00110100000004446250"},"geometry":{"type":"MultiPolygon","coordinates":[[[[129.1991127,35.9677362],[129.199099,35.9677066],[129.199079,35.9676655],[129.1990638,35.9676201],[129.1990472,35.9675778],[129.1990022,35.9674674],[129.1989728,35.9673981],[129.1989714,35.9673852],[129.1989716,35.967377],[129.1989744,35.967366],[129.1989292,35.9673905],[129.1989422,35.9674109],[129.1989527,35.967433],[129.1989731,35.9674805],[129.1990097,35.9675691],[129.1990429,35.9676654],[129.1990628,35.9677166],[129.1990716,35.9677356],[129.1990733,35.967746],[129.1990729,35.96775],[129.1991127,35.9677362]]]]}},{"type":"Feature","properties":{"UFID":"100035901018A00110100000004446251"},"geometry":{"type":"MultiPolygon","coordinates":[[[[129.1991339,35.9677696],[129.1991298,35.9677643],[129.1991136,35.9677382],[129.1991127,35.9677362],[129.1990729,35.96775],[129.1990908,35.967784],[129.1991339,35.9677696]]]]}},{"type":"Feature","properties":{"UFID":"100035901018A00110100000004446252"},"geometry":{"type":"MultiPolygon","coordinates":[[[[129.1986214,35.9656415],[129.1986043,35.9656182],[129.1985158,35.9656492],[129.1985498,35.9656745],[129.1985737,35.9656621],[129.1985962,35.9656526],[129.1986214,35.9656415]]]]}},{"type":"Feature","properties":{"UFID":"100035901018A00110100000004446253"},"geometry":{"type":"MultiPolygon","coordinates":[[[[129.1992728,35.9652642],[129.1992546,35.9652336],[129.1992435,35.9652387],[129.1992225,35.9652477],[129.1992264,35.9652832],[129.1992728,35.9652642]]]]}},{"type":"Feature","properties":{"UFID":"100035901018A00110100000004446254"},"geometry":{"type":"MultiPolygon","coordinates":[[[[129.1993142,35.9652473],[129.1992931,35.9652127],[129.199288,35.965218],[129.1992546,35.9652336],[129.1992728,35.9652642],[129.1993142,35.9652473]]]]}},{"type":"Feature","properties":{"UFID":"100035901018A00110100000004446255"},"geometry":{"type":"MultiPolygon","coordinates":[[[[129.1989381,35.9673244],[129.1989303,35.9673225],[129.1989251,35.9673197],[129.1989157,35.9673141],[129.1989009,35.9673024],[129.1988954,35.9672984],[129.1988942,35.9672972],[129.1988629,35.9672653],[129.1988272,35.9672382],[129.1987895,35.9672116],[129.1987454,35.9671827],[129.198701,35.9671539],[129.1986392,35.9671163],[129.1985966,35.9670887],[129.1985668,35.9670678],[129.1985405,35.9670461],[129.1985194,35.9670151],[129.1984963,35.9669821],[129.1984772,35.9669459],[129.1984587,35.9669071],[129.1984387,35.9668678],[129.1984215,35.96684],[129.198396,35.9668088],[129.1983688,35.9667755],[129.1983403,35.9667476],[129.1982136,35.9666164],[129.1981031,35.9665194],[129.1980774,35.9665367],[129.1981883,35.9666339],[129.1983147,35.9667649],[129.1983421,35.9667917],[129.1983683,35.9668237],[129.1983927,35.9668536],[129.1984084,35.9668791],[129.1984278,35.9669172],[129.1984464,35.9669561],[129.1984665,35.9669942],[129.1984904,35.9670283],[129.1985136,35.9670625],[129.1985441,35.9670875],[129.1985753,35.9671095],[129.1986189,35.9671377],[129.1986807,35.9671753],[129.1987246,35.9672038],[129.1987682,35.9672323],[129.198805,35.9672583],[129.1988384,35.9672837],[129.198868,35.9673139],[129.1988925,35.9673395],[129.1988965,35.9673447],[129.1989381,35.9673244]]]]}},{"type":"Feature","properties":{"UFID":"100035901018A00110100000004446256"},"geometry":{"type":"MultiPolygon","coordinates":[[[[129.1980569,35.9664684],[129.1980484,35.966459],[129.1980423,35.9664407],[129.1980417,35.9664086],[129.1980534,35.9663614],[129.1980828,35.9663018],[129.1981059,35.9662679],[129.1981991,35.966187],[129.1982292,35.9661569],[129.1982378,35.9661284],[129.1982294,35.9660788],[129.198181,35.9660075],[129.1980994,35.9659408],[129.1980095,35.9658673],[129.1979902,35.9658442],[129.1979967,35.9658183],[129.1980212,35.9657811],[129.1980649,35.9657741],[129.1981972,35.9657561],[129.1983711,35.9657275],[129.1984726,35.965705],[129.1985312,35.9656841],[129.1985498,35.9656745],[129.1985158,35.9656492],[129.1985087,35.9656606],[129.1984894,35.9656694],[129.1984616,35.9656794],[129.1983634,35.9657012],[129.1981911,35.9657295],[129.1980591,35.9657476],[129.1979993,35.9657569],[129.197965,35.9658091],[129.1979548,35.96585],[129.1979838,35.9658846],[129.1980758,35.9659599],[129.1981541,35.9660239],[129.1981946,35.9660853],[129.1982017,35.9661053],[129.1981991,35.9661454],[129.1981951,35.9661519],[129.1981199,35.9662233],[129.1980618,35.9662768],[129.1980364,35.9663213],[129.1980116,35.9663896],[129.1980106,35.9664168],[129.1980303,35.9664795],[129.1980569,35.9664684]]]]}},{"type":"Feature","properties":{"UFID":"100035901018A00110100000004446319"},"geometry":{"type":"MultiPolygon","coordinates":[[[[129.1822734,35.9703527],[129.1821996,35.970399],[129.1822259,35.9703864],[129.1822356,35.9703854],[129.182395,35.9704031],[129.1823974,35.9704031],[129.182462,35.9704044],[129.1825235,35.9704069],[129.1825714,35.9704131],[129.1826187,35.970425],[129.1826494,35.9704454],[129.1826775,35.9704748],[129.182689,35.9704897],[129.1827138,35.9705404],[129.1827305,35.9705745],[129.182748,35.9706015],[129.1827683,35.9706134],[129.1828086,35.9705889],[129.1827802,35.9705711],[129.1827622,35.9705416],[129.1827522,35.9705143],[129.1827281,35.9704758],[129.1826986,35.9704414],[129.1826626,35.970414],[129.1826259,35.9703941],[129.1825799,35.9703833],[129.1825262,35.9703807],[129.1824636,35.9703787],[129.1824018,35.9703769],[129.1822751,35.9703547],[129.1822734,35.9703527]]]]}},{"type":"Feature","properties":{"UFID":"100035901018A00110100000004446320"},"geometry":{"type":"MultiPolygon","coordinates":[[[[129.1820113,35.9724739],[129.1819331,35.9724458],[129.1819646,35.9725232],[129.1820289,35.9725273],[129.1820113,35.9724739]]]]}},{"type":"Feature","properties":{"UFID":"100035901018A00110100000004446321"},"geometry":{"type":"MultiPolygon","coordinates":[[[[129.1819331,35.9724458],[129.1820113,35.9724739],[129.1819952,35.9724254],[129.1819534,35.9722019],[129.1819183,35.9720833],[129.1819181,35.972045],[129.1819215,35.9720298],[129.1819353,35.9720202],[129.1820044,35.9720699],[129.1821494,35.9721711],[129.1822988,35.9722504],[129.1824564,35.9723453],[129.1826287,35.9724171],[129.1828618,35.9725155],[129.1830274,35.9726106],[129.1830701,35.9726601],[129.1831309,35.9726959],[129.1832117,35.9726538],[129.183086,35.9725841],[129.1828986,35.9724898],[129.182654,35.9723606],[129.1825168,35.9723265],[129.1822278,35.9721618],[129.1820993,35.9720635],[129.1819511,35.9719358],[129.1819122,35.9719173],[129.1818755,35.9719096],[129.1818344,35.9719218],[129.1818226,35.971938],[129.181876,35.9720981],[129.1819212,35.9722545],[129.1819409,35.9723575],[129.1819478,35.972398],[129.1819528,35.9724337],[129.1819331,35.9724458]]]]}},{"type":"Feature","properties":{"UFID":"100035901018A00110100000004446322"},"geometry":{"type":"MultiPolygon","coordinates":[[[[129.1819331,35.9724458],[129.1817787,35.9723209],[129.1816014,35.9721631],[129.1814258,35.9719952],[129.1812705,35.9718457],[129.1811325,35.971724],[129.1810628,35.971636],[129.1810391,35.9716783],[129.1811388,35.9717951],[129.1813202,35.9719605],[129.1815368,35.9721769],[129.1817416,35.9723622],[129.1818678,35.9724788],[129.1819453,35.9725126],[129.1819646,35.9725232],[129.1819331,35.9724458]]]]}},{"type":"Feature","properties":{"UFID":"100035901018A00110100000004446323"},"geometry":{"type":"MultiPolygon","coordinates":[[[[129.1820289,35.9725273],[129.1819646,35.9725232],[129.1820159,35.9726299],[129.1820751,35.9727201],[129.1822029,35.9729003],[129.1822561,35.9730147],[129.1822784,35.9731369],[129.1822861,35.973183],[129.1822674,35.9731994],[129.182211,35.9730299],[129.1821841,35.972974],[129.1821113,35.9729085],[129.1819753,35.9728678],[129.1818213,35.9727868],[129.1817579,35.9727326],[129.181651,35.9726616],[129.1815611,35.9725778],[129.1814581,35.9724589],[129.1813711,35.9723509],[129.1812834,35.9722772],[129.1811504,35.9721693],[129.1809822,35.9720475],[129.1808099,35.9719042],[129.1807147,35.9718029],[129.1806131,35.9717775],[129.1805857,35.9717999],[129.1806041,35.9718465],[129.180742,35.9720322],[129.1809074,35.9722494],[129.1810195,35.972392],[129.1810264,35.9724016],[129.1810286,35.9724101],[129.1810215,35.9724125],[129.1809403,35.9723271],[129.1807572,35.9722199],[129.1806909,35.9721927],[129.1806604,35.9722269],[129.1806612,35.9722272],[129.1808755,35.9723671],[129.1809639,35.9724395],[129.1810439,35.9725182],[129.1810706,35.9725231],[129.1811244,35.9725073],[129.1811336,35.9724909],[129.1811212,35.9724469],[129.1809244,35.972181],[129.1807121,35.971919],[129.1806987,35.9719054],[129.180904,35.9720719],[129.1811494,35.9722297],[129.1813666,35.9724319],[129.1815479,35.9726635],[129.1816475,35.9727464],[129.1817934,35.9728285],[129.1818721,35.9728613],[129.1819531,35.9728927],[129.1820075,35.9729198],[129.182057,35.9729496],[129.1821178,35.9730028],[129.1821399,35.9730463],[129.1821679,35.9731292],[129.1821885,35.9731763],[129.1822068,35.9732205],[129.1822502,35.9732723],[129.1822999,35.9732999],[129.1823429,35.9733175],[129.1823775,35.9733228],[129.1824036,35.9733011],[129.1823905,35.9732437],[129.1823481,35.9731718],[129.1823243,35.9731105],[129.1823118,35.9730507],[129.1823048,35.9730113],[129.1822815,35.9729397],[129.1822424,35.9728671],[129.182174,35.9727767],[129.182103,35.9726807],[129.1820676,35.9726269],[129.1820407,35.9725628],[129.1820289,35.9725273]]]]}},{"type":"Feature","properties":{"UFID":"100035901008A00110100000004446324"},"geometry":{"type":"MultiPolygon","coordinates":[[[[129.197452,35.9788547],[129.1975088,35.9788087],[129.1974334,35.9788315],[129.1973921,35.9788417],[129.1973704,35.9788437],[129.1973627,35.978842],[129.1973194,35.9788132],[129.1972333,35.9787566],[129.1971787,35.978738],[129.1971355,35.9787285],[129.197093,35.9787192],[129.1969921,35.9787013],[129.1969034,35.9786946],[129.1968598,35.9786946],[129.1968584,35.9786947],[129.1966802,35.9787065],[129.1966968,35.9787327],[129.196861,35.9787217],[129.1969019,35.9787217],[129.1969871,35.978728],[129.1970851,35.9787454],[129.1971268,35.9787547],[129.1971679,35.9787636],[129.1972159,35.9787801],[129.1972984,35.9788341],[129.197347,35.9788665],[129.1973679,35.9788712],[129.1973989,35.9788683],[129.197444,35.9788571],[129.197452,35.9788547]]]]}},{"type":"Feature","properties":{"UFID":"100035901008A00110100000004446325"},"geometry":{"type":"MultiPolygon","coordinates":[[[[129.197561,35.978807],[129.1975088,35.9788087],[129.197452,35.9788547],[129.1974912,35.978858],[129.197561,35.978807]]]]}},{"type":"Feature","properties":{"UFID":"100035901008A00110100000004446326"},"geometry":{"type":"MultiPolygon","coordinates":[[[[129.1981649,35.9780493],[129.1981247,35.9780125],[129.1981182,35.9780162],[129.1981099,35.9780199],[129.1979419,35.9780245],[129.197791,35.9780323],[129.197515,35.9780501],[129.1972433,35.9780626],[129.1971834,35.9780683],[129.1971637,35.978071],[129.1971194,35.9780804],[129.1970773,35.9780944],[129.1970332,35.9781096],[129.1969229,35.9781612],[129.1969112,35.9781642],[129.1964918,35.9781546],[129.1963818,35.9781427],[129.1963685,35.9781401],[129.1963449,35.9781341],[129.1962681,35.9780925],[129.1962019,35.9780375],[129.196141,35.9779916],[129.1961066,35.9779707],[129.1960768,35.977957],[129.1960479,35.9779482],[129.1960359,35.9779472],[129.1960172,35.9779481],[129.1959679,35.9779559],[129.1958096,35.9779827],[129.1957327,35.9779963],[129.195579,35.978006],[129.1955552,35.9779831],[129.1954492,35.9780208],[129.1954191,35.9780284],[129.1953337,35.9780481],[129.1951611,35.9780716],[129.1951613,35.9780983],[129.1951635,35.9780981],[129.1954334,35.9780597],[129.1955358,35.9780442],[129.1956503,35.978032],[129.1957473,35.9780226],[129.1958066,35.9780126],[129.1958873,35.9779971],[129.1959709,35.9779829],[129.1960099,35.9779789],[129.19603,35.9779783],[129.1960463,35.9779792],[129.196055,35.9779809],[129.1960694,35.9779844],[129.1960915,35.9779969],[129.1961169,35.9780158],[129.1961749,35.9780567],[129.1962481,35.9781141],[129.1963305,35.9781587],[129.1963597,35.9781662],[129.1963758,35.9781693],[129.1964891,35.9781815],[129.1969157,35.9781913],[129.1969362,35.9781861],[129.1970483,35.9781337],[129.1970939,35.9781172],[129.1971139,35.9781124],[129.1972578,35.9780934],[129.1973329,35.9780887],[129.1978825,35.9780532],[129.1981076,35.978052],[129.1981649,35.9780493]]]]}},{"type":"Feature","properties":{"UFID":"100035901008A00110100000004446327"},"geometry":{"type":"MultiPolygon","coordinates":[[[[129.1981947,35.9780386],[129.1981761,35.9779977],[129.1981247,35.9780125],[129.1981649,35.9780493],[129.1981947,35.9780386]]]]}},{"type":"Feature","properties":{"UFID":"100035901018A00110100000004446328"},"geometry":{"type":"MultiPolygon","coordinates":[[[[129.1980774,35.9665367],[129.1980303,35.9664795],[129.1980296,35.9664834],[129.1979739,35.9664677],[129.197952,35.9664626],[129.1979428,35.9664619],[129.1979075,35.9664631],[129.197824,35.9664742],[129.1978067,35.9664756],[129.197757,35.9664615],[129.1976693,35.9664345],[129.1976405,35.9664312],[129.1976316,35.9664321],[129.1976175,35.9664363],[129.1975529,35.9664713],[129.1974628,35.966536],[129.1974814,35.9665598],[129.1975749,35.9664936],[129.1976251,35.9664678],[129.1976382,35.9664657],[129.1976587,35.9664652],[129.1976967,35.9664709],[129.1977823,35.9664967],[129.197808,35.9665031],[129.1978174,35.9665029],[129.1979237,35.9664879],[129.1979432,35.9664871],[129.1979684,35.9664924],[129.1980213,35.9665128],[129.1980774,35.9665367]]]]}},{"type":"Feature","properties":{"UFID":"100035901018A00110100000004446329"},"geometry":{"type":"MultiPolygon","coordinates":[[[[129.1981031,35.9665194],[129.1980569,35.9664684],[129.1980303,35.9664795],[129.1980774,35.9665367],[129.1981031,35.9665194]]]]}},{"type":"Feature","properties":{"UFID":"100035901018A00110100000004446330"},"geometry":{"type":"MultiPolygon","coordinates":[[[[129.1822138,35.9703111],[129.1822734,35.9703527],[129.1823135,35.9703025],[129.1823639,35.9702242],[129.1824476,35.9700688],[129.1824876,35.9699709],[129.1824912,35.9699241],[129.1824889,35.9698699],[129.1824487,35.9696932],[129.1824196,35.9695559],[129.1824357,35.9694557],[129.1824784,35.9692929],[129.1824115,35.9692835],[129.1823585,35.9694688],[129.1823515,35.9695167],[129.1823577,35.9695777],[129.1823834,35.9697223],[129.1824199,35.9698747],[129.1824229,35.9699116],[129.1824013,35.9700253],[129.1823731,35.9701026],[129.1822976,35.9702141],[129.1822138,35.9703111]]]]}},{"type":"Feature","properties":{"UFID":"100035901018A00110100000004446331"},"geometry":{"type":"MultiPolygon","coordinates":[[[[129.1822734,35.9703527],[129.1822138,35.9703111],[129.1821375,35.9703642],[129.1821996,35.970399],[129.1822734,35.9703527]]]]}},{"type":"Feature","properties":{"UFID":"100035901018A00110100000004446332"},"geometry":{"type":"MultiPolygon","coordinates":[[[[129.1821996,35.970399],[129.1821375,35.9703642],[129.1819773,35.9704554],[129.1818512,35.9705297],[129.1817145,35.9705929],[129.1815842,35.9706363],[129.1814809,35.9706514],[129.1813728,35.9706514],[129.1812896,35.9706396],[129.1811961,35.9706075],[129.1811263,35.9705654],[129.1810591,35.970497],[129.1809958,35.9703879],[129.1809963,35.9703736],[129.180999,35.9703668],[129.1810339,35.9703285],[129.1810657,35.9702975],[129.1809096,35.9704028],[129.1809345,35.9704115],[129.1809527,35.9704237],[129.1809958,35.9704873],[129.1810721,35.9705766],[129.1811553,35.9706344],[129.1812663,35.9706789],[129.1813913,35.9706965],[129.1814538,35.9706969],[129.1815134,35.970694],[129.1816881,35.9706535],[129.1818983,35.970578],[129.1820503,35.9705064],[129.1821996,35.970399]]]]}},{"type":"Feature","properties":{"UFID":"100035901018A00110100000004446333"},"geometry":{"type":"MultiPolygon","coordinates":[[[[129.1810657,35.9702975],[129.1810937,35.9701676],[129.181014,35.9700743],[129.180941,35.9702582],[129.1809096,35.9704028],[129.1810657,35.9702975]]]]}},{"type":"Feature","properties":{"UFID":"100035901018A00110100000004446334"},"geometry":{"type":"MultiPolygon","coordinates":[[[[129.1810937,35.9701676],[129.1810657,35.9702975],[129.1810848,35.9702851],[129.1811666,35.9702513],[129.1812231,35.9701722],[129.181271,35.9700675],[129.1813151,35.9698926],[129.1813583,35.9698081],[129.1813114,35.9697707],[129.1812655,35.9698828],[129.1812062,35.9700845],[129.1811706,35.9701577],[129.1811381,35.9701805],[129.1811064,35.9701831],[129.1810967,35.9701747],[129.1810937,35.9701676]]]]}},{"type":"Feature","properties":{"UFID":"100035901018A00110100000004446335"},"geometry":{"type":"MultiPolygon","coordinates":[[[[129.1807872,35.9699005],[129.1807973,35.9699328],[129.1809758,35.9698892],[129.1810298,35.969884],[129.1810449,35.9698877],[129.1810603,35.9698968],[129.1810772,35.9699102],[129.1810982,35.9699554],[129.1811003,35.9699959],[129.1810942,35.9700394],[129.1810854,35.9700572],[129.1810762,35.9700669],[129.1810622,35.9700752],[129.18104,35.9700788],[129.181014,35.9700743],[129.1810937,35.9701676],[129.1811207,35.9701009],[129.1811411,35.9700145],[129.1811445,35.9699705],[129.1811381,35.9699237],[129.1811183,35.9698904],[129.1810966,35.9698717],[129.1810483,35.9698559],[129.1810221,35.9698538],[129.1808863,35.9698797],[129.1807872,35.9699005]]]]}},{"type":"Feature","properties":{"UFID":"100035901008A00110100000004446336"},"geometry":{"type":"MultiPolygon","coordinates":[[[[129.197561,35.978807],[129.1975814,35.978792],[129.1976928,35.9787174],[129.197748,35.9786721],[129.1977806,35.9786211],[129.1977968,35.9785774],[129.1978181,35.9785336],[129.1978399,35.9785119],[129.1978551,35.9785025],[129.1978842,35.9784956],[129.1978957,35.9784949],[129.1979209,35.9784956],[129.1979327,35.9784965],[129.1979634,35.9784997],[129.1980414,35.9785154],[129.1980832,35.9785199],[129.1981038,35.9785181],[129.1981128,35.9785154],[129.1981297,35.9785077],[129.1981634,35.9784805],[129.1981814,35.9784526],[129.1981877,35.9784372],[129.1981937,35.9783867],[129.1982005,35.9783252],[129.1982069,35.9782861],[129.1982246,35.9782144],[129.1982304,35.9781783],[129.1982302,35.9781499],[129.1982286,35.9781306],[129.1982218,35.9781065],[129.1981999,35.9780501],[129.1981947,35.9780386],[129.1981649,35.9780493],[129.1981694,35.9780515],[129.1981896,35.9780854],[129.1981998,35.9781146],[129.198208,35.9781537],[129.1982065,35.9781848],[129.1981941,35.9782401],[129.1981828,35.9782876],[129.1981737,35.9783566],[129.1981641,35.9784223],[129.1981555,35.9784507],[129.1981526,35.9784567],[129.1981464,35.9784649],[129.1981228,35.9784826],[129.1981131,35.9784879],[129.1980919,35.9784931],[129.1980772,35.9784949],[129.1980528,35.9784954],[129.1980416,35.9784948],[129.1979934,35.9784851],[129.1979427,35.9784769],[129.1978949,35.9784679],[129.1978592,35.9784723],[129.1978369,35.9784782],[129.1978167,35.9784875],[129.1978019,35.9785037],[129.1977503,35.9786099],[129.1977208,35.9786559],[129.1976703,35.9786974],[129.1975596,35.9787715],[129.1975088,35.9788087],[129.197561,35.978807]]]]}},{"type":"Feature","properties":{"UFID":"100035901018A00110100000004446337"},"geometry":{"type":"MultiPolygon","coordinates":[[[[129.1797937,35.9707287],[129.1797804,35.9707266],[129.1797671,35.9707212],[129.1797501,35.9707143],[129.1796826,35.9706363],[129.1796807,35.9706335],[129.1795739,35.970469],[129.1794781,35.9703226],[129.1794544,35.9702826],[129.1794397,35.9702624],[129.1794245,35.9702219],[129.1794245,35.9702008],[129.179431,35.9701827],[129.1794422,35.9701714],[129.1794085,35.9701712],[129.1792929,35.9701731],[129.1793568,35.970252],[129.1794478,35.970391],[129.1795179,35.9704938],[129.1795829,35.9705806],[129.1796329,35.9706474],[129.1796564,35.9706762],[129.1796568,35.970679],[129.1796607,35.9707046],[129.1796619,35.9707328],[129.1796615,35.9707464],[129.1796513,35.9707633],[129.1797937,35.9707287]]]]}},{"type":"Feature","properties":{"UFID":"100035901018A00110100000004446338"},"geometry":{"type":"MultiPolygon","coordinates":[[[[129.1806989,35.9699502],[129.1806897,35.9699201],[129.1806063,35.9699346],[129.1805774,35.9699353],[129.1805114,35.9699264],[129.1804833,35.9699154],[129.1804656,35.9698963],[129.1804608,35.9698695],[129.1804609,35.9698659],[129.1804613,35.9698447],[129.1803194,35.9699281],[129.1803691,35.969929],[129.1804466,35.9699366],[129.1805401,35.9699572],[129.180568,35.969962],[129.1806135,35.9699628],[129.1806791,35.9699542],[129.1806989,35.9699502]]]]}},{"type":"Feature","properties":{"UFID":"100035901018A00110100000004446339"},"geometry":{"type":"MultiPolygon","coordinates":[[[[129.1807921,35.969664],[129.1807766,35.9696118],[129.1806558,35.9696353],[129.1807289,35.9696996],[129.1807921,35.969664]]]]}},{"type":"Feature","properties":{"UFID":"100035901018A00110100000004446340"},"geometry":{"type":"MultiPolygon","coordinates":[[[[129.1807766,35.9696118],[129.1807567,35.969545],[129.1806539,35.969555],[129.1806558,35.9696353],[129.1807766,35.9696118]]]]}},{"type":"Feature","properties":{"UFID":"100035901018A00110100000004446341"},"geometry":{"type":"MultiPolygon","coordinates":[[[[129.1807289,35.9696996],[129.1806558,35.9696353],[129.1806534,35.9696422],[129.1806485,35.9696479],[129.1806087,35.9696724],[129.18047,35.9697505],[129.1803945,35.9697898],[129.1804613,35.9698447],[129.1804919,35.9698133],[129.1806248,35.9697375],[129.1807049,35.9697009],[129.1807051,35.9697008],[129.1807117,35.9696992],[129.1807289,35.9696996]]]]}},{"type":"Feature","properties":{"UFID":"100035901018A00110100000004446342"},"geometry":{"type":"MultiPolygon","coordinates":[[[[129.1807921,35.969664],[129.1807289,35.9696996],[129.1807445,35.9697076],[129.180766,35.9697434],[129.1808118,35.9697304],[129.1807921,35.969664]]]]}},{"type":"Feature","properties":{"UFID":"100035901018A00110100000004446343"},"geometry":{"type":"MultiPolygon","coordinates":[[[[129.1804613,35.9698447],[129.1803945,35.9697898],[129.1803666,35.9698043],[129.1803048,35.9698327],[129.1802268,35.9698517],[129.1803194,35.9699281],[129.1804613,35.9698447]]]]}},{"type":"Feature","properties":{"UFID":"100035901018A00110100000004446344"},"geometry":{"type":"MultiPolygon","coordinates":[[[[129.1803194,35.9699281],[129.1802268,35.9698517],[129.1801197,35.969871],[129.1800113,35.9698898],[129.1799174,35.969911],[129.1798372,35.9699403],[129.1797358,35.9699689],[129.1796289,35.9700043],[129.1794775,35.9700457],[129.1794347,35.9700525],[129.1794422,35.9701714],[129.1794729,35.9701556],[129.1794939,35.9701417],[129.179506,35.9701224],[129.1795237,35.9700958],[129.1795408,35.9700746],[129.1795557,35.9700625],[129.1795922,35.9700474],[129.1796484,35.9700368],[129.1797929,35.9700057],[129.179839,35.9700012],[129.1798665,35.9699975],[129.1798922,35.9699928],[129.1799254,35.969985],[129.1799687,35.9699703],[129.1800005,35.9699605],[129.180056,35.9699475],[129.1801212,35.9699381],[129.1802166,35.9699319],[129.1802883,35.9699275],[129.1803194,35.9699281]]]]}},{"type":"Feature","properties":{"UFID":"100035901018A00110100000004446345"},"geometry":{"type":"MultiPolygon","coordinates":[[[[129.1794347,35.9700525],[129.1792797,35.9700772],[129.1792697,35.9700799],[129.1792929,35.9701731],[129.1794085,35.9701712],[129.1794422,35.9701714],[129.1794347,35.9700525]]]]}},{"type":"Feature","properties":{"UFID":"100035901018A00110100000004446346"},"geometry":{"type":"MultiPolygon","coordinates":[[[[129.1792929,35.9701731],[129.1792697,35.9700799],[129.1791938,35.9701004],[129.1789372,35.9701811],[129.1789369,35.9701811],[129.1789367,35.9701812],[129.1787622,35.9702422],[129.178627,35.9702823],[129.178551,35.9703048],[129.178404,35.9703448],[129.1783011,35.9703662],[129.1782055,35.9703659],[129.1781823,35.9703659],[129.1780262,35.9703468],[129.1780253,35.9703466],[129.1780161,35.9703456],[129.1778519,35.9703274],[129.1777265,35.9703163],[129.1775157,35.9703056],[129.1773534,35.9702863],[129.1771317,35.9702513],[129.1769222,35.9702224],[129.1767373,35.9702091],[129.1766879,35.9702103],[129.1766495,35.9702104],[129.1764757,35.970229],[129.1764462,35.97023],[129.1763333,35.9702338],[129.1762535,35.9702317],[129.176178,35.970223],[129.1761681,35.9702216],[129.1761632,35.9702225],[129.1761254,35.9702402],[129.1760219,35.9702834],[129.1759337,35.970322],[129.1758573,35.9703616],[129.1757849,35.9703906],[129.1757599,35.9703941],[129.1757222,35.9703958],[129.1756782,35.9703864],[129.1756297,35.9703643],[129.1756756,35.9704354],[129.1757117,35.9704914],[129.1757285,35.9705174],[129.1757271,35.9705078],[129.1757305,35.9704964],[129.1757438,35.9704854],[129.1758076,35.9704619],[129.1758482,35.9704453],[129.1758551,35.9704425],[129.1759036,35.9704094],[129.1759333,35.9703868],[129.1759562,35.9703693],[129.1759834,35.970345],[129.1760155,35.9703232],[129.1760619,35.9703044],[129.1761108,35.9702893],[129.1761642,35.9702816],[129.1762311,35.970276],[129.176335,35.9702688],[129.1764882,35.970258],[129.1765873,35.9702517],[129.1767202,35.970251],[129.1768088,35.9702548],[129.1768957,35.9702663],[129.1774646,35.970349],[129.1775706,35.9703546],[129.1776643,35.9703542],[129.1777794,35.9703592],[129.1778893,35.970367],[129.178035,35.9703869],[129.1781514,35.9704053],[129.1781582,35.9704061],[129.1781984,35.970411],[129.1782376,35.9704129],[129.178286,35.9704127],[129.1783511,35.9704035],[129.1783657,35.9703993],[129.1784951,35.9703622],[129.1786612,35.9703177],[129.1788987,35.9702467],[129.1790967,35.970178],[129.1791756,35.9701595],[129.1791892,35.9701571],[129.1792142,35.9701548],[129.1792616,35.9701586],[129.1792929,35.9701731]]]]}},{"type":"Feature","properties":{"UFID":"100035901018A00110100000004446347"},"geometry":{"type":"MultiPolygon","coordinates":[[[[129.1757285,35.9705174],[129.1757117,35.9704914],[129.1756756,35.9704354],[129.1756297,35.9703643],[129.1755798,35.9704],[129.1755207,35.9704423],[129.1755322,35.9704591],[129.1755837,35.9705298],[129.1755921,35.9705412],[129.1757285,35.9705174]]]]}},{"type":"Feature","properties":{"UFID":"100035901017A00110100000004446348"},"geometry":{"type":"MultiPolygon","coordinates":[[[[129.1747094,35.9644616],[129.1746734,35.9644459],[129.1746463,35.9644954],[129.1746841,35.9645038],[129.1747094,35.9644616]]]]}},{"type":"Feature","properties":{"UFID":"100035901017A00110100000004446349"},"geometry":{"type":"MultiPolygon","coordinates":[[[[129.1746463,35.9644954],[129.1746734,35.9644459],[129.17466,35.9644482],[129.1746448,35.9644479],[129.1746228,35.9644475],[129.1745965,35.9644524],[129.1745787,35.9644579],[129.1745682,35.9644674],[129.1745483,35.964484],[129.1745692,35.9645054],[129.1745844,35.9644927],[129.1745869,35.9644908],[129.1746173,35.9644867],[129.1746378,35.9644896],[129.1746463,35.9644954]]]]}},{"type":"Feature","properties":{"UFID":"100035901017A00110100000004446350"},"geometry":{"type":"MultiPolygon","coordinates":[[[[129.1746841,35.9645038],[129.1746463,35.9644954],[129.1746482,35.9645019],[129.1746175,35.9645531],[129.1745624,35.9646255],[129.1745168,35.964697],[129.1744968,35.9648141],[129.1744709,35.9649142],[129.1744633,35.9649343],[129.1744952,35.9649419],[129.1745031,35.964921],[129.1745295,35.9648188],[129.174549,35.9647054],[129.1745913,35.9646388],[129.1746466,35.9645663],[129.1746841,35.9645038]]]]}},{"type":"Feature","properties":{"UFID":"100035901017A00110100000004446351"},"geometry":{"type":"MultiPolygon","coordinates":[[[[129.1744952,35.9649419],[129.1744633,35.9649343],[129.1744483,35.9649736],[129.1744404,35.9649877],[129.1744796,35.96501],[129.1744952,35.9649419]]]]}},{"type":"Feature","properties":{"UFID":"100035901017A00110100000004446352"},"geometry":{"type":"MultiPolygon","coordinates":[[[[129.1744796,35.96501],[129.1744404,35.9649877],[129.1744266,35.9650127],[129.1744567,35.9650243],[129.1744796,35.96501]]]]}},{"type":"Feature","properties":{"UFID":"100035901018A00110100000004446353"},"geometry":{"type":"MultiPolygon","coordinates":[[[[129.1807973,35.9699328],[129.1807872,35.9699005],[129.1807123,35.9699162],[129.1806897,35.9699201],[129.1806989,35.9699502],[129.1807973,35.9699328]]]]}},{"type":"Feature","properties":{"UFID":"100035901018A00110100000004446354"},"geometry":{"type":"MultiPolygon","coordinates":[[[[129.181014,35.9700743],[129.180946,35.9700327],[129.1808037,35.9699455],[129.1807943,35.9699346],[129.1807973,35.9699328],[129.1806989,35.9699502],[129.1807191,35.9699556],[129.1807962,35.9699885],[129.1808913,35.9700548],[129.180953,35.9701037],[129.1809676,35.9701322],[129.1809704,35.9701656],[129.180941,35.9702582],[129.181014,35.9700743]]]]}},{"type":"Feature","properties":{"UFID":"100035901018A00110100000004446355"},"geometry":{"type":"MultiPolygon","coordinates":[[[[129.1771314,35.9587753],[129.1770712,35.9587416],[129.1770258,35.9587948],[129.1771078,35.9588145],[129.1771314,35.9587753]]]]}},{"type":"Feature","properties":{"UFID":"100035901018A00110100000004446356"},"geometry":{"type":"MultiPolygon","coordinates":[[[[129.1771078,35.9588145],[129.1770258,35.9587948],[129.1769936,35.9588873],[129.1769506,35.9589822],[129.1769337,35.9590661],[129.1769386,35.9591328],[129.1769791,35.9592076],[129.1770551,35.9593101],[129.1771192,35.9594322],[129.1771887,35.9596255],[129.1772466,35.9597985],[129.1772769,35.9599948],[129.1773012,35.9601377],[129.1773106,35.9602537],[129.177305,35.9603169],[129.1772647,35.9603699],[129.1771842,35.9604119],[129.1771018,35.9604054],[129.1770434,35.9603736],[129.1769933,35.9602898],[129.1769475,35.9601545],[129.1768601,35.9599724],[129.1767617,35.9598435],[129.1766216,35.9596679],[129.1765091,35.9595445],[129.176359,35.9594001],[129.1762334,35.9593097],[129.1761152,35.9592654],[129.1759634,35.9592222],[129.175905,35.9591994],[129.1758892,35.9592654],[129.1759359,35.9592624],[129.1759857,35.9592701],[129.1760831,35.9592978],[129.1761974,35.9593529],[129.1763754,35.95949],[129.1764026,35.9595159],[129.176508,35.9596193],[129.1766379,35.9597673],[129.1767545,35.9599215],[129.1768182,35.9600085],[129.17686,35.9600862],[129.1769075,35.9602223],[129.1769392,35.9603119],[129.1769823,35.9603791],[129.1770546,35.9604471],[129.177125,35.9604659],[129.1772015,35.9604615],[129.1772704,35.9604419],[129.1773443,35.9603851],[129.1773794,35.9603245],[129.1773866,35.9602377],[129.1773694,35.9600941],[129.1773316,35.9598837],[129.1772915,35.9597433],[129.1772621,35.9596188],[129.1772026,35.9594676],[129.1771605,35.9593677],[129.1771101,35.9592726],[129.1770475,35.9591936],[129.1770122,35.9591202],[129.1770113,35.9590465],[129.1770191,35.9589958],[129.1770993,35.9588286],[129.1771078,35.9588145]]]]}},{"type":"Feature","properties":{"UFID":"100035901018A00110100000004446357"},"geometry":{"type":"MultiPolygon","coordinates":[[[[129.175905,35.9591994],[129.1758756,35.959188],[129.1758597,35.9591811],[129.1758061,35.9591942],[129.1758892,35.9592654],[129.175905,35.9591994]]]]}},{"type":"Feature","properties":{"UFID":"100035901017A00110100000004446358"},"geometry":{"type":"MultiPolygon","coordinates":[[[[129.1746418,35.9615001],[129.1746229,35.9614904],[129.1744389,35.9614001],[129.1744341,35.9613939],[129.1743876,35.9614072],[129.174399,35.9614189],[129.1744273,35.9614317],[129.1746158,35.9615251],[129.1746418,35.9615001]]]]}},{"type":"Feature","properties":{"UFID":"100035901017A00110100000004446359"},"geometry":{"type":"MultiPolygon","coordinates":[[[[129.173568,35.9641701],[129.1734607,35.9640975],[129.1734367,35.9641328],[129.17354,35.9642027],[129.173568,35.9641701]]]]}},{"type":"Feature","properties":{"UFID":"100035901017A00110100000004446360"},"geometry":{"type":"MultiPolygon","coordinates":[[[[129.1748106,35.9636926],[129.1747741,35.9636576],[129.1747189,35.9636053],[129.1746866,35.9635652],[129.1746606,35.9635277],[129.1746311,35.9634668],[129.174597,35.9634017],[129.1745659,35.9633441],[129.1744998,35.9632656],[129.1744493,35.9632055],[129.1743982,35.9632459],[129.1744289,35.9632478],[129.1745211,35.9633411],[129.1745689,35.9634237],[129.1746185,35.9635264],[129.1746831,35.963621],[129.1747765,35.9637203],[129.1748106,35.9636926]]]]}},{"type":"Feature","properties":{"UFID":"100035901017A00110100000004446361"},"geometry":{"type":"MultiPolygon","coordinates":[[[[129.1748325,35.9637294],[129.1747851,35.9637349],[129.1747968,35.9637549],[129.1747961,35.9637976],[129.174795,35.9638331],[129.1747949,35.9639868],[129.1747673,35.9641256],[129.1747173,35.9643134],[129.1746857,35.9644364],[129.1746734,35.9644459],[129.1747094,35.9644616],[129.174716,35.9644508],[129.1747498,35.964319],[129.1748001,35.9641306],[129.1748281,35.963989],[129.1748282,35.9638334],[129.1748302,35.9637685],[129.1748325,35.9637294]]]]}},{"type":"Feature","properties":{"UFID":"100035901017A00110100000004446362"},"geometry":{"type":"MultiPolygon","coordinates":[[[[129.1748325,35.9637294],[129.1748106,35.9636926],[129.1747765,35.9637203],[129.1747851,35.9637349],[129.1748325,35.9637294]]]]}},{"type":"Feature","properties":{"UFID":"100035901017A00110100000004446363"},"geometry":{"type":"MultiPolygon","coordinates":[[[[129.1746795,35.9615468],[129.1746158,35.9615251],[129.174632,35.9615657],[129.1746216,35.9616347],[129.1746074,35.9617404],[129.1746024,35.9617969],[129.1746128,35.9619013],[129.1746313,35.9620339],[129.1746435,35.9622568],[129.1746543,35.9624073],[129.1746592,35.9625909],[129.174652,35.9626877],[129.1746311,35.9627763],[129.1746148,35.9628245],[129.1745736,35.9629026],[129.1745243,35.963005],[129.1744877,35.9630562],[129.1744054,35.9631591],[129.1743987,35.9631672],[129.1744493,35.9632055],[129.1744525,35.9631663],[129.1745255,35.9630751],[129.1745644,35.9630208],[129.1746146,35.9629163],[129.1746569,35.9628364],[129.1746744,35.9627846],[129.1746961,35.9626921],[129.1747037,35.9625916],[129.1746985,35.9624059],[129.1746878,35.962255],[129.1746755,35.962031],[129.1746569,35.9618979],[129.1746468,35.9617968],[129.1746516,35.9617437],[129.1746657,35.9616389],[129.1746795,35.9615468]]]]}},{"type":"Feature","properties":{"UFID":"100035901017A00110100000004446364"},"geometry":{"type":"MultiPolygon","coordinates":[[[[129.1744341,35.9613939],[129.1744332,35.9613886],[129.1744345,35.9613821],[129.1744588,35.9612957],[129.1744656,35.9612749],[129.1744969,35.9611333],[129.1745036,35.961041],[129.174516,35.9608753],[129.1745185,35.9607939],[129.1745087,35.960725],[129.1745025,35.9606965],[129.1744991,35.9606848],[129.1744661,35.9606891],[129.1744699,35.9607021],[129.1744757,35.9607288],[129.1744852,35.9607952],[129.1744827,35.9608741],[129.1744704,35.9610394],[129.1744639,35.9611301],[129.1744331,35.961269],[129.1744262,35.9612903],[129.1743948,35.961374],[129.1743873,35.9613963],[129.1743876,35.9614072],[129.1744341,35.9613939]]]]}},{"type":"Feature","properties":{"UFID":"100035901017A00110100000004446365"},"geometry":{"type":"MultiPolygon","coordinates":[[[[129.1746842,35.9615156],[129.1746418,35.9615001],[129.1746158,35.9615251],[129.1746795,35.9615468],[129.1746842,35.9615156]]]]}},{"type":"Feature","properties":{"UFID":"100035901017A00110100000004446366"},"geometry":{"type":"MultiPolygon","coordinates":[[[[129.17343,35.9640822],[129.1734607,35.9640975],[129.1734859,35.9640663],[129.1735348,35.9640111],[129.173554,35.9639821],[129.1735621,35.9639722],[129.1734822,35.9639346],[129.1734408,35.9639106],[129.1733817,35.9638617],[129.1733623,35.9638431],[129.1733443,35.9638355],[129.173311,35.9638539],[129.1733295,35.963873],[129.1733416,35.963874],[129.1734389,35.9639456],[129.1735068,35.9639963],[129.1735066,35.9639967],[129.1734453,35.9640659],[129.17343,35.9640822]]]]}},{"type":"Feature","properties":{"UFID":"100035901017A00110100000004446367"},"geometry":{"type":"MultiPolygon","coordinates":[[[[129.17343,35.9640822],[129.1732284,35.9640444],[129.1732482,35.9640801],[129.1733228,35.9640894],[129.1733422,35.9641005],[129.17343,35.9640822]]]]}},{"type":"Feature","properties":{"UFID":"100035901017A00110100000004446368"},"geometry":{"type":"MultiPolygon","coordinates":[[[[129.1734607,35.9640975],[129.17343,35.9640822],[129.1733422,35.9641005],[129.1734367,35.9641328],[129.1734607,35.9640975]]]]}},{"type":"Feature","properties":{"UFID":"100035901017A00110100000004446369"},"geometry":{"type":"MultiPolygon","coordinates":[[[[129.1744493,35.9632055],[129.1743987,35.9631672],[129.1743671,35.963206],[129.1743527,35.9632236],[129.1743982,35.9632459],[129.1744493,35.9632055]]]]}},{"type":"Feature","properties":{"UFID":"100035901017A00110100000004446370"},"geometry":{"type":"MultiPolygon","coordinates":[[[[129.1743982,35.9632459],[129.1743527,35.9632236],[129.1742898,35.9633007],[129.1742046,35.9634076],[129.1740432,35.9636288],[129.173909,35.9638212],[129.1738075,35.9639544],[129.1736129,35.9641532],[129.173568,35.9641701],[129.1736154,35.9642069],[129.1736381,35.9641855],[129.1738438,35.9639751],[129.1739471,35.9638396],[129.1740815,35.9636468],[129.1742422,35.9634267],[129.1743269,35.9633205],[129.1743811,35.9632541],[129.1743982,35.9632459]]]]}},{"type":"Feature","properties":{"UFID":"100035901017A00110100000004446371"},"geometry":{"type":"MultiPolygon","coordinates":[[[[129.1734367,35.9641328],[129.1733422,35.9641005],[129.1733506,35.9641207],[129.1733511,35.9641374],[129.1733507,35.9641487],[129.1733452,35.9641601],[129.1733316,35.9641701],[129.1733627,35.9641867],[129.1733702,35.9641787],[129.1733865,35.9641569],[129.1734014,35.964138],[129.1734367,35.9641328]]]]}},{"type":"Feature","properties":{"UFID":"100035901007A00110100000004446372"},"geometry":{"type":"MultiPolygon","coordinates":[[[[129.1641657,35.9800373],[129.1642705,35.9800858],[129.1642656,35.9800755],[129.1642627,35.9800673],[129.1642613,35.9800531],[129.1642618,35.9800388],[129.1642654,35.9800208],[129.1642719,35.9800009],[129.1642804,35.9799817],[129.1642938,35.9799561],[129.16431,35.9799246],[129.1643317,35.9798812],[129.1643609,35.9798239],[129.1643918,35.979758],[129.1644145,35.9797113],[129.1644305,35.9796719],[129.16444,35.9796454],[129.1644508,35.9796057],[129.1644607,35.9795582],[129.1644688,35.9795145],[129.1644734,35.97948],[129.1644786,35.9794367],[129.1644825,35.9793906],[129.1644873,35.9793232],[129.1644945,35.9792177],[129.1645022,35.9791042],[129.1645118,35.9789674],[129.1645205,35.9788468],[129.1645282,35.9787407],[129.1645351,35.9786521],[129.1645437,35.9785532],[129.1645544,35.9784415],[129.1645628,35.9783491],[129.1645715,35.9782751],[129.1645788,35.9782137],[129.1645877,35.9781467],[129.1645974,35.978081],[129.1646069,35.9780224],[129.1646195,35.9779547],[129.1646324,35.9778921],[129.1646465,35.9778372],[129.1646641,35.9777732],[129.1646834,35.9777153],[129.1646957,35.9776742],[129.1647097,35.9776412],[129.1647359,35.9775831],[129.1647876,35.9774611],[129.1648578,35.977296],[129.1649237,35.9771458],[129.1649839,35.9770017],[129.1650162,35.9769214],[129.1650274,35.9768996],[129.1650381,35.9768834],[129.1650512,35.9768662],[129.1650088,35.9767895],[129.1649481,35.9769097],[129.1647987,35.9772757],[129.1646072,35.9777326],[129.1645578,35.9778787],[129.1645129,35.9781276],[129.1645036,35.9782132],[129.164498,35.978288],[129.164487,35.9784214],[129.1644799,35.9785144],[129.1644737,35.9785684],[129.1644693,35.9785975],[129.1644658,35.9786157],[129.1644625,35.9786307],[129.1644572,35.9786448],[129.1644503,35.9786588],[129.1644398,35.9786754],[129.1644286,35.978692],[129.1644216,35.978707],[129.1644168,35.9787251],[129.164415,35.9787425],[129.1644162,35.9787576],[129.1644203,35.978777],[129.1644261,35.9787947],[129.1644364,35.978813],[129.1644459,35.9788285],[129.1644511,35.9788397],[129.164453,35.9788526],[129.1644527,35.9788656],[129.1644517,35.9789019],[129.1644468,35.9789863],[129.1644404,35.9790898],[129.1644351,35.9791598],[129.1644306,35.9792228],[129.1644261,35.9792796],[129.1644213,35.9793397],[129.1644169,35.9793961],[129.1644129,35.9794394],[129.1644085,35.9794823],[129.1644027,35.9795194],[129.1643958,35.9795533],[129.1643882,35.9795874],[129.1643777,35.9796222],[129.1643662,35.9796549],[129.1643517,35.9796904],[129.1643325,35.9797314],[129.164311,35.9797741],[129.1642809,35.979831],[129.1642435,35.9799],[129.1641657,35.9800373]]]]}},{"type":"Feature","properties":{"UFID":"100035901017A00110100000004446373"},"geometry":{"type":"MultiPolygon","coordinates":[[[[129.1659169,35.972921],[129.1659373,35.9728108],[129.1657837,35.9729122],[129.1658439,35.9729566],[129.1659169,35.972921]]]]}},{"type":"Feature","properties":{"UFID":"100035901017A00110100000004446374"},"geometry":{"type":"MultiPolygon","coordinates":[[[[129.1658439,35.9729566],[129.1657837,35.9729122],[129.1657667,35.9729485],[129.1657094,35.9730217],[129.1656575,35.9730479],[129.1657321,35.9730929],[129.1657789,35.9730395],[129.1658439,35.9729566]]]]}},{"type":"Feature","properties":{"UFID":"100035901017A00110100000004446375"},"geometry":{"type":"MultiPolygon","coordinates":[[[[129.1659373,35.9728108],[129.1659577,35.9727368],[129.1660603,35.9725548],[129.1660605,35.9725543],[129.1660007,35.9725327],[129.1659875,35.9725527],[129.1659354,35.9726258],[129.165848,35.9727744],[129.1657837,35.9729122],[129.1659373,35.9728108]]]]}},{"type":"Feature","properties":{"UFID":"100035901017A00110100000004446376"},"geometry":{"type":"MultiPolygon","coordinates":[[[[129.1655252,35.9732462],[129.1656575,35.9730479],[129.1655094,35.9731228],[129.1653844,35.9731946],[129.1653068,35.9732416],[129.165344,35.9732838],[129.1654594,35.9732114],[129.1654623,35.9732114],[129.1655252,35.9732462]]]]}},{"type":"Feature","properties":{"UFID":"100035901017A00110100000004446377"},"geometry":{"type":"MultiPolygon","coordinates":[[[[129.1656032,35.9732417],[129.1656921,35.9731386],[129.1657321,35.9730929],[129.1656575,35.9730479],[129.1655252,35.9732462],[129.1656032,35.9732417]]]]}},{"type":"Feature","properties":{"UFID":"100035901017A00110100000004446378"},"geometry":{"type":"MultiPolygon","coordinates":[[[[129.165344,35.9732838],[129.1653068,35.9732416],[129.165195,35.9733093],[129.165148,35.973343],[129.1651185,35.9733641],[129.1650658,35.9734103],[129.1649937,35.9734667],[129.164882,35.9735599],[129.1647167,35.9736929],[129.1646795,35.9737199],[129.1647324,35.973752],[129.1647798,35.9737227],[129.1648575,35.9736545],[129.1649579,35.9735694],[129.1650885,35.9734534],[129.1651207,35.9734281],[129.1651898,35.9733769],[129.1652428,35.9733442],[129.165344,35.9732838]]]]}},{"type":"Feature","properties":{"UFID":"100035901017A00110100000004446379"},"geometry":{"type":"MultiPolygon","coordinates":[[[[129.165721,35.9709525],[129.1657377,35.9709143],[129.1657077,35.9709056],[129.1656403,35.9709063],[129.1656021,35.9709217],[129.1655629,35.9709491],[129.1655108,35.9709992],[129.1654891,35.9710171],[129.1654656,35.971029],[129.1654327,35.9710388],[129.1653822,35.9710453],[129.165285,35.971017],[129.1652404,35.9710152],[129.1652126,35.971016],[129.1651961,35.9710178],[129.1650358,35.9710979],[129.1649444,35.9711247],[129.1648841,35.9711426],[129.1648671,35.9711474],[129.1647898,35.9711668],[129.1647502,35.9711792],[129.1647129,35.9711968],[129.164697,35.9712084],[129.1646475,35.9712495],[129.1645772,35.9713397],[129.1644855,35.971458],[129.1643146,35.9716889],[129.1643573,35.9717098],[129.164528,35.9714793],[129.1646193,35.9713614],[129.1646868,35.9712749],[129.1647316,35.9712376],[129.1647424,35.9712297],[129.1647718,35.9712159],[129.1648061,35.9712051],[129.1648827,35.971186],[129.1649008,35.9711808],[129.1649627,35.9711625],[129.1650415,35.9711352],[129.1650518,35.9711298],[129.1651888,35.9710555],[129.1652082,35.9710545],[129.1652272,35.9710549],[129.16526,35.9710585],[129.1653516,35.9710849],[129.1653659,35.9710857],[129.1654442,35.9710786],[129.1654875,35.9710656],[129.1655205,35.9710491],[129.1655477,35.9710265],[129.1655984,35.9709777],[129.1656299,35.9709558],[129.1656523,35.9709468],[129.1656994,35.9709462],[129.165721,35.9709525]]]]}},{"type":"Feature","properties":{"UFID":"100035901007A00110100000004446380"},"geometry":{"type":"MultiPolygon","coordinates":[[[[129.1631251,35.9776995],[129.1630393,35.9776812],[129.1630185,35.9777414],[129.1630025,35.9777774],[129.1630997,35.9777963],[129.1631251,35.9776995]]]]}},{"type":"Feature","properties":{"UFID":"100035901007A00110100000004446381"},"geometry":{"type":"MultiPolygon","coordinates":[[[[129.1631251,35.9776995],[129.1630997,35.9777963],[129.1631061,35.9777933],[129.1631456,35.9777856],[129.1631637,35.9777837],[129.1631777,35.9777838],[129.1631923,35.9777848],[129.16321,35.9777885],[129.1632333,35.9777209],[129.1631672,35.9777111],[129.1631283,35.9777027],[129.1631258,35.9777015],[129.1631251,35.9776995]]]]}},{"type":"Feature","properties":{"UFID":"100035901007A00110100000004446382"},"geometry":{"type":"MultiPolygon","coordinates":[[[[129.1630883,35.9779999],[129.163072,35.978039],[129.1630735,35.9780384],[129.1631359,35.978051],[129.1631387,35.9780436],[129.1631394,35.9780424],[129.1633287,35.9780832],[129.1635703,35.9781401],[129.1635845,35.9781121],[129.1631958,35.9780249],[129.1630883,35.9779999]]]]}},{"type":"Feature","properties":{"UFID":"100035901018A00110100000004446383"},"geometry":{"type":"MultiPolygon","coordinates":[[[[129.1798276,35.9708128],[129.1797937,35.9707287],[129.1796513,35.9707633],[129.1796799,35.9708472],[129.1797553,35.9708288],[129.1798276,35.9708128]]]]}},{"type":"Feature","properties":{"UFID":"100035901018A00110100000004446384"},"geometry":{"type":"MultiPolygon","coordinates":[[[[129.1809096,35.9704028],[129.180941,35.9702582],[129.1809347,35.9702644],[129.1807152,35.9703376],[129.1805127,35.9703789],[129.1804654,35.9703964],[129.1804389,35.9704083],[129.180283,35.9705319],[129.1801562,35.9706414],[129.1800626,35.9706849],[129.1799726,35.97071],[129.1798239,35.9707297],[129.1798072,35.9707304],[129.1797937,35.9707287],[129.1798276,35.9708128],[129.1800257,35.9707687],[129.1801159,35.970741],[129.1802518,35.9706713],[129.1804111,35.9705303],[129.180528,35.970452],[129.1806873,35.9704178],[129.1808831,35.9704011],[129.1809096,35.9704028]]]]}},{"type":"Feature","properties":{"UFID":"100035901018A00110100000004446385"},"geometry":{"type":"MultiPolygon","coordinates":[[[[129.1796799,35.9708472],[129.1796513,35.9707633],[129.179497,35.9708197],[129.1794805,35.9708245],[129.1794705,35.9708275],[129.1795069,35.9708947],[129.1795131,35.97089],[129.1795283,35.9708842],[129.1796799,35.9708472]]]]}},{"type":"Feature","properties":{"UFID":"100035901018A00110100000004446386"},"geometry":{"type":"MultiPolygon","coordinates":[[[[129.1795069,35.9708947],[129.1794705,35.9708275],[129.1793502,35.9708634],[129.1793116,35.9708714],[129.1793396,35.9709637],[129.1795069,35.9708947]]]]}},{"type":"Feature","properties":{"UFID":"100035901018A00110100000004446387"},"geometry":{"type":"MultiPolygon","coordinates":[[[[129.1794961,35.9713319],[129.1794917,35.9713275],[129.1794884,35.9713197],[129.1794856,35.9713091],[129.1794837,35.9712893],[129.1795069,35.9711571],[129.179513,35.9710918],[129.1795136,35.9710708],[129.1795136,35.9710514],[129.1795103,35.9710191],[129.1794931,35.9709672],[129.1794951,35.9709252],[129.1794995,35.9709097],[129.1795069,35.9708947],[129.1793396,35.9709637],[129.1793917,35.9709659],[129.179419,35.9709706],[129.1794338,35.9709748],[129.1794396,35.970978],[129.1794541,35.9709889],[129.1794792,35.9710173],[129.1794847,35.9710655],[129.179481,35.9711382],[129.1794623,35.9712426],[129.1794545,35.9712986],[129.1794552,35.9713245],[129.1794622,35.9713407],[129.1794686,35.9713473],[129.1794961,35.9713319]]]]}},{"type":"Feature","properties":{"UFID":"100035901018A00110100000004446388"},"geometry":{"type":"MultiPolygon","coordinates":[[[[129.1793396,35.9709637],[129.1793116,35.9708714],[129.1791842,35.9708981],[129.1790081,35.9709181],[129.1787858,35.9709335],[129.1785068,35.9709678],[129.1782859,35.971002],[129.178032,35.9710502],[129.1777264,35.9711107],[129.177484,35.9711558],[129.1773962,35.971166],[129.1773178,35.971172],[129.1772014,35.9711798],[129.1771623,35.9711832],[129.1770825,35.9711812],[129.1770062,35.9711693],[129.1769192,35.9711436],[129.1767274,35.9710651],[129.1764569,35.9709368],[129.1762959,35.9708716],[129.1761061,35.970795],[129.1759844,35.970739],[129.1759074,35.9707006],[129.1758607,35.9706716],[129.1758148,35.970628],[129.1757643,35.9705643],[129.1757285,35.9705174],[129.1755921,35.9705412],[129.1756311,35.9705937],[129.1756477,35.970615],[129.1756917,35.9706553],[129.1757401,35.970699],[129.1758249,35.9707528],[129.1760205,35.9708404],[129.1761303,35.9708801],[129.1761526,35.9708889],[129.1762705,35.9709375],[129.1763367,35.970966],[129.1764226,35.9710097],[129.1764901,35.9710413],[129.1765569,35.971073],[129.1766799,35.9711339],[129.1768182,35.9711928],[129.1768694,35.9712104],[129.1769211,35.9712245],[129.1769917,35.9712376],[129.1770656,35.9712463],[129.1771277,35.9712494],[129.1771821,35.9712502],[129.1772447,35.9712469],[129.1773112,35.9712408],[129.1773116,35.9712408],[129.1773808,35.9712338],[129.1773828,35.9712335],[129.1774174,35.9712297],[129.1774752,35.9712233],[129.177484,35.9712224],[129.1775482,35.9712157],[129.1776371,35.9712053],[129.1777386,35.9711919],[129.1778322,35.971173],[129.1779576,35.9711518],[129.1780532,35.9711351],[129.1781264,35.9711236],[129.1781843,35.971112],[129.1782563,35.9710971],[129.1783377,35.9710757],[129.1784019,35.9710622],[129.1784757,35.971048],[129.1785548,35.971039],[129.1786443,35.9710298],[129.1787252,35.9710205],[129.1788064,35.9710122],[129.1788804,35.9710027],[129.1789532,35.9709948],[129.1791874,35.9709661],[129.1793396,35.9709637]]]]}},{"type":"Feature","properties":{"UFID":"100035901018A00110100000004446389"},"geometry":{"type":"MultiPolygon","coordinates":[[[[129.1795075,35.9713873],[129.1794686,35.9713473],[129.1794365,35.9713732],[129.1794212,35.9713822],[129.1794023,35.97139],[129.1793698,35.971403],[129.1793463,35.9714157],[129.1793263,35.9714346],[129.1793114,35.9714519],[129.1792987,35.971469],[129.1792878,35.9714874],[129.1792767,35.9715094],[129.1792595,35.9715557],[129.1792408,35.971619],[129.1792181,35.9716806],[129.1791967,35.9717403],[129.1791663,35.9718007],[129.1791436,35.9718433],[129.1791213,35.9718854],[129.1791034,35.9719208],[129.1790872,35.9719558],[129.1790805,35.9719697],[129.1790734,35.9719866],[129.1790622,35.9719999],[129.1790491,35.9720107],[129.1790342,35.9720195],[129.1790189,35.9720271],[129.1790035,35.9720343],[129.1789878,35.9720406],[129.1789687,35.9720469],[129.1789497,35.9720539],[129.1789305,35.9720593],[129.178914,35.9720613],[129.1788973,35.9720622],[129.1788777,35.9720625],[129.1788595,35.9720608],[129.1788368,35.9720569],[129.1788199,35.9720516],[129.178796,35.9720437],[129.1787747,35.9720349],[129.1787596,35.9720265],[129.1787362,35.9720144],[129.1787087,35.9720007],[129.1786561,35.9719739],[129.1786112,35.971951],[129.1785883,35.9719399],[129.1785414,35.9719255],[129.178521,35.9719238],[129.1785024,35.971924],[129.1784845,35.9719266],[129.1784683,35.9719338],[129.1784453,35.9719457],[129.1784343,35.9719522],[129.1784212,35.9719629],[129.1784114,35.9719722],[129.1784012,35.971982],[129.1783933,35.9719903],[129.1783834,35.9719998],[129.1783745,35.9720107],[129.1784418,35.972027],[129.178444,35.9720208],[129.1784514,35.9720067],[129.1784586,35.971995],[129.1784678,35.9719827],[129.1784768,35.9719695],[129.1784972,35.9719607],[129.1785259,35.9719561],[129.1785377,35.9719561],[129.1785528,35.9719572],[129.1785679,35.9719613],[129.1785854,35.9719677],[129.178604,35.9719745],[129.1786217,35.9719814],[129.178638,35.9719877],[129.1786498,35.971992],[129.1787001,35.972015],[129.1787555,35.9720393],[129.1787972,35.9720623],[129.1788343,35.9720791],[129.1788609,35.9720893],[129.178888,35.9720936],[129.1789057,35.9720934],[129.1789146,35.9720915],[129.1789285,35.9720874],[129.1789448,35.9720841],[129.1789588,35.9720813],[129.178983,35.9720764],[129.1789983,35.9720729],[129.1790143,35.972071],[129.1790286,35.9720709],[129.1790431,35.9720683],[129.1790556,35.9720641],[129.1790687,35.9720531],[129.1790817,35.972038],[129.1790942,35.9720137],[129.1790983,35.9720066],[129.1791402,35.9719236],[129.1791696,35.9718667],[129.1792014,35.9718069],[129.1792228,35.971763],[129.1792406,35.9717163],[129.1792582,35.9716702],[129.1792754,35.9716144],[129.1792915,35.9715629],[129.1793077,35.9715175],[129.1793217,35.9714865],[129.1793325,35.9714702],[129.179343,35.9714553],[129.1793566,35.9714417],[129.1793697,35.9714311],[129.1793854,35.9714206],[129.179404,35.9714101],[129.1794101,35.9714074],[129.1794243,35.9714007],[129.1794425,35.971394],[129.1794589,35.9713889],[129.1794765,35.9713868],[129.1795075,35.9713873]]]]}},{"type":"Feature","properties":{"UFID":"100035901018A00110100000004446390"},"geometry":{"type":"MultiPolygon","coordinates":[[[[129.179533,35.9713698],[129.1794961,35.9713319],[129.1794686,35.9713473],[129.1795075,35.9713873],[129.179533,35.9713698]]]]}},{"type":"Feature","properties":{"UFID":"100035901018A00110100000004446391"},"geometry":{"type":"MultiPolygon","coordinates":[[[[129.1806909,35.9721927],[129.180448,35.9720934],[129.1799501,35.971817],[129.1797481,35.9716848],[129.1796714,35.9716408],[129.1796644,35.9716309],[129.1796497,35.9715401],[129.1796485,35.9715311],[129.1796417,35.9715025],[129.1796338,35.9714837],[129.179559,35.9713965],[129.179533,35.9713698],[129.1795075,35.9713873],[129.1795322,35.9714127],[129.1796037,35.9714961],[129.1796094,35.9715095],[129.1796156,35.9715351],[129.1796167,35.9715433],[129.1796322,35.9716397],[129.1796465,35.9716598],[129.1796985,35.9716918],[129.1798106,35.9717674],[129.1799444,35.9718489],[129.1801613,35.9719747],[129.180349,35.9720806],[129.1804683,35.9721415],[129.1806604,35.9722269],[129.1806909,35.9721927]]]]}},{"type":"Feature","properties":{"UFID":"100035901017A00110100000004446392"},"geometry":{"type":"MultiPolygon","coordinates":[[[[129.1669505,35.9730592],[129.1665487,35.9728701],[129.1665157,35.9729119],[129.1669218,35.9731025],[129.1669505,35.9730592]]]]}},{"type":"Feature","properties":{"UFID":"100035901017A00110100000004446393"},"geometry":{"type":"MultiPolygon","coordinates":[[[[129.1665157,35.9729119],[129.1665487,35.9728701],[129.1664227,35.9728031],[129.1662677,35.9727535],[129.1661854,35.9727337],[129.1661773,35.9727335],[129.166021,35.9727926],[129.1659567,35.9728215],[129.1659373,35.9728108],[129.1659169,35.972921],[129.1659638,35.9728982],[129.1661071,35.972825],[129.1661624,35.9728054],[129.1662237,35.9728088],[129.1662537,35.9728129],[129.1663243,35.9728351],[129.1665157,35.9729119]]]]}},{"type":"Feature","properties":{"UFID":"100035901017A00110100000004446394"},"geometry":{"type":"MultiPolygon","coordinates":[[[[129.1669505,35.9730592],[129.1669218,35.9731025],[129.1670374,35.9731274],[129.167072,35.9731355],[129.1672239,35.9731643],[129.1673939,35.9731964],[129.1674891,35.9732146],[129.1674967,35.9731883],[129.1674015,35.9731701],[129.1672314,35.9731379],[129.1670804,35.9731093],[129.1670497,35.9731021],[129.1669505,35.9730592]]]]}},{"type":"Feature","properties":{"UFID":"100035901017A00110100000004446395"},"geometry":{"type":"MultiPolygon","coordinates":[[[[129.1668088,35.9717129],[129.166731,35.9716796],[129.1667059,35.9717146],[129.1666739,35.9717567],[129.1666287,35.9718069],[129.1665666,35.9718679],[129.1664903,35.9719361],[129.1664647,35.9719567],[129.1664533,35.9719604],[129.1664463,35.9719604],[129.166437,35.9719598],[129.1665154,35.972018],[129.1665516,35.9719886],[129.166613,35.9719456],[129.1666521,35.9719152],[129.1666848,35.9718835],[129.1667125,35.9718525],[129.1667398,35.9718149],[129.1667632,35.971785],[129.1667827,35.9717556],[129.1668012,35.9717264],[129.1668088,35.9717129]]]]}},{"type":"Feature","properties":{"UFID":"100035901017A00110100000004446396"},"geometry":{"type":"MultiPolygon","coordinates":[[[[129.1665154,35.972018],[129.166437,35.9719598],[129.1663418,35.9720465],[129.1664109,35.9720901],[129.1664172,35.9720956],[129.1664193,35.9720968],[129.1664537,35.9720683],[129.1665154,35.972018]]]]}},{"type":"Feature","properties":{"UFID":"100035901017A00110100000004446397"},"geometry":{"type":"MultiPolygon","coordinates":[[[[129.1681595,35.970649],[129.168083,35.970621],[129.1680822,35.9706225],[129.1680697,35.9706373],[129.168056,35.9706459],[129.1679307,35.9706998],[129.1679266,35.9706997],[129.1679136,35.9706961],[129.1679115,35.9706961],[129.1678817,35.9707107],[129.167879,35.9707105],[129.1678621,35.9706907],[129.1677043,35.9707426],[129.1676748,35.9707724],[129.1676496,35.9707862],[129.1675816,35.9708101],[129.1672502,35.9709337],[129.167224,35.9709471],[129.1671812,35.9709814],[129.1670357,35.9711577],[129.1670295,35.9711653],[129.16711,35.971207],[129.1671534,35.9711512],[129.1671847,35.9711138],[129.1672201,35.9710789],[129.1672437,35.9710563],[129.1672775,35.9710271],[129.1673172,35.9709938],[129.1673466,35.9709713],[129.1673686,35.9709575],[129.167407,35.9709382],[129.1674345,35.9709269],[129.1674649,35.9709148],[129.1675899,35.9708751],[129.1676787,35.9708478],[129.1678652,35.9707831],[129.16795,35.9707511],[129.1680747,35.9706966],[129.1681595,35.970649]]]]}},{"type":"Feature","properties":{"UFID":"100035901017A00110100000004446398"},"geometry":{"type":"MultiPolygon","coordinates":[[[[129.16711,35.971207],[129.1670295,35.9711653],[129.167028,35.9711652],[129.16696,35.9712768],[129.1670339,35.9713068],[129.1670895,35.9712333],[129.16711,35.971207]]]]}},{"type":"Feature","properties":{"UFID":"100035901017A00110100000004446399"},"geometry":{"type":"MultiPolygon","coordinates":[[[[129.167028,35.9711652],[129.166928,35.9711145],[129.1669102,35.9711413],[129.1669023,35.9711382],[129.1669015,35.9711382],[129.1668551,35.9712128],[129.1668551,35.971214],[129.1668661,35.9712186],[129.1668605,35.9712277],[129.1669517,35.9712609],[129.1669584,35.9712657],[129.1669601,35.9712702],[129.16696,35.9712768],[129.167028,35.9711652]]]]}},{"type":"Feature","properties":{"UFID":"100035901017A00110100000004446400"},"geometry":{"type":"MultiPolygon","coordinates":[[[[129.1664109,35.9720901],[129.1663418,35.9720465],[129.1662974,35.9721115],[129.1661816,35.9722577],[129.1660007,35.9725327],[129.1660605,35.9725543],[129.1661259,35.9724435],[129.1662126,35.9723227],[129.1663086,35.9722012],[129.1664017,35.9720988],[129.1664109,35.9720901]]]]}},{"type":"Feature","properties":{"UFID":"100035901017A00110100000004446401"},"geometry":{"type":"MultiPolygon","coordinates":[[[[129.1670339,35.9713068],[129.16696,35.9712768],[129.1668851,35.9714002],[129.1668391,35.9714919],[129.166806,35.9715545],[129.166775,35.9716113],[129.1667402,35.9716668],[129.166731,35.9716796],[129.1668088,35.9717129],[129.1668481,35.9716437],[129.1669512,35.9714499],[129.1669541,35.9714446],[129.1669884,35.9713798],[129.1670253,35.9713181],[129.1670339,35.9713068]]]]}},{"type":"Feature","properties":{"UFID":"100035901017A00110100000004446402"},"geometry":{"type":"MultiPolygon","coordinates":[[[[129.166437,35.9719598],[129.1664289,35.9719576],[129.1664214,35.9719557],[129.1664118,35.9719502],[129.1664064,35.9719444],[129.1664012,35.9719352],[129.166392,35.9719048],[129.1663591,35.9718158],[129.1663223,35.971709],[129.1662895,35.9716061],[129.1662665,35.9715443],[129.1662456,35.9714907],[129.1662254,35.9714567],[129.1662059,35.9714277],[129.1661835,35.9714071],[129.1661509,35.9713815],[129.1661001,35.9713511],[129.1660434,35.9713229],[129.1659018,35.971257],[129.1658544,35.971217],[129.1658289,35.9711904],[129.1658166,35.9711689],[129.1658087,35.9711364],[129.1658078,35.9710853],[129.1658111,35.9710311],[129.1658097,35.9709996],[129.1657985,35.9709651],[129.1657756,35.9709376],[129.1657466,35.9709168],[129.1657377,35.9709143],[129.165721,35.9709525],[129.1657312,35.9709566],[129.1657524,35.9709755],[129.1657639,35.9710058],[129.1657658,35.9710459],[129.1657576,35.9711015],[129.1657496,35.971145],[129.1657516,35.9711764],[129.1657722,35.9712216],[129.1658028,35.9712563],[129.1658493,35.9712959],[129.1659266,35.9713426],[129.1660012,35.9713799],[129.1660466,35.9714012],[129.1660894,35.9714226],[129.1661299,35.9714459],[129.1661515,35.9714634],[129.1661693,35.9714794],[129.1661853,35.9715032],[129.1661961,35.9715262],[129.1662045,35.9715556],[129.1662345,35.9716682],[129.1662894,35.971884],[129.1663294,35.9719904],[129.1663417,35.9720283],[129.1663418,35.9720465],[129.166437,35.9719598]]]]}},{"type":"Feature","properties":{"UFID":"100035901017A00110100000004446403"},"geometry":{"type":"MultiPolygon","coordinates":[[[[129.1730946,35.9695224],[129.1728729,35.9694881],[129.1728627,35.9695692],[129.1729564,35.9695967],[129.1730516,35.9696338],[129.1730946,35.9695224]]]]}},{"type":"Feature","properties":{"UFID":"100035901017A00110100000004446404"},"geometry":{"type":"MultiPolygon","coordinates":[[[[129.1722081,35.9693735],[129.1722348,35.9693856],[129.1722628,35.9693984],[129.1723266,35.9694274],[129.172325,35.9694221],[129.1723303,35.96942],[129.1725734,35.9694176],[129.1726547,35.9694187],[129.1727126,35.9694231],[129.1727778,35.9694362],[129.172863,35.969467],[129.1728771,35.9694733],[129.1728803,35.9694817],[129.1728785,35.9694844],[129.1728729,35.9694881],[129.1730946,35.9695224],[129.1730567,35.9695026],[129.1729479,35.9694495],[129.1728579,35.9694031],[129.1727801,35.9693766],[129.1727458,35.969372],[129.1726825,35.9693701],[129.1726012,35.9693691],[129.1725136,35.9693679],[129.1723888,35.9693684],[129.1723664,35.9693691],[129.1722533,35.9693729],[129.1722497,35.969373],[129.1722081,35.9693735]]]]}},{"type":"Feature","properties":{"UFID":"100035901017A00110100000004446405"},"geometry":{"type":"MultiPolygon","coordinates":[[[[129.1736154,35.9642069],[129.173568,35.9641701],[129.17354,35.9642027],[129.1735893,35.9642317],[129.1736154,35.9642069]]]]}},{"type":"Feature","properties":{"UFID":"100035901017A00110100000004446406"},"geometry":{"type":"MultiPolygon","coordinates":[[[[129.1735893,35.9642317],[129.17354,35.9642027],[129.1734421,35.9643159],[129.1733828,35.9643722],[129.1732129,35.9645401],[129.173016,35.9647663],[129.1727815,35.965034],[129.1725136,35.9653027],[129.1722837,35.9655547],[129.1720828,35.9658017],[129.172064,35.9658307],[129.1720601,35.9658302],[129.1720888,35.9658571],[129.172115,35.9658239],[129.1723198,35.9655755],[129.1725486,35.9653247],[129.1728168,35.9650558],[129.173052,35.9647872],[129.1732482,35.964562],[129.1734168,35.9643954],[129.1735893,35.9642317]]]]}},{"type":"Feature","properties":{"UFID":"100035901017A00110100000004446407"},"geometry":{"type":"MultiPolygon","coordinates":[[[[129.1720888,35.9658571],[129.1720601,35.9658302],[129.1720263,35.9658533],[129.172067,35.9658895],[129.1720716,35.9658788],[129.1720888,35.9658571]]]]}},{"type":"Feature","properties":{"UFID":"100035901017A00110100000004446408"},"geometry":{"type":"MultiPolygon","coordinates":[[[[129.1715382,35.9672871],[129.1715135,35.9673267],[129.1715424,35.9673165],[129.1716126,35.9673149],[129.1717322,35.9673078],[129.1718645,35.9672888],[129.1719861,35.9672541],[129.1720422,35.9672298],[129.1721389,35.9671758],[129.1722259,35.9671203],[129.172309,35.9670616],[129.172476,35.9669312],[129.1725602,35.9668581],[129.172651,35.966757],[129.1726234,35.9667418],[129.1725345,35.9668409],[129.1724524,35.9669122],[129.1722866,35.9670417],[129.1722048,35.9670995],[129.1721192,35.967154],[129.172025,35.9672067],[129.1719727,35.9672293],[129.171856,35.9672626],[129.1717281,35.9672809],[129.1716108,35.9672879],[129.1715524,35.9672893],[129.1715382,35.9672871]]]]}},{"type":"Feature","properties":{"UFID":"100035901017A00110100000004446409"},"geometry":{"type":"MultiPolygon","coordinates":[[[[129.1728729,35.9694881],[129.1728652,35.9694894],[129.1728581,35.9694908],[129.172835,35.9694911],[129.1726563,35.9694675],[129.1725067,35.9694489],[129.1724695,35.9694478],[129.1724379,35.9694469],[129.1724062,35.9694445],[129.1723792,35.9694411],[129.1723453,35.9694338],[129.1723318,35.9694308],[129.1723266,35.9694274],[129.1723453,35.9694859],[129.172492,35.969501],[129.1726432,35.9695237],[129.1727519,35.9695435],[129.1728597,35.9695683],[129.1728627,35.9695692],[129.1728729,35.9694881]]]]}},{"type":"Feature","properties":{"UFID":"100035901017A00110100000004446410"},"geometry":{"type":"MultiPolygon","coordinates":[[[[129.1718404,35.9694274],[129.1717974,35.9693483],[129.1717897,35.9693469],[129.1717215,35.9694525],[129.1717369,35.969457],[129.1717942,35.9694756],[129.1718376,35.9694325],[129.1718404,35.9694274]]]]}},{"type":"Feature","properties":{"UFID":"100035901017A00110100000004446411"},"geometry":{"type":"MultiPolygon","coordinates":[[[[129.1717897,35.9693469],[129.1715909,35.9693176],[129.1716328,35.9694266],[129.1717215,35.9694525],[129.1717897,35.9693469]]]]}},{"type":"Feature","properties":{"UFID":"100035901017A00110100000004446412"},"geometry":{"type":"MultiPolygon","coordinates":[[[[129.1723266,35.9694274],[129.1722628,35.9693984],[129.1722348,35.9693856],[129.1722081,35.9693735],[129.172214,35.9694425],[129.1722586,35.9694467],[129.1722689,35.9694487],[129.1722713,35.9694503],[129.1722752,35.9694545],[129.1722808,35.9694822],[129.1723453,35.9694859],[129.1723266,35.9694274]]]]}},{"type":"Feature","properties":{"UFID":"100035901017A00110100000004446413"},"geometry":{"type":"MultiPolygon","coordinates":[[[[129.1715909,35.9693176],[129.1717897,35.9693469],[129.1717883,35.9693453],[129.1717877,35.9693386],[129.1717989,35.9692841],[129.1718956,35.9691464],[129.1719415,35.9690878],[129.1719678,35.9690615],[129.171985,35.9690518],[129.1719868,35.9690516],[129.1719773,35.9689994],[129.1719714,35.9690007],[129.1719327,35.9690329],[129.1718811,35.9690779],[129.1718396,35.9691156],[129.1718051,35.9691527],[129.171759,35.9692129],[129.1717298,35.9692393],[129.1715985,35.9693155],[129.1715909,35.9693176]]]]}},{"type":"Feature","properties":{"UFID":"100035901017A00110100000004446414"},"geometry":{"type":"MultiPolygon","coordinates":[[[[129.1722081,35.9693735],[129.1721052,35.9693747],[129.1717974,35.9693483],[129.1718404,35.9694274],[129.171848,35.9694246],[129.1719687,35.9694296],[129.1721432,35.9694375],[129.172214,35.9694425],[129.1722081,35.9693735]]]]}},{"type":"Feature","properties":{"UFID":"100035901017A00110100000004446415"},"geometry":{"type":"MultiPolygon","coordinates":[[[[129.1717458,35.9668101],[129.171703,35.9669204],[129.1717282,35.9669189],[129.1717327,35.9669189],[129.1717722,35.9669208],[129.1717812,35.9669223],[129.1718706,35.9669355],[129.1719074,35.9668532],[129.1718696,35.9668421],[129.1718717,35.9668358],[129.1717458,35.9668101]]]]}},{"type":"Feature","properties":{"UFID":"100035901017A00110100000004446416"},"geometry":{"type":"MultiPolygon","coordinates":[[[[129.171703,35.9669204],[129.1716401,35.9668997],[129.1716232,35.9669366],[129.1715914,35.9670094],[129.1715594,35.9670852],[129.1715211,35.9671543],[129.1714939,35.9672069],[129.1714642,35.967267],[129.171464,35.9672673],[129.1715382,35.9672871],[129.1715364,35.9672746],[129.1715749,35.9672014],[129.17168,35.9669795],[129.171703,35.9669204]]]]}},{"type":"Feature","properties":{"UFID":"100035901017A00110100000004446417"},"geometry":{"type":"MultiPolygon","coordinates":[[[[129.1733316,35.9641701],[129.1733033,35.9641742],[129.1732857,35.9641741],[129.1732672,35.9641729],[129.1732435,35.9641681],[129.1732291,35.9641656],[129.1732154,35.9641623],[129.1732028,35.9641827],[129.1732135,35.9641862],[129.1732365,35.9641951],[129.1732473,35.9642019],[129.1732573,35.9642111],[129.1732625,35.9642211],[129.173263,35.9642318],[129.1733316,35.9641701]]]]}},{"type":"Feature","properties":{"UFID":"100035901017A00110100000004446418"},"geometry":{"type":"MultiPolygon","coordinates":[[[[129.1733627,35.9641867],[129.1733316,35.9641701],[129.173263,35.9642318],[129.1733026,35.9642486],[129.1733146,35.9642358],[129.1733339,35.9642166],[129.1733516,35.9641985],[129.1733627,35.9641867]]]]}},{"type":"Feature","properties":{"UFID":"100035901017A00110100000004446419"},"geometry":{"type":"MultiPolygon","coordinates":[[[[129.1733026,35.9642486],[129.173263,35.9642318],[129.1732604,35.9642452],[129.1732516,35.9642563],[129.1732383,35.9642675],[129.1732114,35.9642779],[129.1731902,35.9642785],[129.1731758,35.964279],[129.1731539,35.9642794],[129.1731624,35.9643077],[129.17317,35.9643085],[129.1731833,35.9643087],[129.1731974,35.9643088],[129.1732121,35.9643081],[129.1732289,35.9643049],[129.1732449,35.9642972],[129.1732595,35.9642889],[129.1732764,35.9642746],[129.1732959,35.9642557],[129.1733026,35.9642486]]]]}},{"type":"Feature","properties":{"UFID":"100035901017A00110100000004446420"},"geometry":{"type":"MultiPolygon","coordinates":[[[[129.1717458,35.9668101],[129.1716844,35.9667956],[129.1716788,35.9668108],[129.1716551,35.9668669],[129.1716401,35.9668997],[129.171703,35.9669204],[129.1717458,35.9668101]]]]}},{"type":"Feature","properties":{"UFID":"100035901017A00110100000004446421"},"geometry":{"type":"MultiPolygon","coordinates":[[[[129.172067,35.9658895],[129.1720263,35.9658533],[129.172024,35.9658598],[129.1719991,35.9659043],[129.1719766,35.9659484],[129.1719356,35.9660415],[129.1719138,35.966101],[129.1718892,35.9661596],[129.1718673,35.966224],[129.1718429,35.9662966],[129.1718145,35.9663903],[129.1717913,35.9664649],[129.1717569,35.9665867],[129.171726,35.9666845],[129.1717065,35.9667366],[129.1716844,35.9667956],[129.1717458,35.9668101],[129.1717754,35.9667341],[129.1718287,35.9665718],[129.1719447,35.9662009],[129.1720297,35.965976],[129.172067,35.9658895]]]]}},{"type":"Feature","properties":{"UFID":"100035901017A00110100000004446422"},"geometry":{"type":"MultiPolygon","coordinates":[[[[129.1720601,35.9658302],[129.172059,35.9658278],[129.1720592,35.9658264],[129.1720644,35.9657526],[129.1720718,35.9656649],[129.172072,35.9655692],[129.1721475,35.9654349],[129.1721833,35.9653748],[129.1722219,35.9653295],[129.1721718,35.9653008],[129.1721617,35.9653093],[129.1720864,35.9652666],[129.1720209,35.9652334],[129.1719523,35.9652014],[129.1718954,35.9651835],[129.1718229,35.9651638],[129.1717559,35.9651498],[129.1717116,35.9651457],[129.1716648,35.9651458],[129.1716253,35.9651503],[129.171575,35.9651613],[129.1714772,35.9651955],[129.1713914,35.9652151],[129.1713588,35.9652225],[129.171378,35.9652772],[129.1715322,35.9652364],[129.171536,35.9652313],[129.1715442,35.9652187],[129.1716081,35.9651986],[129.1716575,35.9651897],[129.1716763,35.9651883],[129.1717183,35.9651899],[129.1717812,35.9651972],[129.1718543,35.9652148],[129.1719199,35.9652357],[129.1719739,35.9652587],[129.1720454,35.9652936],[129.1720844,35.9653218],[129.1721093,35.9653451],[129.1721132,35.9653559],[129.1721134,35.9653674],[129.1721083,35.9653994],[129.1720919,35.9654384],[129.1720605,35.9654978],[129.1720074,35.9656003],[129.1720298,35.9656082],[129.1720322,35.9657268],[129.1720286,35.9657825],[129.1720279,35.9658368],[129.1720263,35.9658533],[129.1720601,35.9658302]]]]}},{"type":"Feature","properties":{"UFID":"100035901017A00110100000004446423"},"geometry":{"type":"MultiPolygon","coordinates":[[[[129.1709384,35.9698727],[129.1708481,35.9697522],[129.1707796,35.969785],[129.1708696,35.9699063],[129.1709384,35.9698727]]]]}},{"type":"Feature","properties":{"UFID":"100035901017A00110100000004446424"},"geometry":{"type":"MultiPolygon","coordinates":[[[[129.1704095,35.969214],[129.1704098,35.96915],[129.1703458,35.9691436],[129.1698624,35.9691991],[129.1698585,35.9691982],[129.1698003,35.9692905],[129.1698446,35.96928],[129.1701317,35.9692474],[129.1703289,35.9692249],[129.1703973,35.9692145],[129.1704095,35.969214]]]]}},{"type":"Feature","properties":{"UFID":"100035901017A00110100000004446425"},"geometry":{"type":"MultiPolygon","coordinates":[[[[129.1709384,35.9698727],[129.1708696,35.9699063],[129.1708745,35.9699153],[129.1708751,35.9699198],[129.1708751,35.9699275],[129.1709554,35.9699],[129.1709517,35.969899],[129.1709384,35.9698727]]]]}},{"type":"Feature","properties":{"UFID":"100035901017A00110100000004446426"},"geometry":{"type":"MultiPolygon","coordinates":[[[[129.1708481,35.9697522],[129.17081,35.9697118],[129.1707813,35.969645],[129.1707803,35.969625],[129.1707951,35.9695687],[129.1708354,35.9695028],[129.170931,35.9693245],[129.1709528,35.9692692],[129.1708578,35.9692515],[129.1708654,35.9692741],[129.1708633,35.9692972],[129.1708395,35.9693587],[129.1707809,35.9694639],[129.1707091,35.9696138],[129.1707028,35.9696459],[129.1707029,35.9696678],[129.170706,35.9696769],[129.1707289,35.9697078],[129.1707796,35.969785],[129.1708481,35.9697522]]]]}},{"type":"Feature","properties":{"UFID":"100035901017A00110100000004446427"},"geometry":{"type":"MultiPolygon","coordinates":[[[[129.1715382,35.9672871],[129.171464,35.9672673],[129.1714463,35.9673018],[129.1715135,35.9673267],[129.1715382,35.9672871]]]]}},{"type":"Feature","properties":{"UFID":"100035901017A00110100000004446428"},"geometry":{"type":"MultiPolygon","coordinates":[[[[129.1713071,35.9676574],[129.1712484,35.9677211],[129.1712776,35.9677182],[129.1713143,35.967721],[129.171343,35.9677271],[129.171423,35.9677507],[129.1714736,35.967772],[129.1715039,35.9677874],[129.1715564,35.9678252],[129.1715719,35.9677644],[129.1715007,35.9677148],[129.1714118,35.967684],[129.1713071,35.9676574]]]]}},{"type":"Feature","properties":{"UFID":"100035901017A00110100000004446429"},"geometry":{"type":"MultiPolygon","coordinates":[[[[129.1713071,35.9676574],[129.1712518,35.9676341],[129.1712243,35.9676789],[129.1712089,35.9677096],[129.1712484,35.9677211],[129.1713071,35.9676574]]]]}},{"type":"Feature","properties":{"UFID":"100035901017A00110100000004446430"},"geometry":{"type":"MultiPolygon","coordinates":[[[[129.1710625,35.9688787],[129.1710197,35.9688693],[129.1709934,35.9689498],[129.1710362,35.9689591],[129.1710625,35.9688787]]]]}},{"type":"Feature","properties":{"UFID":"100035901017A00110100000004446431"},"geometry":{"type":"MultiPolygon","coordinates":[[[[129.1710362,35.9689591],[129.1709934,35.9689498],[129.170961,35.9690488],[129.1709301,35.9691146],[129.1708806,35.9691594],[129.1708472,35.9691711],[129.1709754,35.9692139],[129.1709564,35.9691885],[129.1709603,35.9691512],[129.1710032,35.9690599],[129.1710362,35.9689591]]]]}},{"type":"Feature","properties":{"UFID":"100035901017A00110100000004446432"},"geometry":{"type":"MultiPolygon","coordinates":[[[[129.1710625,35.9688787],[129.1710362,35.9689591],[129.1710635,35.9689646],[129.1710913,35.9689613],[129.1711193,35.9689581],[129.1711185,35.9689171],[129.1710774,35.9688983],[129.171066,35.9688882],[129.1710625,35.9688787]]]]}},{"type":"Feature","properties":{"UFID":"100035901017A00110100000004446433"},"geometry":{"type":"MultiPolygon","coordinates":[[[[129.1701679,35.9670841],[129.1700814,35.9670542],[129.1700603,35.967128],[129.1701226,35.9671462],[129.1701679,35.9670841]]]]}},{"type":"Feature","properties":{"UFID":"100035901017A00110100000004446434"},"geometry":{"type":"MultiPolygon","coordinates":[[[[129.1700814,35.9670542],[129.1701679,35.9670841],[129.1703147,35.9668828],[129.1702377,35.9668459],[129.1700814,35.9670542]]]]}},{"type":"Feature","properties":{"UFID":"100035901017A00110100000004446435"},"geometry":{"type":"MultiPolygon","coordinates":[[[[129.1708472,35.9691711],[129.170785,35.9691792],[129.1707451,35.9691784],[129.1706855,35.9691748],[129.1706109,35.969168],[129.1705334,35.9691605],[129.1704748,35.9691547],[129.1704208,35.9691511],[129.1704098,35.96915],[129.1704095,35.969214],[129.1704829,35.9692115],[129.1705919,35.9692124],[129.1707032,35.9692176],[129.1707943,35.9692239],[129.1708407,35.9692361],[129.1708578,35.9692515],[129.1708472,35.9691711]]]]}},{"type":"Feature","properties":{"UFID":"100035901017A00110100000004446436"},"geometry":{"type":"MultiPolygon","coordinates":[[[[129.1698095,35.9691439],[129.169807,35.9691393],[129.1698096,35.9690082],[129.1697284,35.969019],[129.169722,35.9691368],[129.1697199,35.9691443],[129.1697169,35.9691475],[129.1697136,35.9691483],[129.1698095,35.9691439]]]]}},{"type":"Feature","properties":{"UFID":"100035901017A00110100000004446437"},"geometry":{"type":"MultiPolygon","coordinates":[[[[129.1698585,35.9691982],[129.1698095,35.9691439],[129.1697136,35.9691483],[129.1697041,35.9692406],[129.1697033,35.9692495],[129.1698003,35.9692905],[129.1698585,35.9691982]]]]}},{"type":"Feature","properties":{"UFID":"100035901017A00110100000004446438"},"geometry":{"type":"MultiPolygon","coordinates":[[[[129.1709754,35.9692139],[129.1708472,35.9691711],[129.1708578,35.9692515],[129.1709528,35.9692692],[129.1709754,35.9692139]]]]}},{"type":"Feature","properties":{"UFID":"100035901017A00110100000004446439"},"geometry":{"type":"MultiPolygon","coordinates":[[[[129.1697136,35.9691483],[129.1696849,35.9691434],[129.1696565,35.969137],[129.1696397,35.9691299],[129.1696204,35.9691163],[129.169605,35.9690998],[129.1695878,35.969177],[129.1696116,35.9691823],[129.169634,35.9691895],[129.1696603,35.9692012],[129.1696796,35.969214],[129.1696934,35.9692241],[129.1697016,35.9692328],[129.1697041,35.9692406],[129.1697136,35.9691483]]]]}},{"type":"Feature","properties":{"UFID":"100035901017A00110100000004446440"},"geometry":{"type":"MultiPolygon","coordinates":[[[[129.1715909,35.9693176],[129.1715661,35.9693226],[129.171395,35.9693006],[129.1711151,35.9692499],[129.1710315,35.969224],[129.1709754,35.9692139],[129.1709528,35.9692692],[129.1709643,35.9692674],[129.1710195,35.9692809],[129.1710915,35.9692981],[129.1711579,35.9693112],[129.1712554,35.9693248],[129.171315,35.9693346],[129.1713496,35.9693426],[129.1713899,35.9693535],[129.1714348,35.9693673],[129.1715197,35.9693939],[129.1716328,35.9694266],[129.1715909,35.9693176]]]]}},{"type":"Feature","properties":{"UFID":"100035901017A00110100000004446441"},"geometry":{"type":"MultiPolygon","coordinates":[[[[129.1715135,35.9673267],[129.1714463,35.9673018],[129.1714274,35.9673381],[129.1714004,35.9673865],[129.1713756,35.9674306],[129.1713466,35.9674697],[129.1713096,35.9675196],[129.1713241,35.9675279],[129.1712639,35.9676142],[129.1712518,35.9676341],[129.1713071,35.9676574],[129.1712973,35.9676406],[129.171303,35.9676311],[129.1714405,35.9674344],[129.1714933,35.9673495],[129.1715135,35.9673267]]]]}},{"type":"Feature","properties":{"UFID":"100035901017A00110100000004446442"},"geometry":{"type":"MultiPolygon","coordinates":[[[[129.1712484,35.9677211],[129.1712089,35.9677096],[129.171201,35.9677256],[129.1711724,35.9677796],[129.1711425,35.967875],[129.1711327,35.9679677],[129.1711374,35.9680686],[129.1711617,35.9682067],[129.1711714,35.9683597],[129.1711609,35.9684622],[129.1711413,35.9685438],[129.1711342,35.9685606],[129.1710997,35.9686438],[129.1710706,35.9687139],[129.1710197,35.9688693],[129.1710625,35.9688787],[129.1711047,35.9687339],[129.1711481,35.968664],[129.1711725,35.9686073],[129.171173,35.9686062],[129.1712074,35.968523],[129.1712014,35.9684814],[129.171205,35.9684672],[129.1712158,35.9683603],[129.1712059,35.9682032],[129.1711816,35.9680653],[129.1711772,35.9679686],[129.1711863,35.967881],[129.1712193,35.9677758],[129.171224,35.967761],[129.1712286,35.9677535],[129.1712484,35.9677211]]]]}},{"type":"Feature","properties":{"UFID":"100035901017A00110100000004446443"},"geometry":{"type":"MultiPolygon","coordinates":[[[[129.169605,35.9690998],[129.1695956,35.9690833],[129.1695906,35.9690615],[129.1695858,35.9690257],[129.1695814,35.968931],[129.1695808,35.9688689],[129.169575,35.9688078],[129.1695732,35.9687812],[129.16957,35.9687327],[129.1695635,35.9686684],[129.1695584,35.9686243],[129.1695532,35.968589],[129.1695466,35.968565],[129.1695398,35.9685507],[129.1695271,35.9685393],[129.1694874,35.9685124],[129.1693877,35.9684419],[129.1693019,35.9683753],[129.1692404,35.9683274],[129.1692147,35.9683032],[129.1691946,35.9682874],[129.1691784,35.9682791],[129.1691611,35.9682744],[129.1691443,35.9682717],[129.1691192,35.9682714],[129.1690908,35.9682763],[129.1690397,35.9682515],[129.1690081,35.9682352],[129.1689896,35.9682238],[129.1689785,35.9682163],[129.1689566,35.9681976],[129.1689528,35.9681911],[129.1689517,35.968186],[129.1689647,35.968064],[129.1689672,35.9680344],[129.168972,35.9680258],[129.1689768,35.968022],[129.1689813,35.9680187],[129.1688604,35.9680064],[129.1688552,35.9680228],[129.1688567,35.9680278],[129.1688598,35.9680329],[129.1688972,35.9680687],[129.1688975,35.9680711],[129.1688881,35.9682283],[129.1688884,35.9682312],[129.1688919,35.9682353],[129.1689462,35.9682607],[129.1690303,35.9683067],[129.1690888,35.9683387],[129.1691219,35.9683347],[129.1691467,35.9683405],[129.1691699,35.9683554],[129.1692195,35.968393],[129.1692471,35.9684131],[129.1693418,35.9684747],[129.1693957,35.9685143],[129.16945,35.9685602],[129.1694641,35.9685743],[129.1694732,35.9685862],[129.1694795,35.9686088],[129.169491,35.9686686],[129.1694988,35.96873],[129.1695061,35.9687849],[129.1695062,35.9687867],[129.1695116,35.9688468],[129.1695181,35.9689111],[129.1695199,35.9689727],[129.1695191,35.969062],[129.1695199,35.9691031],[129.1695189,35.9691098],[129.169605,35.9690998]]]]}},{"type":"Feature","properties":{"UFID":"100035901017A00110100000004446444"},"geometry":{"type":"MultiPolygon","coordinates":[[[[129.1674711,35.9695303],[129.1673718,35.9695305],[129.1673783,35.9695401],[129.1673792,35.9695451],[129.1673766,35.9695502],[129.167371,35.9695554],[129.1674681,35.9695586],[129.1674656,35.9695426],[129.1674672,35.9695341],[129.1674711,35.9695303]]]]}},{"type":"Feature","properties":{"UFID":"100035901017A00110100000004446445"},"geometry":{"type":"MultiPolygon","coordinates":[[[[129.1670421,35.9695982],[129.1670112,35.9695676],[129.1670085,35.9695586],[129.1670075,35.9695533],[129.167009,35.9695492],[129.1669183,35.9695494],[129.1669133,35.9695529],[129.1669095,35.9695545],[129.16696,35.9696267],[129.1670421,35.9695982]]]]}},{"type":"Feature","properties":{"UFID":"100035901017A00110100000004446446"},"geometry":{"type":"MultiPolygon","coordinates":[[[[129.1674542,35.9694802],[129.167367,35.9694841],[129.1673718,35.9695305],[129.1674711,35.9695303],[129.1674542,35.9694802]]]]}},{"type":"Feature","properties":{"UFID":"100035901017A00110100000004446447"},"geometry":{"type":"MultiPolygon","coordinates":[[[[129.1674681,35.9695586],[129.167371,35.9695554],[129.167363,35.9696212],[129.1673802,35.9696235],[129.1674426,35.9696407],[129.1674681,35.9695586]]]]}},{"type":"Feature","properties":{"UFID":"100035901017A00110100000004446448"},"geometry":{"type":"MultiPolygon","coordinates":[[[[129.1674542,35.9694802],[129.1674711,35.9695303],[129.1675553,35.96947],[129.1675923,35.9694312],[129.1676007,35.9694184],[129.1676089,35.9693969],[129.1676136,35.9693695],[129.167616,35.969308],[129.1676158,35.9692174],[129.1676106,35.969131],[129.1676068,35.9690678],[129.1676063,35.9690275],[129.1676082,35.9690044],[129.1676119,35.9689786],[129.1676201,35.9689507],[129.1676266,35.968936],[129.1675542,35.9689378],[129.1675505,35.9689652],[129.1675545,35.9690182],[129.1675597,35.969101],[129.167561,35.9692089],[129.1675597,35.9692839],[129.1675577,35.9693371],[129.1675554,35.9693669],[129.1675529,35.969383],[129.1675497,35.9693956],[129.1675445,35.9694073],[129.1674882,35.9694619],[129.1674542,35.9694802]]]]}},{"type":"Feature","properties":{"UFID":"100035901017A00110100000004446449"},"geometry":{"type":"MultiPolygon","coordinates":[[[[129.1690463,35.9679281],[129.1692112,35.9677989],[129.1694006,35.9676404],[129.169606,35.9674459],[129.1699125,35.9671729],[129.169944,35.9671505],[129.1699706,35.9671412],[129.1700096,35.9671312],[129.1700603,35.967128],[129.1700814,35.9670542],[129.1700519,35.9670701],[129.169926,35.9670946],[129.1694467,35.9675329],[129.1692216,35.9677248],[129.1690663,35.967857],[129.1689475,35.9679344],[129.1690463,35.9679281]]]]}},{"type":"Feature","properties":{"UFID":"100035901017A00110100000004446450"},"geometry":{"type":"MultiPolygon","coordinates":[[[[129.1701226,35.9671462],[129.1700603,35.967128],[129.1699418,35.9672686],[129.1699177,35.967302],[129.1698921,35.9673558],[129.1698713,35.9674031],[129.1698538,35.9674512],[129.1698325,35.9675052],[129.1698096,35.9675563],[129.1697859,35.9676014],[129.1697536,35.9676501],[129.169727,35.9676834],[129.1696877,35.9677309],[129.1696573,35.9677677],[129.1696219,35.9678038],[129.1695086,35.9678953],[129.1694504,35.9679415],[129.1694136,35.9679692],[129.1693927,35.967986],[129.1693802,35.9679951],[129.1693662,35.9680014],[129.1693508,35.9680039],[129.1693372,35.968005],[129.1693195,35.9680044],[129.1692989,35.9680009],[129.1692603,35.9679938],[129.1691834,35.9679771],[129.1690645,35.9679511],[129.1690553,35.9679482],[129.1690501,35.9679455],[129.1690471,35.9679433],[129.169046,35.9679397],[129.169046,35.9679368],[129.1690463,35.9679281],[129.1689813,35.9680187],[129.1689887,35.9680176],[129.1690102,35.9680178],[129.1690686,35.9680209],[129.1691335,35.9680274],[129.1691724,35.9680352],[129.1691827,35.9680398],[129.1692299,35.9680645],[129.169309,35.9681165],[129.1693134,35.9681165],[129.1693173,35.9681159],[129.1693321,35.9681077],[129.169338,35.9681026],[129.1694387,35.968023],[129.1695205,35.9679589],[129.1696148,35.9678838],[129.1696734,35.9678349],[129.1697191,35.9677899],[129.1697585,35.9677479],[129.1697927,35.9677084],[129.1698057,35.967692],[129.1698376,35.9676496],[129.1698578,35.9676151],[129.1698843,35.9675606],[129.169915,35.9674779],[129.1699389,35.9674094],[129.1699574,35.967373],[129.1699881,35.9673308],[129.1701226,35.9671462]]]]}},{"type":"Feature","properties":{"UFID":"100035901017A00110100000004446451"},"geometry":{"type":"MultiPolygon","coordinates":[[[[129.1695455,35.9691764],[129.1695189,35.9691098],[129.1695155,35.969113],[129.1694852,35.9691324],[129.1694343,35.9691554],[129.1694183,35.9691621],[129.1694154,35.9692285],[129.1694458,35.9692116],[129.1694674,35.9692023],[129.1695057,35.9691873],[129.1695286,35.9691805],[129.1695455,35.9691764]]]]}},{"type":"Feature","properties":{"UFID":"100035901017A00110100000004446452"},"geometry":{"type":"MultiPolygon","coordinates":[[[[129.1690463,35.9679281],[129.1689475,35.9679344],[129.1688604,35.9680064],[129.1689813,35.9680187],[129.1690463,35.9679281]]]]}},{"type":"Feature","properties":{"UFID":"100035901017A00110100000004446453"},"geometry":{"type":"MultiPolygon","coordinates":[[[[129.167363,35.9696212],[129.167371,35.9695554],[129.1673561,35.9695606],[129.1672399,35.9695937],[129.1671386,35.969627],[129.1671,35.9696387],[129.1670905,35.969639],[129.1670851,35.9696383],[129.1670725,35.9696282],[129.1670421,35.9695982],[129.16696,35.9696267],[129.1669705,35.9696287],[129.1669768,35.9696337],[129.1670565,35.9697136],[129.1670942,35.9697475],[129.1670959,35.9697475],[129.1671143,35.9697404],[129.1671703,35.9697124],[129.167305,35.969633],[129.1673193,35.9696245],[129.1673407,35.9696222],[129.167363,35.9696212]]]]}},{"type":"Feature","properties":{"UFID":"100035901017A00110100000004446454"},"geometry":{"type":"MultiPolygon","coordinates":[[[[129.1673718,35.9695305],[129.167367,35.9694841],[129.1669972,35.9695007],[129.1669651,35.969489],[129.1669316,35.9695306],[129.1669183,35.9695494],[129.167009,35.9695492],[129.1670148,35.9695436],[129.1670287,35.9695396],[129.1671241,35.9695304],[129.1673036,35.9695125],[129.1673211,35.9695138],[129.1673349,35.969516],[129.1673611,35.9695245],[129.1673718,35.9695305]]]]}},{"type":"Feature","properties":{"UFID":"100035901017A00110100000004446455"},"geometry":{"type":"MultiPolygon","coordinates":[[[[129.1679076,35.9699057],[129.1678437,35.9698664],[129.1677383,35.969811],[129.1676455,35.9697616],[129.1675772,35.9697165],[129.1675432,35.9696828],[129.1675059,35.9696306],[129.1674681,35.9695586],[129.1674426,35.9696407],[129.1674648,35.969651],[129.1675117,35.969696],[129.1675517,35.9697319],[129.1676057,35.9697716],[129.1676896,35.9698225],[129.1678063,35.9698999],[129.1678539,35.9699373],[129.1678653,35.9699509],[129.1679076,35.9699057]]]]}},{"type":"Feature","properties":{"UFID":"100035901017A00110100000004446456"},"geometry":{"type":"MultiPolygon","coordinates":[[[[129.16696,35.9696267],[129.1669095,35.9695545],[129.1666508,35.9695727],[129.1661359,35.9696141],[129.1661347,35.9696167],[129.1661413,35.9696539],[129.1661409,35.9696588],[129.166162,35.9697067],[129.1661638,35.9697066],[129.1663407,35.969692],[129.1665657,35.9696705],[129.1666988,35.969659],[129.1667537,35.9696517],[129.1669455,35.9696266],[129.16696,35.9696267]]]]}},{"type":"Feature","properties":{"UFID":"100035901017A00110100000004446457"},"geometry":{"type":"MultiPolygon","coordinates":[[[[129.166162,35.9697067],[129.1661409,35.9696588],[129.1661349,35.9696603],[129.1661329,35.9696606],[129.1661076,35.9696604],[129.1660907,35.9696593],[129.1660774,35.9696573],[129.166062,35.9696498],[129.1659945,35.9696764],[129.1660204,35.9696794],[129.1660439,35.9696836],[129.1660654,35.9696897],[129.1660865,35.9697013],[129.1660984,35.9697056],[129.1661114,35.9697081],[129.1661315,35.9697085],[129.166162,35.9697067]]]]}},{"type":"Feature","properties":{"UFID":"100035901017A00110100000004446458"},"geometry":{"type":"MultiPolygon","coordinates":[[[[129.168229,35.9706101],[129.1681965,35.9705495],[129.168088,35.9706124],[129.168083,35.970621],[129.1681595,35.970649],[129.168229,35.9706101]]]]}},{"type":"Feature","properties":{"UFID":"100035901017A00110100000004446459"},"geometry":{"type":"MultiPolygon","coordinates":[[[[129.1698003,35.9692905],[129.1697033,35.9692495],[129.1696733,35.9692995],[129.1695869,35.9694354],[129.1695842,35.9694351],[129.1695595,35.9694276],[129.1695575,35.9694287],[129.1695374,35.9694753],[129.169512,35.9695267],[129.1694828,35.9695874],[129.1693592,35.9698442],[129.1692647,35.9699834],[129.1691682,35.9701021],[129.1690329,35.9701813],[129.1689388,35.9702103],[129.1687191,35.9702785],[129.1685955,35.9703299],[129.1683172,35.9704857],[129.1681965,35.9705495],[129.168229,35.9706101],[129.1683328,35.970552],[129.1685815,35.9704168],[129.1687203,35.97035],[129.1688698,35.9702983],[129.1689055,35.9702899],[129.1690478,35.9702573],[129.1691568,35.9701877],[129.1692121,35.9701533],[129.1693115,35.9700521],[129.1694202,35.9698997],[129.1695322,35.9696847],[129.1696652,35.9694189],[129.1696681,35.9694148],[129.169692,35.9693807],[129.1697343,35.9693204],[129.1697591,35.9693058],[129.1697687,35.9693002],[129.1698003,35.9692905]]]]}},{"type":"Feature","properties":{"UFID":"100035901017A00110100000004446460"},"geometry":{"type":"MultiPolygon","coordinates":[[[[129.169605,35.9690998],[129.1695189,35.9691098],[129.1695455,35.9691764],[129.1695581,35.9691751],[129.1695713,35.9691755],[129.1695878,35.969177],[129.169605,35.9690998]]]]}},{"type":"Feature","properties":{"UFID":"100035901017A00110100000004446461"},"geometry":{"type":"MultiPolygon","coordinates":[[[[129.166062,35.9696498],[129.1660445,35.9696343],[129.1660201,35.9696083],[129.1660094,35.969594],[129.1659627,35.9696104],[129.1659945,35.9696764],[129.166062,35.9696498]]]]}},{"type":"Feature","properties":{"UFID":"100035901017A00110100000004446462"},"geometry":{"type":"MultiPolygon","coordinates":[[[[129.1681965,35.9705495],[129.1681895,35.9705504],[129.1681369,35.9704718],[129.1680913,35.9704091],[129.1680512,35.9703517],[129.168017,35.9703069],[129.1679826,35.9702648],[129.1679514,35.9702197],[129.1679379,35.9701947],[129.1679357,35.9701901],[129.1679321,35.9701797],[129.1679302,35.9701692],[129.1679289,35.9701467],[129.1679301,35.9701182],[129.1679354,35.9700982],[129.1679421,35.9700762],[129.1679492,35.9700574],[129.1679582,35.970035],[129.1679691,35.9700103],[129.1679805,35.9699847],[129.1679938,35.9699613],[129.1680002,35.9699467],[129.1679157,35.9699107],[129.1679076,35.9699057],[129.1678653,35.9699509],[129.1678722,35.9699592],[129.1678882,35.9699799],[129.1678933,35.9699925],[129.167896,35.9700121],[129.1678966,35.9700311],[129.1678942,35.9700637],[129.1678856,35.9700972],[129.1678635,35.9701867],[129.1678638,35.9701907],[129.1678839,35.9702275],[129.1679209,35.9702718],[129.1679603,35.9703173],[129.1679947,35.9703682],[129.1680251,35.9704218],[129.1680611,35.9704804],[129.1680867,35.9705292],[129.1680917,35.9705406],[129.1680956,35.9705532],[129.1680971,35.9705642],[129.1680962,35.9705788],[129.1680936,35.9705922],[129.168088,35.9706124],[129.1681965,35.9705495]]]]}},{"type":"Feature","properties":{"UFID":"100035901017A00110100000004446463"},"geometry":{"type":"MultiPolygon","coordinates":[[[[129.154331,35.9736537],[129.1539237,35.9735207],[129.1539101,35.9735892],[129.1543422,35.973726],[129.154331,35.9736537]]]]}},{"type":"Feature","properties":{"UFID":"100035901017A00110100000004446464"},"geometry":{"type":"MultiPolygon","coordinates":[[[[129.1528439,35.9721762],[129.1528316,35.9721569],[129.1527869,35.9721693],[129.1528106,35.9722022],[129.1528439,35.9721762]]]]}},{"type":"Feature","properties":{"UFID":"100035901017A00110100000004446465"},"geometry":{"type":"MultiPolygon","coordinates":[[[[129.1528106,35.9722022],[129.1527869,35.9721693],[129.1527861,35.9721727],[129.1527737,35.9721883],[129.1527672,35.9721938],[129.152765,35.972197],[129.1527631,35.9722004],[129.1527623,35.9722104],[129.1527653,35.9722911],[129.1527582,35.9723912],[129.1527573,35.972412],[129.152757,35.9724331],[129.1527578,35.9724529],[129.1527604,35.9724776],[129.1527753,35.9725271],[129.1528148,35.9726482],[129.1528272,35.9726928],[129.1528327,35.9727182],[129.152835,35.9727317],[129.1528364,35.9727449],[129.1528384,35.972772],[129.1528366,35.9729371],[129.1528344,35.9730858],[129.1528332,35.9731437],[129.1528345,35.9731633],[129.152837,35.9731701],[129.1528543,35.9731906],[129.1528571,35.9731975],[129.152862,35.9732763],[129.152869,35.9734066],[129.1528767,35.973562],[129.1528819,35.9736602],[129.1528847,35.9737025],[129.1528863,35.9737191],[129.1528903,35.9737413],[129.1529118,35.9738341],[129.1529154,35.973848],[129.1529176,35.973853],[129.1529481,35.9738759],[129.1529699,35.973866],[129.1529598,35.9738586],[129.1529444,35.9738412],[129.1529356,35.9738282],[129.1529237,35.9737922],[129.1529148,35.9737566],[129.1529133,35.9737421],[129.1529109,35.9737106],[129.1529035,35.9736044],[129.1528935,35.9734397],[129.1528888,35.9733616],[129.1528888,35.9733539],[129.1528961,35.9733408],[129.1528966,35.9733359],[129.152896,35.973329],[129.1528834,35.9732926],[129.1528777,35.9732039],[129.1528771,35.9731912],[129.1528745,35.9731775],[129.1528709,35.973161],[129.1528662,35.9731469],[129.1528611,35.9731291],[129.1528587,35.9731137],[129.1528603,35.9729796],[129.152864,35.9728605],[129.1528634,35.9727936],[129.1528628,35.9727679],[129.1528624,35.9727495],[129.1528605,35.972727],[129.1528557,35.9727039],[129.1528501,35.972683],[129.1528399,35.972652],[129.1528109,35.9725662],[129.1527908,35.9725022],[129.1527858,35.972484],[129.1527836,35.9724695],[129.1527821,35.9724544],[129.1527815,35.9724357],[129.1527818,35.972415],[129.152788,35.972325],[129.1527894,35.9723068],[129.1527908,35.9722886],[129.1527937,35.9722133],[129.1527951,35.9722061],[129.1527985,35.9722038],[129.1528027,35.9722022],[129.1528106,35.9722022]]]]}},{"type":"Feature","properties":{"UFID":"100035901017A00110100000004446466"},"geometry":{"type":"MultiPolygon","coordinates":[[[[129.1539237,35.9735207],[129.153904,35.9735143],[129.1538195,35.9734902],[129.1537859,35.9735697],[129.1539101,35.9735892],[129.1539237,35.9735207]]]]}},{"type":"Feature","properties":{"UFID":"100035901017A00110100000004446467"},"geometry":{"type":"MultiPolygon","coordinates":[[[[129.1538195,35.9734902],[129.1537429,35.9734651],[129.1536754,35.9734081],[129.1536458,35.9733678],[129.1535707,35.9732415],[129.1534957,35.973133],[129.1533901,35.9729687],[129.1533397,35.9729873],[129.1533705,35.9730461],[129.1534874,35.973241],[129.153489,35.9732577],[129.1535815,35.9734306],[129.1536925,35.9735222],[129.1537859,35.9735697],[129.1538195,35.9734902]]]]}},{"type":"Feature","properties":{"UFID":"100035901017A00110100000004446468"},"geometry":{"type":"MultiPolygon","coordinates":[[[[129.1533901,35.9729687],[129.1533894,35.9729677],[129.1532861,35.9728045],[129.1532133,35.9726939],[129.1531407,35.9725835],[129.1529852,35.972357],[129.1528609,35.9722032],[129.1528439,35.9721762],[129.1528106,35.9722022],[129.1528189,35.9722043],[129.1528842,35.9722815],[129.1529568,35.972371],[129.1531115,35.9725965],[129.1531839,35.9727066],[129.1532542,35.9728133],[129.1533146,35.9729393],[129.1533397,35.9729873],[129.1533901,35.9729687]]]]}},{"type":"Feature","properties":{"UFID":"100035901007A00110100000004446469"},"geometry":{"type":"MultiPolygon","coordinates":[[[[129.1630997,35.9777963],[129.1630025,35.9777774],[129.1629912,35.977803],[129.1629923,35.9779051],[129.1629839,35.9779839],[129.1630883,35.9779999],[129.1630871,35.9779983],[129.1630866,35.9779973],[129.1630856,35.9779951],[129.1630849,35.9779911],[129.1630849,35.9779841],[129.1630863,35.9779437],[129.1630894,35.9778685],[129.1630974,35.9777983],[129.1630997,35.9777963]]]]}},{"type":"Feature","properties":{"UFID":"100035901007A00110100000004446470"},"geometry":{"type":"MultiPolygon","coordinates":[[[[129.1630883,35.9779999],[129.1629839,35.9779839],[129.1629816,35.9780052],[129.1629776,35.9780274],[129.163072,35.978039],[129.1630883,35.9779999]]]]}},{"type":"Feature","properties":{"UFID":"100035901007A00110100000004446471"},"geometry":{"type":"MultiPolygon","coordinates":[[[[129.1630966,35.9798716],[129.163082,35.9798542],[129.1630778,35.9798409],[129.1630673,35.9798078],[129.1630565,35.9797618],[129.1630253,35.9796221],[129.1630005,35.979504],[129.1629873,35.9794275],[129.162971,35.9793711],[129.1629636,35.9793284],[129.1629594,35.979289],[129.1629573,35.9792583],[129.1629555,35.9792168],[129.1629553,35.9791735],[129.1629591,35.9791057],[129.1629666,35.9790317],[129.1629746,35.9789631],[129.1629809,35.9788937],[129.1629853,35.9788409],[129.162987,35.9788034],[129.1629854,35.9787669],[129.1629821,35.978737],[129.1629745,35.9786874],[129.1629688,35.9786316],[129.1629647,35.9785789],[129.1629617,35.9785217],[129.1629623,35.9784641],[129.1629645,35.9784085],[129.162969,35.9783602],[129.1629749,35.9783165],[129.162984,35.978273],[129.1629953,35.9782341],[129.1630125,35.9781876],[129.1630365,35.9781323],[129.1630553,35.9780873],[129.163072,35.978039],[129.1629776,35.9780274],[129.1629658,35.9780929],[129.1629396,35.9781414],[129.1629188,35.9782027],[129.1628864,35.9782886],[129.1628718,35.9783568],[129.1628628,35.9783996],[129.1628692,35.9785343],[129.1628722,35.9786526],[129.1628809,35.9787036],[129.1629029,35.9788552],[129.1628841,35.9789866],[129.1628544,35.9791337],[129.1628568,35.9791641],[129.1628679,35.9792965],[129.1629397,35.979634],[129.1629491,35.9796783],[129.1629746,35.9797483],[129.1629828,35.9798927],[129.1629706,35.9799374],[129.163089,35.9798756],[129.1630966,35.9798716]]]]}},{"type":"Feature","properties":{"UFID":"100035901017A00110100000004446472"},"geometry":{"type":"MultiPolygon","coordinates":[[[[129.1523296,35.970116],[129.1523449,35.9701459],[129.1523535,35.9701395],[129.1523846,35.9701341],[129.152443,35.9701238],[129.1524981,35.9701096],[129.1525518,35.9700943],[129.152594,35.9700756],[129.1526032,35.9700708],[129.1526119,35.9700544],[129.1526182,35.9700395],[129.1526294,35.9700223],[129.1526411,35.9700066],[129.1526554,35.9699932],[129.1526688,35.969982],[129.1526828,35.9699733],[129.1527004,35.9699672],[129.1527188,35.9699626],[129.1527389,35.9699554],[129.1527491,35.9699429],[129.1527649,35.9699047],[129.1527759,35.9698475],[129.1527784,35.9697586],[129.1527734,35.969695],[129.1527402,35.9696967],[129.1527451,35.9697591],[129.1527427,35.9698451],[129.1527325,35.9698983],[129.1527234,35.9699201],[129.1527082,35.9699283],[129.1526899,35.9699402],[129.1526633,35.9699572],[129.1526441,35.9699731],[129.1526237,35.9699912],[129.1526115,35.9700091],[129.1526017,35.9700266],[129.1525954,35.9700426],[129.152577,35.9700524],[129.1525382,35.9700695],[129.1524876,35.970084],[129.1524345,35.9700977],[129.1523776,35.9701076],[129.1523296,35.970116]]]]}},{"type":"Feature","properties":{"UFID":"100035901017A00110100000004446473"},"geometry":{"type":"MultiPolygon","coordinates":[[[[129.1655648,35.9694374],[129.1655053,35.9694097],[129.1655015,35.9694852],[129.1655362,35.9694942],[129.1655648,35.9694374]]]]}},{"type":"Feature","properties":{"UFID":"100035901017A00110100000004446474"},"geometry":{"type":"MultiPolygon","coordinates":[[[[129.1657632,35.9697428],[129.1657404,35.9697183],[129.1657019,35.9697344],[129.1657267,35.9697688],[129.1657632,35.9697428]]]]}},{"type":"Feature","properties":{"UFID":"100035901017A00110100000004446475"},"geometry":{"type":"MultiPolygon","coordinates":[[[[129.1655053,35.9694097],[129.1654936,35.9694033],[129.1654865,35.9693942],[129.1653356,35.9694024],[129.1653777,35.9694446],[129.1653884,35.9694526],[129.1654022,35.9694588],[129.1654938,35.9694816],[129.1655015,35.9694852],[129.1655053,35.9694097]]]]}},{"type":"Feature","properties":{"UFID":"100035901017A00110100000004446476"},"geometry":{"type":"MultiPolygon","coordinates":[[[[129.1657557,35.969672],[129.1657398,35.9696675],[129.1657269,35.9696623],[129.1657124,35.9696522],[129.1656962,35.9696384],[129.1656758,35.9696149],[129.1656546,35.9695865],[129.165637,35.9695618],[129.1656261,35.9695452],[129.1656022,35.9694875],[129.1655875,35.969458],[129.1655757,35.9694455],[129.1655648,35.9694374],[129.1655362,35.9694942],[129.1655422,35.9695082],[129.1655498,35.9695299],[129.1655599,35.9695504],[129.1655765,35.9695768],[129.1655941,35.9696017],[129.1656179,35.9696287],[129.1656391,35.9696495],[129.1656585,35.9696648],[129.1656777,35.9696767],[129.1656969,35.9696872],[129.1657156,35.9696965],[129.1657274,35.9697024],[129.1657297,35.9697045],[129.1657404,35.9697183],[129.1657557,35.969672]]]]}},{"type":"Feature","properties":{"UFID":"100035901017A00110100000004446477"},"geometry":{"type":"MultiPolygon","coordinates":[[[[129.1657923,35.9697236],[129.1657404,35.9697183],[129.1657632,35.9697428],[129.1657768,35.9697328],[129.1657923,35.9697236]]]]}},{"type":"Feature","properties":{"UFID":"100035901017A00110100000004446478"},"geometry":{"type":"MultiPolygon","coordinates":[[[[129.1657267,35.9697688],[129.1657019,35.9697344],[129.1656921,35.9697408],[129.1656736,35.9697558],[129.1656449,35.9697837],[129.1656955,35.9697967],[129.1657267,35.9697688]]]]}},{"type":"Feature","properties":{"UFID":"100035901017A00110100000004446479"},"geometry":{"type":"MultiPolygon","coordinates":[[[[129.165805,35.9696705],[129.1657909,35.9696729],[129.1657724,35.9696735],[129.1657557,35.969672],[129.1657404,35.9697183],[129.1657923,35.9697236],[129.165805,35.9696705]]]]}},{"type":"Feature","properties":{"UFID":"100035901017A00110100000004446480"},"geometry":{"type":"MultiPolygon","coordinates":[[[[129.1659945,35.9696764],[129.1659627,35.9696104],[129.1659602,35.9696136],[129.1658827,35.9696461],[129.1658261,35.9696645],[129.165805,35.9696705],[129.1657923,35.9697236],[129.1658198,35.9697099],[129.165849,35.9697005],[129.1658875,35.9696901],[129.1659188,35.9696821],[129.1659442,35.9696771],[129.1659718,35.9696759],[129.1659945,35.9696764]]]]}},{"type":"Feature","properties":{"UFID":"100035901017A00110100000004446481"},"geometry":{"type":"MultiPolygon","coordinates":[[[[129.1660094,35.969594],[129.166004,35.9695869],[129.1659938,35.9695726],[129.1659401,35.9694682],[129.1659248,35.9694297],[129.1659008,35.9693704],[129.1658961,35.96935],[129.1658452,35.9693475],[129.165849,35.9693802],[129.16586,35.9694071],[129.1659495,35.9695874],[129.1659605,35.9696048],[129.1659628,35.9696077],[129.1659627,35.9696104],[129.1660094,35.969594]]]]}},{"type":"Feature","properties":{"UFID":"100035901017A00110100000004446482"},"geometry":{"type":"MultiPolygon","coordinates":[[[[129.1527256,35.9604155],[129.1527295,35.9603548],[129.1527296,35.9603307],[129.1527293,35.9603168],[129.1527273,35.9602982],[129.1527269,35.960284],[129.1527288,35.9602541],[129.1527307,35.9602015],[129.1526909,35.9601969],[129.1526843,35.9602455],[129.1526949,35.9602512],[129.1526949,35.9602609],[129.1526948,35.9602741],[129.1526932,35.9602892],[129.1526891,35.960297],[129.1526417,35.9603561],[129.1526706,35.9603695],[129.1526851,35.9603669],[129.1526915,35.9603721],[129.1526903,35.9604119],[129.1526862,35.9604898],[129.1526778,35.9605722],[129.1526628,35.9606691],[129.1526458,35.9607785],[129.1526324,35.9608823],[129.1526215,35.9609566],[129.1526151,35.9609861],[129.1526153,35.9609897],[129.1526216,35.9610076],[129.1526323,35.961035],[129.1526393,35.9610434],[129.1526547,35.9610558],[129.1526728,35.961038],[129.152653,35.9610163],[129.1526529,35.961015],[129.1526797,35.9608322],[129.1526905,35.9607541],[129.152702,35.9606741],[129.1527146,35.9605962],[129.1527227,35.9605183],[129.1527232,35.9604993],[129.1527256,35.9604155]]]]}},{"type":"Feature","properties":{"UFID":"100035901017A00110100000004446483"},"geometry":{"type":"MultiPolygon","coordinates":[[[[129.1654865,35.9693942],[129.1654771,35.9693545],[129.1654709,35.9693012],[129.1654694,35.9692932],[129.1653318,35.9692928],[129.1653356,35.9694024],[129.1654865,35.9693942]]]]}},{"type":"Feature","properties":{"UFID":"100035901017A00110100000004446484"},"geometry":{"type":"MultiPolygon","coordinates":[[[[129.153887,35.9584681],[129.1538344,35.9584383],[129.1538336,35.9584568],[129.153826,35.9584836],[129.1537769,35.9585598],[129.1536904,35.9587034],[129.1536135,35.9588683],[129.1535449,35.9590258],[129.1534721,35.9591595],[129.1534345,35.9592352],[129.1534136,35.9593031],[129.1533945,35.9594126],[129.1533825,35.9595424],[129.1533691,35.9597021],[129.1533579,35.9597922],[129.1533382,35.9598338],[129.1532956,35.9599116],[129.1532385,35.9599971],[129.1531915,35.960047],[129.1531232,35.9601014],[129.1530368,35.9601472],[129.1530037,35.9601571],[129.1530241,35.9601897],[129.1531123,35.9601549],[129.1531834,35.9601167],[129.153237,35.9600611],[129.1533094,35.9599579],[129.1533924,35.9598257],[129.1534056,35.9597935],[129.1534106,35.9597734],[129.1534235,35.9596317],[129.1534393,35.9594415],[129.1534551,35.9593259],[129.1534841,35.95922],[129.1535376,35.959126],[129.153614,35.95898],[129.1536631,35.9588642],[129.1537637,35.9586575],[129.1538191,35.9585729],[129.153887,35.9584681]]]]}},{"type":"Feature","properties":{"UFID":"100035901017A00110100000004446485"},"geometry":{"type":"MultiPolygon","coordinates":[[[[129.1530241,35.9601897],[129.1530037,35.9601571],[129.1529385,35.9601768],[129.1528815,35.9602007],[129.152867,35.9602365],[129.1528596,35.9602884],[129.152845,35.9604037],[129.1528234,35.9605464],[129.1527869,35.9607527],[129.1527572,35.9609259],[129.1527508,35.9609658],[129.1527499,35.9610813],[129.1527374,35.9612092],[129.1527088,35.9613534],[129.1526774,35.9614789],[129.1526266,35.9616586],[129.1525859,35.9617767],[129.1525433,35.9619402],[129.1525015,35.9620924],[129.1524732,35.9622339],[129.152462,35.9623244],[129.1524464,35.962436],[129.1524262,35.9625404],[129.1523974,35.9626647],[129.1523837,35.9627331],[129.1524296,35.9627346],[129.152432,35.9627249],[129.1524485,35.9626564],[129.1524697,35.9625201],[129.1524978,35.9623676],[129.1525252,35.9621832],[129.1525844,35.9619305],[129.152639,35.961733],[129.1526985,35.9615349],[129.1527474,35.961344],[129.1527844,35.9611688],[129.1527962,35.9610876],[129.1527982,35.9609698],[129.1528075,35.9608839],[129.1528179,35.9608178],[129.1528421,35.9606373],[129.1528821,35.9604503],[129.1529062,35.9603104],[129.1529157,35.9602683],[129.1529216,35.9602492],[129.1529501,35.9602197],[129.1530186,35.9601919],[129.1530241,35.9601897]]]]}},{"type":"Feature","properties":{"UFID":"100035901017A00110100000004446486"},"geometry":{"type":"MultiPolygon","coordinates":[[[[129.164926,35.9686884],[129.1648161,35.9686915],[129.1647821,35.9687179],[129.164779,35.9687272],[129.1647774,35.9687359],[129.1647821,35.9687534],[129.1648221,35.9687876],[129.1649901,35.9688849],[129.1651558,35.9689903],[129.1651806,35.9690713],[129.1652016,35.9690884],[129.1652302,35.969074],[129.1653122,35.969166],[129.165279,35.9691853],[129.1653318,35.9692928],[129.1654694,35.9692932],[129.165461,35.9692499],[129.1654478,35.9692026],[129.1654255,35.9691265],[129.1654167,35.9691097],[129.1653813,35.9690626],[129.1653581,35.9690392],[129.1653009,35.9689853],[129.1652563,35.9689422],[129.1652153,35.9688774],[129.165215,35.9688744],[129.1651301,35.9688191],[129.1650282,35.9687559],[129.164926,35.9686884]]]]}},{"type":"Feature","properties":{"UFID":"100035901017A00110100000004446487"},"geometry":{"type":"MultiPolygon","coordinates":[[[[129.1571521,35.9532621],[129.1571382,35.9532059],[129.1571052,35.9532461],[129.1571181,35.9533007],[129.1571521,35.9532621]]]]}},{"type":"Feature","properties":{"UFID":"100035901017A00110100000004446488"},"geometry":{"type":"MultiPolygon","coordinates":[[[[129.1571382,35.9532059],[129.157136,35.9531788],[129.1571531,35.9531181],[129.1571775,35.9530505],[129.157192,35.9529943],[129.1572012,35.9529416],[129.1572036,35.9528687],[129.1571958,35.9527777],[129.157173,35.9526449],[129.1571372,35.9525294],[129.1570969,35.9524007],[129.1570894,35.9523585],[129.1570503,35.9523513],[129.157058,35.9523829],[129.1570771,35.9524567],[129.1571131,35.9525521],[129.1571412,35.9526433],[129.1571549,35.9527206],[129.1571655,35.9528261],[129.1571674,35.9529115],[129.1571586,35.9529861],[129.1571401,35.9530522],[129.1571135,35.9531206],[129.1570979,35.9531615],[129.1570894,35.9532221],[129.1571052,35.9532461],[129.1571382,35.9532059]]]]}},{"type":"Feature","properties":{"UFID":"100035901017A00110100000004446489"},"geometry":{"type":"MultiPolygon","coordinates":[[[[129.1571521,35.9532621],[129.1571181,35.9533007],[129.1570988,35.9533611],[129.1570826,35.953413],[129.1570363,35.9534721],[129.1569796,35.9535229],[129.1569265,35.9535801],[129.1568614,35.9536578],[129.1568283,35.9537273],[129.1568123,35.9537668],[129.1568015,35.9538322],[129.1567979,35.9539242],[129.1567948,35.9540267],[129.1567872,35.9541052],[129.1567561,35.9542092],[129.1567232,35.9542772],[129.156698,35.9543042],[129.1566709,35.9543288],[129.156663,35.9543317],[129.1566269,35.9543518],[129.1565591,35.9543785],[129.1564958,35.9544077],[129.156418,35.9544512],[129.1563453,35.9544867],[129.1562981,35.9545101],[129.1562881,35.9544945],[129.1562471,35.9544964],[129.156238,35.9545559],[129.1562337,35.9545637],[129.1562251,35.9545707],[129.1562142,35.9545761],[129.1561863,35.9545875],[129.1561804,35.9545879],[129.1561774,35.9545846],[129.1561589,35.9545993],[129.156205,35.9546514],[129.1562062,35.9546559],[129.1562098,35.9547065],[129.1562167,35.9548512],[129.1562187,35.9549077],[129.1562194,35.9549492],[129.1562272,35.9550911],[129.1562698,35.9550934],[129.1562624,35.9550551],[129.1562455,35.9548028],[129.156241,35.9546728],[129.1562467,35.9546351],[129.1562549,35.9546171],[129.1562911,35.9545819],[129.1563887,35.9545165],[129.1565053,35.9544562],[129.1566426,35.9543917],[129.1567408,35.9543227],[129.1567479,35.954312],[129.1567822,35.9542286],[129.1568002,35.9541796],[129.1568128,35.9541381],[129.1568252,35.9540764],[129.1568278,35.9539743],[129.1568299,35.9538551],[129.1568469,35.9537543],[129.1568758,35.9536864],[129.1569246,35.9536176],[129.1569843,35.9535627],[129.1570632,35.9534788],[129.1571211,35.9533972],[129.1571502,35.9533341],[129.1571562,35.9532915],[129.1571521,35.9532621]]]]}},{"type":"Feature","properties":{"UFID":"100035901017A00110100000004446490"},"geometry":{"type":"MultiPolygon","coordinates":[[[[129.1562709,35.9551397],[129.156228,35.9551263],[129.1562266,35.9551564],[129.1562156,35.9552064],[129.1562051,35.9552485],[129.1562028,35.9552591],[129.1561791,35.9553291],[129.1562215,35.955335],[129.156226,35.955297],[129.156232,35.9552705],[129.1562523,35.9551975],[129.1562607,35.9551683],[129.156266,35.9551441],[129.1562709,35.9551397]]]]}},{"type":"Feature","properties":{"UFID":"100035901017A00110100000004446491"},"geometry":{"type":"MultiPolygon","coordinates":[[[[129.1562698,35.9550934],[129.1562272,35.9550911],[129.1562281,35.9551089],[129.1562284,35.9551181],[129.156228,35.9551263],[129.1562709,35.9551397],[129.1562698,35.9550934]]]]}},{"type":"Feature","properties":{"UFID":"100035901017A00110100000004446492"},"geometry":{"type":"MultiPolygon","coordinates":[[[[129.1564917,35.9551409],[129.1564828,35.9551404],[129.1564503,35.9551336],[129.1563565,35.9551113],[129.1562698,35.9550934],[129.1562709,35.9551397],[129.1562949,35.9551372],[129.1563662,35.9551437],[129.1564774,35.9551672],[129.156492,35.955168],[129.1564917,35.9551409]]]]}},{"type":"Feature","properties":{"UFID":"100035901017A00110100000004446493"},"geometry":{"type":"MultiPolygon","coordinates":[[[[129.1565334,35.9551673],[129.1565123,35.9551421],[129.1564917,35.9551409],[129.156492,35.955168],[129.1565334,35.9551673]]]]}},{"type":"Feature","properties":{"UFID":"100035901017A00110100000004446494"},"geometry":{"type":"MultiPolygon","coordinates":[[[[129.1565334,35.9551673],[129.156492,35.955168],[129.156535,35.9552128],[129.1565586,35.9552434],[129.156593,35.9552368],[129.1565621,35.9551971],[129.1565334,35.9551673]]]]}},{"type":"Feature","properties":{"UFID":"100035901017A00110100000004446495"},"geometry":{"type":"MultiPolygon","coordinates":[[[[129.1562215,35.955335],[129.1561791,35.9553291],[129.1561753,35.9553406],[129.1561572,35.9553764],[129.1561888,35.9554018],[129.1562215,35.955335]]]]}},{"type":"Feature","properties":{"UFID":"100035901017A00110100000004446496"},"geometry":{"type":"MultiPolygon","coordinates":[[[[129.1566916,35.9551011],[129.1567322,35.9551139],[129.1567326,35.9550653],[129.156733,35.9550632],[129.1567348,35.9550012],[129.1567376,35.9549474],[129.1568061,35.9549375],[129.15686,35.9549321],[129.1568559,35.9549052],[129.1568011,35.9549107],[129.1567213,35.9549222],[129.1567051,35.954934],[129.1567016,35.9550002],[129.1566997,35.9550614],[129.1566982,35.9550733],[129.1566975,35.9550769],[129.1566916,35.9551011]]]]}},{"type":"Feature","properties":{"UFID":"100035901017A00110100000004446497"},"geometry":{"type":"MultiPolygon","coordinates":[[[[129.1567322,35.9551139],[129.1567274,35.9551493],[129.1567679,35.9551343],[129.1568092,35.9551255],[129.1568867,35.955104],[129.156948,35.9550825],[129.1569993,35.9550567],[129.1570274,35.9550297],[129.1570392,35.9550116],[129.157014,35.9549924],[129.1569997,35.9550144],[129.1569773,35.955036],[129.1569326,35.9550585],[129.1568747,35.9550788],[129.1567997,35.9550996],[129.1567322,35.9551139]]]]}},{"type":"Feature","properties":{"UFID":"100035901017A00110100000004446498"},"geometry":{"type":"MultiPolygon","coordinates":[[[[129.156666,35.9551477],[129.1566916,35.9551011],[129.1566555,35.95512],[129.1566261,35.9551254],[129.1565769,35.9551317],[129.1565459,35.9551373],[129.1565177,35.9551424],[129.1565123,35.9551421],[129.1565334,35.9551673],[129.1565531,35.9551637],[129.1565832,35.9551583],[129.156666,35.9551477]]]]}},{"type":"Feature","properties":{"UFID":"100035901017A00110100000004446499"},"geometry":{"type":"MultiPolygon","coordinates":[[[[129.1567322,35.9551139],[129.1566916,35.9551011],[129.156666,35.9551477],[129.1567274,35.9551493],[129.1567322,35.9551139]]]]}},{"type":"Feature","properties":{"UFID":"100035901017A00110100000004446500"},"geometry":{"type":"MultiPolygon","coordinates":[[[[129.1567274,35.9551493],[129.156666,35.9551477],[129.1567048,35.9551837],[129.1567117,35.9552009],[129.1567191,35.9552242],[129.1567405,35.9553067],[129.1567728,35.9553831],[129.1567858,35.9554156],[129.156813,35.955396],[129.1568044,35.9553746],[129.1567727,35.9552995],[129.1567516,35.9552179],[129.1567436,35.9551934],[129.1567267,35.955151],[129.1567274,35.9551493]]]]}},{"type":"Feature","properties":{"UFID":"100035901017A00110100000004446501"},"geometry":{"type":"MultiPolygon","coordinates":[[[[129.1570813,35.9523123],[129.157041,35.9523139],[129.1570503,35.9523513],[129.1570894,35.9523585],[129.1570813,35.9523123]]]]}},{"type":"Feature","properties":{"UFID":"100035901017A00110100000004446502"},"geometry":{"type":"MultiPolygon","coordinates":[[[[129.1586803,35.9520736],[129.1586597,35.9520495],[129.1586326,35.9520606],[129.1585954,35.9520783],[129.1585606,35.9520937],[129.1585203,35.9521118],[129.1584725,35.9521344],[129.158415,35.9521635],[129.1583659,35.9521833],[129.1583161,35.9522011],[129.1582662,35.952215],[129.158209,35.9522281],[129.1581622,35.9522373],[129.1581243,35.952244],[129.1581081,35.9522483],[129.158091,35.9522555],[129.1580715,35.9522716],[129.158052,35.9522973],[129.1580305,35.9523277],[129.1580088,35.952353],[129.1579886,35.9523709],[129.1579651,35.9523789],[129.1579315,35.9523799],[129.1578928,35.9523774],[129.1578525,35.9523691],[129.1578101,35.9523548],[129.157767,35.9523395],[129.1577248,35.9523235],[129.1577024,35.9523206],[129.1576729,35.952321],[129.1576518,35.9523246],[129.1576189,35.9523353],[129.1575967,35.9523473],[129.1575644,35.9523723],[129.1575494,35.9523883],[129.157528,35.9524021],[129.1575066,35.9524071],[129.1574315,35.952405],[129.1573945,35.9524037],[129.1573797,35.9523966],[129.1573349,35.9523869],[129.1572896,35.9523871],[129.1572438,35.9523869],[129.1572179,35.9523851],[129.1571916,35.9523795],[129.1571715,35.9523731],[129.1571454,35.9523585],[129.1570944,35.9523255],[129.1570813,35.9523123],[129.1570894,35.9523585],[129.15711,35.9523701],[129.1571255,35.9523801],[129.1571557,35.9523971],[129.1571813,35.9524053],[129.1572122,35.9524118],[129.1572423,35.952414],[129.1572897,35.9524142],[129.1573306,35.9524139],[129.1573666,35.9524217],[129.1573847,35.9524305],[129.1574302,35.952432],[129.1575108,35.9524342],[129.1575434,35.9524266],[129.1575732,35.9524074],[129.1575893,35.9523903],[129.1576175,35.9523686],[129.1576344,35.9523595],[129.1576615,35.9523506],[129.1576766,35.952348],[129.1577001,35.9523477],[129.157715,35.9523495],[129.1577533,35.9523641],[129.1577971,35.9523797],[129.1578419,35.9523949],[129.1578873,35.9524042],[129.1579308,35.952407],[129.1579724,35.9524058],[129.1580081,35.9523936],[129.1580348,35.9523699],[129.1580587,35.9523422],[129.1580806,35.9523111],[129.1580978,35.9522885],[129.1581111,35.9522774],[129.158121,35.9522733],[129.158133,35.9522701],[129.1581696,35.9522636],[129.1582174,35.9522542],[129.1582761,35.9522408],[129.1583281,35.9522263],[129.15838,35.9522078],[129.1584313,35.9521871],[129.1584896,35.9521575],[129.1585367,35.9521353],[129.1585765,35.9521174],[129.1586118,35.9521018],[129.1586475,35.9520849],[129.1586803,35.9520736]]]]}},{"type":"Feature","properties":{"UFID":"100035901017A00110100000004446503"},"geometry":{"type":"MultiPolygon","coordinates":[[[[129.1567704,35.9516099],[129.1567746,35.9516187],[129.1567884,35.9516487],[129.1567944,35.9516583],[129.1567924,35.9516417],[129.1567929,35.9516134],[129.1567964,35.9515844],[129.1568007,35.9515555],[129.1568085,35.9515325],[129.1568217,35.9515083],[129.1568373,35.9514902],[129.1568546,35.9514762],[129.1568717,35.9514633],[129.1568836,35.9514561],[129.156883,35.9514141],[129.1568666,35.9514179],[129.1568405,35.9514414],[129.1568203,35.9514605],[129.1568077,35.9514818],[129.1567946,35.9515058],[129.1567875,35.9515316],[129.1567784,35.9515595],[129.1567742,35.9515783],[129.1567704,35.9516099]]]]}},{"type":"Feature","properties":{"UFID":"100035901017A00110100000004446504"},"geometry":{"type":"MultiPolygon","coordinates":[[[[129.1567944,35.9516583],[129.1567884,35.9516487],[129.1567746,35.9516187],[129.1567704,35.9516099],[129.156739,35.9516189],[129.1567436,35.9516284],[129.1567579,35.9516596],[129.1567644,35.95167],[129.1567944,35.9516583]]]]}},{"type":"Feature","properties":{"UFID":"100035901017A00110100000004446505"},"geometry":{"type":"MultiPolygon","coordinates":[[[[129.1570813,35.9523123],[129.1570808,35.9523093],[129.1569967,35.9520416],[129.1569323,35.9518785],[129.1569106,35.9518337],[129.1569039,35.951821],[129.1568832,35.9517855],[129.156863,35.9517558],[129.1568372,35.9517227],[129.1568247,35.951707],[129.1567944,35.9516583],[129.1567644,35.95167],[129.1567958,35.9517205],[129.1568092,35.9517373],[129.1568344,35.9517695],[129.1568536,35.9517979],[129.1568736,35.951832],[129.15688,35.9518442],[129.1568985,35.9518838],[129.1569335,35.9519817],[129.1569791,35.9521001],[129.157027,35.9522568],[129.157041,35.9523139],[129.1570813,35.9523123]]]]}},{"type":"Feature","properties":{"UFID":"100035901017A00110100000004446506"},"geometry":{"type":"MultiPolygon","coordinates":[[[[129.1586597,35.9520495],[129.1586803,35.9520736],[129.1587307,35.9520595],[129.1588049,35.9520507],[129.1588701,35.9520394],[129.1589836,35.9520133],[129.1590729,35.9519869],[129.159179,35.951936],[129.1591398,35.9519251],[129.1590689,35.9519581],[129.1590086,35.9519795],[129.1589442,35.9519954],[129.1588771,35.9520088],[129.1588296,35.9520194],[129.15877,35.9520291],[129.1586719,35.9520444],[129.1586597,35.9520495]]]]}},{"type":"Feature","properties":{"UFID":"100035901017A00110100000004446507"},"geometry":{"type":"MultiPolygon","coordinates":[[[[129.1559828,35.9557255],[129.1559432,35.9556992],[129.1559362,35.9557079],[129.1559208,35.9557203],[129.1559153,35.9557239],[129.155914,35.9557247],[129.1558411,35.9557615],[129.1557926,35.9557931],[129.1557363,35.9558485],[129.155679,35.9559306],[129.1556409,35.9560041],[129.1556301,35.956017],[129.1556243,35.9560204],[129.1556817,35.95604],[129.1556796,35.9560232],[129.1556976,35.9559806],[129.15576,35.9558742],[129.1558144,35.9558191],[129.1558524,35.9557948],[129.1559083,35.9557604],[129.1559351,35.9557457],[129.1559376,35.955744],[129.1559828,35.9557255]]]]}},{"type":"Feature","properties":{"UFID":"100035901017A00110100000004446508"},"geometry":{"type":"MultiPolygon","coordinates":[[[[129.1556624,35.9560762],[129.1556817,35.95604],[129.1556243,35.9560204],[129.1556268,35.956085],[129.1556531,35.9560767],[129.1556624,35.9560762]]]]}},{"type":"Feature","properties":{"UFID":"100035901017A00110100000004446509"},"geometry":{"type":"MultiPolygon","coordinates":[[[[129.1559991,35.9556941],[129.1559606,35.9556776],[129.1559432,35.9556992],[129.1559828,35.9557255],[129.1559991,35.9556941]]]]}},{"type":"Feature","properties":{"UFID":"100035901017A00110100000004446510"},"geometry":{"type":"MultiPolygon","coordinates":[[[[129.1561888,35.9554018],[129.1561572,35.9553764],[129.1561361,35.9554182],[129.1560961,35.9554897],[129.1560588,35.9555507],[129.1559961,35.9556331],[129.1559606,35.9556776],[129.1559991,35.9556941],[129.1559988,35.9556894],[129.1560548,35.9556197],[129.1561269,35.9555044],[129.156182,35.9554098],[129.1561888,35.9554018]]]]}},{"type":"Feature","properties":{"UFID":"100035901017A00110100000004446511"},"geometry":{"type":"MultiPolygon","coordinates":[[[[129.1562843,35.9555134],[129.1562374,35.9554969],[129.1562335,35.9555203],[129.1562291,35.9555316],[129.1562595,35.955543],[129.1562843,35.9555134]]]]}},{"type":"Feature","properties":{"UFID":"100035901017A00110100000004446512"},"geometry":{"type":"MultiPolygon","coordinates":[[[[129.1562215,35.955335],[129.1561888,35.9554018],[129.1562081,35.9554027],[129.1562226,35.9554266],[129.1562374,35.9554969],[129.1562843,35.9555134],[129.1562763,35.9554909],[129.1562708,35.9554429],[129.1562561,35.9553978],[129.1562465,35.9553595],[129.1562215,35.955335]]]]}},{"type":"Feature","properties":{"UFID":"100035901017A00110100000004446513"},"geometry":{"type":"MultiPolygon","coordinates":[[[[129.156475,35.9555559],[129.1565191,35.9555695],[129.156526,35.9554927],[129.1564932,35.9554731],[129.156475,35.9555559]]]]}},{"type":"Feature","properties":{"UFID":"100035901017A00110100000004446514"},"geometry":{"type":"MultiPolygon","coordinates":[[[[129.1562595,35.955543],[129.1562291,35.9555316],[129.1562188,35.9555575],[129.1562071,35.9555823],[129.1561874,35.9556176],[129.1561526,35.9556593],[129.1561241,35.9556899],[129.1561094,35.9557056],[129.1560821,35.9557338],[129.1560947,35.9557595],[129.1561005,35.9557583],[129.1561357,35.9557221],[129.1561506,35.9557063],[129.1561797,35.9556751],[129.1562164,35.9556308],[129.1562377,35.9555928],[129.1562502,35.9555665],[129.1562595,35.955543]]]]}},{"type":"Feature","properties":{"UFID":"100035901017A00110100000004446515"},"geometry":{"type":"MultiPolygon","coordinates":[[[[129.1560821,35.9557338],[129.1560796,35.9557338],[129.156071,35.9557295],[129.1560304,35.9557482],[129.1560947,35.9557595],[129.1560821,35.9557338]]]]}},{"type":"Feature","properties":{"UFID":"100035901017A00110100000004446516"},"geometry":{"type":"MultiPolygon","coordinates":[[[[129.156071,35.9557295],[129.1559991,35.9556941],[129.1559828,35.9557255],[129.1560304,35.9557482],[129.156071,35.9557295]]]]}},{"type":"Feature","properties":{"UFID":"100035901017A00110100000004446517"},"geometry":{"type":"MultiPolygon","coordinates":[[[[129.1556268,35.956085],[129.1556243,35.9560204],[129.1556013,35.956023],[129.1555085,35.9559949],[129.155467,35.9560821],[129.1553586,35.9563707],[129.1552982,35.9565503],[129.1552852,35.9565792],[129.1552351,35.9566363],[129.1551209,35.9567777],[129.1550283,35.9569021],[129.1549701,35.9569711],[129.1550198,35.9569817],[129.1550274,35.9569696],[129.1550985,35.9568663],[129.1551872,35.9567565],[129.1552658,35.9566639],[129.1553185,35.9566041],[129.1553539,35.9565355],[129.1554072,35.9563764],[129.1554195,35.9563331],[129.1554674,35.9562009],[129.1554912,35.9561499],[129.1555005,35.9561397],[129.1555471,35.9561105],[129.1556268,35.956085]]]]}},{"type":"Feature","properties":{"UFID":"100035901017A00110100000004446518"},"geometry":{"type":"MultiPolygon","coordinates":[[[[129.156475,35.9555559],[129.1564444,35.9555543],[129.1563916,35.9555452],[129.1563468,35.9555367],[129.1563174,35.9555274],[129.1562843,35.9555134],[129.1562595,35.955543],[129.1563225,35.955558],[129.156337,35.9555625],[129.156363,35.9555675],[129.1564722,35.9555932],[129.156475,35.9555559]]]]}},{"type":"Feature","properties":{"UFID":"100035901017A00110100000004446519"},"geometry":{"type":"MultiPolygon","coordinates":[[[[129.1565191,35.9555695],[129.156475,35.9555559],[129.1564722,35.9555932],[129.1565169,35.9555958],[129.1565191,35.9555695]]]]}},{"type":"Feature","properties":{"UFID":"100035901017A00110100000004446520"},"geometry":{"type":"MultiPolygon","coordinates":[[[[129.1565169,35.9555958],[129.1564722,35.9555932],[129.1564687,35.9556716],[129.15651,35.9556723],[129.1565169,35.9555958]]]]}},{"type":"Feature","properties":{"UFID":"100035901017A00110100000004446521"},"geometry":{"type":"MultiPolygon","coordinates":[[[[129.1556817,35.95604],[129.1556624,35.9560762],[129.155677,35.9560756],[129.1556894,35.9560766],[129.1557117,35.9560824],[129.1557277,35.9561053],[129.1557365,35.9561242],[129.1557567,35.9561694],[129.1557745,35.9561944],[129.155779,35.9562001],[129.155811,35.9562248],[129.1558423,35.9562443],[129.1559406,35.9562843],[129.1559741,35.9563053],[129.1559742,35.9563054],[129.1559715,35.9563166],[129.1560041,35.9563219],[129.1560084,35.9563042],[129.1560062,35.9562943],[129.1559972,35.9562856],[129.1559584,35.9562613],[129.15586,35.9562213],[129.1558326,35.9562042],[129.1558048,35.9561827],[129.155803,35.9561803],[129.155787,35.9561579],[129.1557701,35.9561201],[129.1557556,35.9560806],[129.1557266,35.9560482],[129.1557046,35.9560467],[129.1556905,35.9560441],[129.1556817,35.95604]]]]}},{"type":"Feature","properties":{"UFID":"100035901017A00110100000004446522"},"geometry":{"type":"MultiPolygon","coordinates":[[[[129.1556671,35.9572649],[129.1556813,35.9573049],[129.155685,35.9573028],[129.1556876,35.9573028],[129.1557016,35.9573159],[129.1557167,35.9573232],[129.155752,35.9573345],[129.1557923,35.9573444],[129.155826,35.9573568],[129.1558435,35.9573602],[129.1558537,35.9573614],[129.1558723,35.9573628],[129.1558812,35.9573627],[129.1559079,35.9573606],[129.155947,35.957355],[129.1559905,35.9573499],[129.1560258,35.9573461],[129.1560565,35.9573462],[129.1560826,35.9573527],[129.1561144,35.9573646],[129.1561523,35.9573805],[129.1561872,35.9573937],[129.1562106,35.9574038],[129.1562309,35.9574081],[129.156265,35.9574095],[129.1562989,35.9574046],[129.1563405,35.9573957],[129.156387,35.9573821],[129.1564232,35.9573743],[129.156454,35.9573703],[129.1564845,35.9573677],[129.1564632,35.9573495],[129.1564239,35.9573577],[129.1563784,35.957368],[129.1563111,35.9573777],[129.1562851,35.9573819],[129.1562603,35.9573835],[129.1562309,35.9573829],[129.1561984,35.9573756],[129.1561632,35.95736],[129.156133,35.9573457],[129.1560833,35.957333],[129.1560515,35.9573283],[129.1560175,35.9573298],[129.1559833,35.9573325],[129.1559371,35.9573374],[129.1559117,35.9573414],[129.1558911,35.9573416],[129.1558644,35.9573402],[129.1558353,35.957337],[129.155792,35.9573293],[129.1557542,35.957319],[129.1557052,35.9572922],[129.1556991,35.9572877],[129.1556671,35.9572649]]]]}},{"type":"Feature","properties":{"UFID":"100035901017A00110100000004446523"},"geometry":{"type":"MultiPolygon","coordinates":[[[[129.1556671,35.9572649],[129.1556658,35.9572613],[129.1556416,35.9571879],[129.1555956,35.9571198],[129.1555532,35.9570881],[129.1555287,35.9570794],[129.1554433,35.9570514],[129.155317,35.957004],[129.155254,35.9569874],[129.1551239,35.9569935],[129.1550296,35.9569989],[129.1550198,35.9569817],[129.1549925,35.9570352],[129.1550188,35.9570266],[129.1551261,35.9570204],[129.1552497,35.9570147],[129.1553049,35.9570292],[129.1554301,35.9570763],[129.1555159,35.9571044],[129.1555347,35.9571111],[129.155569,35.9571367],[129.1556105,35.9571981],[129.1556338,35.9572684],[129.1556355,35.9572732],[129.1556671,35.9572649]]]]}},{"type":"Feature","properties":{"UFID":"100035901017A00110100000004446524"},"geometry":{"type":"MultiPolygon","coordinates":[[[[129.1560947,35.9557595],[129.1560304,35.9557482],[129.1560449,35.9557749],[129.1560578,35.9558222],[129.1560754,35.955843],[129.1560803,35.9558477],[129.1560873,35.9558541],[129.1562419,35.9559616],[129.1562631,35.9559852],[129.156302,35.956063],[129.1563387,35.956125],[129.156365,35.9561943],[129.1563875,35.9562106],[129.1564527,35.9562314],[129.1565137,35.9562427],[129.1565259,35.9562603],[129.1565316,35.9562618],[129.1565513,35.9562719],[129.1565866,35.9562123],[129.1565979,35.9561907],[129.1566085,35.9561753],[129.1566227,35.9561582],[129.156641,35.9561424],[129.156664,35.9561218],[129.1566772,35.9561006],[129.1566838,35.9560794],[129.1566869,35.9560548],[129.1566888,35.9560259],[129.1566901,35.9560025],[129.1566927,35.9559798],[129.1566936,35.9559597],[129.156696,35.9559346],[129.1566996,35.955913],[129.1567047,35.9558927],[129.1567132,35.9558708],[129.1567215,35.9558488],[129.1567289,35.9558309],[129.156738,35.9558078],[129.15675,35.955774],[129.1567527,35.9557671],[129.1567767,35.9557725],[129.1568241,35.9556449],[129.1568261,35.955645],[129.1569638,35.9556625],[129.1569671,35.9556207],[129.15685,35.9556046],[129.1568001,35.9555994],[129.1567514,35.9555819],[129.1567226,35.9556629],[129.1566993,35.955728],[129.1566762,35.9558015],[129.1566566,35.9558542],[129.1566522,35.9558697],[129.1566489,35.955897],[129.1566439,35.9559293],[129.1566394,35.9559628],[129.1566353,35.9559986],[129.1566332,35.9560387],[129.1566285,35.9560703],[129.156617,35.9560939],[129.1566029,35.9561137],[129.1565855,35.9561364],[129.1565643,35.9561608],[129.1565481,35.9561801],[129.1565374,35.956197],[129.1565212,35.9562164],[129.1564625,35.9562055],[129.1564052,35.9561873],[129.1563941,35.9561792],[129.1563698,35.9561151],[129.1563324,35.9560521],[129.1562924,35.9559719],[129.1562665,35.9559431],[129.1561132,35.9558366],[129.1560946,35.9558106],[129.1560893,35.9558021],[129.1560892,35.9557647],[129.1560947,35.9557595]]]]}},{"type":"Feature","properties":{"UFID":"100035901017A00110100000004446525"},"geometry":{"type":"MultiPolygon","coordinates":[[[[129.1556813,35.9573049],[129.1556671,35.9572649],[129.1556355,35.9572732],[129.1556488,35.957311],[129.1556813,35.9573049]]]]}},{"type":"Feature","properties":{"UFID":"100035901017A00110100000004446526"},"geometry":{"type":"MultiPolygon","coordinates":[[[[129.1556813,35.9573049],[129.1556488,35.957311],[129.1556612,35.9573462],[129.1556933,35.9573388],[129.1556813,35.9573049]]]]}},{"type":"Feature","properties":{"UFID":"100035901017A00110100000004446527"},"geometry":{"type":"MultiPolygon","coordinates":[[[[129.1515356,35.9710545],[129.1515199,35.9710242],[129.1515136,35.9710273],[129.1514123,35.9710419],[129.151364,35.9710437],[129.1513391,35.971033],[129.1512985,35.9710226],[129.1512482,35.9710273],[129.1512316,35.9710271],[129.151131,35.9710224],[129.1510659,35.9710191],[129.1510633,35.9710464],[129.1511335,35.9710469],[129.151252,35.9710649],[129.1513948,35.9710757],[129.1514518,35.9710714],[129.1515221,35.9710596],[129.1515356,35.9710545]]]]}},{"type":"Feature","properties":{"UFID":"100035901017A00110100000004446528"},"geometry":{"type":"MultiPolygon","coordinates":[[[[129.1515788,35.9710384],[129.1515605,35.9710072],[129.1515199,35.9710242],[129.1515356,35.9710545],[129.1515788,35.9710384]]]]}},{"type":"Feature","properties":{"UFID":"100035901017A00110100000004446529"},"geometry":{"type":"MultiPolygon","coordinates":[[[[129.1518204,35.9709543],[129.1517982,35.9709339],[129.1517874,35.9709404],[129.1517206,35.9709611],[129.1517141,35.9709626],[129.1515605,35.9710072],[129.1515788,35.9710384],[129.1516551,35.9710098],[129.1517245,35.9709883],[129.1517313,35.9709866],[129.1518035,35.9709644],[129.1518204,35.9709543]]]]}},{"type":"Feature","properties":{"UFID":"100035901017A00110100000004446530"},"geometry":{"type":"MultiPolygon","coordinates":[[[[129.1515605,35.9710072],[129.1515361,35.9709348],[129.151507,35.9708489],[129.1514948,35.9707996],[129.1514991,35.9707834],[129.1515216,35.9707657],[129.1515256,35.9707628],[129.1515454,35.9707501],[129.1515483,35.9707495],[129.151527,35.9707067],[129.1515261,35.9707128],[129.1515149,35.9707352],[129.1515039,35.9707422],[129.1514987,35.9707461],[129.1514688,35.9707697],[129.1514608,35.9707994],[129.1514746,35.9708551],[129.151504,35.970942],[129.1515212,35.9710022],[129.1515199,35.9710242],[129.1515605,35.9710072]]]]}},{"type":"Feature","properties":{"UFID":"100035901017A00110100000004446531"},"geometry":{"type":"MultiPolygon","coordinates":[[[[129.1518444,35.9709399],[129.151825,35.9709179],[129.1517982,35.9709339],[129.1518204,35.9709543],[129.1518444,35.9709399]]]]}},{"type":"Feature","properties":{"UFID":"100035901017A00110100000004446532"},"geometry":{"type":"MultiPolygon","coordinates":[[[[129.1515747,35.9707278],[129.1515665,35.9707191],[129.1515621,35.9707092],[129.1515607,35.9707049],[129.151527,35.9707067],[129.1515483,35.9707495],[129.1515747,35.9707278]]]]}},{"type":"Feature","properties":{"UFID":"100035901017A00110100000004446533"},"geometry":{"type":"MultiPolygon","coordinates":[[[[129.1519577,35.969756],[129.1519528,35.9697323],[129.15192,35.9697369],[129.1519254,35.9697636],[129.1519577,35.969756]]]]}},{"type":"Feature","properties":{"UFID":"100035901017A00110100000004446534"},"geometry":{"type":"MultiPolygon","coordinates":[[[[129.1515607,35.9707049],[129.1515571,35.9706935],[129.1515333,35.9706299],[129.1515024,35.9705512],[129.1514844,35.9704993],[129.1514589,35.9704453],[129.1514391,35.9703944],[129.1514245,35.9703445],[129.1514084,35.9702759],[129.151386,35.9702081],[129.1513664,35.9701581],[129.1513293,35.9700715],[129.151299,35.9699841],[129.1512908,35.9699279],[129.1512944,35.9698967],[129.151301,35.9698653],[129.1513109,35.9698401],[129.1513221,35.9698228],[129.1513301,35.9698156],[129.1513634,35.9698134],[129.1514101,35.9698166],[129.1514473,35.9698186],[129.1515978,35.9698039],[129.1519254,35.9697636],[129.15192,35.9697369],[129.1515933,35.9697771],[129.1514463,35.9697914],[129.1514125,35.9697896],[129.1513635,35.9697863],[129.1513142,35.9697894],[129.1512946,35.9698072],[129.1512801,35.9698296],[129.1512686,35.9698589],[129.1512614,35.9698931],[129.1512575,35.9699283],[129.1512663,35.9699895],[129.1512975,35.9700797],[129.1513348,35.9701666],[129.1513541,35.9702158],[129.151376,35.970282],[129.1513921,35.9703501],[129.1514069,35.9704016],[129.1514275,35.9704543],[129.1514528,35.9705078],[129.1514705,35.970559],[129.1515015,35.970638],[129.1515251,35.9707009],[129.151527,35.9707067],[129.1515607,35.9707049]]]]}},{"type":"Feature","properties":{"UFID":"100035901017A00110100000004446535"},"geometry":{"type":"MultiPolygon","coordinates":[[[[129.1508298,35.9678138],[129.1508246,35.9678057],[129.1508254,35.9677931],[129.1508295,35.96777],[129.1507871,35.9677778],[129.1507776,35.9678177],[129.1508298,35.9678138]]]]}},{"type":"Feature","properties":{"UFID":"100035901017A00110100000004446536"},"geometry":{"type":"MultiPolygon","coordinates":[[[[129.1515747,35.9707278],[129.1515483,35.9707495],[129.1515639,35.9707612],[129.1515821,35.9707894],[129.1515981,35.9707835],[129.1515909,35.9707675],[129.1516028,35.9707633],[129.1515906,35.9707445],[129.1515747,35.9707278]]]]}},{"type":"Feature","properties":{"UFID":"100035901017A00110100000004446537"},"geometry":{"type":"MultiPolygon","coordinates":[[[[129.151825,35.9709179],[129.1517866,35.9708787],[129.1517604,35.9708952],[129.1517982,35.9709339],[129.151825,35.9709179]]]]}},{"type":"Feature","properties":{"UFID":"100035901017A00110100000004446538"},"geometry":{"type":"MultiPolygon","coordinates":[[[[129.1519528,35.9697323],[129.1519383,35.9696629],[129.1518749,35.9694478],[129.1518505,35.9693015],[129.1518061,35.969096],[129.1517815,35.9689691],[129.1517803,35.9689656],[129.1517715,35.9689444],[129.151767,35.9689339],[129.151759,35.9689205],[129.151747,35.9689088],[129.151733,35.9688969],[129.1517184,35.9688866],[129.1517045,35.9688807],[129.151692,35.9688779],[129.1516449,35.968874],[129.1516135,35.9688683],[129.1515777,35.9688589],[129.1515481,35.9688411],[129.1515217,35.9688213],[129.1514837,35.9687874],[129.1514416,35.9687432],[129.151407,35.9687088],[129.1513656,35.9686775],[129.1513317,35.9686517],[129.1513162,35.9686343],[129.1513013,35.9686111],[129.1512895,35.9685765],[129.1512696,35.9685148],[129.1512472,35.9684507],[129.1512187,35.9683876],[129.1512063,35.9683639],[129.1511866,35.9683405],[129.1511614,35.9683186],[129.1511304,35.9683004],[129.1510959,35.9682794],[129.1510604,35.9682565],[129.1510256,35.968232],[129.1510061,35.9682027],[129.150986,35.9681696],[129.1509677,35.9681326],[129.1509512,35.968093],[129.1509371,35.968056],[129.1509324,35.9680431],[129.150924,35.96802],[129.1509134,35.9679804],[129.1509028,35.9679368],[129.1508946,35.9679039],[129.1508796,35.967878],[129.1508757,35.9678687],[129.1508366,35.9678243],[129.1508298,35.9678138],[129.1507776,35.9678177],[129.1507897,35.9678227],[129.1507924,35.9678277],[129.1507951,35.9678623],[129.1508068,35.9678855],[129.1508264,35.9678845],[129.1508302,35.9678842],[129.1508502,35.9678907],[129.1508628,35.9679124],[129.1508783,35.9679749],[129.1508872,35.9680152],[129.1508891,35.9680193],[129.1509081,35.9680601],[129.1509305,35.9681211],[129.1509529,35.9681679],[129.1509758,35.9682163],[129.1509901,35.9682348],[129.1510081,35.9682522],[129.1510292,35.9682697],[129.1510513,35.9682859],[129.1511013,35.9683139],[129.15113,35.968328],[129.1511511,35.9683438],[129.1511689,35.9683629],[129.1511844,35.9683829],[129.1511978,35.9684077],[129.1512133,35.968454],[129.1512341,35.968512],[129.1512578,35.9685792],[129.151282,35.9686318],[129.1512988,35.9686549],[129.1513165,35.968673],[129.1513359,35.9686904],[129.1513554,35.9687019],[129.1513704,35.9687129],[129.1513839,35.9687235],[129.1514205,35.9687637],[129.1515078,35.9688443],[129.1515448,35.9688753],[129.1515554,35.9688832],[129.1515733,35.9688898],[129.1515931,35.9688944],[129.1516096,35.9688939],[129.1516329,35.9688951],[129.1516605,35.9688968],[129.1516795,35.9688994],[129.151694,35.9689039],[129.1517077,35.9689111],[129.1517185,35.9689209],[129.1517275,35.968934],[129.1517401,35.9689495],[129.1517489,35.9689749],[129.1517733,35.9691005],[129.1518176,35.9693056],[129.1518423,35.9694527],[129.1519057,35.9696684],[129.15192,35.9697369],[129.1519528,35.9697323]]]]}},{"type":"Feature","properties":{"UFID":"100035901017A00110100000004446539"},"geometry":{"type":"MultiPolygon","coordinates":[[[[129.1519608,35.967963],[129.1519491,35.9679302],[129.1519082,35.9678337],[129.151871,35.9678444],[129.1518975,35.9679043],[129.1519227,35.967979],[129.1519608,35.967963]]]]}},{"type":"Feature","properties":{"UFID":"100035901017A00110100000004446540"},"geometry":{"type":"MultiPolygon","coordinates":[[[[129.1519082,35.9678337],[129.15188,35.9677672],[129.1518447,35.9676795],[129.151791,35.967566],[129.1517414,35.9675783],[129.1517514,35.9676428],[129.15176,35.967668],[129.1517654,35.967668],[129.1517733,35.9676683],[129.151784,35.9676718],[129.1517942,35.9676811],[129.1518039,35.9676953],[129.151815,35.9677147],[129.1518279,35.9677468],[129.151871,35.9678444],[129.1519082,35.9678337]]]]}},{"type":"Feature","properties":{"UFID":"100035901017A00110100000004446541"},"geometry":{"type":"MultiPolygon","coordinates":[[[[129.1523449,35.9701459],[129.1523296,35.970116],[129.1523205,35.9701176],[129.1523137,35.9701184],[129.1522598,35.9701215],[129.1522789,35.9701645],[129.1523449,35.9701459]]]]}},{"type":"Feature","properties":{"UFID":"100035901017A00110100000004446542"},"geometry":{"type":"MultiPolygon","coordinates":[[[[129.1523449,35.9701459],[129.1522789,35.9701645],[129.1522851,35.9701665],[129.152298,35.9701722],[129.1523174,35.9701848],[129.1523499,35.9702457],[129.1523962,35.9703199],[129.1524622,35.9704059],[129.1525147,35.9704864],[129.1525401,35.970523],[129.152551,35.9705341],[129.1525756,35.9705057],[129.152562,35.9704995],[129.1525588,35.9704966],[129.152543,35.970469],[129.152497,35.9704136],[129.1524119,35.9702916],[129.1523617,35.9701936],[129.1523449,35.9701459]]]]}},{"type":"Feature","properties":{"UFID":"100035901017A00110100000004446543"},"geometry":{"type":"MultiPolygon","coordinates":[[[[129.1522598,35.9701215],[129.1521854,35.9701377],[129.1522359,35.9701643],[129.1522657,35.9701632],[129.1522789,35.9701645],[129.1522598,35.9701215]]]]}},{"type":"Feature","properties":{"UFID":"100035901017A00110100000004446544"},"geometry":{"type":"MultiPolygon","coordinates":[[[[129.1522359,35.9701643],[129.1521854,35.9701377],[129.1521851,35.9701381],[129.1521061,35.9702359],[129.152105,35.9702361],[129.1521249,35.9703085],[129.1522103,35.9701991],[129.1522359,35.9701643]]]]}},{"type":"Feature","properties":{"UFID":"100035901017A00110100000004446545"},"geometry":{"type":"MultiPolygon","coordinates":[[[[129.1522871,35.9690747],[129.1522319,35.9690707],[129.1522283,35.9690953],[129.1522251,35.9691168],[129.1522704,35.9691337],[129.1522871,35.9690747]]]]}},{"type":"Feature","properties":{"UFID":"100035901017A00110100000004446546"},"geometry":{"type":"MultiPolygon","coordinates":[[[[129.1522871,35.9690747],[129.1522704,35.9691337],[129.1522827,35.9691289],[129.1523026,35.9691284],[129.1523296,35.9691334],[129.1523612,35.9691447],[129.1523948,35.9691505],[129.1524384,35.9691541],[129.1525454,35.9691066],[129.1526082,35.96907],[129.152623,35.9690231],[129.1525455,35.9690568],[129.1524796,35.9690932],[129.1524036,35.9691065],[129.1523348,35.9690971],[129.1522871,35.9690747]]]]}},{"type":"Feature","properties":{"UFID":"100035901017A00110100000004446547"},"geometry":{"type":"MultiPolygon","coordinates":[[[[129.1522429,35.970835],[129.1522332,35.9707852],[129.1521905,35.970788],[129.1521944,35.9708501],[129.1522429,35.970835]]]]}},{"type":"Feature","properties":{"UFID":"100035901017A00110100000004446548"},"geometry":{"type":"MultiPolygon","coordinates":[[[[129.1521944,35.9708501],[129.1521905,35.970788],[129.1521563,35.9707972],[129.1520839,35.9708181],[129.1519889,35.9708446],[129.1518806,35.9708845],[129.151825,35.9709179],[129.1518444,35.9709399],[129.1518975,35.970908],[129.1520012,35.9708698],[129.1520954,35.9708435],[129.152118,35.9708375],[129.1521944,35.9708501]]]]}},{"type":"Feature","properties":{"UFID":"100035901017A00110100000004446549"},"geometry":{"type":"MultiPolygon","coordinates":[[[[129.152105,35.9702361],[129.152103,35.9702365],[129.1521012,35.9702353],[129.1520986,35.9702296],[129.152081,35.9701665],[129.1520572,35.970094],[129.1520403,35.9700452],[129.152008,35.9699708],[129.1520038,35.969956],[129.1519842,35.9698751],[129.1519577,35.969756],[129.1519254,35.9697636],[129.1519495,35.9698794],[129.1520086,35.9700638],[129.1520432,35.9701424],[129.1520535,35.9701836],[129.1520686,35.9702512],[129.152105,35.9702361]]]]}},{"type":"Feature","properties":{"UFID":"100035901017A00110100000004446550"},"geometry":{"type":"MultiPolygon","coordinates":[[[[129.1521518,35.9704431],[129.1521244,35.9703497],[129.1521249,35.9703085],[129.1520817,35.97031],[129.1520918,35.9703553],[129.1521195,35.9704495],[129.1521518,35.9704431]]]]}},{"type":"Feature","properties":{"UFID":"100035901017A00110100000004446551"},"geometry":{"type":"MultiPolygon","coordinates":[[[[129.1522332,35.9707852],[129.152197,35.970618],[129.1521663,35.9704918],[129.1521627,35.9704805],[129.1521518,35.9704431],[129.1521195,35.9704495],[129.1521305,35.9704869],[129.1521338,35.9704977],[129.1521643,35.970623],[129.1521905,35.9707444],[129.1521905,35.970788],[129.1522332,35.9707852]]]]}},{"type":"Feature","properties":{"UFID":"100035901017A00110100000004446552"},"geometry":{"type":"MultiPolygon","coordinates":[[[[129.1521249,35.9703085],[129.152105,35.9702361],[129.1520686,35.9702512],[129.1520817,35.97031],[129.1521249,35.9703085]]]]}},{"type":"Feature","properties":{"UFID":"100035901017A00110100000004446553"},"geometry":{"type":"MultiPolygon","coordinates":[[[[129.1528316,35.9721569],[129.1527692,35.972058],[129.1526647,35.971889],[129.1525872,35.9717709],[129.1525298,35.9716553],[129.1524871,35.9715323],[129.1524502,35.9714036],[129.152436,35.9713263],[129.1524208,35.9712833],[129.1524084,35.9712524],[129.1523589,35.9711695],[129.1523115,35.9710953],[129.1522804,35.9710115],[129.1522593,35.9709179],[129.1522429,35.970835],[129.1521944,35.9708501],[129.1522187,35.9708835],[129.1522265,35.9709226],[129.152248,35.9710179],[129.1522805,35.9711055],[129.1523291,35.9711816],[129.1523774,35.9712625],[129.152389,35.9712912],[129.1524035,35.9713321],[129.1524175,35.9714086],[129.1524549,35.971539],[129.1524982,35.971664],[129.1525571,35.9717824],[129.1526352,35.9719015],[129.1527071,35.9720191],[129.1527276,35.9720555],[129.1527861,35.9721608],[129.1527869,35.9721657],[129.1527869,35.9721693],[129.1528316,35.9721569]]]]}},{"type":"Feature","properties":{"UFID":"100035901017A00110100000004446554"},"geometry":{"type":"MultiPolygon","coordinates":[[[[129.1519608,35.967963],[129.1519227,35.967979],[129.1519315,35.9680051],[129.1519781,35.9680115],[129.1519608,35.967963]]]]}},{"type":"Feature","properties":{"UFID":"100035901017A00110100000004446555"},"geometry":{"type":"MultiPolygon","coordinates":[[[[129.1519608,35.967963],[129.1519781,35.9680115],[129.1519997,35.9679896],[129.152014,35.9679834],[129.152066,35.9679677],[129.1521308,35.9679488],[129.1521713,35.9679343],[129.1522197,35.9679143],[129.1522914,35.9678801],[129.1522977,35.9678787],[129.1523219,35.9678795],[129.1523457,35.9678829],[129.1523733,35.9678882],[129.152392,35.9678954],[129.1524118,35.9679048],[129.1524285,35.9679151],[129.1524451,35.9679295],[129.1524597,35.9679447],[129.1524756,35.9679681],[129.1525037,35.9680077],[129.1525255,35.9679922],[129.1524997,35.9679583],[129.152478,35.9679289],[129.1524559,35.9679077],[129.1524315,35.9678886],[129.1524055,35.967876],[129.1523817,35.9678672],[129.152353,35.9678599],[129.1523304,35.9678566],[129.1523138,35.9678551],[129.1523055,35.9678557],[129.1522974,35.9678568],[129.15229,35.9678576],[129.1522745,35.9678639],[129.1522392,35.967879],[129.1521998,35.9678966],[129.1521547,35.9679172],[129.1521085,35.9679333],[129.1520568,35.9679437],[129.1520081,35.9679539],[129.1519608,35.967963]]]]}},{"type":"Feature","properties":{"UFID":"100035901017A00110100000004446556"},"geometry":{"type":"MultiPolygon","coordinates":[[[[129.1521879,35.9696413],[129.1521745,35.9696893],[129.1522156,35.9696633],[129.152263,35.9696328],[129.1522891,35.9696114],[129.152318,35.9695861],[129.1523424,35.969566],[129.1523233,35.9695411],[129.1522711,35.9695841],[129.1522338,35.9696118],[129.1522016,35.9696326],[129.1521879,35.9696413]]]]}},{"type":"Feature","properties":{"UFID":"100035901017A00110100000004446557"},"geometry":{"type":"MultiPolygon","coordinates":[[[[129.1519781,35.9680115],[129.1519315,35.9680051],[129.1519667,35.9681092],[129.15202,35.9682751],[129.1520207,35.9682774],[129.1520292,35.9683055],[129.152052,35.9683816],[129.1520746,35.9685167],[129.1520874,35.9686076],[129.1521074,35.9686631],[129.1521672,35.9688135],[129.1522313,35.9689942],[129.1522341,35.9690248],[129.1522343,35.969054],[129.1522319,35.9690707],[129.1522871,35.9690747],[129.1522797,35.9690591],[129.1522787,35.969035],[129.1522792,35.9690049],[129.1522746,35.9689677],[129.152245,35.9688845],[129.1521926,35.9687418],[129.1521285,35.9685574],[129.1521071,35.9684611],[129.1520862,35.9683732],[129.1520835,35.9683584],[129.1520685,35.9683108],[129.1520606,35.9682709],[129.152021,35.968155],[129.1519974,35.9680812],[129.1519781,35.9680115]]]]}},{"type":"Feature","properties":{"UFID":"100035901017A00110100000004446558"},"geometry":{"type":"MultiPolygon","coordinates":[[[[129.1522598,35.9701215],[129.1522403,35.9701049],[129.1521933,35.9699943],[129.1521588,35.969878],[129.1521544,35.9698367],[129.1521536,35.9698029],[129.1521567,35.9697531],[129.1521745,35.9696893],[129.1521036,35.9696749],[129.1520778,35.9696985],[129.1520743,35.9697096],[129.152074,35.9697185],[129.1520779,35.9697993],[129.1520827,35.9698673],[129.1520839,35.9698762],[129.1520871,35.9698869],[129.1521261,35.9699796],[129.1521432,35.9699986],[129.1521467,35.9700043],[129.1521877,35.9701297],[129.1521882,35.9701336],[129.1521854,35.9701377],[129.1522598,35.9701215]]]]}},{"type":"Feature","properties":{"UFID":"100035901017A00110100000004446559"},"geometry":{"type":"MultiPolygon","coordinates":[[[[129.1521879,35.9696413],[129.1521396,35.9696387],[129.1521342,35.9696463],[129.1521036,35.9696749],[129.1521745,35.9696893],[129.1521879,35.9696413]]]]}},{"type":"Feature","properties":{"UFID":"100035901017A00110100000004446560"},"geometry":{"type":"MultiPolygon","coordinates":[[[[129.1522704,35.9691337],[129.1522251,35.9691168],[129.1522226,35.9691329],[129.1522134,35.9691865],[129.1522157,35.9692421],[129.1522122,35.9693557],[129.1521991,35.9694609],[129.1521766,35.9695457],[129.1521621,35.9695877],[129.1521396,35.9696387],[129.1521879,35.9696413],[129.1521897,35.9696346],[129.1522253,35.969548],[129.1522434,35.9694662],[129.1522533,35.9693747],[129.152259,35.9692672],[129.1522645,35.9691593],[129.1522704,35.9691337]]]]}},{"type":"Feature","properties":{"UFID":"100035901017A00110100000004446561"},"geometry":{"type":"MultiPolygon","coordinates":[[[[129.1517263,35.9674909],[129.1517095,35.9675032],[129.151623,35.9675061],[129.1516208,35.9675063],[129.1516216,35.9675505],[129.1516276,35.9675518],[129.1516998,35.9675515],[129.1517201,35.9675591],[129.1517344,35.9675728],[129.1517414,35.9675783],[129.1517263,35.9674909]]]]}},{"type":"Feature","properties":{"UFID":"100035901017A00110100000004446562"},"geometry":{"type":"MultiPolygon","coordinates":[[[[129.1507605,35.9664497],[129.1507438,35.9664359],[129.1507262,35.9663903],[129.1507177,35.9663597],[129.1506612,35.9663693],[129.1506682,35.9663747],[129.1507152,35.9664668],[129.1507605,35.9664497]]]]}},{"type":"Feature","properties":{"UFID":"100035901017A00110100000004446563"},"geometry":{"type":"MultiPolygon","coordinates":[[[[129.1507905,35.9664752],[129.1507605,35.9664497],[129.1507152,35.9664668],[129.1507168,35.9664701],[129.1507296,35.9664931],[129.1507905,35.9664752]]]]}},{"type":"Feature","properties":{"UFID":"100035901017A00110100000004446564"},"geometry":{"type":"MultiPolygon","coordinates":[[[[129.1507905,35.9664752],[129.1507296,35.9664931],[129.1507483,35.9665267],[129.1507751,35.9665835],[129.1507979,35.9666415],[129.1508222,35.9667217],[129.1508705,35.966817],[129.1508826,35.9668763],[129.1508845,35.9669416],[129.1508815,35.9669659],[129.150877,35.966984],[129.1508523,35.9670554],[129.1508512,35.9670583],[129.1508362,35.9670913],[129.1508268,35.967126],[129.1508259,35.967161],[129.1508268,35.9672027],[129.150838,35.9672828],[129.150837,35.9672883],[129.1508465,35.9673609],[129.1508466,35.9673747],[129.1509199,35.9673867],[129.1508919,35.9673624],[129.1508877,35.9673506],[129.1508732,35.9672542],[129.1508669,35.9671415],[129.1508694,35.9671158],[129.15088,35.9670802],[129.1509139,35.9669802],[129.1509227,35.9669464],[129.1509267,35.9669074],[129.1509259,35.9668741],[129.1509097,35.9668118],[129.1508643,35.9667175],[129.1508323,35.9666392],[129.1507865,35.9665061],[129.150784,35.9664856],[129.1507905,35.9664752]]]]}},{"type":"Feature","properties":{"UFID":"100035901017A00110100000004446565"},"geometry":{"type":"MultiPolygon","coordinates":[[[[129.1509353,35.9656189],[129.1508796,35.9656213],[129.1508827,35.9656585],[129.1508828,35.9657851],[129.1508891,35.9658907],[129.1508988,35.9659569],[129.1509242,35.9660228],[129.1509574,35.9661062],[129.1509773,35.9661878],[129.1509776,35.9662333],[129.1509753,35.9662658],[129.1509611,35.9662942],[129.1509371,35.966327],[129.1508784,35.9663919],[129.1508419,35.9664188],[129.1507855,35.9664466],[129.1507605,35.9664497],[129.1507905,35.9664752],[129.1507931,35.9664745],[129.1508618,35.9664406],[129.1509033,35.9664101],[129.1509648,35.966342],[129.150991,35.9663063],[129.1510081,35.9662719],[129.1510108,35.966234],[129.1510105,35.966185],[129.1509895,35.9660993],[129.1509559,35.9660146],[129.1509315,35.9659512],[129.1509223,35.9658885],[129.1509161,35.9657844],[129.150916,35.9656687],[129.1509353,35.9656189]]]]}},{"type":"Feature","properties":{"UFID":"100035901017A00110100000004446566"},"geometry":{"type":"MultiPolygon","coordinates":[[[[129.1509098,35.9674172],[129.1509199,35.9673867],[129.1508466,35.9673747],[129.1508726,35.9674269],[129.1509098,35.9674172]]]]}},{"type":"Feature","properties":{"UFID":"100035901017A00110100000004446567"},"geometry":{"type":"MultiPolygon","coordinates":[[[[129.1508726,35.9674269],[129.1508466,35.9673747],[129.1508415,35.9673898],[129.1508221,35.967404],[129.1508454,35.9674412],[129.1508726,35.9674269]]]]}},{"type":"Feature","properties":{"UFID":"100035901017A00110100000004446568"},"geometry":{"type":"MultiPolygon","coordinates":[[[[129.150838,35.9674496],[129.1508454,35.9674412],[129.1508221,35.967404],[129.1507923,35.9674554],[129.150838,35.9674496]]]]}},{"type":"Feature","properties":{"UFID":"100035901017A00110100000004446569"},"geometry":{"type":"MultiPolygon","coordinates":[[[[129.1508295,35.96777],[129.1508316,35.9677587],[129.1508278,35.9677026],[129.1508235,35.9676075],[129.1508309,35.9675246],[129.1508312,35.9675044],[129.1508325,35.9674767],[129.150838,35.9674496],[129.1507923,35.9674554],[129.1507971,35.9674677],[129.1507979,35.9675041],[129.1507976,35.9675235],[129.1507902,35.967607],[129.1507945,35.9677038],[129.1507982,35.9677575],[129.1507969,35.9677647],[129.1507871,35.9677778],[129.1508295,35.96777]]]]}},{"type":"Feature","properties":{"UFID":"100035901017A00110100000004446570"},"geometry":{"type":"MultiPolygon","coordinates":[[[[129.1507177,35.9663597],[129.1506943,35.9663314],[129.1506865,35.9663344],[129.1506536,35.9663356],[129.1506612,35.9663693],[129.1507177,35.9663597]]]]}},{"type":"Feature","properties":{"UFID":"100035901017A00110100000004446571"},"geometry":{"type":"MultiPolygon","coordinates":[[[[129.151791,35.967566],[129.1517885,35.9675607],[129.1517809,35.967533],[129.1517791,35.9675266],[129.1517755,35.9675049],[129.1517717,35.9674819],[129.1517263,35.9674909],[129.1517414,35.9675783],[129.151791,35.967566]]]]}},{"type":"Feature","properties":{"UFID":"100035901017A00110100000004446572"},"geometry":{"type":"MultiPolygon","coordinates":[[[[129.1516208,35.9675063],[129.151585,35.9675092],[129.151496,35.9674998],[129.1514547,35.967492],[129.151381,35.9674731],[129.1511985,35.9674309],[129.1510521,35.9673985],[129.1509401,35.9673881],[129.1509199,35.9673867],[129.1509098,35.9674172],[129.1509875,35.9674198],[129.1510457,35.9674251],[129.1511897,35.9674569],[129.1513757,35.9674999],[129.1514049,35.9675066],[129.1514777,35.9675222],[129.1515651,35.9675381],[129.1516216,35.9675505],[129.1516208,35.9675063]]]]}},{"type":"Feature","properties":{"UFID":"100035901017A00110100000004446573"},"geometry":{"type":"MultiPolygon","coordinates":[[[[129.1517717,35.9674819],[129.1517648,35.9674412],[129.1517627,35.9673376],[129.1517643,35.9672424],[129.1517897,35.9670606],[129.1517963,35.9670411],[129.1518197,35.9669657],[129.1518286,35.9668497],[129.1518322,35.9667769],[129.1518366,35.9667106],[129.1518505,35.9666199],[129.1518501,35.9666119],[129.1518647,35.9665249],[129.1518975,35.9663628],[129.1518997,35.9663506],[129.1518616,35.9663458],[129.1518593,35.9663568],[129.1518377,35.9664556],[129.1518207,35.9665824],[129.1517997,35.9667033],[129.1517907,35.9668028],[129.1517751,35.9669398],[129.1517602,35.967013],[129.1517273,35.9671482],[129.151721,35.9672713],[129.1517221,35.9673023],[129.1517233,35.967358],[129.151726,35.9674259],[129.1517279,35.9674772],[129.1517277,35.9674863],[129.1517263,35.9674909],[129.1517717,35.9674819]]]]}},{"type":"Feature","properties":{"UFID":"100035901017A00110100000004446574"},"geometry":{"type":"MultiPolygon","coordinates":[[[[129.1516683,35.9654043],[129.1516103,35.9654074],[129.1516111,35.9654333],[129.1516113,35.9655107],[129.1516191,35.9655822],[129.1516325,35.9656545],[129.1516563,35.9657236],[129.1517202,35.965852],[129.1517904,35.9660164],[129.1518436,35.9661378],[129.1518642,35.9662225],[129.151871,35.9662765],[129.1518698,35.9663074],[129.1518616,35.9663458],[129.1518997,35.9663506],[129.1519063,35.9663142],[129.1519091,35.9662691],[129.1519088,35.9662349],[129.1518917,35.9661596],[129.1518527,35.96605],[129.1517879,35.9659021],[129.1517229,35.9657634],[129.1516718,35.9656148],[129.1516614,35.9655639],[129.1516605,35.965525],[129.1516609,35.9654732],[129.1516683,35.9654043]]]]}},{"type":"Feature","properties":{"UFID":"100035901017A00110100000004446575"},"geometry":{"type":"MultiPolygon","coordinates":[[[[129.1503942,35.9661153],[129.1503435,35.9661266],[129.1503409,35.9661599],[129.1503581,35.9661602],[129.1503753,35.9661605],[129.1503891,35.9661607],[129.1503942,35.9661153]]]]}},{"type":"Feature","properties":{"UFID":"100035901017A00110100000004446576"},"geometry":{"type":"MultiPolygon","coordinates":[[[[129.1503942,35.9661153],[129.1503891,35.9661607],[129.1504492,35.9661613],[129.1504962,35.9661629],[129.1505073,35.966162],[129.1506009,35.9661447],[129.1506087,35.9661449],[129.1506166,35.9661462],[129.1506407,35.9661582],[129.1506814,35.9661893],[129.1506854,35.9661945],[129.1506869,35.9661997],[129.1506947,35.966243],[129.1506966,35.9662779],[129.1506988,35.9662972],[129.1506981,35.9663243],[129.1506943,35.9663314],[129.1507177,35.9663597],[129.1507237,35.966344],[129.1507313,35.9663304],[129.150732,35.9662962],[129.1507298,35.9662752],[129.150721,35.966233],[129.150716,35.9662041],[129.1506997,35.9661652],[129.1506967,35.9661611],[129.1506357,35.9661231],[129.1506282,35.9661203],[129.150622,35.9661201],[129.1505596,35.9661288],[129.1505315,35.9661319],[129.1505126,35.9661336],[129.1504922,35.9661347],[129.1504705,35.966135],[129.1504514,35.966134],[129.1504262,35.9661305],[129.1503942,35.9661153]]]]}},{"type":"Feature","properties":{"UFID":"100035901017A00110100000004446577"},"geometry":{"type":"MultiPolygon","coordinates":[[[[129.1503409,35.9661599],[129.1503435,35.9661266],[129.1503378,35.9661296],[129.1503269,35.9661318],[129.1502791,35.9661367],[129.1502847,35.9661674],[129.1503409,35.9661599]]]]}},{"type":"Feature","properties":{"UFID":"100035901017A00110100000004446578"},"geometry":{"type":"MultiPolygon","coordinates":[[[[129.1506612,35.9663693],[129.1506536,35.9663356],[129.1504391,35.9663436],[129.1503925,35.9663504],[129.1503568,35.9663646],[129.1503277,35.9663831],[129.1503133,35.9663951],[129.1502954,35.9664212],[129.150285,35.9664788],[129.1502735,35.9665937],[129.1503067,35.9665959],[129.1503181,35.9664819],[129.1503274,35.96643],[129.1503401,35.9664114],[129.1503499,35.9664033],[129.1503745,35.9663877],[129.150403,35.9663764],[129.1504428,35.9663705],[129.1505972,35.9663648],[129.1506132,35.9663651],[129.1506612,35.9663693]]]]}},{"type":"Feature","properties":{"UFID":"100035901017A00110100000004446579"},"geometry":{"type":"MultiPolygon","coordinates":[[[[129.1507923,35.9674554],[129.1508221,35.967404],[129.1507692,35.9674135],[129.1507197,35.9674197],[129.1506675,35.9674268],[129.1506051,35.9674492],[129.1505874,35.9674585],[129.1505465,35.9674779],[129.1504874,35.9674918],[129.1504679,35.9674859],[129.1504537,35.9674725],[129.1504332,35.9674201],[129.1504082,35.9673431],[129.150359,35.9672087],[129.1502861,35.9670976],[129.150255,35.9670319],[129.1502364,35.96699],[129.1502247,35.9669394],[129.1502176,35.9669064],[129.1501911,35.9667702],[129.1501583,35.9667744],[129.1501848,35.9669109],[129.150192,35.9669443],[129.1502042,35.9669972],[129.1502237,35.9670411],[129.1502561,35.9671092],[129.1503281,35.967219],[129.1503762,35.9673504],[129.1504011,35.9674276],[129.150424,35.967486],[129.1504483,35.9675089],[129.1504861,35.9675203],[129.1505597,35.967503],[129.150621,35.9674739],[129.1506775,35.9674541],[129.1507243,35.9674478],[129.1507449,35.9674472],[129.1507842,35.9674504],[129.1507923,35.9674554]]]]}},{"type":"Feature","properties":{"UFID":"100035901017A00110100000004446580"},"geometry":{"type":"MultiPolygon","coordinates":[[[[129.1503942,35.9661153],[129.1503838,35.9661086],[129.1503814,35.9661037],[129.1503802,35.9660975],[129.1503861,35.9660083],[129.1503868,35.9659888],[129.1503856,35.9659091],[129.1503841,35.9658655],[129.150374,35.965841],[129.1503317,35.9657538],[129.1503222,35.9657141],[129.1503212,35.9656952],[129.1503217,35.9656644],[129.1503272,35.9656028],[129.1503322,35.9655872],[129.1503433,35.9655673],[129.1503557,35.9655618],[129.1503752,35.9655587],[129.1503112,35.9655147],[129.1503107,35.9655317],[129.1502995,35.9655818],[129.1502942,35.9655984],[129.1502916,35.9656563],[129.1502883,35.9657033],[129.1502892,35.9657196],[129.150292,35.9657292],[129.1502994,35.9657473],[129.1503431,35.9658386],[129.1503483,35.9658562],[129.1503513,35.9658685],[129.1503542,35.9658895],[129.1503579,35.9659295],[129.1503566,35.9659743],[129.1503553,35.9659922],[129.1503543,35.9660036],[129.150352,35.9660286],[129.1503483,35.9661094],[129.1503464,35.966121],[129.1503435,35.9661266],[129.1503942,35.9661153]]]]}},{"type":"Feature","properties":{"UFID":"100035901017A00110100000004446581"},"geometry":{"type":"MultiPolygon","coordinates":[[[[129.1516257,35.9653272],[129.1515999,35.9653485],[129.151499,35.9653347],[129.1514935,35.9653747],[129.1515933,35.9653858],[129.1516103,35.9654074],[129.1516257,35.9653272]]]]}},{"type":"Feature","properties":{"UFID":"100035901017A00110100000004446582"},"geometry":{"type":"MultiPolygon","coordinates":[[[[129.1523837,35.9627331],[129.152353,35.962745],[129.1522905,35.9627305],[129.1522782,35.9627724],[129.1522954,35.9627755],[129.1523408,35.9627839],[129.1523653,35.9628062],[129.1523681,35.9628145],[129.1523837,35.9627331]]]]}},{"type":"Feature","properties":{"UFID":"100035901017A00110100000004446583"},"geometry":{"type":"MultiPolygon","coordinates":[[[[129.1514935,35.9653747],[129.151499,35.9653347],[129.1513967,35.9653554],[129.1513382,35.9653765],[129.1513355,35.9653907],[129.1513343,35.9654133],[129.1513313,35.9654298],[129.1513224,35.965458],[129.1512918,35.965494],[129.1512336,35.9655264],[129.1510632,35.9655611],[129.1509755,35.965578],[129.1509166,35.9655834],[129.1509002,35.9655816],[129.1509353,35.9656189],[129.1509511,35.9656132],[129.1510457,35.9655934],[129.1511776,35.9655721],[129.1512443,35.9655539],[129.1513095,35.96552],[129.1513506,35.9654768],[129.1513776,35.9654282],[129.1513931,35.9653962],[129.151426,35.9653823],[129.1514935,35.9653747]]]]}},{"type":"Feature","properties":{"UFID":"100035901017A00110100000004446584"},"geometry":{"type":"MultiPolygon","coordinates":[[[[129.1509353,35.9656189],[129.1509002,35.9655816],[129.1508708,35.9656001],[129.1508786,35.9656096],[129.1508796,35.9656213],[129.1509353,35.9656189]]]]}},{"type":"Feature","properties":{"UFID":"100035901017A00110100000004446585"},"geometry":{"type":"MultiPolygon","coordinates":[[[[129.1516683,35.9654043],[129.1516718,35.9653692],[129.1516726,35.965361],[129.1516257,35.9653272],[129.1516103,35.9654074],[129.1516683,35.9654043]]]]}},{"type":"Feature","properties":{"UFID":"100035901017A00110100000004446586"},"geometry":{"type":"MultiPolygon","coordinates":[[[[129.1524296,35.9627346],[129.1523837,35.9627331],[129.1523681,35.9628145],[129.1524095,35.9628163],[129.1524202,35.9627726],[129.1524258,35.9627503],[129.1524296,35.9627346]]]]}},{"type":"Feature","properties":{"UFID":"100035901017A00110100000004446587"},"geometry":{"type":"MultiPolygon","coordinates":[[[[129.1522782,35.9627724],[129.1522905,35.9627305],[129.1522154,35.962756],[129.1522333,35.9627791],[129.1522782,35.9627724]]]]}},{"type":"Feature","properties":{"UFID":"100035901017A00110100000004446588"},"geometry":{"type":"MultiPolygon","coordinates":[[[[129.1522905,35.9627305],[129.1522517,35.9626873],[129.1522223,35.9626567],[129.1521228,35.9625503],[129.1520541,35.9624798],[129.1519525,35.9623699],[129.1519121,35.9623318],[129.1518668,35.9623139],[129.1517992,35.962292],[129.1517868,35.9623171],[129.1518533,35.9623387],[129.1518914,35.9623537],[129.1519266,35.9623869],[129.1520277,35.9624963],[129.1520965,35.9625669],[129.152196,35.9626732],[129.1522226,35.9627009],[129.1522253,35.9627266],[129.1522184,35.9627486],[129.1522154,35.962756],[129.1522905,35.9627305]]]]}},{"type":"Feature","properties":{"UFID":"100035901017A00110100000004446589"},"geometry":{"type":"MultiPolygon","coordinates":[[[[129.151718,35.9651411],[129.1516837,35.9651345],[129.1516658,35.9652048],[129.1516297,35.9653194],[129.1516257,35.9653272],[129.1516726,35.965361],[129.1516744,35.9653433],[129.1516757,35.9653302],[129.1517037,35.9651897],[129.151718,35.9651411]]]]}},{"type":"Feature","properties":{"UFID":"100035901017A00110100000004446590"},"geometry":{"type":"MultiPolygon","coordinates":[[[[129.1518688,35.9645869],[129.1518347,35.9645817],[129.1518331,35.9645922],[129.1518089,35.9646919],[129.15177,35.9648306],[129.1517385,35.9649485],[129.1516988,35.9650751],[129.1516837,35.9651345],[129.151718,35.9651411],[129.1517969,35.9648726],[129.1518471,35.9646883],[129.1518688,35.9645869]]]]}},{"type":"Feature","properties":{"UFID":"100035901017A00110100000004446591"},"geometry":{"type":"MultiPolygon","coordinates":[[[[129.1524095,35.9628163],[129.1523681,35.9628145],[129.1523197,35.9629799],[129.1522717,35.9631268],[129.1522619,35.963171],[129.1522276,35.9632995],[129.1521933,35.9634485],[129.1521579,35.9636174],[129.1521484,35.9636319],[129.1521277,35.9636994],[129.1521112,35.9637404],[129.1520703,35.963834],[129.1520445,35.9638821],[129.1520096,35.9639623],[129.1519738,35.9640423],[129.1519733,35.9640441],[129.1519722,35.9640557],[129.1519601,35.9640794],[129.1519106,35.9642091],[129.1518804,35.9643061],[129.1518586,35.9643947],[129.1518485,35.9644607],[129.1518439,35.9645234],[129.1518386,35.9645567],[129.1518347,35.9645817],[129.1518688,35.9645869],[129.1518759,35.9645539],[129.1518824,35.9645038],[129.151886,35.9644711],[129.1519076,35.9643626],[129.1519422,35.9642233],[129.1520293,35.964028],[129.1520996,35.963885],[129.1521737,35.9637522],[129.152183,35.963725],[129.1522294,35.9635451],[129.1522513,35.963408],[129.152265,35.9633181],[129.1523148,35.9631241],[129.1523575,35.9629746],[129.1524095,35.9628163]]]]}},{"type":"Feature","properties":{"UFID":"100035901017A00110100000004446592"},"geometry":{"type":"MultiPolygon","coordinates":[[[[129.1515956,35.9629174],[129.1515464,35.9629079],[129.1515477,35.9629103],[129.1515469,35.9629129],[129.1514712,35.9630679],[129.1514498,35.9631077],[129.151446,35.9631131],[129.1514441,35.963117],[129.1514411,35.96312],[129.1514356,35.9631233],[129.1514278,35.9631253],[129.1514148,35.9631262],[129.15139,35.9631253],[129.1513777,35.9631239],[129.1513626,35.9631199],[129.1512918,35.9630896],[129.1512494,35.9630774],[129.1511687,35.963047],[129.1510322,35.9630019],[129.1508966,35.9629482],[129.150885,35.9629737],[129.1510186,35.9630266],[129.1511555,35.9630718],[129.1512372,35.9631025],[129.1512778,35.9631133],[129.1513442,35.9631338],[129.1513675,35.9631423],[129.1513992,35.9631524],[129.1514282,35.9631543],[129.1514428,35.9631517],[129.1514519,35.9631489],[129.1514653,35.9631429],[129.1514706,35.9631367],[129.1514858,35.963103],[129.1515259,35.9629982],[129.1515798,35.9629246],[129.1515904,35.9629184],[129.1515956,35.9629174]]]]}},{"type":"Feature","properties":{"UFID":"100035901017A00110100000004446593"},"geometry":{"type":"MultiPolygon","coordinates":[[[[129.15025,35.9652103],[129.1503121,35.9651653],[129.1502239,35.9651386],[129.1502073,35.9651869],[129.1502315,35.9652145],[129.15025,35.9652103]]]]}},{"type":"Feature","properties":{"UFID":"100035901017A00110100000004446594"},"geometry":{"type":"MultiPolygon","coordinates":[[[[129.150387,35.9655186],[129.1503719,35.9655092],[129.1503597,35.965476],[129.1503588,35.965469],[129.1503177,35.9654668],[129.1503112,35.9655147],[129.1503752,35.9655587],[129.150387,35.9655186]]]]}},{"type":"Feature","properties":{"UFID":"100035901017A00110100000004446595"},"geometry":{"type":"MultiPolygon","coordinates":[[[[129.1509002,35.9655816],[129.1508743,35.9655629],[129.1508733,35.965562],[129.1508404,35.9655402],[129.1508179,35.9655357],[129.1507665,35.9655312],[129.1506733,35.9655451],[129.1506342,35.9655538],[129.1505973,35.9655621],[129.1505567,35.9655648],[129.1505223,35.965563],[129.1504435,35.965542],[129.1504021,35.9655278],[129.150387,35.9655186],[129.1503752,35.9655587],[129.1504179,35.9655626],[129.1504319,35.9655673],[129.1505159,35.9655898],[129.150557,35.965592],[129.1506031,35.9655888],[129.150643,35.96558],[129.1506808,35.9655715],[129.1507678,35.9655585],[129.150812,35.9655624],[129.1508252,35.965565],[129.1508503,35.9655816],[129.1508708,35.9656001],[129.1509002,35.9655816]]]]}},{"type":"Feature","properties":{"UFID":"100035901017A00110100000004446596"},"geometry":{"type":"MultiPolygon","coordinates":[[[[129.1502239,35.9651386],[129.1503121,35.9651653],[129.1503122,35.9651616],[129.1503366,35.9651201],[129.1503616,35.9650723],[129.1503906,35.9650062],[129.1503944,35.9649985],[129.1503583,35.9649717],[129.1502838,35.96514],[129.1502239,35.9651386]]]]}},{"type":"Feature","properties":{"UFID":"100035901017A00110100000004446597"},"geometry":{"type":"MultiPolygon","coordinates":[[[[129.1503121,35.9651653],[129.15025,35.9652103],[129.1502825,35.9652315],[129.1502881,35.9652393],[129.1502994,35.96527],[129.1503059,35.965325],[129.1503092,35.9653702],[129.1503146,35.9654362],[129.1503177,35.9654668],[129.1503588,35.965469],[129.1503548,35.9654389],[129.1503545,35.9654345],[129.1503516,35.965391],[129.1503506,35.9653681],[129.1503492,35.9653375],[129.1503467,35.9652869],[129.1503381,35.9652068],[129.1503381,35.9652048],[129.1503237,35.9651815],[129.1503121,35.9651653]]]]}},{"type":"Feature","properties":{"UFID":"100035901017A00110100000004446598"},"geometry":{"type":"MultiPolygon","coordinates":[[[[129.1503177,35.9654668],[129.1503147,35.9654682],[129.1503121,35.9654677],[129.1502804,35.9654422],[129.1502448,35.9654002],[129.1501418,35.9653312],[129.1501287,35.9653479],[129.1502257,35.9654115],[129.1502913,35.9654888],[129.1503112,35.9655147],[129.1503177,35.9654668]]]]}},{"type":"Feature","properties":{"UFID":"100035901017A00110100000004446599"},"geometry":{"type":"MultiPolygon","coordinates":[[[[129.1539039,35.9584283],[129.1538875,35.9584035],[129.1538344,35.9584383],[129.153887,35.9584681],[129.1539039,35.9584283]]]]}},{"type":"Feature","properties":{"UFID":"100035901017A00110100000004446600"},"geometry":{"type":"MultiPolygon","coordinates":[[[[129.1538875,35.9584035],[129.1538648,35.958369],[129.1538485,35.9583304],[129.1538468,35.9583071],[129.1538635,35.9582599],[129.1539138,35.9581802],[129.1539749,35.9580985],[129.1539988,35.9580526],[129.1540318,35.9579552],[129.1540533,35.957851],[129.1540801,35.9577191],[129.1540917,35.9576725],[129.1541043,35.9576487],[129.1541343,35.9575979],[129.1541958,35.957537],[129.1542723,35.9574919],[129.1543511,35.9574528],[129.1543788,35.9574398],[129.1545556,35.9573465],[129.1545571,35.9573458],[129.1546259,35.9573105],[129.1547361,35.9572433],[129.1548117,35.9571842],[129.1549237,35.9570747],[129.1549925,35.9570352],[129.1549239,35.9570216],[129.1548713,35.957076],[129.1547482,35.9571846],[129.1546304,35.9572663],[129.1545387,35.9573232],[129.154537,35.9573242],[129.1543614,35.9574167],[129.1543434,35.9574253],[129.1542292,35.9574747],[129.1541339,35.9575344],[129.1540696,35.957586],[129.1540496,35.9576318],[129.154044,35.9576458],[129.1540393,35.957701],[129.1540222,35.9578107],[129.1540035,35.957917],[129.1539791,35.957999],[129.1539453,35.9580602],[129.1539046,35.9581266],[129.1538172,35.9582401],[129.1537982,35.9582803],[129.1537907,35.9583285],[129.1537971,35.9583788],[129.1538248,35.9584156],[129.1538344,35.9584383],[129.1538875,35.9584035]]]]}},{"type":"Feature","properties":{"UFID":"100035901017A00110100000004446601"},"geometry":{"type":"MultiPolygon","coordinates":[[[[129.1550198,35.9569817],[129.1549701,35.9569711],[129.1549524,35.9569922],[129.1549239,35.9570216],[129.1549925,35.9570352],[129.1550198,35.9569817]]]]}},{"type":"Feature","properties":{"UFID":"100035901017A00110100000004446602"},"geometry":{"type":"MultiPolygon","coordinates":[[[[129.1539039,35.9584283],[129.153887,35.9584681],[129.1539053,35.9584735],[129.1539379,35.9584875],[129.1539649,35.9585041],[129.153999,35.9585278],[129.1540252,35.9585348],[129.154042,35.9585356],[129.1540605,35.9585334],[129.1541438,35.9584909],[129.1542501,35.9584376],[129.1542905,35.9584231],[129.1543253,35.9584185],[129.1543522,35.9584188],[129.1544195,35.9584368],[129.1544844,35.9584582],[129.1545085,35.9584613],[129.1545292,35.958461],[129.1545864,35.958444],[129.1546274,35.9584109],[129.1546483,35.9583678],[129.154656,35.9583237],[129.1546667,35.9582675],[129.1546842,35.9582336],[129.1547167,35.9582107],[129.1547961,35.9581697],[129.1548787,35.9581235],[129.1549635,35.958073],[129.1550437,35.9580062],[129.1550515,35.957999],[129.1551535,35.9579333],[129.1552138,35.9578988],[129.1552602,35.9578723],[129.1553223,35.9578341],[129.1553391,35.9578213],[129.1552085,35.9578601],[129.1550832,35.9579391],[129.1550459,35.9579633],[129.1550187,35.9579883],[129.1549416,35.9580525],[129.1548595,35.9581014],[129.1547778,35.9581471],[129.1546968,35.9581889],[129.1546564,35.9582173],[129.1546344,35.9582601],[129.154623,35.9583198],[129.1546159,35.9583608],[129.154599,35.9583957],[129.1545681,35.9584207],[129.1545232,35.9584341],[129.1545108,35.9584342],[129.1544933,35.9584319],[129.154431,35.9584115],[129.1543578,35.9583918],[129.1543228,35.9583914],[129.1542809,35.958397],[129.1542346,35.9584135],[129.1541263,35.958468],[129.1540489,35.9585075],[129.1540405,35.9585085],[129.1540313,35.9585081],[129.1540156,35.9585038],[129.1539825,35.9584807],[129.1539578,35.9584609],[129.1539039,35.9584283]]]]}},{"type":"Feature","properties":{"UFID":"100035901018A00110100000004446962"},"geometry":{"type":"MultiPolygon","coordinates":[[[[129.1777888,35.9529357],[129.1777747,35.9527975],[129.1777261,35.9528138],[129.1777145,35.9528551],[129.1777133,35.9529033],[129.1777123,35.9529515],[129.1777888,35.9529357]]]]}},{"type":"Feature","properties":{"UFID":"100035901018A00110100000004446963"},"geometry":{"type":"MultiPolygon","coordinates":[[[[129.1777888,35.9529357],[129.1777123,35.9529515],[129.1777465,35.9530628],[129.1778128,35.9532261],[129.1779362,35.9534253],[129.1780653,35.9535929],[129.1782083,35.9538104],[129.1782883,35.953961],[129.1783376,35.9541171],[129.1783838,35.9542529],[129.1784469,35.9543462],[129.1785725,35.9544678],[129.1787025,35.9546118],[129.1788641,35.9547694],[129.1789352,35.9548709],[129.1789403,35.9549476],[129.1788911,35.955031],[129.1787638,35.9551734],[129.1785683,35.955327],[129.1785322,35.9553924],[129.1785235,35.9554503],[129.1785313,35.9555139],[129.1785989,35.9556058],[129.1787119,35.9557324],[129.1788698,35.9558486],[129.1790779,35.9559639],[129.1792936,35.9560851],[129.1793861,35.956157],[129.1793937,35.956233],[129.1793904,35.9562513],[129.1793716,35.9562918],[129.1792894,35.9563209],[129.179163,35.9563175],[129.1790436,35.9563468],[129.1787381,35.9563869],[129.1785973,35.9564045],[129.1784756,35.9564335],[129.1783735,35.9564786],[129.1782717,35.9565548],[129.1782086,35.9566294],[129.1781985,35.9566483],[129.1781724,35.9566946],[129.1781561,35.956774],[129.1781619,35.9568417],[129.1781913,35.956888],[129.1782526,35.9569424],[129.1783419,35.9569924],[129.1785098,35.9570442],[129.1787121,35.9570913],[129.1787366,35.9570999],[129.1789482,35.9572195],[129.179293,35.9574425],[129.1796974,35.9577219],[129.1798131,35.9578074],[129.179832,35.9578763],[129.1798218,35.957925],[129.1797977,35.9579491],[129.1797851,35.9579553],[129.179765,35.9579627],[129.1797357,35.957968],[129.1796514,35.9579668],[129.1795346,35.9579354],[129.1793741,35.9578965],[129.179209,35.9578605],[129.1790606,35.9578346],[129.1788651,35.957835],[129.1786878,35.9578524],[129.1784093,35.9578972],[129.178113,35.9579595],[129.1779942,35.957989],[129.1778936,35.9580514],[129.1778334,35.958119],[129.1777552,35.958188],[129.1776603,35.9582229],[129.1775585,35.9582562],[129.1774502,35.9583269],[129.1772088,35.9585717],[129.1770712,35.9587416],[129.1771314,35.9587753],[129.1772028,35.9586568],[129.1772775,35.9585547],[129.1773579,35.9584723],[129.1774829,35.958354],[129.1775836,35.9582909],[129.177679,35.958257],[129.1777804,35.9582157],[129.1778644,35.9581398],[129.177924,35.9580759],[129.1780143,35.9580208],[129.1781246,35.9579928],[129.1784186,35.9579308],[129.1786946,35.9578857],[129.1788675,35.9578671],[129.1790197,35.9578679],[129.1790722,35.9578711],[129.1791728,35.957889],[129.1793223,35.9579218],[129.1795137,35.9579714],[129.1796363,35.9580025],[129.1797171,35.9580142],[129.1797603,35.9580065],[129.1798089,35.9579838],[129.1798169,35.9579789],[129.1798234,35.9579733],[129.1798583,35.9579385],[129.1798715,35.9578755],[129.1798483,35.9577907],[129.1797229,35.9576982],[129.1793176,35.9574181],[129.1789713,35.9571942],[129.1787555,35.9570721],[129.1787251,35.9570615],[129.178522,35.9570141],[129.17836,35.9569643],[129.1782782,35.9569185],[129.1782234,35.9568697],[129.1782001,35.9568331],[129.1781951,35.9567756],[129.1782098,35.9567039],[129.1782375,35.956655],[129.1782426,35.9566463],[129.1782924,35.9565869],[129.1783493,35.9565429],[129.1784684,35.9564807],[129.1785832,35.9564492],[129.1788228,35.9564109],[129.178896,35.9564018],[129.1792391,35.9563689],[129.1793335,35.9563509],[129.1794119,35.9563144],[129.1794442,35.9562665],[129.179451,35.9562012],[129.1794409,35.9561343],[129.1793893,35.9560779],[129.1792729,35.9560114],[129.1790635,35.9559069],[129.1789138,35.9558322],[129.1788853,35.9558159],[129.1787412,35.955711],[129.178632,35.9555885],[129.1785958,35.9555354],[129.1785793,35.9555067],[129.1785698,35.9554504],[129.178578,35.9553983],[129.1786273,35.9553395],[129.1787161,35.9552653],[129.1788365,35.9551658],[129.1789173,35.9550888],[129.1789746,35.955025],[129.1790021,35.9549525],[129.1790093,35.9548899],[129.1790071,35.9548499],[129.1789537,35.954797],[129.1788885,35.9547425],[129.1788273,35.9546821],[129.1787053,35.9545566],[129.1786091,35.9544471],[129.1785741,35.9544177],[129.1784795,35.9543283],[129.1784331,35.9542539],[129.1784175,35.9542003],[129.1783583,35.9540402],[129.1783152,35.953921],[129.1782586,35.953805],[129.1781788,35.9536653],[129.1780883,35.9535229],[129.177965,35.9533603],[129.1778814,35.9532437],[129.1778274,35.9531228],[129.1777977,35.9530252],[129.1777888,35.9529357]]]]}},{"type":"Feature","properties":{"UFID":"100035901017A00110100000004446972"},"geometry":{"type":"MultiPolygon","coordinates":[[[[129.1744648,35.9519274],[129.1744216,35.9519146],[129.1743804,35.9520091],[129.1744215,35.9520202],[129.1744648,35.9519274]]]]}},{"type":"Feature","properties":{"UFID":"100035901007A00110100000004449187"},"geometry":{"type":"MultiPolygon","coordinates":[[[[129.174236,35.9969437],[129.1741572,35.9968848],[129.1739823,35.9970808],[129.1737712,35.9973181],[129.1735954,35.9975186],[129.1732766,35.9978783],[129.17315,35.9980222],[129.1728485,35.9983605],[129.1723834,35.9988732],[129.1721914,35.9990894],[129.1720951,35.9991982],[129.1720892,35.9992003],[129.172174,35.9992505],[129.172281,35.9991332],[129.1727033,35.9986634],[129.1728437,35.9985092],[129.1729647,35.9983728],[129.1732886,35.9980109],[129.173792,35.9974448],[129.1740982,35.9970974],[129.174236,35.9969437]]]]}},{"type":"Feature","properties":{"UFID":"100035901007A00110100000004449188"},"geometry":{"type":"MultiPolygon","coordinates":[[[[129.1742747,35.9969012],[129.1741871,35.9968464],[129.1741572,35.9968848],[129.174236,35.9969437],[129.1742747,35.9969012]]]]}},{"type":"Feature","properties":{"UFID":"100035901007A00110100000004449189"},"geometry":{"type":"MultiPolygon","coordinates":[[[[129.1741871,35.9968464],[129.1741794,35.9968458],[129.1741682,35.9968429],[129.1741024,35.9968104],[129.1737733,35.9966172],[129.1732833,35.9963291],[129.1732608,35.9963162],[129.1732401,35.9963045],[129.173233,35.9962896],[129.173192,35.9963353],[129.173206,35.9963347],[129.1732269,35.9963372],[129.1732641,35.9963512],[129.1737538,35.9966391],[129.174083,35.9968318],[129.1741349,35.9968625],[129.174156,35.99688],[129.1741572,35.9968848],[129.1741871,35.9968464]]]]}},{"type":"Feature","properties":{"UFID":"100035901007A00110100000004449190"},"geometry":{"type":"MultiPolygon","coordinates":[[[[129.173192,35.9963353],[129.1731645,35.99632],[129.1729676,35.9965378],[129.1727762,35.9967513],[129.1725708,35.9969846],[129.1723687,35.9972152],[129.1722457,35.9973621],[129.1721781,35.9974423],[129.1721241,35.9975036],[129.1720801,35.9975541],[129.17205,35.9975889],[129.1719937,35.9976666],[129.1719852,35.9976782],[129.1720155,35.9976898],[129.1720224,35.9976803],[129.172078,35.9976036],[129.1721073,35.9975697],[129.1721512,35.9975193],[129.1722053,35.9974578],[129.1722732,35.9973774],[129.1723957,35.9972309],[129.1725978,35.9970003],[129.1728031,35.9967671],[129.1729945,35.9965538],[129.173192,35.9963353]]]]}},{"type":"Feature","properties":{"UFID":"100035901007A00110100000004449191"},"geometry":{"type":"MultiPolygon","coordinates":[[[[129.173233,35.9962896],[129.1732057,35.9962742],[129.1732001,35.9962807],[129.1731645,35.99632],[129.173192,35.9963353],[129.173233,35.9962896]]]]}},{"type":"Feature","properties":{"UFID":"100035901007A00110100000004449192"},"geometry":{"type":"MultiPolygon","coordinates":[[[[129.1686455,35.999227],[129.1685363,35.9991728],[129.1684937,35.9992224],[129.168567,35.9992537],[129.1685976,35.9992722],[129.1686455,35.999227]]]]}},{"type":"Feature","properties":{"UFID":"100035901007A00110100000004449193"},"geometry":{"type":"MultiPolygon","coordinates":[[[[129.1718936,35.9994013],[129.171839,35.9993681],[129.1718242,35.9993559],[129.1717986,35.9993308],[129.1717743,35.9993027],[129.1717496,35.9992725],[129.171726,35.9992387],[129.1717169,35.9992251],[129.1716973,35.9991901],[129.171679,35.9991538],[129.1716732,35.9991424],[129.1716637,35.9991137],[129.1716532,35.9990748],[129.1716488,35.9990562],[129.1716391,35.9990063],[129.1716324,35.9989666],[129.1716281,35.998929],[129.1716277,35.9988925],[129.1716272,35.9988775],[129.1716301,35.998834],[129.1716319,35.9988169],[129.1716384,35.9987783],[129.1716426,35.9987614],[129.1716549,35.998696],[129.1716691,35.9986273],[129.1716875,35.9985504],[129.1717086,35.9984675],[129.1717329,35.9983823],[129.1717575,35.9983049],[129.1717776,35.9982333],[129.1717872,35.998187],[129.1717949,35.9981305],[129.1717999,35.9980746],[129.1718029,35.9980173],[129.1718008,35.9979748],[129.1717919,35.9979123],[129.171782,35.9978694],[129.1717697,35.9978302],[129.1717551,35.997794],[129.1717287,35.9977425],[129.1717025,35.9977012],[129.1716669,35.997652],[129.1716369,35.9976189],[129.1716042,35.9975859],[129.1715729,35.9975592],[129.1715277,35.9975264],[129.1715042,35.9975134],[129.1714995,35.99751],[129.1714869,35.997495],[129.1714727,35.9974758],[129.1714304,35.9974239],[129.1713795,35.9973651],[129.1713454,35.9973217],[129.1713126,35.9972785],[129.1712791,35.9972342],[129.1712236,35.9971524],[129.1711851,35.9970918],[129.1711498,35.9970311],[129.1710964,35.9969224],[129.1710666,35.9968629],[129.1710594,35.9968464],[129.1710449,35.9968166],[129.17103,35.9967945],[129.1710137,35.9967792],[129.1710002,35.9967718],[129.1709809,35.9967659],[129.1709636,35.9967618],[129.1709481,35.9967577],[129.1709396,35.9967571],[129.1709397,35.9967796],[129.1709883,35.9967962],[129.1710005,35.996811],[129.1710145,35.9968298],[129.1710308,35.9968713],[129.171064,35.9969386],[129.1711065,35.9970225],[129.1711499,35.9970977],[129.1711922,35.9971674],[129.1712577,35.9972639],[129.171352,35.9973861],[129.1714238,35.9974711],[129.1714377,35.9974922],[129.1714389,35.9974965],[129.1714742,35.9975279],[129.1714836,35.9975348],[129.1715072,35.9975478],[129.1715498,35.9975787],[129.1715792,35.9976037],[129.1716106,35.9976354],[129.1716391,35.9976669],[129.1716734,35.9977142],[129.1716985,35.9977539],[129.1717239,35.9978035],[129.1717378,35.9978377],[129.1717494,35.9978752],[129.1717589,35.9979164],[129.1717676,35.9979769],[129.1717696,35.9980173],[129.1717667,35.9980731],[129.1717618,35.998128],[129.1717542,35.9981832],[129.171745,35.9982281],[129.1717252,35.9982985],[129.1717006,35.9983758],[129.1716761,35.9984617],[129.1716548,35.998545],[129.1716363,35.9986224],[129.171622,35.9986917],[129.1716099,35.9987566],[129.1716055,35.9987737],[129.1715988,35.998814],[129.1715969,35.9988322],[129.1715939,35.998877],[129.1715944,35.998893],[129.1715949,35.9989304],[129.1715994,35.9989697],[129.1716062,35.9990102],[129.171616,35.9990608],[129.1716206,35.9990802],[129.1716314,35.9991201],[129.1716416,35.9991511],[129.1716482,35.9991641],[129.1716667,35.9992008],[129.1716871,35.9992371],[129.1716969,35.9992518],[129.1717212,35.9992867],[129.1717468,35.9993179],[129.1717721,35.9993472],[129.1717915,35.9993675],[129.1718399,35.999444],[129.1718621,35.9994586],[129.1718936,35.9994013]]]]}},{"type":"Feature","properties":{"UFID":"100035901007A00110100000004449194"},"geometry":{"type":"MultiPolygon","coordinates":[[[[129.1685277,35.9969082],[129.1684288,35.9969185],[129.1684333,35.9969228],[129.168438,35.9969286],[129.1684445,35.9969556],[129.1684422,35.9970588],[129.1684476,35.9971796],[129.1684554,35.9972516],[129.16847,35.9972907],[129.1684905,35.9973239],[129.1685141,35.9973704],[129.1685231,35.9974002],[129.1685248,35.9974367],[129.168521,35.9974743],[129.1685094,35.997515],[129.168493,35.997587],[129.1684859,35.9976925],[129.1684866,35.9976966],[129.1684891,35.9976988],[129.1684921,35.9977004],[129.1685386,35.9977165],[129.168613,35.9977349],[129.1687193,35.9977626],[129.1688065,35.9977811],[129.1689476,35.9978042],[129.1689879,35.9978165],[129.1690148,35.9978365],[129.1690164,35.9978391],[129.1690174,35.9978414],[129.168994,35.9979218],[129.1690621,35.9979278],[129.1690607,35.9978841],[129.1690531,35.9977854],[129.1690498,35.9977831],[129.1689473,35.9977672],[129.1687547,35.9977375],[129.1686533,35.9977108],[129.1685814,35.9976807],[129.1685548,35.9976599],[129.1685414,35.997643],[129.1685369,35.9976325],[129.168532,35.9976153],[129.1685316,35.9975719],[129.1685406,35.9975303],[129.1685547,35.9974816],[129.1685617,35.9974454],[129.168561,35.997414],[129.1685537,35.9973782],[129.1685373,35.9973398],[129.1685023,35.9972845],[129.1684902,35.9972554],[129.1684837,35.9972285],[129.1684765,35.9971492],[129.1684739,35.997071],[129.1684824,35.9969986],[129.1684894,35.9969485],[129.1684943,35.9969364],[129.1685026,35.9969245],[129.1685277,35.9969082]]]]}},{"type":"Feature","properties":{"UFID":"100035901007A00110100000004449195"},"geometry":{"type":"MultiPolygon","coordinates":[[[[129.1711711,35.9966481],[129.1711448,35.9965865],[129.1710945,35.9966001],[129.1710999,35.9966175],[129.1711049,35.9966286],[129.1711252,35.9966654],[129.1711711,35.9966481]]]]}},{"type":"Feature","properties":{"UFID":"100035901007A00110100000004449196"},"geometry":{"type":"MultiPolygon","coordinates":[[[[129.1685363,35.9991728],[129.1686455,35.999227],[129.1686475,35.9992248],[129.1687282,35.9992661],[129.1687382,35.9992697],[129.1687718,35.9992775],[129.1687893,35.9992792],[129.1688085,35.9992789],[129.1688284,35.9992739],[129.1688491,35.9992668],[129.1688741,35.9992569],[129.1688965,35.9992479],[129.1689142,35.9992365],[129.1688967,35.9992173],[129.1688814,35.9992275],[129.1688678,35.9992331],[129.1688519,35.9992386],[129.1688359,35.9992431],[129.1688192,35.9992462],[129.1688006,35.9992492],[129.1687826,35.9992497],[129.1687612,35.9992457],[129.1687399,35.9992378],[129.1687164,35.9992295],[129.1686961,35.9992188],[129.1686718,35.9992042],[129.1686449,35.9991855],[129.1686189,35.999171],[129.1686149,35.9991651],[129.168616,35.9991567],[129.1686227,35.9991272],[129.168571,35.9991197],[129.1685667,35.9991516],[129.1685472,35.999169],[129.1685363,35.9991728]]]]}},{"type":"Feature","properties":{"UFID":"100035901007A00110100000004449197"},"geometry":{"type":"MultiPolygon","coordinates":[[[[129.1720155,35.9976898],[129.1719852,35.9976782],[129.1719784,35.9976858],[129.1719639,35.9977014],[129.1719587,35.9977061],[129.1719537,35.9977116],[129.1719388,35.9977359],[129.1719842,35.9977402],[129.1719822,35.997731],[129.1719821,35.9977307],[129.1719844,35.9977234],[129.1719846,35.9977232],[129.1719896,35.9977186],[129.1720051,35.9977019],[129.172013,35.9976931],[129.1720155,35.9976898]]]]}},{"type":"Feature","properties":{"UFID":"100035901007A00110100000004449198"},"geometry":{"type":"MultiPolygon","coordinates":[[[[129.1685277,35.9969082],[129.1685191,35.996875],[129.168472,35.9968718],[129.1684348,35.9968697],[129.1684288,35.9969185],[129.1685277,35.9969082]]]]}},{"type":"Feature","properties":{"UFID":"100035901007A00110100000004449199"},"geometry":{"type":"MultiPolygon","coordinates":[[[[129.1717149,35.9974156],[129.1716317,35.9973358],[129.1716007,35.9973548],[129.1716481,35.9974004],[129.1716837,35.9974358],[129.1717149,35.9974156]]]]}},{"type":"Feature","properties":{"UFID":"100035901007A00110100000004449200"},"geometry":{"type":"MultiPolygon","coordinates":[[[[129.1711448,35.9965865],[129.171144,35.9965853],[129.1711278,35.9965648],[129.1711231,35.9965544],[129.1711197,35.996536],[129.1711145,35.9964935],[129.171112,35.9964584],[129.1711101,35.9964405],[129.1711048,35.9964153],[129.1710971,35.9963939],[129.1710896,35.9963706],[129.17107,35.9963061],[129.1710402,35.9963096],[129.1710505,35.996364],[129.1710682,35.9964316],[129.1710697,35.9964403],[129.1710731,35.9964865],[129.171077,35.9965382],[129.1710786,35.9965481],[129.1710945,35.9966001],[129.1711448,35.9965865]]]]}},{"type":"Feature","properties":{"UFID":"100035901007A00110100000004449201"},"geometry":{"type":"MultiPolygon","coordinates":[[[[129.1719639,35.9977014],[129.1719852,35.9976782],[129.1719765,35.9976748],[129.1719476,35.9976719],[129.1719402,35.9976706],[129.1719167,35.997646],[129.1718801,35.9976033],[129.1718361,35.9975449],[129.1717967,35.9975031],[129.171742,35.9974417],[129.1717149,35.9974156],[129.1716837,35.9974358],[129.1717149,35.9974667],[129.1717718,35.9975248],[129.1718222,35.9975813],[129.1718641,35.9976361],[129.1719103,35.9976973],[129.1719331,35.9977267],[129.1719388,35.9977359],[129.1719537,35.9977116],[129.1719587,35.9977061],[129.1719639,35.9977014]]]]}},{"type":"Feature","properties":{"UFID":"100035901007A00110100000004449202"},"geometry":{"type":"MultiPolygon","coordinates":[[[[129.1714519,35.9964442],[129.1714124,35.9964296],[129.1714022,35.996442],[129.1713465,35.9964808],[129.1712814,35.9965239],[129.1711721,35.996595],[129.1711448,35.9965865],[129.1711711,35.9966481],[129.1711717,35.9966308],[129.1712065,35.9966138],[129.1712719,35.9965649],[129.1713535,35.9965134],[129.1714519,35.9964442]]]]}},{"type":"Feature","properties":{"UFID":"100035901007A00110100000004449203"},"geometry":{"type":"MultiPolygon","coordinates":[[[[129.1716317,35.9973358],[129.1717149,35.9974156],[129.1717138,35.997408],[129.1717197,35.9973733],[129.1717423,35.9973483],[129.1717693,35.9973204],[129.1717389,35.9973052],[129.1717071,35.9973404],[129.1716939,35.9973457],[129.17168,35.9973484],[129.1716661,35.9973488],[129.171655,35.9973458],[129.1716413,35.9973404],[129.1716317,35.9973358]]]]}},{"type":"Feature","properties":{"UFID":"100035901007A00110100000004449204"},"geometry":{"type":"MultiPolygon","coordinates":[[[[129.1716317,35.9973358],[129.1716076,35.9973093],[129.1716033,35.9973033],[129.1715697,35.9972493],[129.1714734,35.9971109],[129.1714283,35.997066],[129.1713614,35.9969621],[129.1713038,35.9968713],[129.1712517,35.9967888],[129.1712012,35.9967062],[129.1712011,35.9967011],[129.171203,35.9966955],[129.1712101,35.9966916],[129.171207,35.9966606],[129.1711859,35.9966645],[129.1711711,35.9966481],[129.1711252,35.9966654],[129.171131,35.9966759],[129.1711835,35.9967582],[129.1712587,35.9968643],[129.1713428,35.9969969],[129.1713962,35.9970829],[129.1714023,35.9970974],[129.1714108,35.9971249],[129.1714676,35.9972073],[129.1715042,35.9972626],[129.1715289,35.9972936],[129.1715705,35.9973256],[129.1716007,35.9973548],[129.1716317,35.9973358]]]]}},{"type":"Feature","properties":{"UFID":"100035901007A00110100000004449205"},"geometry":{"type":"MultiPolygon","coordinates":[[[[129.1685191,35.996875],[129.1685277,35.9969082],[129.1685344,35.9969059],[129.1687465,35.9969176],[129.1689858,35.9969341],[129.1691373,35.9969463],[129.1695072,35.996969],[129.1702476,35.9970206],[129.1702505,35.9969936],[129.1690106,35.9969087],[129.1685191,35.996875]]]]}},{"type":"Feature","properties":{"UFID":"100035901007A00110100000004449206"},"geometry":{"type":"MultiPolygon","coordinates":[[[[129.1686573,35.9958567],[129.1686599,35.9958198],[129.1686604,35.9957755],[129.1686209,35.9957782],[129.1686181,35.9958273],[129.1686142,35.9958567],[129.168591,35.9958823],[129.1686573,35.9958567]]]]}},{"type":"Feature","properties":{"UFID":"100035901007A00110100000004449207"},"geometry":{"type":"MultiPolygon","coordinates":[[[[129.1686523,35.9959107],[129.1686573,35.9958567],[129.168591,35.9958823],[129.1685906,35.995915],[129.1686414,35.9959138],[129.1686523,35.9959107]]]]}},{"type":"Feature","properties":{"UFID":"100035901007A00110100000004449208"},"geometry":{"type":"MultiPolygon","coordinates":[[[[129.1686573,35.9958567],[129.1686523,35.9959107],[129.1686839,35.9959017],[129.1687136,35.9958703],[129.1687185,35.9958622],[129.1687219,35.9958185],[129.1686829,35.9958183],[129.1686796,35.9958567],[129.1686573,35.9958567]]]]}},{"type":"Feature","properties":{"UFID":"100035901007A00110100000004449209"},"geometry":{"type":"MultiPolygon","coordinates":[[[[129.1714554,35.9963698],[129.1715049,35.9963835],[129.1715057,35.9963815],[129.171542,35.9963095],[129.1715964,35.9962273],[129.1716862,35.9960973],[129.1717567,35.9959958],[129.1718439,35.9958699],[129.1719382,35.9957444],[129.1720034,35.995656],[129.1720711,35.9955562],[129.1721762,35.9954059],[129.1722963,35.9952412],[129.1722644,35.9952282],[129.1721935,35.995322],[129.1721319,35.9954124],[129.1720621,35.9955059],[129.1719913,35.9956098],[129.17192,35.995704],[129.1718626,35.9957834],[129.1717941,35.9958758],[129.1717187,35.9959888],[129.1716549,35.9960796],[129.1715941,35.9961698],[129.1715381,35.9962534],[129.171487,35.9963211],[129.1714554,35.9963698]]]]}},{"type":"Feature","properties":{"UFID":"100035901007A00110100000004449210"},"geometry":{"type":"MultiPolygon","coordinates":[[[[129.1715049,35.9963835],[129.1714554,35.9963698],[129.1714322,35.9964054],[129.1714124,35.9964296],[129.1714519,35.9964442],[129.1715049,35.9963835]]]]}},{"type":"Feature","properties":{"UFID":"100035901007A00110100000004449211"},"geometry":{"type":"MultiPolygon","coordinates":[[[[129.1715049,35.9963835],[129.1714519,35.9964442],[129.1714899,35.9964302],[129.1715255,35.9964149],[129.1715393,35.9964095],[129.17155,35.9964042],[129.1715633,35.996396],[129.171569,35.9963912],[129.1715545,35.996365],[129.1715199,35.996386],[129.1715144,35.9963873],[129.1715081,35.9963865],[129.1715049,35.9963835]]]]}},{"type":"Feature","properties":{"UFID":"100035901007A00110100000004449212"},"geometry":{"type":"MultiPolygon","coordinates":[[[[129.1672484,35.9968854],[129.1672367,35.9967966],[129.1671541,35.9967936],[129.1671773,35.9968821],[129.1671793,35.9968896],[129.1672484,35.9968854]]]]}},{"type":"Feature","properties":{"UFID":"100035901007A00110100000004449213"},"geometry":{"type":"MultiPolygon","coordinates":[[[[129.1669735,35.9959024],[129.1669169,35.9959129],[129.1669288,35.9959528],[129.1670266,35.9963062],[129.1671541,35.9967936],[129.1672367,35.9967966],[129.1671123,35.9963642],[129.1670178,35.9960374],[129.1669735,35.9959024]]]]}},{"type":"Feature","properties":{"UFID":"100035901007A00110100000004449214"},"geometry":{"type":"MultiPolygon","coordinates":[[[[129.1672484,35.9968854],[129.1671793,35.9968896],[129.1673735,35.9975983],[129.1674242,35.9978277],[129.1674147,35.9978465],[129.1673841,35.9978572],[129.1673701,35.9979768],[129.1674049,35.9980059],[129.1673881,35.9981361],[129.1671881,35.9989631],[129.1672516,35.9989724],[129.167402,35.9983503],[129.1674991,35.9978982],[129.1674969,35.9978118],[129.1674713,35.9976936],[129.1673919,35.997385],[129.1672484,35.9968854]]]]}},{"type":"Feature","properties":{"UFID":"100035901007A00110100000004449215"},"geometry":{"type":"MultiPolygon","coordinates":[[[[129.1672516,35.9989724],[129.1671881,35.9989631],[129.1671695,35.9990153],[129.1672352,35.9990373],[129.1672516,35.9989724]]]]}},{"type":"Feature","properties":{"UFID":"100035901007A00110100000004449216"},"geometry":{"type":"MultiPolygon","coordinates":[[[[129.1671881,35.9989631],[129.1671562,35.9989719],[129.1664431,35.9988632],[129.1661706,35.9988201],[129.1656551,35.9987398],[129.1656488,35.9987664],[129.1661642,35.9988466],[129.1664356,35.9988896],[129.1671338,35.9990041],[129.1671695,35.9990153],[129.1671881,35.9989631]]]]}},{"type":"Feature","properties":{"UFID":"100035901007A00110100000004449217"},"geometry":{"type":"MultiPolygon","coordinates":[[[[129.1685363,35.9991728],[129.1684127,35.9991762],[129.1683276,35.9991619],[129.168187,35.9991397],[129.1681785,35.9991383],[129.1676977,35.9990605],[129.1672749,35.9989911],[129.1672598,35.9989866],[129.1672516,35.9989724],[129.1672352,35.9990373],[129.167257,35.999023],[129.1680376,35.9991486],[129.1682882,35.9991878],[129.1683197,35.9991928],[129.1684937,35.9992224],[129.1685363,35.9991728]]]]}},{"type":"Feature","properties":{"UFID":"100035901007A00110100000004449218"},"geometry":{"type":"MultiPolygon","coordinates":[[[[129.1684348,35.9968697],[129.1678698,35.9968376],[129.1672367,35.9967966],[129.1672484,35.9968854],[129.1672606,35.996865],[129.1672764,35.9968523],[129.1673013,35.9968403],[129.1675568,35.996847],[129.1678348,35.9968627],[129.1682255,35.9968835],[129.1683628,35.9968948],[129.1683961,35.996902],[129.1684288,35.9969185],[129.1684348,35.9968697]]]]}},{"type":"Feature","properties":{"UFID":"100035901007A00110100000004449219"},"geometry":{"type":"MultiPolygon","coordinates":[[[[129.1685906,35.995915],[129.168591,35.9958823],[129.1684639,35.9958776],[129.1678767,35.995839],[129.1677655,35.9958294],[129.1674078,35.9958027],[129.1672953,35.9957983],[129.1672052,35.9957985],[129.167115,35.9958072],[129.1670651,35.9958206],[129.1669603,35.9958657],[129.1669735,35.9959024],[129.1669789,35.9958913],[129.1669948,35.9958836],[129.1671177,35.9958412],[129.1672012,35.9958291],[129.1672312,35.9958282],[129.167311,35.9958282],[129.1674843,35.9958395],[129.1675198,35.9958409],[129.1679001,35.9958696],[129.1684283,35.9959074],[129.168577,35.9959153],[129.1685906,35.995915]]]]}},{"type":"Feature","properties":{"UFID":"100035901007A00110100000004449220"},"geometry":{"type":"MultiPolygon","coordinates":[[[[129.1669735,35.9959024],[129.1669603,35.9958657],[129.1669055,35.9958745],[129.1669169,35.9959129],[129.1669735,35.9959024]]]]}},{"type":"Feature","properties":{"UFID":"100035901007A00110100000004449221"},"geometry":{"type":"MultiPolygon","coordinates":[[[[129.1657639,35.9957402],[129.1656798,35.9957263],[129.1656615,35.9957586],[129.1656328,35.9957871],[129.1657254,35.9958156],[129.1657639,35.9957402]]]]}},{"type":"Feature","properties":{"UFID":"100035901007A00110100000004449222"},"geometry":{"type":"MultiPolygon","coordinates":[[[[129.1657254,35.9958156],[129.1656328,35.9957871],[129.1655675,35.9958519],[129.1654532,35.9959469],[129.165401,35.9959837],[129.1653314,35.996022],[129.1652573,35.996055],[129.1651366,35.9960908],[129.1650312,35.9961154],[129.1648936,35.9961396],[129.1647342,35.9961662],[129.1646952,35.9961682],[129.1646602,35.9961675],[129.1646415,35.9961643],[129.164726,35.9962396],[129.164729,35.9962153],[129.1647438,35.9962],[129.164771,35.9961875],[129.1648311,35.9961751],[129.1649784,35.9961536],[129.1651272,35.9961366],[129.1652139,35.9961237],[129.1652832,35.9961055],[129.165351,35.9960727],[129.1654486,35.9960185],[129.1655421,35.9959464],[129.1656395,35.9958638],[129.1656813,35.9958361],[129.1657254,35.9958156]]]]}},{"type":"Feature","properties":{"UFID":"100035901007A00110100000004449223"},"geometry":{"type":"MultiPolygon","coordinates":[[[[129.164398,35.9974971],[129.1643548,35.9974815],[129.1643135,35.997581],[129.164272,35.9976961],[129.1642248,35.9978389],[129.164203,35.9979046],[129.1641822,35.9979955],[129.1641672,35.9980597],[129.1641559,35.9980997],[129.1641498,35.9981161],[129.1641224,35.9981859],[129.164081,35.9982777],[129.1640562,35.9983545],[129.1640467,35.9984266],[129.1640319,35.9984931],[129.1640239,35.9985824],[129.1640219,35.9986527],[129.1640247,35.9987345],[129.1640274,35.9987892],[129.1640273,35.9988391],[129.1640236,35.9988789],[129.1640122,35.9989277],[129.1639878,35.9990061],[129.1639379,35.9991217],[129.1639021,35.9992162],[129.1638542,35.9993403],[129.1638015,35.9994332],[129.1637895,35.9994564],[129.1637527,35.9995255],[129.1637221,35.9995667],[129.1636981,35.9995984],[129.1636917,35.9996031],[129.1636848,35.999608],[129.1636775,35.999611],[129.1636664,35.9996117],[129.1637093,35.999677],[129.1637181,35.99965],[129.163728,35.9996284],[129.1637902,35.9995357],[129.1638281,35.9994732],[129.16388,35.9993642],[129.1639306,35.9992358],[129.1639789,35.999113],[129.1640319,35.9989679],[129.1640584,35.9988664],[129.1640663,35.9988139],[129.1640658,35.99871],[129.1640597,35.9986316],[129.1640616,35.9985764],[129.1640633,35.9985416],[129.1640709,35.9984689],[129.1640873,35.9983838],[129.1641178,35.9982784],[129.1641599,35.9981778],[129.1641997,35.9980848],[129.1642055,35.9980616],[129.1642097,35.998034],[129.1642481,35.9978823],[129.1642999,35.9977307],[129.1643534,35.9975917],[129.1643853,35.9975293],[129.164398,35.9974971]]]]}},{"type":"Feature","properties":{"UFID":"100035901007A00110100000004449224"},"geometry":{"type":"MultiPolygon","coordinates":[[[[129.1631862,35.9978992],[129.1631716,35.9978549],[129.1631669,35.997859],[129.1631063,35.9978696],[129.1631015,35.9978696],[129.1630956,35.9978692],[129.1630905,35.9978675],[129.1630979,35.9979116],[129.1631283,35.9978995],[129.1631561,35.9978973],[129.1631862,35.9978992]]]]}},{"type":"Feature","properties":{"UFID":"100035901007A00110100000004449225"},"geometry":{"type":"MultiPolygon","coordinates":[[[[129.1637093,35.999677],[129.1636664,35.9996117],[129.1636588,35.9996116],[129.1636527,35.9996115],[129.1636303,35.999657],[129.1636507,35.9996895],[129.1637093,35.999677]]]]}},{"type":"Feature","properties":{"UFID":"100035901007A00110100000004449226"},"geometry":{"type":"MultiPolygon","coordinates":[[[[129.1636527,35.9996115],[129.1636251,35.9996013],[129.1635948,35.9995875],[129.1635433,35.9995807],[129.1634969,35.9995835],[129.163503,35.9996302],[129.1635168,35.9996217],[129.1635278,35.9996201],[129.1635543,35.9996174],[129.1635763,35.9996201],[129.1635936,35.9996266],[129.1636055,35.9996326],[129.1636303,35.999657],[129.1636527,35.9996115]]]]}},{"type":"Feature","properties":{"UFID":"100035901007A00110100000004449227"},"geometry":{"type":"MultiPolygon","coordinates":[[[[129.1634957,35.9996393],[129.163503,35.9996302],[129.1634969,35.9995835],[129.1634483,35.9995904],[129.1634306,35.999591],[129.163427,35.9996338],[129.1634385,35.9996434],[129.1634957,35.9996393]]]]}},{"type":"Feature","properties":{"UFID":"100035901007A00110100000004449228"},"geometry":{"type":"MultiPolygon","coordinates":[[[[129.162879,35.9982902],[129.1628285,35.9982201],[129.1627884,35.9982353],[129.1628146,35.9983071],[129.162879,35.9982902]]]]}},{"type":"Feature","properties":{"UFID":"100035901007A00110100000004449229"},"geometry":{"type":"MultiPolygon","coordinates":[[[[129.1630905,35.9978675],[129.163058,35.9978621],[129.1630443,35.9979001],[129.1630416,35.9979074],[129.1630979,35.9979116],[129.1630905,35.9978675]]]]}},{"type":"Feature","properties":{"UFID":"100035901007A00110100000004449230"},"geometry":{"type":"MultiPolygon","coordinates":[[[[129.1630979,35.9979116],[129.1630416,35.9979074],[129.1630373,35.9979195],[129.1630055,35.9979965],[129.1629307,35.9981266],[129.1628864,35.9982053],[129.162854,35.9982204],[129.1628412,35.9982214],[129.1628285,35.9982201],[129.162879,35.9982902],[129.1628819,35.9982801],[129.162895,35.9982563],[129.1629376,35.9981832],[129.1630008,35.9980683],[129.1630392,35.9979843],[129.1630747,35.997933],[129.1630979,35.9979116]]]]}},{"type":"Feature","properties":{"UFID":"100035901007A00110100000004449231"},"geometry":{"type":"MultiPolygon","coordinates":[[[[129.163427,35.9996338],[129.1634306,35.999591],[129.1634044,35.9995898],[129.1633687,35.9995853],[129.1633325,35.9995856],[129.1633033,35.9995875],[129.1632723,35.999595],[129.1632506,35.9996025],[129.1632182,35.9996173],[129.1631838,35.999624],[129.1631482,35.9996226],[129.1631229,35.9996161],[129.1631061,35.9996086],[129.1630992,35.9996033],[129.1630788,35.9995797],[129.1630404,35.999538],[129.1630039,35.9994864],[129.1629955,35.9994558],[129.1629981,35.9994239],[129.1630036,35.9994137],[129.1630083,35.9994057],[129.1630668,35.9993187],[129.1631162,35.9992364],[129.1631804,35.999137],[129.1632166,35.9990701],[129.1632285,35.9990399],[129.1632432,35.9989795],[129.1632562,35.9989265],[129.1632634,35.9988123],[129.1632739,35.998738],[129.1632758,35.9987137],[129.1632779,35.9986998],[129.1632808,35.9986876],[129.1633058,35.9986499],[129.1633544,35.9985754],[129.1633894,35.998504],[129.1633981,35.9984757],[129.1634055,35.9984486],[129.16341,35.9984164],[129.1634108,35.9983799],[129.1634107,35.9983474],[129.1634016,35.9982746],[129.1633858,35.9981913],[129.163367,35.9981106],[129.1633352,35.998033],[129.1633044,35.99796],[129.1632501,35.9978811],[129.1631862,35.9978992],[129.1632035,35.9979046],[129.1632122,35.9979079],[129.1632213,35.9979158],[129.163231,35.9979223],[129.1632419,35.9979357],[129.1632422,35.9979401],[129.1632879,35.9980122],[129.1633158,35.9980819],[129.1633477,35.9981957],[129.1633645,35.9982788],[129.1633764,35.9983657],[129.1633737,35.9984165],[129.1633681,35.9984553],[129.1633574,35.9984869],[129.1633402,35.9985242],[129.1633101,35.9985734],[129.1632734,35.9986299],[129.1632504,35.9986647],[129.1632423,35.998685],[129.1632397,35.9986982],[129.1632308,35.998735],[129.1632256,35.9987947],[129.1632202,35.9988638],[129.1632138,35.9989244],[129.1632041,35.9989723],[129.1631924,35.9990097],[129.1631756,35.9990521],[129.163147,35.999105],[129.1631032,35.9991691],[129.163047,35.999263],[129.1629765,35.9993697],[129.1629529,35.9994104],[129.1629441,35.9994417],[129.1629484,35.9994686],[129.1629565,35.9994924],[129.1629665,35.9995062],[129.163009,35.999558],[129.163065,35.9996175],[129.16311,35.9996398],[129.1631289,35.9996454],[129.1631561,35.9996525],[129.1631775,35.9996526],[129.1632006,35.9996518],[129.1632137,35.9996507],[129.1632376,35.9996461],[129.1632724,35.9996372],[129.1632898,35.9996311],[129.1633074,35.9996242],[129.1633295,35.9996173],[129.1633464,35.9996161],[129.1633623,35.9996161],[129.163373,35.999617],[129.163406,35.9996233],[129.163427,35.9996338]]]]}},{"type":"Feature","properties":{"UFID":"100035901007A00110100000004449232"},"geometry":{"type":"MultiPolygon","coordinates":[[[[129.1632501,35.9978811],[129.1632112,35.9978369],[129.1631716,35.9978549],[129.1631862,35.9978992],[129.1632501,35.9978811]]]]}},{"type":"Feature","properties":{"UFID":"100035901007A00110100000004449233"},"geometry":{"type":"MultiPolygon","coordinates":[[[[129.1720245,35.9926778],[129.1720139,35.9927216],[129.172064,35.9927056],[129.172137,35.9926765],[129.1722206,35.9926477],[129.1722862,35.9926338],[129.1723035,35.9926343],[129.1724138,35.9926516],[129.1724328,35.9926658],[129.1724334,35.9927042],[129.1723386,35.9929311],[129.1723701,35.9929397],[129.1724667,35.9927085],[129.1724659,35.9926538],[129.1724292,35.9926266],[129.1723073,35.9926073],[129.1722826,35.9926066],[129.1722098,35.9926221],[129.1721232,35.9926519],[129.1720553,35.9926789],[129.1720474,35.9926793],[129.1720245,35.9926778]]]]}},{"type":"Feature","properties":{"UFID":"100035901007A00110100000004449234"},"geometry":{"type":"MultiPolygon","coordinates":[[[[129.1736553,35.9923872],[129.1736356,35.9923292],[129.1736333,35.9923305],[129.1736224,35.9923344],[129.1736141,35.9923344],[129.173604,35.9923329],[129.1735946,35.9923299],[129.1735866,35.9923245],[129.1735827,35.9923173],[129.1735831,35.992309],[129.1735832,35.9923084],[129.1735222,35.9923309],[129.173536,35.9924354],[129.1735989,35.9924141],[129.1736333,35.9923996],[129.1736435,35.9923944],[129.1736553,35.9923872]]]]}},{"type":"Feature","properties":{"UFID":"100035901007A00110100000004449235"},"geometry":{"type":"MultiPolygon","coordinates":[[[[129.1731314,35.9929534],[129.1731008,35.9929421],[129.1730805,35.9929644],[129.1731134,35.9929765],[129.1731314,35.9929534]]]]}},{"type":"Feature","properties":{"UFID":"100035901007A00110100000004449236"},"geometry":{"type":"MultiPolygon","coordinates":[[[[129.1731008,35.9929421],[129.172852,35.9928539],[129.1727914,35.9928347],[129.1727677,35.9928324],[129.1727412,35.9928344],[129.172673,35.9928691],[129.1726527,35.9928776],[129.1726489,35.9928779],[129.172638,35.9928775],[129.1726101,35.992871],[129.172601,35.992897],[129.1726325,35.9929043],[129.1726497,35.992905],[129.1726624,35.992904],[129.1726896,35.9928926],[129.1727521,35.9928607],[129.1727672,35.9928596],[129.1727832,35.9928611],[129.1728393,35.9928789],[129.1730805,35.9929644],[129.1731008,35.9929421]]]]}},{"type":"Feature","properties":{"UFID":"100035901007A00110100000004449237"},"geometry":{"type":"MultiPolygon","coordinates":[[[[129.1731134,35.9929765],[129.1730805,35.9929644],[129.1729763,35.9931274],[129.1729686,35.9931399],[129.1729973,35.9931536],[129.1730059,35.9931397],[129.1731001,35.9929936],[129.1731134,35.9929765]]]]}},{"type":"Feature","properties":{"UFID":"100035901007A00110100000004449238"},"geometry":{"type":"MultiPolygon","coordinates":[[[[129.1729973,35.9931536],[129.1729686,35.9931399],[129.1729013,35.993249],[129.172837,35.9933396],[129.1727637,35.9934369],[129.1726974,35.9935293],[129.1726498,35.9936001],[129.1725821,35.9937011],[129.172514,35.9938024],[129.1724511,35.9938942],[129.1724043,35.993962],[129.1722882,35.9941312],[129.1722681,35.9941619],[129.17225,35.9941878],[129.1722866,35.9941902],[129.1722973,35.9941749],[129.1723174,35.9941441],[129.1724333,35.9939752],[129.1724802,35.9939074],[129.1725431,35.9938156],[129.1726113,35.993714],[129.1726791,35.993613],[129.172731,35.9935356],[129.1727923,35.9934508],[129.1728656,35.9933534],[129.1729306,35.9932618],[129.1729973,35.9931536]]]]}},{"type":"Feature","properties":{"UFID":"100035901007A00110100000004449239"},"geometry":{"type":"MultiPolygon","coordinates":[[[[129.1722507,35.9942417],[129.1722866,35.9941902],[129.17225,35.9941878],[129.1722117,35.9942428],[129.1722507,35.9942417]]]]}},{"type":"Feature","properties":{"UFID":"100035901007A00110100000004449240"},"geometry":{"type":"MultiPolygon","coordinates":[[[[129.1740245,35.9927518],[129.1739944,35.9927308],[129.1738958,35.9928527],[129.1739409,35.9928803],[129.1739836,35.9928131],[129.1740245,35.9927518]]]]}},{"type":"Feature","properties":{"UFID":"100035901007A00110100000004449241"},"geometry":{"type":"MultiPolygon","coordinates":[[[[129.1742045,35.9925043],[129.1741773,35.9924909],[129.1741328,35.9925397],[129.1740874,35.9925962],[129.174052,35.9926467],[129.1739944,35.9927308],[129.1740245,35.9927518],[129.1740351,35.9927359],[129.1740907,35.9926594],[129.1741552,35.992572],[129.1742045,35.9925043]]]]}},{"type":"Feature","properties":{"UFID":"100035901007A00110100000004449242"},"geometry":{"type":"MultiPolygon","coordinates":[[[[129.1739409,35.9928803],[129.1738958,35.9928527],[129.1738764,35.9928886],[129.1739212,35.9929115],[129.1739409,35.9928803]]]]}},{"type":"Feature","properties":{"UFID":"100035901007A00110100000004449243"},"geometry":{"type":"MultiPolygon","coordinates":[[[[129.173536,35.9924354],[129.1735222,35.9923309],[129.1733233,35.9926253],[129.1732118,35.9927795],[129.1732116,35.9927799],[129.1732457,35.9927951],[129.17336,35.9926367],[129.1733806,35.9926084],[129.1735026,35.9924492],[129.173513,35.9924411],[129.173536,35.9924354]]]]}},{"type":"Feature","properties":{"UFID":"100035901007A00110100000004449244"},"geometry":{"type":"MultiPolygon","coordinates":[[[[129.1732457,35.9927951],[129.1732116,35.9927799],[129.1731354,35.9928976],[129.1731008,35.9929421],[129.1731314,35.9929534],[129.173164,35.9929114],[129.1732454,35.9927955],[129.1732457,35.9927951]]]]}},{"type":"Feature","properties":{"UFID":"100035901007A00110100000004449245"},"geometry":{"type":"MultiPolygon","coordinates":[[[[129.1748073,35.9945052],[129.174781,35.9944876],[129.1747788,35.9944902],[129.1746973,35.9945841],[129.174429,35.9948871],[129.1741864,35.9951602],[129.1740989,35.9952584],[129.173869,35.9955254],[129.1736285,35.9957946],[129.1734134,35.9960356],[129.1732057,35.9962742],[129.173233,35.9962896],[129.1734404,35.9960514],[129.1736555,35.9958105],[129.1738961,35.9955411],[129.174126,35.995274],[129.1742133,35.995176],[129.174456,35.9949029],[129.1747244,35.9945998],[129.1748062,35.9945056],[129.1748073,35.9945052]]]]}},{"type":"Feature","properties":{"UFID":"100035901007A00110100000004449246"},"geometry":{"type":"MultiPolygon","coordinates":[[[[129.1722507,35.9942417],[129.1722117,35.9942428],[129.1721316,35.9943579],[129.1720498,35.9944755],[129.171994,35.994557],[129.1719319,35.994648],[129.1717855,35.9948632],[129.1718147,35.9948762],[129.171961,35.9946611],[129.1720231,35.9945701],[129.1720788,35.9944887],[129.1721605,35.9943712],[129.1722507,35.9942417]]]]}},{"type":"Feature","properties":{"UFID":"100035901007A00110100000004449247"},"geometry":{"type":"MultiPolygon","coordinates":[[[[129.1714594,35.9926493],[129.171216,35.992521],[129.1712133,35.992556],[129.1712657,35.9925901],[129.171328,35.9926255],[129.1714263,35.9926752],[129.1714594,35.9926493]]]]}},{"type":"Feature","properties":{"UFID":"100035901007A00110100000004449248"},"geometry":{"type":"MultiPolygon","coordinates":[[[[129.171216,35.992521],[129.171187,35.9924852],[129.1711514,35.9925338],[129.1712133,35.992556],[129.171216,35.992521]]]]}},{"type":"Feature","properties":{"UFID":"100035901007A00110100000004449249"},"geometry":{"type":"MultiPolygon","coordinates":[[[[129.1712796,35.9923832],[129.1712303,35.9923628],[129.1712295,35.992373],[129.171187,35.9924852],[129.171216,35.992521],[129.1712796,35.9923832]]]]}},{"type":"Feature","properties":{"UFID":"100035901007A00110100000004449250"},"geometry":{"type":"MultiPolygon","coordinates":[[[[129.1713172,35.9923518],[129.1712677,35.9923282],[129.1712303,35.9923628],[129.1712796,35.9923832],[129.1713092,35.992357],[129.1713172,35.9923518]]]]}},{"type":"Feature","properties":{"UFID":"100035901007A00110100000004449251"},"geometry":{"type":"MultiPolygon","coordinates":[[[[129.1719701,35.9929109],[129.1719357,35.9929072],[129.1719328,35.9929449],[129.1719234,35.9930013],[129.1718756,35.9930824],[129.1718744,35.993091],[129.1718788,35.9931072],[129.1719003,35.9931241],[129.1719639,35.9931856],[129.1720001,35.9931787],[129.1719247,35.9931056],[129.1719091,35.9930934],[129.1719081,35.9930898],[129.1719556,35.9930091],[129.1719659,35.992947],[129.1719701,35.9929109]]]]}},{"type":"Feature","properties":{"UFID":"100035901007A00110100000004449252"},"geometry":{"type":"MultiPolygon","coordinates":[[[[129.1715458,35.9927341],[129.1715065,35.9927158],[129.1714688,35.9928092],[129.1714268,35.992913],[129.1714689,35.9929243],[129.171511,35.9928204],[129.1715458,35.9927341]]]]}},{"type":"Feature","properties":{"UFID":"100035901007A00110100000004449253"},"geometry":{"type":"MultiPolygon","coordinates":[[[[129.1715563,35.9927075],[129.1715409,35.9926996],[129.1715207,35.9926887],[129.1715065,35.9927158],[129.1715458,35.9927341],[129.1715563,35.9927075]]]]}},{"type":"Feature","properties":{"UFID":"100035901007A00110100000004449254"},"geometry":{"type":"MultiPolygon","coordinates":[[[[129.1714909,35.9926729],[129.1714594,35.9926493],[129.1714263,35.9926752],[129.1714689,35.9926968],[129.1714909,35.9926729]]]]}},{"type":"Feature","properties":{"UFID":"100035901007A00110100000004449255"},"geometry":{"type":"MultiPolygon","coordinates":[[[[129.1715207,35.9926887],[129.1714909,35.9926729],[129.1714689,35.9926968],[129.1715065,35.9927158],[129.1715207,35.9926887]]]]}},{"type":"Feature","properties":{"UFID":"100035901007A00110100000004449256"},"geometry":{"type":"MultiPolygon","coordinates":[[[[129.1720078,35.992486],[129.1720083,35.99247],[129.1720095,35.9924562],[129.1719722,35.9924595],[129.1719715,35.9924865],[129.1720078,35.992486]]]]}},{"type":"Feature","properties":{"UFID":"100035901007A00110100000004449257"},"geometry":{"type":"MultiPolygon","coordinates":[[[[129.1719715,35.9924865],[129.1719722,35.9924595],[129.1719121,35.9924613],[129.1718826,35.992459],[129.1718286,35.9924558],[129.1717854,35.9924452],[129.171726,35.9924309],[129.1717112,35.992428],[129.1716924,35.9924281],[129.1716744,35.9924331],[129.171662,35.9924444],[129.1716138,35.9924984],[129.1715528,35.9925545],[129.1715004,35.9926064],[129.1714852,35.9926263],[129.1714724,35.9926404],[129.1714594,35.9926493],[129.1714909,35.9926729],[129.171508,35.9926475],[129.1715275,35.9926223],[129.1715781,35.9925721],[129.1716398,35.9925154],[129.171688,35.9924613],[129.1716934,35.9924564],[129.1716978,35.9924551],[129.1717074,35.9924551],[129.1717176,35.9924571],[129.1717759,35.9924711],[129.1718225,35.9924825],[129.1718798,35.9924859],[129.1719111,35.9924883],[129.1719715,35.9924865]]]]}},{"type":"Feature","properties":{"UFID":"100035901007A00110100000004449258"},"geometry":{"type":"MultiPolygon","coordinates":[[[[129.1720078,35.992486],[129.1719715,35.9924865],[129.1719702,35.992597],[129.1719733,35.9926747],[129.1720245,35.9926778],[129.1720055,35.9926478],[129.1720034,35.9925967],[129.1720078,35.992486]]]]}},{"type":"Feature","properties":{"UFID":"100035901007A00110100000004449259"},"geometry":{"type":"MultiPolygon","coordinates":[[[[129.1720139,35.9927216],[129.1720245,35.9926778],[129.1719733,35.9926747],[129.171974,35.9926925],[129.1719688,35.9927245],[129.1720139,35.9927216]]]]}},{"type":"Feature","properties":{"UFID":"100035901007A00110100000004449260"},"geometry":{"type":"MultiPolygon","coordinates":[[[[129.1719742,35.9928739],[129.1719296,35.9928727],[129.1719357,35.9929072],[129.1719701,35.9929109],[129.1719742,35.9928739]]]]}},{"type":"Feature","properties":{"UFID":"100035901007A00110100000004449261"},"geometry":{"type":"MultiPolygon","coordinates":[[[[129.1719296,35.9928727],[129.1719168,35.9928756],[129.1719025,35.9928727],[129.171772,35.9928198],[129.1717511,35.9928082],[129.1715563,35.9927075],[129.1715458,35.9927341],[129.1717328,35.9928308],[129.1717556,35.9928435],[129.1719003,35.9928973],[129.1719163,35.9929001],[129.1719357,35.9929072],[129.1719296,35.9928727]]]]}},{"type":"Feature","properties":{"UFID":"100035901007A00110100000004449262"},"geometry":{"type":"MultiPolygon","coordinates":[[[[129.1720139,35.9927216],[129.1719688,35.9927245],[129.1719622,35.9927646],[129.1719568,35.9928253],[129.1719475,35.9928595],[129.1719408,35.9928676],[129.1719296,35.9928727],[129.1719742,35.9928739],[129.1719765,35.992853],[129.171995,35.9927688],[129.1719997,35.9927405],[129.1720139,35.9927216]]]]}},{"type":"Feature","properties":{"UFID":"100035901007A00110100000004449263"},"geometry":{"type":"MultiPolygon","coordinates":[[[[129.1712133,35.992556],[129.1711514,35.9925338],[129.1711517,35.9925531],[129.1711448,35.9926044],[129.1711276,35.9926523],[129.1710947,35.992709],[129.1710882,35.9927201],[129.1710558,35.9927715],[129.1710133,35.9928294],[129.1709814,35.9928932],[129.1709574,35.9929601],[129.1709413,35.9930343],[129.1709349,35.993097],[129.1709393,35.9931467],[129.1709521,35.9931984],[129.1709603,35.9932367],[129.1709546,35.9932627],[129.1709906,35.9932707],[129.1709935,35.9932639],[129.1709953,35.9932559],[129.1709935,35.9932401],[129.1709697,35.993124],[129.1709672,35.9931017],[129.1709742,35.9930378],[129.1709898,35.9929663],[129.1710129,35.9929021],[129.1710431,35.9928414],[129.1710849,35.9927846],[129.1711019,35.9927577],[129.1711146,35.9927398],[129.1711797,35.9926274],[129.1712133,35.992556]]]]}},{"type":"Feature","properties":{"UFID":"100035901007A00110100000004449264"},"geometry":{"type":"MultiPolygon","coordinates":[[[[129.1709575,35.9937986],[129.1709257,35.9938177],[129.1709269,35.9938339],[129.1709285,35.993856],[129.1709303,35.993866],[129.1709381,35.9938899],[129.1709448,35.9938997],[129.1709634,35.9939234],[129.1709686,35.9939399],[129.1709659,35.9939537],[129.1709987,35.9939581],[129.1710026,35.9939387],[129.1709943,35.9939125],[129.1709734,35.9938859],[129.1709692,35.9938797],[129.1709629,35.9938606],[129.1709616,35.9938533],[129.1709602,35.9938323],[129.1709575,35.9937986]]]]}},{"type":"Feature","properties":{"UFID":"100035901007A00110100000004449265"},"geometry":{"type":"MultiPolygon","coordinates":[[[[129.1722117,35.9942428],[129.17225,35.9941878],[129.172217,35.9942071],[129.1722013,35.994211],[129.1721841,35.9942157],[129.1721679,35.9942183],[129.1721454,35.9942211],[129.1721012,35.9942231],[129.1720429,35.9942304],[129.1719815,35.9942402],[129.1719181,35.9942507],[129.1718515,35.9942571],[129.1717,35.9942943],[129.1716392,35.9943187],[129.1715896,35.9943543],[129.1715714,35.9943728],[129.1715141,35.9944458],[129.1715045,35.9944663],[129.171423,35.9946381],[129.1713971,35.9946393],[129.1714502,35.9946559],[129.1715356,35.9944759],[129.171544,35.9944579],[129.1715985,35.9943886],[129.1716138,35.994373],[129.1716579,35.9943413],[129.1717123,35.9943195],[129.1718611,35.994283],[129.1719519,35.9942644],[129.172029,35.9942522],[129.1720945,35.9942437],[129.17216,35.9942414],[129.1722117,35.9942428]]]]}},{"type":"Feature","properties":{"UFID":"100035901007A00110100000004449266"},"geometry":{"type":"MultiPolygon","coordinates":[[[[129.1689362,35.9925668],[129.16888,35.9925453],[129.1688507,35.9925743],[129.1688905,35.9926061],[129.1689192,35.9925775],[129.1689218,35.9925749],[129.1689362,35.9925668]]]]}},{"type":"Feature","properties":{"UFID":"100035901007A00110100000004449267"},"geometry":{"type":"MultiPolygon","coordinates":[[[[129.1688905,35.9926061],[129.1688507,35.9925743],[129.1687745,35.9926503],[129.1686782,35.9927849],[129.1685941,35.9929818],[129.1685522,35.9931005],[129.1685429,35.9931251],[129.1685893,35.9931558],[129.168644,35.9930097],[129.1687268,35.9928067],[129.1688202,35.992676],[129.1688905,35.9926061]]]]}},{"type":"Feature","properties":{"UFID":"100035901007A00110100000004449268"},"geometry":{"type":"MultiPolygon","coordinates":[[[[129.1692381,35.9946617],[129.1692618,35.994687],[129.1696215,35.9946607],[129.170023,35.9946313],[129.1700391,35.9946318],[129.1700545,35.9946318],[129.1701179,35.9946448],[129.1701296,35.9946587],[129.170091,35.995985],[129.1701242,35.9959868],[129.170163,35.9946507],[129.1701382,35.9946211],[129.1700587,35.9946047],[129.1700397,35.9946047],[129.1700221,35.9946042],[129.1696186,35.9946337],[129.1692381,35.9946617]]]]}},{"type":"Feature","properties":{"UFID":"100035901007A00110100000004449269"},"geometry":{"type":"MultiPolygon","coordinates":[[[[129.1692053,35.9947028],[129.1691869,35.9946636],[129.1691387,35.9946678],[129.1687055,35.9947037],[129.1687105,35.9947441],[129.1691439,35.9947082],[129.1692053,35.9947028]]]]}},{"type":"Feature","properties":{"UFID":"100035901007A00110100000004449270"},"geometry":{"type":"MultiPolygon","coordinates":[[[[129.1689036,35.9938228],[129.1688954,35.9938032],[129.1688771,35.9937587],[129.168846,35.9938111],[129.1688659,35.9938586],[129.1689036,35.9938228]]]]}},{"type":"Feature","properties":{"UFID":"100035901007A00110100000004449271"},"geometry":{"type":"MultiPolygon","coordinates":[[[[129.1688771,35.9937587],[129.168739,35.9934228],[129.1686834,35.9933031],[129.1686366,35.9932312],[129.1686159,35.9932037],[129.1685893,35.9931558],[129.1685346,35.9932221],[129.1685706,35.9932224],[129.168574,35.9932259],[129.1685932,35.9932513],[129.1686377,35.9933198],[129.1686919,35.9934364],[129.168846,35.9938111],[129.1688771,35.9937587]]]]}},{"type":"Feature","properties":{"UFID":"100035901007A00110100000004449272"},"geometry":{"type":"MultiPolygon","coordinates":[[[[129.1688659,35.9938586],[129.168846,35.9938111],[129.1686477,35.9941264],[129.1684599,35.9943976],[129.1685008,35.9944122],[129.1686867,35.9941434],[129.1688659,35.9938586]]]]}},{"type":"Feature","properties":{"UFID":"100035901007A00110100000004449273"},"geometry":{"type":"MultiPolygon","coordinates":[[[[129.171187,35.9924852],[129.1711406,35.9924997],[129.17113,35.9924986],[129.1710455,35.9924834],[129.1709875,35.9924702],[129.1708704,35.99242],[129.1706781,35.9923656],[129.170423,35.9923005],[129.1702529,35.9922464],[129.1702344,35.9922391],[129.1701873,35.9922188],[129.1701106,35.9921893],[129.1700965,35.9921726],[129.1700854,35.9922142],[129.1701542,35.9922378],[129.1702397,35.9922712],[129.170412,35.992326],[129.1706677,35.9923913],[129.1708572,35.9924448],[129.1709752,35.9924954],[129.1710373,35.9925097],[129.1710635,35.9925144],[129.1711514,35.9925338],[129.171187,35.9924852]]]]}},{"type":"Feature","properties":{"UFID":"100035901007A00110100000004449274"},"geometry":{"type":"MultiPolygon","coordinates":[[[[129.1695096,35.9922931],[129.1693929,35.992278],[129.1693772,35.9922994],[129.1693232,35.9923328],[129.1692145,35.9923874],[129.1690724,35.9924464],[129.1689348,35.9925128],[129.1689268,35.9925173],[129.1689637,35.9925514],[129.1689647,35.9925508],[129.1690992,35.9924859],[129.1692418,35.9924267],[129.169359,35.9923678],[129.169381,35.9923578],[129.1695096,35.9922931]]]]}},{"type":"Feature","properties":{"UFID":"100035901007A00110100000004449275"},"geometry":{"type":"MultiPolygon","coordinates":[[[[129.1692381,35.9946617],[129.1692177,35.9946038],[129.1690445,35.9941567],[129.1689036,35.9938228],[129.1688659,35.9938586],[129.1689971,35.9941694],[129.1691699,35.9946155],[129.1691869,35.9946636],[129.1692381,35.9946617]]]]}},{"type":"Feature","properties":{"UFID":"100035901007A00110100000004449276"},"geometry":{"type":"MultiPolygon","coordinates":[[[[129.1692618,35.994687],[129.1692381,35.9946617],[129.1691869,35.9946636],[129.1692053,35.9947028],[129.1692618,35.994687]]]]}},{"type":"Feature","properties":{"UFID":"100035901007A00110100000004449277"},"geometry":{"type":"MultiPolygon","coordinates":[[[[129.1688353,35.9924638],[129.1687304,35.9924108],[129.1687265,35.9924645],[129.1687837,35.992482],[129.168837,35.992517],[129.1688353,35.9924638]]]]}},{"type":"Feature","properties":{"UFID":"100035901007A00110100000004449278"},"geometry":{"type":"MultiPolygon","coordinates":[[[[129.1689637,35.9925514],[129.1689268,35.9925173],[129.16888,35.9925453],[129.1689362,35.9925668],[129.1689637,35.9925514]]]]}},{"type":"Feature","properties":{"UFID":"100035901007A00110100000004449279"},"geometry":{"type":"MultiPolygon","coordinates":[[[[129.1689268,35.9925173],[129.1688353,35.9924638],[129.168837,35.992517],[129.16888,35.9925453],[129.1689268,35.9925173]]]]}},{"type":"Feature","properties":{"UFID":"100035901007A00110100000004449280"},"geometry":{"type":"MultiPolygon","coordinates":[[[[129.1685008,35.9944122],[129.1684599,35.9943976],[129.1684398,35.994431],[129.1684809,35.9944445],[129.1684898,35.9944279],[129.1685008,35.9944122]]]]}},{"type":"Feature","properties":{"UFID":"100035901007A00110100000004449281"},"geometry":{"type":"MultiPolygon","coordinates":[[[[129.1685893,35.9931558],[129.1685429,35.9931251],[129.1685313,35.9931557],[129.1684911,35.9931941],[129.1685346,35.9932221],[129.1685893,35.9931558]]]]}},{"type":"Feature","properties":{"UFID":"100035901007A00110100000004449282"},"geometry":{"type":"MultiPolygon","coordinates":[[[[129.1709575,35.9937986],[129.1709553,35.9937708],[129.1709546,35.9937482],[129.1709143,35.9937751],[129.1709257,35.9938177],[129.1709575,35.9937986]]]]}},{"type":"Feature","properties":{"UFID":"100035901007A00110100000004449283"},"geometry":{"type":"MultiPolygon","coordinates":[[[[129.1709546,35.9937482],[129.1709544,35.9936042],[129.1709495,35.9934036],[129.1709527,35.99336],[129.1709906,35.9932707],[129.1709546,35.9932627],[129.1709507,35.9932808],[129.1709287,35.9933257],[129.1709102,35.9933619],[129.170909,35.9933754],[129.1709211,35.9937422],[129.1709192,35.9937529],[129.1709143,35.9937751],[129.1709546,35.9937482]]]]}},{"type":"Feature","properties":{"UFID":"100035901007A00110100000004449284"},"geometry":{"type":"MultiPolygon","coordinates":[[[[129.1714502,35.9946559],[129.1713971,35.9946393],[129.1713803,35.9946401],[129.1713432,35.9946401],[129.1706341,35.9944744],[129.1703186,35.9943956],[129.1702866,35.9943888],[129.170262,35.994377],[129.1702131,35.9943227],[129.1700717,35.9941517],[129.1700132,35.9940577],[129.1699317,35.9939361],[129.1697512,35.9936805],[129.1695194,35.993354],[129.1694282,35.9932174],[129.1693369,35.9930803],[129.1689637,35.9925514],[129.1689362,35.9925668],[129.1693079,35.9930935],[129.169399,35.9932302],[129.1694902,35.9933672],[129.1697223,35.993694],[129.1699027,35.9939493],[129.1699837,35.9940704],[129.170043,35.9941655],[129.1701859,35.9943382],[129.1702392,35.9943974],[129.1702735,35.994414],[129.1703095,35.9944217],[129.1706246,35.9945003],[129.1713385,35.9946672],[129.1713812,35.9946671],[129.1714463,35.9946641],[129.1714502,35.9946559]]]]}},{"type":"Feature","properties":{"UFID":"100035901007A00110100000004449285"},"geometry":{"type":"MultiPolygon","coordinates":[[[[129.1709257,35.9938177],[129.1709143,35.9937751],[129.1709017,35.9937922],[129.1708998,35.9937941],[129.1708811,35.9938093],[129.1708597,35.9938234],[129.1708431,35.9938262],[129.170795,35.9938308],[129.1707816,35.9938283],[129.1706865,35.9938112],[129.1705697,35.9937918],[129.1705476,35.993791],[129.1705186,35.9937872],[129.170336,35.993763],[129.1703307,35.9937897],[129.170514,35.993814],[129.1705636,35.9938193],[129.1705675,35.9938191],[129.1706795,35.9938376],[129.1707743,35.9938546],[129.1708797,35.9938746],[129.1708875,35.9938744],[129.1708917,35.9938735],[129.1708944,35.9938716],[129.1709169,35.9938234],[129.1709196,35.9938198],[129.1709223,35.9938181],[129.1709257,35.9938177]]]]}},{"type":"Feature","properties":{"UFID":"100035901007A00110100000004449286"},"geometry":{"type":"MultiPolygon","coordinates":[[[[129.1669603,35.9958657],[129.1669473,35.9958428],[129.1669037,35.9956969],[129.1669034,35.9955552],[129.1668818,35.9954004],[129.1668357,35.9952307],[129.1667816,35.9950336],[129.1666905,35.9947709],[129.1666248,35.9948328],[129.1666426,35.9948674],[129.1666678,35.9949194],[129.1667677,35.9951926],[129.1668253,35.9954073],[129.1668308,35.9954393],[129.1668512,35.9956217],[129.1668822,35.9957962],[129.1669055,35.9958745],[129.1669603,35.9958657]]]]}},{"type":"Feature","properties":{"UFID":"100035901007A00110100000004449287"},"geometry":{"type":"MultiPolygon","coordinates":[[[[129.1656798,35.9957263],[129.1657639,35.9957402],[129.1657575,35.9957287],[129.1657516,35.9957127],[129.1657493,35.9956975],[129.1657494,35.995679],[129.1657497,35.9956776],[129.165755,35.995651],[129.1657644,35.995618],[129.1657879,35.9955514],[129.1658243,35.9954729],[129.1658675,35.9954037],[129.165923,35.9953532],[129.1659677,35.9953225],[129.1659981,35.9953058],[129.1660172,35.9952982],[129.1660482,35.9952945],[129.1660907,35.9952935],[129.1661353,35.9952903],[129.1660401,35.9951853],[129.1660054,35.9952235],[129.1659526,35.9952626],[129.1658987,35.9953015],[129.1658351,35.9953506],[129.1657918,35.9954054],[129.1657567,35.9954642],[129.1657275,35.9955303],[129.1657134,35.9955842],[129.1657058,35.9956293],[129.1656927,35.9956811],[129.1656798,35.9957263]]]]}},{"type":"Feature","properties":{"UFID":"100035901007A00110100000004449288"},"geometry":{"type":"MultiPolygon","coordinates":[[[[129.1666905,35.9947709],[129.1666572,35.9947311],[129.1665887,35.9947623],[129.1666248,35.9948328],[129.1666905,35.9947709]]]]}},{"type":"Feature","properties":{"UFID":"100035901007A00110100000004449289"},"geometry":{"type":"MultiPolygon","coordinates":[[[[129.1679483,35.9938745],[129.1679594,35.9937867],[129.1679294,35.9938151],[129.1679279,35.9938169],[129.1676334,35.9941912],[129.1675824,35.9942329],[129.1675328,35.9942453],[129.1674693,35.9942442],[129.167375,35.9942209],[129.1672377,35.9941799],[129.1671522,35.99419],[129.1671392,35.9941945],[129.1670235,35.994311],[129.1667533,35.9946197],[129.1666715,35.9947144],[129.1666572,35.9947311],[129.1666905,35.9947709],[129.1667169,35.9947403],[129.1667986,35.9946457],[129.1670677,35.9943382],[129.167172,35.9942332],[129.1672318,35.9942262],[129.1673573,35.9942636],[129.1674604,35.9942891],[129.1675405,35.9942905],[129.167612,35.9942727],[129.1676769,35.9942195],[129.1679483,35.9938745]]]]}},{"type":"Feature","properties":{"UFID":"100035901007A00110100000004449290"},"geometry":{"type":"MultiPolygon","coordinates":[[[[129.1666572,35.9947311],[129.1665899,35.9946232],[129.1664739,35.9945113],[129.1662034,35.9944009],[129.1659659,35.9942986],[129.1657413,35.9941899],[129.1655919,35.9941166],[129.1654663,35.9940352],[129.1653498,35.993911],[129.1652688,35.9938001],[129.1652334,35.9937307],[129.1652298,35.9936897],[129.165155,35.9937904],[129.165179,35.9938062],[129.1651936,35.9938276],[129.1652343,35.9938679],[129.165283,35.9939267],[129.1653853,35.9940392],[129.1654539,35.9941038],[129.1655493,35.9941638],[129.1657534,35.9942576],[129.166089,35.994406],[129.1663759,35.9945253],[129.166399,35.9945445],[129.1664747,35.9945807],[129.1664855,35.9945891],[129.166559,35.9946932],[129.1665782,35.9947419],[129.1665887,35.9947623],[129.1666572,35.9947311]]]]}},{"type":"Feature","properties":{"UFID":"100035901007A00110100000004449291"},"geometry":{"type":"MultiPolygon","coordinates":[[[[129.1651808,35.9935631],[129.165163,35.9935552],[129.1651516,35.9935443],[129.1651012,35.9934502],[129.165054,35.9934055],[129.1649852,35.9934323],[129.1650169,35.9934594],[129.1650486,35.9934951],[129.1650866,35.9935547],[129.1650974,35.9935815],[129.1651015,35.9935916],[129.1651135,35.9936389],[129.1651808,35.9935631]]]]}},{"type":"Feature","properties":{"UFID":"100035901007A00110100000004449292"},"geometry":{"type":"MultiPolygon","coordinates":[[[[129.165054,35.9934055],[129.1650221,35.9933753],[129.1649919,35.9933444],[129.164921,35.9933709],[129.1649852,35.9934323],[129.165054,35.9934055]]]]}},{"type":"Feature","properties":{"UFID":"100035901007A00110100000004449293"},"geometry":{"type":"MultiPolygon","coordinates":[[[[129.1670411,35.9919305],[129.1669698,35.9919068],[129.1669529,35.991948],[129.1668738,35.9921426],[129.1668236,35.9922558],[129.1667953,35.9923177],[129.1667626,35.9923685],[129.1667261,35.9924122],[129.1666892,35.9924526],[129.1665761,35.9925523],[129.1660859,35.9929436],[129.1655054,35.9933908],[129.1653135,35.9935251],[129.1652963,35.9935366],[129.1652768,35.9935497],[129.1652528,35.993559],[129.1652336,35.993564],[129.1652208,35.9935657],[129.1652061,35.9935659],[129.1651808,35.9935631],[129.1652298,35.9936897],[129.1661507,35.9929897],[129.166798,35.9924733],[129.1668154,35.9924533],[129.1668457,35.9924024],[129.167009,35.9920244],[129.1670411,35.9919305]]]]}},{"type":"Feature","properties":{"UFID":"100035901007A00110100000004449294"},"geometry":{"type":"MultiPolygon","coordinates":[[[[129.1684398,35.994431],[129.1684599,35.9943976],[129.1684541,35.9943959],[129.1684277,35.9943938],[129.1683915,35.9943986],[129.1683697,35.9944195],[129.1683263,35.994468],[129.1683622,35.9944892],[129.1684047,35.9944418],[129.1684148,35.994432],[129.1684292,35.9944301],[129.1684398,35.994431]]]]}},{"type":"Feature","properties":{"UFID":"100035901007A00110100000004449295"},"geometry":{"type":"MultiPolygon","coordinates":[[[[129.1684809,35.9944445],[129.1684398,35.994431],[129.1684256,35.9944573],[129.168297,35.9946487],[129.168336,35.994666],[129.1684654,35.9944732],[129.1684809,35.9944445]]]]}},{"type":"Feature","properties":{"UFID":"100035901007A00110100000004449296"},"geometry":{"type":"MultiPolygon","coordinates":[[[[129.1680143,35.9938008],[129.1679483,35.9938745],[129.1679363,35.9939108],[129.1675396,35.9944456],[129.1675701,35.9944624],[129.1677048,35.9942758],[129.1679001,35.994014],[129.1679805,35.9939019],[129.1680143,35.9938008]]]]}},{"type":"Feature","properties":{"UFID":"100035901007A00110100000004449297"},"geometry":{"type":"MultiPolygon","coordinates":[[[[129.1680143,35.9938008],[129.1679985,35.9937382],[129.1679594,35.9937867],[129.1679483,35.9938745],[129.1680143,35.9938008]]]]}},{"type":"Feature","properties":{"UFID":"100035901007A00110100000004449298"},"geometry":{"type":"MultiPolygon","coordinates":[[[[129.165155,35.9937904],[129.1651135,35.9936389],[129.165114,35.9936448],[129.165114,35.9936487],[129.165114,35.9936547],[129.1651133,35.9936589],[129.1651126,35.9936628],[129.1651107,35.9936685],[129.1651091,35.9936729],[129.1651081,35.9936764],[129.1651021,35.9936896],[129.1650897,35.9937089],[129.1650724,35.9937312],[129.1650543,35.9937496],[129.1650312,35.9937712],[129.1650106,35.9937922],[129.1649937,35.993809],[129.1649794,35.993827],[129.1649596,35.9938557],[129.1649337,35.9939035],[129.1649022,35.993965],[129.1648832,35.9940087],[129.1648623,35.9940618],[129.1648433,35.9941219],[129.1648333,35.9941495],[129.1647936,35.9942782],[129.1647816,35.9943253],[129.1647288,35.9944908],[129.1647288,35.9944915],[129.1647137,35.9945386],[129.1647122,35.9945401],[129.1647102,35.9945415],[129.1647882,35.9945718],[129.1647997,35.9945415],[129.1648462,35.9944031],[129.1648914,35.9942497],[129.164925,35.994142],[129.1649758,35.9940224],[129.1650011,35.9939683],[129.1650361,35.9939052],[129.1650648,35.993862],[129.165098,35.9938293],[129.165155,35.9937904]]]]}},{"type":"Feature","properties":{"UFID":"100035901007A00110100000004449299"},"geometry":{"type":"MultiPolygon","coordinates":[[[[129.1652298,35.9936897],[129.1651808,35.9935631],[129.1651135,35.9936389],[129.165155,35.9937904],[129.1652298,35.9936897]]]]}},{"type":"Feature","properties":{"UFID":"100035901007A00110100000004449300"},"geometry":{"type":"MultiPolygon","coordinates":[[[[129.16819,35.9935864],[129.1681547,35.9936265],[129.1681318,35.9936549],[129.1681831,35.993653],[129.1682986,35.9937117],[129.1683921,35.9937563],[129.1684161,35.9937213],[129.1682834,35.9936572],[129.1681943,35.9936109],[129.16819,35.9935864]]]]}},{"type":"Feature","properties":{"UFID":"100035901007A00110100000004449301"},"geometry":{"type":"MultiPolygon","coordinates":[[[[129.16806,35.9937441],[129.1680143,35.9938008],[129.1680605,35.9938257],[129.1682388,35.9939039],[129.1682661,35.9938683],[129.1680738,35.9937855],[129.16806,35.9937441]]]]}},{"type":"Feature","properties":{"UFID":"100035901007A00110100000004449302"},"geometry":{"type":"MultiPolygon","coordinates":[[[[129.16806,35.9937441],[129.1680217,35.9937094],[129.1679985,35.9937382],[129.1680143,35.9938008],[129.16806,35.9937441]]]]}},{"type":"Feature","properties":{"UFID":"100035901007A00110100000004449303"},"geometry":{"type":"MultiPolygon","coordinates":[[[[129.1685346,35.9932221],[129.1684911,35.9931941],[129.1684813,35.9932035],[129.1684141,35.9932675],[129.1682105,35.9934857],[129.1681424,35.993563],[129.16819,35.9935864],[129.1682551,35.9935124],[129.1684573,35.9932957],[129.1685235,35.9932327],[129.1685346,35.9932221]]]]}},{"type":"Feature","properties":{"UFID":"100035901007A00110100000004449304"},"geometry":{"type":"MultiPolygon","coordinates":[[[[129.1681318,35.9936549],[129.1680799,35.9936371],[129.1680217,35.9937094],[129.16806,35.9937441],[129.1681318,35.9936549]]]]}},{"type":"Feature","properties":{"UFID":"100035901007A00110100000004449305"},"geometry":{"type":"MultiPolygon","coordinates":[[[[129.16819,35.9935864],[129.1681424,35.993563],[129.1681089,35.9936011],[129.1680799,35.9936371],[129.1681318,35.9936549],[129.1681547,35.9936265],[129.16819,35.9935864]]]]}},{"type":"Feature","properties":{"UFID":"100035901007A00110100000004449306"},"geometry":{"type":"MultiPolygon","coordinates":[[[[129.1717641,35.9920798],[129.1717395,35.9920426],[129.1717364,35.9920435],[129.1716602,35.9920674],[129.1716932,35.9921213],[129.1717641,35.9920798]]]]}},{"type":"Feature","properties":{"UFID":"100035901007A00110100000004449307"},"geometry":{"type":"MultiPolygon","coordinates":[[[[129.1716932,35.9921213],[129.1716602,35.9920674],[129.1715765,35.9921402],[129.1714825,35.9922043],[129.1712677,35.9923282],[129.1713172,35.9923518],[129.1714453,35.9922685],[129.1716609,35.9921377],[129.1716932,35.9921213]]]]}},{"type":"Feature","properties":{"UFID":"100035901007A00110100000004449308"},"geometry":{"type":"MultiPolygon","coordinates":[[[[129.1717364,35.9920435],[129.171707,35.992027],[129.1716559,35.9920001],[129.1715969,35.9919723],[129.1715391,35.9919451],[129.1715357,35.9919428],[129.1715225,35.9919685],[129.17158,35.9919956],[129.1716385,35.9920232],[129.1716676,35.9920385],[129.1716672,35.992045],[129.1716602,35.9920674],[129.1717364,35.9920435]]]]}},{"type":"Feature","properties":{"UFID":"100035901007A00110100000004449309"},"geometry":{"type":"MultiPolygon","coordinates":[[[[129.1714478,35.9919352],[129.1714382,35.9919358],[129.1713589,35.991939],[129.1713712,35.9919656],[129.1714486,35.9919625],[129.1715225,35.9919685],[129.1714478,35.9919352]]]]}},{"type":"Feature","properties":{"UFID":"100035901007A00110100000004449310"},"geometry":{"type":"MultiPolygon","coordinates":[[[[129.172141,35.9916757],[129.1719746,35.991625],[129.1719924,35.9916394],[129.1719487,35.9916948],[129.1719115,35.9917471],[129.1718348,35.9919915],[129.1717395,35.9920426],[129.1717641,35.9920798],[129.1718223,35.9920412],[129.1718649,35.9920097],[129.1718906,35.9919724],[129.1718967,35.991949],[129.1719082,35.9918849],[129.1719145,35.9918543],[129.1719247,35.9918158],[129.1719443,35.9917559],[129.1719751,35.9917114],[129.1720058,35.9916796],[129.172036,35.9916776],[129.1720595,35.9916804],[129.1721128,35.9916707],[129.172141,35.9916757]]]]}},{"type":"Feature","properties":{"UFID":"100035901007A00110100000004449311"},"geometry":{"type":"MultiPolygon","coordinates":[[[[129.1720095,35.9924562],[129.1720158,35.9923874],[129.1720254,35.9923389],[129.1720295,35.9923243],[129.1720306,35.9923226],[129.1720403,35.992307],[129.172074,35.9922685],[129.1720755,35.9922647],[129.1720976,35.9922435],[129.172217,35.9920983],[129.1722611,35.9920576],[129.1723079,35.9919929],[129.1723389,35.9919237],[129.1723946,35.9918237],[129.1724074,35.9917985],[129.1723676,35.9917658],[129.1723385,35.991836],[129.1723331,35.9918475],[129.17228,35.9919721],[129.1722762,35.9919841],[129.1721903,35.9920823],[129.1720398,35.9922427],[129.1719964,35.9923126],[129.171976,35.9923937],[129.1719722,35.9924595],[129.1720095,35.9924562]]]]}},{"type":"Feature","properties":{"UFID":"100035901007A00110100000004449312"},"geometry":{"type":"MultiPolygon","coordinates":[[[[129.1722233,35.9915038],[129.1723488,35.9915483],[129.1723985,35.9915659],[129.1724495,35.9915839],[129.1725285,35.9916119],[129.1725262,35.9916073],[129.1725256,35.9916003],[129.172526,35.991593],[129.1725315,35.9915797],[129.1725412,35.9915538],[129.1725438,35.9915281],[129.1725464,35.9915041],[129.1725489,35.9914976],[129.1725573,35.9914891],[129.1727338,35.9913621],[129.1728344,35.9912817],[129.1727681,35.9912161],[129.1727478,35.9912521],[129.1727267,35.9912828],[129.1727062,35.9913074],[129.1726749,35.9913373],[129.1726064,35.9913939],[129.172528,35.9914575],[129.1725229,35.9914594],[129.1725122,35.991461],[129.1724955,35.9914624],[129.1724412,35.9914611],[129.1723884,35.9914562],[129.172372,35.9914549],[129.1723586,35.9914555],[129.1723412,35.9914586],[129.1722885,35.9914838],[129.172243,35.9915022],[129.172234,35.9915036],[129.1722233,35.9915038]]]]}},{"type":"Feature","properties":{"UFID":"100035901007A00110100000004449313"},"geometry":{"type":"MultiPolygon","coordinates":[[[[129.1713838,35.9912371],[129.1714808,35.9912713],[129.1714788,35.9912679],[129.1714794,35.9912599],[129.1715283,35.9911551],[129.1716149,35.9909855],[129.1717331,35.9907285],[129.171888,35.9903539],[129.1720304,35.9899813],[129.1719589,35.989977],[129.171934,35.990022],[129.1718299,35.9903277],[129.1716434,35.9907775],[129.1715697,35.9909525],[129.171567,35.9909571],[129.1715239,35.9910413],[129.1714929,35.9911003],[129.1714618,35.9911534],[129.1714412,35.9911851],[129.1714276,35.9912037],[129.1714075,35.9912268],[129.1713978,35.9912353],[129.1713975,35.9912363],[129.1713838,35.9912371]]]]}},{"type":"Feature","properties":{"UFID":"100035901007A00110100000004449314"},"geometry":{"type":"MultiPolygon","coordinates":[[[[129.1714118,35.9915678],[129.1713437,35.9915243],[129.1713417,35.9915304],[129.1713387,35.9915343],[129.1713213,35.9915476],[129.1712951,35.9915623],[129.171373,35.9915971],[129.1714118,35.9915678]]]]}},{"type":"Feature","properties":{"UFID":"100035901007A00110100000004449315"},"geometry":{"type":"MultiPolygon","coordinates":[[[[129.1714437,35.9914798],[129.1713477,35.9914473],[129.1713561,35.991451],[129.1713593,35.9914561],[129.171361,35.9914639],[129.171361,35.9914707],[129.1713437,35.9915243],[129.1714118,35.9915678],[129.1714437,35.9914798]]]]}},{"type":"Feature","properties":{"UFID":"100035901007A00110100000004449316"},"geometry":{"type":"MultiPolygon","coordinates":[[[[129.1715357,35.9919428],[129.1714955,35.9919139],[129.1714925,35.9919236],[129.171466,35.9919339],[129.1714478,35.9919352],[129.1715225,35.9919685],[129.1715357,35.9919428]]]]}},{"type":"Feature","properties":{"UFID":"100035901007A00110100000004449317"},"geometry":{"type":"MultiPolygon","coordinates":[[[[129.1714118,35.9915678],[129.171373,35.9915971],[129.1714333,35.9916172],[129.1716064,35.9917085],[129.1716035,35.9917486],[129.1715509,35.9918309],[129.1714955,35.9919139],[129.1715357,35.9919428],[129.1716023,35.9918193],[129.1716668,35.9917128],[129.1716706,35.9916843],[129.171495,35.9916081],[129.1714244,35.9915803],[129.1714118,35.9915678]]]]}},{"type":"Feature","properties":{"UFID":"100035901007A00110100000004449318"},"geometry":{"type":"MultiPolygon","coordinates":[[[[129.1735832,35.9923084],[129.1735849,35.9922854],[129.1735878,35.9922661],[129.1735935,35.9922505],[129.1735992,35.9922429],[129.1735191,35.9922601],[129.1735222,35.9923309],[129.1735832,35.9923084]]]]}},{"type":"Feature","properties":{"UFID":"100035901007A00110100000004449319"},"geometry":{"type":"MultiPolygon","coordinates":[[[[129.1741809,35.9915701],[129.1741678,35.9915306],[129.1741184,35.991569],[129.1741471,35.99162],[129.1741669,35.9915915],[129.1741809,35.9915701]]]]}},{"type":"Feature","properties":{"UFID":"100035901007A00110100000004449320"},"geometry":{"type":"MultiPolygon","coordinates":[[[[129.1728143,35.9917143],[129.1728498,35.9917242],[129.1728492,35.9917212],[129.172944,35.9916124],[129.1729649,35.9915906],[129.1729387,35.9915739],[129.1729173,35.9915962],[129.1728143,35.9917143]]]]}},{"type":"Feature","properties":{"UFID":"100035901007A00110100000004449321"},"geometry":{"type":"MultiPolygon","coordinates":[[[[129.174126,35.9885465],[129.1739706,35.988476],[129.1738217,35.9884106],[129.17368,35.9883538],[129.1735473,35.9883036],[129.1733784,35.9882536],[129.1731987,35.9882035],[129.1730031,35.988159],[129.1729098,35.9881401],[129.1725727,35.9880854],[129.1723551,35.9880607],[129.1722214,35.9880516],[129.1719287,35.9880466],[129.1719244,35.988131],[129.1719515,35.9881159],[129.1719789,35.9881068],[129.1720112,35.9880992],[129.1720537,35.9880882],[129.1721331,35.9880772],[129.1722197,35.9880787],[129.1723514,35.9880876],[129.1725672,35.988112],[129.1729025,35.9881665],[129.1729946,35.9881852],[129.1731888,35.9882294],[129.1733673,35.9882791],[129.1735346,35.9883287],[129.1736657,35.9883782],[129.1738064,35.9884346],[129.1739546,35.9884997],[129.1740875,35.98856],[129.1741034,35.9885794],[129.174126,35.9885465]]]]}},{"type":"Feature","properties":{"UFID":"100035901007A00110100000004449322"},"geometry":{"type":"MultiPolygon","coordinates":[[[[129.1741884,35.9885759],[129.1741336,35.9885499],[129.174126,35.9885465],[129.1741034,35.9885794],[129.1741648,35.9886074],[129.1741884,35.9885759]]]]}},{"type":"Feature","properties":{"UFID":"100035901007A00110100000004449323"},"geometry":{"type":"MultiPolygon","coordinates":[[[[129.1741648,35.9886074],[129.1741034,35.9885794],[129.1741074,35.9885904],[129.1741074,35.9885996],[129.1740973,35.988625],[129.1740653,35.9886994],[129.1740593,35.9887112],[129.1740545,35.9887248],[129.1740499,35.9887282],[129.1740462,35.988729],[129.1740416,35.9887293],[129.1740055,35.9887317],[129.1739923,35.9887807],[129.1740307,35.9887902],[129.1740665,35.9888],[129.1740996,35.9888101],[129.1741105,35.988796],[129.1740902,35.9887847],[129.1740838,35.9887798],[129.1740815,35.9887752],[129.17408,35.9887672],[129.17408,35.9887578],[129.174082,35.9887439],[129.1740853,35.9887358],[129.1740908,35.9887201],[129.1740964,35.988709],[129.1741279,35.9886356],[129.1741352,35.9886241],[129.1741479,35.9886134],[129.1741589,35.9886085],[129.1741648,35.9886074]]]]}},{"type":"Feature","properties":{"UFID":"100035901007A00110100000004449324"},"geometry":{"type":"MultiPolygon","coordinates":[[[[129.1738252,35.9920047],[129.1738634,35.9919083],[129.1738348,35.9919297],[129.1737979,35.9919535],[129.1737499,35.9919814],[129.1737064,35.9920061],[129.1736378,35.9920443],[129.1736336,35.9920445],[129.1737222,35.9920894],[129.1737226,35.9920853],[129.1737741,35.9920342],[129.1738171,35.9920029],[129.1738252,35.9920047]]]]}},{"type":"Feature","properties":{"UFID":"100035901007A00110100000004449325"},"geometry":{"type":"MultiPolygon","coordinates":[[[[129.1739911,35.9918572],[129.173885,35.9918893],[129.1738666,35.9919059],[129.1738634,35.9919083],[129.1738252,35.9920047],[129.1738872,35.9920198],[129.1739245,35.9919592],[129.1739729,35.9918889],[129.1739911,35.9918572]]]]}},{"type":"Feature","properties":{"UFID":"100035901007A00110100000004449326"},"geometry":{"type":"MultiPolygon","coordinates":[[[[129.1739911,35.9918572],[129.1740133,35.9918184],[129.1740817,35.9917184],[129.1741471,35.99162],[129.1741184,35.991569],[129.174094,35.9916173],[129.1740459,35.9916903],[129.1739637,35.9918013],[129.1739503,35.9918173],[129.1739217,35.9918531],[129.1738907,35.9918842],[129.173885,35.9918893],[129.1739911,35.9918572]]]]}},{"type":"Feature","properties":{"UFID":"100035901007A00110100000004449327"},"geometry":{"type":"MultiPolygon","coordinates":[[[[129.1741678,35.9915306],[129.174166,35.9915275],[129.1741559,35.9914402],[129.1741145,35.9914449],[129.1741156,35.9914784],[129.1741199,35.9915366],[129.1741208,35.9915573],[129.1741184,35.991569],[129.1741678,35.9915306]]]]}},{"type":"Feature","properties":{"UFID":"100035901007A00110100000004449328"},"geometry":{"type":"MultiPolygon","coordinates":[[[[129.1698698,35.9915062],[129.1698693,35.9914688],[129.1698411,35.9914683],[129.1698121,35.9914683],[129.1698175,35.9915125],[129.1698698,35.9915062]]]]}},{"type":"Feature","properties":{"UFID":"100035901007A00110100000004449329"},"geometry":{"type":"MultiPolygon","coordinates":[[[[129.1698698,35.9915062],[129.1698175,35.9915125],[129.1698199,35.9916934],[129.1698309,35.9918328],[129.1698696,35.9918307],[129.1698587,35.9916923],[129.1698566,35.9915272],[129.1698569,35.9915213],[129.1698698,35.9915062]]]]}},{"type":"Feature","properties":{"UFID":"100035901007A00110100000004449330"},"geometry":{"type":"MultiPolygon","coordinates":[[[[129.1706466,35.9917498],[129.1706124,35.9917322],[129.1705825,35.9917589],[129.1706141,35.9917835],[129.1706466,35.9917498]]]]}},{"type":"Feature","properties":{"UFID":"100035901007A00110100000004449331"},"geometry":{"type":"MultiPolygon","coordinates":[[[[129.1700539,35.9914589],[129.1699672,35.9914705],[129.1698693,35.9914688],[129.1698698,35.9915062],[129.1699075,35.9915013],[129.1700018,35.9915036],[129.1700344,35.9915108],[129.1700539,35.9914589]]]]}},{"type":"Feature","properties":{"UFID":"100035901007A00110100000004449332"},"geometry":{"type":"MultiPolygon","coordinates":[[[[129.1706124,35.9917322],[129.1702488,35.9915618],[129.1701055,35.9914994],[129.1700879,35.9914849],[129.1700774,35.9915274],[129.1701679,35.9915671],[129.1703691,35.9916575],[129.1705825,35.9917589],[129.1706124,35.9917322]]]]}},{"type":"Feature","properties":{"UFID":"100035901007A00110100000004449333"},"geometry":{"type":"MultiPolygon","coordinates":[[[[129.1700879,35.9914849],[129.1700539,35.9914589],[129.1700344,35.9915108],[129.1700445,35.9915131],[129.1700774,35.9915274],[129.1700879,35.9914849]]]]}},{"type":"Feature","properties":{"UFID":"100035901007A00110100000004449334"},"geometry":{"type":"MultiPolygon","coordinates":[[[[129.1702007,35.9911172],[129.1701577,35.9911153],[129.1701153,35.9912095],[129.1700825,35.9912744],[129.1700775,35.991317],[129.1700756,35.9913406],[129.1700539,35.9914589],[129.1700879,35.9914849],[129.1701009,35.991391],[129.1701087,35.9913444],[129.1701102,35.9913247],[129.1701109,35.99132],[129.1702007,35.9911172]]]]}},{"type":"Feature","properties":{"UFID":"100035901007A00110100000004449335"},"geometry":{"type":"MultiPolygon","coordinates":[[[[129.1705124,35.9911983],[129.1704563,35.9911894],[129.1704506,35.9911993],[129.1703843,35.9913145],[129.1704345,35.9913336],[129.1705008,35.9912184],[129.1705124,35.9911983]]]]}},{"type":"Feature","properties":{"UFID":"100035901007A00110100000004449336"},"geometry":{"type":"MultiPolygon","coordinates":[[[[129.1711281,35.9916092],[129.1711316,35.9915823],[129.1711172,35.9915811],[129.1710779,35.9915766],[129.1710175,35.9915627],[129.1709606,35.9915505],[129.1708656,35.991525],[129.1707748,35.991495],[129.1707129,35.9916066],[129.1706844,35.9916481],[129.1706124,35.9917322],[129.1706466,35.9917498],[129.1706676,35.9917281],[129.1707495,35.9916088],[129.1707846,35.9915561],[129.1707914,35.9915443],[129.1707978,35.9915428],[129.1708689,35.9915554],[129.1709329,35.9915726],[129.1710098,35.991589],[129.1710732,35.9916033],[129.1711131,35.9916079],[129.1711281,35.9916092]]]]}},{"type":"Feature","properties":{"UFID":"100035901007A00110100000004449337"},"geometry":{"type":"MultiPolygon","coordinates":[[[[129.1700965,35.9921726],[129.1701098,35.9921489],[129.1701389,35.9921125],[129.1701695,35.9920779],[129.1701851,35.9920612],[129.1701978,35.9920528],[129.1702648,35.9919951],[129.1702909,35.9919725],[129.170332,35.9919378],[129.1704006,35.9919016],[129.1704766,35.9918675],[129.170546,35.9918337],[129.1705836,35.9918123],[129.1706101,35.9917876],[129.1706141,35.9917835],[129.1705825,35.9917589],[129.1705647,35.9917889],[129.1705612,35.9917921],[129.170528,35.991811],[129.17046,35.991844],[129.1703834,35.9918784],[129.1703106,35.9919168],[129.170297,35.9919282],[129.1701686,35.992036],[129.1701587,35.9920448],[129.1701427,35.9920618],[129.1701114,35.9920973],[129.1700794,35.9921373],[129.1700743,35.9921417],[129.1699741,35.9921748],[129.1700965,35.9921726]]]]}},{"type":"Feature","properties":{"UFID":"100035901007A00110100000004449338"},"geometry":{"type":"MultiPolygon","coordinates":[[[[129.1700965,35.9921726],[129.1699741,35.9921748],[129.1700135,35.9922053],[129.1700373,35.992204],[129.1700746,35.9922106],[129.1700854,35.9922142],[129.1700965,35.9921726]]]]}},{"type":"Feature","properties":{"UFID":"100035901007A00110100000004449339"},"geometry":{"type":"MultiPolygon","coordinates":[[[[129.171373,35.9915971],[129.1712951,35.9915623],[129.1712949,35.9915624],[129.1712643,35.9915744],[129.1712395,35.9915808],[129.1712138,35.9915862],[129.1711956,35.9915864],[129.1711801,35.9915858],[129.1711788,35.9916125],[129.1712237,35.9916081],[129.171257,35.9916032],[129.171373,35.9915971]]]]}},{"type":"Feature","properties":{"UFID":"100035901007A00110100000004449340"},"geometry":{"type":"MultiPolygon","coordinates":[[[[129.1711801,35.9915858],[129.1711655,35.9915852],[129.1711316,35.9915823],[129.1711281,35.9916092],[129.1711788,35.9916125],[129.1711801,35.9915858]]]]}},{"type":"Feature","properties":{"UFID":"100035901007A00110100000004449341"},"geometry":{"type":"MultiPolygon","coordinates":[[[[129.1712677,35.9923282],[129.1711551,35.9922883],[129.1710116,35.9922441],[129.1710608,35.9920353],[129.1711634,35.9916363],[129.1711671,35.9916231],[129.1711788,35.9916125],[129.1711281,35.9916092],[129.1711222,35.9916586],[129.1710405,35.9919814],[129.1709686,35.9922532],[129.1709719,35.9922556],[129.170987,35.9922638],[129.1709953,35.9922683],[129.1710245,35.9922784],[129.1710506,35.9922903],[129.1711215,35.9923075],[129.1711916,35.9923337],[129.1712303,35.9923628],[129.1712677,35.9923282]]]]}},{"type":"Feature","properties":{"UFID":"100035901007A00110100000004449342"},"geometry":{"type":"MultiPolygon","coordinates":[[[[129.1697819,35.9910339],[129.1696224,35.9909478],[129.1696225,35.9909537],[129.1696209,35.9909592],[129.1696178,35.9909654],[129.1696135,35.9909699],[129.1697719,35.9910372],[129.1697819,35.9910339]]]]}},{"type":"Feature","properties":{"UFID":"100035901007A00110100000004449343"},"geometry":{"type":"MultiPolygon","coordinates":[[[[129.1697719,35.9910372],[129.1696135,35.9909699],[129.1695777,35.9910398],[129.1697532,35.9910968],[129.1697719,35.9910372]]]]}},{"type":"Feature","properties":{"UFID":"100035901007A00110100000004449344"},"geometry":{"type":"MultiPolygon","coordinates":[[[[129.1697532,35.9910968],[129.1695777,35.9910398],[129.1695779,35.9910483],[129.1695777,35.9910651],[129.1695754,35.9910807],[129.1695722,35.9910937],[129.1695688,35.9911016],[129.1695207,35.9911625],[129.1695135,35.9911669],[129.1697174,35.9912075],[129.1697514,35.9911022],[129.1697532,35.9910968]]]]}},{"type":"Feature","properties":{"UFID":"100035901007A00110100000004449345"},"geometry":{"type":"MultiPolygon","coordinates":[[[[129.1698121,35.9914683],[129.1696437,35.9914687],[129.1696349,35.991463],[129.1696198,35.9915087],[129.1698175,35.9915125],[129.1698121,35.9914683]]]]}},{"type":"Feature","properties":{"UFID":"100035901007A00110100000004449346"},"geometry":{"type":"MultiPolygon","coordinates":[[[[129.1695771,35.9922165],[129.1694457,35.9921934],[129.1694202,35.9922406],[129.1693929,35.992278],[129.1695096,35.9922931],[129.1695771,35.9922165]]]]}},{"type":"Feature","properties":{"UFID":"100035901007A00110100000004449347"},"geometry":{"type":"MultiPolygon","coordinates":[[[[129.1697174,35.9912075],[129.1695135,35.9911669],[129.1695955,35.9913003],[129.1696804,35.9913221],[129.1697174,35.9912075]]]]}},{"type":"Feature","properties":{"UFID":"100035901007A00110100000004449348"},"geometry":{"type":"MultiPolygon","coordinates":[[[[129.1696804,35.9913221],[129.1695955,35.9913003],[129.1695989,35.9913045],[129.1696024,35.991314],[129.1695711,35.9914457],[129.1696349,35.991463],[129.1696804,35.9913221]]]]}},{"type":"Feature","properties":{"UFID":"100035901007A00110100000004449349"},"geometry":{"type":"MultiPolygon","coordinates":[[[[129.1696349,35.991463],[129.1695711,35.9914457],[129.169565,35.9914713],[129.1695557,35.9915002],[129.1696198,35.9915087],[129.1696349,35.991463]]]]}},{"type":"Feature","properties":{"UFID":"100035901007A00110100000004449350"},"geometry":{"type":"MultiPolygon","coordinates":[[[[129.1695478,35.9919765],[129.1694992,35.9919807],[129.1694947,35.9920418],[129.1694634,35.9921607],[129.1694457,35.9921934],[129.1695771,35.9922165],[129.1695536,35.9921191],[129.1695442,35.9920609],[129.1695475,35.9919797],[129.1695478,35.9919765]]]]}},{"type":"Feature","properties":{"UFID":"100035901007A00110100000004449351"},"geometry":{"type":"MultiPolygon","coordinates":[[[[129.1693654,35.9919225],[129.1693326,35.9919115],[129.1693156,35.9919351],[129.1693475,35.9919457],[129.1693654,35.9919225]]]]}},{"type":"Feature","properties":{"UFID":"100035901007A00110100000004449352"},"geometry":{"type":"MultiPolygon","coordinates":[[[[129.1695478,35.9919765],[129.169556,35.9919071],[129.1695007,35.9919077],[129.1694992,35.9919807],[129.1695478,35.9919765]]]]}},{"type":"Feature","properties":{"UFID":"100035901007A00110100000004449353"},"geometry":{"type":"MultiPolygon","coordinates":[[[[129.1696198,35.9915087],[129.1695557,35.9915002],[129.1695135,35.991631],[129.169524,35.9916698],[129.1695065,35.9918429],[129.1695007,35.9919077],[129.169556,35.9919071],[129.1695626,35.99185],[129.1695931,35.9916281],[129.1696064,35.9915409],[129.1696198,35.9915087]]]]}},{"type":"Feature","properties":{"UFID":"100035901007A00110100000004449354"},"geometry":{"type":"MultiPolygon","coordinates":[[[[129.1695007,35.9919077],[129.1694867,35.9919273],[129.1694634,35.9919358],[129.1694211,35.9919408],[129.1694194,35.9919407],[129.1693654,35.9919225],[129.1693475,35.9919457],[129.1694116,35.9919673],[129.1694424,35.9919755],[129.1694992,35.9919807],[129.1695007,35.9919077]]]]}},{"type":"Feature","properties":{"UFID":"100035901007A00110100000004449355"},"geometry":{"type":"MultiPolygon","coordinates":[[[[129.1692879,35.9904599],[129.1692401,35.9904607],[129.1692688,35.9905678],[129.1693228,35.9905697],[129.1693017,35.9905033],[129.1692879,35.9904599]]]]}},{"type":"Feature","properties":{"UFID":"100035901007A00110100000004449356"},"geometry":{"type":"MultiPolygon","coordinates":[[[[129.1700135,35.9922053],[129.1699741,35.9921748],[129.1699609,35.9921789],[129.1699341,35.9921828],[129.169924,35.9921843],[129.1698484,35.9921936],[129.1697838,35.9922006],[129.1697187,35.9922077],[129.1695938,35.9922257],[129.1695921,35.9922259],[129.1695771,35.9922165],[129.1695096,35.9922931],[129.1696032,35.992254],[129.16964,35.9922465],[129.1697238,35.9922344],[129.1697882,35.9922274],[129.1698531,35.9922203],[129.1699412,35.9922096],[129.1700135,35.9922053]]]]}},{"type":"Feature","properties":{"UFID":"100035901007A00110100000004449357"},"geometry":{"type":"MultiPolygon","coordinates":[[[[129.1693475,35.9919457],[129.1693156,35.9919351],[129.1692992,35.9919525],[129.1692854,35.9919762],[129.1692792,35.9919737],[129.1692542,35.9920002],[129.1691796,35.9920794],[129.1692059,35.9920958],[129.1692806,35.9920167],[129.1693475,35.9919457]]]]}},{"type":"Feature","properties":{"UFID":"100035901007A00110100000004449358"},"geometry":{"type":"MultiPolygon","coordinates":[[[[129.1693326,35.9919115],[129.1690925,35.991831],[129.1689817,35.9918066],[129.1689431,35.991779],[129.1687963,35.9916387],[129.1686829,35.9915483],[129.168649,35.9915273],[129.1686054,35.9914943],[129.1685798,35.9914803],[129.1685151,35.99152],[129.1685694,35.9915191],[129.168622,35.9915445],[129.1686611,35.9915687],[129.1687719,35.9916571],[129.1689193,35.9917981],[129.1689656,35.9918311],[129.1690818,35.9918566],[129.1691961,35.991895],[129.1691999,35.9918886],[129.169311,35.9919322],[129.1693104,35.9919333],[129.1693156,35.9919351],[129.1693326,35.9919115]]]]}},{"type":"Feature","properties":{"UFID":"100035901007A00110100000004449359"},"geometry":{"type":"MultiPolygon","coordinates":[[[[129.1676182,35.9907673],[129.1676103,35.9907597],[129.167604,35.9907438],[129.1677192,35.9904921],[129.1677457,35.9904192],[129.1677545,35.9903988],[129.1677858,35.9903889],[129.1678043,35.9903901],[129.1677276,35.9903772],[129.1675674,35.9907366],[129.1675223,35.9908367],[129.1676182,35.9907673]]]]}},{"type":"Feature","properties":{"UFID":"100035901007A00110100000004449360"},"geometry":{"type":"MultiPolygon","coordinates":[[[[129.1685798,35.9914803],[129.168554,35.9914523],[129.1685401,35.9914771],[129.1685008,35.9914923],[129.1684967,35.9914944],[129.1685151,35.99152],[129.1685798,35.9914803]]]]}},{"type":"Feature","properties":{"UFID":"100035901007A00110100000004449361"},"geometry":{"type":"MultiPolygon","coordinates":[[[[129.1688197,35.9910729],[129.1687434,35.9910531],[129.1687434,35.9910545],[129.1687436,35.9910573],[129.1687436,35.9910628],[129.1687401,35.9910691],[129.1687282,35.9910776],[129.168703,35.9910932],[129.1686952,35.9911227],[129.1687179,35.9911297],[129.1686639,35.9912308],[129.1685671,35.9914294],[129.168554,35.9914523],[129.1685798,35.9914803],[129.1685804,35.9914737],[129.16859,35.9914536],[129.1685976,35.99144],[129.1686946,35.9912412],[129.1687195,35.9911947],[129.168784,35.9910903],[129.1688197,35.9910729]]]]}},{"type":"Feature","properties":{"UFID":"100035901007A00110100000004449362"},"geometry":{"type":"MultiPolygon","coordinates":[[[[129.1687955,35.9909704],[129.1687839,35.9909704],[129.1684659,35.9908728],[129.168252,35.9908107],[129.1682083,35.9908026],[129.1681311,35.9907872],[129.168027,35.9907697],[129.1679229,35.9907571],[129.1678262,35.9907483],[129.1677789,35.9907448],[129.1677091,35.9907478],[129.167652,35.9907582],[129.1676375,35.9907631],[129.1676265,35.990767],[129.1676182,35.9907673],[129.167656,35.9908628],[129.167688,35.9908488],[129.1677223,35.9908416],[129.1677789,35.9908392],[129.1678447,35.9908387],[129.1678986,35.990842],[129.1679544,35.9908483],[129.1680296,35.9908575],[129.1680917,35.9908675],[129.1682481,35.9909054],[129.1684198,35.9909531],[129.1687434,35.9910531],[129.1687955,35.9909704]]]]}},{"type":"Feature","properties":{"UFID":"100035901007A00110100000004449363"},"geometry":{"type":"MultiPolygon","coordinates":[[[[129.1695135,35.9911669],[129.1695041,35.9911686],[129.1694926,35.9911687],[129.1694894,35.9911687],[129.1688527,35.9909806],[129.1688197,35.9910729],[129.1688458,35.9910741],[129.1694024,35.9912378],[129.1695955,35.9913003],[129.1695135,35.9911669]]]]}},{"type":"Feature","properties":{"UFID":"100035901007A00110100000004449364"},"geometry":{"type":"MultiPolygon","coordinates":[[[[129.1688527,35.9909806],[129.1687955,35.9909704],[129.1687434,35.9910531],[129.1688197,35.9910729],[129.1688527,35.9909806]]]]}},{"type":"Feature","properties":{"UFID":"100035901007A00110100000004449365"},"geometry":{"type":"MultiPolygon","coordinates":[[[[129.1689332,35.9907315],[129.1688482,35.9907053],[129.1688498,35.9907607],[129.1688404,35.9908833],[129.1688293,35.990934],[129.1688233,35.9909551],[129.1688169,35.9909612],[129.1688115,35.9909656],[129.1688032,35.9909688],[129.1687955,35.9909704],[129.1688527,35.9909806],[129.168855,35.9909674],[129.1688566,35.990964],[129.1688734,35.9908865],[129.168877,35.99084],[129.1688779,35.990835],[129.1688842,35.9907584],[129.1688915,35.9907472],[129.1689018,35.9907391],[129.1689086,35.9907345],[129.168916,35.9907316],[129.1689211,35.9907313],[129.168927,35.9907313],[129.1689332,35.9907315]]]]}},{"type":"Feature","properties":{"UFID":"100035901007A00110100000004449366"},"geometry":{"type":"MultiPolygon","coordinates":[[[[129.1685151,35.99152],[129.1684967,35.9914944],[129.1684263,35.9915309],[129.1683979,35.9915693],[129.1683849,35.9916336],[129.1683857,35.9917608],[129.1684032,35.9918226],[129.1684509,35.9919174],[129.1685452,35.9920648],[129.1685973,35.9921395],[129.1686526,35.9922271],[129.1686933,35.992323],[129.168704,35.9923418],[129.1687304,35.9924108],[129.1688353,35.9924638],[129.1687776,35.9923983],[129.1687508,35.9923599],[129.1687501,35.9923588],[129.1687242,35.992313],[129.1686833,35.9922165],[129.1686267,35.9921266],[129.1685745,35.9920519],[129.168481,35.991906],[129.168435,35.9918144],[129.1684189,35.9917576],[129.1684181,35.9916358],[129.1684297,35.9915788],[129.1684509,35.9915504],[129.1685007,35.9915243],[129.1685137,35.99152],[129.1685151,35.99152]]]]}},{"type":"Feature","properties":{"UFID":"100035901007A00110100000004449367"},"geometry":{"type":"MultiPolygon","coordinates":[[[[129.1687304,35.9924108],[129.1686303,35.992394],[129.168408,35.9923291],[129.1678634,35.9921595],[129.1670592,35.9919072],[129.1670411,35.9919305],[129.167045,35.9919317],[129.1676352,35.9921168],[129.1680242,35.9922392],[129.1685526,35.9924077],[129.168625,35.9924332],[129.1687265,35.9924645],[129.1687304,35.9924108]]]]}},{"type":"Feature","properties":{"UFID":"100035901007A00110100000004449368"},"geometry":{"type":"MultiPolygon","coordinates":[[[[129.1692401,35.9904607],[129.1692289,35.9904786],[129.1691988,35.9904932],[129.1691527,35.9904999],[129.1690708,35.9905188],[129.1690451,35.990532],[129.1690054,35.9905416],[129.1689718,35.9905448],[129.1691225,35.9905575],[129.1691698,35.9905414],[129.1692251,35.9905457],[129.1692688,35.9905678],[129.1692401,35.9904607]]]]}},{"type":"Feature","properties":{"UFID":"100035901007A00110100000004449369"},"geometry":{"type":"MultiPolygon","coordinates":[[[[129.1688432,35.990228],[129.1688087,35.9901871],[129.1688091,35.9901956],[129.168809,35.9902206],[129.1688059,35.9902402],[129.1688022,35.9902637],[129.168797,35.9903338],[129.1687981,35.990402],[129.1687989,35.9904181],[129.1687969,35.9904692],[129.168778,35.990482],[129.1688692,35.9905241],[129.1688378,35.9904994],[129.1688322,35.9904114],[129.1688316,35.9904051],[129.1688314,35.9904013],[129.1688302,35.9903344],[129.1688354,35.9902662],[129.1688388,35.9902436],[129.168841,35.9902306],[129.1688432,35.990228]]]]}},{"type":"Feature","properties":{"UFID":"100035901007A00110100000004449370"},"geometry":{"type":"MultiPolygon","coordinates":[[[[129.1688605,35.990167],[129.1688168,35.9901527],[129.1688087,35.9901871],[129.1688432,35.990228],[129.1688605,35.990167]]]]}},{"type":"Feature","properties":{"UFID":"100035901007A00110100000004449371"},"geometry":{"type":"MultiPolygon","coordinates":[[[[129.166882,35.9901476],[129.1668316,35.990112],[129.1668364,35.9901298],[129.166732,35.9903612],[129.1667711,35.9903713],[129.1668166,35.9902766],[129.166882,35.9901476]]]]}},{"type":"Feature","properties":{"UFID":"100035901007A00110100000004449372"},"geometry":{"type":"MultiPolygon","coordinates":[[[[129.167656,35.9908628],[129.1676182,35.9907673],[129.1675223,35.9908367],[129.1675694,35.9909202],[129.1676104,35.990889],[129.167656,35.9908628]]]]}},{"type":"Feature","properties":{"UFID":"100035901007A00110100000004449373"},"geometry":{"type":"MultiPolygon","coordinates":[[[[129.1669826,35.9918819],[129.1669677,35.9918769],[129.1666967,35.9917517],[129.1662893,35.9915583],[129.1662155,35.9915225],[129.1661846,35.991539],[129.1662724,35.9915816],[129.16668,35.9917752],[129.1669531,35.9919013],[129.1669698,35.9919068],[129.1669826,35.9918819]]]]}},{"type":"Feature","properties":{"UFID":"100035901007A00110100000004449374"},"geometry":{"type":"MultiPolygon","coordinates":[[[[129.1670592,35.9919072],[129.1669826,35.9918819],[129.1669698,35.9919068],[129.1670411,35.9919305],[129.1670592,35.9919072]]]]}},{"type":"Feature","properties":{"UFID":"100035901007A00110100000004449375"},"geometry":{"type":"MultiPolygon","coordinates":[[[[129.1667711,35.9903713],[129.166732,35.9903612],[129.1667038,35.9903959],[129.1667524,35.9904101],[129.1667711,35.9903713]]]]}},{"type":"Feature","properties":{"UFID":"100035901007A00110100000004449376"},"geometry":{"type":"MultiPolygon","coordinates":[[[[129.1662155,35.9915225],[129.1661847,35.9915076],[129.1661495,35.991522],[129.1661846,35.991539],[129.1662155,35.9915225]]]]}},{"type":"Feature","properties":{"UFID":"100035901007A00110100000004449377"},"geometry":{"type":"MultiPolygon","coordinates":[[[[129.166732,35.9903612],[129.1656334,35.9900488],[129.1656101,35.9900804],[129.1661243,35.9902268],[129.1667038,35.9903959],[129.166732,35.9903612]]]]}},{"type":"Feature","properties":{"UFID":"100035901007A00110100000004449378"},"geometry":{"type":"MultiPolygon","coordinates":[[[[129.1661847,35.9915076],[129.1660552,35.9914448],[129.165821,35.9913312],[129.1651863,35.9910199],[129.1651637,35.9910463],[129.1651721,35.9910446],[129.1658039,35.9913544],[129.1660381,35.991468],[129.1661495,35.991522],[129.1661847,35.9915076]]]]}},{"type":"Feature","properties":{"UFID":"100035901007A00110100000004449379"},"geometry":{"type":"MultiPolygon","coordinates":[[[[129.1672678,35.9914722],[129.1671905,35.9914418],[129.1671149,35.9916078],[129.166998,35.9918734],[129.1669937,35.9918769],[129.1669892,35.9918798],[129.1669833,35.991882],[129.1669826,35.9918819],[129.1670592,35.9919072],[129.1672617,35.9914852],[129.1672678,35.9914722]]]]}},{"type":"Feature","properties":{"UFID":"100035901007A00110100000004449380"},"geometry":{"type":"MultiPolygon","coordinates":[[[[129.1672947,35.9914144],[129.1672165,35.991394],[129.1671905,35.9914418],[129.1672678,35.9914722],[129.1672947,35.9914144]]]]}},{"type":"Feature","properties":{"UFID":"100035901007A00110100000004449381"},"geometry":{"type":"MultiPolygon","coordinates":[[[[129.1675694,35.9909202],[129.1675223,35.9908367],[129.1675077,35.9908565],[129.1674862,35.9908759],[129.1674601,35.9909064],[129.1674336,35.9909429],[129.167386,35.9910222],[129.1672887,35.9912384],[129.1672165,35.991394],[129.1672947,35.9914144],[129.16747,35.9910389],[129.1674806,35.9910229],[129.1674929,35.991001],[129.1675123,35.9909746],[129.1675403,35.9909472],[129.1675694,35.9909202]]]]}},{"type":"Feature","properties":{"UFID":"100035901007A00110100000004449382"},"geometry":{"type":"MultiPolygon","coordinates":[[[[129.1667524,35.9904101],[129.1667038,35.9903959],[129.1666338,35.990583],[129.1665876,35.9906265],[129.1665582,35.9906829],[129.1665465,35.9907101],[129.1665761,35.9907549],[129.1665786,35.9907481],[129.1665848,35.9907168],[129.1666017,35.9906739],[129.1666297,35.9906318],[129.1666713,35.9905885],[129.166701,35.9905174],[129.1667524,35.9904101]]]]}},{"type":"Feature","properties":{"UFID":"100035901007A00110100000004449383"},"geometry":{"type":"MultiPolygon","coordinates":[[[[129.1665761,35.9907549],[129.1665465,35.9907101],[129.1665393,35.9907269],[129.1665261,35.9907485],[129.1665508,35.9907819],[129.1665761,35.9907549]]]]}},{"type":"Feature","properties":{"UFID":"100035901007A00110100000004449384"},"geometry":{"type":"MultiPolygon","coordinates":[[[[129.1665761,35.9907549],[129.1665508,35.9907819],[129.1665685,35.9908017],[129.1665943,35.9907861],[129.1665761,35.9907549]]]]}},{"type":"Feature","properties":{"UFID":"100035901007A00110100000004449385"},"geometry":{"type":"MultiPolygon","coordinates":[[[[129.1665508,35.9907819],[129.1665261,35.9907485],[129.1664929,35.990803],[129.166484,35.9908421],[129.1664835,35.9908538],[129.1664813,35.9909033],[129.1664764,35.990928],[129.1664671,35.9909506],[129.1664401,35.9910114],[129.1663249,35.9912849],[129.1662591,35.9914401],[129.1662413,35.9914667],[129.1662233,35.9914838],[129.1661847,35.9915076],[129.1662155,35.9915225],[129.1662461,35.9915036],[129.1662688,35.9914821],[129.1662896,35.991451],[129.1663564,35.9912936],[129.1664715,35.9910204],[129.1665045,35.9909462],[129.1665089,35.990934],[129.1665145,35.990906],[129.1665168,35.9908548],[129.1665172,35.990845],[129.1665248,35.9908116],[129.1665399,35.9907868],[129.1665508,35.9907819]]]]}},{"type":"Feature","properties":{"UFID":"100035901007A00110100000004449386"},"geometry":{"type":"MultiPolygon","coordinates":[[[[129.1668586,35.9912412],[129.166808,35.9912036],[129.1667984,35.9912332],[129.1668435,35.9912666],[129.1668586,35.9912412]]]]}},{"type":"Feature","properties":{"UFID":"100035901007A00110100000004449387"},"geometry":{"type":"MultiPolygon","coordinates":[[[[129.166948,35.9912886],[129.1668586,35.9912412],[129.1668435,35.9912666],[129.1668695,35.9912812],[129.1669289,35.9913129],[129.166948,35.9912886]]]]}},{"type":"Feature","properties":{"UFID":"100035901007A00110100000004449388"},"geometry":{"type":"MultiPolygon","coordinates":[[[[129.1668586,35.9912412],[129.166948,35.9912886],[129.1669445,35.9912829],[129.1669358,35.9912401],[129.1669474,35.9912313],[129.1669992,35.9911884],[129.167009,35.9911753],[129.1670238,35.9911465],[129.167055,35.9910558],[129.1670229,35.9910485],[129.1669923,35.9911376],[129.1669793,35.991163],[129.1669728,35.9911717],[129.1669241,35.991212],[129.1669023,35.9912286],[129.1668971,35.9912336],[129.1668931,35.9912362],[129.1668738,35.9912405],[129.1668586,35.9912412]]]]}},{"type":"Feature","properties":{"UFID":"100035901007A00110100000004449389"},"geometry":{"type":"MultiPolygon","coordinates":[[[[129.1672165,35.991394],[129.1672105,35.9913951],[129.1672021,35.991396],[129.1671913,35.9913961],[129.1669567,35.9912929],[129.166948,35.9912886],[129.1669289,35.9913129],[129.1669678,35.9913337],[129.1671835,35.9914319],[129.1671875,35.9914342],[129.1671903,35.9914391],[129.1671905,35.9914418],[129.1672165,35.991394]]]]}},{"type":"Feature","properties":{"UFID":"100035901007A00110100000004449390"},"geometry":{"type":"MultiPolygon","coordinates":[[[[129.1651637,35.9910463],[129.1651309,35.9910247],[129.1651276,35.99103],[129.1651218,35.9910397],[129.1650985,35.9910623],[129.1651285,35.9910753],[129.1651359,35.9910682],[129.1651637,35.9910463]]]]}},{"type":"Feature","properties":{"UFID":"100035901007A00110100000004449391"},"geometry":{"type":"MultiPolygon","coordinates":[[[[129.1651285,35.9910753],[129.1650985,35.9910623],[129.1650847,35.9910758],[129.1637832,35.9920959],[129.1637666,35.9920942],[129.1638055,35.9921402],[129.1638068,35.992123],[129.1639901,35.9919715],[129.1640332,35.9919375],[129.165109,35.9910942],[129.1651285,35.9910753]]]]}},{"type":"Feature","properties":{"UFID":"100035901007A00110100000004449392"},"geometry":{"type":"MultiPolygon","coordinates":[[[[129.1656334,35.9900488],[129.165585,35.9900292],[129.1655679,35.9900643],[129.1656101,35.9900804],[129.1656334,35.9900488]]]]}},{"type":"Feature","properties":{"UFID":"100035901007A00110100000004449393"},"geometry":{"type":"MultiPolygon","coordinates":[[[[129.1651863,35.9910199],[129.1651463,35.9909989],[129.1651454,35.9910006],[129.1651309,35.9910247],[129.1651637,35.9910463],[129.1651863,35.9910199]]]]}},{"type":"Feature","properties":{"UFID":"100035901007A00110100000004449394"},"geometry":{"type":"MultiPolygon","coordinates":[[[[129.1656101,35.9900804],[129.1655679,35.9900643],[129.1655446,35.9901123],[129.1654395,35.9903601],[129.1652065,35.9908842],[129.1651921,35.9909121],[129.1651463,35.9909989],[129.1651863,35.9910199],[129.1651854,35.9910056],[129.1651858,35.9909989],[129.16521,35.9909468],[129.1652227,35.9909227],[129.1652375,35.990894],[129.1654709,35.9903691],[129.1655758,35.9901217],[129.165578,35.9901171],[129.1656101,35.9900804]]]]}},{"type":"Feature","properties":{"UFID":"100035901007A00110100000004449395"},"geometry":{"type":"MultiPolygon","coordinates":[[[[129.1656816,35.9899099],[129.1656528,35.9898956],[129.1656034,35.9899911],[129.165585,35.9900292],[129.1656334,35.9900488],[129.1656289,35.9900126],[129.1656343,35.9900014],[129.1656816,35.9899099]]]]}},{"type":"Feature","properties":{"UFID":"100035901007A00110100000004449396"},"geometry":{"type":"MultiPolygon","coordinates":[[[[129.1630419,35.9904186],[129.1629494,35.9902806],[129.1628813,35.9903178],[129.1629932,35.9904712],[129.1630419,35.9904186]]]]}},{"type":"Feature","properties":{"UFID":"100035901007A00110100000004449397"},"geometry":{"type":"MultiPolygon","coordinates":[[[[129.1629932,35.9904712],[129.1628813,35.9903178],[129.1628678,35.9903718],[129.1628594,35.9903824],[129.1626306,35.9904964],[129.1626165,35.9904974],[129.1626104,35.9904975],[129.1625621,35.9904949],[129.1626416,35.9906104],[129.1626416,35.9906073],[129.1626588,35.9905551],[129.1626668,35.9905494],[129.1628941,35.9904419],[129.1629017,35.9904415],[129.1629114,35.990442],[129.1629932,35.9904712]]]]}},{"type":"Feature","properties":{"UFID":"100035901007A00110100000004449398"},"geometry":{"type":"MultiPolygon","coordinates":[[[[129.1639341,35.9922739],[129.163832,35.9921678],[129.1637493,35.9922199],[129.1638821,35.9923058],[129.1639341,35.9922739]]]]}},{"type":"Feature","properties":{"UFID":"100035901007A00110100000004449399"},"geometry":{"type":"MultiPolygon","coordinates":[[[[129.163832,35.9921678],[129.1638055,35.9921402],[129.1637427,35.9921856],[129.1637493,35.9922199],[129.163832,35.9921678]]]]}},{"type":"Feature","properties":{"UFID":"100035901007A00110100000004449400"},"geometry":{"type":"MultiPolygon","coordinates":[[[[129.1636867,35.9888519],[129.1636547,35.9888443],[129.1636393,35.9888849],[129.1636308,35.9889049],[129.1635889,35.9889544],[129.1636506,35.9889715],[129.1636465,35.9889658],[129.1636463,35.988956],[129.1636582,35.9889248],[129.1636611,35.9889194],[129.1636867,35.9888519]]]]}},{"type":"Feature","properties":{"UFID":"100035901007A00110100000004449401"},"geometry":{"type":"MultiPolygon","coordinates":[[[[129.1637666,35.9920942],[129.1637505,35.9920785],[129.1637233,35.9920224],[129.1636842,35.9918452],[129.1635974,35.9914121],[129.1635483,35.9912341],[129.1634961,35.991138],[129.1634023,35.99098],[129.163223,35.9907065],[129.163046,35.9904248],[129.1630419,35.9904186],[129.1629932,35.9904712],[129.1630554,35.9905512],[129.1630969,35.9906099],[129.1632214,35.9908147],[129.1633502,35.9910076],[129.1634231,35.9911406],[129.163491,35.9912599],[129.1635303,35.9914039],[129.1635991,35.9917639],[129.1636689,35.9920507],[129.1636754,35.9920734],[129.1636862,35.9920972],[129.1637087,35.9921276],[129.1637666,35.9920942]]]]}},{"type":"Feature","properties":{"UFID":"100035901007A00110100000004449402"},"geometry":{"type":"MultiPolygon","coordinates":[[[[129.1638055,35.9921402],[129.1637666,35.9920942],[129.1637087,35.9921276],[129.1637233,35.9921473],[129.1637343,35.9921618],[129.1637427,35.9921856],[129.1638055,35.9921402]]]]}},{"type":"Feature","properties":{"UFID":"100035901007A00110100000004449403"},"geometry":{"type":"MultiPolygon","coordinates":[[[[129.162883,35.9901818],[129.1628463,35.9901353],[129.1627834,35.9901646],[129.162794,35.990178],[129.1628159,35.9902092],[129.1628188,35.9902134],[129.162883,35.9901818]]]]}},{"type":"Feature","properties":{"UFID":"100035901007A00110100000004449404"},"geometry":{"type":"MultiPolygon","coordinates":[[[[129.1628463,35.9901353],[129.162883,35.9901818],[129.1628834,35.9901732],[129.1628856,35.9901631],[129.1628921,35.9901548],[129.1628956,35.9901519],[129.1629029,35.9901456],[129.1630084,35.9900642],[129.1632122,35.9899048],[129.1632984,35.9898377],[129.1634651,35.9897094],[129.1636265,35.989582],[129.1636034,35.9895626],[129.1634421,35.9896899],[129.1632754,35.9898181],[129.1631891,35.9898853],[129.1629855,35.9900447],[129.1628696,35.9901341],[129.1628639,35.9901366],[129.1628575,35.9901368],[129.1628463,35.9901353]]]]}},{"type":"Feature","properties":{"UFID":"100035901007A00110100000004449405"},"geometry":{"type":"MultiPolygon","coordinates":[[[[129.1629494,35.9902806],[129.1628997,35.9902064],[129.1628875,35.990191],[129.162883,35.9901818],[129.1628188,35.9902134],[129.1628794,35.9902997],[129.1628808,35.9903116],[129.1628813,35.9903178],[129.1629494,35.9902806]]]]}},{"type":"Feature","properties":{"UFID":"100035901007A00110100000004449406"},"geometry":{"type":"MultiPolygon","coordinates":[[[[129.1644521,35.9973742],[129.1644101,35.99736],[129.1643548,35.9974815],[129.164398,35.9974971],[129.1644521,35.9973742]]]]}},{"type":"Feature","properties":{"UFID":"100035901007A00110100000004449407"},"geometry":{"type":"MultiPolygon","coordinates":[[[[129.1644636,35.9968486],[129.1643878,35.996866],[129.1643961,35.9968748],[129.1644012,35.9968815],[129.1644072,35.9968927],[129.164431,35.9970066],[129.1644413,35.9970844],[129.1644514,35.9971878],[129.1644504,35.9972413],[129.1644475,35.9972643],[129.1644447,35.9972853],[129.1644376,35.9973081],[129.1644101,35.99736],[129.1644521,35.9973742],[129.164491,35.9972701],[129.1644984,35.9972487],[129.1645057,35.9972267],[129.1645063,35.99721],[129.1645062,35.9971562],[129.1644956,35.9970533],[129.1644622,35.9968953],[129.1644608,35.996882],[129.1644607,35.9968668],[129.1644607,35.9968585],[129.1644636,35.9968486]]]]}},{"type":"Feature","properties":{"UFID":"100035901007A00110100000004449408"},"geometry":{"type":"MultiPolygon","coordinates":[[[[129.1631223,35.9977971],[129.1631491,35.9977536],[129.1631274,35.9977138],[129.1630855,35.9977274],[129.1630817,35.9977738],[129.1631138,35.9977976],[129.1631157,35.9977966],[129.1631195,35.9977965],[129.1631223,35.9977971]]]]}},{"type":"Feature","properties":{"UFID":"100035901007A00110100000004449409"},"geometry":{"type":"MultiPolygon","coordinates":[[[[129.1631138,35.9977976],[129.1630817,35.9977738],[129.163058,35.9978621],[129.1630905,35.9978675],[129.1630895,35.9978642],[129.1630895,35.9978616],[129.1630898,35.9978579],[129.1631071,35.9978107],[129.1631096,35.997806],[129.1631121,35.9978005],[129.1631138,35.9977976]]]]}},{"type":"Feature","properties":{"UFID":"100035901007A00110100000004449410"},"geometry":{"type":"MultiPolygon","coordinates":[[[[129.1631274,35.9977138],[129.1631242,35.9976773],[129.1631233,35.9976569],[129.163123,35.9976209],[129.163124,35.9976047],[129.1631268,35.9975917],[129.1631719,35.9975264],[129.1632431,35.9974383],[129.1633492,35.9973133],[129.163392,35.9972483],[129.1634035,35.9972406],[129.1634207,35.9972313],[129.1634656,35.9972087],[129.1635355,35.9971846],[129.1636083,35.9971515],[129.163671,35.9971184],[129.1637118,35.9970859],[129.1637313,35.9970661],[129.1637738,35.9970185],[129.1638115,35.9969894],[129.1638603,35.9969624],[129.1639288,35.9969369],[129.1640009,35.9969118],[129.1640546,35.9969016],[129.1641216,35.9968931],[129.1641906,35.9968857],[129.1642605,35.9968697],[129.1643481,35.9968567],[129.1643766,35.99686],[129.164363,35.9968294],[129.1643482,35.9968324],[129.164277,35.9968449],[129.1641834,35.9968582],[129.1640861,35.9968686],[129.1639917,35.9968849],[129.16394,35.9969004],[129.1638884,35.9969222],[129.1638263,35.9969499],[129.1637705,35.9969876],[129.1637207,35.9970305],[129.1636723,35.9970825],[129.1636527,35.9970993],[129.1635809,35.9971362],[129.163472,35.9971803],[129.1634144,35.9972045],[129.1633699,35.997233],[129.1633589,35.9972425],[129.1633551,35.9972473],[129.1633058,35.9973076],[129.1632574,35.9973705],[129.1631621,35.9974867],[129.1630888,35.9975842],[129.1630795,35.9976049],[129.1630762,35.9976415],[129.1630845,35.9977064],[129.1630855,35.9977274],[129.1631274,35.9977138]]]]}},{"type":"Feature","properties":{"UFID":"100035901007A00110100000004449411"},"geometry":{"type":"MultiPolygon","coordinates":[[[[129.1644636,35.9968486],[129.1644651,35.9968454],[129.1644679,35.9968388],[129.1644102,35.9968029],[129.1643847,35.9968188],[129.164363,35.9968294],[129.1643766,35.99686],[129.1643878,35.996866],[129.1644636,35.9968486]]]]}},{"type":"Feature","properties":{"UFID":"100035901007A00110100000004449412"},"geometry":{"type":"MultiPolygon","coordinates":[[[[129.1632112,35.9978369],[129.1631872,35.9978096],[129.1631491,35.9977536],[129.1631223,35.9977971],[129.1631247,35.9977998],[129.1631256,35.997801],[129.1631609,35.997835],[129.1631717,35.9978471],[129.1631717,35.9978513],[129.1631716,35.9978549],[129.1632112,35.9978369]]]]}},{"type":"Feature","properties":{"UFID":"100035901007A00110100000004449413"},"geometry":{"type":"MultiPolygon","coordinates":[[[[129.164726,35.9962396],[129.1646701,35.9962681],[129.1646905,35.9962896],[129.1647275,35.9963348],[129.1647528,35.996383],[129.1647607,35.9964069],[129.1647595,35.996438],[129.1647559,35.9964572],[129.1647498,35.9964757],[129.1647396,35.9964963],[129.1647316,35.9965103],[129.1647118,35.9965388],[129.1646647,35.9965835],[129.1646321,35.9966062],[129.1645941,35.9966378],[129.164543,35.9966886],[129.1644929,35.9967382],[129.164446,35.996779],[129.1644102,35.9968029],[129.1644679,35.9968388],[129.1647143,35.9966113],[129.1647964,35.996546],[129.1648074,35.9964881],[129.1648152,35.9964538],[129.1648167,35.9964281],[129.164813,35.9964003],[129.1648061,35.996378],[129.164753,35.9962927],[129.1647303,35.996256],[129.164726,35.9962396]]]]}},{"type":"Feature","properties":{"UFID":"100035901007A00110100000004449414"},"geometry":{"type":"MultiPolygon","coordinates":[[[[129.1618362,35.9953797],[129.161827,35.9953256],[129.1617564,35.9953309],[129.1617268,35.9953428],[129.161726,35.9953429],[129.16169,35.9953522],[129.1616179,35.9953814],[129.1615391,35.9954014],[129.1614048,35.9954011],[129.1613375,35.9953945],[129.1612667,35.9953859],[129.1612387,35.9953884],[129.161164,35.9953941],[129.161123,35.9954036],[129.161031,35.9954265],[129.1610099,35.9954355],[129.160905,35.9954772],[129.1608872,35.9954914],[129.1608472,35.9955123],[129.1607571,35.9955509],[129.1607047,35.995575],[129.1606373,35.9956127],[129.1606278,35.9956166],[129.1605489,35.9956449],[129.1604371,35.9956611],[129.1604139,35.9956642],[129.1603226,35.9956703],[129.1602958,35.9956741],[129.1601022,35.9957258],[129.1599981,35.995751],[129.1599147,35.9957737],[129.15983,35.995827],[129.1597639,35.9958714],[129.1597078,35.9958877],[129.159602,35.9958872],[129.1595069,35.99588],[129.1594416,35.9958782],[129.1593859,35.9958872],[129.1593177,35.9959063],[129.1592515,35.99593],[129.1591898,35.9959389],[129.1591373,35.9959426],[129.1590186,35.9959386],[129.1589891,35.9959431],[129.1588736,35.9959694],[129.1587789,35.9959858],[129.1586316,35.9959992],[129.1584696,35.9960195],[129.1582307,35.9960548],[129.1582164,35.9960553],[129.15816,35.9960494],[129.1581405,35.9960466],[129.1581168,35.9960385],[129.1580783,35.9960191],[129.1580512,35.996003],[129.1580094,35.9959707],[129.1579498,35.995919],[129.1578908,35.9958601],[129.1578709,35.9958303],[129.1578703,35.9958289],[129.1578389,35.995838],[129.1578403,35.9958413],[129.157863,35.9958753],[129.1579247,35.9959367],[129.1579857,35.9959897],[129.1580298,35.9960238],[129.1580597,35.9960416],[129.1581015,35.9960626],[129.158131,35.9960726],[129.158155,35.996076],[129.158215,35.9960825],[129.1582345,35.9960817],[129.1584752,35.9960461],[129.158636,35.996026],[129.1587843,35.9960126],[129.1588815,35.9959956],[129.1589965,35.9959695],[129.1590209,35.9959658],[129.1591381,35.9959697],[129.1591942,35.9959657],[129.1592614,35.9959562],[129.1593298,35.9959315],[129.1593946,35.9959134],[129.1594444,35.9959054],[129.1595047,35.9959071],[129.1596004,35.9959143],[129.1597135,35.9959147],[129.1597806,35.9958953],[129.1598508,35.995848],[129.1599306,35.9957979],[129.1600082,35.9957767],[129.1601121,35.9957515],[129.160304,35.9957004],[129.1603268,35.9956972],[129.1604179,35.9956911],[129.1604426,35.9956878],[129.1605586,35.995671],[129.1606422,35.995641],[129.1606545,35.9956358],[129.1607223,35.995598],[129.160773,35.9955745],[129.1608638,35.9955356],[129.1609302,35.9955011],[129.1609344,35.9954989],[129.1609436,35.9954944],[129.1610298,35.9954575],[129.1610437,35.9954516],[129.1611323,35.9954296],[129.1611701,35.9954209],[129.1612421,35.9954153],[129.1612659,35.9954132],[129.1613331,35.9954214],[129.1614027,35.9954281],[129.1615441,35.9954284],[129.1616302,35.9954066],[129.1617025,35.9953774],[129.161734,35.9953693],[129.1617561,35.9953661],[129.1617932,35.995369],[129.1618362,35.9953797]]]]}},{"type":"Feature","properties":{"UFID":"100035901007A00110100000004449415"},"geometry":{"type":"MultiPolygon","coordinates":[[[[129.1619555,35.9953505],[129.1619324,35.9952879],[129.1619027,35.9953027],[129.161827,35.9953256],[129.1618362,35.9953797],[129.1619555,35.9953505]]]]}},{"type":"Feature","properties":{"UFID":"100035901007A00110100000004449416"},"geometry":{"type":"MultiPolygon","coordinates":[[[[129.1644879,35.9959816],[129.1643062,35.9959323],[129.1642845,35.9960299],[129.1643459,35.9960238],[129.1643934,35.9960251],[129.164422,35.9960312],[129.1644529,35.9960429],[129.1644879,35.9959816]]]]}},{"type":"Feature","properties":{"UFID":"100035901007A00110100000004449417"},"geometry":{"type":"MultiPolygon","coordinates":[[[[129.1646415,35.9961643],[129.1646247,35.9961576],[129.1646108,35.9961469],[129.1645347,35.9960567],[129.1644906,35.9960024],[129.1644879,35.9959816],[129.1644529,35.9960429],[129.1644713,35.9960588],[129.1644911,35.9960903],[129.1645302,35.9961439],[129.1645781,35.9961923],[129.1646415,35.9961643]]]]}},{"type":"Feature","properties":{"UFID":"100035901007A00110100000004449418"},"geometry":{"type":"MultiPolygon","coordinates":[[[[129.1642386,35.9955068],[129.1642434,35.9954829],[129.1642755,35.9954145],[129.1643269,35.9953158],[129.1643255,35.9952998],[129.1643848,35.9952126],[129.1644627,35.9950978],[129.1645108,35.9950146],[129.1645589,35.9949439],[129.1646317,35.9948454],[129.1646818,35.9947841],[129.1647212,35.9947146],[129.1647538,35.9946524],[129.1647755,35.9946053],[129.1646813,35.9945693],[129.1646515,35.9946338],[129.1646565,35.9946355],[129.1646607,35.9946378],[129.1646627,35.9946393],[129.1646645,35.9946419],[129.1646646,35.9946438],[129.1646642,35.9946453],[129.1646394,35.9946926],[129.1645687,35.9947975],[129.1645333,35.9948405],[129.1644621,35.9949366],[129.1644603,35.9949404],[129.1644359,35.9949798],[129.1644333,35.9949823],[129.1643625,35.9950876],[129.1643375,35.9951348],[129.1643358,35.9951369],[129.1642654,35.9952349],[129.1642311,35.9952767],[129.1640828,35.9955116],[129.1640955,35.9955225],[129.1641058,35.9955311],[129.1642386,35.9955068]]]]}},{"type":"Feature","properties":{"UFID":"100035901007A00110100000004449419"},"geometry":{"type":"MultiPolygon","coordinates":[[[[129.1642386,35.9955068],[129.1641058,35.9955311],[129.1641144,35.9955383],[129.1641291,35.9955562],[129.1641474,35.9955932],[129.1641643,35.9956229],[129.1641683,35.9956281],[129.1641691,35.9956292],[129.1642194,35.9956736],[129.164277,35.9957256],[129.1643104,35.9957579],[129.1643179,35.9957655],[129.1643185,35.9957683],[129.1643165,35.9957712],[129.1643125,35.9957736],[129.1643099,35.9957749],[129.1643074,35.9959085],[129.1643098,35.9959163],[129.1643088,35.9959248],[129.1643062,35.9959323],[129.1644879,35.9959816],[129.164496,35.9959541],[129.1643748,35.9958842],[129.164428,35.9958186],[129.1644171,35.9958126],[129.1644256,35.9958002],[129.1642962,35.9956874],[129.1642588,35.9956446],[129.1642412,35.9956056],[129.1642326,35.9955782],[129.1642328,35.9955354],[129.1642386,35.9955068]]]]}},{"type":"Feature","properties":{"UFID":"100035901007A00110100000004449420"},"geometry":{"type":"MultiPolygon","coordinates":[[[[129.1619555,35.9953505],[129.1618362,35.9953797],[129.1618882,35.9954103],[129.1619265,35.9954754],[129.1619312,35.9954875],[129.1619602,35.9955798],[129.1619869,35.9956319],[129.1620083,35.9956473],[129.1620216,35.9956552],[129.1620334,35.9956627],[129.1620437,35.9956731],[129.1620487,35.9956842],[129.1620548,35.9957084],[129.1620641,35.9957363],[129.1620682,35.9957547],[129.1620717,35.9957756],[129.1620753,35.9957947],[129.1620761,35.9958158],[129.1620762,35.9958284],[129.1620738,35.9958479],[129.1620693,35.995868],[129.1620613,35.9958897],[129.162053,35.9959169],[129.1620484,35.9959362],[129.1620282,35.9959618],[129.1619628,35.9960001],[129.1618593,35.9960396],[129.1618735,35.9960641],[129.1619797,35.9960235],[129.1620535,35.9959803],[129.1620784,35.9959444],[129.1620828,35.9959257],[129.1620963,35.9958617],[129.1621015,35.9958344],[129.1621057,35.9958047],[129.1621092,35.9957736],[129.1621109,35.9957497],[129.1621126,35.9957235],[129.1621108,35.9957053],[129.1621141,35.9956947],[129.1621238,35.995688],[129.162136,35.995683],[129.1621535,35.995676],[129.1621684,35.9956703],[129.162159,35.9956577],[129.1621447,35.9956583],[129.1621207,35.995657],[129.1620999,35.9956553],[129.162079,35.9956526],[129.1620646,35.9956484],[129.1620484,35.9956431],[129.1620378,35.9956381],[129.1620239,35.9956305],[129.1620135,35.995621],[129.161992,35.9955717],[129.1619632,35.9954801],[129.1619542,35.995457],[129.1619466,35.9954297],[129.1619477,35.9953819],[129.1619555,35.9953505]]]]}},{"type":"Feature","properties":{"UFID":"100035901007A00110100000004449421"},"geometry":{"type":"MultiPolygon","coordinates":[[[[129.1605139,35.9944736],[129.1604551,35.9944964],[129.1604876,35.9945129],[129.1605665,35.994593],[129.1605936,35.9946355],[129.1605995,35.9946571],[129.1606028,35.9946849],[129.1606038,35.9946937],[129.160602,35.994772],[129.1606001,35.9947985],[129.1606261,35.9947963],[129.1606301,35.9947959],[129.1606315,35.9947657],[129.1606348,35.9946964],[129.1606301,35.9946599],[129.1606197,35.994625],[129.1605922,35.9945827],[129.1605443,35.9945302],[129.1605204,35.9945006],[129.1605148,35.9944936],[129.160512,35.9944837],[129.1605126,35.9944777],[129.1605139,35.9944736]]]]}},{"type":"Feature","properties":{"UFID":"100035901007A00110100000004449422"},"geometry":{"type":"MultiPolygon","coordinates":[[[[129.1647882,35.9945718],[129.1647102,35.9945415],[129.1647077,35.9945416],[129.1647043,35.9945416],[129.1646813,35.9945693],[129.1647755,35.9946053],[129.1647882,35.9945718]]]]}},{"type":"Feature","properties":{"UFID":"100035901007A00110100000004449423"},"geometry":{"type":"MultiPolygon","coordinates":[[[[129.1646813,35.9945693],[129.1647043,35.9945416],[129.1647032,35.9945408],[129.1644334,35.9944254],[129.1644064,35.9944148],[129.1643791,35.9944041],[129.1643531,35.994394],[129.1643237,35.9943831],[129.1642896,35.9943743],[129.1642602,35.994369],[129.1642299,35.9943648],[129.1641957,35.9943633],[129.1641669,35.9943636],[129.1641392,35.9943642],[129.164115,35.9943665],[129.1640805,35.9943724],[129.1640511,35.9943816],[129.1640129,35.9943958],[129.1639747,35.9944122],[129.1639145,35.9944482],[129.1638323,35.9945101],[129.1637354,35.9945856],[129.1636274,35.9946726],[129.1635779,35.994712],[129.1636095,35.9947323],[129.1637333,35.9946282],[129.1638825,35.9945097],[129.1639514,35.9944619],[129.1639901,35.9944418],[129.1640269,35.9944274],[129.1640662,35.9944158],[129.1641094,35.9944073],[129.1641553,35.994402],[129.1641868,35.9944017],[129.1642264,35.9944046],[129.1642659,35.9944107],[129.1643051,35.9944195],[129.1643462,35.9944296],[129.1643855,35.994443],[129.1644184,35.9944563],[129.1646813,35.9945693]]]]}},{"type":"Feature","properties":{"UFID":"100035901007A00110100000004449424"},"geometry":{"type":"MultiPolygon","coordinates":[[[[129.1596376,35.9946016],[129.1596268,35.994564],[129.1595196,35.9945807],[129.1595275,35.9946136],[129.1595734,35.9946133],[129.1595937,35.9946114],[129.1596159,35.9946077],[129.1596188,35.9946066],[129.1596376,35.9946016]]]]}},{"type":"Feature","properties":{"UFID":"100035901007A00110100000004449425"},"geometry":{"type":"MultiPolygon","coordinates":[[[[129.164726,35.9962396],[129.1646415,35.9961643],[129.1645781,35.9961923],[129.1646367,35.9962331],[129.1646701,35.9962681],[129.164726,35.9962396]]]]}},{"type":"Feature","properties":{"UFID":"100035901007A00110100000004449426"},"geometry":{"type":"MultiPolygon","coordinates":[[[[129.1633371,35.9931329],[129.163298,35.993176],[129.1633286,35.9932153],[129.1633323,35.9932193],[129.1633927,35.9932822],[129.1634264,35.9933252],[129.1634582,35.9933658],[129.1634609,35.9933739],[129.1634641,35.9933961],[129.1634566,35.9934091],[129.1634431,35.993429],[129.1633547,35.9934809],[129.1632793,35.993519],[129.1632274,35.9935557],[129.1631783,35.9936007],[129.1630935,35.9936963],[129.1630304,35.9937704],[129.1629405,35.993857],[129.1628438,35.9939515],[129.1627269,35.9940552],[129.1625659,35.9942012],[129.1624444,35.9943341],[129.1624727,35.9943434],[129.1625765,35.9942282],[129.1626889,35.9941255],[129.1628101,35.9940233],[129.1629327,35.993911],[129.163035,35.993819],[129.1630979,35.9937453],[129.1631934,35.9936329],[129.1632472,35.9935848],[129.1633006,35.9935501],[129.1634224,35.9934951],[129.163464,35.9934738],[129.1634957,35.9934479],[129.1635147,35.9934171],[129.1635176,35.9933992],[129.1635034,35.9933627],[129.1634959,35.9933467],[129.1634407,35.9932683],[129.1633973,35.9932203],[129.1633627,35.9931736],[129.1633371,35.9931329]]]]}},{"type":"Feature","properties":{"UFID":"100035901007A00110100000004449427"},"geometry":{"type":"MultiPolygon","coordinates":[[[[129.1644603,35.9928197],[129.164441,35.9928008],[129.1639341,35.9922739],[129.1638821,35.9923058],[129.1638856,35.9923061],[129.1638898,35.992307],[129.1639748,35.9923942],[129.1641363,35.9925584],[129.1642832,35.9927134],[129.1644136,35.9928466],[129.1644603,35.9928197]]]]}},{"type":"Feature","properties":{"UFID":"100035901007A00110100000004449428"},"geometry":{"type":"MultiPolygon","coordinates":[[[[129.1645018,35.9928603],[129.1644603,35.9928197],[129.1644136,35.9928466],[129.1644593,35.9928943],[129.1645018,35.9928603]]]]}},{"type":"Feature","properties":{"UFID":"100035901007A00110100000004449429"},"geometry":{"type":"MultiPolygon","coordinates":[[[[129.1649919,35.9933444],[129.1648784,35.9932288],[129.1645018,35.9928603],[129.1644593,35.9928943],[129.1645486,35.9929877],[129.1647992,35.9932385],[129.164921,35.9933709],[129.1649919,35.9933444]]]]}},{"type":"Feature","properties":{"UFID":"100035901007A00110100000004449430"},"geometry":{"type":"MultiPolygon","coordinates":[[[[129.1649852,35.9934323],[129.164921,35.9933709],[129.1649186,35.993404],[129.1649136,35.9934131],[129.1647873,35.9934418],[129.1646007,35.9934559],[129.1645987,35.9934841],[129.164598,35.9934932],[129.1644738,35.993539],[129.1644413,35.9935485],[129.1642362,35.9935977],[129.1641969,35.9936093],[129.1639983,35.9936737],[129.1638605,35.9937313],[129.1636814,35.9938228],[129.163255,35.9940659],[129.1632115,35.9940949],[129.163061,35.9942046],[129.1630048,35.9942648],[129.1629562,35.9943164],[129.1628908,35.9943786],[129.1627368,35.9945212],[129.1626964,35.9945438],[129.1625346,35.9946621],[129.1624998,35.9946872],[129.1624262,35.9947575],[129.1623978,35.9947895],[129.1623551,35.9948404],[129.1622365,35.9950157],[129.1622149,35.9950477],[129.1622107,35.9950521],[129.1621092,35.995136],[129.1619771,35.9952657],[129.1619324,35.9952879],[129.1619555,35.9953505],[129.1619788,35.9953242],[129.1620241,35.9952757],[129.1620993,35.9952067],[129.1622072,35.9951078],[129.162241,35.9950644],[129.1622427,35.9950626],[129.1622657,35.9950287],[129.1623835,35.9948546],[129.162425,35.994805],[129.1624524,35.9947742],[129.1625242,35.9947056],[129.1625956,35.9946483],[129.1626558,35.9946],[129.1627111,35.9945687],[129.1627591,35.9945416],[129.162916,35.9943964],[129.1629821,35.9943334],[129.1630312,35.9942812],[129.1630855,35.9942229],[129.1632331,35.9941155],[129.1632751,35.9940875],[129.1636999,35.9938454],[129.1638769,35.9937548],[129.1640121,35.9936983],[129.164136,35.9936561],[129.1642694,35.993622],[129.1644296,35.9935755],[129.1644864,35.9935641],[129.1646169,35.9935159],[129.164715,35.9934834],[129.1648051,35.9934682],[129.1648949,35.9934533],[129.1649256,35.993446],[129.1649852,35.9934323]]]]}},{"type":"Feature","properties":{"UFID":"100035901007A00110100000004449431"},"geometry":{"type":"MultiPolygon","coordinates":[[[[129.161752,35.9942653],[129.1617341,35.9942259],[129.1617234,35.9942272],[129.1616644,35.9942266],[129.1615936,35.9942259],[129.1615245,35.9942248],[129.1615094,35.9942238],[129.1614117,35.9942197],[129.1614145,35.9942638],[129.1614579,35.9942626],[129.16152,35.9942639],[129.1616016,35.9942658],[129.1616659,35.9942663],[129.1617186,35.9942669],[129.1617439,35.9942663],[129.161752,35.9942653]]]]}},{"type":"Feature","properties":{"UFID":"100035901007A00110100000004449432"},"geometry":{"type":"MultiPolygon","coordinates":[[[[129.161807,35.9942532],[129.1617849,35.9942162],[129.1617555,35.9942221],[129.1617341,35.9942259],[129.161752,35.9942653],[129.1617533,35.9942651],[129.1617604,35.9942628],[129.1617982,35.9942566],[129.161807,35.9942532]]]]}},{"type":"Feature","properties":{"UFID":"100035901007A00110100000004449433"},"geometry":{"type":"MultiPolygon","coordinates":[[[[129.163298,35.993176],[129.163241,35.9931403],[129.1632386,35.9931431],[129.1631653,35.993221],[129.1630999,35.993283],[129.163045,35.9933316],[129.1629754,35.9933899],[129.1628855,35.9934586],[129.1628111,35.9935106],[129.1627301,35.9935647],[129.1626553,35.9936196],[129.1625657,35.9936908],[129.1624835,35.9937598],[129.1624023,35.9938274],[129.1622915,35.9939239],[129.1622075,35.9939971],[129.1621587,35.9940333],[129.1621152,35.994061],[129.1620914,35.9940743],[129.1620397,35.994115],[129.1619744,35.9941483],[129.161888,35.9941845],[129.1618448,35.9941997],[129.1617963,35.9942139],[129.1617849,35.9942162],[129.161807,35.9942532],[129.161908,35.9942146],[129.1619258,35.9942069],[129.1620606,35.9941537],[129.1621258,35.9941217],[129.1621577,35.9941009],[129.1621991,35.9940721],[129.1622423,35.9940362],[129.1622916,35.9939865],[129.1623739,35.9939127],[129.1624867,35.9938187],[129.1626273,35.9937001],[129.1627162,35.9936331],[129.1627952,35.9935748],[129.1628857,35.9935113],[129.1629892,35.9934407],[129.1630612,35.993388],[129.1631083,35.9933527],[129.1631462,35.9933216],[129.1631807,35.993289],[129.1632335,35.9932393],[129.163298,35.993176]]]]}},{"type":"Feature","properties":{"UFID":"100035901007A00110100000004449434"},"geometry":{"type":"MultiPolygon","coordinates":[[[[129.161807,35.9942532],[129.1617982,35.9942566],[129.1617604,35.9942628],[129.1617533,35.9942651],[129.161752,35.9942653],[129.1618242,35.9943744],[129.1620768,35.9947424],[129.1621252,35.9947204],[129.1618729,35.9943528],[129.161807,35.9942532]]]]}},{"type":"Feature","properties":{"UFID":"100035901007A00110100000004449435"},"geometry":{"type":"MultiPolygon","coordinates":[[[[129.1605139,35.9944736],[129.1604809,35.994428],[129.1604611,35.9944317],[129.1604251,35.9944337],[129.1604551,35.9944964],[129.1605139,35.9944736]]]]}},{"type":"Feature","properties":{"UFID":"100035901007A00110100000004449436"},"geometry":{"type":"MultiPolygon","coordinates":[[[[129.1611722,35.9943265],[129.1611578,35.9942823],[129.1611177,35.9942937],[129.161134,35.9943449],[129.1611722,35.9943265]]]]}},{"type":"Feature","properties":{"UFID":"100035901007A00110100000004449437"},"geometry":{"type":"MultiPolygon","coordinates":[[[[129.161134,35.9943449],[129.1611177,35.9942937],[129.161113,35.994299],[129.1610558,35.9943326],[129.1609832,35.9943714],[129.1608755,35.9944001],[129.1608206,35.9944056],[129.1607349,35.9944055],[129.1606475,35.9944058],[129.1605658,35.9944055],[129.1605483,35.9944057],[129.160516,35.9944099],[129.1604942,35.9944174],[129.1604819,35.9944263],[129.1604809,35.994428],[129.1605139,35.9944736],[129.1605287,35.994456],[129.1605885,35.9944373],[129.1606303,35.9944346],[129.1607768,35.9944347],[129.1608477,35.9944322],[129.1609768,35.9944127],[129.1610227,35.9944012],[129.1610849,35.9943685],[129.161134,35.9943449]]]]}},{"type":"Feature","properties":{"UFID":"100035901007A00110100000004449438"},"geometry":{"type":"MultiPolygon","coordinates":[[[[129.1604551,35.9944964],[129.1604251,35.9944337],[129.1603737,35.9944358],[129.1603177,35.9944386],[129.1602553,35.9944415],[129.1601939,35.9944454],[129.1601266,35.9944483],[129.1600707,35.9944529],[129.1600226,35.9944615],[129.159977,35.994467],[129.1599292,35.9944742],[129.1598864,35.9944807],[129.1598386,35.9944935],[129.1597935,35.9945098],[129.1597483,35.9945242],[129.1597005,35.9945402],[129.1596673,35.9945532],[129.1596457,35.9945605],[129.1596268,35.994564],[129.1596376,35.9946016],[129.1596665,35.994594],[129.1597389,35.9945674],[129.1598028,35.9945443],[129.1598548,35.9945254],[129.1598859,35.9945172],[129.1599633,35.9945077],[129.1600233,35.9945044],[129.1601263,35.9945018],[129.1602571,35.994498],[129.1604551,35.9944964]]]]}},{"type":"Feature","properties":{"UFID":"100035901007A00110100000004449439"},"geometry":{"type":"MultiPolygon","coordinates":[[[[129.1596268,35.994564],[129.1596146,35.9945639],[129.1595996,35.9945625],[129.1595914,35.9945591],[129.1595748,35.9945449],[129.1595653,35.9945331],[129.1595591,35.9945231],[129.1595557,35.9945175],[129.1595442,35.9945112],[129.1594997,35.9944966],[129.1594461,35.9944931],[129.1593806,35.9944912],[129.1593878,35.9945147],[129.1594245,35.9945174],[129.1594639,35.9945209],[129.1594905,35.9945252],[129.1595069,35.9945318],[129.159516,35.9945394],[129.1595238,35.9945526],[129.1595249,35.9945567],[129.1595256,35.9945677],[129.1595248,35.9945754],[129.159523,35.9945787],[129.1595196,35.9945807],[129.1596268,35.994564]]]]}},{"type":"Feature","properties":{"UFID":"100035901007A00110100000004449440"},"geometry":{"type":"MultiPolygon","coordinates":[[[[129.1633371,35.9931329],[129.1632784,35.9930958],[129.163241,35.9931403],[129.163298,35.993176],[129.1633371,35.9931329]]]]}},{"type":"Feature","properties":{"UFID":"100035901007A00110100000004449441"},"geometry":{"type":"MultiPolygon","coordinates":[[[[129.1638821,35.9923058],[129.1637493,35.9922199],[129.1637524,35.9922488],[129.1637536,35.9922714],[129.1637515,35.9923028],[129.1637471,35.9923577],[129.163745,35.9923885],[129.1637351,35.9924346],[129.1637207,35.9924763],[129.1637032,35.9925096],[129.1636784,35.9925521],[129.1636464,35.992606],[129.1636058,35.9926625],[129.1635524,35.9927351],[129.1634944,35.9928134],[129.1634276,35.9929031],[129.1633714,35.99298],[129.1633074,35.9930613],[129.1632784,35.9930958],[129.1633371,35.9931329],[129.1633832,35.99308],[129.1634355,35.9930139],[129.1634914,35.9929388],[129.1635394,35.9928732],[129.1635776,35.9928231],[129.1636248,35.9927465],[129.1636758,35.9926696],[129.1637466,35.9925592],[129.1637651,35.9925299],[129.1637772,35.9925071],[129.163791,35.9924798],[129.1638014,35.9924546],[129.1638076,35.9924278],[129.1638108,35.9923961],[129.1638149,35.992373],[129.1638227,35.9923532],[129.1638348,35.9923355],[129.1638496,35.9923214],[129.1638685,35.9923103],[129.1638821,35.9923058]]]]}},{"type":"Feature","properties":{"UFID":"100035901007A00110100000004449442"},"geometry":{"type":"MultiPolygon","coordinates":[[[[129.1614145,35.9942638],[129.1614117,35.9942197],[129.1613866,35.9942186],[129.1611596,35.9942823],[129.1611578,35.9942823],[129.1611722,35.9943265],[129.1612671,35.9942992],[129.1613495,35.9942714],[129.1613967,35.9942643],[129.1614145,35.9942638]]]]}},{"type":"Feature","properties":{"UFID":"100035901007A00110100000004449443"},"geometry":{"type":"MultiPolygon","coordinates":[[[[129.1644593,35.9928943],[129.1644136,35.9928466],[129.1644124,35.9928529],[129.1644072,35.9928617],[129.1643956,35.992872],[129.1642955,35.9929479],[129.1642472,35.9929873],[129.1642852,35.993025],[129.1643221,35.9929905],[129.164423,35.9929082],[129.1644593,35.9928943]]]]}},{"type":"Feature","properties":{"UFID":"100035901007A00110100000004449444"},"geometry":{"type":"MultiPolygon","coordinates":[[[[129.1611578,35.9942823],[129.16115,35.9942652],[129.1611201,35.9941968],[129.1611059,35.9941606],[129.1611051,35.9941601],[129.161073,35.9941626],[129.1610052,35.9941632],[129.1610049,35.9941929],[129.161076,35.9941948],[129.1610802,35.9941965],[129.1610833,35.9941992],[129.1611191,35.9942815],[129.1611196,35.9942835],[129.1611195,35.9942869],[129.1611177,35.9942937],[129.1611578,35.9942823]]]]}},{"type":"Feature","properties":{"UFID":"100035901007A00110100000004449445"},"geometry":{"type":"MultiPolygon","coordinates":[[[[129.1609902,35.9913554],[129.1609301,35.991308],[129.160823,35.9913665],[129.1608669,35.9914218],[129.1609902,35.9913554]]]]}},{"type":"Feature","properties":{"UFID":"100035901007A00110100000004449446"},"geometry":{"type":"MultiPolygon","coordinates":[[[[129.1615373,35.9910942],[129.161484,35.9909953],[129.1614818,35.9910115],[129.161473,35.9910437],[129.1611829,35.9911845],[129.1609444,35.9913001],[129.1609301,35.991308],[129.1609902,35.9913554],[129.1610048,35.9913448],[129.1612369,35.9912404],[129.1615126,35.9911032],[129.1615373,35.9910942]]]]}},{"type":"Feature","properties":{"UFID":"100035901007A00110100000004449447"},"geometry":{"type":"MultiPolygon","coordinates":[[[[129.1616631,35.9910351],[129.1615643,35.9909658],[129.161484,35.9909953],[129.1615373,35.9910942],[129.1616631,35.9910351]]]]}},{"type":"Feature","properties":{"UFID":"100035901007A00110100000004449448"},"geometry":{"type":"MultiPolygon","coordinates":[[[[129.1615643,35.9909658],[129.1615584,35.9909628],[129.1615403,35.9909331],[129.161484,35.9908513],[129.1614831,35.990843],[129.1614048,35.9908771],[129.1614793,35.9909817],[129.1614823,35.9909898],[129.161484,35.9909953],[129.1615643,35.9909658]]]]}},{"type":"Feature","properties":{"UFID":"100035901007A00110100000004449449"},"geometry":{"type":"MultiPolygon","coordinates":[[[[129.1614831,35.990843],[129.161404,35.9907464],[129.1613308,35.9907761],[129.1614004,35.990871],[129.1614048,35.9908771],[129.1614831,35.990843]]]]}},{"type":"Feature","properties":{"UFID":"100035901007A00110100000004449450"},"geometry":{"type":"MultiPolygon","coordinates":[[[[129.1617129,35.9906976],[129.1616845,35.9906565],[129.1614738,35.9907545],[129.161404,35.9907464],[129.1614831,35.990843],[129.1614965,35.990806],[129.1614982,35.9908025],[129.1617129,35.9906976]]]]}},{"type":"Feature","properties":{"UFID":"100035901007A00110100000004449451"},"geometry":{"type":"MultiPolygon","coordinates":[[[[129.1618169,35.9905878],[129.1617551,35.9905818],[129.1617373,35.9905563],[129.1614332,35.9901503],[129.1614317,35.9901456],[129.1613735,35.9901634],[129.1613998,35.9901997],[129.1616895,35.9905913],[129.1616973,35.9906066],[129.1616845,35.9906565],[129.1618169,35.9905878]]]]}},{"type":"Feature","properties":{"UFID":"100035901007A00110100000004449452"},"geometry":{"type":"MultiPolygon","coordinates":[[[[129.161404,35.9907464],[129.1611824,35.9904437],[129.1610688,35.990267],[129.1609485,35.9901583],[129.1608555,35.9901053],[129.1607453,35.9900594],[129.1606064,35.9900133],[129.1605785,35.9899568],[129.1606593,35.9897792],[129.1606676,35.9897703],[129.160585,35.9897405],[129.1605718,35.9897701],[129.1604538,35.9900382],[129.160465,35.9900465],[129.1607143,35.9901234],[129.1608376,35.9901727],[129.1609066,35.9902218],[129.1610029,35.9903166],[129.1611339,35.990504],[129.1611408,35.990514],[129.1611841,35.9905759],[129.1613308,35.9907761],[129.161404,35.9907464]]]]}},{"type":"Feature","properties":{"UFID":"100035901007A00110100000004449453"},"geometry":{"type":"MultiPolygon","coordinates":[[[[129.1607185,35.9896553],[129.1606388,35.9896195],[129.160585,35.9897405],[129.1606676,35.9897703],[129.1607185,35.9896553]]]]}},{"type":"Feature","properties":{"UFID":"100035901007A00110100000004449454"},"geometry":{"type":"MultiPolygon","coordinates":[[[[129.1610154,35.9891178],[129.1608522,35.9890796],[129.160828,35.9891366],[129.1608464,35.9891455],[129.160837,35.9891699],[129.16081,35.9892315],[129.1608886,35.989259],[129.1610154,35.9891178]]]]}},{"type":"Feature","properties":{"UFID":"100035901007A00110100000004449455"},"geometry":{"type":"MultiPolygon","coordinates":[[[[129.1608886,35.989259],[129.16081,35.9892315],[129.1607062,35.9894682],[129.1606388,35.9896195],[129.1607185,35.9896553],[129.1607259,35.9896306],[129.1608886,35.989259]]]]}},{"type":"Feature","properties":{"UFID":"100035901007A00110100000004449456"},"geometry":{"type":"MultiPolygon","coordinates":[[[[129.1614489,35.9892334],[129.1613568,35.9892229],[129.1612281,35.9892046],[129.1611812,35.9892039],[129.1611778,35.9892007],[129.1611801,35.9891766],[129.1611796,35.9891691],[129.1611768,35.9891673],[129.1610387,35.9891475],[129.1610154,35.9891178],[129.1608886,35.989259],[129.1609189,35.9892396],[129.1609514,35.9892421],[129.1612123,35.98927],[129.1614595,35.9893014],[129.1614489,35.9892334]]]]}},{"type":"Feature","properties":{"UFID":"100035901007A00110100000004449457"},"geometry":{"type":"MultiPolygon","coordinates":[[[[129.1614317,35.9901456],[129.1613522,35.9900342],[129.1612962,35.990057],[129.1613735,35.9901634],[129.1614317,35.9901456]]]]}},{"type":"Feature","properties":{"UFID":"100035901007A00110100000004449458"},"geometry":{"type":"MultiPolygon","coordinates":[[[[129.1613522,35.9900342],[129.1613246,35.9899942],[129.1612863,35.9899477],[129.1612433,35.9898945],[129.1611365,35.989827],[129.1610387,35.9897855],[129.1609253,35.9897416],[129.1607483,35.9897001],[129.1607185,35.9896553],[129.1606676,35.9897703],[129.1607194,35.9897514],[129.1607412,35.9897538],[129.1608813,35.9897833],[129.1610991,35.9898717],[129.1611697,35.9899163],[129.1612962,35.990057],[129.1613522,35.9900342]]]]}},{"type":"Feature","properties":{"UFID":"100035901007A00110100000004449459"},"geometry":{"type":"MultiPolygon","coordinates":[[[[129.161144,35.9888182],[129.1609613,35.9887315],[129.1609664,35.9887465],[129.1609714,35.9887603],[129.1609758,35.9887758],[129.1609773,35.9887925],[129.1609465,35.988862],[129.1608902,35.9889899],[129.1608522,35.9890796],[129.1610154,35.9891178],[129.1610133,35.9891117],[129.161012,35.9891068],[129.1610112,35.9890971],[129.1610246,35.9890409],[129.1611104,35.9888454],[129.161144,35.9888182]]]]}},{"type":"Feature","properties":{"UFID":"100035901007A00110100000004449460"},"geometry":{"type":"MultiPolygon","coordinates":[[[[129.1609902,35.9913554],[129.1608669,35.9914218],[129.1608888,35.9914213],[129.1609163,35.9914238],[129.1609236,35.9914273],[129.1609307,35.9914298],[129.1610387,35.9915518],[129.1610391,35.9915523],[129.1610392,35.9915543],[129.1610385,35.9915858],[129.1610365,35.9915916],[129.1609105,35.9916765],[129.1608498,35.9917277],[129.1607911,35.9917826],[129.1607319,35.9918379],[129.1606637,35.9919162],[129.1605332,35.9920685],[129.1604561,35.9921702],[129.1604127,35.9922275],[129.1603681,35.9922917],[129.1602179,35.9925458],[129.1602142,35.9925507],[129.1601873,35.9925584],[129.160173,35.9925633],[129.1601682,35.9925635],[129.1601662,35.9925629],[129.1599889,35.9924993],[129.1599841,35.9924974],[129.159966,35.9924638],[129.159905,35.9925305],[129.1600562,35.9925826],[129.1601417,35.9926132],[129.160163,35.9926193],[129.1602226,35.9926398],[129.1602287,35.992641],[129.1602533,35.9925995],[129.1602605,35.9925927],[129.1602764,35.9925717],[129.1604271,35.9923167],[129.16047,35.992255],[129.1605127,35.9921986],[129.1605889,35.9920981],[129.1607182,35.9919473],[129.1607843,35.9918714],[129.1608413,35.9918181],[129.1608989,35.9917643],[129.1609558,35.9917162],[129.161093,35.9916238],[129.1611439,35.9915869],[129.161147,35.9915842],[129.1611426,35.9915777],[129.1610954,35.9915232],[129.160984,35.9913974],[129.1609902,35.9913554]]]]}},{"type":"Feature","properties":{"UFID":"100035901007A00110100000004449461"},"geometry":{"type":"MultiPolygon","coordinates":[[[[129.1658656,35.9898231],[129.1657615,35.9897824],[129.1657197,35.9898292],[129.1656816,35.9899099],[129.1657126,35.98988],[129.1657564,35.9898535],[129.1657902,35.9898323],[129.1658387,35.9898225],[129.1658656,35.9898231]]]]}},{"type":"Feature","properties":{"UFID":"100035901007A00110100000004449462"},"geometry":{"type":"MultiPolygon","coordinates":[[[[129.1657197,35.9898292],[129.1656797,35.9898294],[129.1656528,35.9898956],[129.1656816,35.9899099],[129.1657197,35.9898292]]]]}},{"type":"Feature","properties":{"UFID":"100035901007A00110100000004449463"},"geometry":{"type":"MultiPolygon","coordinates":[[[[129.1656797,35.9898294],[129.1656401,35.9897444],[129.1656009,35.9897383],[129.165638,35.989819],[129.1656528,35.9898956],[129.1656797,35.9898294]]]]}},{"type":"Feature","properties":{"UFID":"100035901007A00110100000004449464"},"geometry":{"type":"MultiPolygon","coordinates":[[[[129.1688168,35.9901527],[129.1688162,35.9901524],[129.1687253,35.9901262],[129.1685794,35.9900857],[129.1684157,35.9900387],[129.1682218,35.9899836],[129.1680604,35.9899367],[129.1680467,35.9899605],[129.1682105,35.9900074],[129.1684277,35.990075],[129.1685934,35.9901223],[129.1687634,35.9901706],[129.1688009,35.9901813],[129.1688063,35.9901842],[129.1688087,35.9901871],[129.1688168,35.9901527]]]]}},{"type":"Feature","properties":{"UFID":"100035901007A00110100000004449465"},"geometry":{"type":"MultiPolygon","coordinates":[[[[129.165911,35.9895123],[129.16591,35.9894737],[129.16589,35.9894399],[129.1658737,35.9894755],[129.1658335,35.9895431],[129.1658248,35.9895577],[129.1658773,35.9895778],[129.165911,35.9895123]]]]}},{"type":"Feature","properties":{"UFID":"100035901007A00110100000004449466"},"geometry":{"type":"MultiPolygon","coordinates":[[[[129.165911,35.9895123],[129.1658773,35.9895778],[129.1658852,35.9895776],[129.1658927,35.9895804],[129.1659026,35.9895896],[129.1659089,35.9895985],[129.1659098,35.989601],[129.1659097,35.9896076],[129.1658978,35.9896396],[129.1659728,35.9896578],[129.1659645,35.9896473],[129.1659511,35.9896229],[129.1659377,35.9895886],[129.165911,35.9895123]]]]}},{"type":"Feature","properties":{"UFID":"100035901007A00110100000004449467"},"geometry":{"type":"MultiPolygon","coordinates":[[[[129.1678096,35.988562],[129.1678317,35.9885221],[129.1677352,35.9885373],[129.1677576,35.9885712],[129.1677759,35.9885659],[129.1677953,35.9885624],[129.1678096,35.988562]]]]}},{"type":"Feature","properties":{"UFID":"100035901007A00110100000004449468"},"geometry":{"type":"MultiPolygon","coordinates":[[[[129.166559,35.9880848],[129.1664958,35.98805],[129.1664985,35.9880574],[129.1664983,35.9880673],[129.1664973,35.9880759],[129.1664945,35.9881055],[129.1664896,35.9881145],[129.1664598,35.988177],[129.1663999,35.9883132],[129.1662989,35.9885401],[129.1662103,35.9887299],[129.1661775,35.9887969],[129.1659147,35.9893853],[129.16589,35.9894399],[129.16591,35.9894737],[129.1659459,35.9893946],[129.1662084,35.9888069],[129.1662413,35.9887397],[129.1663301,35.9885495],[129.1664312,35.9883223],[129.166491,35.9881864],[129.1665203,35.9881249],[129.1665255,35.9881154],[129.1665445,35.9880932],[129.1665506,35.9880874],[129.1665552,35.9880852],[129.166559,35.9880848]]]]}},{"type":"Feature","properties":{"UFID":"100035901007A00110100000004449469"},"geometry":{"type":"MultiPolygon","coordinates":[[[[129.1680092,35.9888422],[129.1680083,35.9888241],[129.1680077,35.988811],[129.1680135,35.988761],[129.1679802,35.9887583],[129.167975,35.9888228],[129.1679764,35.9888525],[129.1680092,35.9888422]]]]}},{"type":"Feature","properties":{"UFID":"100035901007A00110100000004449470"},"geometry":{"type":"MultiPolygon","coordinates":[[[[129.1678317,35.9885221],[129.1678096,35.988562],[129.1678317,35.9885644],[129.1678534,35.9885694],[129.1678767,35.9885782],[129.1679065,35.988594],[129.1679297,35.9886062],[129.1679497,35.9886206],[129.1679765,35.9886592],[129.1679822,35.9887059],[129.1679802,35.9887583],[129.1680135,35.988761],[129.1680156,35.988705],[129.1680089,35.9886503],[129.1679718,35.9886004],[129.16795,35.9885847],[129.1679246,35.9885713],[129.1678928,35.9885545],[129.1678651,35.988544],[129.1678585,35.9885389],[129.1678398,35.9885287],[129.1678317,35.9885221]]]]}},{"type":"Feature","properties":{"UFID":"100035901007A00110100000004449471"},"geometry":{"type":"MultiPolygon","coordinates":[[[[129.1679802,35.9887583],[129.1679603,35.9887682],[129.1679504,35.9887701],[129.1678732,35.9887613],[129.1678392,35.9887543],[129.1677974,35.9887442],[129.1677213,35.9887189],[129.1676702,35.9886983],[129.1676502,35.9886887],[129.1676193,35.9886591],[129.1675528,35.9887024],[129.1675607,35.9887007],[129.1675726,35.9887008],[129.1675847,35.9887019],[129.167608,35.9887067],[129.1676564,35.9887232],[129.1677698,35.9887655],[129.1678571,35.9887984],[129.1679073,35.9888196],[129.1679427,35.9888379],[129.1679764,35.9888525],[129.167975,35.9888228],[129.1679802,35.9887583]]]]}},{"type":"Feature","properties":{"UFID":"100035901007A00110100000004449472"},"geometry":{"type":"MultiPolygon","coordinates":[[[[129.1680092,35.9888422],[129.1679764,35.9888525],[129.168001,35.9888765],[129.1680565,35.9888966],[129.1681819,35.9889316],[129.1682932,35.9889655],[129.1683694,35.9890028],[129.1684397,35.9890499],[129.1684937,35.9890792],[129.1684964,35.9890873],[129.168491,35.9891464],[129.1684861,35.9891916],[129.1684916,35.989202],[129.1685152,35.9892206],[129.1686404,35.9892452],[129.1686579,35.9892484],[129.1686626,35.989256],[129.168662,35.9892602],[129.1686613,35.9892639],[129.1686582,35.9892775],[129.1686222,35.9893697],[129.168595,35.9894044],[129.1685545,35.9894408],[129.1685192,35.9894488],[129.1684584,35.9894538],[129.1684641,35.9894806],[129.1685254,35.9894754],[129.1685728,35.9894646],[129.1686216,35.9894209],[129.1686525,35.9893812],[129.1686905,35.9892841],[129.168694,35.9892685],[129.168695,35.9892639],[129.1686968,35.989251],[129.1686805,35.9892249],[129.168648,35.9892189],[129.1685318,35.989196],[129.1685201,35.9891868],[129.1685242,35.9891486],[129.16853,35.9890847],[129.1685226,35.9890623],[129.1684596,35.9890282],[129.1683886,35.9889807],[129.1683078,35.988941],[129.1681932,35.9889061],[129.1680686,35.9888713],[129.1680215,35.9888544],[129.1680092,35.9888422]]]]}},{"type":"Feature","properties":{"UFID":"100035901007A00110100000004449473"},"geometry":{"type":"MultiPolygon","coordinates":[[[[129.1677576,35.9885712],[129.1677352,35.9885373],[129.167722,35.9885485],[129.1676244,35.9886111],[129.1675784,35.9886325],[129.1675562,35.9886372],[129.1676193,35.9886591],[129.1676196,35.9886564],[129.1676202,35.9886557],[129.1676492,35.9886367],[129.1677021,35.9886033],[129.1677405,35.98858],[129.1677576,35.9885712]]]]}},{"type":"Feature","properties":{"UFID":"100035901007A00110100000004449474"},"geometry":{"type":"MultiPolygon","coordinates":[[[[129.1675528,35.9887024],[129.1674968,35.9886791],[129.1673648,35.9889855],[129.1672936,35.9891448],[129.1671518,35.9894696],[129.1670624,35.989674],[129.1669734,35.9898706],[129.1669456,35.989931],[129.1669339,35.9899395],[129.1669934,35.9899602],[129.1669931,35.9899555],[129.1670068,35.9898984],[129.1670373,35.9898296],[129.1670818,35.9897275],[129.1671418,35.9895951],[129.1671882,35.9894865],[129.1672538,35.989332],[129.1672924,35.9892446],[129.1673562,35.989096],[129.1674133,35.9889766],[129.1674587,35.9888739],[129.1675028,35.9887816],[129.1675243,35.9887357],[129.1675354,35.9887166],[129.1675458,35.9887063],[129.1675528,35.9887024]]]]}},{"type":"Feature","properties":{"UFID":"100035901007A00110100000004449475"},"geometry":{"type":"MultiPolygon","coordinates":[[[[129.1676193,35.9886591],[129.1675562,35.9886372],[129.1675465,35.9886374],[129.1674968,35.9886791],[129.1675528,35.9887024],[129.1676193,35.9886591]]]]}},{"type":"Feature","properties":{"UFID":"100035901007A00110100000004449476"},"geometry":{"type":"MultiPolygon","coordinates":[[[[129.1630568,35.9843304],[129.162987,35.9843077],[129.162777,35.9847715],[129.1628403,35.9848095],[129.1630568,35.9843304]]]]}},{"type":"Feature","properties":{"UFID":"100035901007A00110100000004449477"},"geometry":{"type":"MultiPolygon","coordinates":[[[[129.1631317,35.984206],[129.1630545,35.9841457],[129.1630138,35.9842472],[129.162987,35.9843077],[129.1630568,35.9843304],[129.1630691,35.9843085],[129.1631155,35.9842182],[129.1631192,35.9842131],[129.1631238,35.9842082],[129.1631317,35.984206]]]]}},{"type":"Feature","properties":{"UFID":"100035901007A00110100000004449478"},"geometry":{"type":"MultiPolygon","coordinates":[[[[129.1628403,35.9848095],[129.162777,35.9847715],[129.1627061,35.9849434],[129.1626772,35.9849857],[129.1627548,35.9850073],[129.162803,35.9848796],[129.1628403,35.9848095]]]]}},{"type":"Feature","properties":{"UFID":"100035901007A00110100000004449479"},"geometry":{"type":"MultiPolygon","coordinates":[[[[129.1630483,35.9839208],[129.1630346,35.9839333],[129.1630086,35.983944],[129.1629989,35.9839454],[129.1629882,35.9839463],[129.1629767,35.9839453],[129.162959,35.9839428],[129.1628856,35.9839109],[129.162354,35.9836677],[129.1621922,35.983596],[129.1619256,35.9834716],[129.1617492,35.9833921],[129.1616167,35.983318],[129.1614645,35.9832266],[129.1613541,35.9831574],[129.1611885,35.9830539],[129.1611353,35.9831091],[129.1611845,35.9831416],[129.1614095,35.9832863],[129.1615434,35.9833694],[129.1616658,35.9834366],[129.1618554,35.9835255],[129.1621658,35.9836663],[129.1626531,35.9838932],[129.1628818,35.9839894],[129.1629534,35.9840242],[129.1629986,35.9840487],[129.1630286,35.9840818],[129.1630487,35.9841181],[129.1630545,35.9841457],[129.1630483,35.9839208]]]]}},{"type":"Feature","properties":{"UFID":"100035901007A00110100000004449480"},"geometry":{"type":"MultiPolygon","coordinates":[[[[129.1678317,35.9885221],[129.1678264,35.9885097],[129.167823,35.9884943],[129.1678169,35.9884089],[129.1678146,35.988297],[129.1678169,35.9882808],[129.1678324,35.9882631],[129.167867,35.9882461],[129.167959,35.9882106],[129.1680497,35.9881759],[129.1680356,35.9881515],[129.1679447,35.9881861],[129.1678512,35.9882222],[129.1678333,35.9882311],[129.1677928,35.9882472],[129.1677817,35.9882794],[129.1677809,35.9882884],[129.1677828,35.9883097],[129.1677665,35.9885178],[129.1677657,35.988521],[129.1677625,35.9885232],[129.1677598,35.9885264],[129.1677352,35.9885373],[129.1678317,35.9885221]]]]}},{"type":"Feature","properties":{"UFID":"100035901007A00110100000004449481"},"geometry":{"type":"MultiPolygon","coordinates":[[[[129.1633249,35.9857068],[129.1632953,35.985694],[129.1632289,35.9856728],[129.1626297,35.9854574],[129.1625509,35.9855908],[129.1626105,35.9855794],[129.1626828,35.9855871],[129.1627988,35.9856286],[129.1629147,35.9856702],[129.1632298,35.985775],[129.163274,35.9857937],[129.1633249,35.9857068]]]]}},{"type":"Feature","properties":{"UFID":"100035901007A00110100000004449482"},"geometry":{"type":"MultiPolygon","coordinates":[[[[129.1636547,35.9888443],[129.1636867,35.9888519],[129.1637049,35.9888037],[129.1642992,35.9874224],[129.1643147,35.987391],[129.1643699,35.9872609],[129.164425,35.9871312],[129.1643936,35.9871223],[129.1643384,35.9872521],[129.1642835,35.9873816],[129.1642681,35.987413],[129.1636733,35.9887951],[129.1636547,35.9888443]]]]}},{"type":"Feature","properties":{"UFID":"100035901007A00110100000004449483"},"geometry":{"type":"MultiPolygon","coordinates":[[[[129.1627548,35.9850073],[129.1626772,35.9849857],[129.1626619,35.9850274],[129.1626636,35.9850291],[129.1626666,35.9850333],[129.1626678,35.985037],[129.1626677,35.9850444],[129.1626639,35.9850529],[129.1627299,35.9850732],[129.1627548,35.9850073]]]]}},{"type":"Feature","properties":{"UFID":"100035901007A00110100000004449484"},"geometry":{"type":"MultiPolygon","coordinates":[[[[129.1627299,35.9850732],[129.1626639,35.9850529],[129.1625843,35.985235],[129.1625346,35.9853433],[129.162501,35.9854228],[129.1626297,35.9854574],[129.1626282,35.9854136],[129.1626322,35.9853659],[129.1626569,35.9852665],[129.1627299,35.9850732]]]]}},{"type":"Feature","properties":{"UFID":"100035901007A00110100000004449485"},"geometry":{"type":"MultiPolygon","coordinates":[[[[129.1626297,35.9854574],[129.162501,35.9854228],[129.1624794,35.9854737],[129.1624421,35.9855615],[129.1625509,35.9855908],[129.1626297,35.9854574]]]]}},{"type":"Feature","properties":{"UFID":"100035901007A00110100000004449486"},"geometry":{"type":"MultiPolygon","coordinates":[[[[129.1665769,35.9880645],[129.1665118,35.9880284],[129.1664958,35.98805],[129.166559,35.9880848],[129.1665769,35.9880645]]]]}},{"type":"Feature","properties":{"UFID":"100035901007A00110100000004449487"},"geometry":{"type":"MultiPolygon","coordinates":[[[[129.1665118,35.9880284],[129.1664775,35.9880093],[129.1664228,35.9879816],[129.166329,35.9879396],[129.1661709,35.9878616],[129.165666,35.9875901],[129.1655573,35.987529],[129.1654734,35.9874926],[129.1653424,35.9874399],[129.1652118,35.9873873],[129.1651982,35.9873821],[129.1650724,35.987315],[129.1649403,35.9872471],[129.1646483,35.9871308],[129.164632,35.9871608],[129.1647694,35.9872089],[129.1648926,35.9872536],[129.1650072,35.9873072],[129.1651051,35.9873608],[129.1651824,35.9874053],[129.165197,35.9874115],[129.1653276,35.9874642],[129.1654581,35.9875167],[129.16554,35.9875521],[129.1656473,35.9876124],[129.1661531,35.9878845],[129.1663125,35.987963],[129.166406,35.988005],[129.1664958,35.98805],[129.1665118,35.9880284]]]]}},{"type":"Feature","properties":{"UFID":"100035901007A00110100000004449488"},"geometry":{"type":"MultiPolygon","coordinates":[[[[129.1625509,35.9855908],[129.1624421,35.9855615],[129.1624094,35.9856383],[129.1623448,35.9857773],[129.1622797,35.985934],[129.1621945,35.9861199],[129.1621254,35.9862786],[129.1620629,35.9864191],[129.1620082,35.9865429],[129.1619362,35.9867138],[129.1618601,35.9868791],[129.1617917,35.9870339],[129.1617232,35.9871893],[129.1616522,35.9873564],[129.1615965,35.9874861],[129.1615669,35.9875538],[129.1615462,35.9875911],[129.1615255,35.987624],[129.1615046,35.9876524],[129.1614809,35.9876833],[129.1614512,35.9877219],[129.1616153,35.9877384],[129.1616506,35.9876138],[129.1616882,35.9874594],[129.1617803,35.9872482],[129.1622237,35.9862495],[129.1623908,35.9858873],[129.1624803,35.9856862],[129.1625109,35.9856236],[129.1625284,35.9856034],[129.1625509,35.9855908]]]]}},{"type":"Feature","properties":{"UFID":"100035901007A00110100000004449489"},"geometry":{"type":"MultiPolygon","coordinates":[[[[129.1631992,35.9841035],[129.1631752,35.9840469],[129.1631441,35.984016],[129.1630483,35.9839208],[129.1630545,35.9841457],[129.1631317,35.984206],[129.1631992,35.9841035]]]]}},{"type":"Feature","properties":{"UFID":"100035901007A00110100000004449490"},"geometry":{"type":"MultiPolygon","coordinates":[[[[129.1631992,35.9841035],[129.1631317,35.984206],[129.1631414,35.9842056],[129.1631547,35.9842067],[129.1631668,35.9842124],[129.163176,35.9842209],[129.1631926,35.9842409],[129.1632258,35.9843145],[129.1632543,35.9843817],[129.1632757,35.9844241],[129.1632968,35.9844599],[129.1633197,35.9844934],[129.1633507,35.9845296],[129.1633853,35.9845668],[129.1634176,35.9846029],[129.1634526,35.9846368],[129.1634829,35.9846627],[129.1635067,35.9846789],[129.1635322,35.9846908],[129.1635462,35.9846957],[129.16358,35.9847062],[129.1636152,35.9847139],[129.1636609,35.984722],[129.1637109,35.9847317],[129.1637566,35.9847426],[129.1638042,35.9847567],[129.163834,35.9847669],[129.1638585,35.9847792],[129.1638778,35.9847915],[129.1638952,35.9848076],[129.1639436,35.9848656],[129.1640134,35.9849555],[129.1641153,35.9850802],[129.1642002,35.9851698],[129.1642266,35.9851533],[129.1641424,35.9850645],[129.1640413,35.9849408],[129.1639714,35.9848508],[129.1639202,35.9847898],[129.1639007,35.9847718],[129.1638776,35.984757],[129.1638493,35.9847428],[129.1638163,35.9847316],[129.1637669,35.9847169],[129.1637195,35.9847056],[129.1636684,35.9846956],[129.163623,35.9846876],[129.1635902,35.9846804],[129.1635587,35.9846707],[129.1635471,35.9846666],[129.1635258,35.9846567],[129.1635057,35.984643],[129.1634774,35.9846187],[129.1634438,35.9845863],[129.163412,35.9845507],[129.1633776,35.9845137],[129.1633479,35.9844791],[129.1633264,35.9844474],[129.1633061,35.9844131],[129.1632854,35.9843722],[129.1632571,35.9843054],[129.1632235,35.9842309],[129.1632176,35.9842049],[129.1632072,35.984177],[129.1632011,35.9841496],[129.1631989,35.9841272],[129.1631992,35.9841035]]]]}},{"type":"Feature","properties":{"UFID":"100035901007A00110100000004449491"},"geometry":{"type":"MultiPolygon","coordinates":[[[[129.1675465,35.9886374],[129.1675346,35.9886349],[129.1674764,35.9885961],[129.1674092,35.9885563],[129.1673188,35.988505],[129.1671113,35.9883851],[129.1670472,35.9883487],[129.1670084,35.9883248],[129.1668953,35.9882547],[129.1667814,35.9881859],[129.16667,35.9881177],[129.1666351,35.9880968],[129.1665769,35.9880645],[129.166559,35.9880848],[129.1666501,35.9881394],[129.1667615,35.9882075],[129.1668753,35.9882763],[129.1669883,35.9883464],[129.1670271,35.9883703],[129.1670922,35.9884071],[129.1672987,35.9885265],[129.1674607,35.9886329],[129.1674794,35.9886525],[129.1674968,35.9886791],[129.1675465,35.9886374]]]]}},{"type":"Feature","properties":{"UFID":"100035901007A00110100000004449492"},"geometry":{"type":"MultiPolygon","coordinates":[[[[129.1719287,35.9880466],[129.1719125,35.9880463],[129.1718424,35.9880451],[129.1718059,35.9880444],[129.1718041,35.9881201],[129.1719244,35.988131],[129.1719287,35.9880466]]]]}},{"type":"Feature","properties":{"UFID":"100035901007A00110100000004449493"},"geometry":{"type":"MultiPolygon","coordinates":[[[[129.1718041,35.9881201],[129.1718059,35.9880444],[129.1717423,35.9880433],[129.1716376,35.9880389],[129.1714016,35.9880444],[129.171127,35.9880638],[129.1707297,35.9880939],[129.170281,35.9881352],[129.1698425,35.988176],[129.1694499,35.9882126],[129.1694251,35.9882166],[129.1693831,35.988231],[129.1693293,35.9882755],[129.169353,35.9882944],[129.1694022,35.9882538],[129.1694348,35.9882426],[129.169455,35.9882394],[129.1698463,35.9882029],[129.1702847,35.988162],[129.1707331,35.9881208],[129.17113,35.9880907],[129.1714035,35.9880714],[129.1716372,35.988066],[129.1716434,35.9880663],[129.171688,35.9880779],[129.1717254,35.9880895],[129.1717725,35.9881076],[129.1718041,35.9881201]]]]}},{"type":"Feature","properties":{"UFID":"100035901007A00110100000004449494"},"geometry":{"type":"MultiPolygon","coordinates":[[[[129.1719244,35.988131],[129.1718041,35.9881201],[129.1718212,35.988132],[129.1718324,35.9881444],[129.171839,35.988155],[129.1718393,35.988167],[129.171838,35.9881759],[129.1718344,35.9881864],[129.1718281,35.9881962],[129.1718206,35.988205],[129.1718135,35.9882158],[129.1718147,35.9882558],[129.1718215,35.9883283],[129.1718575,35.9883276],[129.1718597,35.9882939],[129.1718615,35.9882628],[129.1718669,35.9882336],[129.1718741,35.988206],[129.1718842,35.9881755],[129.1718917,35.9881565],[129.1719044,35.9881442],[129.1719244,35.988131]]]]}},{"type":"Feature","properties":{"UFID":"100035901007A00110100000004449495"},"geometry":{"type":"MultiPolygon","coordinates":[[[[129.1633249,35.9857068],[129.163274,35.9857937],[129.1632938,35.9858021],[129.163307,35.9858135],[129.1633273,35.9858378],[129.1634075,35.9859629],[129.1634511,35.9860233],[129.1634974,35.9860877],[129.1635473,35.9861544],[129.1635743,35.9861987],[129.1635942,35.9862392],[129.1636185,35.986286],[129.1636398,35.9863359],[129.1636846,35.9863158],[129.1636633,35.9862708],[129.1636376,35.9862102],[129.163615,35.9861709],[129.1635892,35.9861192],[129.1635584,35.9860761],[129.1635085,35.9860158],[129.1634616,35.9859524],[129.1634213,35.9858984],[129.1633939,35.9858511],[129.1633818,35.9858198],[129.1633775,35.9857946],[129.1633759,35.9857754],[129.1633765,35.9857554],[129.1633786,35.9857298],[129.1633249,35.9857068]]]]}},{"type":"Feature","properties":{"UFID":"100035901007A00110100000004449496"},"geometry":{"type":"MultiPolygon","coordinates":[[[[129.1619959,35.9892714],[129.1619834,35.989199],[129.1617461,35.9892477],[129.1617029,35.98925],[129.1617268,35.989357],[129.1617383,35.9893398],[129.1617606,35.9893218],[129.1618777,35.9892924],[129.1619842,35.9892702],[129.1619903,35.9892701],[129.1619939,35.9892708],[129.1619959,35.9892714]]]]}},{"type":"Feature","properties":{"UFID":"100035901007A00110100000004449497"},"geometry":{"type":"MultiPolygon","coordinates":[[[[129.1626416,35.9906104],[129.162593,35.9906338],[129.1626696,35.990753],[129.1626554,35.9907925],[129.1625027,35.9908698],[129.1617888,35.991206],[129.1617315,35.9911915],[129.1616534,35.9910832],[129.1616594,35.991044],[129.1616631,35.9910351],[129.1615373,35.9910942],[129.1615505,35.9910954],[129.1615913,35.9911073],[129.1615991,35.9911132],[129.1617274,35.991285],[129.161731,35.9912879],[129.1617432,35.9912881],[129.1620035,35.9911672],[129.1624556,35.9909458],[129.1627682,35.9907924],[129.1627689,35.990789],[129.1627642,35.9907816],[129.1626444,35.9906144],[129.1626416,35.9906104]]]]}},{"type":"Feature","properties":{"UFID":"100035901007A00110100000004449498"},"geometry":{"type":"MultiPolygon","coordinates":[[[[129.1626416,35.9906104],[129.1625621,35.9904949],[129.1624866,35.9905402],[129.162593,35.9906338],[129.1626416,35.9906104]]]]}},{"type":"Feature","properties":{"UFID":"100035901007A00110100000004449499"},"geometry":{"type":"MultiPolygon","coordinates":[[[[129.1625621,35.9904949],[129.1625535,35.9904911],[129.162451,35.9903567],[129.1623908,35.990416],[129.1624862,35.9905334],[129.1624866,35.9905402],[129.1625621,35.9904949]]]]}},{"type":"Feature","properties":{"UFID":"100035901007A00110100000004449500"},"geometry":{"type":"MultiPolygon","coordinates":[[[[129.162593,35.9906338],[129.1624866,35.9905402],[129.1624731,35.9905722],[129.1616192,35.990974],[129.1616145,35.990974],[129.1615643,35.9909658],[129.1616631,35.9910351],[129.1619052,35.9909146],[129.1625027,35.9906329],[129.1625247,35.9906214],[129.1625324,35.9906199],[129.162593,35.9906338]]]]}},{"type":"Feature","properties":{"UFID":"100035901007A00110100000004449501"},"geometry":{"type":"MultiPolygon","coordinates":[[[[129.1618474,35.9906324],[129.1618169,35.9905878],[129.1616845,35.9906565],[129.1617129,35.9906976],[129.1617851,35.9906623],[129.1618474,35.9906324]]]]}},{"type":"Feature","properties":{"UFID":"100035901007A00110100000004449502"},"geometry":{"type":"MultiPolygon","coordinates":[[[[129.162451,35.9903567],[129.1623899,35.9902766],[129.1623093,35.9903183],[129.1623908,35.990416],[129.162451,35.9903567]]]]}},{"type":"Feature","properties":{"UFID":"100035901007A00110100000004449503"},"geometry":{"type":"MultiPolygon","coordinates":[[[[129.1623908,35.990416],[129.1623093,35.9903183],[129.1622983,35.9903636],[129.1620542,35.9904712],[129.1618169,35.9905878],[129.1618474,35.9906324],[129.1623206,35.9904047],[129.1623292,35.9904017],[129.1623325,35.9904017],[129.162351,35.9904074],[129.1623908,35.990416]]]]}},{"type":"Feature","properties":{"UFID":"100035901007A00110100000004449504"},"geometry":{"type":"MultiPolygon","coordinates":[[[[129.1623899,35.9902766],[129.1623307,35.9901989],[129.1620702,35.9898722],[129.1620493,35.9898451],[129.161977,35.9898787],[129.1619784,35.9898842],[129.1620219,35.9899388],[129.1623093,35.9903183],[129.1623899,35.9902766]]]]}},{"type":"Feature","properties":{"UFID":"100035901007A00110100000004449505"},"geometry":{"type":"MultiPolygon","coordinates":[[[[129.1617029,35.98925],[129.1615691,35.9892471],[129.1614489,35.9892334],[129.1614595,35.9893014],[129.1617268,35.989357],[129.1617029,35.98925]]]]}},{"type":"Feature","properties":{"UFID":"100035901007A00110100000004449506"},"geometry":{"type":"MultiPolygon","coordinates":[[[[129.1620493,35.9898451],[129.1619674,35.989739],[129.161892,35.9897729],[129.161977,35.9898787],[129.1620493,35.9898451]]]]}},{"type":"Feature","properties":{"UFID":"100035901007A00110100000004449507"},"geometry":{"type":"MultiPolygon","coordinates":[[[[129.1619674,35.989739],[129.1618653,35.9896063],[129.1617321,35.9894395],[129.1617181,35.9894168],[129.1617163,35.989407],[129.1617156,35.9893862],[129.1617268,35.989357],[129.1614595,35.9893014],[129.1615254,35.989344],[129.1615963,35.9894033],[129.1616836,35.9895013],[129.1617139,35.9895418],[129.1618177,35.9896801],[129.161892,35.9897729],[129.1619674,35.989739]]]]}},{"type":"Feature","properties":{"UFID":"100035901007A00110100000004449508"},"geometry":{"type":"MultiPolygon","coordinates":[[[[129.161977,35.9898787],[129.161892,35.9897729],[129.1618841,35.9898187],[129.1618792,35.9898249],[129.1618029,35.9898633],[129.1617585,35.9898857],[129.1616786,35.9899258],[129.1614139,35.9900461],[129.161363,35.9900404],[129.1613522,35.9900342],[129.1614317,35.9901456],[129.1614374,35.9901037],[129.1614461,35.9900916],[129.1619104,35.9898699],[129.161977,35.9898787]]]]}},{"type":"Feature","properties":{"UFID":"100035901007A00110100000004449509"},"geometry":{"type":"MultiPolygon","coordinates":[[[[129.16207,35.9891611],[129.1619834,35.989199],[129.1619959,35.9892714],[129.1621392,35.9892704],[129.16207,35.9891611]]]]}},{"type":"Feature","properties":{"UFID":"100035901007A00110100000004449510"},"geometry":{"type":"MultiPolygon","coordinates":[[[[129.1625934,35.9888522],[129.1624539,35.9888429],[129.1624608,35.9888501],[129.1624636,35.9888554],[129.1624643,35.9888601],[129.1624635,35.9888675],[129.1624522,35.9889009],[129.1623684,35.9889914],[129.1623135,35.9890332],[129.1620756,35.9891586],[129.16207,35.9891611],[129.1621392,35.9892704],[129.1621997,35.9892144],[129.1623691,35.9890647],[129.1625099,35.9889261],[129.1625739,35.9888595],[129.1625934,35.9888522]]]]}},{"type":"Feature","properties":{"UFID":"100035901007A00110100000004449511"},"geometry":{"type":"MultiPolygon","coordinates":[[[[129.1628463,35.9901353],[129.1628349,35.9901246],[129.1627593,35.990029],[129.1621363,35.9892845],[129.1621392,35.9892704],[129.1619959,35.9892714],[129.1619977,35.9892733],[129.1619982,35.989279],[129.1619677,35.9893199],[129.1620325,35.9893515],[129.1620616,35.9893238],[129.1620663,35.9893233],[129.1620775,35.989323],[129.1620838,35.9893228],[129.162091,35.9893233],[129.1621119,35.9893443],[129.1622739,35.9895368],[129.1624778,35.9897773],[129.1627834,35.9901646],[129.1628463,35.9901353]]]]}},{"type":"Feature","properties":{"UFID":"100035901007A00110100000004449512"},"geometry":{"type":"MultiPolygon","coordinates":[[[[129.1610346,35.9830923],[129.1609913,35.9830661],[129.1607191,35.9833753],[129.1607641,35.9834031],[129.1610346,35.9830923]]]]}},{"type":"Feature","properties":{"UFID":"100035901007A00110100000004449513"},"geometry":{"type":"MultiPolygon","coordinates":[[[[129.1610166,35.9830256],[129.1609913,35.9830661],[129.1610346,35.9830923],[129.1611353,35.9831091],[129.1611044,35.9830887],[129.1610347,35.9830369],[129.1610166,35.9830256]]]]}},{"type":"Feature","properties":{"UFID":"100035901007A00110100000004449514"},"geometry":{"type":"MultiPolygon","coordinates":[[[[129.1607641,35.9834031],[129.1607191,35.9833753],[129.1607035,35.9834008],[129.1606505,35.9834745],[129.1606103,35.9835228],[129.1607217,35.9835592],[129.1607055,35.9835342],[129.1606988,35.9835175],[129.1606976,35.9835055],[129.1607019,35.9834858],[129.160712,35.9834621],[129.1607641,35.9834031]]]]}},{"type":"Feature","properties":{"UFID":"100035901007A00110100000004449515"},"geometry":{"type":"MultiPolygon","coordinates":[[[[129.1626772,35.9849857],[129.1625864,35.9849609],[129.1624801,35.9849151],[129.1624585,35.9849086],[129.1623736,35.9848813],[129.1622733,35.9848477],[129.1621885,35.9848105],[129.1621344,35.9847729],[129.1620688,35.9847033],[129.1620015,35.9846193],[129.1619101,35.9845248],[129.1617923,35.9844024],[129.1616372,35.9842433],[129.1614547,35.9840847],[129.1612951,35.9839664],[129.1611999,35.9838979],[129.1611062,35.9838322],[129.1609844,35.983746],[129.1608761,35.9836704],[129.1607862,35.9836069],[129.1607696,35.9835928],[129.1607557,35.9835823],[129.1607528,35.9835798],[129.1607217,35.9835592],[129.1606669,35.9836045],[129.1607336,35.9836161],[129.1607404,35.9836172],[129.1607472,35.9836184],[129.160771,35.9836328],[129.1609627,35.9837664],[129.1610845,35.9838526],[129.161178,35.9839183],[129.1612729,35.9839865],[129.1614313,35.984104],[129.1616119,35.9842609],[129.1617662,35.9844191],[129.1618839,35.9845415],[129.1619743,35.984635],[129.1620416,35.9847189],[129.16211,35.9847915],[129.1621695,35.9848329],[129.162259,35.9848721],[129.1623612,35.9849064],[129.162466,35.98494],[129.1625456,35.9849751],[129.1625837,35.9849913],[129.1626329,35.9850096],[129.1626567,35.9850224],[129.1626619,35.9850274],[129.1626772,35.9849857]]]]}},{"type":"Feature","properties":{"UFID":"100035901007A00110100000004449516"},"geometry":{"type":"MultiPolygon","coordinates":[[[[129.1606669,35.9836045],[129.1607217,35.9835592],[129.1606103,35.9835228],[129.1606045,35.9836103],[129.1606335,35.9836033],[129.1606511,35.9836017],[129.1606669,35.9836045]]]]}},{"type":"Feature","properties":{"UFID":"100035901007A00110100000004449517"},"geometry":{"type":"MultiPolygon","coordinates":[[[[129.1569691,35.9872342],[129.1570858,35.9872411],[129.1570855,35.9872339],[129.1570887,35.9872219],[129.1571044,35.9871866],[129.1571966,35.9870132],[129.1573491,35.9867337],[129.1574959,35.9864677],[129.157639,35.9862029],[129.1577938,35.9859345],[129.1579334,35.9856733],[129.1580761,35.9854144],[129.1582125,35.9851615],[129.1583367,35.9849428],[129.1584631,35.9847052],[129.1585835,35.9844871],[129.1587196,35.984237],[129.1588626,35.9839772],[129.1589897,35.9837354],[129.1590944,35.9835535],[129.1591904,35.983382],[129.1592986,35.9831808],[129.1594115,35.9829657],[129.1594846,35.9828293],[129.1594926,35.9828184],[129.1595128,35.9827959],[129.1595196,35.9827934],[129.1595303,35.9827914],[129.159639,35.9828154],[129.1596561,35.9827903],[129.1595571,35.9827648],[129.1595538,35.9827577],[129.1595852,35.9826835],[129.159585,35.9826756],[129.1595809,35.9826616],[129.1595707,35.9826513],[129.1594176,35.982601],[129.1593801,35.9826485],[129.1595251,35.9827129],[129.1595266,35.9827184],[129.159496,35.9827771],[129.1594899,35.9827782],[129.1594493,35.9827661],[129.1594426,35.9827663],[129.1594032,35.9828313],[129.1593233,35.9829759],[129.1592032,35.9831979],[129.1590904,35.9834055],[129.1589512,35.9836564],[129.1588357,35.9838628],[129.1586996,35.9841182],[129.1585618,35.9843669],[129.1584504,35.9845717],[129.15833,35.984789],[129.1582114,35.9849996],[129.1580963,35.9852066],[129.1579903,35.9854128],[129.1578731,35.9856262],[129.1577774,35.9857907],[129.1576855,35.9859627],[129.1575947,35.9861266],[129.1575122,35.9862778],[129.1574068,35.9864606],[129.1573091,35.986639],[129.1572165,35.9868082],[129.1571354,35.9869577],[129.1570515,35.9871153],[129.157017,35.9871817],[129.1569691,35.9872342]]]]}},{"type":"Feature","properties":{"UFID":"100035901007A00110100000004449518"},"geometry":{"type":"MultiPolygon","coordinates":[[[[129.158866,35.9876469],[129.1588412,35.9876897],[129.1588469,35.9876917],[129.1589669,35.9877475],[129.1589482,35.9877607],[129.1593523,35.9878458],[129.1592889,35.9878217],[129.1591795,35.9877779],[129.1589511,35.9876889],[129.1588839,35.9876586],[129.158866,35.9876469]]]]}},{"type":"Feature","properties":{"UFID":"100035901007A00110100000004449519"},"geometry":{"type":"MultiPolygon","coordinates":[[[[129.1606045,35.9836103],[129.1606103,35.9835228],[129.1605605,35.9835638],[129.1604926,35.9835919],[129.1605525,35.9836234],[129.1605916,35.9836135],[129.1606045,35.9836103]]]]}},{"type":"Feature","properties":{"UFID":"100035901007A00110100000004449520"},"geometry":{"type":"MultiPolygon","coordinates":[[[[129.1588091,35.9876241],[129.158866,35.9876469],[129.1588582,35.9876375],[129.158854,35.9876293],[129.1588538,35.9876199],[129.1588553,35.9876129],[129.1588766,35.9875791],[129.1588828,35.9875702],[129.1589483,35.9874726],[129.1590372,35.9873487],[129.1591573,35.9871758],[129.1592281,35.9870691],[129.1593099,35.9869454],[129.1593394,35.9868926],[129.1593498,35.986873],[129.1593736,35.986821],[129.1594408,35.9866583],[129.159505,35.9865094],[129.1595752,35.9863556],[129.1596372,35.9862143],[129.159718,35.9860316],[129.1597852,35.9858806],[129.1598531,35.9857303],[129.159919,35.9855767],[129.1599825,35.985432],[129.1600528,35.9852636],[129.1601227,35.9851015],[129.1601498,35.9850415],[129.1602097,35.9849021],[129.1602717,35.9847609],[129.1602888,35.9847246],[129.1603154,35.9846676],[129.160331,35.9846406],[129.160351,35.9846107],[129.1603773,35.9845784],[129.1604025,35.9845504],[129.1603766,35.9845334],[129.16035,35.9845629],[129.1603225,35.9845968],[129.1603013,35.9846283],[129.1602847,35.984657],[129.1602578,35.9847149],[129.1602405,35.9847515],[129.1601783,35.9848931],[129.1601185,35.9850323],[129.1600914,35.9850924],[129.1600213,35.9852548],[129.1599511,35.9854231],[129.1598876,35.9855677],[129.1598217,35.9857212],[129.1597539,35.9858713],[129.1596867,35.9860224],[129.1596058,35.9862052],[129.1595439,35.9863463],[129.1594737,35.9865002],[129.1594093,35.9866495],[129.1593422,35.986812],[129.1593189,35.986863],[129.159309,35.9868816],[129.1592801,35.9869334],[129.1591988,35.9870562],[129.1591282,35.9871628],[129.1590083,35.9873352],[129.1589193,35.9874593],[129.1588537,35.9875571],[129.1588473,35.9875663],[129.1588116,35.987623],[129.1588091,35.9876241]]]]}},{"type":"Feature","properties":{"UFID":"100035901007A00110100000004449521"},"geometry":{"type":"MultiPolygon","coordinates":[[[[129.1588091,35.9876241],[129.1588037,35.9876241],[129.1587275,35.9875951],[129.1585007,35.9875071],[129.1582767,35.9874285],[129.1580238,35.9873419],[129.1577967,35.9872809],[129.1576155,35.9872435],[129.1574835,35.9872302],[129.157442,35.9872277],[129.1573753,35.9872263],[129.1572747,35.9872308],[129.157174,35.9872389],[129.1571322,35.9872435],[129.1571132,35.9872441],[129.1570933,35.9872428],[129.1570899,35.9872425],[129.1570858,35.9872411],[129.1571154,35.9873114],[129.1571356,35.9873081],[129.1572696,35.9873002],[129.1574269,35.9873002],[129.1575772,35.987311],[129.1577297,35.9873416],[129.1579699,35.9874022],[129.1581619,35.9874631],[129.1583439,35.9875244],[129.1586152,35.9876125],[129.1587626,35.9876629],[129.158783,35.9876698],[129.1588091,35.9876241]]]]}},{"type":"Feature","properties":{"UFID":"100035901007A00110100000004449522"},"geometry":{"type":"MultiPolygon","coordinates":[[[[129.158866,35.9876469],[129.1588091,35.9876241],[129.158783,35.9876698],[129.1588293,35.9876857],[129.1588412,35.9876897],[129.158866,35.9876469]]]]}},{"type":"Feature","properties":{"UFID":"100035901007A00110100000004449523"},"geometry":{"type":"MultiPolygon","coordinates":[[[[129.1642705,35.9800858],[129.1641657,35.9800373],[129.1641484,35.9800678],[129.1640875,35.9801776],[129.1640742,35.9802016],[129.1639584,35.9804046],[129.1639042,35.9804965],[129.163987,35.9805286],[129.1640226,35.9804683],[129.164079,35.9803647],[129.1641169,35.9802994],[129.164157,35.9802458],[129.1641735,35.9802288],[129.1641942,35.9802152],[129.1642705,35.9800858]]]]}},{"type":"Feature","properties":{"UFID":"100035901007A00110100000004449524"},"geometry":{"type":"MultiPolygon","coordinates":[[[[129.1639042,35.9804965],[129.1638592,35.9805436],[129.1638199,35.9805636],[129.1638091,35.9805672],[129.1637946,35.98057],[129.16378,35.9805725],[129.1637498,35.9805752],[129.1637259,35.9805751],[129.1637078,35.9805747],[129.1637073,35.9807563],[129.1637219,35.9807545],[129.1637441,35.9807529],[129.1637475,35.9807533],[129.1637482,35.9807543],[129.1637462,35.9807616],[129.1638444,35.9805981],[129.1639042,35.9804965]]]]}},{"type":"Feature","properties":{"UFID":"100035901007A00110100000004449525"},"geometry":{"type":"MultiPolygon","coordinates":[[[[129.1636139,35.9805497],[129.1635971,35.9805325],[129.1635117,35.9804145],[129.1632545,35.9800561],[129.1632419,35.9800377],[129.1631778,35.9799646],[129.1631426,35.9799767],[129.163036,35.9800132],[129.1631197,35.9801089],[129.1632631,35.980303],[129.1633526,35.9804377],[129.1633528,35.9804381],[129.1635022,35.9806527],[129.1635212,35.9806974],[129.1635664,35.9806253],[129.1636139,35.9805497]]]]}},{"type":"Feature","properties":{"UFID":"100035901007A00110100000004449526"},"geometry":{"type":"MultiPolygon","coordinates":[[[[129.1637073,35.9807563],[129.163601,35.9807227],[129.1635212,35.9806974],[129.16352,35.9807291],[129.1635093,35.9807719],[129.1634959,35.980807],[129.1634551,35.9809135],[129.1633704,35.9811282],[129.1633266,35.9812377],[129.1632655,35.9813923],[129.163201,35.9815469],[129.1631222,35.9817263],[129.163071,35.9818605],[129.163048,35.9819206],[129.1630418,35.9819412],[129.1629988,35.9820827],[129.1629912,35.9820866],[129.1629844,35.9820866],[129.1629381,35.9820781],[129.1629008,35.9821934],[129.1629475,35.9822037],[129.1629509,35.9822074],[129.1629513,35.9822096],[129.1628808,35.982443],[129.1628089,35.9826527],[129.1627876,35.9827347],[129.1627783,35.982795],[129.1627776,35.9828537],[129.1627842,35.9829171],[129.162804,35.9829958],[129.1628442,35.983085],[129.1628536,35.9831015],[129.1629202,35.9832184],[129.1629685,35.9833302],[129.1630152,35.9834413],[129.1630496,35.9835513],[129.1630754,35.9836424],[129.1630841,35.9837074],[129.1630821,35.9837721],[129.1630686,35.9838381],[129.1630666,35.9838482],[129.1630483,35.9839208],[129.1631441,35.984016],[129.1631752,35.9840469],[129.1632026,35.9839233],[129.1632105,35.9838878],[129.1632147,35.9838674],[129.163234,35.9837746],[129.163237,35.9837256],[129.1632228,35.9836228],[129.1631933,35.9835078],[129.163159,35.9833985],[129.1631153,35.9832925],[129.1630677,35.9831917],[129.1630048,35.9830781],[129.1629638,35.982997],[129.1629489,35.9829449],[129.1629438,35.9829267],[129.1629312,35.9828659],[129.1629295,35.9828173],[129.1629294,35.9827731],[129.1629443,35.9827179],[129.1629743,35.9826214],[129.1630326,35.9824472],[129.1630874,35.9822778],[129.1631378,35.9821145],[129.1631829,35.9819707],[129.1632286,35.9818467],[129.1632291,35.9818454],[129.1632582,35.9817737],[129.163325,35.9816184],[129.1633941,35.98146],[129.1634515,35.9813272],[129.1635052,35.9812],[129.1635496,35.9810914],[129.1636155,35.9809223],[129.1636605,35.9807998],[129.1636731,35.9807724],[129.1636821,35.9807663],[129.1636945,35.9807602],[129.1637073,35.9807563]]]]}},{"type":"Feature","properties":{"UFID":"100035901007A00110100000004449527"},"geometry":{"type":"MultiPolygon","coordinates":[[[[129.163987,35.9805286],[129.1639042,35.9804965],[129.1638444,35.9805981],[129.1637462,35.9807616],[129.1638174,35.9807814],[129.1638872,35.980682],[129.1639545,35.9805836],[129.163987,35.9805286]]]]}},{"type":"Feature","properties":{"UFID":"100035901007A00110100000004449528"},"geometry":{"type":"MultiPolygon","coordinates":[[[[129.1637078,35.9805747],[129.1637013,35.9805745],[129.1636638,35.9805653],[129.1636139,35.9805497],[129.1635664,35.9806253],[129.1635212,35.9806974],[129.163601,35.9807227],[129.1637073,35.9807563],[129.1637078,35.9805747]]]]}},{"type":"Feature","properties":{"UFID":"100035901007A00110100000004449529"},"geometry":{"type":"MultiPolygon","coordinates":[[[[129.1638174,35.9807814],[129.1637462,35.9807616],[129.1637001,35.9808435],[129.1637487,35.9808626],[129.1637974,35.98081],[129.1638174,35.9807814]]]]}},{"type":"Feature","properties":{"UFID":"100035901007A00110100000004449530"},"geometry":{"type":"MultiPolygon","coordinates":[[[[129.1637487,35.9808626],[129.1637001,35.9808435],[129.1636614,35.9809122],[129.1635812,35.981048],[129.1635615,35.9810825],[129.1634906,35.9812555],[129.1634147,35.9814313],[129.1633505,35.9815832],[129.1633171,35.9816689],[129.1633051,35.9817266],[129.1632943,35.9818768],[129.1632878,35.982132],[129.1632858,35.9823565],[129.1632808,35.9826724],[129.1632745,35.982889],[129.1632715,35.9831471],[129.1632729,35.9834121],[129.1632613,35.9836146],[129.1632467,35.9837527],[129.1632203,35.9838719],[129.1632199,35.9838735],[129.163208,35.9839236],[129.1631788,35.9840468],[129.1631766,35.9840496],[129.1631752,35.9840469],[129.1631992,35.9841035],[129.1632015,35.9840619],[129.1632059,35.9840195],[129.1632124,35.9839844],[129.16323,35.9839251],[129.1632409,35.9838883],[129.1632765,35.9837929],[129.1633084,35.9836813],[129.1633189,35.9835392],[129.1633298,35.9830661],[129.1633433,35.9821016],[129.1633416,35.9818846],[129.1633505,35.9817622],[129.1633625,35.9816607],[129.1633889,35.9815631],[129.1634229,35.9814533],[129.1637487,35.9808626]]]]}},{"type":"Feature","properties":{"UFID":"100035901007A00110100000004449531"},"geometry":{"type":"MultiPolygon","coordinates":[[[[129.1611885,35.9830539],[129.1610817,35.9829871],[129.1610626,35.9829751],[129.1610166,35.9830256],[129.1610347,35.9830369],[129.1611044,35.9830887],[129.1611353,35.9831091],[129.1611885,35.9830539]]]]}},{"type":"Feature","properties":{"UFID":"100035901007A00110100000004449532"},"geometry":{"type":"MultiPolygon","coordinates":[[[[129.1610626,35.9829751],[129.1610198,35.9829483],[129.1607285,35.9827614],[129.1606788,35.9827312],[129.1606538,35.9826789],[129.1605912,35.9827521],[129.1607156,35.9828329],[129.160871,35.9829349],[129.1610166,35.9830256],[129.1610626,35.9829751]]]]}},{"type":"Feature","properties":{"UFID":"100035901007A00110100000004449533"},"geometry":{"type":"MultiPolygon","coordinates":[[[[129.1631778,35.9799646],[129.1631042,35.9798807],[129.1630966,35.9798716],[129.163089,35.9798756],[129.1629706,35.9799374],[129.163036,35.9800132],[129.1631426,35.9799767],[129.1631778,35.9799646]]]]}},{"type":"Feature","properties":{"UFID":"100035901007A00110100000004449534"},"geometry":{"type":"MultiPolygon","coordinates":[[[[129.163036,35.9800132],[129.1629706,35.9799374],[129.1628989,35.9799834],[129.1628761,35.979992],[129.1627748,35.9800387],[129.1627054,35.9800853],[129.1626567,35.9801455],[129.1625843,35.9802319],[129.1624907,35.9803843],[129.1624625,35.9804324],[129.162378,35.9805782],[129.162281,35.9807252],[129.1621665,35.9808736],[129.1620416,35.981013],[129.1619482,35.9810832],[129.161905,35.9811074],[129.1619422,35.9811413],[129.1619829,35.9811185],[129.1620832,35.981043],[129.1622124,35.9808988],[129.162329,35.9807479],[129.1624275,35.9805984],[129.1625126,35.9804517],[129.1625406,35.9804041],[129.1626322,35.9802548],[129.1627028,35.9801706],[129.1627471,35.9801157],[129.1628064,35.980076],[129.1629014,35.9800321],[129.1629654,35.9800081],[129.1630179,35.9800119],[129.163036,35.9800132]]]]}},{"type":"Feature","properties":{"UFID":"100035901007A00110100000004449535"},"geometry":{"type":"MultiPolygon","coordinates":[[[[129.1606538,35.9826789],[129.1605755,35.9826526],[129.1605246,35.9827103],[129.1605561,35.9827293],[129.1605912,35.9827521],[129.1606538,35.9826789]]]]}},{"type":"Feature","properties":{"UFID":"100035901007A00110100000004449536"},"geometry":{"type":"MultiPolygon","coordinates":[[[[129.1570467,35.9873226],[129.1569691,35.9872342],[129.1569489,35.9872501],[129.1569057,35.9872679],[129.1568569,35.9872746],[129.1567853,35.9872747],[129.156747,35.9872724],[129.1570335,35.9873387],[129.1570332,35.9873318],[129.1570364,35.987327],[129.1570467,35.9873226]]]]}},{"type":"Feature","properties":{"UFID":"100035901007A00110100000004449537"},"geometry":{"type":"MultiPolygon","coordinates":[[[[129.1544443,35.9875557],[129.1543315,35.9875607],[129.154171,35.9875393],[129.1541481,35.9875291],[129.1540933,35.9876149],[129.154337,35.9877333],[129.1544443,35.9875557]]]]}},{"type":"Feature","properties":{"UFID":"100035901007A00110100000004449538"},"geometry":{"type":"MultiPolygon","coordinates":[[[[129.1556845,35.9871619],[129.155337,35.9870586],[129.1553404,35.9870783],[129.1551899,35.9872021],[129.1548846,35.987373],[129.1546582,35.9874871],[129.1544895,35.9875538],[129.1544443,35.9875557],[129.154337,35.9877333],[129.1544754,35.9876502],[129.1546747,35.9875471],[129.1550499,35.9873607],[129.155364,35.9872086],[129.1555559,35.987157],[129.1555873,35.9871582],[129.1556845,35.9871619]]]]}},{"type":"Feature","properties":{"UFID":"100035901007A00110100000004449539"},"geometry":{"type":"MultiPolygon","coordinates":[[[[129.1566554,35.9874558],[129.1565214,35.9874108],[129.1564525,35.9874909],[129.1565026,35.9875032],[129.15655,35.9874776],[129.1565981,35.9874621],[129.1566554,35.9874558]]]]}},{"type":"Feature","properties":{"UFID":"100035901007A00110100000004449540"},"geometry":{"type":"MultiPolygon","coordinates":[[[[129.1565262,35.9873904],[129.1565289,35.9873939],[129.15653,35.9874012],[129.1565268,35.9874061],[129.1565214,35.9874108],[129.1566554,35.9874558],[129.1566952,35.9874549],[129.1567829,35.9874581],[129.1565262,35.9873904]]]]}},{"type":"Feature","properties":{"UFID":"100035901007A00110100000004449541"},"geometry":{"type":"MultiPolygon","coordinates":[[[[129.1565026,35.9875032],[129.1564525,35.9874909],[129.1564535,35.9874975],[129.1564503,35.9875052],[129.1564402,35.9875144],[129.1563315,35.987622],[129.156278,35.9876749],[129.156151,35.9878037],[129.1560584,35.9879023],[129.1559983,35.9879767],[129.1559546,35.9880464],[129.1559161,35.9881172],[129.1558987,35.9881765],[129.1558805,35.988258],[129.1558715,35.988337],[129.1558573,35.9885163],[129.1558905,35.988518],[129.1559046,35.9883392],[129.1559135,35.9882617],[129.1559313,35.9881821],[129.1559478,35.9881258],[129.1559847,35.988058],[129.1560271,35.9879903],[129.1560855,35.9879179],[129.1561772,35.9878204],[129.1563038,35.987692],[129.1563572,35.9876392],[129.1564654,35.987532],[129.1565026,35.9875032]]]]}},{"type":"Feature","properties":{"UFID":"100035901007A00110100000004449542"},"geometry":{"type":"MultiPolygon","coordinates":[[[[129.1541481,35.9875291],[129.1540643,35.987492],[129.1538765,35.9874037],[129.1536673,35.9872745],[129.1535199,35.9871662],[129.1533714,35.9870445],[129.1532861,35.9869476],[129.1532795,35.9869402],[129.153259,35.9869164],[129.1531468,35.9869844],[129.153161,35.9869856],[129.153178,35.9869922],[129.1532049,35.9870098],[129.1532919,35.9870946],[129.1534071,35.9871853],[129.1535356,35.9872916],[129.1536795,35.9873779],[129.1538015,35.98745],[129.1539453,35.9875211],[129.1540542,35.9875728],[129.1540802,35.9875956],[129.1540933,35.9876149],[129.1541481,35.9875291]]]]}},{"type":"Feature","properties":{"UFID":"100035901007A00110100000004449543"},"geometry":{"type":"MultiPolygon","coordinates":[[[[129.154337,35.9877333],[129.1540933,35.9876149],[129.1540918,35.9876387],[129.1540537,35.9878399],[129.153986,35.9879107],[129.1537295,35.9881455],[129.1537418,35.9881566],[129.1537247,35.9881795],[129.1536911,35.9882135],[129.1536481,35.9882505],[129.1535133,35.9883352],[129.1533705,35.9884196],[129.1532436,35.9884958],[129.1531531,35.9885314],[129.1530845,35.9885495],[129.1530765,35.9885516],[129.1530781,35.9885966],[129.1531655,35.9885566],[129.1532608,35.9885191],[129.1533902,35.9884415],[129.1535332,35.9883569],[129.1536705,35.9882707],[129.1537115,35.9882353],[129.1537492,35.9882079],[129.1539632,35.9880226],[129.154337,35.9877333]]]]}},{"type":"Feature","properties":{"UFID":"100035901007A00110100000004449544"},"geometry":{"type":"MultiPolygon","coordinates":[[[[129.1530765,35.9885516],[129.153043,35.9885549],[129.1530219,35.9885546],[129.1530214,35.9885838],[129.1530781,35.9885966],[129.1530765,35.9885516]]]]}},{"type":"Feature","properties":{"UFID":"100035901007A00110100000004449545"},"geometry":{"type":"MultiPolygon","coordinates":[[[[129.1565214,35.9874108],[129.1565103,35.9874129],[129.1564839,35.987415],[129.1564215,35.9874146],[129.1563731,35.9874048],[129.1562916,35.9873817],[129.1561989,35.9873443],[129.1561673,35.9873248],[129.1561594,35.9873123],[129.1561596,35.9873037],[129.1561608,35.9872948],[129.1561642,35.9872928],[129.1559901,35.9872594],[129.156042,35.9872805],[129.1560765,35.9872979],[129.1561358,35.9873393],[129.1561813,35.9873673],[129.1562787,35.9874066],[129.1563636,35.9874307],[129.1563854,35.9874352],[129.156424,35.9874589],[129.1564397,35.9874705],[129.1564525,35.9874909],[129.1565214,35.9874108]]]]}},{"type":"Feature","properties":{"UFID":"100035901007A00110100000004449546"},"geometry":{"type":"MultiPolygon","coordinates":[[[[129.1571154,35.9873114],[129.1570858,35.9872411],[129.1569691,35.9872342],[129.1570467,35.9873226],[129.1571154,35.9873114]]]]}},{"type":"Feature","properties":{"UFID":"100035901007A00110100000004449547"},"geometry":{"type":"MultiPolygon","coordinates":[[[[129.153259,35.9869164],[129.153228,35.9868738],[129.1532005,35.9868294],[129.1531957,35.986821],[129.1530684,35.9868496],[129.1530591,35.9869435],[129.1531468,35.9869844],[129.153259,35.9869164]]]]}},{"type":"Feature","properties":{"UFID":"100035901007A00110100000004449548"},"geometry":{"type":"MultiPolygon","coordinates":[[[[129.1531957,35.986821],[129.1531862,35.9868042],[129.1531791,35.986789],[129.1531718,35.9867531],[129.1531678,35.9867087],[129.1531652,35.9866514],[129.1531645,35.9865912],[129.1531716,35.9864863],[129.1531801,35.9863777],[129.1531865,35.9862774],[129.1531924,35.9861987],[129.1531945,35.9861925],[129.1530033,35.9860915],[129.1530074,35.9861009],[129.1530103,35.9861185],[129.1530129,35.9862692],[129.1530187,35.986537],[129.1530297,35.9866414],[129.153035,35.9866856],[129.1530543,35.9867607],[129.1530698,35.9868031],[129.1530727,35.9868177],[129.1530716,35.9868345],[129.1530684,35.9868496],[129.1531957,35.986821]]]]}},{"type":"Feature","properties":{"UFID":"100035901007A00110100000004449549"},"geometry":{"type":"MultiPolygon","coordinates":[[[[129.1527784,35.9886116],[129.1527723,35.9886095],[129.1527374,35.9885963],[129.1526995,35.9886262],[129.1527389,35.9886485],[129.1527784,35.9886116]]]]}},{"type":"Feature","properties":{"UFID":"100035901007A00110100000004449550"},"geometry":{"type":"MultiPolygon","coordinates":[[[[129.1527374,35.9885963],[129.1527199,35.9885897],[129.152709,35.9885878],[129.1526994,35.9885868],[129.1526737,35.9886218],[129.1526814,35.988622],[129.1526995,35.9886262],[129.1527374,35.9885963]]]]}},{"type":"Feature","properties":{"UFID":"100035901007A00110100000004449551"},"geometry":{"type":"MultiPolygon","coordinates":[[[[129.1530214,35.9885838],[129.1530219,35.9885546],[129.1530027,35.9885543],[129.1529348,35.9885609],[129.1528821,35.9885716],[129.1528365,35.9885888],[129.1527944,35.9886145],[129.1527925,35.9886151],[129.1527876,35.9886147],[129.1527784,35.9886116],[129.1527389,35.9886485],[129.1527864,35.9886658],[129.1528096,35.988645],[129.1528401,35.988626],[129.1528784,35.988607],[129.1529163,35.9885933],[129.1529731,35.98858],[129.1530044,35.9885814],[129.1530129,35.9885815],[129.1530214,35.9885838]]]]}},{"type":"Feature","properties":{"UFID":"100035901007A00110100000004449552"},"geometry":{"type":"MultiPolygon","coordinates":[[[[129.1530591,35.9869435],[129.1530684,35.9868496],[129.1530554,35.9868739],[129.1530226,35.9869105],[129.1529937,35.9869281],[129.1529701,35.986931],[129.1529408,35.9869315],[129.1528393,35.9869129],[129.1527275,35.9869067],[129.1526213,35.9869233],[129.1525146,35.9869602],[129.1524093,35.9870076],[129.1522891,35.9870903],[129.1521318,35.9871967],[129.1520141,35.9872724],[129.1520269,35.9872986],[129.1521527,35.9872176],[129.1523104,35.987111],[129.1524283,35.9870299],[129.1525292,35.9869846],[129.1526312,35.9869493],[129.1527296,35.9869339],[129.1528345,35.9869397],[129.1529375,35.9869585],[129.1529541,35.9869605],[129.1529678,35.9869612],[129.1529795,35.986961],[129.1530071,35.9869547],[129.1530447,35.9869413],[129.1530522,35.9869409],[129.1530591,35.9869435]]]]}},{"type":"Feature","properties":{"UFID":"100035901007A00110100000004449553"},"geometry":{"type":"MultiPolygon","coordinates":[[[[129.1526737,35.9886218],[129.1526326,35.9885958],[129.1526297,35.9886117],[129.152613,35.9886277],[129.1525938,35.9886418],[129.1525291,35.988687],[129.152459,35.9887287],[129.1524416,35.9887381],[129.1524125,35.9887488],[129.1524033,35.9887509],[129.1524121,35.9887769],[129.1524239,35.9887743],[129.1524578,35.9887618],[129.152478,35.9887508],[129.1525498,35.9887082],[129.1526158,35.9886621],[129.1526369,35.9886466],[129.1526563,35.9886279],[129.1526633,35.9886247],[129.1526737,35.9886218]]]]}},{"type":"Feature","properties":{"UFID":"100035901007A00110100000004449554"},"geometry":{"type":"MultiPolygon","coordinates":[[[[129.1530781,35.9885966],[129.1530214,35.9885838],[129.1530272,35.9885893],[129.1530302,35.9886005],[129.1530337,35.9886571],[129.1530336,35.9886609],[129.153021,35.9888433],[129.1530037,35.9888902],[129.1529847,35.988926],[129.1529128,35.9890283],[129.1528858,35.9890636],[129.1528561,35.9891009],[129.1528406,35.9891199],[129.1528083,35.9891474],[129.1527624,35.9891773],[129.1526864,35.9892263],[129.1526578,35.9892465],[129.1526167,35.9892625],[129.1526677,35.9892753],[129.1527076,35.9892471],[129.1527831,35.9891984],[129.1528308,35.9891674],[129.1528667,35.9891368],[129.152884,35.9891157],[129.1529139,35.9890781],[129.1529414,35.9890421],[129.1530145,35.9889381],[129.153035,35.9888995],[129.153054,35.9888479],[129.1530668,35.9886621],[129.153067,35.9886532],[129.1530781,35.9885966]]]]}},{"type":"Feature","properties":{"UFID":"100035901007A00110100000004449555"},"geometry":{"type":"MultiPolygon","coordinates":[[[[129.1525966,35.9892998],[129.1526167,35.9892625],[129.1525249,35.989269],[129.1524893,35.9892704],[129.1524353,35.9892733],[129.1523839,35.9892851],[129.1523419,35.9893035],[129.1523063,35.9893291],[129.1523284,35.9893493],[129.1523611,35.9893258],[129.1523965,35.9893103],[129.152441,35.9893001],[129.1524912,35.9892974],[129.1525528,35.9892949],[129.1525966,35.9892998]]]]}},{"type":"Feature","properties":{"UFID":"100035901007A00110100000004449556"},"geometry":{"type":"MultiPolygon","coordinates":[[[[129.1526385,35.9893059],[129.1525966,35.9892998],[129.1525984,35.9893028],[129.1525971,35.9893105],[129.1525802,35.9893364],[129.1525644,35.9893651],[129.152512,35.9894505],[129.152498,35.9894854],[129.1524612,35.9895718],[129.1524436,35.9896127],[129.1524177,35.9896416],[129.1523547,35.989701],[129.1523331,35.98972],[129.1522699,35.9898164],[129.1522618,35.9898245],[129.1522357,35.989844],[129.1522069,35.9898491],[129.1521729,35.9898437],[129.1521171,35.9898237],[129.1520749,35.9897925],[129.1520193,35.9897485],[129.1519714,35.9896875],[129.151955,35.9896711],[129.1519138,35.9896435],[129.1518511,35.9896223],[129.1518184,35.9896136],[129.1517545,35.9896018],[129.1517348,35.989601],[129.1516725,35.9896064],[129.1516096,35.9896212],[129.1515188,35.9896378],[129.1514715,35.9896394],[129.1513709,35.9896351],[129.1513691,35.9896621],[129.1514713,35.9896665],[129.1515232,35.9896647],[129.1516179,35.9896474],[129.1516789,35.989633],[129.1517358,35.9896281],[129.15175,35.9896287],[129.1518095,35.9896396],[129.1518395,35.9896476],[129.1518965,35.9896669],[129.1519313,35.9896902],[129.1519444,35.9897033],[129.1519933,35.9897657],[129.1520521,35.9898122],[129.1520987,35.9898467],[129.1521629,35.9898697],[129.1522073,35.9898767],[129.1522516,35.9898688],[129.1522862,35.989843],[129.1522978,35.9898313],[129.1523604,35.9897358],[129.1523795,35.989719],[129.1524437,35.9896584],[129.1524734,35.9896254],[129.1524926,35.9895807],[129.1525295,35.989494],[129.1525429,35.9894608],[129.1525945,35.9893766],[129.1526101,35.9893483],[129.1526332,35.9893129],[129.1526385,35.9893059]]]]}},{"type":"Feature","properties":{"UFID":"100035901007A00110100000004449557"},"geometry":{"type":"MultiPolygon","coordinates":[[[[129.1526677,35.9892753],[129.1526167,35.9892625],[129.1525966,35.9892998],[129.1526385,35.9893059],[129.1526508,35.9892895],[129.1526677,35.9892753]]]]}},{"type":"Feature","properties":{"UFID":"100035901007A00110100000004449558"},"geometry":{"type":"MultiPolygon","coordinates":[[[[129.1526994,35.9885868],[129.1526828,35.988585],[129.1526631,35.988575],[129.1526326,35.9885958],[129.1526737,35.9886218],[129.1526994,35.9885868]]]]}},{"type":"Feature","properties":{"UFID":"100035901007A00110100000004449559"},"geometry":{"type":"MultiPolygon","coordinates":[[[[129.1526631,35.988575],[129.1526585,35.9885652],[129.1526537,35.9885375],[129.1526207,35.9885413],[129.1526261,35.988572],[129.1526326,35.9885958],[129.1526631,35.988575]]]]}},{"type":"Feature","properties":{"UFID":"100035901007A00110100000004449560"},"geometry":{"type":"MultiPolygon","coordinates":[[[[129.1521372,35.9879411],[129.1521279,35.98794],[129.1521232,35.9879379],[129.1521038,35.9879158],[129.1520913,35.9878977],[129.1520853,35.9878812],[129.1520778,35.9878558],[129.1520694,35.9878352],[129.1520485,35.9878029],[129.1520186,35.9877601],[129.1519895,35.9877196],[129.1519678,35.987696],[129.1519482,35.9876783],[129.1519207,35.9877023],[129.151947,35.9877322],[129.1519698,35.9877599],[129.1519897,35.9877872],[129.1520096,35.9878153],[129.1520225,35.9878403],[129.1520328,35.9878647],[129.1520413,35.9878919],[129.152046,35.9879166],[129.1520151,35.987925],[129.1520357,35.9879706],[129.1520352,35.9879734],[129.1520322,35.9879765],[129.1521179,35.9879471],[129.1521372,35.9879411]]]]}},{"type":"Feature","properties":{"UFID":"100035901007A00110100000004449561"},"geometry":{"type":"MultiPolygon","coordinates":[[[[129.1527006,35.9875116],[129.1526905,35.9875385],[129.1527566,35.9875737],[129.1528389,35.9876229],[129.1528567,35.9876328],[129.1529042,35.9876603],[129.1529213,35.9876681],[129.1529721,35.9876947],[129.1530002,35.9877077],[129.1530167,35.9876843],[129.1529894,35.9876716],[129.1529385,35.9876449],[129.152922,35.9876374],[129.1528758,35.9876107],[129.1528582,35.9876009],[129.1527756,35.9875514],[129.1527006,35.9875116]]]]}},{"type":"Feature","properties":{"UFID":"100035901007A00110100000004449562"},"geometry":{"type":"MultiPolygon","coordinates":[[[[129.1526905,35.9875385],[129.1526598,35.9875275],[129.1526284,35.9876105],[129.1525737,35.9877277],[129.1525232,35.9878014],[129.152515,35.987809],[129.1524719,35.9878295],[129.1523557,35.9878734],[129.1521372,35.9879411],[129.1521509,35.9879658],[129.1523687,35.9878983],[129.1524874,35.9878536],[129.1525366,35.9878302],[129.1525505,35.9878171],[129.152604,35.9877392],[129.15266,35.9876193],[129.1526905,35.9875385]]]]}},{"type":"Feature","properties":{"UFID":"100035901007A00110100000004449563"},"geometry":{"type":"MultiPolygon","coordinates":[[[[129.1531468,35.9869844],[129.1530591,35.9869435],[129.1530612,35.98695],[129.1530603,35.9869581],[129.1530521,35.986972],[129.1530451,35.9869773],[129.1529909,35.9870229],[129.1529141,35.9870866],[129.1528715,35.9871329],[129.1528438,35.9871605],[129.1527922,35.9872364],[129.1526855,35.9874598],[129.1526693,35.9875024],[129.1527006,35.9875116],[129.1527169,35.9874686],[129.1528224,35.9872479],[129.1528715,35.9871757],[129.1529365,35.9871108],[129.1529552,35.9870934],[129.15304,35.987033],[129.153129,35.9869879],[129.1531468,35.9869844]]]]}},{"type":"Feature","properties":{"UFID":"100035901007A00110100000004449564"},"geometry":{"type":"MultiPolygon","coordinates":[[[[129.1527006,35.9875116],[129.1526693,35.9875024],[129.1526598,35.9875275],[129.1526905,35.9875385],[129.1527006,35.9875116]]]]}},{"type":"Feature","properties":{"UFID":"100035901007A00110100000004449565"},"geometry":{"type":"MultiPolygon","coordinates":[[[[129.1521509,35.9879658],[129.1521372,35.9879411],[129.1521179,35.9879471],[129.1520322,35.9879765],[129.1520455,35.9880013],[129.1521302,35.9879722],[129.1521509,35.9879658]]]]}},{"type":"Feature","properties":{"UFID":"100035901007A00110100000004449566"},"geometry":{"type":"MultiPolygon","coordinates":[[[[129.1520455,35.9880013],[129.1520322,35.9879765],[129.1519788,35.9879949],[129.1517803,35.9880924],[129.1515812,35.9881798],[129.1514252,35.9882606],[129.1514111,35.9882679],[129.1514075,35.9882701],[129.1514281,35.988292],[129.1514429,35.9882835],[129.1515979,35.9882031],[129.1517968,35.9881159],[129.1519939,35.988019],[129.1520455,35.9880013]]]]}},{"type":"Feature","properties":{"UFID":"100035901007A00110100000004449567"},"geometry":{"type":"MultiPolygon","coordinates":[[[[129.1501349,35.983908],[129.1503296,35.984089],[129.1503275,35.9840791],[129.1503281,35.9840719],[129.1503299,35.9840649],[129.150335,35.9840561],[129.150342,35.9840525],[129.1503488,35.98405],[129.1503636,35.984049],[129.1503909,35.9840487],[129.1504258,35.984052],[129.1507236,35.9841228],[129.1510554,35.9842085],[129.1512294,35.9842784],[129.1515364,35.9844309],[129.1516628,35.9844953],[129.1518624,35.9846125],[129.1520662,35.9847705],[129.1524329,35.9851125],[129.1525059,35.9851924],[129.1526591,35.9853539],[129.1527035,35.985402],[129.1529011,35.9856102],[129.1529157,35.9856273],[129.1529516,35.9856726],[129.1529705,35.9857045],[129.1530017,35.985766],[129.1530031,35.9857706],[129.153003,35.9857752],[129.1529576,35.9858089],[129.1531824,35.9859217],[129.153164,35.9858982],[129.1531443,35.985866],[129.1531165,35.9858178],[129.1530945,35.9857715],[129.1530715,35.9857289],[129.15303,35.9856688],[129.1529458,35.9855616],[129.1528351,35.9854507],[129.1527565,35.9853693],[129.1527122,35.9853212],[129.152559,35.9851597],[129.1524848,35.9850786],[129.1521144,35.9847331],[129.1519051,35.9845708],[129.1517,35.9844504],[129.1515713,35.9843849],[129.1512616,35.9842309],[129.1510802,35.9841582],[129.1504759,35.9840021],[129.1501349,35.983908]]]]}},{"type":"Feature","properties":{"UFID":"100035901007A00110100000004449568"},"geometry":{"type":"MultiPolygon","coordinates":[[[[129.1512171,35.9852112],[129.1511436,35.9852223],[129.1511655,35.9852566],[129.1512006,35.9852804],[129.1512316,35.9852893],[129.1512796,35.9852905],[129.1513558,35.9852911],[129.1513871,35.9852945],[129.1514081,35.9853013],[129.1514204,35.9853081],[129.1514276,35.9853136],[129.1514633,35.9854907],[129.1514683,35.9855072],[129.1514759,35.9855165],[129.1514927,35.9855231],[129.1515959,35.9855538],[129.1516127,35.9855709],[129.1516206,35.9855792],[129.1516273,35.985597],[129.1516506,35.9856594],[129.1516704,35.9856875],[129.1516989,35.9857158],[129.1517397,35.985745],[129.151871,35.9858338],[129.1518807,35.985848],[129.1518819,35.9858664],[129.1518778,35.9858877],[129.1518702,35.9859062],[129.1518417,35.9859333],[129.1517027,35.9859859],[129.1516902,35.9859948],[129.1516801,35.9860053],[129.1516365,35.9860694],[129.151624,35.9860775],[129.1516013,35.9860837],[129.151582,35.986081],[129.1515651,35.9860741],[129.1515538,35.9860654],[129.1515191,35.9860364],[129.1514774,35.9860106],[129.1514546,35.9860479],[129.1514767,35.986062],[129.1515083,35.9860794],[129.1515306,35.9860872],[129.1516101,35.9861095],[129.1516323,35.9861104],[129.1516448,35.9861096],[129.1516561,35.9861017],[129.1516959,35.9860437],[129.1517147,35.9860196],[129.1517333,35.9860078],[129.1517777,35.9859922],[129.1518602,35.9859632],[129.1518981,35.9859309],[129.1519204,35.9858942],[129.1519265,35.9858666],[129.151925,35.9858462],[129.1519185,35.9858283],[129.1519094,35.9858132],[129.1518772,35.9857944],[129.1517833,35.9857451],[129.1517333,35.9857064],[129.1517119,35.9856825],[129.151691,35.9856259],[129.1516504,35.9855598],[129.151629,35.9855406],[129.1516182,35.9855359],[129.1515078,35.9855],[129.1514979,35.9854905],[129.1514879,35.9854679],[129.1514823,35.9854443],[129.1514685,35.9853472],[129.151454,35.9853002],[129.1514372,35.9852784],[129.1514166,35.9852647],[129.1513882,35.9852554],[129.1512963,35.9852463],[129.1512699,35.9852444],[129.1512542,35.9852403],[129.151237,35.9852325],[129.1512265,35.9852216],[129.1512171,35.9852112]]]]}},{"type":"Feature","properties":{"UFID":"100035901007A00110100000004449569"},"geometry":{"type":"MultiPolygon","coordinates":[[[[129.1503645,35.9890259],[129.1503064,35.9889668],[129.1502871,35.9889856],[129.1502982,35.9889929],[129.1502973,35.9889937],[129.1502741,35.989015],[129.1502712,35.9890174],[129.1502941,35.9890373],[129.1503645,35.9890259]]]]}},{"type":"Feature","properties":{"UFID":"100035901007A00110100000004449570"},"geometry":{"type":"MultiPolygon","coordinates":[[[[129.1503645,35.9890259],[129.1502941,35.9890373],[129.1503056,35.9890375],[129.1504281,35.9891297],[129.1504497,35.9891167],[129.1503645,35.9890259]]]]}},{"type":"Feature","properties":{"UFID":"100035901007A00110100000004449571"},"geometry":{"type":"MultiPolygon","coordinates":[[[[129.1512171,35.9852112],[129.1511882,35.9851235],[129.1511812,35.9851013],[129.1511679,35.9850838],[129.1511569,35.9850699],[129.1510983,35.9850282],[129.1509472,35.9849338],[129.1508406,35.9848686],[129.1507476,35.9848045],[129.1506571,35.9847359],[129.1505503,35.9846497],[129.1504436,35.9845657],[129.1503516,35.9844983],[129.1502961,35.9844704],[129.1502216,35.9844399],[129.1501695,35.9844156],[129.1501512,35.9843944],[129.150145,35.9843755],[129.1501445,35.9843664],[129.1501467,35.984351],[129.1501509,35.9843439],[129.150166,35.9843256],[129.1501395,35.9843091],[129.150122,35.9843304],[129.1501143,35.9843433],[129.1501111,35.9843654],[129.1501119,35.9843797],[129.1501206,35.984406],[129.1501465,35.9844361],[129.1502058,35.9844637],[129.1502798,35.984494],[129.1503315,35.9845201],[129.1504209,35.9845854],[129.150527,35.984669],[129.150634,35.9847554],[129.1507255,35.9848247],[129.1508198,35.9848897],[129.1509271,35.9849554],[129.1510772,35.9850491],[129.1511315,35.9850877],[129.1511397,35.9850982],[129.1511502,35.985112],[129.1511539,35.9851237],[129.1511436,35.9852223],[129.1512171,35.9852112]]]]}},{"type":"Feature","properties":{"UFID":"100035901007A00110100000004449572"},"geometry":{"type":"MultiPolygon","coordinates":[[[[129.1514281,35.988292],[129.1514075,35.9882701],[129.1513979,35.988276],[129.151394,35.9882785],[129.151207,35.9883872],[129.151044,35.9885114],[129.1508939,35.988597],[129.1508382,35.9886227],[129.1508319,35.988618],[129.1507599,35.988654],[129.1506971,35.9886835],[129.1506437,35.9887088],[129.1505875,35.9887411],[129.1505442,35.9887678],[129.1504931,35.9887991],[129.1504521,35.9888301],[129.1504109,35.9888669],[129.1503693,35.9889054],[129.1503064,35.9889668],[129.1503645,35.9890259],[129.1503731,35.989001],[129.1503788,35.9889901],[129.1504537,35.9889079],[129.1504981,35.9888704],[129.1506614,35.9887645],[129.1507798,35.9886959],[129.1508043,35.9886747],[129.1509587,35.9886047],[129.1509983,35.9885894],[129.1510681,35.9885408],[129.1512281,35.9884082],[129.1514138,35.9883002],[129.1514155,35.9882992],[129.1514281,35.988292]]]]}},{"type":"Feature","properties":{"UFID":"100035901008A00110100000004450364"},"geometry":{"type":"MultiPolygon","coordinates":[[[[129.1980934,35.9986965],[129.1980738,35.9986481],[129.1980216,35.9986616],[129.1980389,35.9987195],[129.1980934,35.9986965]]]]}},{"type":"Feature","properties":{"UFID":"100035901008A00110100000004450365"},"geometry":{"type":"MultiPolygon","coordinates":[[[[129.1980738,35.9986481],[129.1979021,35.9977728],[129.1978228,35.9973935],[129.1978291,35.9973738],[129.1978316,35.9973696],[129.1977892,35.9974111],[129.1977912,35.9974126],[129.1978065,35.9974898],[129.1978693,35.9977772],[129.1980389,35.9986425],[129.1980367,35.9986483],[129.1980299,35.9986568],[129.1980216,35.9986616],[129.1980738,35.9986481]]]]}},{"type":"Feature","properties":{"UFID":"100035901008A00110100000004450366"},"geometry":{"type":"MultiPolygon","coordinates":[[[[129.198125,35.9988731],[129.1981224,35.9988691],[129.1981149,35.998832],[129.1980934,35.9986965],[129.1980389,35.9987195],[129.1980713,35.9988606],[129.1980575,35.9988764],[129.198125,35.9988731]]]]}},{"type":"Feature","properties":{"UFID":"100035901008A00110100000004450367"},"geometry":{"type":"MultiPolygon","coordinates":[[[[129.1981333,35.9989086],[129.198125,35.9988731],[129.1980575,35.9988764],[129.1980775,35.9989235],[129.1981333,35.9989086]]]]}},{"type":"Feature","properties":{"UFID":"100035901008A00110100000004450368"},"geometry":{"type":"MultiPolygon","coordinates":[[[[129.1981558,35.9990566],[129.1981323,35.9989163],[129.1981326,35.9989108],[129.1981333,35.9989086],[129.1980775,35.9989235],[129.1980997,35.9990613],[129.1980955,35.9990675],[129.1981558,35.9990566]]]]}},{"type":"Feature","properties":{"UFID":"100035901008A00110100000004450369"},"geometry":{"type":"MultiPolygon","coordinates":[[[[129.1993547,35.9987486],[129.1994112,35.9986992],[129.1993548,35.9987139],[129.1992951,35.9987499],[129.1993547,35.9987486]]]]}},{"type":"Feature","properties":{"UFID":"100035901008A00110100000004450370"},"geometry":{"type":"MultiPolygon","coordinates":[[[[129.1992951,35.9987499],[129.1993548,35.9987139],[129.1992862,35.9987222],[129.1991919,35.9987319],[129.1991961,35.9987588],[129.1992272,35.9987546],[129.1992694,35.9987503],[129.1992913,35.9987488],[129.1992935,35.9987491],[129.1992951,35.9987499]]]]}},{"type":"Feature","properties":{"UFID":"100035901008A00110100000004450371"},"geometry":{"type":"MultiPolygon","coordinates":[[[[129.1991961,35.9987588],[129.1991919,35.9987319],[129.1990977,35.9987416],[129.1987226,35.99879],[129.1981385,35.9988713],[129.1981259,35.9988732],[129.198125,35.9988731],[129.1981333,35.9989086],[129.1981545,35.9989039],[129.198401,35.9988667],[129.198729,35.998821],[129.1991961,35.9987588]]]]}},{"type":"Feature","properties":{"UFID":"100035901008A00110100000004450372"},"geometry":{"type":"MultiPolygon","coordinates":[[[[129.1980738,35.9986481],[129.1980934,35.9986965],[129.1981933,35.9986538],[129.1983104,35.9986205],[129.1984495,35.9985878],[129.1985721,35.9985661],[129.198711,35.9985621],[129.1989345,35.9985578],[129.1990957,35.9985668],[129.1992673,35.9985816],[129.1993734,35.9985851],[129.1993792,35.9985268],[129.1992849,35.9985246],[129.1991894,35.9985195],[129.1989715,35.9985043],[129.1988614,35.9985004],[129.1987058,35.9985036],[129.1985375,35.9985189],[129.1983777,35.998547],[129.1982338,35.9985874],[129.1981024,35.9986425],[129.1980777,35.9986496],[129.1980738,35.9986481]]]]}},{"type":"Feature","properties":{"UFID":"100035901008A00110100000004450373"},"geometry":{"type":"MultiPolygon","coordinates":[[[[129.1987935,35.9964159],[129.1986927,35.9964338],[129.1986995,35.9964375],[129.1987073,35.9964443],[129.1987106,35.996452],[129.1987116,35.9964628],[129.1987108,35.9964738],[129.1987,35.9964954],[129.1986569,35.996576],[129.1986411,35.9966038],[129.1986836,35.9966157],[129.1987171,35.9965522],[129.198754,35.9964808],[129.1987713,35.9964494],[129.1987825,35.996429],[129.1987935,35.9964159]]]]}},{"type":"Feature","properties":{"UFID":"100035901008A00110100000004450374"},"geometry":{"type":"MultiPolygon","coordinates":[[[[129.1987935,35.9964159],[129.1987783,35.9963733],[129.198736,35.9963823],[129.1986754,35.9963934],[129.1986927,35.9964338],[129.1987935,35.9964159]]]]}},{"type":"Feature","properties":{"UFID":"100035901008A00110100000004450384"},"geometry":{"type":"MultiPolygon","coordinates":[[[[129.196368,35.9993714],[129.1963604,35.9993295],[129.1962308,35.999343],[129.1962353,35.9993936],[129.196368,35.9993714]]]]}},{"type":"Feature","properties":{"UFID":"100035901008A00110100000004450385"},"geometry":{"type":"MultiPolygon","coordinates":[[[[129.1963604,35.9993295],[129.1963234,35.999199],[129.1962009,35.9992167],[129.1962308,35.999343],[129.1963604,35.9993295]]]]}},{"type":"Feature","properties":{"UFID":"100035901008A00110100000004450386"},"geometry":{"type":"MultiPolygon","coordinates":[[[[129.1953766,35.9993531],[129.195327,35.999352],[129.1953468,35.9995011],[129.1953532,35.9996018],[129.1953864,35.9996005],[129.1953802,35.9995016],[129.1953805,35.9994458],[129.1953766,35.9993531]]]]}},{"type":"Feature","properties":{"UFID":"100035901008A00110100000004450387"},"geometry":{"type":"MultiPolygon","coordinates":[[[[129.1953748,35.9993125],[129.1953368,35.9993197],[129.195327,35.999352],[129.1953766,35.9993531],[129.1953748,35.9993125]]]]}},{"type":"Feature","properties":{"UFID":"100035901008A00110100000004450388"},"geometry":{"type":"MultiPolygon","coordinates":[[[[129.196392,35.999526],[129.1963954,35.9995574],[129.1964485,35.9995514],[129.1968074,35.9995035],[129.1975494,35.9994056],[129.1975431,35.9993745],[129.1968011,35.9994723],[129.1964426,35.9995202],[129.196392,35.999526]]]]}},{"type":"Feature","properties":{"UFID":"100035901008A00110100000004450389"},"geometry":{"type":"MultiPolygon","coordinates":[[[[129.1964295,35.99973],[129.1963954,35.9995574],[129.1962685,35.9995721],[129.1963102,35.9997966],[129.1963087,35.9998014],[129.1964295,35.99973]]]]}},{"type":"Feature","properties":{"UFID":"100035901008A00110100000004450390"},"geometry":{"type":"MultiPolygon","coordinates":[[[[129.1963954,35.9995574],[129.196392,35.999526],[129.1962613,35.9995338],[129.1962685,35.9995721],[129.1963954,35.9995574]]]]}},{"type":"Feature","properties":{"UFID":"100035901008A00110100000004450391"},"geometry":{"type":"MultiPolygon","coordinates":[[[[129.196392,35.999526],[129.196368,35.9993714],[129.1962353,35.9993936],[129.1962613,35.9995338],[129.196392,35.999526]]]]}},{"type":"Feature","properties":{"UFID":"100035901008A00110100000004450392"},"geometry":{"type":"MultiPolygon","coordinates":[[[[129.1962353,35.9993936],[129.1962308,35.999343],[129.1961007,35.9993679],[129.195751,35.9994288],[129.1957626,35.9994728],[129.1961125,35.999412],[129.1962353,35.9993936]]]]}},{"type":"Feature","properties":{"UFID":"100035901008A00110100000004450393"},"geometry":{"type":"MultiPolygon","coordinates":[[[[129.1981138,35.9991032],[129.1980955,35.9990675],[129.1968068,35.9992641],[129.1963715,35.9993305],[129.1963604,35.9993295],[129.196368,35.9993714],[129.1968066,35.9993029],[129.1980668,35.9991058],[129.1981087,35.9991023],[129.1981138,35.9991032]]]]}},{"type":"Feature","properties":{"UFID":"100035901008A00110100000004450394"},"geometry":{"type":"MultiPolygon","coordinates":[[[[129.1981768,35.9995609],[129.1981775,35.9994992],[129.1981365,35.9994963],[129.1968057,35.9996786],[129.1964295,35.99973],[129.1964612,35.9997978],[129.1964897,35.9997737],[129.1968055,35.9997292],[129.1972246,35.9996701],[129.1979804,35.9995752],[129.1981181,35.9995599],[129.1981525,35.9995561],[129.1981634,35.9995561],[129.1981707,35.9995577],[129.1981768,35.9995609]]]]}},{"type":"Feature","properties":{"UFID":"100035901008A00110100000004450395"},"geometry":{"type":"MultiPolygon","coordinates":[[[[129.1962679,35.9989039],[129.1961271,35.9989271],[129.196146,35.9989852],[129.1962919,35.998985],[129.1962679,35.9989039]]]]}},{"type":"Feature","properties":{"UFID":"100035901008A00110100000004450396"},"geometry":{"type":"MultiPolygon","coordinates":[[[[129.1980389,35.9987195],[129.1980216,35.9986616],[129.1980072,35.9986646],[129.1979296,35.9986774],[129.1977485,35.9987064],[129.1975891,35.998736],[129.1975821,35.9987365],[129.1975775,35.9987363],[129.1975746,35.9987358],[129.1975721,35.9987311],[129.1975674,35.9987055],[129.1975621,35.9987028],[129.1975522,35.9987006],[129.1975366,35.9987004],[129.1975187,35.9987016],[129.1974059,35.9987198],[129.1973611,35.9987325],[129.1973565,35.9987331],[129.1973417,35.9987296],[129.1973365,35.9987302],[129.1973324,35.9987321],[129.1972696,35.9987753],[129.1972641,35.9987766],[129.1972601,35.9987763],[129.1972532,35.9987762],[129.1972358,35.9987773],[129.1971862,35.9987844],[129.1971114,35.9987959],[129.1968847,35.998831],[129.196643,35.9988648],[129.1964475,35.9988947],[129.1963431,35.998909],[129.1963153,35.9989111],[129.1962822,35.99891],[129.1962736,35.9989074],[129.1962679,35.9989039],[129.1962919,35.998985],[129.1963104,35.9989795],[129.1968078,35.9989047],[129.1980389,35.9987195]]]]}},{"type":"Feature","properties":{"UFID":"100035901008A00110100000004450397"},"geometry":{"type":"MultiPolygon","coordinates":[[[[129.1963228,35.9991392],[129.1962919,35.998985],[129.196146,35.9989852],[129.1961857,35.9991528],[129.1963228,35.9991392]]]]}},{"type":"Feature","properties":{"UFID":"100035901008A00110100000004450398"},"geometry":{"type":"MultiPolygon","coordinates":[[[[129.1980775,35.9989235],[129.1980575,35.9988764],[129.1968073,35.9990674],[129.1963228,35.9991392],[129.1963234,35.999199],[129.1963339,35.9991776],[129.1968072,35.9991066],[129.1980603,35.9989183],[129.1980775,35.9989235]]]]}},{"type":"Feature","properties":{"UFID":"100035901008A00110100000004450399"},"geometry":{"type":"MultiPolygon","coordinates":[[[[129.1963234,35.999199],[129.1963228,35.9991392],[129.1961857,35.9991528],[129.1962009,35.9992167],[129.1963234,35.999199]]]]}},{"type":"Feature","properties":{"UFID":"100035901008A00110100000004450400"},"geometry":{"type":"MultiPolygon","coordinates":[[[[129.1957761,35.9990376],[129.1957094,35.9990503],[129.1957679,35.9992569],[129.1958184,35.999241],[129.1957761,35.9990376]]]]}},{"type":"Feature","properties":{"UFID":"100035901008A00110100000004450401"},"geometry":{"type":"MultiPolygon","coordinates":[[[[129.1957761,35.9990376],[129.1957611,35.9989861],[129.1956928,35.9989971],[129.1957094,35.9990503],[129.1957761,35.9990376]]]]}},{"type":"Feature","properties":{"UFID":"100035901008A00110100000004450402"},"geometry":{"type":"MultiPolygon","coordinates":[[[[129.196146,35.9989852],[129.1961271,35.9989271],[129.1957611,35.9989861],[129.1957761,35.9990376],[129.196146,35.9989852]]]]}},{"type":"Feature","properties":{"UFID":"100035901008A00110100000004450403"},"geometry":{"type":"MultiPolygon","coordinates":[[[[129.1953267,35.9991239],[129.1953225,35.9990818],[129.1952706,35.9990951],[129.1952879,35.9991557],[129.1953267,35.9991239]]]]}},{"type":"Feature","properties":{"UFID":"100035901008A00110100000004450404"},"geometry":{"type":"MultiPolygon","coordinates":[[[[129.1959146,35.9979006],[129.1959133,35.9979017],[129.1957848,35.9979298],[129.1957796,35.9979294],[129.1957749,35.9979254],[129.1957245,35.9978616],[129.1957035,35.9978298],[129.1956989,35.9978102],[129.1956995,35.9978067],[129.1957163,35.9977759],[129.1957299,35.9977593],[129.1954392,35.9977881],[129.1955303,35.997855],[129.1957302,35.9981166],[129.1960531,35.9985308],[129.1959146,35.9979006]]]]}},{"type":"Feature","properties":{"UFID":"100035901008A00110100000004450405"},"geometry":{"type":"MultiPolygon","coordinates":[[[[129.1961794,35.9984999],[129.1961321,35.9982711],[129.1961248,35.9982373],[129.1960892,35.9980731],[129.1960591,35.9979159],[129.1960576,35.9979101],[129.1960549,35.9978953],[129.195915,35.9978967],[129.1959146,35.9979006],[129.1960531,35.9985308],[129.1961794,35.9984999]]]]}},{"type":"Feature","properties":{"UFID":"100035901008A00110100000004450406"},"geometry":{"type":"MultiPolygon","coordinates":[[[[129.1962679,35.9989039],[129.1962626,35.998899],[129.196257,35.9988873],[129.196231,35.9987379],[129.1961841,35.9985218],[129.1961794,35.9984999],[129.1960531,35.9985308],[129.1961271,35.9989271],[129.1962679,35.9989039]]]]}},{"type":"Feature","properties":{"UFID":"100035901008A00110100000004450407"},"geometry":{"type":"MultiPolygon","coordinates":[[[[129.1953748,35.9993125],[129.1953741,35.9992995],[129.195355,35.9992345],[129.1953267,35.9991239],[129.1952879,35.9991557],[129.1953368,35.9993197],[129.1953748,35.9993125]]]]}},{"type":"Feature","properties":{"UFID":"100035901008A00110100000004450408"},"geometry":{"type":"MultiPolygon","coordinates":[[[[129.1957094,35.9990503],[129.1956928,35.9989971],[129.1956514,35.9990037],[129.1953366,35.9990781],[129.1953225,35.9990818],[129.1953267,35.9991239],[129.19533,35.9991222],[129.1955269,35.9990811],[129.1956102,35.9990613],[129.1957094,35.9990503]]]]}},{"type":"Feature","properties":{"UFID":"100035901008A00110100000004450409"},"geometry":{"type":"MultiPolygon","coordinates":[[[[129.1961179,35.997675],[129.1958191,35.9977455],[129.1958575,35.9977592],[129.1958841,35.9977742],[129.1958887,35.9977786],[129.1958926,35.997787],[129.195915,35.9978967],[129.1960549,35.9978953],[129.1960336,35.9977792],[129.1960335,35.9977732],[129.1960341,35.9977667],[129.1960696,35.9977014],[129.1961179,35.997675]]]]}},{"type":"Feature","properties":{"UFID":"100035901008A00110100000004450410"},"geometry":{"type":"MultiPolygon","coordinates":[[[[129.1956016,35.9973625],[129.1956289,35.9973498],[129.1959886,35.9971728],[129.1963014,35.9970163],[129.1963852,35.9969767],[129.1964394,35.9969529],[129.1964915,35.9969311],[129.1965381,35.9969135],[129.1965797,35.9968972],[129.1966263,35.9968825],[129.196691,35.996864],[129.1967929,35.996834],[129.1969547,35.9967879],[129.1971303,35.9967374],[129.1972293,35.9967074],[129.1973144,35.9966816],[129.1974002,35.996658],[129.1974924,35.9966348],[129.1975729,35.9966167],[129.1976442,35.9966025],[129.1977345,35.996586],[129.1978493,35.9965657],[129.1979765,35.9965451],[129.1981091,35.996524],[129.1982416,35.9965041],[129.1983684,35.9964839],[129.1984938,35.9964643],[129.1986139,35.9964425],[129.1986754,35.9964331],[129.1986927,35.9964338],[129.1986754,35.9963934],[129.1986571,35.9963968],[129.1985309,35.9964201],[129.1983939,35.996443],[129.1982734,35.9964627],[129.1981469,35.9964835],[129.1979823,35.9965081],[129.1978408,35.9965307],[129.1977007,35.9965563],[129.1975726,35.9965805],[129.1974827,35.9965989],[129.1974075,35.9966179],[129.1973357,35.9966373],[129.1972192,35.9966714],[129.1970466,35.9967208],[129.1968786,35.9967683],[129.1967384,35.9968084],[129.1966156,35.9968428],[129.1965368,35.9968688],[129.1965058,35.9968775],[129.19645,35.9968999],[129.1963427,35.9969486],[129.1959964,35.9971154],[129.1956597,35.9972845],[129.1954837,35.9973639],[129.1954474,35.9973684],[129.1956016,35.9973625]]]]}},{"type":"Feature","properties":{"UFID":"100035901008A00110100000004450411"},"geometry":{"type":"MultiPolygon","coordinates":[[[[129.1938733,35.9998543],[129.1938346,35.999849],[129.1938201,35.9998759],[129.1938583,35.9998803],[129.1938733,35.9998543]]]]}},{"type":"Feature","properties":{"UFID":"100035901008A00110100000004450412"},"geometry":{"type":"MultiPolygon","coordinates":[[[[129.1940489,35.9996581],[129.1940031,35.9996362],[129.1939745,35.9996714],[129.1939537,35.9996932],[129.1939171,35.9997352],[129.1938684,35.9997866],[129.1938346,35.999849],[129.1938733,35.9998543],[129.1939097,35.9997906],[129.1939107,35.9997893],[129.1939805,35.9997093],[129.1940148,35.9996734],[129.1940489,35.9996581]]]]}},{"type":"Feature","properties":{"UFID":"100035901008A00110100000004450413"},"geometry":{"type":"MultiPolygon","coordinates":[[[[129.1941692,35.9996767],[129.1941379,35.9996863],[129.1941674,35.9997697],[129.1941944,35.9998797],[129.1940396,35.9998674],[129.1938956,35.9998565],[129.1938733,35.9998543],[129.1938583,35.9998803],[129.1939086,35.9998845],[129.1940913,35.9998985],[129.1942104,35.9999088],[129.1942232,35.9999049],[129.1942299,35.9998953],[129.1942297,35.9998853],[129.1941997,35.9997632],[129.1941692,35.9996767]]]]}},{"type":"Feature","properties":{"UFID":"100035901008A00110100000004450414"},"geometry":{"type":"MultiPolygon","coordinates":[[[[129.1932627,35.9994047],[129.1931871,35.9994057],[129.1932209,35.9995983],[129.1932947,35.9995981],[129.1932723,35.9994888],[129.1932627,35.9994047]]]]}},{"type":"Feature","properties":{"UFID":"100035901008A00110100000004450415"},"geometry":{"type":"MultiPolygon","coordinates":[[[[129.194062,35.9996042],[129.1939493,35.9995729],[129.1938339,35.9995548],[129.1936868,35.9995474],[129.193606,35.9995546],[129.193517,35.9995718],[129.1934536,35.9995816],[129.1932947,35.9995981],[129.1933162,35.9996396],[129.1933916,35.9996182],[129.1935151,35.9996023],[129.1936324,35.9995906],[129.1937411,35.9995852],[129.1938377,35.9995881],[129.193837,35.9995997],[129.1939166,35.9996117],[129.1940031,35.9996362],[129.194062,35.9996042]]]]}},{"type":"Feature","properties":{"UFID":"100035901008A00110100000004450416"},"geometry":{"type":"MultiPolygon","coordinates":[[[[129.1933162,35.9996396],[129.1932947,35.9995981],[129.1932209,35.9995983],[129.1932294,35.9996465],[129.1933162,35.9996396]]]]}},{"type":"Feature","properties":{"UFID":"100035901008A00110100000004450417"},"geometry":{"type":"MultiPolygon","coordinates":[[[[129.1932528,35.9993049],[129.1931803,35.9993158],[129.1931697,35.9993173],[129.1931871,35.9994057],[129.1932627,35.9994047],[129.1932528,35.9993049]]]]}},{"type":"Feature","properties":{"UFID":"100035901008A00110100000004450418"},"geometry":{"type":"MultiPolygon","coordinates":[[[[129.194406,35.999226],[129.1944303,35.9991279],[129.1937872,35.9992241],[129.1932528,35.9993049],[129.1932627,35.9994047],[129.1933005,35.9993808],[129.1934573,35.9993523],[129.1941191,35.9992561],[129.194373,35.9992209],[129.194406,35.999226]]]]}},{"type":"Feature","properties":{"UFID":"100035901008A00110100000004450419"},"geometry":{"type":"MultiPolygon","coordinates":[[[[129.1931871,35.9994057],[129.1931697,35.9993173],[129.1928409,35.9993658],[129.1928688,35.9994469],[129.1931438,35.9993982],[129.1931719,35.9993995],[129.1931871,35.9994057]]]]}},{"type":"Feature","properties":{"UFID":"100035901008A00110100000004450420"},"geometry":{"type":"MultiPolygon","coordinates":[[[[129.1941173,35.9996277],[129.1941017,35.9995857],[129.194062,35.9996042],[129.1940972,35.9996367],[129.1941173,35.9996277]]]]}},{"type":"Feature","properties":{"UFID":"100035901008A00110100000004450421"},"geometry":{"type":"MultiPolygon","coordinates":[[[[129.1940972,35.9996367],[129.194062,35.9996042],[129.1940031,35.9996362],[129.1940489,35.9996581],[129.1940972,35.9996367]]]]}},{"type":"Feature","properties":{"UFID":"100035901008A00110100000004450422"},"geometry":{"type":"MultiPolygon","coordinates":[[[[129.1941472,35.9996143],[129.1941353,35.99957],[129.1941017,35.9995857],[129.1941173,35.9996277],[129.1941472,35.9996143]]]]}},{"type":"Feature","properties":{"UFID":"100035901008A00110100000004450423"},"geometry":{"type":"MultiPolygon","coordinates":[[[[129.1945877,35.9992967],[129.1944613,35.999282],[129.1944579,35.9993155],[129.1944084,35.9993869],[129.1943206,35.9994696],[129.194202,35.9995389],[129.1941353,35.99957],[129.1941472,35.9996143],[129.1941522,35.9996122],[129.1943044,35.9995224],[129.1943497,35.9995024],[129.1944145,35.9994404],[129.1945194,35.9993514],[129.1945877,35.9992967]]]]}},{"type":"Feature","properties":{"UFID":"100035901008A00110100000004450424"},"geometry":{"type":"MultiPolygon","coordinates":[[[[129.1945038,35.9992284],[129.1944985,35.9992234],[129.1944881,35.999201],[129.194406,35.999226],[129.1944343,35.9992421],[129.1944613,35.999282],[129.1945038,35.9992284]]]]}},{"type":"Feature","properties":{"UFID":"100035901008A00110100000004450425"},"geometry":{"type":"MultiPolygon","coordinates":[[[[129.194586,35.9992473],[129.1945595,35.9992446],[129.1945151,35.9992348],[129.1945056,35.9992302],[129.1945038,35.9992284],[129.1944613,35.999282],[129.1945877,35.9992967],[129.194586,35.9992473]]]]}},{"type":"Feature","properties":{"UFID":"100035901008A00110100000004450426"},"geometry":{"type":"MultiPolygon","coordinates":[[[[129.1944881,35.999201],[129.1944799,35.9991836],[129.1944659,35.9991172],[129.1944303,35.9991279],[129.194406,35.999226],[129.1944881,35.999201]]]]}},{"type":"Feature","properties":{"UFID":"100035901008A00110100000004450427"},"geometry":{"type":"MultiPolygon","coordinates":[[[[129.1924281,35.9995577],[129.1924246,35.9994056],[129.192203,35.9994103],[129.1922361,35.9995686],[129.1924281,35.9995577]]]]}},{"type":"Feature","properties":{"UFID":"100035901008A00110100000004450428"},"geometry":{"type":"MultiPolygon","coordinates":[[[[129.1927195,35.9994641],[129.1926956,35.9993873],[129.1926735,35.9993905],[129.1924558,35.9994147],[129.1924373,35.9994118],[129.1924246,35.9994056],[129.1924281,35.9995577],[129.1924433,35.9995261],[129.1924625,35.9994883],[129.1927195,35.9994641]]]]}},{"type":"Feature","properties":{"UFID":"100035901008A00110100000004450429"},"geometry":{"type":"MultiPolygon","coordinates":[[[[129.195327,35.999352],[129.1953368,35.9993197],[129.1952957,35.9993286],[129.1951081,35.9993623],[129.1951112,35.9993894],[129.1953029,35.999355],[129.195327,35.999352]]]]}},{"type":"Feature","properties":{"UFID":"100035901008A00110100000004450430"},"geometry":{"type":"MultiPolygon","coordinates":[[[[129.1928688,35.9994469],[129.1928409,35.9993658],[129.1926956,35.9993873],[129.1927195,35.9994641],[129.1928688,35.9994469]]]]}},{"type":"Feature","properties":{"UFID":"100035901008A00110100000004450431"},"geometry":{"type":"MultiPolygon","coordinates":[[[[129.1952879,35.9991557],[129.1952706,35.9990951],[129.1950558,35.9991506],[129.1948014,35.9991988],[129.1947337,35.9992122],[129.1946174,35.9992453],[129.194586,35.9992473],[129.1945877,35.9992967],[129.1946911,35.9992648],[129.194831,35.9992408],[129.1950309,35.9992017],[129.195271,35.9991558],[129.1952879,35.9991557]]]]}},{"type":"Feature","properties":{"UFID":"100035901008A00110100000004450432"},"geometry":{"type":"MultiPolygon","coordinates":[[[[129.1941692,35.9996767],[129.1941472,35.9996143],[129.1941173,35.9996277],[129.1941379,35.9996863],[129.1941692,35.9996767]]]]}},{"type":"Feature","properties":{"UFID":"100035901008A00110100000004450433"},"geometry":{"type":"MultiPolygon","coordinates":[[[[129.1898642,35.9981881],[129.1898184,35.9981839],[129.1898244,35.998196],[129.1898258,35.9982036],[129.1898259,35.9982168],[129.189822,35.9982291],[129.1898127,35.9982403],[129.1898003,35.9982546],[129.1897857,35.9982679],[129.1897689,35.9982802],[129.1897488,35.9982927],[129.1897295,35.9983035],[129.1897095,35.9983101],[129.1896892,35.9983117],[129.1896739,35.9983123],[129.189662,35.9983124],[129.1896341,35.9983095],[129.1895982,35.9983094],[129.1895304,35.9983027],[129.1894374,35.9982821],[129.1893762,35.9982679],[129.1893233,35.9982508],[129.1892918,35.9982365],[129.1892775,35.9982237],[129.1892742,35.9982161],[129.1892722,35.9982038],[129.1892723,35.9981904],[129.1892739,35.9981787],[129.1892798,35.9981653],[129.1893011,35.9981249],[129.1892492,35.9981197],[129.1892484,35.9981393],[129.1892474,35.9981536],[129.1892429,35.9981693],[129.1892366,35.9981831],[129.1892354,35.9981954],[129.1892356,35.9982075],[129.1892411,35.9982247],[129.1892471,35.9982368],[129.1892549,35.9982481],[129.1892674,35.998257],[129.1892804,35.9982634],[129.189295,35.9982683],[129.1893458,35.9982804],[129.1894054,35.9982951],[129.1894701,35.9983063],[129.1895314,35.9983176],[129.1895919,35.9983303],[129.1896421,35.9983349],[129.1897077,35.9983337],[129.1897353,35.9983322],[129.1897613,35.9983206],[129.1897886,35.998306],[129.1898168,35.9982869],[129.1898379,35.9982702],[129.1898525,35.9982507],[129.1898592,35.9982355],[129.1898626,35.9982247],[129.1898639,35.9982094],[129.1898642,35.9981881]]]]}},{"type":"Feature","properties":{"UFID":"100035901008A00110100000004450434"},"geometry":{"type":"MultiPolygon","coordinates":[[[[129.1899476,35.9990108],[129.1899291,35.9989937],[129.1899282,35.9989929],[129.1898991,35.9989703],[129.1898981,35.9989696],[129.1898646,35.9989478],[129.1898623,35.9989465],[129.1898273,35.9989308],[129.1898254,35.9989301],[129.1897797,35.9989152],[129.1897789,35.998915],[129.1897773,35.9989146],[129.1897036,35.9989006],[129.1896961,35.998927],[129.1897685,35.9989407],[129.1898121,35.9989549],[129.1898449,35.9989696],[129.1898767,35.9989903],[129.1899046,35.9990121],[129.1899307,35.9990361],[129.18994,35.9990446],[129.1899476,35.9990108]]]]}},{"type":"Feature","properties":{"UFID":"100035901008A00110100000004450435"},"geometry":{"type":"MultiPolygon","coordinates":[[[[129.1899762,35.9990339],[129.1899476,35.9990108],[129.18994,35.9990446],[129.189968,35.9990738],[129.1899699,35.999062],[129.1899762,35.9990339]]]]}},{"type":"Feature","properties":{"UFID":"100035901008A00110100000004450436"},"geometry":{"type":"MultiPolygon","coordinates":[[[[129.1903104,35.9982256],[129.1901377,35.9982136],[129.1901453,35.9982177],[129.1901551,35.998227],[129.1901676,35.9982373],[129.19017,35.9982466],[129.1901704,35.9982588],[129.1901711,35.9983085],[129.1901485,35.9984168],[129.1901422,35.9984403],[129.1901351,35.9984642],[129.1901162,35.9985088],[129.1901015,35.9985373],[129.1900652,35.9986082],[129.1900538,35.998633],[129.1900406,35.9986638],[129.1900342,35.9986921],[129.190027,35.9987292],[129.1899978,35.9988521],[129.1899944,35.9988656],[129.1899767,35.9989388],[129.1899742,35.9989435],[129.189963,35.9989665],[129.1899516,35.9989932],[129.1899476,35.9990108],[129.1899762,35.9990339],[129.1899838,35.9990001],[129.1899942,35.9989759],[129.190005,35.9989537],[129.1900087,35.9989467],[129.1900271,35.9988708],[129.1900303,35.998858],[129.1900488,35.9987801],[129.1900652,35.9987143],[129.1900888,35.9986439],[129.1901025,35.9986241],[129.1901308,35.9985812],[129.1901532,35.9985511],[129.1901703,35.9985301],[129.1901852,35.9985121],[129.1901981,35.9984954],[129.1902112,35.9984771],[129.1902232,35.9984507],[129.1902305,35.9984277],[129.1902411,35.9983946],[129.1902458,35.9983615],[129.1902465,35.9983234],[129.1902459,35.9982961],[129.1902456,35.9982793],[129.1902479,35.9982696],[129.1902588,35.9982546],[129.1902706,35.9982448],[129.1902817,35.9982371],[129.190297,35.9982274],[129.1903104,35.9982256]]]]}},{"type":"Feature","properties":{"UFID":"100035901008A00110100000004450437"},"geometry":{"type":"MultiPolygon","coordinates":[[[[129.19012,35.9969785],[129.1899297,35.9969329],[129.1897212,35.9968831],[129.1895465,35.9968423],[129.1894859,35.9968302],[129.1893922,35.9968131],[129.1892855,35.9967978],[129.1891851,35.9967874],[129.1890955,35.9967791],[129.1890209,35.9967737],[129.1889943,35.9967733],[129.1889936,35.9967971],[129.1890445,35.9968011],[129.1890993,35.9968081],[129.1891616,35.9968178],[129.1892323,35.9968287],[129.1893252,35.9968438],[129.1894348,35.9968604],[129.1895167,35.9968755],[129.189574,35.9968886],[129.1896354,35.9969038],[129.1896667,35.9969132],[129.1898685,35.9969637],[129.189902,35.9969695],[129.1900018,35.9969925],[129.1900799,35.9970136],[129.1900941,35.9970202],[129.190102,35.9970261],[129.19012,35.9969785]]]]}},{"type":"Feature","properties":{"UFID":"100035901008A00110100000004450438"},"geometry":{"type":"MultiPolygon","coordinates":[[[[129.1902985,35.9970633],[129.190102,35.9970261],[129.1901085,35.9970384],[129.1901109,35.9970534],[129.1901086,35.9970646],[129.190103,35.9970748],[129.1900933,35.9970832],[129.1900739,35.9970923],[129.190046,35.9971063],[129.1900667,35.9971276],[129.190157,35.9970801],[129.1901637,35.9970794],[129.1902615,35.9970697],[129.1902842,35.9970645],[129.1902918,35.9970635],[129.1902985,35.9970633]]]]}},{"type":"Feature","properties":{"UFID":"100035901008A00110100000004450439"},"geometry":{"type":"MultiPolygon","coordinates":[[[[129.1903122,35.9970269],[129.1901349,35.9969821],[129.19012,35.9969785],[129.190102,35.9970261],[129.1902985,35.9970633],[129.1903122,35.9970269]]]]}},{"type":"Feature","properties":{"UFID":"100035901008A00110100000004450440"},"geometry":{"type":"MultiPolygon","coordinates":[[[[129.1909597,35.9971823],[129.1909208,35.997173],[129.1907608,35.9971334],[129.190538,35.9970814],[129.190322,35.9970294],[129.1903122,35.9970269],[129.1902985,35.9970633],[129.1903157,35.9970655],[129.1903925,35.9970855],[129.1905718,35.9971311],[129.1908346,35.9971934],[129.1909102,35.9972121],[129.1909307,35.9972201],[129.1909448,35.9972291],[129.1909597,35.9971823]]]]}},{"type":"Feature","properties":{"UFID":"100035901008A00110100000004450441"},"geometry":{"type":"MultiPolygon","coordinates":[[[[129.1911605,35.9972307],[129.1910508,35.9972041],[129.1909597,35.9971823],[129.1909448,35.9972291],[129.1911444,35.997274],[129.1911605,35.9972307]]]]}},{"type":"Feature","properties":{"UFID":"100035901008A00110100000004450442"},"geometry":{"type":"MultiPolygon","coordinates":[[[[129.1911444,35.997274],[129.1909448,35.9972291],[129.190958,35.9972411],[129.1909849,35.9972727],[129.1910038,35.9973001],[129.191005,35.9973042],[129.1910057,35.9973114],[129.191002,35.9973359],[129.1909961,35.9974077],[129.1910353,35.9974036],[129.1910366,35.9973769],[129.1910415,35.9973471],[129.191043,35.9973351],[129.1910488,35.9973228],[129.1910547,35.9973114],[129.1910649,35.9973006],[129.191079,35.9972922],[129.1910945,35.997284],[129.1911108,35.9972788],[129.191126,35.9972751],[129.1911444,35.997274]]]]}},{"type":"Feature","properties":{"UFID":"100035901008A00110100000004450443"},"geometry":{"type":"MultiPolygon","coordinates":[[[[129.1916245,35.9973905],[129.1915148,35.9973627],[129.1915216,35.9973683],[129.1915283,35.9973806],[129.191545,35.9974214],[129.1915573,35.9974637],[129.1915703,35.9975197],[129.1915787,35.9975508],[129.1916133,35.9975568],[129.1916046,35.9975093],[129.1916004,35.9974867],[129.1915988,35.9974636],[129.1915971,35.9974439],[129.1916005,35.997422],[129.1916071,35.997405],[129.1916166,35.9973945],[129.1916245,35.9973905]]]]}},{"type":"Feature","properties":{"UFID":"100035901008A00110100000004450444"},"geometry":{"type":"MultiPolygon","coordinates":[[[[129.1916381,35.9973492],[129.1916007,35.9973401],[129.1915282,35.9973232],[129.1915148,35.9973627],[129.1916245,35.9973905],[129.1916381,35.9973492]]]]}},{"type":"Feature","properties":{"UFID":"100035901008A00110100000004450445"},"geometry":{"type":"MultiPolygon","coordinates":[[[[129.1915282,35.9973232],[129.1913883,35.9972905],[129.1911907,35.9972381],[129.1911605,35.9972307],[129.1911444,35.997274],[129.1911617,35.9972747],[129.1911836,35.9972774],[129.1912164,35.9972855],[129.1913219,35.9973114],[129.1914388,35.9973421],[129.1915076,35.9973603],[129.1915148,35.9973627],[129.1915282,35.9973232]]]]}},{"type":"Feature","properties":{"UFID":"100035901008A00110100000004450446"},"geometry":{"type":"MultiPolygon","coordinates":[[[[129.1875296,35.9997152],[129.1872077,35.9996432],[129.1871871,35.999728],[129.1873222,35.999743],[129.1873241,35.9997415],[129.1873344,35.9997383],[129.1873443,35.9997381],[129.1873635,35.999739],[129.1873787,35.9997422],[129.1873888,35.9997442],[129.1874682,35.9997667],[129.1875296,35.9997152]]]]}},{"type":"Feature","properties":{"UFID":"100035901008A00110100000004450447"},"geometry":{"type":"MultiPolygon","coordinates":[[[[129.1872077,35.9996432],[129.1871419,35.9996323],[129.1871205,35.9997194],[129.1871871,35.999728],[129.1872077,35.9996432]]]]}},{"type":"Feature","properties":{"UFID":"100035901008A00110100000004450448"},"geometry":{"type":"MultiPolygon","coordinates":[[[[129.1876259,35.9996291],[129.1875171,35.9995718],[129.1875075,35.9995772],[129.1874646,35.9995961],[129.1874047,35.9996146],[129.1873395,35.9996284],[129.1872826,35.9996356],[129.1872077,35.9996432],[129.1875296,35.9997152],[129.1875017,35.9996999],[129.1875024,35.9996944],[129.1875133,35.9996869],[129.1875355,35.9996765],[129.1875567,35.9996644],[129.1875798,35.9996531],[129.1876259,35.9996291]]]]}},{"type":"Feature","properties":{"UFID":"100035901008A00110100000004450449"},"geometry":{"type":"MultiPolygon","coordinates":[[[[129.1876713,35.9995821],[129.1876259,35.9996291],[129.1876385,35.9996317],[129.1876545,35.9996334],[129.1876785,35.9996366],[129.1877056,35.999638],[129.1877196,35.9996374],[129.1877393,35.9996356],[129.18776,35.9996336],[129.1877856,35.999615],[129.1878371,35.9995692],[129.187887,35.9995225],[129.187927,35.9994806],[129.1879572,35.9994532],[129.1879799,35.9994361],[129.1879922,35.9994267],[129.188008,35.9994184],[129.1880293,35.9994097],[129.1880474,35.9993989],[129.1880672,35.9993936],[129.1880827,35.9993908],[129.1881149,35.9993859],[129.1881496,35.9993799],[129.188194,35.9993712],[129.1882167,35.9993658],[129.1882374,35.9993595],[129.1882592,35.999352],[129.1882892,35.9993405],[129.1883058,35.999331],[129.1883259,35.9993189],[129.188343,35.9993052],[129.1883545,35.9992938],[129.1883614,35.9992828],[129.1883674,35.9992699],[129.1883773,35.9992545],[129.1883811,35.9992405],[129.1883844,35.9992161],[129.188384,35.9991925],[129.1883823,35.9991798],[129.1883792,35.9991441],[129.1883765,35.9991157],[129.1883736,35.9990935],[129.1883719,35.9990766],[129.1883705,35.9990614],[129.1883704,35.9990543],[129.1883714,35.9990393],[129.1883769,35.9990269],[129.1883901,35.9989996],[129.1884003,35.9989831],[129.1884195,35.9989668],[129.1884405,35.9989567],[129.1884576,35.9989562],[129.1885086,35.9989588],[129.1885003,35.9989261],[129.1884803,35.9989264],[129.1884592,35.9989286],[129.1884336,35.9989365],[129.1884083,35.9989513],[129.1883822,35.9989684],[129.1883621,35.998989],[129.1883466,35.9990412],[129.1883456,35.9990653],[129.1883515,35.9991016],[129.1883524,35.9991224],[129.1883549,35.999139],[129.1883568,35.9991582],[129.188359,35.9991873],[129.188355,35.9992247],[129.1883519,35.9992379],[129.1883432,35.9992591],[129.1883375,35.9992722],[129.1883324,35.9992816],[129.1883201,35.9992942],[129.1883021,35.9993083],[129.1882858,35.9993179],[129.1882504,35.9993299],[129.1882318,35.9993359],[129.1881836,35.999346],[129.1881128,35.9993603],[129.1880626,35.9993711],[129.1880236,35.9993783],[129.187999,35.9993875],[129.1879716,35.9994068],[129.1879258,35.9994455],[129.187875,35.9994883],[129.1878289,35.999535],[129.1877776,35.9995889],[129.1877672,35.9995957],[129.1877535,35.999603],[129.1877386,35.9996069],[129.1877204,35.999608],[129.1877046,35.9996073],[129.1876826,35.9995958],[129.1876777,35.999591],[129.1876713,35.9995821]]]]}},{"type":"Feature","properties":{"UFID":"100035901008A00110100000004450450"},"geometry":{"type":"MultiPolygon","coordinates":[[[[129.1876713,35.9995821],[129.1875639,35.9995298],[129.1875399,35.9995589],[129.1875171,35.9995718],[129.1876259,35.9996291],[129.1876713,35.9995821]]]]}},{"type":"Feature","properties":{"UFID":"100035901008A00110100000004450451"},"geometry":{"type":"MultiPolygon","coordinates":[[[[129.1882501,35.9982137],[129.1881756,35.9981952],[129.1881476,35.998234],[129.1881062,35.9982781],[129.1880763,35.9983188],[129.1880489,35.9983532],[129.1880309,35.9983892],[129.1880132,35.9984292],[129.1880047,35.9984737],[129.188005,35.9985164],[129.1880055,35.9985375],[129.1880063,35.9985613],[129.188009,35.9985887],[129.1880097,35.9986032],[129.1880098,35.9986181],[129.1880094,35.9986337],[129.1880069,35.9986553],[129.1879985,35.9986729],[129.1879796,35.9987061],[129.1879499,35.9987444],[129.1879133,35.9987823],[129.1878635,35.9988298],[129.1878586,35.9988335],[129.1877819,35.9989049],[129.1877366,35.9989501],[129.1877034,35.9989868],[129.1876771,35.9990236],[129.1876584,35.9990555],[129.1876329,35.9991042],[129.1876135,35.9991536],[129.1875958,35.9991933],[129.1875865,35.9992342],[129.1875913,35.9992859],[129.1875942,35.9993409],[129.1875955,35.9993557],[129.187596,35.9993757],[129.187596,35.9993973],[129.1875961,35.9994189],[129.1875959,35.9994361],[129.1875948,35.9994551],[129.1875896,35.9994762],[129.1875801,35.9995006],[129.1875643,35.9995294],[129.1875639,35.9995298],[129.1876713,35.9995821],[129.1876742,35.9995682],[129.187688,35.9995107],[129.1877,35.9994233],[129.1876941,35.9993433],[129.1876937,35.9993228],[129.1876918,35.9992082],[129.1877057,35.9991149],[129.1877432,35.9990477],[129.1878183,35.9989622],[129.187886,35.9989041],[129.1879001,35.998892],[129.1879189,35.998877],[129.1879378,35.9988619],[129.1879475,35.9988536],[129.1880357,35.9987664],[129.1880675,35.998724],[129.1880717,35.9987124],[129.1880777,35.9986885],[129.1880822,35.9986664],[129.1880848,35.9986402],[129.1880831,35.9986118],[129.1880795,35.9985848],[129.1880769,35.9985569],[129.1880756,35.9985247],[129.1880764,35.998494],[129.1880779,35.9984656],[129.1880813,35.9984464],[129.1880873,35.9984164],[129.1881014,35.9983862],[129.1881495,35.9983139],[129.1882412,35.9982182],[129.1882501,35.9982137]]]]}},{"type":"Feature","properties":{"UFID":"100035901008A00110100000004450452"},"geometry":{"type":"MultiPolygon","coordinates":[[[[129.1865179,35.9988461],[129.1865398,35.9987134],[129.1865501,35.9986397],[129.1865725,35.9985026],[129.1866126,35.998246],[129.1866284,35.9981423],[129.1866626,35.9979273],[129.1866762,35.9978677],[129.1866953,35.9978346],[129.1867248,35.9978143],[129.1866323,35.9978037],[129.1866459,35.9978242],[129.1866315,35.9979154],[129.1866298,35.9979231],[129.1865954,35.9981389],[129.1865795,35.9982426],[129.1865394,35.9984991],[129.186517,35.9986364],[129.1865068,35.99871],[129.1864824,35.9988581],[129.1865179,35.9988461]]]]}},{"type":"Feature","properties":{"UFID":"100035901008A00110100000004450453"},"geometry":{"type":"MultiPolygon","coordinates":[[[[129.1869617,35.9996086],[129.1868737,35.9995989],[129.1866512,35.9995817],[129.1865168,35.9995842],[129.186527,35.9996625],[129.1865323,35.9996607],[129.1865454,35.9996601],[129.186599,35.9996609],[129.1866643,35.9996619],[129.1867228,35.9996668],[129.1868924,35.9996866],[129.1869454,35.9996935],[129.1869617,35.9996086]]]]}},{"type":"Feature","properties":{"UFID":"100035901008A00110100000004450454"},"geometry":{"type":"MultiPolygon","coordinates":[[[[129.1871419,35.9996323],[129.1869617,35.9996086],[129.1869454,35.9996935],[129.1871205,35.9997194],[129.1871419,35.9996323]]]]}},{"type":"Feature","properties":{"UFID":"100035901008A00110100000004450455"},"geometry":{"type":"MultiPolygon","coordinates":[[[[129.1882793,35.9976895],[129.1882055,35.9977566],[129.1883042,35.9977617],[129.1884494,35.9977884],[129.1886884,35.9978292],[129.1890373,35.9978891],[129.1890387,35.9978897],[129.189043,35.9978938],[129.1890429,35.9978985],[129.1890421,35.9979017],[129.18904,35.9979046],[129.1895015,35.9979489],[129.1895012,35.9979466],[129.1895126,35.9978954],[129.1892182,35.9978458],[129.1887188,35.9977655],[129.1885256,35.9977205],[129.1885178,35.99772],[129.1885087,35.9977229],[129.1884875,35.9977302],[129.1884648,35.9977348],[129.1884472,35.9977379],[129.1884276,35.99774],[129.188407,35.9977399],[129.1883865,35.9977381],[129.1883605,35.9977348],[129.1883294,35.9977276],[129.1883065,35.9977191],[129.1882929,35.9977098],[129.1882883,35.997706],[129.1882793,35.9976895]]]]}},{"type":"Feature","properties":{"UFID":"100035901008A00110100000004450456"},"geometry":{"type":"MultiPolygon","coordinates":[[[[129.1882055,35.9977566],[129.188182,35.9977266],[129.1881718,35.9977319],[129.1881508,35.9977368],[129.1881398,35.9977373],[129.1881819,35.9977784],[129.1882055,35.9977566]]]]}},{"type":"Feature","properties":{"UFID":"100035901008A00110100000004450457"},"geometry":{"type":"MultiPolygon","coordinates":[[[[129.1881819,35.9977784],[129.1881398,35.9977373],[129.1881311,35.9977376],[129.1881269,35.9977376],[129.1880741,35.9977876],[129.188161,35.9977976],[129.1881819,35.9977784]]]]}},{"type":"Feature","properties":{"UFID":"100035901008A00110100000004450458"},"geometry":{"type":"MultiPolygon","coordinates":[[[[129.1886489,35.9980595],[129.188267,35.9979961],[129.1883668,35.9980354],[129.1883833,35.9980693],[129.1883613,35.9981086],[129.188338,35.9981176],[129.1883918,35.9981519],[129.1884869,35.9981177],[129.1885981,35.9980634],[129.1886489,35.9980595]]]]}},{"type":"Feature","properties":{"UFID":"100035901008A00110100000004450459"},"geometry":{"type":"MultiPolygon","coordinates":[[[[129.1883918,35.9981519],[129.188338,35.9981176],[129.1881756,35.9981952],[129.1882501,35.9982137],[129.1883246,35.998176],[129.1883918,35.9981519]]]]}},{"type":"Feature","properties":{"UFID":"100035901008A00110100000004450460"},"geometry":{"type":"MultiPolygon","coordinates":[[[[129.1924246,35.9994056],[129.1924135,35.9993847],[129.1924046,35.999322],[129.1923321,35.9990056],[129.1921916,35.9983242],[129.1921915,35.9982966],[129.1922566,35.9982052],[129.1918457,35.9982505],[129.1919735,35.9983514],[129.1921194,35.9990108],[129.192203,35.9994103],[129.1924246,35.9994056]]]]}},{"type":"Feature","properties":{"UFID":"100035901008A00110100000004450461"},"geometry":{"type":"MultiPolygon","coordinates":[[[[129.1935325,35.997739],[129.1934437,35.9977204],[129.1934453,35.9977359],[129.1934452,35.997752],[129.1934439,35.9977593],[129.1935446,35.9977608],[129.1935408,35.9977568],[129.1935325,35.997739]]]]}},{"type":"Feature","properties":{"UFID":"100035901008A00110100000004450462"},"geometry":{"type":"MultiPolygon","coordinates":[[[[129.1935921,35.9977967],[129.1935492,35.9977646],[129.1935446,35.9977608],[129.1934439,35.9977593],[129.1934435,35.9977613],[129.1934353,35.9977967],[129.1934284,35.9978075],[129.1934179,35.9978142],[129.1935921,35.9977967]]]]}},{"type":"Feature","properties":{"UFID":"100035901008A00110100000004450463"},"geometry":{"type":"MultiPolygon","coordinates":[[[[129.1934437,35.9977204],[129.1935325,35.997739],[129.1934921,35.9976521],[129.1934853,35.9976319],[129.1934733,35.9975963],[129.1934061,35.9976206],[129.1934153,35.9976391],[129.1934334,35.997682],[129.1934429,35.9977131],[129.1934437,35.9977204]]]]}},{"type":"Feature","properties":{"UFID":"100035901008A00110100000004450464"},"geometry":{"type":"MultiPolygon","coordinates":[[[[129.1949272,35.9975925],[129.1949971,35.9975533],[129.1949226,35.9975644],[129.194801,35.9975791],[129.1946395,35.9976003],[129.1945172,35.9976203],[129.1943989,35.9976359],[129.1942706,35.9976584],[129.1941636,35.9976704],[129.1941425,35.9976822],[129.1941424,35.9976829],[129.1940888,35.997691],[129.1939912,35.9977065],[129.1939023,35.9977202],[129.1938054,35.9977345],[129.1936401,35.9977586],[129.1936348,35.9977584],[129.1935325,35.997739],[129.1935408,35.9977568],[129.1935446,35.9977608],[129.1936064,35.9977817],[129.1936194,35.9977833],[129.1936354,35.9977833],[129.193762,35.9977653],[129.1938766,35.9977501],[129.1940315,35.9977287],[129.1941789,35.9977029],[129.1942941,35.9976886],[129.1944364,35.997668],[129.1945692,35.9976471],[129.1946232,35.9976385],[129.194627,35.9976343],[129.1946269,35.9976319],[129.1946877,35.9976232],[129.1948462,35.9976032],[129.1949272,35.9975925]]]]}},{"type":"Feature","properties":{"UFID":"100035901008A00110100000004450465"},"geometry":{"type":"MultiPolygon","coordinates":[[[[129.1932576,35.9978395],[129.1932504,35.9978377],[129.1932375,35.9978309],[129.1931908,35.9977997],[129.1931517,35.9977766],[129.1931169,35.9977551],[129.193082,35.9977371],[129.1930439,35.9977219],[129.1929831,35.9977006],[129.1929098,35.997673],[129.1928277,35.9976483],[129.1927338,35.9976212],[129.1925978,35.997584],[129.1924419,35.9975452],[129.1922767,35.9975058],[129.1921046,35.997461],[129.1919517,35.9974255],[129.1917756,35.9973825],[129.1916381,35.9973492],[129.1916245,35.9973905],[129.1916397,35.9973902],[129.1916714,35.9973986],[129.1917725,35.9974225],[129.191887,35.9974502],[129.1920248,35.997484],[129.192136,35.9975129],[129.1922516,35.9975412],[129.1923621,35.9975678],[129.1924694,35.9975929],[129.1925525,35.9976153],[129.1926284,35.9976358],[129.1926867,35.9976548],[129.1927421,35.9976733],[129.1927871,35.9976858],[129.1928558,35.9977104],[129.1929195,35.9977303],[129.1929914,35.9977538],[129.1930443,35.9977748],[129.1930942,35.9978011],[129.1931291,35.9978233],[129.1931459,35.9978386],[129.1931487,35.9978453],[129.1931487,35.9978479],[129.1931487,35.9978523],[129.1931461,35.9978576],[129.1932576,35.9978395]]]]}},{"type":"Feature","properties":{"UFID":"100035901008A00110100000004450466"},"geometry":{"type":"MultiPolygon","coordinates":[[[[129.1948572,35.9966963],[129.194803,35.996643],[129.1947258,35.9966615],[129.194698,35.9967749],[129.1948572,35.9966963]]]]}},{"type":"Feature","properties":{"UFID":"100035901008A00110100000004450467"},"geometry":{"type":"MultiPolygon","coordinates":[[[[129.1953786,35.9974004],[129.1953638,35.9973989],[129.1948636,35.9967093],[129.1948572,35.9966963],[129.194698,35.9967749],[129.1947119,35.9967869],[129.1952078,35.9974665],[129.1952103,35.9974692],[129.1953786,35.9974004]]]]}},{"type":"Feature","properties":{"UFID":"100035901008A00110100000004450468"},"geometry":{"type":"MultiPolygon","coordinates":[[[[129.194698,35.9967749],[129.1947258,35.9966615],[129.194613,35.9966827],[129.1945923,35.9967105],[129.1945832,35.996716],[129.1942961,35.9967784],[129.1940907,35.9968024],[129.1939964,35.9968002],[129.1938376,35.9967836],[129.1934385,35.9966809],[129.1925135,35.9963486],[129.1923176,35.9962783],[129.1916571,35.99614],[129.1908337,35.9960309],[129.1907133,35.9960148],[129.189928,35.9959171],[129.189375,35.9958275],[129.188865,35.9957201],[129.1886626,35.9956521],[129.188508,35.9955886],[129.1884331,35.9955294],[129.1884099,35.9955488],[129.1884884,35.9956109],[129.1886488,35.9956766],[129.1888545,35.9957458],[129.1893675,35.9958538],[129.1899222,35.9959437],[129.190708,35.9960416],[129.1908283,35.9960575],[129.1916503,35.9961665],[129.1923067,35.9963039],[129.1925001,35.9963734],[129.1934271,35.9967063],[129.1938124,35.9968215],[129.1939139,35.9968387],[129.1940514,35.996848],[129.1941561,35.9968422],[129.194259,35.9968328],[129.1943887,35.9968123],[129.1944954,35.9967894],[129.1945204,35.9967661],[129.1945968,35.9967656],[129.194609,35.9967866],[129.1946922,35.9967719],[129.194698,35.9967749]]]]}},{"type":"Feature","properties":{"UFID":"100035901008A00110100000004450469"},"geometry":{"type":"MultiPolygon","coordinates":[[[[129.18769,35.9976111],[129.1876824,35.9975773],[129.1876776,35.99758],[129.1876603,35.9975847],[129.1876091,35.997589],[129.1875491,35.997601],[129.1873353,35.9975905],[129.1872493,35.9975838],[129.1871806,35.9975768],[129.1871287,35.9975719],[129.187074,35.9975662],[129.1870199,35.9975599],[129.186977,35.9975549],[129.1869539,35.9975525],[129.1869507,35.9975893],[129.1869524,35.9975875],[129.1869562,35.997586],[129.186962,35.9975847],[129.1870488,35.9975878],[129.1872526,35.9976083],[129.1875328,35.997639],[129.1876251,35.9976484],[129.1876376,35.9976481],[129.1876447,35.9976455],[129.1876487,35.9976412],[129.187651,35.9976378],[129.1876503,35.9976333],[129.1876469,35.9976267],[129.1876225,35.9976213],[129.1876248,35.9976149],[129.1876453,35.9976121],[129.18769,35.9976111]]]]}},{"type":"Feature","properties":{"UFID":"100035901008A00110100000004450470"},"geometry":{"type":"MultiPolygon","coordinates":[[[[129.1869507,35.9975893],[129.1869539,35.9975525],[129.1869359,35.9975507],[129.1868907,35.9975489],[129.186794,35.9975477],[129.1868014,35.997615],[129.1869507,35.9975893]]]]}},{"type":"Feature","properties":{"UFID":"100035901008A00110100000004450471"},"geometry":{"type":"MultiPolygon","coordinates":[[[[129.1869507,35.9975893],[129.1868014,35.997615],[129.1869351,35.9976306],[129.1871358,35.9976778],[129.1873957,35.9977077],[129.1873647,35.997694],[129.1873569,35.9976905],[129.1871963,35.9976596],[129.187009,35.9976008],[129.1869535,35.9975927],[129.186951,35.9975916],[129.1869507,35.9975893]]]]}},{"type":"Feature","properties":{"UFID":"100035901008A00110100000004450472"},"geometry":{"type":"MultiPolygon","coordinates":[[[[129.1882793,35.9976895],[129.1882234,35.9976693],[129.1882049,35.9977029],[129.1881887,35.9977231],[129.188182,35.9977266],[129.1882055,35.9977566],[129.1882793,35.9976895]]]]}},{"type":"Feature","properties":{"UFID":"100035901008A00110100000004450473"},"geometry":{"type":"MultiPolygon","coordinates":[[[[129.1879733,35.9976552],[129.1879232,35.9975809],[129.1878756,35.9976464],[129.1879301,35.9977083],[129.1879733,35.9976552]]]]}},{"type":"Feature","properties":{"UFID":"100035901008A00110100000004450474"},"geometry":{"type":"MultiPolygon","coordinates":[[[[129.186794,35.9975477],[129.186703,35.9975466],[129.1866074,35.9975431],[129.1865939,35.9975429],[129.1866141,35.9976169],[129.1866665,35.997608],[129.1868014,35.997615],[129.186794,35.9975477]]]]}},{"type":"Feature","properties":{"UFID":"100035901008A00110100000004450475"},"geometry":{"type":"MultiPolygon","coordinates":[[[[129.1879144,35.9967267],[129.187905,35.9967175],[129.1878389,35.9966597],[129.1877456,35.9965806],[129.187599,35.9964567],[129.1874959,35.9963732],[129.1874476,35.9963345],[129.1874175,35.9963088],[129.1872191,35.9961376],[129.1870139,35.9959639],[129.1868418,35.9958207],[129.1868274,35.9958083],[129.1867962,35.9958328],[129.1868189,35.9958403],[129.18699,35.9959827],[129.187195,35.9961562],[129.1873933,35.9963274],[129.1874236,35.9963533],[129.1874602,35.9963838],[129.1875357,35.9964436],[129.1875752,35.9964756],[129.1877216,35.9965993],[129.1878147,35.9966782],[129.18788,35.9967353],[129.1878894,35.9967445],[129.1879144,35.9967267]]]]}},{"type":"Feature","properties":{"UFID":"100035901008A00110100000004450476"},"geometry":{"type":"MultiPolygon","coordinates":[[[[129.1889936,35.9967971],[129.1889943,35.9967733],[129.1889308,35.9967725],[129.1888411,35.9967721],[129.1887694,35.9967762],[129.1887119,35.9967839],[129.188669,35.996794],[129.1886386,35.996805],[129.1886036,35.9968238],[129.1885764,35.9968477],[129.1885526,35.9968758],[129.1885205,35.996928],[129.1884845,35.9969862],[129.1884385,35.9970693],[129.1883972,35.9971514],[129.1883614,35.9972222],[129.1883363,35.9972826],[129.1883115,35.9973485],[129.1882891,35.997425],[129.1882649,35.9975143],[129.1882459,35.9975802],[129.1882365,35.9976302],[129.1882234,35.9976693],[129.1882793,35.9976895],[129.1882758,35.9976691],[129.1882736,35.9976445],[129.1882783,35.9976095],[129.1882891,35.9975537],[129.1883021,35.9974843],[129.1883193,35.9974232],[129.1883426,35.9973471],[129.1883686,35.9972785],[129.1883985,35.9972093],[129.1884363,35.9971384],[129.1884691,35.9970682],[129.1885061,35.9970011],[129.1885399,35.9969435],[129.1885631,35.9969076],[129.1885848,35.9968798],[129.1886056,35.9968599],[129.1886277,35.9968427],[129.1886614,35.9968274],[129.1886955,35.9968147],[129.1887371,35.9968059],[129.1887825,35.9968019],[129.1888198,35.9967984],[129.1888836,35.9967959],[129.188931,35.9967947],[129.1889867,35.9967965],[129.1889936,35.9967971]]]]}},{"type":"Feature","properties":{"UFID":"100035901008A00110100000004450477"},"geometry":{"type":"MultiPolygon","coordinates":[[[[129.1879232,35.9975809],[129.1879123,35.9975828],[129.1878984,35.997584],[129.1878766,35.9975821],[129.1878306,35.9975763],[129.1877181,35.9975596],[129.1877114,35.9975596],[129.1877046,35.9975629],[129.1876877,35.9975743],[129.1876824,35.9975773],[129.18769,35.9976111],[129.1877087,35.9976107],[129.1877844,35.9976131],[129.1878017,35.9976155],[129.1878138,35.9976175],[129.1878654,35.9976392],[129.1878721,35.9976423],[129.1878756,35.9976464],[129.1879232,35.9975809]]]]}},{"type":"Feature","properties":{"UFID":"100035901008A00110100000004450478"},"geometry":{"type":"MultiPolygon","coordinates":[[[[129.1879658,35.9967793],[129.1879268,35.9967387],[129.1879144,35.9967267],[129.1878894,35.9967445],[129.1878899,35.9967484],[129.1879198,35.9967987],[129.1879658,35.9967793]]]]}},{"type":"Feature","properties":{"UFID":"100035901008A00110100000004450479"},"geometry":{"type":"MultiPolygon","coordinates":[[[[129.1880331,35.9975026],[129.1880021,35.9974907],[129.1879912,35.9975158],[129.1879638,35.9975546],[129.1879405,35.9975718],[129.1879232,35.9975809],[129.1879733,35.9976552],[129.1879794,35.9976378],[129.1879885,35.9976141],[129.1880171,35.9975452],[129.1880331,35.9975026]]]]}},{"type":"Feature","properties":{"UFID":"100035901008A00110100000004450480"},"geometry":{"type":"MultiPolygon","coordinates":[[[[129.1878899,35.9967484],[129.1878878,35.9967518],[129.1878823,35.9967541],[129.1878764,35.9967541],[129.1878685,35.996753],[129.1878385,35.9967384],[129.1877546,35.9967107],[129.1877454,35.9967389],[129.1878022,35.9967571],[129.187841,35.9967715],[129.187861,35.9967798],[129.1878906,35.9967899],[129.1879198,35.9967987],[129.1878899,35.9967484]]]]}},{"type":"Feature","properties":{"UFID":"100035901008A00110100000004450481"},"geometry":{"type":"MultiPolygon","coordinates":[[[[129.1881269,35.9977376],[129.1881151,35.9977375],[129.1880947,35.9977329],[129.1879822,35.9976825],[129.187978,35.9976797],[129.1879735,35.9976736],[129.1879735,35.997673],[129.1879732,35.9976661],[129.1879733,35.9976552],[129.1879301,35.9977083],[129.1879497,35.9977096],[129.1880648,35.9977611],[129.1880741,35.9977876],[129.1881269,35.9977376]]]]}},{"type":"Feature","properties":{"UFID":"100035901008A00110100000004450482"},"geometry":{"type":"MultiPolygon","coordinates":[[[[129.1880949,35.9970661],[129.1880624,35.9970718],[129.1880699,35.9971044],[129.1880771,35.9971516],[129.1880787,35.9971956],[129.1880771,35.9972388],[129.1880701,35.9972866],[129.188059,35.9973335],[129.18804,35.9973913],[129.1880065,35.9974806],[129.1880021,35.9974907],[129.1880331,35.9975026],[129.1880381,35.997489],[129.188072,35.9973987],[129.1880915,35.9973396],[129.188103,35.9972907],[129.1881104,35.9972408],[129.188112,35.9971956],[129.1881103,35.9971495],[129.1881028,35.9971002],[129.1880949,35.9970661]]]]}},{"type":"Feature","properties":{"UFID":"100035901008A00110100000004450483"},"geometry":{"type":"MultiPolygon","coordinates":[[[[129.1880814,35.9970165],[129.1880599,35.9969483],[129.188037,35.9968912],[129.1880125,35.9968458],[129.1879894,35.9968102],[129.1879658,35.9967793],[129.1879198,35.9967987],[129.1879373,35.9968074],[129.1879627,35.9968271],[129.1879825,35.9968575],[129.1880059,35.9969008],[129.188028,35.9969558],[129.1880518,35.9970315],[129.1880814,35.9970165]]]]}},{"type":"Feature","properties":{"UFID":"100035901008A00110100000004450484"},"geometry":{"type":"MultiPolygon","coordinates":[[[[129.1880949,35.9970661],[129.1880814,35.9970165],[129.1880518,35.9970315],[129.1880564,35.9970464],[129.1880624,35.9970718],[129.1880949,35.9970661]]]]}},{"type":"Feature","properties":{"UFID":"100035901008A00110100000004450485"},"geometry":{"type":"MultiPolygon","coordinates":[[[[129.1880814,35.9970165],[129.1880949,35.9970661],[129.1881282,35.997016],[129.1881856,35.9969491],[129.188209,35.9969294],[129.1882291,35.9969209],[129.1882367,35.9969187],[129.1882461,35.9969186],[129.1882584,35.9969204],[129.1882891,35.9969307],[129.1883091,35.9968871],[129.1882754,35.9968721],[129.188262,35.9968691],[129.1882478,35.9968682],[129.1882308,35.9968699],[129.1882192,35.9968743],[129.1882015,35.9968886],[129.1881492,35.996945],[129.1880814,35.9970165]]]]}},{"type":"Feature","properties":{"UFID":"100035901008A00110100000004450486"},"geometry":{"type":"MultiPolygon","coordinates":[[[[129.1810341,35.9954807],[129.1811897,35.9955399],[129.1811904,35.9955372],[129.1811953,35.9955176],[129.1811995,35.9955001],[129.1812039,35.9954895],[129.181212,35.9954885],[129.1812348,35.9954869],[129.1812557,35.995483],[129.1812766,35.9954735],[129.1812948,35.9954627],[129.1813063,35.9954532],[129.1813521,35.9954016],[129.1814361,35.9953074],[129.18153,35.9952018],[129.1816334,35.9950798],[129.1817426,35.9949579],[129.1818066,35.9948857],[129.1818867,35.994792],[129.1819745,35.9946934],[129.1820518,35.9946027],[129.1821036,35.9945459],[129.1821331,35.994515],[129.1821463,35.9945044],[129.1821209,35.9944904],[129.1820501,35.9945661],[129.1819264,35.9947005],[129.1818145,35.9948268],[129.1817281,35.9949273],[129.1815782,35.9950973],[129.1814751,35.9952184],[129.1814066,35.9952974],[129.181367,35.995339],[129.1813392,35.9953672],[129.1813115,35.9953924],[129.1812821,35.9954163],[129.1812521,35.9954338],[129.18122,35.9954503],[129.1811934,35.9954597],[129.1811426,35.9954698],[129.1810734,35.9954809],[129.1810341,35.9954807]]]]}},{"type":"Feature","properties":{"UFID":"100035901008A00110100000004450487"},"geometry":{"type":"MultiPolygon","coordinates":[[[[129.18346,35.9916424],[129.183406,35.9916314],[129.1831684,35.9915787],[129.1831596,35.9916048],[129.1833976,35.9916575],[129.183457,35.9916696],[129.18346,35.9916424]]]]}},{"type":"Feature","properties":{"UFID":"100035901008A00110100000004450488"},"geometry":{"type":"MultiPolygon","coordinates":[[[[129.1835158,35.992559],[129.1834058,35.9925174],[129.1832444,35.992471],[129.1831427,35.9924426],[129.1831127,35.9924345],[129.1830998,35.9924595],[129.1831321,35.9924682],[129.1832334,35.9924966],[129.1833932,35.9925425],[129.1834764,35.992574],[129.1834917,35.9925853],[129.1834945,35.9925894],[129.1835158,35.992559]]]]}},{"type":"Feature","properties":{"UFID":"100035901008A00110100000004450489"},"geometry":{"type":"MultiPolygon","coordinates":[[[[129.1831127,35.9924345],[129.1829655,35.9923947],[129.1829533,35.9924199],[129.1830998,35.9924595],[129.1831127,35.9924345]]]]}},{"type":"Feature","properties":{"UFID":"100035901008A00110100000004450490"},"geometry":{"type":"MultiPolygon","coordinates":[[[[129.1852178,35.9942545],[129.1851394,35.9941598],[129.1851428,35.9941763],[129.185142,35.9941848],[129.1851372,35.9941951],[129.1851315,35.9942014],[129.185115,35.9942073],[129.1850945,35.9942112],[129.1850602,35.9942132],[129.1850175,35.9942141],[129.1849631,35.9942149],[129.1849333,35.9942147],[129.1848637,35.994218],[129.1848162,35.9942263],[129.1847698,35.9942306],[129.1847083,35.9942339],[129.1846907,35.994234],[129.1846328,35.994219],[129.1845284,35.9941827],[129.1844083,35.9941351],[129.1842734,35.9940834],[129.1841681,35.9940469],[129.1840537,35.9940115],[129.183922,35.9939747],[129.1837694,35.9939406],[129.1836665,35.9939148],[129.183556,35.9938835],[129.1834872,35.993859],[129.183363,35.9938219],[129.1832246,35.9937819],[129.1831085,35.993751],[129.1829926,35.9937219],[129.1828915,35.9936986],[129.1827701,35.9936688],[129.1826583,35.9936398],[129.1825727,35.9936239],[129.1825622,35.9936223],[129.1825118,35.9936162],[129.1824735,35.9936133],[129.1824065,35.9936152],[129.1823496,35.993622],[129.1822941,35.9936311],[129.1822316,35.9936447],[129.1821644,35.9936617],[129.1821055,35.9936739],[129.1820469,35.9936814],[129.1820238,35.9936834],[129.1819559,35.9936879],[129.1818953,35.9936941],[129.1818097,35.99371],[129.1817858,35.9937153],[129.1817278,35.9937297],[129.1816729,35.9937474],[129.1816218,35.9937667],[129.1815851,35.993779],[129.1815481,35.9937849],[129.1815013,35.993789],[129.1814663,35.9937918],[129.1814374,35.9937965],[129.1814119,35.9938039],[129.1813862,35.9938167],[129.1813451,35.9938401],[129.1813448,35.9938404],[129.1813653,35.9938616],[129.1814045,35.9938393],[129.1814263,35.9938284],[129.1814463,35.9938227],[129.1814712,35.9938186],[129.1815047,35.9938159],[129.1815531,35.9938117],[129.1815947,35.993805],[129.1816351,35.9937915],[129.1816861,35.9937723],[129.1817389,35.9937552],[129.181795,35.9937413],[129.1818178,35.9937362],[129.1819011,35.9937208],[129.1819594,35.9937148],[129.1820269,35.9937103],[129.1820512,35.9937082],[129.1821122,35.9937004],[129.1821735,35.9936877],[129.1822408,35.9936707],[129.1823018,35.9936575],[129.1823553,35.9936486],[129.1824095,35.9936421],[129.1824725,35.9936404],[129.1825078,35.993643],[129.1825567,35.993649],[129.1825666,35.9936505],[129.1827318,35.9936871],[129.1828791,35.9937247],[129.1830562,35.9937663],[129.1832135,35.9938104],[129.1833365,35.9938443],[129.1834763,35.9938855],[129.1835668,35.9939171],[129.1836976,35.9939534],[129.1838408,35.9939861],[129.1839566,35.9940156],[129.1840868,35.9940549],[129.184268,35.9941164],[129.1843392,35.9941421],[129.1844509,35.9941836],[129.1845331,35.9942159],[129.1845912,35.994238],[129.1846429,35.9942548],[129.1846702,35.9942618],[129.1846827,35.9942639],[129.1847054,35.9942658],[129.1847205,35.9942661],[129.1847798,35.9942627],[129.1848536,35.9942482],[129.1849334,35.9942416],[129.1849673,35.9942445],[129.1850173,35.9942467],[129.1850691,35.9942465],[129.1851171,35.9942459],[129.1851594,35.9942442],[129.1851903,35.994243],[129.1852034,35.9942447],[129.1852178,35.9942545]]]]}},{"type":"Feature","properties":{"UFID":"100035901008A00110100000004450491"},"geometry":{"type":"MultiPolygon","coordinates":[[[[129.1831684,35.9915787],[129.1831382,35.991572],[129.1829195,35.9915091],[129.182662,35.9914344],[129.1823059,35.9913357],[129.1819815,35.9912429],[129.1817109,35.9911529],[129.1813508,35.9910199],[129.181165,35.9909541],[129.1809829,35.9908831],[129.1807108,35.990745],[129.1805001,35.9906149],[129.1804697,35.9905943],[129.1804466,35.990614],[129.1804794,35.9906361],[129.1806918,35.9907673],[129.1809669,35.9909069],[129.1811512,35.9909787],[129.1813372,35.9910446],[129.1816977,35.9911777],[129.1819697,35.9912682],[129.182295,35.9913612],[129.182651,35.9914599],[129.1829083,35.9915345],[129.1831283,35.9915979],[129.1831596,35.9916048],[129.1831684,35.9915787]]]]}},{"type":"Feature","properties":{"UFID":"100035901008A00110100000004450492"},"geometry":{"type":"MultiPolygon","coordinates":[[[[129.1851668,35.9941445],[129.1851586,35.9941345],[129.1849364,35.9938648],[129.184718,35.9935918],[129.1846742,35.9935389],[129.1846185,35.9934735],[129.1845855,35.9934923],[129.1846088,35.9935096],[129.1846467,35.9935541],[129.1846902,35.9936068],[129.1849087,35.9938797],[129.185131,35.9941496],[129.1851394,35.9941598],[129.1851668,35.9941445]]]]}},{"type":"Feature","properties":{"UFID":"100035901008A00110100000004450493"},"geometry":{"type":"MultiPolygon","coordinates":[[[[129.1852471,35.9942414],[129.1851668,35.9941445],[129.1851394,35.9941598],[129.1852178,35.9942545],[129.1852471,35.9942414]]]]}},{"type":"Feature","properties":{"UFID":"100035901008A00110100000004450494"},"geometry":{"type":"MultiPolygon","coordinates":[[[[129.1846185,35.9934735],[129.1845782,35.9934262],[129.1845587,35.9934009],[129.1845307,35.9934155],[129.1845855,35.9934923],[129.1846185,35.9934735]]]]}},{"type":"Feature","properties":{"UFID":"100035901008A00110100000004450495"},"geometry":{"type":"MultiPolygon","coordinates":[[[[129.1835772,35.9925857],[129.1835464,35.9925706],[129.1835158,35.992559],[129.1834945,35.9925894],[129.1835517,35.9926198],[129.1835772,35.9925857]]]]}},{"type":"Feature","properties":{"UFID":"100035901008A00110100000004450496"},"geometry":{"type":"MultiPolygon","coordinates":[[[[129.1835517,35.9926198],[129.1834945,35.9925894],[129.1834938,35.992599],[129.1834505,35.9926609],[129.1834965,35.9926786],[129.1835416,35.9926224],[129.1835517,35.9926198]]]]}},{"type":"Feature","properties":{"UFID":"100035901008A00110100000004450497"},"geometry":{"type":"MultiPolygon","coordinates":[[[[129.1845587,35.9934009],[129.1845401,35.9933768],[129.1842847,35.9930796],[129.1842057,35.9929955],[129.1841149,35.9929157],[129.1840088,35.9928293],[129.1838829,35.9927452],[129.1837851,35.9926866],[129.1836489,35.9926206],[129.1835772,35.9925857],[129.1835517,35.9926198],[129.1835889,35.9926229],[129.1836318,35.9926438],[129.1837666,35.9927092],[129.1838624,35.9927666],[129.1839864,35.9928494],[129.1840909,35.9929344],[129.1841794,35.9930122],[129.1841897,35.9930443],[129.18421,35.9931134],[129.184231,35.9931438],[129.1843312,35.9932536],[129.1843389,35.9932602],[129.1844443,35.9933126],[129.1845124,35.9933918],[129.1845307,35.9934155],[129.1845587,35.9934009]]]]}},{"type":"Feature","properties":{"UFID":"100035901008A00110100000004450498"},"geometry":{"type":"MultiPolygon","coordinates":[[[[129.1845855,35.9934923],[129.1845307,35.9934155],[129.184529,35.9934294],[129.1845244,35.9934353],[129.1844758,35.9934595],[129.1845101,35.9935078],[129.1845557,35.9934891],[129.1845688,35.9934875],[129.1845855,35.9934923]]]]}},{"type":"Feature","properties":{"UFID":"100035901008A00110100000004450499"},"geometry":{"type":"MultiPolygon","coordinates":[[[[129.1884331,35.9955294],[129.1884119,35.9955125],[129.1881313,35.9952904],[129.1872857,35.994479],[129.1860882,35.9933835],[129.185735,35.9930348],[129.1855521,35.9928548],[129.1849512,35.9922633],[129.1847784,35.9921062],[129.1847628,35.9920934],[129.1844514,35.9918938],[129.1843307,35.991826],[129.1842633,35.9918014],[129.1841996,35.9917809],[129.1840017,35.9917452],[129.183748,35.991701],[129.18346,35.9916424],[129.183457,35.9916696],[129.1837405,35.9917274],[129.1839947,35.9917716],[129.1841898,35.9918069],[129.1842504,35.9918263],[129.1843142,35.9918497],[129.1844317,35.9919156],[129.1847406,35.9921136],[129.1847541,35.9921247],[129.184926,35.9922809],[129.1855264,35.992872],[129.1857093,35.9930519],[129.186063,35.9934012],[129.1872606,35.9944967],[129.1881069,35.9953089],[129.1883886,35.9955319],[129.1884099,35.9955488],[129.1884331,35.9955294]]]]}},{"type":"Feature","properties":{"UFID":"100035901008A00110100000004450500"},"geometry":{"type":"MultiPolygon","coordinates":[[[[129.1867962,35.9958328],[129.1867436,35.9957871],[129.1867424,35.9957963],[129.186735,35.9958051],[129.1867067,35.9958358],[129.1866682,35.9958642],[129.18666,35.9958686],[129.1866764,35.9958922],[129.1866887,35.9958857],[129.1867474,35.9958422],[129.1867738,35.9958347],[129.186788,35.9958323],[129.1867962,35.9958328]]]]}},{"type":"Feature","properties":{"UFID":"100035901008A00110100000004450501"},"geometry":{"type":"MultiPolygon","coordinates":[[[[129.1867742,35.9957632],[129.1866541,35.9956628],[129.1864519,35.9954832],[129.1862819,35.9953319],[129.1860497,35.9951165],[129.1859053,35.9949715],[129.18575,35.9948116],[129.185596,35.9946525],[129.1854763,35.9945207],[129.1853464,35.9943614],[129.1852471,35.9942414],[129.1852178,35.9942545],[129.1853187,35.9943765],[129.185449,35.9945362],[129.1855695,35.9946689],[129.1857239,35.9948284],[129.1858793,35.9949884],[129.1859787,35.9950883],[129.1859917,35.9951161],[129.1860035,35.9951895],[129.1861406,35.9953212],[129.1862455,35.9953506],[129.1862771,35.9953678],[129.1864273,35.9955015],[129.1866299,35.9956813],[129.1867364,35.9957704],[129.1867436,35.9957871],[129.1867742,35.9957632]]]]}},{"type":"Feature","properties":{"UFID":"100035901008A00110100000004450502"},"geometry":{"type":"MultiPolygon","coordinates":[[[[129.1868274,35.9958083],[129.1868077,35.9957912],[129.1867742,35.9957632],[129.1867436,35.9957871],[129.1867962,35.9958328],[129.1868274,35.9958083]]]]}},{"type":"Feature","properties":{"UFID":"100035901008A00110100000004450503"},"geometry":{"type":"MultiPolygon","coordinates":[[[[129.1864491,35.999683],[129.186366,35.9996571],[129.1863547,35.9996731],[129.1863387,35.9996863],[129.1862969,35.9997142],[129.1862449,35.9997499],[129.1862812,35.999792],[129.1864491,35.999683]]]]}},{"type":"Feature","properties":{"UFID":"100035901008A00110100000004450504"},"geometry":{"type":"MultiPolygon","coordinates":[[[[129.1863366,35.999459],[129.1862963,35.9994769],[129.1862894,35.9994743],[129.1862795,35.9994638],[129.1861967,35.999338],[129.1861071,35.9991866],[129.1860393,35.9990843],[129.1859842,35.9990231],[129.1857338,35.9988719],[129.1855924,35.9987902],[129.1855738,35.998777],[129.1855366,35.9987375],[129.1855192,35.9986977],[129.1855112,35.9986377],[129.1855022,35.9984798],[129.1854994,35.9984012],[129.185501,35.998363],[129.185508,35.9983194],[129.1854518,35.9983191],[129.185461,35.9984123],[129.1854634,35.998481],[129.1854725,35.9986402],[129.1854811,35.9987048],[129.185502,35.9987526],[129.1855454,35.9987986],[129.1855684,35.998815],[129.1857109,35.9988973],[129.1859563,35.9990456],[129.1860064,35.9991011],[129.1860725,35.999201],[129.1861621,35.9993523],[129.1862467,35.9994809],[129.1862643,35.9994996],[129.1863001,35.9995135],[129.1863447,35.9995295],[129.1863366,35.999459]]]]}},{"type":"Feature","properties":{"UFID":"100035901008A00110100000004450505"},"geometry":{"type":"MultiPolygon","coordinates":[[[[129.1865168,35.9995842],[129.1864912,35.99958],[129.1864717,35.9995761],[129.1864553,35.99957],[129.1864353,35.9995587],[129.1864236,35.9995468],[129.1864175,35.9995375],[129.1864133,35.9995231],[129.1863811,35.9995418],[129.1863836,35.9995441],[129.1863837,35.999562],[129.1863792,35.999606],[129.1863739,35.9996377],[129.1865168,35.9995842]]]]}},{"type":"Feature","properties":{"UFID":"100035901008A00110100000004450506"},"geometry":{"type":"MultiPolygon","coordinates":[[[[129.1864133,35.9995231],[129.1863845,35.9994596],[129.1863366,35.999459],[129.1863447,35.9995295],[129.1863811,35.9995418],[129.1864133,35.9995231]]]]}},{"type":"Feature","properties":{"UFID":"100035901008A00110100000004450507"},"geometry":{"type":"MultiPolygon","coordinates":[[[[129.186527,35.9996625],[129.1865168,35.9995842],[129.1863739,35.9996377],[129.186366,35.9996571],[129.1864491,35.999683],[129.186527,35.9996625]]]]}},{"type":"Feature","properties":{"UFID":"100035901008A00110100000004450508"},"geometry":{"type":"MultiPolygon","coordinates":[[[[129.1862812,35.999792],[129.1862449,35.9997499],[129.1862141,35.9997756],[129.1861697,35.9997748],[129.1861994,35.9998256],[129.1862812,35.999792]]]]}},{"type":"Feature","properties":{"UFID":"100035901008A00110100000004450509"},"geometry":{"type":"MultiPolygon","coordinates":[[[[129.1865179,35.9988461],[129.1864824,35.9988581],[129.1864654,35.9989498],[129.1864992,35.9989498],[129.1865123,35.9988808],[129.1865179,35.9988461]]]]}},{"type":"Feature","properties":{"UFID":"100035901008A00110100000004450510"},"geometry":{"type":"MultiPolygon","coordinates":[[[[129.1864654,35.9989498],[129.1864824,35.9988581],[129.1864543,35.9988895],[129.1864472,35.9988977],[129.1864293,35.9989116],[129.1864029,35.9989423],[129.1863912,35.9989622],[129.1863789,35.998992],[129.1863689,35.9990314],[129.1863706,35.9990773],[129.1863616,35.9991527],[129.1863355,35.9992111],[129.1863668,35.9992203],[129.1863944,35.9991587],[129.186404,35.9990781],[129.1864023,35.9990338],[129.1864111,35.9989991],[129.1864222,35.9989724],[129.1864318,35.9989559],[129.1864473,35.9989378],[129.1864654,35.9989498]]]]}},{"type":"Feature","properties":{"UFID":"100035901008A00110100000004450511"},"geometry":{"type":"MultiPolygon","coordinates":[[[[129.1864992,35.9989498],[129.1864654,35.9989498],[129.1864285,35.9991077],[129.186392,35.9992542],[129.1863604,35.9993861],[129.1863512,35.9994223],[129.1863433,35.9994466],[129.1863366,35.999459],[129.1863845,35.9994596],[129.1863814,35.9994369],[129.186393,35.9993913],[129.1864246,35.9992594],[129.1864611,35.9991129],[129.1864992,35.9989498]]]]}},{"type":"Feature","properties":{"UFID":"100035901008A00110100000004450512"},"geometry":{"type":"MultiPolygon","coordinates":[[[[129.1863845,35.9994596],[129.1864133,35.9995231],[129.1864137,35.999502],[129.1864502,35.9993921],[129.1864547,35.9993826],[129.1864237,35.9993727],[129.1864185,35.9993839],[129.1863951,35.9994576],[129.1863845,35.9994596]]]]}},{"type":"Feature","properties":{"UFID":"100035901008A00110100000004450513"},"geometry":{"type":"MultiPolygon","coordinates":[[[[129.1828103,35.999107],[129.1827605,35.9991031],[129.1827591,35.9991301],[129.1828103,35.9991341],[129.1828103,35.999107]]]]}},{"type":"Feature","properties":{"UFID":"100035901008A00110100000004450514"},"geometry":{"type":"MultiPolygon","coordinates":[[[[129.1838375,35.9991248],[129.1838357,35.9991269],[129.1838323,35.9991289],[129.183826,35.9991303],[129.183822,35.99913],[129.1836806,35.9991234],[129.1836276,35.9991236],[129.183478,35.9991308],[129.1833582,35.9991348],[129.1832698,35.999136],[129.1831828,35.9991337],[129.1829904,35.99912],[129.1828103,35.999107],[129.1828103,35.9991341],[129.1828143,35.9991344],[129.1829875,35.9991469],[129.1831808,35.9991607],[129.1832696,35.999163],[129.1833591,35.9991618],[129.1834797,35.9991578],[129.1836287,35.9991507],[129.1836797,35.9991504],[129.1838119,35.9991566],[129.183847,35.9991609],[129.1838529,35.999162],[129.1838538,35.9991628],[129.1838375,35.9991248]]]]}},{"type":"Feature","properties":{"UFID":"100035901008A00110100000004450515"},"geometry":{"type":"MultiPolygon","coordinates":[[[[129.1827591,35.9991301],[129.1827605,35.9991031],[129.1825635,35.9990877],[129.1824608,35.9990844],[129.1823654,35.9990857],[129.1823367,35.9990874],[129.1822297,35.999097],[129.1821635,35.9990994],[129.1821232,35.9990949],[129.1820476,35.9990776],[129.1819665,35.9990556],[129.1818993,35.9990483],[129.181865,35.9990481],[129.181749,35.999056],[129.1817171,35.9990602],[129.1816622,35.9990692],[129.1815528,35.9990796],[129.181481,35.99909],[129.1814672,35.9990954],[129.1814482,35.9991032],[129.1813917,35.9991256],[129.1813146,35.9991142],[129.1811529,35.9990994],[129.1809949,35.9990796],[129.1808331,35.9990635],[129.1805982,35.9990401],[129.1805844,35.999075],[129.1806425,35.9990828],[129.1807188,35.9990905],[129.1808408,35.9991049],[129.1808919,35.9991078],[129.1810354,35.9991274],[129.1811754,35.9991433],[129.1813298,35.9991582],[129.1814401,35.999167],[129.1814546,35.9991662],[129.1814753,35.9991598],[129.1815013,35.9991488],[129.1815879,35.9991099],[129.1816087,35.9991014],[129.1816243,35.9990974],[129.1817223,35.9990869],[129.181753,35.9990828],[129.1818663,35.9990751],[129.181897,35.9990753],[129.181959,35.9990821],[129.1820378,35.9991035],[129.1821164,35.9991215],[129.182162,35.9991265],[129.1822322,35.999124],[129.1823398,35.9991143],[129.1823668,35.9991128],[129.1824605,35.9991115],[129.1825612,35.9991147],[129.1827591,35.9991301]]]]}},{"type":"Feature","properties":{"UFID":"100035901008A00110100000004450516"},"geometry":{"type":"MultiPolygon","coordinates":[[[[129.1840237,35.9991647],[129.1838538,35.9991628],[129.1838657,35.9991906],[129.1838862,35.999235],[129.18389,35.9992987],[129.1841179,35.9993059],[129.1840237,35.9991647]]]]}},{"type":"Feature","properties":{"UFID":"100035901008A00110100000004450517"},"geometry":{"type":"MultiPolygon","coordinates":[[[[129.1854109,35.9983287],[129.1853644,35.9983463],[129.1853739,35.9983726],[129.1853809,35.9984718],[129.185378,35.9985418],[129.1854187,35.9985542],[129.1854109,35.9983287]]]]}},{"type":"Feature","properties":{"UFID":"100035901008A00110100000004450518"},"geometry":{"type":"MultiPolygon","coordinates":[[[[129.1846265,35.9993275],[129.1847083,35.9993829],[129.1847311,35.9993928],[129.1847261,35.9993764],[129.1847281,35.9993686],[129.1847609,35.9992836],[129.1847874,35.9991908],[129.1847949,35.9991112],[129.1847485,35.99911],[129.1847479,35.9991631],[129.1847461,35.9991747],[129.1847416,35.9991969],[129.1847113,35.99929],[129.1846613,35.999278],[129.1846265,35.9993275]]]]}},{"type":"Feature","properties":{"UFID":"100035901008A00110100000004450519"},"geometry":{"type":"MultiPolygon","coordinates":[[[[129.1840034,35.9991304],[129.1838375,35.9991248],[129.1838538,35.9991628],[129.1840237,35.9991647],[129.1840159,35.999155],[129.1840046,35.9991339],[129.1840034,35.9991304]]]]}},{"type":"Feature","properties":{"UFID":"100035901008A00110100000004450520"},"geometry":{"type":"MultiPolygon","coordinates":[[[[129.1847311,35.9993928],[129.1847083,35.9993829],[129.1846265,35.9993275],[129.1846,35.9993993],[129.1846279,35.9994109],[129.1846445,35.9994178],[129.1847034,35.9994422],[129.1847311,35.9993928]]]]}},{"type":"Feature","properties":{"UFID":"100035901008A00110100000004450521"},"geometry":{"type":"MultiPolygon","coordinates":[[[[129.1861697,35.9997748],[129.1860691,35.999773],[129.185827,35.9997557],[129.1855203,35.9997152],[129.1852954,35.999639],[129.185005,35.9995046],[129.184832,35.9994366],[129.1847311,35.9993928],[129.1847034,35.9994422],[129.1847118,35.9994457],[129.184821,35.9994973],[129.1849357,35.9995487],[129.1850359,35.999594],[129.1851115,35.9996337],[129.1851842,35.9996755],[129.1852714,35.9997217],[129.1853488,35.9997575],[129.185461,35.9998034],[129.1854798,35.9997821],[129.1861994,35.9998256],[129.1861697,35.9997748]]]]}},{"type":"Feature","properties":{"UFID":"100035901008A00110100000004450522"},"geometry":{"type":"MultiPolygon","coordinates":[[[[129.1846265,35.9993275],[129.1845953,35.9993085],[129.1844853,35.9992656],[129.1843533,35.9992282],[129.1841993,35.9991969],[129.1840976,35.9991777],[129.1840438,35.9991713],[129.1840311,35.9991688],[129.1840237,35.9991647],[129.1841179,35.9993059],[129.1841339,35.9992949],[129.1841513,35.9992862],[129.1841715,35.999281],[129.1841988,35.99928],[129.184227,35.9992822],[129.1842566,35.9992867],[129.1842854,35.9992929],[129.1843212,35.9993035],[129.184354,35.9993148],[129.1843691,35.9993227],[129.1845418,35.9993763],[129.1845458,35.9993769],[129.1846,35.9993993],[129.1846265,35.9993275]]]]}},{"type":"Feature","properties":{"UFID":"100035901008A00110100000004450523"},"geometry":{"type":"MultiPolygon","coordinates":[[[[129.1829557,35.9974725],[129.1829058,35.9974601],[129.1829046,35.9974725],[129.1828915,35.9976053],[129.1828744,35.9977423],[129.1828604,35.9979174],[129.182849,35.9980613],[129.1828361,35.99822],[129.1828207,35.9983744],[129.1828125,35.9985339],[129.1827989,35.9986964],[129.1827884,35.9988443],[129.1827699,35.9990865],[129.1827692,35.9990902],[129.1827605,35.9991031],[129.1828103,35.999107],[129.1828058,35.9990907],[129.1828171,35.9989398],[129.1828279,35.9988109],[129.1828376,35.9986781],[129.1828456,35.9985525],[129.1828557,35.998404],[129.1828685,35.9982606],[129.1828817,35.9981111],[129.182896,35.9979626],[129.1829074,35.997798],[129.1829241,35.9976191],[129.1829354,35.9974905],[129.1829356,35.9974883],[129.1829557,35.9974725]]]]}},{"type":"Feature","properties":{"UFID":"100035901008A00110100000004450524"},"geometry":{"type":"MultiPolygon","coordinates":[[[[129.1853977,35.9982964],[129.1853865,35.9982856],[129.1853381,35.9982228],[129.1853164,35.998189],[129.1852295,35.9980937],[129.1851302,35.9980148],[129.185073,35.9979917],[129.1850473,35.997983],[129.1847527,35.9978948],[129.1840998,35.9977275],[129.1840387,35.9977018],[129.1840341,35.9976938],[129.1840292,35.9977729],[129.1840668,35.9977546],[129.1840831,35.9977538],[129.1840935,35.9977545],[129.1841094,35.9977561],[129.1841528,35.997764],[129.1843445,35.9978184],[129.1843915,35.9978338],[129.1849786,35.9979923],[129.1850599,35.9980165],[129.1851106,35.998037],[129.1852043,35.9981115],[129.1852881,35.9982035],[129.1853124,35.9982411],[129.185346,35.998302],[129.1853977,35.9982964]]]]}},{"type":"Feature","properties":{"UFID":"100035901008A00110100000004450525"},"geometry":{"type":"MultiPolygon","coordinates":[[[[129.1854109,35.9983287],[129.1853977,35.9982964],[129.185346,35.998302],[129.1853532,35.998315],[129.1853644,35.9983463],[129.1854109,35.9983287]]]]}},{"type":"Feature","properties":{"UFID":"100035901008A00110100000004450526"},"geometry":{"type":"MultiPolygon","coordinates":[[[[129.1855037,35.99826],[129.185448,35.9982831],[129.1854518,35.9983191],[129.185508,35.9983194],[129.1855037,35.99826]]]]}},{"type":"Feature","properties":{"UFID":"100035901008A00110100000004450527"},"geometry":{"type":"MultiPolygon","coordinates":[[[[129.1866183,35.9978028],[129.1864741,35.997773],[129.1864825,35.9978272],[129.1861708,35.9979902],[129.1858848,35.9981022],[129.1855037,35.99826],[129.185508,35.9983194],[129.1855127,35.9983131],[129.1855179,35.9983082],[129.1856003,35.9982691],[129.185997,35.9981146],[129.1861804,35.9980302],[129.1865981,35.9978231],[129.1866183,35.9978028]]]]}},{"type":"Feature","properties":{"UFID":"100035901008A00110100000004450528"},"geometry":{"type":"MultiPolygon","coordinates":[[[[129.1840292,35.9977729],[129.1838572,35.9977097],[129.1838405,35.9980021],[129.1837867,35.998573],[129.1837653,35.9988945],[129.1837751,35.9989721],[129.1838134,35.9990688],[129.1838375,35.9991248],[129.1840034,35.9991304],[129.1839811,35.9990681],[129.1839929,35.9990605],[129.1839573,35.998964],[129.1839445,35.9988888],[129.1839443,35.9988247],[129.1839567,35.9986074],[129.1839828,35.9982822],[129.1840275,35.9977776],[129.1840292,35.9977729]]]]}},{"type":"Feature","properties":{"UFID":"100035901008A00110100000004450529"},"geometry":{"type":"MultiPolygon","coordinates":[[[[129.1854518,35.9983191],[129.185448,35.9982831],[129.1854362,35.998288],[129.1853977,35.9982964],[129.1854109,35.9983287],[129.1854518,35.9983191]]]]}},{"type":"Feature","properties":{"UFID":"100035901008A00110100000004450530"},"geometry":{"type":"MultiPolygon","coordinates":[[[[129.1825244,35.9973786],[129.1825421,35.9973266],[129.1820162,35.9972218],[129.1819594,35.9972155],[129.1819281,35.9972147],[129.1819214,35.9972153],[129.1819249,35.9972374],[129.1819201,35.9972365],[129.1819119,35.9972371],[129.1819004,35.9972379],[129.1817585,35.9972665],[129.1815007,35.9973337],[129.1813817,35.997362],[129.1813188,35.9973702],[129.1812562,35.9973736],[129.1811697,35.9973631],[129.1810816,35.9973405],[129.1809736,35.9973025],[129.1808269,35.9972679],[129.1808095,35.9972692],[129.1808104,35.9972489],[129.1807365,35.9972421],[129.1806068,35.9972387],[129.1805985,35.9972868],[129.1808214,35.9972948],[129.1809622,35.9973281],[129.18107,35.9973658],[129.1811622,35.9973895],[129.1812548,35.9974007],[129.1813225,35.9973971],[129.1813891,35.9973885],[129.1815105,35.9973596],[129.1817675,35.9972925],[129.1819058,35.9972646],[129.181915,35.9972641],[129.1819207,35.9972635],[129.1819831,35.9972667],[129.1825244,35.9973786]]]]}},{"type":"Feature","properties":{"UFID":"100035901008A00110100000004450531"},"geometry":{"type":"MultiPolygon","coordinates":[[[[129.1825421,35.9973266],[129.1825747,35.997332],[129.1825828,35.9973035],[129.182586,35.9972922],[129.1825552,35.9972806],[129.18255,35.9972986],[129.1825421,35.9973266]]]]}},{"type":"Feature","properties":{"UFID":"100035901008A00110100000004450532"},"geometry":{"type":"MultiPolygon","coordinates":[[[[129.1825747,35.997332],[129.1825421,35.9973266],[129.1825244,35.9973786],[129.1825631,35.9973867],[129.1825747,35.997332]]]]}},{"type":"Feature","properties":{"UFID":"100035901008A00110100000004450533"},"geometry":{"type":"MultiPolygon","coordinates":[[[[129.1829598,35.9974438],[129.1829106,35.9974317],[129.1829058,35.9974601],[129.1829557,35.9974725],[129.1829598,35.9974438]]]]}},{"type":"Feature","properties":{"UFID":"100035901008A00110100000004450534"},"geometry":{"type":"MultiPolygon","coordinates":[[[[129.1838683,35.9976567],[129.1837497,35.9976441],[129.1834638,35.9975728],[129.1832405,35.997513],[129.1829598,35.9974438],[129.1829557,35.9974725],[129.1829965,35.9974827],[129.1836514,35.997652],[129.1838572,35.9977097],[129.1838683,35.9976567]]]]}},{"type":"Feature","properties":{"UFID":"100035901008A00110100000004450535"},"geometry":{"type":"MultiPolygon","coordinates":[[[[129.1829106,35.9974317],[129.1829063,35.9974306],[129.1828958,35.9974285],[129.1829051,35.9973965],[129.1825768,35.9973339],[129.1825747,35.997332],[129.1825631,35.9973867],[129.1825694,35.9973879],[129.1828968,35.9974579],[129.1829058,35.9974601],[129.1829106,35.9974317]]]]}},{"type":"Feature","properties":{"UFID":"100035901008A00110100000004450536"},"geometry":{"type":"MultiPolygon","coordinates":[[[[129.1840341,35.9976938],[129.1838683,35.9976567],[129.1838572,35.9977097],[129.1840292,35.9977729],[129.1840341,35.9976938]]]]}},{"type":"Feature","properties":{"UFID":"100035901008A00110100000004450537"},"geometry":{"type":"MultiPolygon","coordinates":[[[[129.1841276,35.9971402],[129.1840621,35.9972554],[129.1839589,35.9973829],[129.1839114,35.9974503],[129.1838884,35.9975478],[129.1838683,35.9976567],[129.1840341,35.9976938],[129.1840409,35.9976178],[129.1840621,35.9975535],[129.1840953,35.9974821],[129.1841525,35.9974095],[129.1842716,35.9972515],[129.184271,35.997238],[129.1842813,35.9972294],[129.1842918,35.997225],[129.1843016,35.9972213],[129.1841276,35.9971402]]]]}},{"type":"Feature","properties":{"UFID":"100035901008A00110100000004450538"},"geometry":{"type":"MultiPolygon","coordinates":[[[[129.1792902,35.9944859],[129.1794205,35.994547],[129.179438,35.994515],[129.179468,35.9945066],[129.1795652,35.9945083],[129.1796933,35.9945608],[129.1798849,35.9946484],[129.1800383,35.9947356],[129.1801228,35.9948057],[129.1801234,35.9948514],[129.1801185,35.9948924],[129.1801013,35.9949093],[129.1802256,35.9949821],[129.1802366,35.9949562],[129.1802637,35.9949257],[129.180268,35.9948838],[129.1802682,35.9948305],[129.1802625,35.9947991],[129.1802381,35.9947682],[129.1802085,35.994743],[129.179888,35.9945884],[129.1795715,35.9944465],[129.1794991,35.9944243],[129.1794826,35.9944203],[129.1794553,35.99442],[129.1794127,35.9944291],[129.179292,35.9944815],[129.1792902,35.9944859]]]]}},{"type":"Feature","properties":{"UFID":"100035901008A00110100000004450539"},"geometry":{"type":"MultiPolygon","coordinates":[[[[129.1799897,35.9953085],[129.1798538,35.995254],[129.1798378,35.995289],[129.1797863,35.9953221],[129.1797206,35.9953262],[129.1796584,35.9953211],[129.1795324,35.995266],[129.1792918,35.9951466],[129.1791735,35.9950743],[129.1791441,35.9950178],[129.179144,35.9949654],[129.1791582,35.9949221],[129.179192,35.994883],[129.1792172,35.9948763],[129.179233,35.9948762],[129.178952,35.9948268],[129.1789484,35.9948702],[129.1789512,35.9949932],[129.1789682,35.9950544],[129.178995,35.9950826],[129.1790607,35.995111],[129.179337,35.9952395],[129.1797436,35.9954151],[129.1797603,35.9954166],[129.1798228,35.9954201],[129.1798675,35.9954125],[129.1799216,35.9953939],[129.1799897,35.9953085]]]]}},{"type":"Feature","properties":{"UFID":"100035901008A00110100000004450540"},"geometry":{"type":"MultiPolygon","coordinates":[[[[129.1794283,35.9943775],[129.1793268,35.9943501],[129.1792854,35.9943969],[129.1793118,35.9944238],[129.1793487,35.9944095],[129.1793562,35.9944058],[129.1793922,35.9943883],[129.1794283,35.9943775]]]]}},{"type":"Feature","properties":{"UFID":"100035901008A00110100000004450541"},"geometry":{"type":"MultiPolygon","coordinates":[[[[129.1798711,35.9937856],[129.1798628,35.9937594],[129.1798496,35.9937622],[129.1798369,35.9937699],[129.179821,35.9937874],[129.1797502,35.993872],[129.1796713,35.9939594],[129.1795907,35.9940514],[129.179519,35.9941327],[129.1794731,35.9941832],[129.1794561,35.9942046],[129.1793973,35.9942708],[129.1794548,35.9943114],[129.1794417,35.9942728],[129.1795005,35.9941985],[129.1795458,35.9941486],[129.1796176,35.9940672],[129.1796983,35.9939753],[129.1797773,35.9938876],[129.179848,35.993803],[129.1798607,35.9937892],[129.1798642,35.9937871],[129.1798711,35.9937856]]]]}},{"type":"Feature","properties":{"UFID":"100035901008A00110100000004450542"},"geometry":{"type":"MultiPolygon","coordinates":[[[[129.1813653,35.9938616],[129.1813448,35.9938404],[129.1812975,35.9938705],[129.1812829,35.9938797],[129.1812592,35.9938939],[129.1812382,35.993904],[129.1811837,35.9939231],[129.1811463,35.9939336],[129.1810917,35.9939366],[129.1810288,35.9939415],[129.1809887,35.9939365],[129.1809445,35.9939297],[129.18085,35.9939039],[129.1807805,35.9938832],[129.1807556,35.9938785],[129.1806912,35.9938823],[129.180625,35.9938884],[129.1805228,35.9939141],[129.1804834,35.9939204],[129.180476,35.9939174],[129.1804529,35.993904],[129.1803737,35.9938585],[129.1803122,35.993821],[129.180268,35.9938071],[129.1801576,35.9937873],[129.1800667,35.9937743],[129.1799685,35.9937646],[129.1798703,35.9937578],[129.1798628,35.9937594],[129.1798711,35.9937856],[129.1798732,35.9937852],[129.1799651,35.9937915],[129.1800617,35.9938011],[129.1801512,35.9938138],[129.1802584,35.993833],[129.1802959,35.9938449],[129.1803542,35.9938804],[129.1804337,35.9939259],[129.180459,35.9939408],[129.1804791,35.9939486],[129.1805308,35.9939404],[129.1806318,35.993915],[129.1806944,35.9939093],[129.180753,35.9939058],[129.180771,35.9939092],[129.180839,35.9939294],[129.180936,35.993956],[129.1809831,35.9939632],[129.1810277,35.9939688],[129.1810944,35.9939637],[129.1811529,35.9939603],[129.1811957,35.9939484],[129.1812532,35.9939281],[129.1812776,35.9939165],[129.1813032,35.9939012],[129.181318,35.9938918],[129.181365,35.9938619],[129.1813653,35.9938616]]]]}},{"type":"Feature","properties":{"UFID":"100035901008A00110100000004450543"},"geometry":{"type":"MultiPolygon","coordinates":[[[[129.1830998,35.9924595],[129.1829533,35.9924199],[129.1829452,35.9924293],[129.1829341,35.9924325],[129.1829204,35.9924322],[129.1828516,35.9924241],[129.1827973,35.9924113],[129.1827166,35.9923898],[129.1825926,35.9923581],[129.1824562,35.9923232],[129.1823088,35.9922845],[129.1821543,35.9922432],[129.1820361,35.9922096],[129.1819085,35.9921745],[129.1817684,35.992135],[129.1816512,35.9921005],[129.1815457,35.9920696],[129.18147,35.9920476],[129.1814352,35.9920374],[129.1814154,35.992034],[129.1813899,35.992033],[129.1813576,35.9920356],[129.1813274,35.9920373],[129.1813022,35.9920364],[129.1812787,35.9920324],[129.1812486,35.9920227],[129.1812024,35.9920072],[129.1811579,35.9919903],[129.181121,35.9919748],[129.1810919,35.9919618],[129.1810709,35.991948],[129.1810462,35.9919307],[129.1810139,35.9919024],[129.1809832,35.9918802],[129.1809554,35.9918634],[129.180927,35.9918493],[129.180847,35.9918166],[129.1807132,35.9917592],[129.1805707,35.9916937],[129.180464,35.9916451],[129.1803576,35.9915951],[129.1802593,35.9915523],[129.1801683,35.9915103],[129.1801001,35.9914777],[129.1800482,35.9914531],[129.1799907,35.9914255],[129.1799466,35.9914021],[129.1798941,35.9913729],[129.179845,35.9913429],[129.1797745,35.9913013],[129.1796897,35.9912484],[129.1796005,35.9911923],[129.179513,35.991138],[129.1794181,35.9910786],[129.1793553,35.9910351],[129.1793083,35.9910027],[129.1792773,35.9909821],[129.1792516,35.9909633],[129.179225,35.9909486],[129.1792026,35.9909384],[129.1791829,35.9909311],[129.1791629,35.990928],[129.1791508,35.9909274],[129.1791375,35.990928],[129.1791249,35.9909293],[129.1791103,35.9909328],[129.1790951,35.9909384],[129.1790768,35.9909496],[129.1790574,35.9909637],[129.1790356,35.9909846],[129.1790212,35.9910023],[129.1790091,35.9910196],[129.1789988,35.9910369],[129.1789908,35.9910559],[129.1789743,35.9911194],[129.1789565,35.9911812],[129.1789428,35.9912404],[129.1789325,35.9912723],[129.1789297,35.9912745],[129.1789272,35.9912753],[129.1789141,35.991274],[129.1789109,35.9912723],[129.1789096,35.9912715],[129.1789059,35.9913713],[129.1789213,35.9913432],[129.1789453,35.9913039],[129.1789597,35.9912767],[129.1789709,35.991246],[129.1789847,35.991195],[129.1789977,35.991144],[129.1790068,35.9911028],[129.1790157,35.9910703],[129.1790235,35.9910479],[129.1790361,35.9910269],[129.1790567,35.9910012],[129.1790771,35.9909807],[129.1790965,35.9909667],[129.1791165,35.9909576],[129.1791348,35.9909525],[129.1791524,35.9909524],[129.1791669,35.9909542],[129.1791866,35.9909592],[129.1792076,35.990968],[129.179234,35.9909819],[129.1792668,35.9910039],[129.1793275,35.9910454],[129.1793933,35.9910935],[129.1794791,35.991148],[129.1795746,35.9912097],[129.1796695,35.9912686],[129.179737,35.991311],[129.1798035,35.9913504],[129.179883,35.9913958],[129.1799632,35.991441],[129.1800311,35.991475],[129.180118,35.9915164],[129.1802187,35.9915639],[129.1803284,35.9916141],[129.1804442,35.9916661],[129.1805392,35.9917086],[129.1806275,35.9917489],[129.1807212,35.9917907],[129.1808125,35.9918318],[129.18087,35.9918545],[129.1809068,35.9918705],[129.1809433,35.9918882],[129.180972,35.991905],[129.1809951,35.9919185],[129.1810208,35.9919413],[129.1810397,35.9919583],[129.1810665,35.991977],[129.1811009,35.9919963],[129.1811467,35.9920159],[129.1811768,35.9920265],[129.1812214,35.9920412],[129.1812569,35.9920539],[129.1812843,35.992062],[129.1813162,35.9920674],[129.1813461,35.9920683],[129.1813766,35.9920652],[129.1814002,35.992064],[129.1814186,35.9920652],[129.1814351,35.9920677],[129.1814582,35.992073],[129.1815141,35.9920905],[129.1816019,35.9921167],[129.1816953,35.9921426],[129.1817697,35.9921648],[129.1818524,35.9921882],[129.1819479,35.9922124],[129.1820357,35.9922369],[129.1821315,35.9922634],[129.1822106,35.9922856],[129.1823077,35.9923107],[129.1824143,35.9923392],[129.1825198,35.9923654],[129.182624,35.9923905],[129.1827594,35.9924218],[129.1828191,35.9924388],[129.1828596,35.9924507],[129.1828894,35.9924572],[129.182935,35.9924637],[129.182981,35.9924675],[129.1830176,35.9924669],[129.1830542,35.9924635],[129.1830998,35.9924595]]]]}},{"type":"Feature","properties":{"UFID":"100035901008A00110100000004450544"},"geometry":{"type":"MultiPolygon","coordinates":[[[[129.1789096,35.9912715],[129.1788074,35.991232],[129.1788322,35.9913474],[129.1789059,35.9913713],[129.1789096,35.9912715]]]]}},{"type":"Feature","properties":{"UFID":"100035901008A00110100000004450545"},"geometry":{"type":"MultiPolygon","coordinates":[[[[129.1797129,35.9900942],[129.1796233,35.9900427],[129.1796229,35.9900735],[129.1790622,35.9907142],[129.1790282,35.9907239],[129.1791175,35.9907745],[129.1791188,35.9907473],[129.1796773,35.9901034],[129.1797129,35.9900942]]]]}},{"type":"Feature","properties":{"UFID":"100035901008A00110100000004450546"},"geometry":{"type":"MultiPolygon","coordinates":[[[[129.179799,35.9900805],[129.1798717,35.9901432],[129.179869,35.9901334],[129.179869,35.9901294],[129.1798768,35.9901204],[129.1799082,35.9900957],[129.1799557,35.9900594],[129.1799874,35.9900332],[129.1799632,35.9899946],[129.1799065,35.9900361],[129.1798669,35.9900623],[129.1798409,35.9900757],[129.1798232,35.9900817],[129.1798111,35.9900825],[129.179799,35.9900805]]]]}},{"type":"Feature","properties":{"UFID":"100035901008A00110100000004450547"},"geometry":{"type":"MultiPolygon","coordinates":[[[[129.1792278,35.9897958],[129.1793128,35.9898318],[129.179294,35.9898093],[129.1792724,35.9897848],[129.1792497,35.9897613],[129.1792025,35.9897127],[129.1791677,35.9897176],[129.1792308,35.9897918],[129.179231,35.9897937],[129.1792278,35.9897958]]]]}},{"type":"Feature","properties":{"UFID":"100035901008A00110100000004450548"},"geometry":{"type":"MultiPolygon","coordinates":[[[[129.1795119,35.989925],[129.1795979,35.9899457],[129.1795898,35.989926],[129.1795858,35.9899054],[129.1795836,35.9898787],[129.1795838,35.9898518],[129.1795858,35.9898212],[129.1795866,35.9898161],[129.1795486,35.9898059],[129.1795442,35.9898337],[129.1795369,35.9898803],[129.1795348,35.9899019],[129.1795344,35.9899084],[129.1795305,35.9899146],[129.1795245,35.9899204],[129.1795179,35.9899232],[129.1795119,35.989925]]]]}},{"type":"Feature","properties":{"UFID":"100035901008A00110100000004450549"},"geometry":{"type":"MultiPolygon","coordinates":[[[[129.1792278,35.9897958],[129.1792223,35.9897954],[129.1792092,35.9897919],[129.179157,35.9897693],[129.179061,35.9897273],[129.1789734,35.9896817],[129.1788705,35.9896341],[129.1787722,35.9895897],[129.1786794,35.989548],[129.1785963,35.989513],[129.1785037,35.9894753],[129.178497,35.9894693],[129.1784714,35.9894853],[129.1785067,35.9894986],[129.1785994,35.9895357],[129.1787367,35.9895955],[129.1788717,35.9896592],[129.1790039,35.9897219],[129.1791483,35.9897966],[129.1792047,35.989823],[129.1792278,35.9897958]]]]}},{"type":"Feature","properties":{"UFID":"100035901008A00110100000004450550"},"geometry":{"type":"MultiPolygon","coordinates":[[[[129.1793128,35.9898318],[129.1792278,35.9897958],[129.1792047,35.989823],[129.1792765,35.9898566],[129.1792877,35.9898621],[129.1793128,35.9898318]]]]}},{"type":"Feature","properties":{"UFID":"100035901008A00110100000004450551"},"geometry":{"type":"MultiPolygon","coordinates":[[[[129.1791175,35.9907745],[129.1790282,35.9907239],[129.1789715,35.9907713],[129.179077,35.9908546],[129.1791175,35.9907745]]]]}},{"type":"Feature","properties":{"UFID":"100035901008A00110100000004450552"},"geometry":{"type":"MultiPolygon","coordinates":[[[[129.1796645,35.9900025],[129.1796346,35.989981],[129.1796147,35.989964],[129.1795979,35.9899457],[129.1795506,35.9900001],[129.1795792,35.9900157],[129.1796233,35.9900427],[129.1796645,35.9900025]]]]}},{"type":"Feature","properties":{"UFID":"100035901008A00110100000004450553"},"geometry":{"type":"MultiPolygon","coordinates":[[[[129.1795119,35.989925],[129.1795039,35.9899252],[129.1794968,35.9899243],[129.1794876,35.9899228],[129.1794594,35.9899096],[129.1793435,35.9898549],[129.1793263,35.9898441],[129.1793128,35.9898318],[129.1792877,35.9898621],[129.179375,35.9899047],[129.1794776,35.9899603],[129.1795119,35.989925]]]]}},{"type":"Feature","properties":{"UFID":"100035901008A00110100000004450554"},"geometry":{"type":"MultiPolygon","coordinates":[[[[129.1795979,35.9899457],[129.1795119,35.989925],[129.1794776,35.9899603],[129.1794834,35.9899635],[129.1795506,35.9900001],[129.1795979,35.9899457]]]]}},{"type":"Feature","properties":{"UFID":"100035901008A00110100000004450555"},"geometry":{"type":"MultiPolygon","coordinates":[[[[129.1804297,35.990541],[129.1804189,35.9905407],[129.180402,35.9905369],[129.1803841,35.9905302],[129.1803605,35.9905178],[129.180293,35.9904715],[129.180223,35.9904195],[129.1801343,35.9903576],[129.1800945,35.990324],[129.1800559,35.9902872],[129.1800253,35.9902591],[129.1800048,35.990243],[129.1799676,35.9902195],[129.1799167,35.9901833],[129.1798793,35.9901543],[129.1798717,35.9901432],[129.1798283,35.9901743],[129.1798287,35.9901746],[129.1799253,35.9902448],[129.1800202,35.9903129],[129.1801115,35.9903772],[129.1802009,35.9904397],[129.180271,35.9904919],[129.1803406,35.9905396],[129.1803817,35.9905719],[129.1803948,35.990579],[129.1804297,35.990541]]]]}},{"type":"Feature","properties":{"UFID":"100035901008A00110100000004450556"},"geometry":{"type":"MultiPolygon","coordinates":[[[[129.179799,35.9900805],[129.1797777,35.9900694],[129.1797541,35.9900552],[129.1797129,35.9900942],[129.1797253,35.9900974],[129.1797549,35.9901195],[129.179799,35.9900805]]]]}},{"type":"Feature","properties":{"UFID":"100035901008A00110100000004450557"},"geometry":{"type":"MultiPolygon","coordinates":[[[[129.1798717,35.9901432],[129.179799,35.9900805],[129.1797549,35.9901195],[129.1798283,35.9901743],[129.1798717,35.9901432]]]]}},{"type":"Feature","properties":{"UFID":"100035901008A00110100000004450558"},"geometry":{"type":"MultiPolygon","coordinates":[[[[129.179077,35.9908546],[129.1789715,35.9907713],[129.1789729,35.9907867],[129.1789722,35.9907984],[129.1789686,35.9908122],[129.1789555,35.990839],[129.1789395,35.9908683],[129.1789233,35.9908958],[129.1789121,35.9909228],[129.1788988,35.9909532],[129.1788881,35.9909835],[129.1788766,35.9910198],[129.1788657,35.9910574],[129.1788538,35.9911126],[129.1788472,35.9911472],[129.1788446,35.9911591],[129.1788407,35.9911662],[129.1788353,35.9911714],[129.1788245,35.9911777],[129.1789038,35.9911885],[129.1789045,35.9911587],[129.1789058,35.9911215],[129.1789092,35.9910878],[129.1789168,35.9910524],[129.1789282,35.9910109],[129.1789458,35.9909655],[129.178963,35.9909342],[129.1789824,35.9909077],[129.179003,35.990888],[129.1790273,35.9908712],[129.1790536,35.9908597],[129.179077,35.9908546]]]]}},{"type":"Feature","properties":{"UFID":"100035901008A00110100000004450559"},"geometry":{"type":"MultiPolygon","coordinates":[[[[129.1829655,35.9923947],[129.1827771,35.9923438],[129.1824324,35.9922544],[129.1821153,35.9921732],[129.181895,35.9921135],[129.1816832,35.9920528],[129.1814541,35.9919795],[129.1811773,35.991887],[129.1811044,35.9918582],[129.1808603,35.9917578],[129.1806084,35.9916431],[129.1803392,35.9915228],[129.1801354,35.9914237],[129.180065,35.9913874],[129.1799107,35.9912992],[129.179853,35.9912654],[129.1798259,35.9912487],[129.1797622,35.9912076],[129.1796978,35.9911644],[129.1796253,35.9911169],[129.1795597,35.9910731],[129.1794879,35.9910244],[129.1794137,35.9909721],[129.1793826,35.9909514],[129.1793005,35.9908954],[129.1792855,35.9908856],[129.1791549,35.9908029],[129.1791251,35.9907848],[129.1791205,35.9907796],[129.1791175,35.9907745],[129.179077,35.9908546],[129.1791006,35.9908531],[129.1791189,35.9908533],[129.1791359,35.9908548],[129.179162,35.9908608],[129.1791881,35.9908706],[129.1792188,35.990884],[129.1792647,35.9909068],[129.1792794,35.9909163],[129.1793613,35.9909722],[129.1793923,35.9909928],[129.1794663,35.991045],[129.1795384,35.9910939],[129.1796043,35.9911379],[129.1796768,35.9911854],[129.1797413,35.9912286],[129.1798055,35.99127],[129.1798332,35.9912872],[129.1798912,35.9913211],[129.1800465,35.9914099],[129.1801179,35.9914467],[129.1803226,35.9915463],[129.1805923,35.9916668],[129.1808447,35.9917816],[129.1810228,35.9918549],[129.1810791,35.9919292],[129.1810912,35.9919388],[129.1812787,35.9920052],[129.1812973,35.9920066],[129.1813142,35.9920058],[129.1813844,35.9920009],[129.1814418,35.9920046],[129.1816716,35.9920781],[129.1818842,35.9921391],[129.182105,35.992199],[129.1824223,35.9922801],[129.1827668,35.9923695],[129.1829533,35.9924199],[129.1829655,35.9923947]]]]}},{"type":"Feature","properties":{"UFID":"100035901008A00110100000004450560"},"geometry":{"type":"MultiPolygon","coordinates":[[[[129.1804697,35.9905943],[129.1804678,35.9905757],[129.1804297,35.990541],[129.1803948,35.990579],[129.1804466,35.990614],[129.1804697,35.9905943]]]]}},{"type":"Feature","properties":{"UFID":"100035901008A00110100000004450561"},"geometry":{"type":"MultiPolygon","coordinates":[[[[129.1804297,35.990541],[129.1804678,35.9905757],[129.1805028,35.9905316],[129.1806087,35.9903873],[129.1806404,35.9903403],[129.1807967,35.9901304],[129.1808472,35.9900912],[129.1809161,35.9900438],[129.1809012,35.9900142],[129.1808595,35.9900377],[129.1807581,35.9901089],[129.1805801,35.9903735],[129.1804758,35.9905155],[129.1804628,35.9905279],[129.1804442,35.9905383],[129.1804297,35.990541]]]]}},{"type":"Feature","properties":{"UFID":"100035901008A00110100000004450562"},"geometry":{"type":"MultiPolygon","coordinates":[[[[129.1797541,35.9900552],[129.1797195,35.9900343],[129.1796645,35.9900025],[129.1796233,35.9900427],[129.1797129,35.9900942],[129.1797541,35.9900552]]]]}},{"type":"Feature","properties":{"UFID":"100035901008A00110100000004450563"},"geometry":{"type":"MultiPolygon","coordinates":[[[[129.1780397,35.9991233],[129.1780147,35.9991052],[129.1779956,35.9991273],[129.1780201,35.999146],[129.1780397,35.9991233]]]]}},{"type":"Feature","properties":{"UFID":"100035901008A00110100000004450564"},"geometry":{"type":"MultiPolygon","coordinates":[[[[129.1780147,35.9991052],[129.1771212,35.9985827],[129.1763316,35.9981234],[129.1761333,35.9980101],[129.1761343,35.9980438],[129.1763123,35.9981455],[129.1771018,35.9986047],[129.1779956,35.9991273],[129.1780147,35.9991052]]]]}},{"type":"Feature","properties":{"UFID":"100035901008A00110100000004450565"},"geometry":{"type":"MultiPolygon","coordinates":[[[[129.1753323,35.9996858],[129.1753226,35.9996803],[129.1753078,35.9996671],[129.17527,35.9996735],[129.1753089,35.9997116],[129.1753323,35.9996858]]]]}},{"type":"Feature","properties":{"UFID":"100035901008A00110100000004450566"},"geometry":{"type":"MultiPolygon","coordinates":[[[[129.1753078,35.9996671],[129.1753008,35.9996608],[129.1752925,35.9996269],[129.175291,35.999604],[129.175289,35.9994662],[129.175276,35.9993527],[129.1752465,35.9992013],[129.1752289,35.9991191],[129.1752306,35.9990604],[129.1752578,35.9989969],[129.1753437,35.9988972],[129.175455,35.9987719],[129.1761343,35.9980438],[129.1760686,35.9980062],[129.1760691,35.9980283],[129.1758142,35.9983203],[129.1756682,35.9984906],[129.1753789,35.9988091],[129.1752279,35.9989845],[129.1751974,35.9990555],[129.1751956,35.9991212],[129.1752137,35.9992058],[129.175243,35.9993561],[129.1752558,35.9994676],[129.1752577,35.9996049],[129.1752595,35.9996303],[129.17527,35.9996735],[129.1753078,35.9996671]]]]}},{"type":"Feature","properties":{"UFID":"100035901008A00110100000004450567"},"geometry":{"type":"MultiPolygon","coordinates":[[[[129.1796714,35.9972823],[129.1796304,35.9972823],[129.1796283,35.9972846],[129.1794965,35.9974333],[129.1789831,35.9980114],[129.1780168,35.9991028],[129.1780147,35.9991052],[129.1780397,35.9991233],[129.1780439,35.9991185],[129.1790101,35.9980272],[129.1795235,35.9974491],[129.1796552,35.9973004],[129.1796714,35.9972823]]]]}},{"type":"Feature","properties":{"UFID":"100035901008A00110100000004450568"},"geometry":{"type":"MultiPolygon","coordinates":[[[[129.1809828,35.9958176],[129.1809806,35.9957903],[129.1809723,35.9957816],[129.1809402,35.9958038],[129.1809708,35.9958198],[129.1809828,35.9958176]]]]}},{"type":"Feature","properties":{"UFID":"100035901008A00110100000004450569"},"geometry":{"type":"MultiPolygon","coordinates":[[[[129.1809723,35.9957816],[129.1809673,35.9957451],[129.1809664,35.9957158],[129.1809643,35.9956363],[129.1809156,35.9956213],[129.1809282,35.9956816],[129.1809286,35.9956853],[129.180933,35.9957396],[129.1809382,35.9957767],[129.1809402,35.9958038],[129.1809723,35.9957816]]]]}},{"type":"Feature","properties":{"UFID":"100035901008A00110100000004450570"},"geometry":{"type":"MultiPolygon","coordinates":[[[[129.1811883,35.995748],[129.1811402,35.9957217],[129.1810527,35.9957721],[129.1810227,35.9957878],[129.1810027,35.9957919],[129.1809806,35.9957903],[129.1809828,35.9958176],[129.1810055,35.9958192],[129.1810361,35.9958129],[129.1810579,35.9958015],[129.1811452,35.9957567],[129.1811883,35.995748]]]]}},{"type":"Feature","properties":{"UFID":"100035901008A00110100000004450571"},"geometry":{"type":"MultiPolygon","coordinates":[[[[129.1797692,35.9971778],[129.1797113,35.997176],[129.179663,35.9972326],[129.1797175,35.9972353],[129.1797692,35.9971778]]]]}},{"type":"Feature","properties":{"UFID":"100035901008A00110100000004450572"},"geometry":{"type":"MultiPolygon","coordinates":[[[[129.1809708,35.9958198],[129.1809402,35.9958038],[129.1809388,35.9958055],[129.1808841,35.9958668],[129.1808255,35.9959362],[129.1807793,35.9959885],[129.1807424,35.996034],[129.1805983,35.9961968],[129.1802192,35.9966218],[129.1797658,35.9971285],[129.1797438,35.9971527],[129.1797113,35.997176],[129.1797692,35.9971778],[129.1797777,35.9971629],[129.1798084,35.9971269],[129.1803325,35.9965409],[129.1806252,35.9962126],[129.1807699,35.9960492],[129.1808067,35.9960038],[129.1808527,35.9959518],[129.1809112,35.9958824],[129.1809612,35.9958263],[129.1809708,35.9958198]]]]}},{"type":"Feature","properties":{"UFID":"100035901008A00110100000004450573"},"geometry":{"type":"MultiPolygon","coordinates":[[[[129.1797175,35.9972353],[129.179663,35.9972326],[129.1796286,35.99728],[129.1796304,35.9972823],[129.1796714,35.9972823],[129.1797175,35.9972353]]]]}},{"type":"Feature","properties":{"UFID":"100035901008A00110100000004450574"},"geometry":{"type":"MultiPolygon","coordinates":[[[[129.179663,35.9972326],[129.17963,35.9972174],[129.1794992,35.9972143],[129.1794979,35.9972396],[129.179455,35.9972417],[129.1792127,35.9972385],[129.1789734,35.9972336],[129.1788977,35.9972303],[129.1788507,35.9972248],[129.178813,35.9972169],[129.1787796,35.9972069],[129.1787446,35.9971927],[129.1787145,35.9971775],[129.1786864,35.9971595],[129.1786271,35.99712],[129.1784959,35.9970291],[129.178447,35.9969958],[129.1782555,35.996864],[129.1782008,35.9968259],[129.1781309,35.9967782],[129.1779025,35.9966192],[129.1776467,35.9964484],[129.1775718,35.9963985],[129.1775496,35.9964287],[129.1775418,35.9964393],[129.1775554,35.9964338],[129.1775655,35.9964333],[129.1775776,35.9964373],[129.1776256,35.9964693],[129.1778811,35.9966399],[129.1781094,35.9967988],[129.1781792,35.9968465],[129.1782339,35.9968846],[129.1784256,35.9970165],[129.1784744,35.9970497],[129.1786058,35.9971408],[129.1786656,35.9971805],[129.1786954,35.9971997],[129.1787284,35.9972163],[129.1787664,35.9972318],[129.1788031,35.9972428],[129.1788442,35.9972514],[129.1788945,35.9972573],[129.1789721,35.9972607],[129.179212,35.9972656],[129.1794544,35.9972687],[129.1796195,35.9972713],[129.1796246,35.997273],[129.1796264,35.9972765],[129.1796286,35.99728],[129.179663,35.9972326]]]]}},{"type":"Feature","properties":{"UFID":"100035901008A00110100000004450575"},"geometry":{"type":"MultiPolygon","coordinates":[[[[129.1804992,35.9972363],[129.180303,35.9972324],[129.1801005,35.997228],[129.1799057,35.9972239],[129.1797788,35.9972222],[129.1797175,35.9972353],[129.1796714,35.9972823],[129.1798579,35.9972811],[129.1803793,35.9972846],[129.180503,35.9972857],[129.1804992,35.9972363]]]]}},{"type":"Feature","properties":{"UFID":"100035901008A00110100000004450576"},"geometry":{"type":"MultiPolygon","coordinates":[[[[129.1806068,35.9972387],[129.1805705,35.9972378],[129.1804992,35.9972363],[129.180503,35.9972857],[129.1805985,35.9972868],[129.1806068,35.9972387]]]]}},{"type":"Feature","properties":{"UFID":"100035901008A00110100000004450577"},"geometry":{"type":"MultiPolygon","coordinates":[[[[129.1775418,35.9964393],[129.177506,35.9964197],[129.1767626,35.9972567],[129.1761205,35.9979768],[129.1761198,35.9979777],[129.1761124,35.9979786],[129.1760771,35.9979781],[129.1761333,35.9980101],[129.1761478,35.9979921],[129.1771119,35.9969112],[129.1775418,35.9964393]]]]}},{"type":"Feature","properties":{"UFID":"100035901008A00110100000004450578"},"geometry":{"type":"MultiPolygon","coordinates":[[[[129.1761333,35.9980101],[129.1760771,35.9979781],[129.1760686,35.9980062],[129.1761343,35.9980438],[129.1761333,35.9980101]]]]}},{"type":"Feature","properties":{"UFID":"100035901008A00110100000004450579"},"geometry":{"type":"MultiPolygon","coordinates":[[[[129.1788709,35.995022],[129.1788731,35.9948769],[129.1787545,35.995004],[129.1781423,35.9957017],[129.1776729,35.9962367],[129.1775784,35.9963248],[129.1775393,35.9963676],[129.1775301,35.9963683],[129.1775718,35.9963985],[129.1775845,35.9963841],[129.1776213,35.9963421],[129.1781694,35.9957173],[129.1787692,35.9950338],[129.1787861,35.9950195],[129.1788094,35.995015],[129.1788381,35.9950146],[129.1788709,35.995022]]]]}},{"type":"Feature","properties":{"UFID":"100035901008A00110100000004450580"},"geometry":{"type":"MultiPolygon","coordinates":[[[[129.1775301,35.9963683],[129.1775297,35.9963681],[129.1774944,35.9963442],[129.1773966,35.9962755],[129.1768869,35.9959268],[129.1767465,35.9958308],[129.1767079,35.9958042],[129.1765985,35.9957277],[129.1763936,35.9955913],[129.1763389,35.9955542],[129.1758674,35.9952346],[129.1758048,35.9951896],[129.1757581,35.9952229],[129.1757624,35.9952224],[129.1757964,35.9952268],[129.1758044,35.9952305],[129.1760278,35.9953806],[129.1762736,35.9955465],[129.1765436,35.9957284],[129.1767608,35.9958764],[129.1768655,35.9959474],[129.177375,35.996296],[129.1774729,35.9963648],[129.1774957,35.9963803],[129.1775036,35.9963932],[129.177506,35.99641],[129.177506,35.9964197],[129.1775301,35.9963683]]]]}},{"type":"Feature","properties":{"UFID":"100035901008A00110100000004450581"},"geometry":{"type":"MultiPolygon","coordinates":[[[[129.1805985,35.9972868],[129.180503,35.9972857],[129.1805177,35.9972926],[129.1805284,35.997302],[129.1805333,35.9973113],[129.1805366,35.9973266],[129.1805363,35.997352],[129.1805255,35.9974867],[129.1805166,35.9975862],[129.1805024,35.9977586],[129.1804921,35.9979493],[129.180479,35.9981091],[129.1804607,35.9982886],[129.1804921,35.9982945],[129.1805068,35.9981417],[129.1805209,35.997974],[129.1805337,35.997812],[129.1805431,35.9976917],[129.1805573,35.9975139],[129.1805698,35.9973887],[129.180576,35.9973268],[129.1805792,35.9973131],[129.1805836,35.9973012],[129.1805887,35.9972944],[129.1805985,35.9972868]]]]}},{"type":"Feature","properties":{"UFID":"100035901008A00110100000004450582"},"geometry":{"type":"MultiPolygon","coordinates":[[[[129.1775718,35.9963985],[129.1775301,35.9963683],[129.177506,35.9964197],[129.1775418,35.9964393],[129.1775496,35.9964287],[129.1775718,35.9963985]]]]}},{"type":"Feature","properties":{"UFID":"100035901007A00110100000004450583"},"geometry":{"type":"MultiPolygon","coordinates":[[[[129.1721202,35.9993294],[129.172033,35.9992499],[129.1718936,35.9994013],[129.1719849,35.9994807],[129.1721202,35.9993294]]]]}},{"type":"Feature","properties":{"UFID":"100035901007A00110100000004450584"},"geometry":{"type":"MultiPolygon","coordinates":[[[[129.1691418,35.9994796],[129.1687535,35.9992883],[129.1687146,35.999343],[129.1691058,35.9995335],[129.1691418,35.9994796]]]]}},{"type":"Feature","properties":{"UFID":"100035901007A00110100000004450585"},"geometry":{"type":"MultiPolygon","coordinates":[[[[129.1692683,35.9995476],[129.1691418,35.9994796],[129.1691058,35.9995335],[129.1692356,35.9995984],[129.1692683,35.9995476]]]]}},{"type":"Feature","properties":{"UFID":"100035901007A00110100000004450586"},"geometry":{"type":"MultiPolygon","coordinates":[[[[129.1687535,35.9992883],[129.1686962,35.999259],[129.1686455,35.999227],[129.1685976,35.9992722],[129.1687146,35.999343],[129.1687535,35.9992883]]]]}},{"type":"Feature","properties":{"UFID":"100035901007A00110100000004450587"},"geometry":{"type":"MultiPolygon","coordinates":[[[[129.1719849,35.9994807],[129.1718936,35.9994013],[129.1718621,35.9994586],[129.1719446,35.9995841],[129.1719849,35.9994807]]]]}},{"type":"Feature","properties":{"UFID":"100035901007A00110100000004450588"},"geometry":{"type":"MultiPolygon","coordinates":[[[[129.172174,35.9992505],[129.1720892,35.9992003],[129.172033,35.9992499],[129.1721202,35.9993294],[129.172174,35.9992505]]]]}},{"type":"Feature","properties":{"UFID":"100035901007A00110100000004450589"},"geometry":{"type":"MultiPolygon","coordinates":[[[[129.1692683,35.9995476],[129.1693573,35.9995807],[129.1693251,35.9995394],[129.1692881,35.9995127],[129.169246,35.9994938],[129.1692099,35.9994788],[129.1691619,35.9994577],[129.1691401,35.9994455],[129.1691368,35.9994333],[129.1691363,35.999415],[129.1690964,35.999403],[129.16907,35.9994389],[129.1691591,35.9994827],[129.1692028,35.9995026],[129.1692387,35.9995259],[129.1692704,35.9995458],[129.1692683,35.9995476]]]]}},{"type":"Feature","properties":{"UFID":"100035901007A00110100000004450590"},"geometry":{"type":"MultiPolygon","coordinates":[[[[129.1692356,35.9995984],[129.1692336,35.9996006],[129.1691127,35.9995398],[129.1690557,35.9995154],[129.1690541,35.999515],[129.169051,35.9995183],[129.1690329,35.9995355],[129.1690932,35.9995687],[129.1690993,35.9995663],[129.1691732,35.9996004],[129.1692059,35.9996169],[129.1692312,35.9996276],[129.1692682,35.9996369],[129.1693157,35.9996489],[129.1692356,35.9995984]]]]}},{"type":"Feature","properties":{"UFID":"100035901007A00110100000004450591"},"geometry":{"type":"MultiPolygon","coordinates":[[[[129.1694995,35.9996672],[129.1694599,35.9996682],[129.169443,35.9996648],[129.1694348,35.9996626],[129.1694248,35.9996548],[129.1694119,35.9996403],[129.1693573,35.9995807],[129.1693157,35.9996489],[129.1694103,35.9997018],[129.1694995,35.9996672]]]]}},{"type":"Feature","properties":{"UFID":"100035901007A00110100000004450592"},"geometry":{"type":"MultiPolygon","coordinates":[[[[129.1693573,35.9995807],[129.1692683,35.9995476],[129.1692356,35.9995984],[129.1693157,35.9996489],[129.1693573,35.9995807]]]]}},{"type":"Feature","properties":{"UFID":"100035901007A00110100000004450593"},"geometry":{"type":"MultiPolygon","coordinates":[[[[129.1720892,35.9992003],[129.1720838,35.9992006],[129.1720771,35.9992006],[129.1720553,35.9991988],[129.1720412,35.9991945],[129.1720344,35.9991911],[129.1720118,35.9991751],[129.1720034,35.9991668],[129.1719785,35.9991368],[129.1719419,35.9990805],[129.17193,35.9990552],[129.1719095,35.99902],[129.1718936,35.9989854],[129.171877,35.9989346],[129.1718737,35.998918],[129.1718673,35.9988817],[129.1718639,35.9988405],[129.1718621,35.9988],[129.1718633,35.9987622],[129.1718674,35.9987244],[129.171874,35.9986862],[129.1718844,35.998646],[129.1718908,35.9986251],[129.1719238,35.9985074],[129.171938,35.9984612],[129.1719657,35.9983621],[129.1719904,35.9982747],[129.1720097,35.998202],[129.172022,35.9981451],[129.172031,35.9980951],[129.1720327,35.9980772],[129.1720347,35.9980323],[129.172034,35.9979948],[129.1720322,35.997958],[129.1720277,35.9979258],[129.1720177,35.9978844],[129.1720116,35.9978611],[129.1719985,35.9978126],[129.1719872,35.9977538],[129.1719842,35.9977402],[129.1719388,35.9977359],[129.1719562,35.9977896],[129.1719849,35.9979008],[129.1719973,35.997969],[129.1720005,35.9980111],[129.1719965,35.9980672],[129.1719846,35.9981459],[129.1719645,35.9982393],[129.1719325,35.9983513],[129.1718963,35.9984793],[129.1718608,35.9985949],[129.171841,35.9986681],[129.1718317,35.9987219],[129.1718252,35.9987812],[129.1718259,35.9988394],[129.1718302,35.9988977],[129.1718441,35.9989562],[129.1718604,35.9989951],[129.1718896,35.9990553],[129.1719234,35.9991129],[129.1719715,35.9991832],[129.172033,35.9992499],[129.1720892,35.9992003]]]]}},{"type":"Feature","properties":{"UFID":"100035901008A00110100000004450594"},"geometry":{"type":"MultiPolygon","coordinates":[[[[129.1758512,35.9951365],[129.1757453,35.9950618],[129.1757001,35.9951116],[129.1758048,35.9951896],[129.1758512,35.9951365]]]]}},{"type":"Feature","properties":{"UFID":"100035901008A00110100000004450595"},"geometry":{"type":"MultiPolygon","coordinates":[[[[129.1770993,35.9938756],[129.1767311,35.9937125],[129.1768082,35.9937717],[129.1768262,35.9938189],[129.1768185,35.9938751],[129.1767902,35.9939038],[129.1766614,35.9940525],[129.1763423,35.9944179],[129.175865,35.9949644],[129.1757867,35.9950525],[129.1758636,35.9951022],[129.1759194,35.9950385],[129.1760463,35.9948962],[129.1762622,35.9946521],[129.1764386,35.9944515],[129.1766242,35.9942433],[129.1768305,35.9940131],[129.1768901,35.9939452],[129.1769165,35.9939238],[129.1769567,35.9938985],[129.1769967,35.9938828],[129.1770654,35.9938735],[129.1770932,35.9938749],[129.1770993,35.9938756]]]]}},{"type":"Feature","properties":{"UFID":"100035901008A00110100000004450596"},"geometry":{"type":"MultiPolygon","coordinates":[[[[129.1758636,35.9951022],[129.1757867,35.9950525],[129.1757453,35.9950618],[129.1758512,35.9951365],[129.1758426,35.9951263],[129.1758636,35.9951022]]]]}},{"type":"Feature","properties":{"UFID":"100035901008A00110100000004450597"},"geometry":{"type":"MultiPolygon","coordinates":[[[[129.1758048,35.9951896],[129.1757001,35.9951116],[129.1757124,35.9951221],[129.1756655,35.9951764],[129.1757581,35.9952229],[129.1758048,35.9951896]]]]}},{"type":"Feature","properties":{"UFID":"100035901008A00110100000004450598"},"geometry":{"type":"MultiPolygon","coordinates":[[[[129.178295,35.9922154],[129.1782686,35.9922066],[129.1782269,35.9922945],[129.1782051,35.9923463],[129.1781875,35.9923834],[129.1781665,35.992421],[129.1781454,35.9924564],[129.1781287,35.9924778],[129.178104,35.9925076],[129.1780758,35.9925361],[129.178028,35.9925886],[129.1779105,35.9927158],[129.1777809,35.9928529],[129.1776621,35.9929871],[129.1775639,35.993095],[129.1774769,35.993194],[129.1773773,35.9933062],[129.1772968,35.9933959],[129.1772274,35.9934849],[129.1771738,35.9935587],[129.1771592,35.9935766],[129.1771486,35.9935838],[129.1771292,35.9935894],[129.1771074,35.9935935],[129.177077,35.9935978],[129.1770568,35.9935965],[129.177031,35.9935897],[129.1772137,35.9936476],[129.1772153,35.9936375],[129.1772139,35.9936243],[129.1772141,35.9936089],[129.1772148,35.9936068],[129.177202,35.9936009],[129.1772127,35.9935789],[129.1772276,35.9935539],[129.1772461,35.9935264],[129.1772731,35.9934904],[129.1773242,35.9934297],[129.1773954,35.9933487],[129.1774801,35.9932547],[129.1775806,35.9931373],[129.1776779,35.9930286],[129.1777912,35.9929034],[129.1779087,35.9927721],[129.1780179,35.9926431],[129.1780856,35.9925719],[129.1780886,35.992569],[129.178128,35.9925306],[129.1781406,35.9925122],[129.1781575,35.9924896],[129.1781731,35.992468],[129.1781902,35.9924395],[129.1782095,35.9924041],[129.178239,35.9923472],[129.1782689,35.9922736],[129.1782914,35.9922224],[129.178295,35.9922154]]]]}},{"type":"Feature","properties":{"UFID":"100035901008A00110100000004450599"},"geometry":{"type":"MultiPolygon","coordinates":[[[[129.1760328,35.9930998],[129.1760445,35.9930661],[129.1760268,35.9930682],[129.1760175,35.9930678],[129.175906,35.9930795],[129.1758767,35.9930853],[129.1758512,35.9930814],[129.175919,35.9931113],[129.1759173,35.9931086],[129.1759193,35.9931054],[129.1760125,35.9930956],[129.1760328,35.9930998]]]]}},{"type":"Feature","properties":{"UFID":"100035901008A00110100000004450600"},"geometry":{"type":"MultiPolygon","coordinates":[[[[129.1760445,35.9930661],[129.1760824,35.9930919],[129.1760824,35.9930868],[129.1760859,35.993078],[129.1761701,35.992982],[129.1765538,35.9925449],[129.1769577,35.9920873],[129.1771109,35.9919144],[129.1770839,35.9918986],[129.1769307,35.9920715],[129.1765268,35.9925292],[129.176143,35.9929663],[129.1760628,35.9930577],[129.1760445,35.9930661]]]]}},{"type":"Feature","properties":{"UFID":"100035901008A00110100000004450601"},"geometry":{"type":"MultiPolygon","coordinates":[[[[129.1760824,35.9930919],[129.1760546,35.9931157],[129.1760637,35.9931234],[129.1760894,35.9931735],[129.1761002,35.9931932],[129.1761006,35.9931948],[129.1760983,35.9931977],[129.1761869,35.9932405],[129.1761473,35.9932119],[129.1761393,35.9931983],[129.17612,35.9931628],[129.1760883,35.993101],[129.1760859,35.993099],[129.1760824,35.9930919]]]]}},{"type":"Feature","properties":{"UFID":"100035901008A00110100000004450602"},"geometry":{"type":"MultiPolygon","coordinates":[[[[129.1760824,35.9930919],[129.1760445,35.9930661],[129.1760328,35.9930998],[129.1760507,35.9931125],[129.1760546,35.9931157],[129.1760824,35.9930919]]]]}},{"type":"Feature","properties":{"UFID":"100035901008A00110100000004450603"},"geometry":{"type":"MultiPolygon","coordinates":[[[[129.1789038,35.9911885],[129.1788245,35.9911777],[129.1788074,35.991232],[129.1789096,35.9912715],[129.1789063,35.9912325],[129.1789038,35.9911885]]]]}},{"type":"Feature","properties":{"UFID":"100035901008A00110100000004450604"},"geometry":{"type":"MultiPolygon","coordinates":[[[[129.1788074,35.991232],[129.1788,35.9912468],[129.1787941,35.9912519],[129.1787651,35.9912641],[129.17876,35.9912656],[129.1787476,35.9912618],[129.1786426,35.991203],[129.1786209,35.9911905],[129.1785584,35.9911536],[129.1785185,35.9911292],[129.1784955,35.9911186],[129.1784861,35.9911162],[129.1784774,35.9911158],[129.1784664,35.9911179],[129.1784573,35.9911233],[129.1784442,35.9911397],[129.178423,35.9911657],[129.1784027,35.9911875],[129.1783105,35.9913064],[129.1783386,35.9913208],[129.1784301,35.9912029],[129.1784495,35.9911821],[129.1784694,35.991161],[129.1784751,35.9911574],[129.1784852,35.9911559],[129.1785043,35.9911571],[129.1785065,35.9911575],[129.1785148,35.9911612],[129.1786015,35.9912125],[129.1786238,35.9912253],[129.1787374,35.9912864],[129.1787927,35.9913122],[129.1788187,35.9913299],[129.1788288,35.9913413],[129.1788322,35.9913474],[129.1788074,35.991232]]]]}},{"type":"Feature","properties":{"UFID":"100035901008A00110100000004450605"},"geometry":{"type":"MultiPolygon","coordinates":[[[[129.1784714,35.9894853],[129.1784398,35.9894492],[129.178437,35.9894507],[129.1784317,35.9894507],[129.1781278,35.9893568],[129.1780918,35.9893469],[129.1779151,35.9893014],[129.1778912,35.9893236],[129.1780814,35.9893726],[129.1781166,35.9893822],[129.1784688,35.9894912],[129.1784714,35.9894853]]]]}},{"type":"Feature","properties":{"UFID":"100035901008A00110100000004450606"},"geometry":{"type":"MultiPolygon","coordinates":[[[[129.178497,35.9894693],[129.1784922,35.9894639],[129.1784874,35.9894563],[129.178478,35.9894388],[129.1784398,35.9894492],[129.1784714,35.9894853],[129.178497,35.9894693]]]]}},{"type":"Feature","properties":{"UFID":"100035901008A00110100000004450607"},"geometry":{"type":"MultiPolygon","coordinates":[[[[129.178478,35.9894388],[129.1784686,35.9894248],[129.1784512,35.9894038],[129.1784214,35.9893681],[129.178385,35.9893858],[129.17844,35.9894427],[129.1784402,35.9894442],[129.1784402,35.9894468],[129.1784398,35.9894492],[129.178478,35.9894388]]]]}},{"type":"Feature","properties":{"UFID":"100035901008A00110100000004450608"},"geometry":{"type":"MultiPolygon","coordinates":[[[[129.1790282,35.9907239],[129.1790186,35.9907211],[129.1790083,35.9907164],[129.1788786,35.9906466],[129.1788632,35.9906369],[129.1788462,35.9906265],[129.1787781,35.99059],[129.1787084,35.9905516],[129.1786291,35.9905131],[129.1785426,35.9904736],[129.1784683,35.990441],[129.1783909,35.9904096],[129.1783099,35.9903777],[129.1782136,35.990342],[129.178116,35.9903072],[129.1780331,35.9902794],[129.1779431,35.9902507],[129.1777582,35.9901967],[129.1776496,35.9901654],[129.1776227,35.9901586],[129.1776084,35.99019],[129.1776182,35.9901902],[129.1776356,35.9901902],[129.1776391,35.9901911],[129.177747,35.9902222],[129.1779314,35.990276],[129.1780207,35.9903045],[129.178103,35.9903321],[129.1782,35.9903667],[129.1782957,35.9904022],[129.1783762,35.9904339],[129.178453,35.990465],[129.1785265,35.9904973],[129.1786124,35.9905365],[129.1786906,35.9905744],[129.1787596,35.9906124],[129.178827,35.9906486],[129.178843,35.9906584],[129.1788587,35.9906683],[129.1789245,35.9907141],[129.1789408,35.9907298],[129.1789566,35.9907459],[129.1789663,35.9907582],[129.1789715,35.9907713],[129.1790282,35.9907239]]]]}},{"type":"Feature","properties":{"UFID":"100035901008A00110100000004450609"},"geometry":{"type":"MultiPolygon","coordinates":[[[[129.1788245,35.9911777],[129.1788121,35.9911796],[129.1788004,35.9911792],[129.1787884,35.9911762],[129.1787665,35.9911662],[129.1787354,35.9911517],[129.1787136,35.9911398],[129.1786922,35.9911278],[129.1786807,35.9911212],[129.1785778,35.9910542],[129.1784365,35.9909636],[129.1782796,35.9908848],[129.1782032,35.9908111],[129.178079,35.9906718],[129.1780437,35.9906782],[129.178177,35.9908279],[129.1782575,35.9909056],[129.1784174,35.9909858],[129.1785572,35.9910755],[129.1786614,35.9911432],[129.1786731,35.99115],[129.1786949,35.9911621],[129.1787178,35.9911747],[129.1787501,35.9911898],[129.1787903,35.991208],[129.1788078,35.9912177],[129.1788076,35.9912268],[129.1788074,35.991232],[129.1788245,35.9911777]]]]}},{"type":"Feature","properties":{"UFID":"100035901008A00110100000004450610"},"geometry":{"type":"MultiPolygon","coordinates":[[[[129.1776084,35.99019],[129.1774645,35.9901465],[129.1774734,35.9901523],[129.1774805,35.9901605],[129.177489,35.9901731],[129.1774943,35.9901849],[129.1774964,35.9901934],[129.1774964,35.9902029],[129.1774946,35.9902141],[129.1774877,35.9902325],[129.1774698,35.9902626],[129.1774637,35.9902713],[129.1774507,35.9902928],[129.1774468,35.9903028],[129.1774352,35.9903256],[129.1774213,35.9903458],[129.1774207,35.9903464],[129.1774095,35.990353],[129.1773954,35.9903619],[129.1773289,35.990428],[129.1773239,35.9904357],[129.1773222,35.9904409],[129.1773217,35.9904418],[129.1773008,35.9904598],[129.1772086,35.9905405],[129.1771621,35.9905808],[129.1771261,35.9906087],[129.177149,35.9906283],[129.1771858,35.9905998],[129.1772329,35.9905589],[129.1773251,35.9904783],[129.1773499,35.9904569],[129.1773538,35.9904497],[129.1773551,35.9904455],[129.1773567,35.990443],[129.1774188,35.9903814],[129.1774295,35.9903746],[129.1774433,35.9903665],[129.1774486,35.9903615],[129.1774652,35.9903374],[129.1774781,35.9903121],[129.1774817,35.9903029],[129.1774932,35.9902839],[129.1774992,35.9902751],[129.1775113,35.9902549],[129.1775376,35.9902262],[129.1775518,35.9902105],[129.1775614,35.9902031],[129.1775708,35.9901986],[129.1775825,35.9901943],[129.1775965,35.9901912],[129.1776084,35.99019]]]]}},{"type":"Feature","properties":{"UFID":"100035901008A00110100000004450611"},"geometry":{"type":"MultiPolygon","coordinates":[[[[129.1776227,35.9901586],[129.1774939,35.9901262],[129.1774747,35.9901207],[129.1774645,35.9901465],[129.1776084,35.99019],[129.1776227,35.9901586]]]]}},{"type":"Feature","properties":{"UFID":"100035901008A00110100000004450612"},"geometry":{"type":"MultiPolygon","coordinates":[[[[129.1754881,35.9907364],[129.1754496,35.9907795],[129.1754591,35.9907795],[129.175472,35.9907814],[129.1754875,35.990786],[129.1756471,35.9908654],[129.1758317,35.9909583],[129.1758528,35.9909411],[129.1757526,35.990885],[129.1756587,35.9908334],[129.1756108,35.9908067],[129.1755622,35.9907797],[129.1755035,35.9907516],[129.1754881,35.9907364]]]]}},{"type":"Feature","properties":{"UFID":"100035901008A00110100000004450613"},"geometry":{"type":"MultiPolygon","coordinates":[[[[129.1754881,35.9907364],[129.1754579,35.9907246],[129.175424,35.9907679],[129.1754496,35.9907795],[129.1754881,35.9907364]]]]}},{"type":"Feature","properties":{"UFID":"100035901008A00110100000004450614"},"geometry":{"type":"MultiPolygon","coordinates":[[[[129.1783367,35.9920869],[129.1783159,35.9920935],[129.1783027,35.9920941],[129.1782871,35.9920919],[129.1782615,35.9920761],[129.178231,35.9920543],[129.1781516,35.9920218],[129.178036,35.9919772],[129.1779316,35.9919348],[129.1778481,35.9919052],[129.1777578,35.9918847],[129.1777009,35.9918668],[129.177695,35.9918639],[129.1776905,35.991856],[129.1776882,35.9918485],[129.1776874,35.9918372],[129.1776879,35.9918256],[129.1776901,35.9918153],[129.1776924,35.9918046],[129.177694,35.9917999],[129.1777316,35.9917489],[129.1777751,35.9916915],[129.1778167,35.9916391],[129.1778618,35.9915937],[129.1779076,35.9915482],[129.1779466,35.9914988],[129.1779517,35.9914888],[129.1779555,35.9914802],[129.1779566,35.9914709],[129.1779547,35.991464],[129.1779519,35.9914581],[129.1779486,35.9914523],[129.1779262,35.9914564],[129.1779326,35.9914679],[129.1779349,35.9914816],[129.1779348,35.9914943],[129.1779301,35.9915028],[129.1778911,35.9915491],[129.1778302,35.9916025],[129.1777561,35.9916763],[129.1777195,35.991733],[129.177694,35.9917668],[129.1776779,35.9917888],[129.1776653,35.9918026],[129.1776572,35.9918183],[129.1776536,35.9918298],[129.1776514,35.9918419],[129.1776525,35.9918548],[129.177657,35.9918638],[129.1776711,35.9918747],[129.1776848,35.9918828],[129.1776939,35.9918856],[129.1777536,35.9919033],[129.1778619,35.9919322],[129.1778766,35.9919417],[129.1778924,35.9919558],[129.1779102,35.9919696],[129.1779211,35.991984],[129.1779207,35.9919993],[129.1779174,35.9920074],[129.1779457,35.992013],[129.1779588,35.9919909],[129.1779634,35.9919868],[129.1779736,35.9919863],[129.178048,35.9920084],[129.1781249,35.9920389],[129.1782015,35.9920724],[129.1782454,35.9920963],[129.1782702,35.992129],[129.1782739,35.9921482],[129.1782686,35.9922066],[129.1782918,35.9921575],[129.1783159,35.9921169],[129.1783367,35.9920869]]]]}},{"type":"Feature","properties":{"UFID":"100035901008A00110100000004450615"},"geometry":{"type":"MultiPolygon","coordinates":[[[[129.1789059,35.9913713],[129.1788322,35.9913474],[129.1788347,35.9913571],[129.178835,35.9913674],[129.1788338,35.9913817],[129.1788261,35.9914055],[129.1788112,35.9914379],[129.1787908,35.991474],[129.1787748,35.9915001],[129.178754,35.9915269],[129.1787279,35.9915608],[129.1786672,35.991639],[129.178567,35.9917748],[129.1784695,35.9919055],[129.1783928,35.9920063],[129.1783465,35.9920728],[129.1783367,35.9920869],[129.1783647,35.9920998],[129.1783863,35.9920742],[129.1784079,35.992055],[129.1784305,35.9920353],[129.1784564,35.9920083],[129.1784791,35.9919798],[129.178545,35.9918909],[129.1786407,35.9917617],[129.1787094,35.9916702],[129.1787494,35.9916188],[129.1787794,35.9915803],[129.178816,35.9915257],[129.1788407,35.9914877],[129.1788616,35.9914529],[129.1788918,35.9913972],[129.1789059,35.9913713]]]]}},{"type":"Feature","properties":{"UFID":"100035901008A00110100000004450616"},"geometry":{"type":"MultiPolygon","coordinates":[[[[129.1783647,35.9920998],[129.1783367,35.9920869],[129.1783159,35.9921169],[129.1782918,35.9921575],[129.1782686,35.9922066],[129.178295,35.9922154],[129.1783067,35.9921928],[129.178322,35.9921647],[129.1783362,35.9921403],[129.1783641,35.9921004],[129.1783647,35.9920998]]]]}},{"type":"Feature","properties":{"UFID":"100035901007A00110100000004450617"},"geometry":{"type":"MultiPolygon","coordinates":[[[[129.1748525,35.9944572],[129.1748174,35.9944364],[129.174775,35.9944836],[129.174781,35.9944876],[129.1748073,35.9945052],[129.1748525,35.9944572]]]]}},{"type":"Feature","properties":{"UFID":"100035901007A00110100000004450618"},"geometry":{"type":"MultiPolygon","coordinates":[[[[129.1744222,35.9923213],[129.1742922,35.9922968],[129.1742614,35.9923429],[129.1744003,35.992395],[129.1743743,35.9923668],[129.1743682,35.99236],[129.1743676,35.9923557],[129.1743715,35.9923492],[129.1744062,35.9923263],[129.1744146,35.9923225],[129.1744222,35.9923213]]]]}},{"type":"Feature","properties":{"UFID":"100035901007A00110100000004450619"},"geometry":{"type":"MultiPolygon","coordinates":[[[[129.1748864,35.9944155],[129.1748554,35.9943977],[129.1748542,35.9943991],[129.1748174,35.9944364],[129.1748525,35.9944572],[129.1748864,35.9944155]]]]}},{"type":"Feature","properties":{"UFID":"100035901007A00110100000004450620"},"geometry":{"type":"MultiPolygon","coordinates":[[[[129.1744546,35.9920999],[129.1744321,35.9920775],[129.1744049,35.9920931],[129.174327,35.9921222],[129.1743798,35.992207],[129.1743987,35.9921736],[129.1744546,35.9920999]]]]}},{"type":"Feature","properties":{"UFID":"100035901007A00110100000004450621"},"geometry":{"type":"MultiPolygon","coordinates":[[[[129.1743798,35.992207],[129.174327,35.9921222],[129.1742734,35.9921674],[129.1743134,35.9922407],[129.1743798,35.992207]]]]}},{"type":"Feature","properties":{"UFID":"100035901007A00110100000004450622"},"geometry":{"type":"MultiPolygon","coordinates":[[[[129.1743738,35.9922426],[129.1743714,35.9922331],[129.1743732,35.9922236],[129.1743798,35.992207],[129.1743134,35.9922407],[129.1742922,35.9922968],[129.1743738,35.9922426]]]]}},{"type":"Feature","properties":{"UFID":"100035901007A00110100000004450623"},"geometry":{"type":"MultiPolygon","coordinates":[[[[129.1744475,35.9922876],[129.1744177,35.9922769],[129.1743972,35.992266],[129.1743822,35.9922552],[129.1743738,35.9922426],[129.1742922,35.9922968],[129.1744222,35.9923213],[129.1744475,35.9922876]]]]}},{"type":"Feature","properties":{"UFID":"100035901008A00110100000004450624"},"geometry":{"type":"MultiPolygon","coordinates":[[[[129.1974912,35.978858],[129.197452,35.9788547],[129.1973066,35.9790027],[129.1972354,35.9791098],[129.1972027,35.9791951],[129.1972011,35.9792355],[129.1972119,35.9793051],[129.1972145,35.9793601],[129.1971941,35.9794162],[129.1971696,35.979484],[129.1971583,35.9795554],[129.1971237,35.9796272],[129.1969911,35.9797653],[129.1968562,35.97989],[129.1965863,35.9801366],[129.1966059,35.9801595],[129.1968811,35.979908],[129.1970167,35.9797826],[129.197153,35.9796408],[129.1971908,35.9795621],[129.1972023,35.9794896],[129.1972261,35.9794239],[129.197248,35.9793634],[129.1972451,35.9793028],[129.1972344,35.9792343],[129.1972358,35.9791997],[129.1972661,35.9791203],[129.1973345,35.9790177],[129.1974912,35.978858]]]]}},{"type":"Feature","properties":{"UFID":"100035901008A00110100000004451271"},"geometry":{"type":"MultiPolygon","coordinates":[[[[129.1981993,35.9992834],[129.1981501,35.9992877],[129.1981831,35.999493],[129.1981831,35.9994955],[129.198182,35.9994969],[129.1981775,35.9994992],[129.1982735,35.9995141],[129.1982561,35.9994888],[129.1982541,35.9994835],[129.1982501,35.9994555],[129.1982205,35.9992858],[129.1982199,35.9992812],[129.1982175,35.9992811],[129.1981993,35.9992834]]]]}},{"type":"Feature","properties":{"UFID":"100035901008A00110100000004451272"},"geometry":{"type":"MultiPolygon","coordinates":[[[[129.1982735,35.9995141],[129.1981775,35.9994992],[129.1981768,35.9995609],[129.1982856,35.9995677],[129.1982841,35.9995568],[129.198277,35.9995209],[129.1982735,35.9995141]]]]}},{"type":"Feature","properties":{"UFID":"100035901008A00110100000004451273"},"geometry":{"type":"MultiPolygon","coordinates":[[[[129.1981993,35.9992834],[129.1981693,35.9991386],[129.1981612,35.9991009],[129.1981138,35.9991032],[129.1981161,35.9991065],[129.1981348,35.9991929],[129.1981501,35.9992877],[129.1981993,35.9992834]]]]}},{"type":"Feature","properties":{"UFID":"100035901008A00110100000004451274"},"geometry":{"type":"MultiPolygon","coordinates":[[[[129.1981558,35.9990566],[129.1981612,35.9991009],[129.1981727,35.9990992],[129.1986114,35.999031],[129.1986219,35.9990294],[129.1986195,35.9989966],[129.1981649,35.9990598],[129.1981558,35.9990566]]]]}},{"type":"Feature","properties":{"UFID":"100035901008A00110100000004451275"},"geometry":{"type":"MultiPolygon","coordinates":[[[[129.1981612,35.9991009],[129.1981558,35.9990566],[129.1980955,35.9990675],[129.1981138,35.9991032],[129.1981612,35.9991009]]]]}}]}