{"type":"FeatureCollection","features":[{"type":"Feature","properties":{"UFID":"100035902067A00110100000004455374"},"geometry":{"type":"MultiPolygon","coordinates":[[[[129.4066006,35.8481937],[129.4064914,35.8481619],[129.4063969,35.8481282],[129.406312,35.8480947],[129.4062358,35.8480775],[129.4061597,35.8480736],[129.4061313,35.8480734],[129.4061117,35.8480742],[129.4060919,35.8480763],[129.4060783,35.8480783],[129.4060085,35.8480947],[129.4059183,35.8481503],[129.4058468,35.8482182],[129.4057494,35.8483323],[129.4056768,35.8484159],[129.4056329,35.848457],[129.4055493,35.8485065],[129.4052979,35.8486587],[129.405298,35.848658],[129.405187,35.8487228],[129.4051338,35.8487482],[129.4051189,35.8487534],[129.4051098,35.8487553],[129.4051002,35.8487565],[129.4050926,35.8487576],[129.4050832,35.8487581],[129.4050768,35.8487582],[129.4050694,35.8487578],[129.4050585,35.848756],[129.4050411,35.848752],[129.4050095,35.8487348],[129.4049849,35.8487137],[129.4049669,35.8486952],[129.4049571,35.8486772],[129.4049536,35.8486667],[129.4049517,35.8486571],[129.4049512,35.8486475],[129.404954,35.8486348],[129.4049575,35.8486253],[129.4049659,35.8486063],[129.405005,35.8485516],[129.4052277,35.8482556],[129.4052483,35.8482256],[129.4053492,35.8480553],[129.4054519,35.8478854],[129.4055296,35.8477775],[129.4055893,35.8476992],[129.4056559,35.8475973],[129.4056971,35.8475046],[129.4057524,35.8473306],[129.4058101,35.847135],[129.4058647,35.8469316],[129.4059013,35.8467396],[129.4059191,35.8466006],[129.4059251,35.8464531],[129.4059245,35.846279],[129.4059223,35.8461042],[129.405929,35.8459865],[129.4059498,35.845858],[129.4059727,35.8457213],[129.4060032,35.8455628],[129.4060615,35.8453105],[129.4061046,35.8451183],[129.4061195,35.844986],[129.4061341,35.8448853],[129.4061563,35.8447969],[129.4061592,35.8447901],[129.4060651,35.8447736],[129.4060448,35.8448657],[129.4060262,35.8450021],[129.4060049,35.8451325],[129.4059784,35.8452712],[129.4059352,35.8454732],[129.4058857,35.8456897],[129.4058405,35.8459776],[129.4058304,35.8460657],[129.4058273,35.8461725],[129.4058208,35.8462383],[129.4057845,35.8463032],[129.4057836,35.8466563],[129.4057315,35.8469552],[129.4056512,35.8472458],[129.4056398,35.8473044],[129.4056534,35.8473436],[129.405608,35.8474991],[129.4055729,35.8475829],[129.4055204,35.847655],[129.4054471,35.847736],[129.4053947,35.8478068],[129.4053103,35.8479425],[129.4051705,35.8481773],[129.4050666,35.8483354],[129.4049581,35.8484746],[129.4048692,35.848597],[129.4048427,35.8486551],[129.4048394,35.848687],[129.4048512,35.8487389],[129.4048875,35.8487905],[129.4049487,35.8488316],[129.4050088,35.8488506],[129.4050421,35.8488577],[129.405083,35.8488594],[129.4051408,35.8488549],[129.405221,35.8488284],[129.4053411,35.8487639],[129.405497,35.8486727],[129.4056496,35.848578],[129.4057488,35.8485219],[129.4057703,35.8485003],[129.4058241,35.8484322],[129.4058799,35.8483558],[129.4059457,35.8482928],[129.4060089,35.8482457],[129.4060755,35.8482213],[129.4061436,35.8482038],[129.4062044,35.8481997],[129.4062428,35.8482025],[129.4063144,35.8482178],[129.4064083,35.8482554],[129.4064983,35.8482858],[129.4066422,35.8483196],[129.4067488,35.8483364],[129.4068428,35.8483436],[129.4069901,35.8483487],[129.4072002,35.8483574],[129.4072971,35.8483634],[129.4073944,35.8483711],[129.4074872,35.8483926],[129.4075574,35.8484187],[129.4076078,35.8484374],[129.4076825,35.8484669],[129.4077409,35.84849],[129.4078275,35.8485338],[129.4079055,35.8485873],[129.4079068,35.8485886],[129.4079594,35.848639],[129.407992,35.8486929],[129.4080105,35.8487582],[129.4080158,35.8487986],[129.4080201,35.8488309],[129.4080166,35.8488798],[129.4080053,35.8489403],[129.4080007,35.8489512],[129.4079593,35.8490488],[129.4079093,35.8491757],[129.4078893,35.8492647],[129.4078888,35.8493109],[129.4078927,35.849349],[129.407897,35.849372],[129.4079459,35.849455],[129.40795,35.8494608],[129.4080166,35.849555],[129.4080439,35.8496095],[129.4080899,35.8497359],[129.4081558,35.8499687],[129.4081613,35.85],[129.4081614,35.8500006],[129.4081696,35.850047],[129.4081816,35.8501193],[129.4081893,35.8502154],[129.4081795,35.8502782],[129.4081766,35.8503883],[129.4081787,35.850425],[129.4081827,35.8504475],[129.408194,35.8504833],[129.4082205,35.8505264],[129.4082796,35.8505955],[129.4083299,35.8506593],[129.408351,35.8507057],[129.4083589,35.8507444],[129.4083566,35.8507686],[129.4083521,35.8507919],[129.408331,35.8508454],[129.4082803,35.8509577],[129.4082592,35.8510137],[129.408351,35.851015],[129.408372,35.8509452],[129.4084067,35.850895],[129.4084545,35.8508243],[129.4084674,35.8507658],[129.408467,35.8507282],[129.4084086,35.8505318],[129.4083328,35.8502932],[129.4082435,35.8500006],[129.4082434,35.85],[129.4081818,35.8497956],[129.4081306,35.8496466],[129.4081122,35.8495951],[129.4080728,35.8495274],[129.4080193,35.8494491],[129.407983,35.849373],[129.4079679,35.8493129],[129.4079686,35.849274],[129.4079687,35.8492725],[129.4079688,35.8492714],[129.4079848,35.8491948],[129.408008,35.8491397],[129.4080583,35.849013],[129.4080928,35.8488929],[129.4080976,35.8488105],[129.4080955,35.8487658],[129.4080802,35.8487064],[129.4080507,35.8486459],[129.4080333,35.8486225],[129.408,35.8485775],[129.4079194,35.8484942],[129.4079163,35.8484926],[129.4078151,35.8484383],[129.4076912,35.8483795],[129.4076215,35.8483465],[129.4075664,35.8483282],[129.4074769,35.8482985],[129.4073293,35.8482671],[129.4071238,35.8482463],[129.4069421,35.8482409],[129.4068511,35.8482363],[129.4067428,35.8482236],[129.4066006,35.8481937]]]]}},{"type":"Feature","properties":{"UFID":"100035902057A00110100000004455375"},"geometry":{"type":"MultiPolygon","coordinates":[[[[129.408167,35.8435929],[129.408038,35.8435843],[129.4075992,35.8479981],[129.4075664,35.8483282],[129.4075574,35.8484187],[129.4074002,35.85],[129.4074001,35.8500005],[129.4070325,35.8536967],[129.4070209,35.8538133],[129.4070117,35.8538983],[129.4069935,35.8540658],[129.4069621,35.8543257],[129.4069293,35.8545714],[129.4069211,35.8546327],[129.4068881,35.8548584],[129.4068542,35.8550751],[129.4068312,35.8552132],[129.4068144,35.8553134],[129.4067679,35.8555739],[129.4067253,35.8557974],[129.4067226,35.8558115],[129.4067022,35.8559127],[129.4066745,35.8560499],[129.4066211,35.8563003],[129.4065655,35.8565469],[129.4065131,35.8567684],[129.4064537,35.8570085],[129.4064,35.8572161],[129.4063596,35.8573673],[129.4063223,35.8575033],[129.4062798,35.8576544],[129.4062394,35.8577943],[129.4061929,35.8579515],[129.4061735,35.8580154],[129.4063154,35.8579871],[129.4063226,35.8579638],[129.4063734,35.8577915],[129.4064212,35.8576245],[129.4064961,35.8573529],[129.4065642,35.857094],[129.4066306,35.8568284],[129.4066671,35.8566765],[129.4067305,35.8564006],[129.4067863,35.8561435],[129.4068268,35.8559447],[129.406848,35.8558409],[129.4068505,35.8558279],[129.4068749,35.8557016],[129.406922,35.8554458],[129.4069727,35.8551498],[129.4070145,35.8548855],[129.4070375,35.8547306],[129.4070525,35.8546252],[129.407076,35.8544523],[129.4070994,35.8542694],[129.4071249,35.8540537],[129.4071405,35.8539124],[129.4071642,35.8536802],[129.4071671,35.8536512],[129.4071811,35.8535106],[129.4075301,35.8500006],[129.4075301,35.85],[129.4076825,35.8484669],[129.4076912,35.8483795],[129.408167,35.8435929]]]]}},{"type":"Feature","properties":{"UFID":"100035902057A00110100000004455376"},"geometry":{"type":"MultiPolygon","coordinates":[[[[129.4084924,35.8440047],[129.4083633,35.8439962],[129.4079163,35.8484926],[129.4079068,35.8485886],[129.4077665,35.85],[129.4077664,35.8500006],[129.4074491,35.853192],[129.4074357,35.8533273],[129.4074015,35.8536711],[129.4073742,35.8539387],[129.407346,35.8541872],[129.4073248,35.85436],[129.4072973,35.8545695],[129.4072712,35.8547547],[129.4072336,35.8550043],[129.4071887,35.8552805],[129.4071554,35.8554721],[129.4071201,35.8556653],[129.4070669,35.8559405],[129.4070656,35.8559469],[129.4070434,35.8560544],[129.40701,35.8562159],[129.4069438,35.8565171],[129.406894,35.8567315],[129.4068423,35.8569447],[129.4067879,35.8571602],[129.4067144,35.8574379],[129.4066108,35.8578076],[129.4065727,35.857936],[129.4067145,35.8579078],[129.406743,35.8578103],[129.4068035,35.8575968],[129.4068549,35.8574087],[129.4069213,35.8571558],[129.4069791,35.8569257],[129.4070504,35.8566268],[129.4071248,35.8562941],[129.4071586,35.8561304],[129.4071786,35.8560337],[129.4072037,35.8559121],[129.4072604,35.8556153],[129.4073022,35.8553811],[129.4073871,35.8548539],[129.4074556,35.8543553],[129.4075252,35.8537334],[129.407583,35.8531525],[129.4075964,35.8530179],[129.4078964,35.8500006],[129.4078964,35.85],[129.40795,35.8494608],[129.4079686,35.849274],[129.4079687,35.8492725],[129.4079688,35.8492714],[129.4080007,35.8489512],[129.4080158,35.8487986],[129.4080333,35.8486225],[129.4082961,35.8459792],[129.4084924,35.8440047]]]]}},{"type":"Feature","properties":{"UFID":"100035902057A00110100000004455450"},"geometry":{"type":"MultiPolygon","coordinates":[[[[129.4077015,35.8584903],[129.4076155,35.8584986],[129.4076328,35.858618],[129.4076333,35.8586288],[129.4077222,35.8587404],[129.407715,35.8585993],[129.4077015,35.8584903]]]]}},{"type":"Feature","properties":{"UFID":"100035902057A00110100000004455451"},"geometry":{"type":"MultiPolygon","coordinates":[[[[129.4077015,35.8584903],[129.4076801,35.8583949],[129.4075942,35.8584034],[129.4076118,35.8584727],[129.4076155,35.8584986],[129.4077015,35.8584903]]]]}},{"type":"Feature","properties":{"UFID":"100035902057A00110100000004455452"},"geometry":{"type":"MultiPolygon","coordinates":[[[[129.4070458,35.8559317],[129.4069107,35.855856],[129.4068505,35.8558279],[129.4068185,35.855813],[129.4067253,35.8557974],[129.4067251,35.8557974],[129.4066197,35.8557833],[129.4065471,35.8557805],[129.4064906,35.8557831],[129.4064243,35.855791],[129.4063227,35.855814],[129.4062299,35.8558429],[129.4061623,35.8558784],[129.4061015,35.8559379],[129.4060088,35.8560388],[129.4059483,35.8561086],[129.4058804,35.8561671],[129.405829,35.8561836],[129.4057894,35.8561855],[129.4057565,35.8561777],[129.4057173,35.856145],[129.4056858,35.8560838],[129.4056798,35.8560481],[129.4057115,35.8558794],[129.4057446,35.8557197],[129.4057699,35.8556631],[129.4058243,35.8556115],[129.4059428,35.8555641],[129.4062164,35.8554846],[129.4064366,35.8554159],[129.4066269,35.8553329],[129.40679,35.8552511],[129.4068312,35.8552132],[129.4068884,35.8551605],[129.4069386,35.8550717],[129.4069688,35.8549751],[129.406986,35.8548871],[129.4069885,35.8548323],[129.4069833,35.8547642],[129.4069563,35.8546496],[129.4069293,35.8545714],[129.4069075,35.8545082],[129.4068773,35.8543776],[129.4068736,35.8543124],[129.4068763,35.8542715],[129.4068855,35.8542131],[129.4069254,35.8540866],[129.4070007,35.8539192],[129.4070117,35.8538983],[129.4070704,35.8537864],[129.4071537,35.8536675],[129.4071671,35.8536512],[129.4072954,35.8534953],[129.4074357,35.8533273],[129.407477,35.8532779],[129.407583,35.8531525],[129.4076568,35.8530651],[129.407771,35.8529236],[129.4078287,35.8528478],[129.4078613,35.8527812],[129.4078853,35.8527169],[129.4079216,35.8525756],[129.4079923,35.8523834],[129.4080619,35.8521858],[129.4081466,35.8519746],[129.4082072,35.8517957],[129.4082403,35.8516637],[129.4082622,35.8515214],[129.408276,35.8513935],[129.4082979,35.8512526],[129.4083198,35.8511563],[129.4083399,35.8510906],[129.4082326,35.8510918],[129.4082181,35.8511537],[129.4082113,35.8512107],[129.4081973,35.8513631],[129.4081759,35.8515286],[129.4081556,35.851666],[129.4081103,35.851827],[129.4080421,35.8520174],[129.4079758,35.8521956],[129.4078997,35.8523888],[129.4078478,35.8525337],[129.4078145,35.8526544],[129.4077828,35.8527555],[129.4077486,35.8528303],[129.4076856,35.8529121],[129.4075964,35.8530179],[129.4075258,35.8531017],[129.4074491,35.853192],[129.4073298,35.8533325],[129.4071811,35.8535106],[129.4071427,35.8535566],[129.4070325,35.8536967],[129.4070313,35.8536984],[129.406966,35.8538032],[129.4069002,35.8539285],[129.4068449,35.8540664],[129.4068056,35.8541837],[129.4067915,35.8542578],[129.4067872,35.8543326],[129.4068093,35.8544646],[129.4068393,35.8546001],[129.4068765,35.8547498],[129.4068881,35.8548372],[129.4068733,35.8549139],[129.4068518,35.8550026],[129.4068257,35.8550656],[129.4067926,35.8551202],[129.4067364,35.8551718],[129.4066413,35.8552255],[129.4064847,35.855295],[129.406311,35.8553506],[129.4062068,35.8553817],[129.4061157,35.8554063],[129.4059519,35.8554606],[129.4058826,35.8555],[129.4058136,35.8555451],[129.4057404,35.8556013],[129.4056891,35.8556562],[129.4056625,35.8557139],[129.4056281,35.8558577],[129.4055942,35.8560535],[129.4055895,35.8561437],[129.4056033,35.8561961],[129.4056333,35.8562339],[129.4056811,35.8562683],[129.4057544,35.8562892],[129.4058425,35.8562935],[129.4059239,35.8562804],[129.4059891,35.8562434],[129.406093,35.8561437],[129.4061868,35.8560502],[129.4062694,35.8559823],[129.4063484,35.8559392],[129.4064231,35.8559165],[129.4065213,35.8559013],[129.406609,35.855899],[129.4066629,35.8559045],[129.4067022,35.8559127],[129.4067565,35.8559241],[129.4068268,35.8559447],[129.4068454,35.8559502],[129.4069196,35.8559807],[129.4070198,35.8560389],[129.4070434,35.8560544],[129.4071575,35.8561295],[129.4071586,35.8561304],[129.4072852,35.8562338],[129.4074382,35.8563796],[129.4075691,35.8565173],[129.4076468,35.8566087],[129.4076908,35.8566649],[129.4077051,35.8567142],[129.4077062,35.8567507],[129.4077042,35.8567822],[129.4076832,35.8569631],[129.4076623,35.8571238],[129.4076487,35.8572538],[129.4076419,35.8573675],[129.4076446,35.8575042],[129.4076519,35.857598],[129.4076501,35.857648],[129.4076467,35.8576751],[129.4076165,35.8577663],[129.4075623,35.8579055],[129.4075356,35.8579932],[129.4075247,35.8580779],[129.4075252,35.8581119],[129.4075314,35.8581546],[129.4075942,35.8584034],[129.4076801,35.8583949],[129.4076766,35.8583911],[129.4076707,35.8583731],[129.4076266,35.8581849],[129.4076084,35.8581104],[129.4076076,35.858063],[129.4076114,35.8580295],[129.4076444,35.8579198],[129.4077053,35.857753],[129.4077353,35.857662],[129.4077423,35.8576126],[129.4077433,35.8575617],[129.4077395,35.857479],[129.407732,35.8573601],[129.4077318,35.8572372],[129.4077438,35.8571086],[129.4077723,35.8569323],[129.4077882,35.856773],[129.4077894,35.8567024],[129.4077853,35.8566731],[129.407765,35.8566266],[129.4077062,35.8565386],[129.40752,35.8563311],[129.4072158,35.8560623],[129.4071786,35.8560337],[129.4070656,35.8559469],[129.4070458,35.8559317]]]]}},{"type":"Feature","properties":{"UFID":"100035902057A00110100000004455453"},"geometry":{"type":"MultiPolygon","coordinates":[[[[129.408351,35.851015],[129.4082592,35.8510137],[129.4082371,35.8510723],[129.4082326,35.8510918],[129.4083399,35.8510906],[129.408351,35.851015]]]]}},{"type":"Feature","properties":{"UFID":"100035902068A00110100000004490205"},"geometry":{"type":"MultiPolygon","coordinates":[[[[129.4343585,35.8508575],[129.434359,35.8508046],[129.4343787,35.8506811],[129.434404,35.8504599],[129.4344146,35.8502997],[129.4344198,35.850245],[129.4344239,35.8501774],[129.4344239,35.8501719],[129.4344318,35.8500254],[129.4344349,35.8500006],[129.4344358,35.8499945],[129.4344533,35.8499141],[129.4344621,35.8498519],[129.4344578,35.849795],[129.4344416,35.8497052],[129.4344333,35.8496228],[129.4344348,35.8495542],[129.4344414,35.8495049],[129.4344614,35.8494458],[129.434503,35.8493929],[129.4345845,35.8493371],[129.4347263,35.8492747],[129.4347611,35.8492584],[129.4348526,35.8491909],[129.4349254,35.8491267],[129.4350193,35.849067],[129.4351109,35.8490201],[129.4351618,35.8489793],[129.4351939,35.8489333],[129.4352369,35.8488134],[129.4352915,35.8486456],[129.4353369,35.8484791],[129.4353617,35.8483993],[129.435396,35.8483478],[129.4354772,35.8482743],[129.4355435,35.8482076],[129.4355936,35.8481363],[129.4356342,35.8480456],[129.4356797,35.847865],[129.4356845,35.8477892],[129.4356798,35.8477224],[129.4356605,35.8476549],[129.4356152,35.847573],[129.4355896,35.8475126],[129.4355884,35.8474754],[129.4355911,35.8474539],[129.4356001,35.8474175],[129.4356436,35.8473455],[129.4357104,35.8472483],[129.4357829,35.8471265],[129.4358473,35.8469932],[129.4359129,35.8468538],[129.4359851,35.8466936],[129.4360531,35.8465395],[129.4361118,35.8464216],[129.4361492,35.846365],[129.4361809,35.8463367],[129.4362558,35.8462925],[129.4363571,35.8462393],[129.4365039,35.8461739],[129.4366159,35.8461035],[129.4366631,35.8460483],[129.436701,35.84598],[129.4367407,35.8458876],[129.4367564,35.8458529],[129.4367072,35.8458404],[129.4367034,35.8458527],[129.4366938,35.8458739],[129.4366547,35.8459649],[129.4366196,35.8460282],[129.4365793,35.8460752],[129.4364766,35.8461398],[129.4363316,35.8462044],[129.4362276,35.846259],[129.4361475,35.8463063],[129.4361083,35.8463414],[129.4360666,35.8464043],[129.4360065,35.8465251],[129.4359382,35.8466798],[129.4358663,35.8468396],[129.4358009,35.8469785],[129.4357372,35.8471102],[129.4356662,35.8472296],[129.4355995,35.8473266],[129.4355525,35.8474043],[129.4355418,35.8474478],[129.4355385,35.8474739],[129.43554,35.8475199],[129.4355688,35.8475879],[129.435613,35.8476679],[129.4356303,35.8477282],[129.4356347,35.8477894],[129.4356301,35.8478599],[129.4355861,35.8480345],[129.4355482,35.8481191],[129.4355023,35.8481846],[129.4354393,35.8482479],[129.435355,35.8483242],[129.435315,35.8483844],[129.4352885,35.8484697],[129.4352431,35.848636],[129.4351889,35.8488025],[129.4351478,35.8489174],[129.4351219,35.8489544],[129.4350798,35.8489881],[129.4349907,35.8490338],[129.4348915,35.8490968],[129.4348175,35.8491621],[129.4347316,35.8492254],[129.434702,35.8492393],[129.4345563,35.8493033],[129.4344651,35.8493658],[129.4344154,35.8494291],[129.4343923,35.8494972],[129.4343851,35.8495516],[129.4343835,35.8496241],[129.4343921,35.8497098],[129.4344082,35.8497992],[129.4344121,35.8498508],[129.434404,35.8499083],[129.4343865,35.8499887],[129.4343848,35.8500006],[129.4343821,35.8500225],[129.4343727,35.8501969],[129.4343648,35.8502973],[129.4343543,35.850457],[129.4343292,35.8506766],[129.4343092,35.8508019],[129.4343086,35.8508697],[129.4343585,35.8508575]]]]}},{"type":"Feature","properties":{"UFID":"100035902058A00110100000004490206"},"geometry":{"type":"MultiPolygon","coordinates":[[[[129.4335164,35.8515537],[129.4335153,35.8515238],[129.4335098,35.8515237],[129.4334573,35.8515193],[129.4332904,35.8514927],[129.4331682,35.8514721],[129.4331198,35.8514663],[129.4330503,35.8514644],[129.4329847,35.8514668],[129.4329289,35.8514778],[129.4328672,35.8515014],[129.4328012,35.851535],[129.4327516,35.8515719],[129.4326752,35.8516526],[129.4325689,35.8517976],[129.4325025,35.851869],[129.4324461,35.851913],[129.4323367,35.8519685],[129.4323124,35.851978],[129.4322363,35.8520187],[129.4321721,35.8520582],[129.4320756,35.8521161],[129.431965,35.8521808],[129.4319371,35.8521913],[129.4318468,35.8522077],[129.4317623,35.8522191],[129.4316016,35.8522411],[129.4315455,35.8522454],[129.4315273,35.8522455],[129.4315092,35.8522424],[129.4314763,35.8522317],[129.4314208,35.852206],[129.4313718,35.8521832],[129.4313339,35.8521737],[129.4313252,35.852173],[129.4313116,35.8521754],[129.4312553,35.8522008],[129.4312384,35.8522122],[129.431211,35.8522507],[129.4311892,35.8522978],[129.4311829,35.8523217],[129.4311794,35.852355],[129.4311773,35.8524141],[129.4311733,35.8524318],[129.4311515,35.8524668],[129.4310894,35.8525424],[129.4309947,35.8526381],[129.4309579,35.8526647],[129.4309305,35.8526781],[129.4309062,35.8526845],[129.4308869,35.8526883],[129.4308492,35.8526914],[129.4307982,35.8526932],[129.4307539,35.8526971],[129.4306822,35.8527101],[129.4305498,35.8527409],[129.4304799,35.852761],[129.4304459,35.8527759],[129.4304143,35.8528007],[129.4303935,35.85283],[129.4303755,35.852885],[129.4303596,35.8529461],[129.4303352,35.8529884],[129.4302981,35.85303],[129.4302544,35.853062],[129.4301959,35.8530982],[129.4301554,35.8531177],[129.4301161,35.8531448],[129.4300468,35.8532074],[129.4300102,35.8532237],[129.4299924,35.8532291],[129.4299563,35.8532366],[129.4299187,35.85324],[129.4298661,35.8532423],[129.4298174,35.8532462],[129.4297479,35.8532645],[129.4296944,35.853285],[129.4296586,35.8533076],[129.4296305,35.8533404],[129.4295952,35.8534144],[129.4295636,35.853457],[129.4295582,35.8534601],[129.4295429,35.853466],[129.4295163,35.8534698],[129.4294855,35.8534683],[129.4294532,35.8534556],[129.4294312,35.8534393],[129.4294145,35.8534109],[129.4294089,35.853374],[129.4294079,35.8533387],[129.4294102,35.8533146],[129.4294317,35.8531516],[129.4294397,35.8530469],[129.4294338,35.852882],[129.4294319,35.8528281],[129.4294389,35.8527729],[129.4294518,35.8527145],[129.4294756,35.8526545],[129.4295269,35.8525665],[129.4295476,35.8525183],[129.429551,35.8524967],[129.4295509,35.8524764],[129.4295453,35.8524532],[129.4295278,35.852428],[129.4294992,35.8524048],[129.4294831,35.8523986],[129.4294565,35.852398],[129.4294188,35.852404],[129.4293603,35.8524351],[129.4292629,35.8525094],[129.4290968,35.8526631],[129.4290027,35.8527429],[129.4288649,35.8528395],[129.4286203,35.8530159],[129.4285274,35.8530726],[129.4284329,35.853126],[129.428353,35.8531633],[129.4283175,35.8531728],[129.4282487,35.8531842],[129.4281521,35.8531958],[129.4280437,35.8532118],[129.4279233,35.853237],[129.4278317,35.8532588],[129.4277647,35.8532677],[129.427562,35.8532933],[129.4275094,35.8533023],[129.4274357,35.8533234],[129.4273188,35.8533615],[129.4272223,35.8533963],[129.4271466,35.8534342],[129.4270225,35.85351],[129.426864,35.8536377],[129.4267515,35.8537301],[129.4267044,35.8537573],[129.4266303,35.8537904],[129.4265575,35.8538132],[129.426504,35.8538262],[129.4264432,35.8538359],[129.4264029,35.8538408],[129.426356,35.8538451],[129.4262606,35.8538506],[129.4261279,35.8538556],[129.4260838,35.8538601],[129.42604,35.8538681],[129.4259872,35.8538855],[129.4259346,35.853903],[129.4258701,35.8539387],[129.4258091,35.8539828],[129.4257144,35.8540636],[129.4256252,35.8541138],[129.4255714,35.8541541],[129.4255282,35.8541857],[129.4254891,35.8542236],[129.4254442,35.8542635],[129.4253838,35.8542984],[129.425345,35.8543169],[129.4253024,35.8543285],[129.4252338,35.8543428],[129.425121,35.8543588],[129.425,35.8543737],[129.4249903,35.8543749],[129.4249493,35.8543792],[129.4249084,35.8543797],[129.4248241,35.8543743],[129.4247689,35.8543703],[129.4247204,35.8543691],[129.4246759,35.8543737],[129.4246308,35.8543838],[129.42459,35.8544019],[129.4245598,35.8544251],[129.4245427,35.8544488],[129.4245377,35.8544594],[129.4245352,35.85447],[129.4245329,35.8545197],[129.4245343,35.8545289],[129.424573,35.8545746],[129.4246116,35.8546191],[129.4246213,35.8546443],[129.4246267,35.8546607],[129.4246287,35.8546835],[129.4246257,35.8547111],[129.4246089,35.8547442],[129.4245839,35.854766],[129.424542,35.8547925],[129.4244871,35.854819],[129.424459,35.8548272],[129.4244312,35.8548304],[129.4244107,35.8548302],[129.4243838,35.8548253],[129.4243572,35.8548107],[129.4243317,35.8547886],[129.424285,35.8547274],[129.4242625,35.8546816],[129.4242392,35.854647],[129.424216,35.8546206],[129.4241907,35.8545911],[129.4241573,35.8545596],[129.4240899,35.8545059],[129.4240225,35.8544459],[129.4240017,35.8544172],[129.423981,35.854382],[129.4239535,35.8543286],[129.4239335,35.8542895],[129.4239278,35.8542813],[129.4239129,35.8542641],[129.423881,35.8542357],[129.4238313,35.8541973],[129.4237787,35.8541615],[129.423747,35.8541431],[129.4237111,35.8541281],[129.4236827,35.8541216],[129.4236539,35.8541166],[129.4235887,35.854115],[129.4235308,35.8541175],[129.4235085,35.8541171],[129.4234847,35.8541154],[129.4234568,35.8541088],[129.4234199,35.8540917],[129.4233952,35.8540678],[129.4233581,35.8539985],[129.4233124,35.8539055],[129.4232743,35.8539187],[129.4232989,35.8539669],[129.4233402,35.854041],[129.4233714,35.8540991],[129.42339,35.8541173],[129.4234026,35.8541255],[129.4234337,35.8541365],[129.4234628,35.8541444],[129.4234879,35.8541483],[129.423521,35.8541492],[129.4235879,35.8541493],[129.4236282,35.8541499],[129.4236566,35.8541521],[129.4236837,35.8541585],[129.4237201,35.8541703],[129.4237811,35.8542036],[129.4238416,35.8542462],[129.4238751,35.854277],[129.4238954,35.8543046],[129.4239348,35.8543795],[129.4239694,35.8544362],[129.4239938,35.8544659],[129.4240212,35.8544945],[129.424064,35.8545309],[129.4241456,35.8545952],[129.4241907,35.854641],[129.4242127,35.854671],[129.4242268,35.8547045],[129.4242602,35.8547834],[129.4242845,35.8548247],[129.4243057,35.8548439],[129.424349,35.8548658],[129.4243778,35.8548767],[129.424404,35.8548793],[129.4244344,35.8548785],[129.4244669,35.8548739],[129.4245088,35.8548595],[129.4245716,35.8548279],[129.4246287,35.8547945],[129.4246529,35.8547707],[129.4246702,35.854745],[129.4246793,35.8547241],[129.4246833,35.8547031],[129.4246837,35.8546805],[129.4246791,35.8546564],[129.424672,35.8546281],[129.4246496,35.8545963],[129.4246052,35.8545341],[129.4245959,35.8545152],[129.424594,35.8544976],[129.4245941,35.8544814],[129.424604,35.8544578],[129.4246224,35.8544405],[129.42465,35.8544278],[129.4246792,35.8544207],[129.4247127,35.8544176],[129.4247726,35.8544175],[129.4248535,35.854417],[129.4249501,35.8544133],[129.425,35.8544073],[129.425044,35.854402],[129.4251988,35.8543852],[129.4252849,35.8543704],[129.4253374,35.8543545],[129.4253959,35.854333],[129.4254861,35.8542942],[129.4255626,35.8542543],[129.4256316,35.854208],[129.4256857,35.8541617],[129.4258154,35.8540314],[129.4258606,35.8539917],[129.4258985,35.8539648],[129.4259557,35.8539355],[129.4259946,35.8539199],[129.4260368,35.8539062],[129.4260784,35.8538986],[129.4261422,35.8538927],[129.4262636,35.8538837],[129.4263872,35.853869],[129.4264951,35.8538597],[129.4265662,35.8538443],[129.4266369,35.8538278],[129.4266861,35.8538082],[129.4267394,35.8537835],[129.4267862,35.8537503],[129.4268755,35.8536859],[129.427018,35.8535711],[129.4271101,35.8535085],[129.427164,35.853471],[129.4272425,35.8534355],[129.4273002,35.8534101],[129.4273258,35.8534026],[129.4273636,35.8533978],[129.4274072,35.8533954],[129.4274343,35.8533886],[129.42746,35.8533765],[129.4275066,35.8533474],[129.4275315,35.8533333],[129.4275584,35.853326],[129.4275883,35.8533204],[129.4276433,35.853314],[129.4277357,35.8532995],[129.4278387,35.8532832],[129.4279247,35.8532669],[129.4280317,35.8532406],[129.4281165,35.8532268],[129.428197,35.8532157],[129.4282139,35.8532153],[129.4282423,35.8532219],[129.4282849,35.8532355],[129.4282907,35.8532372],[129.4283081,35.8532343],[129.4283387,35.8532148],[129.4283738,35.8531956],[129.4285111,35.8531344],[129.4285888,35.8530909],[129.4286894,35.8530312],[129.42874,35.8529916],[129.4287903,35.8529489],[129.4288416,35.8529108],[129.4290036,35.8527999],[129.4291158,35.8527097],[129.4291435,35.8526932],[129.4291745,35.8526725],[129.4292282,35.8526472],[129.429259,35.8526273],[129.4292768,35.8526088],[129.4292883,35.8525902],[129.4293025,35.8525566],[129.4293192,35.8525222],[129.4293445,35.8524916],[129.4293715,35.8524677],[129.4293941,35.8524544],[129.4294342,35.8524405],[129.4294527,35.852441],[129.4294702,35.8524457],[129.4294862,35.8524575],[129.4294954,35.8524677],[129.4295001,35.8524759],[129.4295025,35.852491],[129.4294999,35.8525168],[129.4294818,35.8525643],[129.4294445,35.8526406],[129.4294275,35.8526677],[129.4294041,35.8527404],[129.4293973,35.8527793],[129.4293931,35.8528318],[129.4293918,35.8528868],[129.4293988,35.8530825],[129.4293809,35.8532667],[129.4293773,35.8533292],[129.4293778,35.8533973],[129.4293833,35.8534342],[129.4293889,35.8534507],[129.4294015,35.8534676],[129.4294198,35.8534823],[129.4294435,35.853494],[129.4294997,35.8535047],[129.4295574,35.85351],[129.4295776,35.8535102],[129.4295966,35.8535074],[129.4296054,35.8535015],[129.4296122,35.8534882],[129.4296207,35.8534646],[129.4296375,35.8534153],[129.4296568,35.8533645],[129.4296685,35.8533469],[129.4296912,35.8533258],[129.4297182,35.8533071],[129.4297455,35.853295],[129.4297826,35.8532842],[129.429826,35.8532763],[129.4298789,35.8532696],[129.4299384,35.8532647],[129.4299615,35.853264],[129.4299781,35.8532699],[129.4299911,35.8532737],[129.4300059,35.8532754],[129.4300236,35.8532752],[129.4300438,35.8532681],[129.4300596,35.8532541],[129.4300761,35.8532266],[129.4300913,35.8532047],[129.430115,35.8531848],[129.4301497,35.8531569],[129.4301825,35.8531348],[129.4302267,35.8531093],[129.430268,35.8530871],[129.4302969,35.8530691],[129.4303209,35.8530454],[129.4303487,35.8530163],[129.4303677,35.8529954],[129.430387,35.8529679],[129.4304027,35.8529351],[129.4304206,35.8528859],[129.4304351,35.8528454],[129.4304503,35.8528237],[129.4304691,35.852808],[129.4304945,35.8527936],[129.4305314,35.8527796],[129.4306202,35.8527563],[129.4307139,35.8527336],[129.4307679,35.8527243],[129.430799,35.8527221],[129.4308351,35.8527218],[129.4308768,35.8527217],[129.4309205,35.8527176],[129.430948,35.8527086],[129.4309695,35.8526961],[129.4310088,35.8526679],[129.431041,35.8526384],[129.4310805,35.852592],[129.4311248,35.85255],[129.4311672,35.8525037],[129.4311822,35.8524876],[129.4311984,35.8524612],[129.4312096,35.8524269],[129.4312199,35.8523791],[129.4312281,35.8523328],[129.4312364,35.8523197],[129.4312634,35.852296],[129.4312981,35.8522767],[129.4313363,35.8522621],[129.431359,35.8522574],[129.4313722,35.852256],[129.4313981,35.8522585],[129.4314451,35.8522717],[129.4315026,35.8522906],[129.431515,35.8522938],[129.4315305,35.8522958],[129.4315485,35.852294],[129.4315708,35.8522855],[129.4315972,35.8522733],[129.4316215,35.8522686],[129.4317138,35.852257],[129.4318312,35.8522424],[129.4319092,35.8522274],[129.4319812,35.852207],[129.4320409,35.8521844],[129.4320977,35.8521513],[129.4321791,35.8520965],[129.4322598,35.8520495],[129.4323056,35.8520234],[129.4324335,35.8519652],[129.4324907,35.8519347],[129.4325485,35.851881],[129.4326543,35.851748],[129.4327122,35.8516634],[129.4327802,35.8515972],[129.4328427,35.851557],[129.4329185,35.8515159],[129.4329686,35.8515035],[129.4330094,35.8514994],[129.4330521,35.8514999],[129.4330971,35.8515035],[129.4332587,35.8515244],[129.433402,35.8515446],[129.4335164,35.8515537]]]]}},{"type":"Feature","properties":{"UFID":"100035902058A00110100000004490207"},"geometry":{"type":"MultiPolygon","coordinates":[[[[129.4462559,35.8658213],[129.4462793,35.8657634],[129.4462268,35.8658092],[129.446193,35.8658485],[129.4461804,35.8658748],[129.4461744,35.865904],[129.4461733,35.8659255],[129.4462559,35.8658213]]]]}},{"type":"Feature","properties":{"UFID":"100035902057A00110100000004490208"},"geometry":{"type":"MultiPolygon","coordinates":[[[[129.4252198,35.8683185],[129.4252184,35.868292],[129.4251635,35.8682922],[129.4250354,35.868284],[129.425,35.8682835],[129.4249694,35.868282],[129.424841,35.8682858],[129.4247564,35.868313],[129.4247227,35.8683285],[129.4246643,35.8683462],[129.4246443,35.8683526],[129.4245334,35.8683838],[129.4244419,35.8684281],[129.4243785,35.8684729],[129.4243108,35.8685305],[129.4243634,35.8685527],[129.4243649,35.8685419],[129.4243718,35.8685337],[129.4244399,35.8684737],[129.4244944,35.8684386],[129.4245817,35.8684065],[129.4247808,35.868343],[129.4248906,35.8683114],[129.4249115,35.8683098],[129.4249607,35.8683126],[129.425,35.8683106],[129.4250346,35.868311],[129.4250894,35.8683125],[129.4251617,35.8683192],[129.4252159,35.868319],[129.4252198,35.8683185]]]]}},{"type":"Feature","properties":{"UFID":"100035902048A00110100000004490214"},"geometry":{"type":"MultiPolygon","coordinates":[[[[129.4241643,35.8815571],[129.4241912,35.8815565],[129.4242135,35.8815582],[129.4242263,35.8815611],[129.4242473,35.8815671],[129.4242754,35.8815814],[129.4242887,35.8816017],[129.424325,35.8816629],[129.4243832,35.8817678],[129.4243994,35.8817945],[129.4244375,35.8818075],[129.4244758,35.8818045],[129.4245037,35.8818006],[129.4245355,35.8817927],[129.4245637,35.8817821],[129.4245884,35.8817684],[129.424602,35.8817575],[129.4246288,35.8817342],[129.42464,35.8816989],[129.4246385,35.8816672],[129.4246249,35.8816164],[129.4246253,35.881598],[129.4246277,35.881582],[129.4246538,35.8815353],[129.4247396,35.8814536],[129.4248076,35.8813859],[129.4248848,35.8813271],[129.4249665,35.881295],[129.4250738,35.8812438],[129.4251881,35.8811364],[129.4252586,35.8810756],[129.4253304,35.8810332],[129.4254836,35.8809516],[129.4256055,35.8808582],[129.4256418,35.8808456],[129.4256684,35.8808414],[129.4256978,35.8808386],[129.4257279,35.8808297],[129.425751,35.8808092],[129.4257745,35.8807546],[129.4257843,35.8807428],[129.4258062,35.8807261],[129.4258826,35.8806898],[129.4260065,35.8806206],[129.4260284,35.8806008],[129.426045,35.8805769],[129.4260903,35.8804697],[129.4261319,35.8803666],[129.4261409,35.8803532],[129.4261624,35.8803222],[129.4261874,35.8802884],[129.4262541,35.8801996],[129.4263133,35.8801401],[129.4263953,35.880079],[129.4264746,35.8800321],[129.4264924,35.8800069],[129.4264954,35.8799869],[129.4264898,35.8799616],[129.4264848,35.879938],[129.4264821,35.8799185],[129.4264803,35.8798964],[129.4264814,35.87988],[129.4264872,35.8798612],[129.4265178,35.8798124],[129.4266233,35.8796992],[129.4267,35.8796165],[129.4267465,35.8795116],[129.4267963,35.8794336],[129.4268775,35.879366],[129.4269877,35.8792754],[129.4270653,35.8792183],[129.4271459,35.8791533],[129.4272082,35.8790978],[129.427217,35.8790845],[129.4273001,35.8789492],[129.4273097,35.8789417],[129.4273281,35.878936],[129.4273605,35.8789278],[129.4273887,35.8789167],[129.4274556,35.8788809],[129.427575,35.8788258],[129.4276962,35.8787651],[129.4277753,35.8787174],[129.4278111,35.8786989],[129.4278552,35.8786848],[129.427887,35.8786791],[129.4279166,35.8786764],[129.4279583,35.8786696],[129.4279865,35.8786589],[129.4280476,35.8786079],[129.4280795,35.8785484],[129.42809,35.8785244],[129.4281102,35.878453],[129.4281191,35.8783474],[129.4281242,35.8783274],[129.4281374,35.8783024],[129.4281634,35.8782685],[129.4281879,35.8782374],[129.4282073,35.8782113],[129.4282327,35.8781872],[129.4282508,35.8781818],[129.428271,35.8781795],[129.428302,35.8781791],[129.4283288,35.8781809],[129.4283393,35.8781836],[129.4283556,35.8781891],[129.4283848,35.8782097],[129.4284426,35.8782851],[129.4284732,35.8783163],[129.4284966,35.8783324],[129.4285308,35.8783418],[129.4285701,35.8783487],[129.4286044,35.8783516],[129.4286356,35.8783501],[129.4286619,35.8783461],[129.4286882,35.878339],[129.4287079,35.8783322],[129.4287331,35.8783227],[129.4287559,35.8783111],[129.4287925,35.8782805],[129.4288665,35.878218],[129.4289116,35.8781746],[129.4289616,35.8781384],[129.4290088,35.8781196],[129.4291338,35.878103],[129.4291654,35.8780938],[129.4291892,35.8780799],[129.4292029,35.8780657],[129.4292427,35.8780109],[129.4292936,35.8779493],[129.4293129,35.8779332],[129.4293317,35.8779194],[129.4293489,35.8779103],[129.4293628,35.8779039],[129.429389,35.8778869],[129.4294012,35.8778738],[129.4294171,35.8778539],[129.4294292,35.8778073],[129.4294511,35.877749],[129.4294552,35.8777444],[129.4294601,35.8777398],[129.4294695,35.8777339],[129.4294827,35.8777281],[129.4295921,35.877704],[129.4296414,35.8776965],[129.4296857,35.877689],[129.4297209,35.8776785],[129.4297501,35.8776631],[129.4298453,35.8776128],[129.4299763,35.8775454],[129.429996,35.8775307],[129.4300205,35.8775091],[129.4301023,35.8774035],[129.4301859,35.8772505],[129.4302243,35.8771701],[129.4302683,35.8770755],[129.430311,35.8770039],[129.4303701,35.8769226],[129.430382,35.8769029],[129.4303915,35.8768698],[129.4303957,35.8768411],[129.4303969,35.8768178],[129.4303952,35.8767954],[129.4303927,35.876767],[129.4303916,35.8767484],[129.4303899,35.8767233],[129.4303902,35.8766982],[129.4303931,35.8766627],[129.4303949,35.8766349],[129.4303954,35.8766115],[129.4303967,35.8765794],[129.4303981,35.8765517],[129.4303996,35.8765293],[129.4304044,35.8764927],[129.4304107,35.8764533],[129.4304571,35.8763928],[129.4305292,35.8763262],[129.4305742,35.8762955],[129.4306445,35.8762651],[129.4307444,35.8762256],[129.4307675,35.8762103],[129.4307863,35.8761893],[129.4308247,35.8761313],[129.4308556,35.8760702],[129.4308597,35.8760494],[129.4308607,35.8760231],[129.4308621,35.8759994],[129.4308643,35.8759784],[129.4308656,35.8759658],[129.4308714,35.8759459],[129.4308857,35.8758861],[129.4309144,35.8758156],[129.4309376,35.8757792],[129.430969,35.8757534],[129.4310492,35.875713],[129.4311413,35.8756594],[129.4312838,35.8756005],[129.4314139,35.875554],[129.4315077,35.8755393],[129.4315489,35.875533],[129.4315775,35.8755273],[129.4316152,35.8755201],[129.4316489,35.8755153],[129.4316824,35.8755066],[129.4317057,35.8754915],[129.4317222,35.8754732],[129.431747,35.8754329],[129.4317673,35.8753453],[129.4317813,35.8752514],[129.4318064,35.8751704],[129.4318244,35.8751507],[129.4318434,35.8751381],[129.431861,35.8751302],[129.4318845,35.8751194],[129.4319192,35.8751106],[129.4319482,35.875105],[129.4319904,35.8750995],[129.4320368,35.8750943],[129.4320834,35.8750901],[129.4321211,35.8750886],[129.4321512,35.875088],[129.432205,35.8750895],[129.4323746,35.875085],[129.4324211,35.8750832],[129.4324642,35.875079],[129.4324949,35.875071],[129.4325955,35.8750193],[129.4327047,35.8749668],[129.4327968,35.8749216],[129.4328831,35.8748365],[129.4329799,35.8747345],[129.4330422,35.8746538],[129.4330149,35.8746398],[129.4329534,35.8747194],[129.4328578,35.8748201],[129.4327754,35.8749014],[129.4326882,35.8749442],[129.4325787,35.8749968],[129.4324812,35.875047],[129.4324573,35.8750532],[129.4324184,35.875057],[129.4323733,35.8750587],[129.432205,35.8750632],[129.4321514,35.8750617],[129.4321198,35.8750623],[129.4320809,35.8750639],[129.4320328,35.8750682],[129.4319856,35.8750735],[129.4319419,35.8750792],[129.4319107,35.8750852],[129.4318716,35.8750952],[129.4318454,35.8751072],[129.4318253,35.8751162],[129.4318009,35.8751323],[129.4317766,35.8751589],[129.4317495,35.8752466],[129.4317354,35.8753413],[129.4317161,35.8754244],[129.4316946,35.8754594],[129.4316822,35.8754731],[129.4316669,35.875483],[129.4316411,35.8754897],[129.4316087,35.8754944],[129.43157,35.8755017],[129.4315421,35.8755073],[129.4315016,35.8755134],[129.4314042,35.8755287],[129.43127,35.8755767],[129.4311245,35.8756369],[129.4310312,35.8756911],[129.4309487,35.8757327],[129.4309112,35.8757636],[129.4308845,35.8758054],[129.4308544,35.8758794],[129.4308398,35.8759404],[129.4308336,35.8759617],[129.4308321,35.8759762],[129.4308299,35.8759976],[129.4308284,35.876022],[129.4308275,35.8760469],[129.4308242,35.8760631],[129.4307954,35.8761201],[129.4307589,35.8761753],[129.4307438,35.8761921],[129.4307269,35.8762033],[129.4306299,35.8762417],[129.430556,35.8762736],[129.4305066,35.8763074],[129.4304311,35.876377],[129.4303796,35.8764442],[129.4303723,35.8764897],[129.4303674,35.8765272],[129.4303659,35.8765505],[129.4303644,35.8765784],[129.4303631,35.8766108],[129.4303626,35.876634],[129.4303609,35.8766612],[129.4303579,35.8766971],[129.4303576,35.8767239],[129.4303593,35.8767498],[129.4303604,35.8767686],[129.430363,35.8767972],[129.4303646,35.8768181],[129.4303634,35.876839],[129.4303596,35.8768653],[129.4303514,35.876894],[129.4303416,35.8769101],[129.4302825,35.8769914],[129.4302386,35.8770651],[129.4301941,35.8771607],[129.4301561,35.8772404],[129.4300737,35.8773911],[129.4299948,35.8774931],[129.4299732,35.877512],[129.4299566,35.8775245],[129.4298278,35.8775907],[129.4297326,35.877641],[129.4297064,35.8776548],[129.4296768,35.8776636],[129.4296351,35.8776707],[129.4295849,35.8776784],[129.4294707,35.8777035],[129.4294518,35.8777118],[129.4294378,35.8777206],[129.4294298,35.877728],[129.4294217,35.8777372],[129.4293979,35.8778008],[129.4293867,35.8778437],[129.4293748,35.8778586],[129.4293657,35.8778684],[129.4293447,35.877882],[129.429332,35.8778879],[129.4293119,35.8778985],[129.4292906,35.8779142],[129.4292684,35.8779326],[129.4292153,35.8779969],[129.4291762,35.8780508],[129.4291666,35.8780607],[129.4291503,35.8780703],[129.429127,35.878077],[129.4289955,35.8780974],[129.4289445,35.8781177],[129.4288898,35.8781573],[129.4288439,35.8782014],[129.4287707,35.8782633],[129.4287367,35.8782917],[129.4287185,35.8783009],[129.4286956,35.8783096],[129.4286775,35.8783158],[129.4286543,35.8783221],[129.4286318,35.8783255],[129.4286051,35.8783268],[129.4285749,35.8783242],[129.4285389,35.8783179],[129.4285118,35.8783105],[129.4284951,35.878299],[129.4284675,35.8782708],[129.4284082,35.8781934],[129.4283719,35.8781679],[129.4283498,35.8781603],[129.4283347,35.8781565],[129.428303,35.8781543],[129.4282687,35.8781548],[129.4282434,35.8781576],[129.4282148,35.8781663],[129.4281827,35.8781967],[129.4281621,35.8782243],[129.4281377,35.8782553],[129.4281104,35.8782909],[129.4280951,35.87832],[129.4280889,35.878344],[129.42808,35.8784494],[129.4280608,35.8785175],[129.4280512,35.8785392],[129.428022,35.8785938],[129.4279686,35.8786384],[129.4279487,35.878646],[129.4279119,35.878652],[129.4278821,35.8786547],[129.4278464,35.8786611],[129.4277973,35.8786767],[129.4277581,35.878697],[129.4276792,35.8787446],[129.4275595,35.8788045],[129.4274397,35.8788598],[129.4273737,35.8788951],[129.4273493,35.8789047],[129.427318,35.8789126],[129.427293,35.8789204],[129.4272752,35.8789344],[129.42719,35.8790731],[129.4271831,35.8790835],[129.427124,35.8791361],[129.4270443,35.8792003],[129.4269667,35.8792576],[129.4268558,35.8793487],[129.4267714,35.8794189],[129.4267186,35.8795017],[129.4266729,35.8796046],[129.4265991,35.8796843],[129.426492,35.8797992],[129.4264586,35.8798524],[129.4264512,35.8798763],[129.4264499,35.8798966],[129.4264518,35.8799207],[129.4264547,35.8799415],[129.4264599,35.8799659],[129.4264647,35.8799877],[129.426463,35.8799989],[129.4264515,35.8800152],[129.426376,35.8800598],[129.4262911,35.8801231],[129.4262292,35.8801853],[129.4261614,35.8802756],[129.4261361,35.8803098],[129.4261144,35.8803412],[129.4261039,35.8803566],[129.4260614,35.8804618],[129.4260172,35.8805667],[129.4260036,35.8805863],[129.4259863,35.8806019],[129.4258663,35.8806689],[129.425788,35.8807062],[129.425761,35.8807266],[129.4257471,35.8807435],[129.4257244,35.8807962],[129.4257104,35.8808085],[129.4256908,35.8808144],[129.4256638,35.8808169],[129.4256329,35.8808218],[129.4255886,35.8808372],[129.4254647,35.8809321],[129.4253132,35.8810129],[129.4252384,35.8810569],[129.4251656,35.8811199],[129.4250541,35.8812245],[129.4249522,35.8812731],[129.4248674,35.8813064],[129.4247853,35.881369],[129.4247162,35.8814377],[129.424628,35.8815219],[129.4245981,35.8815752],[129.4245949,35.8815962],[129.4245944,35.8816188],[129.4246082,35.8816703],[129.4246095,35.8816962],[129.4246014,35.8817219],[129.4245802,35.8817402],[129.424569,35.8817492],[129.4245486,35.8817605],[129.4245246,35.8817696],[129.4244967,35.8817765],[129.4244717,35.88178],[129.4244422,35.8817823],[129.4244216,35.8817752],[129.4244107,35.8817572],[129.4243525,35.8816525],[129.4243158,35.8815905],[129.4242984,35.8815639],[129.4242605,35.8815447],[129.4242354,35.8815375],[129.424219,35.8815338],[129.4241922,35.8815317],[129.4241612,35.8815324],[129.4241378,35.8815358],[129.4240391,35.8815754],[129.4239866,35.8816096],[129.423938,35.8816786],[129.4239111,35.8817615],[129.4238883,35.8818703],[129.4238732,35.881956],[129.4238726,35.8819833],[129.4238743,35.8820141],[129.4238765,35.8820396],[129.4238809,35.8820713],[129.4238839,35.8820943],[129.4238866,35.8821167],[129.4238915,35.882142],[129.4239375,35.8822114],[129.423949,35.8822329],[129.4239516,35.8822571],[129.4239466,35.8822766],[129.4239407,35.8822892],[129.4239314,35.8823062],[129.4238886,35.882344],[129.4237857,35.8824114],[129.4236821,35.8824437],[129.423629,35.8824546],[129.4236128,35.8824634],[129.423596,35.882476],[129.4235817,35.8824958],[129.4235393,35.8825855],[129.4234902,35.8826522],[129.4234375,35.8827064],[129.4234198,35.8827201],[129.4234036,35.8827289],[129.4233717,35.8827411],[129.4232776,35.8827872],[129.4231584,35.8828735],[129.4230608,35.8829304],[129.4229901,35.8829746],[129.4229162,35.8830399],[129.4228425,35.8830976],[129.4227914,35.8831615],[129.4227603,35.8832088],[129.4227871,35.8832205],[129.4228176,35.8831741],[129.422866,35.8831135],[129.4229379,35.8830572],[129.4230107,35.882993],[129.4230789,35.8829502],[129.4231774,35.8828928],[129.4232957,35.8828072],[129.4233861,35.882763],[129.4234185,35.8827505],[129.4234388,35.8827395],[129.42346,35.8827231],[129.4235152,35.8826663],[129.4235668,35.8825964],[129.4236092,35.8825066],[129.4236199,35.8824917],[129.4236316,35.882483],[129.4236416,35.8824776],[129.4236914,35.8824673],[129.423801,35.8824331],[129.4239094,35.8823622],[129.4239572,35.88232],[129.4239688,35.8822987],[129.4239759,35.8822836],[129.4239822,35.8822586],[129.4239788,35.8822267],[129.4239648,35.8822006],[129.4239207,35.882134],[129.4239168,35.8821135],[129.4239141,35.8820918],[129.4239111,35.8820686],[129.4239068,35.8820373],[129.4239046,35.8820127],[129.4239031,35.881983],[129.4239035,35.8819579],[129.4239183,35.8818741],[129.4239409,35.8817667],[129.4239664,35.8816881],[129.4240101,35.881626],[129.4240555,35.8815964],[129.4241473,35.8815595],[129.4241643,35.8815571]]]]}},{"type":"Feature","properties":{"UFID":"100035902067A00110100000004490215"},"geometry":{"type":"MultiPolygon","coordinates":[[[[129.4227089,35.8493683],[129.4226711,35.8493647],[129.4226168,35.8494689],[129.4225949,35.8495144],[129.4225888,35.8495389],[129.4225821,35.8495678],[129.4225793,35.849592],[129.4225784,35.8496228],[129.4225812,35.8496505],[129.4225872,35.8496761],[129.422593,35.8496973],[129.4226008,35.8497213],[129.422645,35.8498586],[129.4226664,35.8499561],[129.4226725,35.85],[129.4226748,35.8500159],[129.4226766,35.8500406],[129.4226752,35.8500695],[129.4226719,35.8501023],[129.4226686,35.850128],[129.4226663,35.8501628],[129.4226645,35.850187],[129.4226611,35.8502184],[129.4226598,35.8502394],[129.422661,35.8502558],[129.4226661,35.8502812],[129.4226719,35.8503068],[129.4227523,35.8503244],[129.4227376,35.8503043],[129.4227251,35.8502849],[129.4227189,35.8502652],[129.4227179,35.8502201],[129.4227169,35.8501963],[129.4227159,35.8501507],[129.4227156,35.8501112],[129.4227152,35.8500728],[129.422713,35.8500174],[129.4227103,35.85],[129.422709,35.8499915],[129.4227039,35.8499554],[129.4226981,35.8498939],[129.4226705,35.8498026],[129.4226375,35.849679],[129.4226284,35.8496438],[129.4226218,35.8496139],[129.42262,35.8495963],[129.4226402,35.8495229],[129.4226517,35.8494931],[129.4226624,35.8494644],[129.4227089,35.8493683]]]]}},{"type":"Feature","properties":{"UFID":"100035902058A00110100000004490222"},"geometry":{"type":"MultiPolygon","coordinates":[[[[129.4295214,35.8677817],[129.4294849,35.867698],[129.4294137,35.8675685],[129.4293842,35.8675274],[129.4293675,35.8675121],[129.4293375,35.8674932],[129.4292778,35.867474],[129.4291341,35.8674457],[129.4289862,35.8674217],[129.4289806,35.8674623],[129.4290751,35.867471],[129.4291935,35.8674879],[129.4292512,35.8675015],[129.4292934,35.8675168],[129.4293196,35.8675323],[129.4293617,35.8676056],[129.4294151,35.8676988],[129.4294578,35.8677587],[129.4295045,35.8678036],[129.4295214,35.8677817]]]]}},{"type":"Feature","properties":{"UFID":"100035902057A00110100000004490223"},"geometry":{"type":"MultiPolygon","coordinates":[[[[129.4230153,35.8531387],[129.4229842,35.8530851],[129.4229838,35.8531],[129.4229445,35.8532805],[129.4229317,35.8533701],[129.4229236,35.853443],[129.4229183,35.8535348],[129.4229088,35.8536412],[129.4229034,35.8537443],[129.422904,35.8538263],[129.4229146,35.853946],[129.422916,35.8540075],[129.4229065,35.8541217],[129.4228938,35.854285],[129.4228936,35.8543565],[129.4228927,35.854377],[129.4228834,35.8544123],[129.4228366,35.8545326],[129.4228314,35.8545411],[129.4228245,35.8545536],[129.4228912,35.8545795],[129.4228874,35.8545611],[129.4229177,35.8544287],[129.4229254,35.854399],[129.4229256,35.8543545],[129.4229238,35.8542794],[129.4229248,35.8542202],[129.422936,35.854095],[129.4229454,35.8540147],[129.4229426,35.8539453],[129.4229317,35.853858],[129.4229256,35.8537623],[129.4229491,35.8535004],[129.4229655,35.8533381],[129.4229899,35.8531876],[129.4230089,35.8531384],[129.4230153,35.8531387]]]]}},{"type":"Feature","properties":{"UFID":"100035902058A00110100000004490225"},"geometry":{"type":"MultiPolygon","coordinates":[[[[129.4364718,35.8541358],[129.4363615,35.8540608],[129.4363632,35.8540752],[129.4363624,35.8540805],[129.4363601,35.8540875],[129.4362977,35.8541114],[129.4358709,35.8542063],[129.4351713,35.8543749],[129.435093,35.8544317],[129.435106,35.8544282],[129.435883,35.854241],[129.4363083,35.8541464],[129.4364589,35.8541344],[129.4364718,35.8541358]]]]}},{"type":"Feature","properties":{"UFID":"100035902057A00110100000004490234"},"geometry":{"type":"MultiPolygon","coordinates":[[[[129.4140846,35.8553806],[129.4141032,35.8554191],[129.4141365,35.8553874],[129.4141967,35.8553256],[129.4142589,35.8552868],[129.4142162,35.8552589],[129.4141734,35.8552965],[129.4140846,35.8553806]]]]}},{"type":"Feature","properties":{"UFID":"100035902057A00110100000004490248"},"geometry":{"type":"MultiPolygon","coordinates":[[[[129.4227317,35.8546399],[129.4227107,35.8546065],[129.4226779,35.8546284],[129.4226576,35.8546487],[129.4226484,35.8546609],[129.4226457,35.8546708],[129.4226452,35.8546786],[129.4226457,35.8546882],[129.4226623,35.8547256],[129.4227046,35.8548065],[129.4227635,35.8549022],[129.4228112,35.8549761],[129.4228343,35.8550177],[129.4228443,35.8550431],[129.4228496,35.8550811],[129.4228727,35.8552031],[129.4228908,35.8552997],[129.4229026,35.8553869],[129.4229108,35.8554209],[129.4229136,35.8554266],[129.4229282,35.8554506],[129.4229295,35.8554555],[129.4229356,35.8555354],[129.422937,35.8555415],[129.4229469,35.8555653],[129.4229511,35.8556256],[129.4229547,35.8557021],[129.4229935,35.855699],[129.4229867,35.8555907],[129.4229816,35.8555459],[129.422969,35.8554831],[129.4229578,35.8554262],[129.4229378,35.8553539],[129.4229224,35.8552739],[129.4229052,35.8551792],[129.4228849,35.8550705],[129.4228778,35.8550286],[129.4228756,35.8550116],[129.4228709,35.854996],[129.4228285,35.8549284],[129.4227689,35.8548347],[129.4227275,35.8547487],[129.4227134,35.8547175],[129.4227097,35.8547053],[129.4227089,35.8546992],[129.4227093,35.8546941],[129.4227162,35.8546712],[129.4227317,35.8546399]]]]}},{"type":"Feature","properties":{"UFID":"100035902057A00110100000004490249"},"geometry":{"type":"MultiPolygon","coordinates":[[[[129.4227909,35.8546152],[129.4227752,35.8545825],[129.4227107,35.8546065],[129.4227317,35.8546399],[129.4227909,35.8546152]]]]}},{"type":"Feature","properties":{"UFID":"100035902057A00110100000004490250"},"geometry":{"type":"MultiPolygon","coordinates":[[[[129.4229832,35.8530411],[129.4229822,35.8530425],[129.422975,35.8530428],[129.422963,35.8530449],[129.422958,35.8530768],[129.4229801,35.8530822],[129.4229842,35.8530851],[129.4229832,35.8530411]]]]}},{"type":"Feature","properties":{"UFID":"100035902057A00110100000004490251"},"geometry":{"type":"MultiPolygon","coordinates":[[[[129.422963,35.8530449],[129.4229441,35.8530481],[129.4228927,35.8530436],[129.4228872,35.8530737],[129.4229524,35.8530754],[129.422958,35.8530768],[129.422963,35.8530449]]]]}},{"type":"Feature","properties":{"UFID":"100035902057A00110100000004490252"},"geometry":{"type":"MultiPolygon","coordinates":[[[[129.4228872,35.8530737],[129.4228927,35.8530436],[129.4228495,35.8530511],[129.4228065,35.8530571],[129.4228378,35.8530915],[129.4228872,35.8530737]]]]}},{"type":"Feature","properties":{"UFID":"100035902058A00110100000004490253"},"geometry":{"type":"MultiPolygon","coordinates":[[[[129.4312035,35.8637404],[129.4312042,35.8636786],[129.4311393,35.8637413],[129.4311591,35.8637631],[129.4311739,35.8637525],[129.4312035,35.8637404]]]]}},{"type":"Feature","properties":{"UFID":"100035902058A00110100000004490254"},"geometry":{"type":"MultiPolygon","coordinates":[[[[129.4312042,35.8636786],[129.4311946,35.8636745],[129.4311505,35.8636064],[129.431143,35.86358],[129.4311408,35.8635541],[129.4311475,35.8635247],[129.431163,35.8634821],[129.4311828,35.8634352],[129.4312134,35.863385],[129.4312666,35.8633155],[129.431312,35.8632538],[129.4312835,35.8632399],[129.4312382,35.8633014],[129.4311844,35.8633718],[129.4311521,35.8634248],[129.4311313,35.8634738],[129.4311151,35.8635184],[129.4311073,35.8635526],[129.4311101,35.863584],[129.4311223,35.8636272],[129.431143,35.8636836],[129.431148,35.8637025],[129.4311458,35.8637257],[129.4311393,35.8637413],[129.4312042,35.8636786]]]]}},{"type":"Feature","properties":{"UFID":"100035902058A00110100000004490255"},"geometry":{"type":"MultiPolygon","coordinates":[[[[129.4321168,35.8638684],[129.432082,35.8638805],[129.4320475,35.8638854],[129.4319975,35.8638876],[129.4319331,35.8638857],[129.4318569,35.8638733],[129.4317841,35.8638551],[129.4317157,35.8638304],[129.4315317,35.8637596],[129.431365,35.8636948],[129.4313016,35.8636795],[129.431264,35.863678],[129.431214,35.8636791],[129.4312042,35.8636786],[129.4312035,35.8637404],[129.4312185,35.8637343],[129.4312567,35.8637278],[129.4313043,35.8637273],[129.4313497,35.8637398],[129.4315131,35.8638029],[129.4316745,35.8638632],[129.4317923,35.8639053],[129.4318811,35.863932],[129.4319814,35.8639554],[129.4320477,35.8639841],[129.4320542,35.8639882],[129.4321168,35.8638684]]]]}},{"type":"Feature","properties":{"UFID":"100035902058A00110100000004490256"},"geometry":{"type":"MultiPolygon","coordinates":[[[[129.4364339,35.8585099],[129.4364209,35.8585606],[129.4364455,35.8585564],[129.4364509,35.8585569],[129.4364659,35.8585589],[129.4365371,35.8585796],[129.4365975,35.8585934],[129.4366963,35.8586154],[129.4367641,35.8586286],[129.4368053,35.8586338],[129.4368325,35.8586363],[129.4368756,35.858634],[129.4369078,35.8586277],[129.4369576,35.8586143],[129.4369937,35.8586088],[129.4370154,35.8586066],[129.4370505,35.858606],[129.4370791,35.8586063],[129.4371064,35.85861],[129.4371918,35.8586388],[129.4372809,35.8586742],[129.4373749,35.8587136],[129.4374324,35.8587424],[129.4374811,35.8587708],[129.4375136,35.8587914],[129.4375218,35.8587978],[129.4375264,35.8588026],[129.4375279,35.8588083],[129.4375283,35.8588155],[129.4375284,35.858829],[129.4375102,35.8589507],[129.4375047,35.8589821],[129.4375012,35.8589893],[129.4374967,35.8589945],[129.4374803,35.8590036],[129.4374712,35.8590081],[129.437447,35.859009],[129.4374499,35.8590341],[129.4374785,35.859049],[129.4375236,35.8590657],[129.4375565,35.8590813],[129.4376018,35.8591108],[129.4376294,35.8591264],[129.4376631,35.8591409],[129.4377115,35.8591524],[129.437756,35.8591578],[129.4378351,35.8591673],[129.4379883,35.8591934],[129.438047,35.8592083],[129.4381432,35.8592513],[129.4382016,35.8592756],[129.4382521,35.8592882],[129.4382994,35.8592934],[129.4383707,35.8592915],[129.438436,35.8592852],[129.4385244,35.8592704],[129.4385559,35.8592654],[129.4385864,35.8592648],[129.438634,35.859269],[129.43868,35.8592725],[129.4387142,35.8592687],[129.4387379,35.8592627],[129.4387759,35.8592449],[129.4388255,35.8592233],[129.4388689,35.8592169],[129.4389297,35.8592169],[129.4390047,35.8592221],[129.4390708,35.8592269],[129.4391237,35.8592298],[129.4391455,35.8592304],[129.4391457,35.8592053],[129.4390704,35.8592014],[129.4390026,35.8591955],[129.4389416,35.8591909],[129.4388921,35.8591894],[129.4388635,35.8591901],[129.4388132,35.8591969],[129.438749,35.8592087],[129.4386945,35.8592202],[129.4386374,35.8592275],[129.4385493,35.8592392],[129.4384623,35.8592535],[129.4384099,35.8592613],[129.4383532,35.8592647],[129.438305,35.8592638],[129.4382615,35.8592597],[129.438219,35.8592501],[129.4381519,35.8592243],[129.4380812,35.85919],[129.4380171,35.8591706],[129.4379467,35.8591554],[129.4378627,35.8591441],[129.437775,35.8591361],[129.437735,35.859133],[129.4377029,35.8591296],[129.4376563,35.8591151],[129.4376208,35.8590925],[129.4375839,35.8590678],[129.4375394,35.8590336],[129.4375344,35.8590276],[129.4375316,35.8590206],[129.437545,35.858963],[129.4375583,35.8588807],[129.4375658,35.8588343],[129.4375686,35.8588065],[129.437565,35.8587889],[129.4375616,35.858769],[129.4375594,35.8587662],[129.4375559,35.8587634],[129.4374917,35.8587297],[129.4374844,35.8587312],[129.4374801,35.8587324],[129.4374777,35.8587319],[129.4374338,35.8587137],[129.4373765,35.8586875],[129.4373149,35.8586596],[129.4372288,35.8586228],[129.4371677,35.8585988],[129.4371227,35.8585829],[129.4371147,35.8585818],[129.4370841,35.858579],[129.4370556,35.8585774],[129.4370283,35.8585788],[129.4369854,35.8585829],[129.4369283,35.8585946],[129.4368841,35.8586067],[129.4368523,35.8586121],[129.4368414,35.8586131],[129.4368052,35.858612],[129.436752,35.8586031],[129.4366637,35.8585864],[129.4365968,35.8585722],[129.4365476,35.8585615],[129.436503,35.8585454],[129.4364687,35.8585289],[129.4364339,35.8585099]]]]}},{"type":"Feature","properties":{"UFID":"100035902058A00110100000004490257"},"geometry":{"type":"MultiPolygon","coordinates":[[[[129.4341578,35.851216],[129.4341144,35.8512461],[129.4341176,35.8512547],[129.4341205,35.8512678],[129.4341217,35.8512798],[129.4341218,35.8512999],[129.4341214,35.8513167],[129.4341163,35.8513399],[129.4341101,35.8513573],[129.4341054,35.8513648],[129.4341,35.8513721],[129.434089,35.8513825],[129.434065,35.8513951],[129.4339676,35.851425],[129.4338223,35.8514663],[129.4337196,35.85149],[129.4336749,35.8515003],[129.4336166,35.8515176],[129.4335789,35.8515228],[129.4335802,35.8515572],[129.4336681,35.8515337],[129.433821,35.8514954],[129.4339501,35.8514599],[129.4340829,35.8514233],[129.4341085,35.8514109],[129.4341324,35.8513848],[129.4341526,35.8513456],[129.4341676,35.851312],[129.4341578,35.851216]]]]}},{"type":"Feature","properties":{"UFID":"100035902058A00110100000004490437"},"geometry":{"type":"MultiPolygon","coordinates":[[[[129.4356106,35.8602476],[129.4356167,35.8601567],[129.4355793,35.8601742],[129.4352955,35.8603067],[129.435306,35.8603982],[129.4353205,35.8603724],[129.4355889,35.8602431],[129.4356106,35.8602476]]]]}},{"type":"Feature","properties":{"UFID":"100035902058A00110100000004490438"},"geometry":{"type":"MultiPolygon","coordinates":[[[[129.435306,35.8603982],[129.4352955,35.8603067],[129.4352387,35.8603019],[129.4352345,35.8603003],[129.4352785,35.8604292],[129.4353052,35.8603996],[129.435306,35.8603982]]]]}},{"type":"Feature","properties":{"UFID":"100035902058A00110100000004490439"},"geometry":{"type":"MultiPolygon","coordinates":[[[[129.435666,35.8602069],[129.4356106,35.8602476],[129.4356194,35.8602576],[129.4356178,35.8603077],[129.4356125,35.8603402],[129.4356099,35.8605401],[129.4356048,35.86055],[129.4355985,35.8605937],[129.4356022,35.8606024],[129.4356103,35.8606101],[129.4356205,35.8606155],[129.4356362,35.8606183],[129.4357369,35.8606286],[129.435741,35.8606018],[129.4357079,35.8605988],[129.4356739,35.8605945],[129.4356534,35.8605889],[129.4356408,35.8605785],[129.4356358,35.8605565],[129.4356358,35.8605347],[129.4356404,35.8603281],[129.4356446,35.8602649],[129.4356482,35.8602297],[129.435666,35.8602069]]]]}},{"type":"Feature","properties":{"UFID":"100035902058A00110100000004490440"},"geometry":{"type":"MultiPolygon","coordinates":[[[[129.435666,35.8602069],[129.4356339,35.8601392],[129.4356167,35.8601567],[129.4356106,35.8602476],[129.435666,35.8602069]]]]}},{"type":"Feature","properties":{"UFID":"100035902058A00110100000004490441"},"geometry":{"type":"MultiPolygon","coordinates":[[[[129.4359422,35.8593902],[129.4359354,35.8595227],[129.4359412,35.8595198],[129.4359454,35.8595183],[129.4359515,35.8595174],[129.4359578,35.8595178],[129.4359825,35.8595254],[129.4360788,35.859566],[129.4362486,35.8596469],[129.4363595,35.8596913],[129.4364837,35.8597319],[129.43651,35.8597445],[129.4365237,35.8597588],[129.4365367,35.8597778],[129.4365436,35.8598003],[129.4365448,35.8598238],[129.4365414,35.8598453],[129.4365341,35.8598708],[129.4365232,35.8598924],[129.4365058,35.8599142],[129.4364819,35.8599354],[129.436456,35.8599558],[129.4364366,35.8599732],[129.4364257,35.8599884],[129.4364206,35.8599961],[129.436456,35.8600006],[129.4364636,35.8599892],[129.4364799,35.8599746],[129.4365056,35.8599542],[129.4365321,35.8599309],[129.4365528,35.859905],[129.4365658,35.859879],[129.4365741,35.8598501],[129.4365781,35.859825],[129.4365767,35.8597964],[129.4365678,35.8597678],[129.4365515,35.8597439],[129.4365322,35.8597238],[129.4364975,35.8597072],[129.4364632,35.8596979],[129.4364226,35.8596802],[129.4362478,35.8595889],[129.4361,35.8595025],[129.4359801,35.8594422],[129.4359459,35.8594116],[129.4359444,35.8594062],[129.4359422,35.8593902]]]]}},{"type":"Feature","properties":{"UFID":"100035902058A00110100000004490442"},"geometry":{"type":"MultiPolygon","coordinates":[[[[129.4351466,35.8603516],[129.4351079,35.8602292],[129.4350755,35.8602832],[129.435065,35.860307],[129.4350621,35.8603176],[129.4350606,35.8603306],[129.4350554,35.8604119],[129.4350913,35.8604121],[129.435092,35.8603536],[129.4350943,35.8603484],[129.4350969,35.8603441],[129.4350999,35.8603412],[129.4351053,35.8603387],[129.4351125,35.8603376],[129.435119,35.8603377],[129.4351291,35.8603404],[129.4351374,35.8603441],[129.4351466,35.8603516]]]]}},{"type":"Feature","properties":{"UFID":"100035902058A00110100000004490443"},"geometry":{"type":"MultiPolygon","coordinates":[[[[129.4348181,35.8595134],[129.4347901,35.8595335],[129.4348421,35.859588],[129.435002,35.8597508],[129.4350796,35.8598465],[129.4351203,35.8599072],[129.4351286,35.8599206],[129.4351397,35.8599544],[129.4351355,35.8601233],[129.4351294,35.8601711],[129.4351079,35.8602292],[129.4352345,35.8603003],[129.4352207,35.8602795],[129.4352117,35.8602496],[129.4352096,35.8602272],[129.4352091,35.8602143],[129.435209,35.8601965],[129.4352091,35.8601662],[129.4352084,35.8600871],[129.4352003,35.8599696],[129.4351921,35.8599208],[129.4351773,35.859876],[129.4351672,35.8598563],[129.4351496,35.8598373],[129.4351184,35.859809],[129.4350653,35.8597515],[129.4350038,35.8596787],[129.4349578,35.8596323],[129.4349013,35.8595812],[129.4348181,35.8595134]]]]}},{"type":"Feature","properties":{"UFID":"100035902058A00110100000004490444"},"geometry":{"type":"MultiPolygon","coordinates":[[[[129.4348181,35.8595134],[129.434804,35.8595019],[129.4347752,35.8594713],[129.43476,35.8594456],[129.4347519,35.8594277],[129.4347102,35.8593369],[129.4346615,35.8592055],[129.4346411,35.8591728],[129.4345955,35.8591036],[129.4345781,35.859074],[129.4345475,35.8590873],[129.4345993,35.8591546],[129.4346257,35.8591953],[129.4346477,35.859251],[129.4346722,35.8593296],[129.4347077,35.8594191],[129.4347228,35.8594537],[129.4347349,35.8594792],[129.4347443,35.8594935],[129.4347901,35.8595335],[129.4348181,35.8595134]]]]}},{"type":"Feature","properties":{"UFID":"100035902058A00110100000004490445"},"geometry":{"type":"MultiPolygon","coordinates":[[[[129.4360906,35.8589891],[129.4360762,35.8590083],[129.4360809,35.8590082],[129.4362156,35.8590865],[129.4362331,35.8590697],[129.4360906,35.8589891]]]]}},{"type":"Feature","properties":{"UFID":"100035902058A00110100000004490446"},"geometry":{"type":"MultiPolygon","coordinates":[[[[129.4359422,35.8593902],[129.4358989,35.8593811],[129.4358839,35.8594956],[129.4359354,35.8595227],[129.4359422,35.8593902]]]]}},{"type":"Feature","properties":{"UFID":"100035902058A00110100000004490447"},"geometry":{"type":"MultiPolygon","coordinates":[[[[129.4360762,35.8590083],[129.4360351,35.8589875],[129.4360304,35.8589939],[129.4359942,35.8590485],[129.4359797,35.8590843],[129.4359429,35.8591857],[129.4359092,35.8593092],[129.4358989,35.8593811],[129.4359422,35.8593902],[129.4359529,35.8593152],[129.4359858,35.8591948],[129.4360219,35.8590951],[129.4360351,35.8590629],[129.4360671,35.8590144],[129.4360762,35.8590083]]]]}},{"type":"Feature","properties":{"UFID":"100035902058A00110100000004490448"},"geometry":{"type":"MultiPolygon","coordinates":[[[[129.4360906,35.8589891],[129.4360563,35.8589589],[129.4360351,35.8589875],[129.4360762,35.8590083],[129.4360906,35.8589891]]]]}},{"type":"Feature","properties":{"UFID":"100035902058A00110100000004490449"},"geometry":{"type":"MultiPolygon","coordinates":[[[[129.4359354,35.8595227],[129.4358839,35.8594956],[129.4358816,35.8595127],[129.4358753,35.8595487],[129.4358433,35.8597121],[129.4358145,35.8598416],[129.4357984,35.8598871],[129.435842,35.8598943],[129.4358577,35.8598498],[129.435887,35.8597182],[129.4359191,35.8595541],[129.4359236,35.8595334],[129.4359354,35.8595227]]]]}},{"type":"Feature","properties":{"UFID":"100035902058A00110100000004490450"},"geometry":{"type":"MultiPolygon","coordinates":[[[[129.4364209,35.8585606],[129.4363688,35.8585387],[129.4363586,35.8585569],[129.4362625,35.8586917],[129.4361449,35.8588393],[129.4360563,35.8589589],[129.4360906,35.8589891],[129.4361412,35.8589229],[129.4362049,35.8588444],[129.4362775,35.8587539],[129.4363719,35.8586292],[129.4364209,35.8585606]]]]}},{"type":"Feature","properties":{"UFID":"100035902058A00110100000004490451"},"geometry":{"type":"MultiPolygon","coordinates":[[[[129.4364339,35.8585099],[129.4363828,35.858514],[129.4363688,35.8585387],[129.4364209,35.8585606],[129.4364339,35.8585099]]]]}},{"type":"Feature","properties":{"UFID":"100035902058A00110100000004490452"},"geometry":{"type":"MultiPolygon","coordinates":[[[[129.4352345,35.8603003],[129.4351079,35.8602292],[129.4351466,35.8603516],[129.4352785,35.8604292],[129.4352345,35.8603003]]]]}},{"type":"Feature","properties":{"UFID":"100035902058A00110100000004490453"},"geometry":{"type":"MultiPolygon","coordinates":[[[[129.4364493,35.8600254],[129.4364152,35.8600228],[129.436416,35.8600474],[129.4364163,35.8600899],[129.4364495,35.8600898],[129.4364492,35.860047],[129.4364487,35.8600286],[129.4364493,35.8600254]]]]}},{"type":"Feature","properties":{"UFID":"100035902058A00110100000004490454"},"geometry":{"type":"MultiPolygon","coordinates":[[[[129.436456,35.8600006],[129.4364206,35.8599961],[129.4364152,35.8600228],[129.4364493,35.8600254],[129.4364517,35.8600134],[129.436456,35.8600006]]]]}},{"type":"Feature","properties":{"UFID":"100035902058A00110100000004490455"},"geometry":{"type":"MultiPolygon","coordinates":[[[[129.4364206,35.8599961],[129.4363829,35.8599917],[129.4363316,35.8599827],[129.4362631,35.8599603],[129.436171,35.8599091],[129.4361523,35.8599315],[129.4362474,35.8599843],[129.4363218,35.8600087],[129.436377,35.8600183],[129.4364152,35.8600228],[129.4364206,35.8599961]]]]}},{"type":"Feature","properties":{"UFID":"100035902058A00110100000004490456"},"geometry":{"type":"MultiPolygon","coordinates":[[[[129.435842,35.8598943],[129.4357984,35.8598871],[129.4357807,35.8599067],[129.4357661,35.8599321],[129.4357254,35.8600062],[129.4356827,35.8600706],[129.4356515,35.8601213],[129.4356339,35.8601392],[129.435666,35.8602069],[129.4356947,35.8601827],[129.4357281,35.8601481],[129.4357442,35.8601302],[129.435771,35.8600815],[129.4358137,35.859979],[129.4358191,35.8599593],[129.435842,35.8598943]]]]}},{"type":"Feature","properties":{"UFID":"100035902058A00110100000004490457"},"geometry":{"type":"MultiPolygon","coordinates":[[[[129.4363828,35.858514],[129.4363234,35.8584811],[129.436302,35.8585051],[129.4363688,35.8585387],[129.4363828,35.858514]]]]}},{"type":"Feature","properties":{"UFID":"100035902058A00110100000004490458"},"geometry":{"type":"MultiPolygon","coordinates":[[[[129.4364339,35.8585099],[129.4364551,35.8584723],[129.4364694,35.8584457],[129.4364258,35.8584369],[129.4364147,35.8584575],[129.4363828,35.858514],[129.4364339,35.8585099]]]]}},{"type":"Feature","properties":{"UFID":"100035902058A00110100000004490459"},"geometry":{"type":"MultiPolygon","coordinates":[[[[129.4364854,35.8584007],[129.4364694,35.8584457],[129.4364834,35.8584351],[129.43657,35.8584465],[129.4366561,35.8584228],[129.4366455,35.8583972],[129.4365672,35.8584188],[129.4364934,35.858409],[129.4364854,35.8584007]]]]}},{"type":"Feature","properties":{"UFID":"100035902058A00110100000004490460"},"geometry":{"type":"MultiPolygon","coordinates":[[[[129.4364854,35.8584007],[129.4364415,35.8583949],[129.4364366,35.8584108],[129.4364279,35.8584329],[129.4364258,35.8584369],[129.4364694,35.8584457],[129.4364854,35.8584007]]]]}},{"type":"Feature","properties":{"UFID":"100035902058A00110100000004490498"},"geometry":{"type":"MultiPolygon","coordinates":[[[[129.4365024,35.8578386],[129.4364581,35.8578353],[129.4364573,35.8578793],[129.4364568,35.8579864],[129.4364511,35.8583009],[129.4364415,35.8583949],[129.4364854,35.8584007],[129.4364953,35.8583026],[129.4365011,35.8579868],[129.4365016,35.8578796],[129.4365024,35.8578386]]]]}},{"type":"Feature","properties":{"UFID":"100035902058A00110100000004490499"},"geometry":{"type":"MultiPolygon","coordinates":[[[[129.4365096,35.8577067],[129.4365024,35.8578386],[129.4365115,35.8578354],[129.4365188,35.8578356],[129.4365331,35.8578381],[129.4365543,35.8578472],[129.4365959,35.8578883],[129.4366346,35.857858],[129.4365146,35.8577474],[129.4365126,35.8577385],[129.4365096,35.8577067]]]]}},{"type":"Feature","properties":{"UFID":"100035902058A00110100000004490500"},"geometry":{"type":"MultiPolygon","coordinates":[[[[129.4365096,35.8577067],[129.4364656,35.8577027],[129.4364611,35.8577423],[129.4364586,35.8578139],[129.4364581,35.8578353],[129.4365024,35.8578386],[129.4365096,35.8577067]]]]}},{"type":"Feature","properties":{"UFID":"100035902058A00110100000004490501"},"geometry":{"type":"MultiPolygon","coordinates":[[[[129.4366995,35.8575747],[129.4366395,35.8575572],[129.4366573,35.8575941],[129.4366939,35.8575925],[129.4366924,35.8575798],[129.4366995,35.8575747]]]]}},{"type":"Feature","properties":{"UFID":"100035902058A00110100000004490502"},"geometry":{"type":"MultiPolygon","coordinates":[[[[129.4367135,35.857546],[129.4366995,35.8575747],[129.4367084,35.8575747],[129.4367181,35.857575],[129.4367282,35.8575765],[129.4367398,35.8575799],[129.4367551,35.8575879],[129.4367621,35.8575953],[129.4367743,35.857662],[129.436802,35.857736],[129.4368405,35.8577135],[129.436815,35.8576782],[129.4368056,35.8576484],[129.4367974,35.857612],[129.4367874,35.8575727],[129.4367835,35.857568],[129.4367548,35.8575579],[129.4367135,35.857546]]]]}},{"type":"Feature","properties":{"UFID":"100035902058A00110100000004490503"},"geometry":{"type":"MultiPolygon","coordinates":[[[[129.4367135,35.857546],[129.4366495,35.8575277],[129.4366395,35.8575572],[129.4366995,35.8575747],[129.4367135,35.857546]]]]}},{"type":"Feature","properties":{"UFID":"100035902058A00110100000004490504"},"geometry":{"type":"MultiPolygon","coordinates":[[[[129.4365869,35.8575329],[129.4365488,35.8575145],[129.4365408,35.8575266],[129.4364969,35.8576007],[129.4364699,35.8576734],[129.4364693,35.8576796],[129.4364656,35.8577027],[129.4365096,35.8577067],[129.4365137,35.8576803],[129.4365383,35.8576139],[129.4365803,35.8575429],[129.4365869,35.8575329]]]]}},{"type":"Feature","properties":{"UFID":"100035902058A00110100000004490505"},"geometry":{"type":"MultiPolygon","coordinates":[[[[129.4366495,35.8575277],[129.4366429,35.8575065],[129.4366359,35.8574815],[129.4366357,35.8574737],[129.4366353,35.8574591],[129.4365869,35.8575329],[129.4365908,35.8575325],[129.4365999,35.8575335],[129.4366075,35.8575356],[129.4366395,35.8575572],[129.4366495,35.8575277]]]]}},{"type":"Feature","properties":{"UFID":"100035902058A00110100000004490506"},"geometry":{"type":"MultiPolygon","coordinates":[[[[129.4366353,35.8574591],[129.4365994,35.8574375],[129.4365488,35.8575145],[129.4365869,35.8575329],[129.4366353,35.8574591]]]]}},{"type":"Feature","properties":{"UFID":"100035902058A00110100000004490507"},"geometry":{"type":"MultiPolygon","coordinates":[[[[129.4369104,35.8572539],[129.4368872,35.857223],[129.436882,35.8572262],[129.4368471,35.8572445],[129.4367377,35.8573012],[129.4366684,35.8573558],[129.4366125,35.8574175],[129.4365994,35.8574375],[129.4366353,35.8574591],[129.43665,35.8574369],[129.4367019,35.8573796],[129.4367652,35.8573296],[129.4369074,35.8572557],[129.4369104,35.8572539]]]]}},{"type":"Feature","properties":{"UFID":"100035902058A00110100000004490508"},"geometry":{"type":"MultiPolygon","coordinates":[[[[129.4369642,35.8572209],[129.4369104,35.8572539],[129.4369189,35.8572595],[129.4369285,35.857273],[129.4369685,35.8573962],[129.4370006,35.8573893],[129.4369592,35.8572619],[129.4369584,35.8572397],[129.4369587,35.8572338],[129.4369642,35.8572209]]]]}},{"type":"Feature","properties":{"UFID":"100035902058A00110100000004490509"},"geometry":{"type":"MultiPolygon","coordinates":[[[[129.4369642,35.8572209],[129.436944,35.857188],[129.4368872,35.857223],[129.4369104,35.8572539],[129.4369642,35.8572209]]]]}},{"type":"Feature","properties":{"UFID":"100035902058A00110100000004490510"},"geometry":{"type":"MultiPolygon","coordinates":[[[[129.4365087,35.8541133],[129.4364718,35.8541358],[129.4364868,35.854145],[129.4365235,35.8541695],[129.4365857,35.8542162],[129.4366346,35.8542809],[129.4366669,35.8543506],[129.4366936,35.8544675],[129.4367364,35.8546453],[129.4367788,35.854832],[129.4368192,35.8550031],[129.4368454,35.855167],[129.4368897,35.8553258],[129.4369379,35.85546],[129.4369773,35.8555771],[129.4369887,35.8556187],[129.43701,35.8557497],[129.4370297,35.8558858],[129.4370514,35.8559345],[129.4370737,35.8559589],[129.4371591,35.8560354],[129.4372246,35.8560951],[129.4372143,35.8561673],[129.4371631,35.8562127],[129.4370524,35.8562826],[129.4369718,35.8563443],[129.4369299,35.856408],[129.4369072,35.8564773],[129.4369019,35.8564988],[129.4369016,35.8565824],[129.4369234,35.8566727],[129.4369698,35.8567885],[129.4370296,35.8568875],[129.4370693,35.8569726],[129.437071,35.8569799],[129.4370693,35.8570198],[129.4370547,35.8570711],[129.4370264,35.8571191],[129.436944,35.857188],[129.4369642,35.8572209],[129.4369725,35.8572159],[129.4370632,35.85714],[129.4370967,35.8570832],[129.4371134,35.8570245],[129.4371154,35.8569772],[129.4371121,35.8569628],[129.4370703,35.8568731],[129.4370109,35.8567749],[129.4369664,35.8566636],[129.4369459,35.856579],[129.4369462,35.8565025],[129.4369503,35.8564855],[129.4369713,35.8564213],[129.4370075,35.8563665],[129.4370812,35.85631],[129.4371932,35.8562393],[129.4372566,35.856183],[129.4372693,35.8560948],[129.4372676,35.8560853],[129.4372638,35.8560767],[129.437192,35.8560113],[129.4371079,35.855936],[129.4370908,35.8559173],[129.4370731,35.8558774],[129.4370539,35.8557452],[129.4370324,35.8556124],[129.4370203,35.8555684],[129.4369805,35.8554502],[129.4369326,35.8553167],[129.436889,35.8551607],[129.436863,35.8549974],[129.4368223,35.8548253],[129.4367799,35.8546386],[129.4367371,35.8544607],[129.4367097,35.8543409],[129.4366745,35.854265],[129.4366202,35.8541931],[129.4365526,35.8541423],[129.4365142,35.8541167],[129.4365087,35.8541133]]]]}},{"type":"Feature","properties":{"UFID":"100035902058A00110100000004490511"},"geometry":{"type":"MultiPolygon","coordinates":[[[[129.4365087,35.8541133],[129.4364761,35.8540933],[129.4364284,35.8540649],[129.4363979,35.8540396],[129.4363615,35.8540608],[129.4364718,35.8541358],[129.4365087,35.8541133]]]]}},{"type":"Feature","properties":{"UFID":"100035902058A00110100000004490512"},"geometry":{"type":"MultiPolygon","coordinates":[[[[129.4363979,35.8540396],[129.4363873,35.8540308],[129.4362388,35.8538809],[129.436171,35.8538324],[129.4361311,35.8538059],[129.4359876,35.8537051],[129.435821,35.8535815],[129.4357008,35.8534931],[129.4356952,35.8535376],[129.4357912,35.8536082],[129.4359582,35.853732],[129.4361026,35.8538335],[129.4361423,35.8538599],[129.4362067,35.8539059],[129.4363542,35.8540548],[129.4363615,35.8540608],[129.4363979,35.8540396]]]]}},{"type":"Feature","properties":{"UFID":"100035902058A00110100000004490513"},"geometry":{"type":"MultiPolygon","coordinates":[[[[129.4357008,35.8534931],[129.4356432,35.8534507],[129.4356331,35.8534437],[129.4356088,35.8534742],[129.435614,35.8534778],[129.4356952,35.8535376],[129.4357008,35.8534931]]]]}},{"type":"Feature","properties":{"UFID":"100035902058A00110100000004490514"},"geometry":{"type":"MultiPolygon","coordinates":[[[[129.4356331,35.8534437],[129.4356432,35.8534507],[129.4357008,35.8534931],[129.4357014,35.8534853],[129.4357018,35.8534798],[129.4357029,35.8534736],[129.4357092,35.8534613],[129.4357231,35.8534538],[129.4356939,35.8534333],[129.4356913,35.8534341],[129.4356874,35.8534341],[129.4356825,35.8534332],[129.4356804,35.8534318],[129.4356789,35.8534288],[129.4356516,35.8532694],[129.4356082,35.8532699],[129.4356413,35.8534336],[129.4356398,35.8534365],[129.4356331,35.8534437]]]]}},{"type":"Feature","properties":{"UFID":"100035902058A00110100000004490515"},"geometry":{"type":"MultiPolygon","coordinates":[[[[129.4356331,35.8534437],[129.4354839,35.8533397],[129.4353382,35.8532635],[129.4352116,35.8532057],[129.4351484,35.8531721],[129.4351115,35.8531366],[129.4351044,35.8531206],[129.4350795,35.8530138],[129.4350681,35.8528964],[129.4350488,35.8527966],[129.4350302,35.8527088],[129.4349815,35.8525798],[129.434931,35.8524736],[129.4348962,35.8523622],[129.4348794,35.8522714],[129.434872,35.85224],[129.4348685,35.8522219],[129.4348651,35.8522093],[129.4348171,35.852218],[129.4348235,35.8522302],[129.434825,35.8522351],[129.4348501,35.8523346],[129.4348827,35.8524469],[129.4349168,35.8525367],[129.4349437,35.8525931],[129.4349842,35.8526878],[129.4349905,35.8527156],[129.4350177,35.852824],[129.4350279,35.8529396],[129.4350356,35.8530185],[129.4350615,35.8531301],[129.4350725,35.853155],[129.4351188,35.8531994],[129.4351886,35.8532365],[129.4353154,35.8532945],[129.4354574,35.8533687],[129.4356088,35.8534742],[129.4356331,35.8534437]]]]}},{"type":"Feature","properties":{"UFID":"100035902058A00110100000004490516"},"geometry":{"type":"MultiPolygon","coordinates":[[[[129.4348651,35.8522093],[129.4348537,35.8521714],[129.4348005,35.8521985],[129.4348171,35.852218],[129.4348651,35.8522093]]]]}},{"type":"Feature","properties":{"UFID":"100035902058A00110100000004490517"},"geometry":{"type":"MultiPolygon","coordinates":[[[[129.4348537,35.8521714],[129.4348651,35.8522093],[129.4348691,35.8522055],[129.4348762,35.8522026],[129.4349672,35.8521784],[129.435008,35.8521666],[129.4350699,35.8521459],[129.4350738,35.8521398],[129.4350757,35.8521316],[129.4350764,35.8521217],[129.4350763,35.8521111],[129.4350732,35.8520999],[129.435053,35.8520063],[129.4349706,35.8517149],[129.4349383,35.8517209],[129.4350205,35.8520116],[129.4350368,35.8520874],[129.4350372,35.852106],[129.4350357,35.8521127],[129.4350321,35.852118],[129.4350273,35.8521235],[129.4349779,35.8521466],[129.4349564,35.8521529],[129.4348725,35.8521752],[129.4348576,35.8521747],[129.4348537,35.8521714]]]]}},{"type":"Feature","properties":{"UFID":"100035902058A00110100000004490518"},"geometry":{"type":"MultiPolygon","coordinates":[[[[129.4348537,35.8521714],[129.4348192,35.8520984],[129.4347683,35.8520038],[129.4347141,35.85194],[129.434666,35.851891],[129.4346513,35.851855],[129.4346449,35.8518117],[129.4346405,35.8516844],[129.4346241,35.851563],[129.4346069,35.8514961],[129.4345802,35.851437],[129.4345013,35.8513346],[129.4344661,35.8512775],[129.4344228,35.8511487],[129.4344132,35.8511161],[129.4343547,35.8510968],[129.4343596,35.8511171],[129.4343639,35.8511309],[129.4344211,35.8512699],[129.4344454,35.8513207],[129.4344699,35.8513613],[129.4345146,35.8514147],[129.4345549,35.8514782],[129.4345684,35.8515105],[129.4345879,35.8515871],[129.4345937,35.8516353],[129.4346022,35.8517405],[129.4346073,35.8518244],[129.4346124,35.8518674],[129.4346134,35.8518718],[129.4346215,35.8518942],[129.4346313,35.8519158],[129.4346633,35.8519615],[129.4346659,35.8519697],[129.4346687,35.8519807],[129.4346719,35.8519888],[129.4347392,35.8520982],[129.4347901,35.8521855],[129.4348005,35.8521985],[129.4348537,35.8521714]]]]}},{"type":"Feature","properties":{"UFID":"100035902058A00110100000004490519"},"geometry":{"type":"MultiPolygon","coordinates":[[[[129.4343792,35.8509896],[129.4344132,35.8511161],[129.4344208,35.8510992],[129.4344256,35.851097],[129.4344555,35.8510955],[129.4345415,35.8511089],[129.4346284,35.851122],[129.4346344,35.8510954],[129.4345477,35.8510823],[129.4344639,35.8510693],[129.4344201,35.8510476],[129.4344147,35.8510416],[129.4343792,35.8509896]]]]}},{"type":"Feature","properties":{"UFID":"100035902058A00110100000004490520"},"geometry":{"type":"MultiPolygon","coordinates":[[[[129.4343792,35.8509896],[129.4343381,35.8509822],[129.4343517,35.8510845],[129.4343547,35.8510968],[129.4344132,35.8511161],[129.4343792,35.8509896]]]]}},{"type":"Feature","properties":{"UFID":"100035902058A00110100000004490528"},"geometry":{"type":"MultiPolygon","coordinates":[[[[129.4338214,35.8622511],[129.4337997,35.8622116],[129.4337286,35.8622527],[129.433659,35.8623248],[129.4335572,35.8624295],[129.433482,35.8624893],[129.4333806,35.862618],[129.4333255,35.8627046],[129.4332418,35.8628128],[129.4331829,35.8628823],[129.4331338,35.8629331],[129.4330817,35.8629779],[129.4328929,35.8631199],[129.4327462,35.8632472],[129.4325745,35.8634088],[129.4325726,35.8634091],[129.4324637,35.8635229],[129.432351,35.8636289],[129.4321756,35.8638035],[129.4321509,35.8638342],[129.4321168,35.8638684],[129.4321794,35.8638835],[129.4321982,35.863861],[129.4322221,35.8638313],[129.4323951,35.8636591],[129.4325082,35.8635527],[129.432605,35.8634515],[129.432789,35.8632785],[129.4329335,35.8631532],[129.4331222,35.8630112],[129.4331774,35.8629638],[129.4332292,35.8629102],[129.4332899,35.8628386],[129.4333755,35.8627279],[129.4334305,35.8626415],[129.4335269,35.8625191],[129.4336001,35.8624609],[129.4337042,35.8623538],[129.4337694,35.8622862],[129.4338214,35.8622511]]]]}},{"type":"Feature","properties":{"UFID":"100035902058A00110100000004490531"},"geometry":{"type":"MultiPolygon","coordinates":[[[[129.4295713,35.8678298],[129.4295214,35.8677817],[129.4295045,35.8678036],[129.4295546,35.8678486],[129.4295713,35.8678298]]]]}},{"type":"Feature","properties":{"UFID":"100035902058A00110100000004490532"},"geometry":{"type":"MultiPolygon","coordinates":[[[[129.4309136,35.8659262],[129.4308846,35.8659294],[129.4308202,35.8659324],[129.4308405,35.8659814],[129.4308878,35.8659892],[129.4309136,35.8659262]]]]}},{"type":"Feature","properties":{"UFID":"100035902058A00110100000004490533"},"geometry":{"type":"MultiPolygon","coordinates":[[[[129.4308405,35.8659814],[129.4308202,35.8659324],[129.4306919,35.8659698],[129.4307076,35.8660181],[129.4308405,35.8659814]]]]}},{"type":"Feature","properties":{"UFID":"100035902058A00110100000004490534"},"geometry":{"type":"MultiPolygon","coordinates":[[[[129.4310234,35.8659398],[129.4309463,35.8659225],[129.4309136,35.8659262],[129.4308878,35.8659892],[129.4309213,35.8660026],[129.4309658,35.865976],[129.4310234,35.8659398]]]]}},{"type":"Feature","properties":{"UFID":"100035902058A00110100000004490535"},"geometry":{"type":"MultiPolygon","coordinates":[[[[129.4316883,35.8647319],[129.4316654,35.8647189],[129.4316223,35.864773],[129.4316077,35.8647968],[129.4316057,35.8648034],[129.4316042,35.8648195],[129.4316121,35.8648567],[129.4316383,35.8648946],[129.4316414,35.8649025],[129.4316542,35.8649198],[129.4316824,35.8649421],[129.4317112,35.8649712],[129.431725,35.8649928],[129.431732,35.8650169],[129.4317309,35.8650394],[129.4317255,35.8650637],[129.4317166,35.8650943],[129.4317011,35.8651259],[129.4316877,35.8651445],[129.4316672,35.8651655],[129.4315494,35.865256],[129.4314713,35.8653164],[129.4313431,35.8654438],[129.4312403,35.8655503],[129.4311937,35.8656033],[129.4311541,35.8656541],[129.4310968,35.8657274],[129.4310761,35.8657581],[129.43106,35.8657903],[129.4310485,35.8658182],[129.4310382,35.865863],[129.431027,35.8658954],[129.4310189,35.8659098],[129.4310169,35.8659115],[129.4309463,35.8659225],[129.4310234,35.8659398],[129.4310349,35.8659275],[129.4310424,35.8659196],[129.4310543,35.8658978],[129.4310628,35.865877],[129.4310779,35.8658238],[129.4311002,35.865768],[129.4311533,35.8656881],[129.4312663,35.865558],[129.4313875,35.8654376],[129.4314839,35.8653443],[129.4315984,35.8652536],[129.431666,35.8651966],[129.4317092,35.865154],[129.4317329,35.8651105],[129.4317516,35.8650557],[129.4317662,35.8650202],[129.4317659,35.8650036],[129.4317566,35.864977],[129.4317351,35.8649612],[129.4317337,35.8649599],[129.4316897,35.8649182],[129.4316587,35.8648853],[129.4316489,35.86487],[129.4316357,35.8648373],[129.4316335,35.8648156],[129.4316352,35.8648075],[129.4316492,35.8647798],[129.4316786,35.8647394],[129.4316883,35.8647319]]]]}},{"type":"Feature","properties":{"UFID":"100035902058A00110100000004490536"},"geometry":{"type":"MultiPolygon","coordinates":[[[[129.4321054,35.8640051],[129.4320542,35.8639882],[129.4319428,35.8642451],[129.4319945,35.86426],[129.4321054,35.8640051]]]]}},{"type":"Feature","properties":{"UFID":"100035902058A00110100000004490537"},"geometry":{"type":"MultiPolygon","coordinates":[[[[129.4319945,35.86426],[129.4319428,35.8642451],[129.4319361,35.8642606],[129.431909,35.8643293],[129.4318811,35.8643888],[129.4319246,35.864409],[129.4319377,35.864376],[129.4319708,35.8643126],[129.4319945,35.86426]]]]}},{"type":"Feature","properties":{"UFID":"100035902058A00110100000004490538"},"geometry":{"type":"MultiPolygon","coordinates":[[[[129.4319246,35.864409],[129.4318811,35.8643888],[129.4318553,35.8644436],[129.4318488,35.8644476],[129.4318308,35.8644503],[129.4318214,35.8644667],[129.4318863,35.8644976],[129.4319246,35.864409]]]]}},{"type":"Feature","properties":{"UFID":"100035902058A00110100000004490539"},"geometry":{"type":"MultiPolygon","coordinates":[[[[129.4321794,35.8638835],[129.4321168,35.8638684],[129.4320542,35.8639882],[129.4321054,35.8640051],[129.4321384,35.8639495],[129.4321528,35.8639252],[129.4321794,35.8638835]]]]}},{"type":"Feature","properties":{"UFID":"100035902058A00110100000004490540"},"geometry":{"type":"MultiPolygon","coordinates":[[[[129.4317606,35.8646186],[129.4317342,35.8646016],[129.4317238,35.8646168],[129.4317105,35.8646373],[129.431692,35.8646746],[129.4317196,35.8646969],[129.4317273,35.8646693],[129.431753,35.8646297],[129.4317606,35.8646186]]]]}},{"type":"Feature","properties":{"UFID":"100035902058A00110100000004490541"},"geometry":{"type":"MultiPolygon","coordinates":[[[[129.4317196,35.8646969],[129.431692,35.8646746],[129.4316779,35.8647031],[129.4316654,35.8647189],[129.4316883,35.8647319],[129.4317196,35.8646969]]]]}},{"type":"Feature","properties":{"UFID":"100035902058A00110100000004490542"},"geometry":{"type":"MultiPolygon","coordinates":[[[[129.4307076,35.8660181],[129.4306919,35.8659698],[129.4306332,35.8659735],[129.4306229,35.8660113],[129.4306071,35.8660679],[129.4306008,35.8660907],[129.4305979,35.8661009],[129.4306435,35.8661058],[129.4307076,35.8660181]]]]}},{"type":"Feature","properties":{"UFID":"100035902058A00110100000004490543"},"geometry":{"type":"MultiPolygon","coordinates":[[[[129.43179,35.8645758],[129.4317628,35.8645599],[129.4317342,35.8646016],[129.4317606,35.8646186],[129.43179,35.8645758]]]]}},{"type":"Feature","properties":{"UFID":"100035902058A00110100000004490544"},"geometry":{"type":"MultiPolygon","coordinates":[[[[129.4318863,35.8644976],[129.4318214,35.8644667],[129.4317915,35.8645192],[129.4317628,35.8645599],[129.43179,35.8645758],[129.4318197,35.8645336],[129.4318863,35.8644976]]]]}},{"type":"Feature","properties":{"UFID":"100035902058A00110100000004490545"},"geometry":{"type":"MultiPolygon","coordinates":[[[[129.4319246,35.864409],[129.4318863,35.8644976],[129.431917,35.8644844],[129.4319589,35.8645097],[129.4321394,35.864584],[129.4321544,35.8645599],[129.4319781,35.8644873],[129.4319457,35.864456],[129.4319314,35.8644355],[129.4319269,35.8644273],[129.4319245,35.8644108],[129.4319246,35.864409]]]]}},{"type":"Feature","properties":{"UFID":"100035902058A00110100000004490546"},"geometry":{"type":"MultiPolygon","coordinates":[[[[129.4340402,35.8622086],[129.4340334,35.8621474],[129.4340058,35.8621639],[129.4339631,35.8621745],[129.433967,35.8622147],[129.4340402,35.8622086]]]]}},{"type":"Feature","properties":{"UFID":"100035902058A00110100000004490547"},"geometry":{"type":"MultiPolygon","coordinates":[[[[129.4317196,35.8646969],[129.4316883,35.8647319],[129.4317143,35.8647461],[129.4317399,35.8647646],[129.4317694,35.8647378],[129.4317352,35.8647129],[129.4317196,35.8646969]]]]}},{"type":"Feature","properties":{"UFID":"100035902058A00110100000004490548"},"geometry":{"type":"MultiPolygon","coordinates":[[[[129.4341311,35.8511798],[129.4341285,35.8511797],[129.4341136,35.8511746],[129.4341039,35.8511697],[129.4340806,35.8511437],[129.4340397,35.8510891],[129.4340114,35.8511032],[129.4340529,35.8511587],[129.4340847,35.8511941],[129.4340925,35.8512044],[129.4341311,35.8511798]]]]}},{"type":"Feature","properties":{"UFID":"100035902058A00110100000004490549"},"geometry":{"type":"MultiPolygon","coordinates":[[[[129.4306638,35.8661534],[129.4306405,35.866113],[129.4305809,35.8661442],[129.4306416,35.8661803],[129.4306638,35.8661534]]]]}},{"type":"Feature","properties":{"UFID":"100035902058A00110100000004490550"},"geometry":{"type":"MultiPolygon","coordinates":[[[[129.4306405,35.866113],[129.4306435,35.8661058],[129.4305979,35.8661009],[129.4305885,35.866125],[129.4305809,35.8661442],[129.4306405,35.866113]]]]}},{"type":"Feature","properties":{"UFID":"100035902058A00110100000004490551"},"geometry":{"type":"MultiPolygon","coordinates":[[[[129.4309213,35.8660026],[129.4308878,35.8659892],[129.4308611,35.866005],[129.4308161,35.8660211],[129.43074,35.866043],[129.4306769,35.8660817],[129.4306428,35.8661106],[129.4306405,35.866113],[129.4306638,35.8661534],[129.4306817,35.8661361],[129.4306995,35.8661189],[129.4307612,35.8660799],[129.4308284,35.8660463],[129.430878,35.8660285],[129.4309213,35.8660026]]]]}},{"type":"Feature","properties":{"UFID":"100035902058A00110100000004490552"},"geometry":{"type":"MultiPolygon","coordinates":[[[[129.43179,35.8645758],[129.4317606,35.8646186],[129.4317993,35.8646573],[129.4318253,35.8646865],[129.4318798,35.8647571],[129.4319461,35.8648306],[129.4319573,35.8648326],[129.431995,35.8648313],[129.4320103,35.8648313],[129.4320742,35.8648181],[129.4321896,35.8647909],[129.4323118,35.8647489],[129.4322988,35.864724],[129.4321785,35.8647654],[129.4320655,35.864792],[129.4320062,35.8648042],[129.4319943,35.8648042],[129.4319645,35.8648053],[129.4319073,35.8647419],[129.4318529,35.8646714],[129.4318454,35.864663],[129.4318031,35.8646106],[129.4318031,35.8646102],[129.4317885,35.8645848],[129.4317888,35.8645799],[129.43179,35.8645758]]]]}},{"type":"Feature","properties":{"UFID":"100035902058A00110100000004490553"},"geometry":{"type":"MultiPolygon","coordinates":[[[[129.4306919,35.8659698],[129.43069,35.8659629],[129.4307017,35.8659014],[129.4306641,35.8656499],[129.4306006,35.8653393],[129.4305869,35.8652253],[129.4305877,35.8651322],[129.4305927,35.8649937],[129.4306018,35.8648976],[129.4306606,35.8647095],[129.4306955,35.8645853],[129.4307915,35.8642119],[129.4308075,35.8641645],[129.4308449,35.8640893],[129.4308543,35.8640742],[129.4308579,35.8640663],[129.4309276,35.8639617],[129.4310119,35.8638715],[129.4311094,35.863799],[129.4311591,35.8637631],[129.4311393,35.8637413],[129.4310247,35.8638212],[129.4309499,35.8638855],[129.4308946,35.8639322],[129.4308079,35.8640731],[129.4307997,35.8640878],[129.4307858,35.8641336],[129.4307504,35.8642409],[129.4306764,35.8645376],[129.4306411,35.8646727],[129.4306098,35.8647406],[129.4305821,35.8648582],[129.4305667,35.864956],[129.4305575,35.8650447],[129.4305567,35.8651723],[129.4305598,35.8652705],[129.4305987,35.8654902],[129.4306286,35.865635],[129.4306649,35.8658325],[129.4306667,35.8658872],[129.4306429,35.865938],[129.4306332,35.8659735],[129.4306919,35.8659698]]]]}},{"type":"Feature","properties":{"UFID":"100035902058A00110100000004490554"},"geometry":{"type":"MultiPolygon","coordinates":[[[[129.4332122,35.8515699],[129.433186,35.8515684],[129.4331648,35.8515671],[129.4331518,35.851604],[129.4331991,35.851606],[129.4332122,35.8515699]]]]}},{"type":"Feature","properties":{"UFID":"100035902058A00110100000004490555"},"geometry":{"type":"MultiPolygon","coordinates":[[[[129.4331518,35.851604],[129.4331648,35.8515671],[129.4331159,35.851564],[129.4330993,35.8515637],[129.4330828,35.8515654],[129.4330602,35.8515738],[129.4330205,35.8515962],[129.4329773,35.8516342],[129.4329559,35.8516578],[129.4329199,35.8517221],[129.4328801,35.8518405],[129.43285,35.8519573],[129.4328319,35.8519946],[129.4327688,35.8520764],[129.4327099,35.8521461],[129.4326497,35.8522022],[129.4325584,35.8522575],[129.4324935,35.852297],[129.4324253,35.8523607],[129.4323472,35.8524268],[129.43233,35.8524336],[129.4323082,35.8524391],[129.4323005,35.8524403],[129.4322818,35.8524405],[129.4322717,35.8524406],[129.432205,35.8524346],[129.4321821,35.852432],[129.4321154,35.8524309],[129.4321036,35.8524309],[129.4319743,35.8524384],[129.4319915,35.8524609],[129.4320776,35.852458],[129.4321245,35.8524542],[129.4321496,35.8524543],[129.4321892,35.8524587],[129.4322344,35.8524638],[129.4322739,35.8524645],[129.4323152,35.8524611],[129.4323496,35.8524493],[129.4323823,35.8524314],[129.4324192,35.8524032],[129.4324616,35.8523617],[129.4324891,35.8523416],[129.4325653,35.8522887],[129.4326395,35.8522437],[129.4327011,35.8522027],[129.4327428,35.8521611],[129.4327792,35.8521228],[129.4328262,35.8520649],[129.4328541,35.8520198],[129.4328847,35.8519666],[129.4329102,35.8518835],[129.4329417,35.8517795],[129.4329585,35.8517223],[129.4329956,35.851666],[129.4330315,35.8516373],[129.4330694,35.8516186],[129.4331268,35.8516058],[129.4331518,35.851604]]]]}},{"type":"Feature","properties":{"UFID":"100035902058A00110100000004490556"},"geometry":{"type":"MultiPolygon","coordinates":[[[[129.4335802,35.8515572],[129.4335164,35.8515537],[129.433518,35.851556],[129.4335127,35.8515595],[129.4334052,35.8515734],[129.4333658,35.8515755],[129.4332827,35.8515738],[129.4332122,35.8515699],[129.4331991,35.851606],[129.4333462,35.8516089],[129.4333922,35.8516067],[129.4334368,35.8516017],[129.4334985,35.8515879],[129.4335615,35.8515633],[129.4335802,35.8515572]]]]}},{"type":"Feature","properties":{"UFID":"100035902058A00110100000004490557"},"geometry":{"type":"MultiPolygon","coordinates":[[[[129.4335789,35.8515228],[129.4335345,35.851524],[129.4335153,35.8515238],[129.4335164,35.8515537],[129.4335802,35.8515572],[129.4335789,35.8515228]]]]}},{"type":"Feature","properties":{"UFID":"100035902058A00110100000004490558"},"geometry":{"type":"MultiPolygon","coordinates":[[[[129.4341578,35.851216],[129.4341311,35.8511798],[129.4340925,35.8512044],[129.4341011,35.8512174],[129.4341079,35.8512303],[129.4341144,35.8512461],[129.4341578,35.851216]]]]}},{"type":"Feature","properties":{"UFID":"100035902058A00110100000004490673"},"geometry":{"type":"MultiPolygon","coordinates":[[[[129.4339144,35.8622173],[129.4338927,35.8621778],[129.4337997,35.8622116],[129.4338214,35.8622511],[129.4339144,35.8622173]]]]}},{"type":"Feature","properties":{"UFID":"100035902058A00110100000004490674"},"geometry":{"type":"MultiPolygon","coordinates":[[[[129.433967,35.8622147],[129.4339631,35.8621745],[129.4339366,35.862179],[129.4338927,35.8621778],[129.4339144,35.8622173],[129.4339278,35.8622147],[129.433967,35.8622147]]]]}},{"type":"Feature","properties":{"UFID":"100035902058A00110100000004490676"},"geometry":{"type":"MultiPolygon","coordinates":[[[[129.4342102,35.8511959],[129.4341923,35.8511591],[129.4341311,35.8511798],[129.4341578,35.851216],[129.4342102,35.8511959]]]]}},{"type":"Feature","properties":{"UFID":"100035902058A00110100000004490677"},"geometry":{"type":"MultiPolygon","coordinates":[[[[129.4343209,35.850917],[129.4343086,35.8508697],[129.4343021,35.8508887],[129.4342978,35.850896],[129.4342822,35.8509168],[129.4342525,35.8509644],[129.4342343,35.8510013],[129.4342216,35.8510509],[129.4342144,35.8511021],[129.4341971,35.8511548],[129.4341951,35.8511573],[129.4341923,35.8511591],[129.4342102,35.8511959],[129.4342674,35.8511754],[129.4342683,35.8511734],[129.4342411,35.8511446],[129.4342405,35.8511375],[129.434252,35.8510728],[129.4342545,35.8510552],[129.4342662,35.8510092],[129.4342828,35.8509756],[129.4343112,35.85093],[129.4343209,35.850917]]]]}},{"type":"Feature","properties":{"UFID":"100035902058A00110100000004490678"},"geometry":{"type":"MultiPolygon","coordinates":[[[[129.4331973,35.8516081],[129.4331991,35.851606],[129.4331518,35.851604],[129.4331507,35.8516101],[129.4331973,35.8516081]]]]}},{"type":"Feature","properties":{"UFID":"100035902058A00110100000004490679"},"geometry":{"type":"MultiPolygon","coordinates":[[[[129.4331676,35.8516774],[129.4331973,35.8516081],[129.4331507,35.8516101],[129.4331208,35.8516782],[129.4331676,35.8516774]]]]}},{"type":"Feature","properties":{"UFID":"100035902058A00110100000004490680"},"geometry":{"type":"MultiPolygon","coordinates":[[[[129.4331676,35.8516774],[129.4331208,35.8516782],[129.4331195,35.8516873],[129.4331684,35.8516882],[129.4331676,35.8516774]]]]}},{"type":"Feature","properties":{"UFID":"100035902058A00110100000004490681"},"geometry":{"type":"MultiPolygon","coordinates":[[[[129.4343596,35.8508994],[129.4343582,35.8508898],[129.4343585,35.8508575],[129.4343086,35.8508697],[129.4343209,35.850917],[129.4343596,35.8508994]]]]}},{"type":"Feature","properties":{"UFID":"100035902058A00110100000004490682"},"geometry":{"type":"MultiPolygon","coordinates":[[[[129.4343596,35.8508994],[129.4343209,35.850917],[129.4343252,35.8509238],[129.4343381,35.8509822],[129.4343792,35.8509896],[129.4343627,35.8509209],[129.4343596,35.8508994]]]]}},{"type":"Feature","properties":{"UFID":"100035902057A00110100000004490685"},"geometry":{"type":"MultiPolygon","coordinates":[[[[129.4227225,35.853028],[129.4227669,35.8530213],[129.4227496,35.8530038],[129.4227148,35.8529999],[129.4226322,35.8530087],[129.422613,35.8530376],[129.4227225,35.853028]]]]}},{"type":"Feature","properties":{"UFID":"100035902057A00110100000004490686"},"geometry":{"type":"MultiPolygon","coordinates":[[[[129.4227948,35.8530501],[129.4227669,35.8530213],[129.4227225,35.853028],[129.4227548,35.8530598],[129.4227948,35.8530501]]]]}},{"type":"Feature","properties":{"UFID":"100035902057A00110100000004490687"},"geometry":{"type":"MultiPolygon","coordinates":[[[[129.4228065,35.8530571],[129.4227948,35.8530501],[129.4227548,35.8530598],[129.4227704,35.8530826],[129.4228065,35.8530571]]]]}},{"type":"Feature","properties":{"UFID":"100035902057A00110100000004490688"},"geometry":{"type":"MultiPolygon","coordinates":[[[[129.4228378,35.8530915],[129.4228065,35.8530571],[129.4227704,35.8530826],[129.4227899,35.853113],[129.4228378,35.8530915]]]]}},{"type":"Feature","properties":{"UFID":"100035902057A00110100000004490689"},"geometry":{"type":"MultiPolygon","coordinates":[[[[129.4227899,35.853113],[129.4227704,35.8530826],[129.422759,35.853096],[129.4227505,35.8531044],[129.4227186,35.853162],[129.422675,35.853183],[129.422692,35.8532063],[129.4227436,35.8531813],[129.4227485,35.8531736],[129.422779,35.8531188],[129.4227806,35.8531172],[129.4227899,35.853113]]]]}},{"type":"Feature","properties":{"UFID":"100035902057A00110100000004490690"},"geometry":{"type":"MultiPolygon","coordinates":[[[[129.4121598,35.855914],[129.4120619,35.8560546],[129.4121015,35.8560488],[129.4121259,35.8560488],[129.4121497,35.8560513],[129.4121858,35.8560625],[129.4122393,35.8560936],[129.4122885,35.8561466],[129.4123161,35.8561992],[129.4123198,35.8562466],[129.4123174,35.8562925],[129.4123177,35.8563291],[129.4123235,35.8563651],[129.412334,35.856401],[129.4123659,35.8564565],[129.4124454,35.8565724],[129.4124846,35.8565999],[129.4125208,35.8566192],[129.4125634,35.8566287],[129.4126018,35.8566274],[129.4126739,35.8566111],[129.4127244,35.8565948],[129.4127701,35.8565878],[129.4127871,35.8565861],[129.4128376,35.8565876],[129.4129,35.8565943],[129.4129413,35.8565993],[129.4129719,35.8566025],[129.4129999,35.8566015],[129.4130103,35.8565988],[129.4130346,35.8565946],[129.4130706,35.8565801],[129.4130736,35.8565781],[129.4130662,35.8565401],[129.413035,35.8565588],[129.4129624,35.8565701],[129.412902,35.8565681],[129.4128204,35.8565577],[129.4127687,35.8565557],[129.4127292,35.8565588],[129.412685,35.856565],[129.4126521,35.8565722],[129.4126085,35.8565793],[129.4125746,35.8565758],[129.4125363,35.856568],[129.4125106,35.8565573],[129.4124856,35.8565417],[129.4124541,35.8564808],[129.4124138,35.8563717],[129.412391,35.8562866],[129.412388,35.8562296],[129.4123731,35.8561811],[129.4123661,35.8561623],[129.4123063,35.8560946],[129.4122416,35.856029],[129.4121782,35.8559727],[129.4121682,35.8559625],[129.4121588,35.8559465],[129.4121572,35.8559365],[129.4121584,35.8559221],[129.4121598,35.855914]]]]}},{"type":"Feature","properties":{"UFID":"100035902057A00110100000004490691"},"geometry":{"type":"MultiPolygon","coordinates":[[[[129.4121598,35.855914],[129.4120991,35.8558864],[129.4120855,35.8559043],[129.4120555,35.8559567],[129.4120386,35.85598],[129.4119941,35.8560253],[129.4120619,35.8560546],[129.4121598,35.855914]]]]}},{"type":"Feature","properties":{"UFID":"100035902057A00110100000004490692"},"geometry":{"type":"MultiPolygon","coordinates":[[[[129.4141032,35.8554191],[129.4140846,35.8553806],[129.41406,35.8554038],[129.4140326,35.8554185],[129.4140052,35.855428],[129.4139766,35.8554299],[129.4139915,35.8554688],[129.4141032,35.8554191]]]]}},{"type":"Feature","properties":{"UFID":"100035902057A00110100000004490693"},"geometry":{"type":"MultiPolygon","coordinates":[[[[129.4139915,35.8554688],[129.4139766,35.8554299],[129.4139703,35.8554303],[129.4139431,35.8554292],[129.4138981,35.855423],[129.4137602,35.8553913],[129.4135592,35.855345],[129.4134959,35.8553287],[129.4134762,35.8553256],[129.4134479,35.8553236],[129.4134347,35.8553261],[129.4134259,35.8553301],[129.4134115,35.8553341],[129.4133391,35.8553816],[129.41321,35.8554515],[129.4131165,35.8554817],[129.4130503,35.8555115],[129.4129664,35.8555727],[129.4128836,35.8556115],[129.4128185,35.8556266],[129.4127986,35.8556301],[129.4127725,35.8556294],[129.4127424,35.8556268],[129.4127181,35.855624],[129.4126768,35.8556162],[129.4125921,35.8555869],[129.4125061,35.8555759],[129.412482,35.8555773],[129.4124405,35.8555834],[129.4124259,35.855587],[129.4124152,35.8555927],[129.4123844,35.8556255],[129.4123588,35.8556697],[129.4123428,35.8557203],[129.4123245,35.8557454],[129.4122628,35.8557732],[129.412124,35.8558537],[129.4120991,35.8558864],[129.4121598,35.855914],[129.4121658,35.8559012],[129.4121814,35.855885],[129.41222,35.8558583],[129.4123035,35.8558239],[129.4123625,35.8557905],[129.4123815,35.8557665],[129.4124052,35.8557094],[129.4124323,35.8556695],[129.4124446,35.8556606],[129.4124655,35.85565],[129.4124799,35.8556458],[129.4125055,35.8556426],[129.4125344,35.855643],[129.4125578,35.8556448],[129.4126339,35.8556541],[129.4126715,35.8556568],[129.4127393,35.8556592],[129.41282,35.8556598],[129.4129228,35.8556357],[129.4130511,35.8555652],[129.4131847,35.8554982],[129.4132783,35.8554576],[129.4133603,35.8554112],[129.4134221,35.8553772],[129.4134411,35.8553732],[129.4134549,35.8553726],[129.4134697,35.8553739],[129.4134993,35.8553777],[129.4135255,35.855382],[129.4136289,35.8554043],[129.4138018,35.8554362],[129.4139786,35.8554699],[129.4139915,35.8554688]]]]}},{"type":"Feature","properties":{"UFID":"100035902057A00110100000004490694"},"geometry":{"type":"MultiPolygon","coordinates":[[[[129.4141032,35.8554191],[129.4139915,35.8554688],[129.4139996,35.8554713],[129.4140124,35.8554778],[129.4140307,35.8554977],[129.4140549,35.8555212],[129.4140773,35.8555384],[129.4141009,35.8555498],[129.414121,35.8555549],[129.4141432,35.8555552],[129.4142359,35.8555418],[129.4142762,35.8555374],[129.4143017,35.8555389],[129.4143283,35.8555426],[129.4143695,35.8555513],[129.4143792,35.8555541],[129.4144033,35.8555722],[129.4144347,35.8555933],[129.4144566,35.8556043],[129.4144785,35.8556089],[129.4144899,35.8556066],[129.4145503,35.8555668],[129.4145614,35.8555602],[129.4146191,35.8555434],[129.4146519,35.855529],[129.4146827,35.8555118],[129.4147086,35.8554866],[129.4147282,35.8554529],[129.414738,35.8554092],[129.4147482,35.8553459],[129.4147604,35.8553087],[129.4147768,35.8552823],[129.4147966,35.8552652],[129.4148318,35.8552489],[129.4148684,35.8552366],[129.4149021,35.8552315],[129.414928,35.8552309],[129.4149504,35.8552324],[129.4149742,35.8552367],[129.4149975,35.8552457],[129.4150162,35.8552559],[129.4150293,35.8552696],[129.4150387,35.8552916],[129.4150395,35.8553139],[129.4150386,35.8553569],[129.4149972,35.8553965],[129.4149927,35.8554065],[129.4149931,35.8554139],[129.4149958,35.8554233],[129.4150184,35.8554767],[129.4150197,35.855491],[129.4150134,35.8555813],[129.4149927,35.8557154],[129.4149886,35.8557522],[129.4149897,35.8557882],[129.4149941,35.855812],[129.4150019,35.8558358],[129.4150162,35.855856],[129.4150303,35.8558693],[129.4150524,35.8558818],[129.4150783,35.8558885],[129.415113,35.8558939],[129.4151428,35.8558948],[129.4151883,35.8559009],[129.4152077,35.8559072],[129.4152215,35.8559151],[129.4152379,35.8559293],[129.4152529,35.8559508],[129.4152612,35.8559695],[129.4152729,35.8560126],[129.4152934,35.8561127],[129.4153059,35.856177],[129.4153091,35.8562158],[129.4153158,35.8562788],[129.4153196,35.8563009],[129.4153272,35.8563303],[129.4153376,35.8563519],[129.4153635,35.8563824],[129.4153926,35.8564142],[129.4154369,35.856446],[129.4154754,35.8564665],[129.4155082,35.8564744],[129.4155343,35.8564748],[129.4155673,35.8564729],[129.4155876,35.856468],[129.4156307,35.8564455],[129.415654,35.8564257],[129.4156951,35.8563806],[129.4157319,35.8563396],[129.4157797,35.856301],[129.4158465,35.8562561],[129.4158996,35.8562231],[129.4159423,35.8562035],[129.4159924,35.8561876],[129.4160391,35.8561766],[129.4160811,35.856171],[129.4161133,35.8561689],[129.4161402,35.8561649],[129.4161521,35.8561581],[129.4161614,35.8561459],[129.4161646,35.8561374],[129.4161648,35.8561294],[129.4161561,35.8560932],[129.4161517,35.856054],[129.4161523,35.8560274],[129.4161578,35.8560044],[129.4161911,35.8559257],[129.4162374,35.8558274],[129.4162684,35.855792],[129.4163085,35.8557669],[129.4163551,35.8557452],[129.4163899,35.8557387],[129.4164198,35.8557377],[129.4164383,35.8557391],[129.416454,35.8557425],[129.4164727,35.8557488],[129.4164981,35.8557647],[129.4165051,35.8557737],[129.4165216,35.855799],[129.4165369,35.8558341],[129.4165652,35.8559206],[129.4166142,35.8560427],[129.4166773,35.8561872],[129.4167155,35.856256],[129.4167381,35.8562747],[129.4167623,35.8562872],[129.4167848,35.8562905],[129.4167958,35.8562906],[129.416837,35.8562825],[129.4169452,35.8562583],[129.4169781,35.8562557],[129.4169941,35.8562576],[129.4170136,35.8562649],[129.4170359,35.8562829],[129.4170535,35.8563012],[129.4170575,35.8563097],[129.4170666,35.8563506],[129.4170798,35.8564293],[129.4170896,35.8565014],[129.4170944,35.8565424],[129.4171006,35.8565688],[129.4171098,35.8565887],[129.417121,35.8566059],[129.417133,35.8566205],[129.4171514,35.8566397],[129.417201,35.8566737],[129.4172894,35.85672],[129.4173945,35.8567848],[129.4174715,35.8568262],[129.4174956,35.8568365],[129.4175183,35.8568398],[129.4175339,35.8568404],[129.4175446,35.8568381],[129.4175509,35.8568341],[129.4175553,35.8568305],[129.4175623,35.8568217],[129.4175843,35.8567908],[129.4175922,35.8567784],[129.4176932,35.8567217],[129.4178253,35.8566441],[129.4178832,35.8566131],[129.4179123,35.8566028],[129.4179406,35.8565994],[129.4179573,35.8566003],[129.4179675,35.8566025],[129.4179744,35.8566057],[129.4179905,35.8566161],[129.4180081,35.8566365],[129.4180171,35.8566571],[129.4180252,35.8566803],[129.4180366,35.8567172],[129.4180441,35.8567668],[129.4180541,35.8568527],[129.4180665,35.8569172],[129.4180747,35.8569395],[129.4180851,35.8569571],[129.4180984,35.8569677],[129.4181217,35.856979],[129.418137,35.8569812],[129.4181455,35.8569811],[129.4181588,35.8569803],[129.418179,35.8569782],[129.4182121,35.8569726],[129.4182827,35.8569545],[129.4183568,35.8569273],[129.418463,35.85689],[129.4185915,35.8568472],[129.4186654,35.8568291],[129.4187136,35.8568221],[129.4187508,35.8568202],[129.4187725,35.8568234],[129.4187977,35.85683],[129.4188311,35.8568423],[129.4188422,35.8568491],[129.4188486,35.8568552],[129.4188768,35.8568861],[129.4188978,35.8569195],[129.4189063,35.8569382],[129.4189204,35.8569892],[129.4189529,35.8571428],[129.4189776,35.8572659],[129.4189912,35.8573159],[129.4190014,35.8573458],[129.4190153,35.857367],[129.419033,35.8573829],[129.4190819,35.8574178],[129.4191433,35.8574616],[129.4192574,35.8575516],[129.4193405,35.8575995],[129.4193812,35.8576161],[129.4194109,35.8576222],[129.4194316,35.8576239],[129.4194421,35.8576236],[129.4194487,35.8576222],[129.4194538,35.8576194],[129.4194593,35.8576134],[129.4194878,35.8575585],[129.4195362,35.8574967],[129.4195786,35.857449],[129.4196107,35.8574041],[129.419657,35.8573261],[129.4196814,35.857281],[129.4197354,35.8572067],[129.4198425,35.857053],[129.4199196,35.8569274],[129.4200033,35.8567434],[129.420062,35.856642],[129.4200278,35.8566327],[129.4199446,35.8567889],[129.4198803,35.8569197],[129.4198243,35.8570148],[129.4197335,35.8571439],[129.4196436,35.8572718],[129.4195605,35.8574078],[129.4195046,35.8574768],[129.4194466,35.8575519],[129.4194342,35.85757],[129.419423,35.8575749],[129.4194064,35.8575763],[129.4193834,35.8575692],[129.4193571,35.8575591],[129.4192978,35.8575302],[129.419233,35.8574858],[129.4191636,35.8574329],[129.4191115,35.8573919],[129.4190869,35.8573708],[129.4190652,35.8573494],[129.4190411,35.8573183],[129.4190244,35.8572825],[129.4190111,35.8572387],[129.4189917,35.8571293],[129.4189584,35.856987],[129.4189383,35.8569226],[129.4189218,35.8568863],[129.4188949,35.8568484],[129.4188701,35.8568251],[129.4188509,35.8568119],[129.4188119,35.8567974],[129.4187538,35.8567912],[129.4186954,35.8567911],[129.4186645,35.8567944],[129.4186259,35.8568042],[129.4185264,35.8568394],[129.4184088,35.8568824],[129.4183168,35.8569132],[129.4182787,35.8569246],[129.4182425,35.85693],[129.4182176,35.8569297],[129.4181975,35.8569265],[129.4181752,35.8569206],[129.4181567,35.8569117],[129.4181414,35.8569021],[129.4181273,35.8568837],[129.4181073,35.8568401],[129.4180931,35.8567748],[129.4180716,35.8566881],[129.4180457,35.8566193],[129.4180265,35.8565945],[129.4180024,35.8565784],[129.4179815,35.8565717],[129.4179609,35.8565691],[129.4179428,35.856569],[129.4179193,35.8565709],[129.4178994,35.8565745],[129.4178725,35.8565836],[129.417816,35.8566166],[129.4177111,35.8566754],[129.4176096,35.8567331],[129.4175525,35.8567634],[129.4175229,35.8567753],[129.4174992,35.8567794],[129.4174814,35.8567804],[129.4174597,35.8567793],[129.417442,35.8567748],[129.4174291,35.8567708],[129.4173461,35.8567155],[129.4172176,35.8566448],[129.4171715,35.8566107],[129.4171465,35.8565825],[129.4171361,35.8565596],[129.4171274,35.8565275],[129.4170905,35.8562827],[129.417083,35.8562578],[129.4170797,35.8562508],[129.4170543,35.8562348],[129.4170241,35.8562212],[129.4170071,35.8562171],[129.4169932,35.8562165],[129.4169806,35.8562177],[129.4169207,35.8562335],[129.4168469,35.856254],[129.4168209,35.8562575],[129.4168029,35.8562552],[129.4167896,35.8562512],[129.416767,35.8562408],[129.4167471,35.8562255],[129.4167318,35.8562066],[129.4167152,35.8561766],[129.4166704,35.8560834],[129.4166109,35.8559233],[129.4165449,35.8557504],[129.4165327,35.8557213],[129.416485,35.8557076],[129.4164164,35.8556891],[129.4164064,35.8556887],[129.4163929,35.8556916],[129.4163045,35.8557292],[129.4162548,35.8557558],[129.4162275,35.8557743],[129.4162117,35.8557929],[129.4161861,35.8558448],[129.4161281,35.8559786],[129.4161198,35.8560065],[129.4161161,35.8560544],[129.4161135,35.856085],[129.4161084,35.8561005],[129.4160993,35.8561157],[129.4160818,35.8561306],[129.4160648,35.8561405],[129.4160319,35.8561482],[129.415977,35.8561553],[129.4159368,35.8561641],[129.4159093,35.8561748],[129.415864,35.8561988],[129.4157863,35.8562524],[129.4157164,35.8563023],[129.4156865,35.856329],[129.4156515,35.8563753],[129.4156218,35.8564056],[129.4156032,35.8564233],[129.415578,35.856432],[129.4155488,35.8564367],[129.415526,35.8564356],[129.4155111,35.8564328],[129.4154742,35.8564195],[129.4154423,35.8563992],[129.4154153,35.8563791],[129.4153933,35.8563528],[129.4153698,35.8563218],[129.415359,35.8562943],[129.4153533,35.8562484],[129.4153477,35.8561731],[129.4153343,35.8561013],[129.4153048,35.8559539],[129.4153014,35.8559132],[129.4153001,35.8559064],[129.4152849,35.8558894],[129.4152691,35.8558824],[129.4152547,35.85588],[129.415211,35.8558728],[129.4151592,35.8558656],[129.4151088,35.8558582],[129.4150881,35.8558516],[129.4150624,35.85584],[129.4150495,35.8558231],[129.4150353,35.8557965],[129.4150321,35.8557698],[129.4150323,35.8557455],[129.4150375,35.8557014],[129.415054,35.8555934],[129.4150694,35.8554411],[129.4150776,35.8553704],[129.4150913,35.8552904],[129.4150964,35.8552533],[129.4150936,35.85524],[129.4150794,35.8552258],[129.4150405,35.8551982],[129.4150151,35.8551913],[129.4149849,35.8551863],[129.4149511,35.855186],[129.4149235,35.8551889],[129.4148887,35.8551974],[129.4147955,35.8552265],[129.4147555,35.8552398],[129.414735,35.8552489],[129.4147217,35.8552595],[129.4147102,35.8552727],[129.4147039,35.8552896],[129.4147029,35.8553135],[129.4146975,35.8553999],[129.4146955,35.8554254],[129.4146934,35.85544],[129.4146853,35.8554617],[129.4146721,35.8554772],[129.4146415,35.8554962],[129.414603,35.8555132],[129.4145709,35.8555234],[129.4145373,35.8555325],[129.41451,35.8555351],[129.414482,35.8555357],[129.4144513,35.8555322],[129.4144202,35.8555266],[129.4143663,35.8555064],[129.4143266,35.8554892],[129.4143054,35.8554842],[129.4142866,35.8554837],[129.4142714,35.8554853],[129.414236,35.8554932],[129.4141968,35.8555066],[129.4141714,35.855515],[129.4141487,35.8555168],[129.4141318,35.8555164],[129.4141127,35.855511],[129.4140998,35.8555033],[129.4140907,35.8554925],[129.4140887,35.8554806],[129.4140901,35.8554613],[129.4140948,35.8554402],[129.4141032,35.8554191]]]]}},{"type":"Feature","properties":{"UFID":"100035902057A00110100000004490695"},"geometry":{"type":"MultiPolygon","coordinates":[[[[129.4233124,35.8539055],[129.4233095,35.8538997],[129.4232598,35.8537927],[129.4232267,35.8537163],[129.4232039,35.8536621],[129.4231795,35.8535688],[129.4231505,35.8534347],[129.4231086,35.8532547],[129.4230626,35.8530909],[129.4230153,35.8531387],[129.4230222,35.8531458],[129.4230584,35.8533002],[129.4230962,35.8534333],[129.4231213,35.853552],[129.4231432,35.8536272],[129.4231655,35.8536774],[129.4232013,35.8537641],[129.4232495,35.8538702],[129.4232743,35.8539187],[129.4233124,35.8539055]]]]}},{"type":"Feature","properties":{"UFID":"100035902057A00110100000004490696"},"geometry":{"type":"MultiPolygon","coordinates":[[[[129.4230626,35.8530909],[129.4230585,35.8530441],[129.4229832,35.8530411],[129.4229842,35.8530851],[129.4230153,35.8531387],[129.4230626,35.8530909]]]]}},{"type":"Feature","properties":{"UFID":"100035902057A00110100000004490739"},"geometry":{"type":"MultiPolygon","coordinates":[[[[129.4098967,35.8598764],[129.4098245,35.8598582],[129.409813,35.8598546],[129.4097906,35.8598433],[129.409749,35.8598234],[129.4096753,35.8597674],[129.4095287,35.8596525],[129.4093887,35.8595774],[129.4092776,35.8595214],[129.4091936,35.8594975],[129.4090356,35.8594762],[129.4087913,35.8594505],[129.4086066,35.8594324],[129.4085098,35.8594076],[129.4084513,35.8593829],[129.4083252,35.85932],[129.4081926,35.8592483],[129.4081706,35.8592743],[129.4083602,35.8593877],[129.4085058,35.8594499],[129.4086095,35.859475],[129.4088162,35.8594972],[129.4090283,35.8595248],[129.4091733,35.8595529],[129.4094002,35.8596323],[129.4094826,35.8596784],[129.4095885,35.8597586],[129.409662,35.8598442],[129.4097151,35.859897],[129.4097171,35.8599025],[129.4097164,35.8599176],[129.409709,35.8599292],[129.4098967,35.8598764]]]]}},{"type":"Feature","properties":{"UFID":"100035902057A00110100000004490741"},"geometry":{"type":"MultiPolygon","coordinates":[[[[129.4102904,35.8590244],[129.4102589,35.8590328],[129.4102833,35.8590932],[129.4103369,35.8591737],[129.4103944,35.8592676],[129.4104628,35.8594087],[129.4105275,35.8595326],[129.4105456,35.859599],[129.4105456,35.8596126],[129.4105444,35.8596339],[129.4105428,35.8596449],[129.4105422,35.8596468],[129.4104741,35.8597216],[129.4103517,35.8598026],[129.4102436,35.8598516],[129.4102004,35.8598663],[129.4101523,35.8598776],[129.41001,35.8598889],[129.4098967,35.8598764],[129.4099489,35.8599425],[129.4100465,35.8599324],[129.4101605,35.8599038],[129.4102115,35.8598918],[129.4102581,35.859876],[129.4103704,35.8598251],[129.4104983,35.8597404],[129.4105701,35.8596616],[129.4105731,35.8596569],[129.4105755,35.8596503],[129.4105775,35.859636],[129.4105788,35.8596133],[129.4105789,35.859596],[129.4105592,35.8595243],[129.4104935,35.8593985],[129.4104247,35.8592566],[129.4103664,35.8591613],[129.4103139,35.8590824],[129.4102904,35.8590244]]]]}},{"type":"Feature","properties":{"UFID":"100035902057A00110100000004490742"},"geometry":{"type":"MultiPolygon","coordinates":[[[[129.4081926,35.8592483],[129.4080768,35.8591835],[129.4080484,35.8591796],[129.4079969,35.8591805],[129.4079148,35.8591931],[129.4078565,35.85919],[129.4078893,35.8592336],[129.4079213,35.8592242],[129.4080009,35.8592119],[129.4080455,35.8592112],[129.4080619,35.8592135],[129.4081706,35.8592743],[129.4081926,35.8592483]]]]}},{"type":"Feature","properties":{"UFID":"100035902057A00110100000004490743"},"geometry":{"type":"MultiPolygon","coordinates":[[[[129.4099489,35.8599425],[129.4098967,35.8598764],[129.409709,35.8599292],[129.4097602,35.8599698],[129.4097725,35.8599643],[129.4098595,35.8599525],[129.4099489,35.8599425]]]]}},{"type":"Feature","properties":{"UFID":"100035902057A00110100000004490744"},"geometry":{"type":"MultiPolygon","coordinates":[[[[129.4097602,35.8599698],[129.409709,35.8599292],[129.4096373,35.8599878],[129.4095038,35.8600931],[129.4095253,35.8601169],[129.4096374,35.8600422],[129.4097213,35.8599872],[129.4097602,35.8599698]]]]}},{"type":"Feature","properties":{"UFID":"100035902057A00110100000004490745"},"geometry":{"type":"MultiPolygon","coordinates":[[[[129.4102904,35.8590244],[129.4103002,35.8589758],[129.4103075,35.8589276],[129.410329,35.8588212],[129.410332,35.8588101],[129.4102377,35.8587836],[129.4102393,35.8587952],[129.4102398,35.8588193],[129.4102373,35.8588761],[129.410234,35.8589015],[129.4102333,35.8589271],[129.4102589,35.8590328],[129.4102904,35.8590244]]]]}},{"type":"Feature","properties":{"UFID":"100035902057A00110100000004490746"},"geometry":{"type":"MultiPolygon","coordinates":[[[[129.4103975,35.8586557],[129.4103371,35.8586361],[129.4102377,35.8587836],[129.410332,35.8588101],[129.4103537,35.8587309],[129.4103818,35.8586735],[129.4103975,35.8586557]]]]}},{"type":"Feature","properties":{"UFID":"100035902057A00110100000004490747"},"geometry":{"type":"MultiPolygon","coordinates":[[[[129.4102377,35.8587836],[129.4103371,35.8586361],[129.4103002,35.8586466],[129.4102914,35.8586466],[129.4102793,35.8586453],[129.4102582,35.85864],[129.4101697,35.8586029],[129.4101258,35.8585716],[129.4100015,35.8584168],[129.4099918,35.858409],[129.4099736,35.8583933],[129.4099185,35.8583627],[129.4099053,35.8583579],[129.4098783,35.8583549],[129.4097129,35.8583418],[129.4096924,35.8583429],[129.4096592,35.8583479],[129.4094267,35.8583781],[129.4093315,35.858391],[129.4092204,35.8584206],[129.4091314,35.8584575],[129.4090472,35.8585107],[129.4089331,35.8585986],[129.408833,35.8586795],[129.4087599,35.8587231],[129.4087096,35.8587401],[129.4086812,35.8587469],[129.4086689,35.8587475],[129.4086471,35.8587472],[129.4086317,35.8587464],[129.4086163,35.858744],[129.4085814,35.8587351],[129.4083311,35.8586264],[129.4080384,35.8584848],[129.4078862,35.8584356],[129.4077946,35.8584162],[129.4077417,35.8584097],[129.4077105,35.8584034],[129.4076801,35.8583949],[129.4077015,35.8584903],[129.4077074,35.8584808],[129.4077118,35.8584772],[129.4077178,35.8584735],[129.4077313,35.8584704],[129.4077893,35.858459],[129.4078165,35.8584588],[129.4078358,35.8584615],[129.4079214,35.8584891],[129.4081309,35.858583],[129.4083626,35.8586937],[129.4085706,35.8587848],[129.4086503,35.8588108],[129.4086612,35.8588129],[129.4086804,35.8588129],[129.4086941,35.8588121],[129.4087195,35.8588094],[129.4088024,35.8587796],[129.4089248,35.8586982],[129.4090442,35.8586057],[129.4091416,35.8585427],[129.4092451,35.8584866],[129.4092856,35.8584696],[129.4093345,35.858453],[129.4094095,35.8584437],[129.4095652,35.8584196],[129.4096958,35.8584088],[129.4097665,35.8584064],[129.4098293,35.8584086],[129.409881,35.858418],[129.4099343,35.8584467],[129.4100249,35.8585482],[129.4101435,35.8586734],[129.4102208,35.8587462],[129.4102296,35.8587582],[129.4102377,35.8587836]]]]}},{"type":"Feature","properties":{"UFID":"100035902057A00110100000004490749"},"geometry":{"type":"MultiPolygon","coordinates":[[[[129.4120619,35.8560546],[129.4119941,35.8560253],[129.4119802,35.8560394],[129.4119017,35.8561018],[129.4118151,35.8561575],[129.4117272,35.8562002],[129.4117149,35.8562092],[129.4117033,35.8562214],[129.4116982,35.8562395],[129.4116942,35.8562627],[129.4116932,35.8562776],[129.411694,35.8562888],[129.4116973,35.8563154],[129.4117181,35.8563784],[129.4117311,35.8564312],[129.4117325,35.8564683],[129.4117329,35.8564963],[129.4117325,35.8565147],[129.4117294,35.8565451],[129.4117259,35.856558],[129.411724,35.8565636],[129.4117071,35.8565775],[129.4116942,35.8565855],[129.4115025,35.8566733],[129.4113838,35.8567283],[129.4113388,35.8567575],[129.411307,35.8567866],[129.41128,35.8568313],[129.4112611,35.8569006],[129.4112549,35.8569258],[129.4112517,35.8569625],[129.4112509,35.8570409],[129.4112557,35.8570791],[129.4112893,35.857147],[129.411352,35.8572471],[129.4113812,35.8573104],[129.4113905,35.8573667],[129.4113929,35.8574018],[129.4113927,35.8574612],[129.4113905,35.8574713],[129.4113865,35.8574935],[129.4113759,35.85753],[129.4113263,35.857611],[129.4112391,35.8577576],[129.4111478,35.8578962],[129.4110309,35.8580285],[129.4108594,35.8581773],[129.4106909,35.8583452],[129.4105581,35.8584791],[129.4104141,35.8585859],[129.4103371,35.8586361],[129.4103975,35.8586557],[129.4104129,35.8586382],[129.4105536,35.8585373],[129.410832,35.8582471],[129.4109788,35.8581173],[129.4111534,35.8579468],[129.4112368,35.8578486],[129.4112954,35.8577681],[129.4113379,35.8576918],[129.4113662,35.8576391],[129.4114048,35.8575649],[129.4114248,35.8575142],[129.411437,35.857452],[129.4114395,35.8574221],[129.41144,35.8574096],[129.4114393,35.8573775],[129.4114372,35.8573536],[129.4114232,35.8572978],[129.4113702,35.8572],[129.4113286,35.8571307],[129.4113022,35.857085],[129.4112905,35.8570476],[129.4112865,35.8570158],[129.411286,35.8569805],[129.4112894,35.8569506],[129.4112996,35.8569143],[129.4113182,35.856873],[129.4113397,35.8568364],[129.4113681,35.8568051],[129.4113982,35.8567788],[129.4114482,35.8567482],[129.4115969,35.8566814],[129.4117091,35.856632],[129.4117214,35.856625],[129.4117333,35.8566171],[129.411757,35.8565936],[129.4117642,35.8565825],[129.4117732,35.8565492],[129.4117765,35.8564677],[129.4117781,35.8563952],[129.4117793,35.8563546],[129.4117832,35.8563212],[129.4117915,35.8562905],[129.4118064,35.8562541],[129.4118125,35.85624],[129.4118568,35.8561869],[129.4118722,35.8561708],[129.4119702,35.8560985],[129.4120619,35.8560546]]]]}},{"type":"Feature","properties":{"UFID":"100035902057A00110100000004490750"},"geometry":{"type":"MultiPolygon","coordinates":[[[[129.408351,35.851015],[129.4083399,35.8510906],[129.4083544,35.8510649],[129.408498,35.8509363],[129.4086004,35.8508538],[129.4086835,35.8507787],[129.4087092,35.8507396],[129.4086731,35.850711],[129.4086291,35.8507843],[129.4085309,35.8508745],[129.4084435,35.8509441],[129.4083794,35.8509972],[129.4083545,35.8510171],[129.4083516,35.8510172],[129.408351,35.851015]]]]}},{"type":"Feature","properties":{"UFID":"100035902058A00110100000004490752"},"geometry":{"type":"MultiPolygon","coordinates":[[[[129.4306416,35.8661803],[129.4305809,35.8661442],[129.4305734,35.8661614],[129.430525,35.8662621],[129.4304891,35.8663112],[129.4304199,35.8664026],[129.4303576,35.8665193],[129.4302883,35.8666559],[129.4302422,35.866746],[129.4302313,35.8667544],[129.4301252,35.8667944],[129.4301011,35.8668123],[129.4300807,35.8668353],[129.4300647,35.866863],[129.4300504,35.8669052],[129.4300423,35.8669348],[129.4300393,35.8669726],[129.4300505,35.8670401],[129.4300687,35.8671341],[129.4300721,35.8671811],[129.4300674,35.8672388],[129.4300543,35.8673082],[129.4300481,35.8673849],[129.430052,35.8674346],[129.4300603,35.8674733],[129.4300747,35.8675027],[129.4300964,35.8675353],[129.4302,35.867653],[129.4302613,35.8677309],[129.4302752,35.8677608],[129.4302825,35.8677893],[129.4302817,35.8678213],[129.4302755,35.8678514],[129.4302462,35.8679279],[129.4302041,35.8680069],[129.430181,35.868031],[129.4301593,35.8680529],[129.4301309,35.8680671],[129.4300954,35.8680708],[129.4300502,35.8680699],[129.4300139,35.8680672],[129.4299859,35.8680607],[129.4299545,35.8680516],[129.4298771,35.8680167],[129.4296684,35.8678978],[129.4295713,35.8678298],[129.4295546,35.8678486],[129.4296183,35.8678985],[129.4297166,35.867964],[129.429805,35.8680098],[129.4299001,35.8680589],[129.4299758,35.8680939],[129.4300166,35.8681106],[129.4300419,35.8681174],[129.430074,35.8681204],[129.4301045,35.8681183],[129.4301451,35.8681083],[129.4301821,35.8680937],[129.4302177,35.8680649],[129.4302521,35.8680203],[129.4302898,35.8679336],[129.4303146,35.8678692],[129.4303269,35.8678286],[129.4303289,35.8678012],[129.4303272,35.8677669],[129.4303241,35.867747],[129.4303075,35.8677172],[129.430237,35.8676343],[129.4301504,35.8675439],[129.4301253,35.8675034],[129.430106,35.867469],[129.430095,35.8674302],[129.4300953,35.8673734],[129.4301045,35.8673088],[129.4301173,35.8672438],[129.4301197,35.8672049],[129.4301183,35.8671728],[129.4301123,35.8671386],[129.4300941,35.8670603],[129.430083,35.8670086],[129.4300817,35.8669732],[129.4300833,35.8669445],[129.4300956,35.8668965],[129.4301122,35.8668547],[129.4301364,35.8668344],[129.4301709,35.8668162],[129.4302236,35.8667969],[129.4302517,35.8667882],[129.4302721,35.8667765],[129.4302915,35.8667555],[129.4303497,35.8666345],[129.4304261,35.8664763],[129.4304516,35.8664235],[129.4305143,35.8663378],[129.4305977,35.8662336],[129.4306416,35.8661803]]]]}},{"type":"Feature","properties":{"UFID":"100035902058A00110100000004490914"},"geometry":{"type":"MultiPolygon","coordinates":[[[[129.4466566,35.8526005],[129.446622,35.8525839],[129.4465864,35.852666],[129.4466279,35.8526879],[129.4466566,35.8526005]]]]}},{"type":"Feature","properties":{"UFID":"100035902058A00110100000004490915"},"geometry":{"type":"MultiPolygon","coordinates":[[[[129.4466279,35.8526879],[129.4465864,35.852666],[129.4465791,35.8526853],[129.4465097,35.8527981],[129.4465046,35.8528056],[129.4464953,35.8528206],[129.4464917,35.8529089],[129.4465203,35.8528994],[129.446517,35.8528503],[129.4465212,35.8528397],[129.4465285,35.852829],[129.4465404,35.8528177],[129.4465601,35.8527989],[129.4466087,35.8527056],[129.4466279,35.8526879]]]]}},{"type":"Feature","properties":{"UFID":"100035902058A00110100000004490916"},"geometry":{"type":"MultiPolygon","coordinates":[[[[129.4466566,35.8526005],[129.4466279,35.8526879],[129.4466398,35.8526868],[129.4466729,35.852718],[129.4467183,35.8526827],[129.4466608,35.8526247],[129.4466585,35.8526163],[129.4466566,35.8526005]]]]}},{"type":"Feature","properties":{"UFID":"100035902058A00110100000004490917"},"geometry":{"type":"MultiPolygon","coordinates":[[[[129.446622,35.8525839],[129.4466566,35.8526005],[129.4466916,35.852503],[129.4466961,35.8524164],[129.4466924,35.852365],[129.4466832,35.8523208],[129.4466651,35.8522817],[129.4466376,35.8522365],[129.4465845,35.8521754],[129.4464972,35.8520926],[129.4464086,35.8520181],[129.4463183,35.8519489],[129.4462235,35.8518617],[129.4461132,35.8517607],[129.4460385,35.8516953],[129.4459583,35.8516275],[129.4459059,35.8515682],[129.4458821,35.8515143],[129.4458391,35.851446],[129.4457855,35.8513918],[129.4457442,35.8513479],[129.445737,35.8513355],[129.4457357,35.8513265],[129.4458378,35.8512098],[129.4458521,35.8511803],[129.4458566,35.851169],[129.4458589,35.8511577],[129.445856,35.8511483],[129.445798,35.8509721],[129.4457663,35.8508741],[129.4457608,35.8508401],[129.4457581,35.8508047],[129.4457589,35.8507813],[129.4457626,35.8507561],[129.4457724,35.8507313],[129.4457761,35.850722],[129.4458633,35.8506207],[129.4459144,35.8505599],[129.4459209,35.8505435],[129.4459223,35.850524],[129.4459242,35.8504362],[129.445923,35.8503419],[129.4459238,35.8503055],[129.445931,35.8502805],[129.4459422,35.8502634],[129.4459911,35.8502171],[129.4460025,35.8502094],[129.4460432,35.8502029],[129.4460428,35.8500684],[129.4460043,35.8500665],[129.4459997,35.8501415],[129.4459948,35.8501586],[129.4459902,35.8501705],[129.4459823,35.8501825],[129.4459222,35.8502385],[129.4459119,35.850253],[129.4458999,35.8502676],[129.4458933,35.8502794],[129.44589,35.850289],[129.4458884,35.8503155],[129.4458882,35.8503623],[129.4458934,35.8504946],[129.4458916,35.8505198],[129.4458879,35.8505414],[129.4458828,35.8505553],[129.4458766,35.8505664],[129.4458161,35.8506271],[129.4457644,35.8506793],[129.445754,35.8506983],[129.4457455,35.8507153],[129.4457349,35.8507413],[129.4457289,35.8507598],[129.4457241,35.8507801],[129.445723,35.8507959],[129.4457344,35.8508509],[129.4457899,35.8510328],[129.4457959,35.851135],[129.4457964,35.8511507],[129.4457959,35.8511682],[129.4457958,35.8511809],[129.4457947,35.851195],[129.4457926,35.8512031],[129.4457759,35.8512286],[129.4457182,35.8512847],[129.4457064,35.8513004],[129.4457007,35.8513124],[129.4456974,35.8513282],[129.445698,35.8513392],[129.4457603,35.8514049],[129.4458059,35.8514518],[129.4458523,35.8515264],[129.445894,35.851595],[129.4459007,35.8516048],[129.4459141,35.8516225],[129.4459781,35.8516763],[129.4460967,35.8517742],[129.4462103,35.8518841],[129.4463269,35.851994],[129.4464487,35.8520838],[129.4465452,35.8521799],[129.4466349,35.8522828],[129.4466516,35.8523144],[129.4466628,35.8523506],[129.4466688,35.8523738],[129.4466594,35.8524812],[129.4466548,35.8525041],[129.4466265,35.8525734],[129.446622,35.8525839]]]]}},{"type":"Feature","properties":{"UFID":"100035902058A00110100000004490918"},"geometry":{"type":"MultiPolygon","coordinates":[[[[129.4468162,35.8528403],[129.446744,35.8527496],[129.4467205,35.8527701],[129.446721,35.8527704],[129.4468197,35.8528963],[129.4468952,35.8529899],[129.4469323,35.8530248],[129.4469471,35.8530349],[129.4469709,35.8530468],[129.4470356,35.8530654],[129.4471812,35.8531033],[129.4472189,35.8531211],[129.44724,35.8531321],[129.4472556,35.8531423],[129.4473294,35.8532148],[129.4473689,35.8532535],[129.4473902,35.8532691],[129.4474118,35.8532804],[129.4475203,35.8533124],[129.4475975,35.8533339],[129.4476979,35.8533615],[129.4478253,35.8534056],[129.447859,35.8534269],[129.4478714,35.8534354],[129.4478959,35.8534694],[129.4479021,35.8534901],[129.4479095,35.85357],[129.4479101,35.8535865],[129.4478913,35.8536481],[129.4478882,35.8536608],[129.4478892,35.8536695],[129.4479087,35.8536854],[129.4479821,35.8536537],[129.4479394,35.8536239],[129.4479396,35.8535988],[129.4479275,35.8534676],[129.4479198,35.8534515],[129.4479099,35.853437],[129.4479031,35.8534258],[129.4478914,35.8534119],[129.4477763,35.85336],[129.4476158,35.8533077],[129.44748,35.8532776],[129.4474621,35.8532728],[129.4474409,35.853265],[129.4473874,35.8532324],[129.4472676,35.8531232],[129.4472182,35.8530891],[129.4472052,35.8530837],[129.4471823,35.8530754],[129.4470175,35.853034],[129.4469993,35.8530302],[129.4469841,35.8530249],[129.4469661,35.8530186],[129.4469044,35.8529576],[129.4468162,35.8528403]]]]}},{"type":"Feature","properties":{"UFID":"100035902058A00110100000004490929"},"geometry":{"type":"MultiPolygon","coordinates":[[[[129.4347598,35.8614384],[129.4347429,35.8614192],[129.434737,35.8614129],[129.4347286,35.8614036],[129.4347198,35.8613996],[129.4347073,35.8613957],[129.4346841,35.8613915],[129.4346506,35.8613915],[129.4346167,35.8613622],[129.4345954,35.8613337],[129.4345762,35.8612746],[129.4345306,35.8612834],[129.4345518,35.8613433],[129.4345584,35.8613539],[129.4345825,35.8613868],[129.4346281,35.8614349],[129.4346199,35.8614463],[129.4346122,35.8614576],[129.4346069,35.8614672],[129.4346054,35.8614772],[129.4346068,35.8614896],[129.4346112,35.8614987],[129.4346223,35.8615068],[129.4346613,35.8615305],[129.4347598,35.8614384]]]]}},{"type":"Feature","properties":{"UFID":"100035902058A00110100000004490930"},"geometry":{"type":"MultiPolygon","coordinates":[[[[129.4253131,35.8683009],[129.4253031,35.8682784],[129.4252959,35.8682803],[129.4252352,35.8682919],[129.4252184,35.868292],[129.4252198,35.8683185],[129.4253131,35.8683009]]]]}},{"type":"Feature","properties":{"UFID":"100035902058A00110100000004490931"},"geometry":{"type":"MultiPolygon","coordinates":[[[[129.4253322,35.8684417],[129.4253677,35.8684309],[129.4253518,35.8683961],[129.4253206,35.8683423],[129.4253098,35.8683075],[129.4253131,35.8683009],[129.4252198,35.8683185],[129.4252425,35.8683227],[129.4252479,35.8683289],[129.4252715,35.8684432],[129.4253322,35.8684417]]]]}},{"type":"Feature","properties":{"UFID":"100035902058A00110100000004490932"},"geometry":{"type":"MultiPolygon","coordinates":[[[[129.4253677,35.8684309],[129.4253322,35.8684417],[129.4253377,35.8684535],[129.4253615,35.8685103],[129.4253712,35.8685727],[129.4253751,35.8686386],[129.4254105,35.8686433],[129.4254053,35.8685706],[129.4253961,35.8684969],[129.4253869,35.8684727],[129.4253677,35.8684309]]]]}},{"type":"Feature","properties":{"UFID":"100035902058A00110100000004490933"},"geometry":{"type":"MultiPolygon","coordinates":[[[[129.4253902,35.8682751],[129.4253782,35.8682537],[129.4253402,35.8682691],[129.4253031,35.8682784],[129.4253131,35.8683009],[129.4253197,35.8682986],[129.4253361,35.8682951],[129.4253902,35.8682751]]]]}},{"type":"Feature","properties":{"UFID":"100035902058A00110100000004490934"},"geometry":{"type":"MultiPolygon","coordinates":[[[[129.4261771,35.8674337],[129.426167,35.8673988],[129.4261304,35.8674058],[129.4260801,35.8674328],[129.4260648,35.8674502],[129.4260338,35.8675169],[129.4260283,35.8675464],[129.4260231,35.8676909],[129.4260229,35.8677025],[129.4259246,35.8679545],[129.4259069,35.8679704],[129.4258699,35.8679981],[129.4258145,35.8680296],[129.4256752,35.8680953],[129.425551,35.8681575],[129.4254729,35.8681959],[129.4254293,35.8682201],[129.4253782,35.8682537],[129.4253902,35.8682751],[129.425473,35.8682445],[129.4259365,35.8680192],[129.4259836,35.867984],[129.4259902,35.8679729],[129.4259951,35.8679649],[129.4260358,35.8678364],[129.4260803,35.8676818],[129.4260814,35.8676651],[129.4260828,35.8675614],[129.4260947,35.867516],[129.4261142,35.8674866],[129.426134,35.8674629],[129.4261771,35.8674337]]]]}},{"type":"Feature","properties":{"UFID":"100035902058A00110100000004490935"},"geometry":{"type":"MultiPolygon","coordinates":[[[[129.4273051,35.8675025],[129.4272869,35.8674713],[129.4270255,35.8675028],[129.4268968,35.8675175],[129.4268577,35.8675156],[129.426829,35.867512],[129.4265735,35.8674537],[129.4263895,35.8674055],[129.4262759,35.8673913],[129.4262363,35.8673902],[129.42621,35.8673906],[129.426167,35.8673988],[129.4261771,35.8674337],[129.4262377,35.8674191],[129.4263268,35.8674156],[129.4263985,35.8674282],[129.4268882,35.8675502],[129.4269061,35.867549],[129.4270051,35.8675354],[129.4273051,35.8675025]]]]}},{"type":"Feature","properties":{"UFID":"100035902058A00110100000004490936"},"geometry":{"type":"MultiPolygon","coordinates":[[[[129.4274142,35.8674924],[129.4273872,35.8674519],[129.4272869,35.8674713],[129.4273051,35.8675025],[129.4274142,35.8674924]]]]}},{"type":"Feature","properties":{"UFID":"100035902058A00110100000004490937"},"geometry":{"type":"MultiPolygon","coordinates":[[[[129.4289806,35.8674623],[129.4289862,35.8674217],[129.4288171,35.8674195],[129.4287809,35.8674225],[129.4287605,35.8674258],[129.4287483,35.8674289],[129.4287179,35.8674366],[129.4286463,35.8674649],[129.4285578,35.86751],[129.4285121,35.867523],[129.4283838,35.8675507],[129.4283588,35.8675508],[129.4281119,35.8675059],[129.4278764,35.8674655],[129.4277238,35.8674432],[129.4275916,35.8674331],[129.4274791,35.867436],[129.4274487,35.8674401],[129.4273872,35.8674519],[129.4274142,35.8674924],[129.4274194,35.8674892],[129.4275454,35.8674749],[129.4275765,35.8674743],[129.4276077,35.8674746],[129.4277046,35.8674783],[129.4279694,35.8675194],[129.4282178,35.8675653],[129.4283585,35.8675839],[129.4283838,35.8675843],[129.4284117,35.8675829],[129.4284348,35.8675806],[129.4284569,35.8675779],[129.4285338,35.8675587],[129.4286594,35.8675005],[129.4287427,35.8674645],[129.4288198,35.8674546],[129.4289339,35.867458],[129.4289806,35.8674623]]]]}},{"type":"Feature","properties":{"UFID":"100035902058A00110100000004490938"},"geometry":{"type":"MultiPolygon","coordinates":[[[[129.4274142,35.8674924],[129.4273051,35.8675025],[129.4275742,35.867599],[129.4275945,35.8675592],[129.4274147,35.8674983],[129.4274142,35.8674924]]]]}},{"type":"Feature","properties":{"UFID":"100035902057A00110100000004490939"},"geometry":{"type":"MultiPolygon","coordinates":[[[[129.422532,35.8507978],[129.4224929,35.8507895],[129.4224572,35.8508708],[129.42251,35.8508786],[129.422519,35.8508384],[129.422532,35.8507978]]]]}},{"type":"Feature","properties":{"UFID":"100035902057A00110100000004490940"},"geometry":{"type":"MultiPolygon","coordinates":[[[[129.4223142,35.8508529],[129.4223015,35.850806],[129.4222747,35.8508432],[129.4222544,35.8508783],[129.4222366,35.8509371],[129.4222274,35.8509994],[129.422222,35.8511052],[129.422199,35.8511981],[129.4221965,35.8512081],[129.4222477,35.8513978],[129.4222912,35.8513871],[129.4222397,35.8512225],[129.4222363,35.8512096],[129.4222355,35.8511968],[129.4222353,35.8511733],[129.4222532,35.8511107],[129.4222527,35.8510919],[129.422259,35.8510199],[129.422279,35.8509029],[129.4222876,35.8508773],[129.4223142,35.8508529]]]]}},{"type":"Feature","properties":{"UFID":"100035902057A00110100000004490941"},"geometry":{"type":"MultiPolygon","coordinates":[[[[129.4224929,35.8507895],[129.4223856,35.8508012],[129.4223258,35.8508033],[129.4223015,35.850806],[129.4223142,35.8508529],[129.4223314,35.8508485],[129.422389,35.8508442],[129.422412,35.8508423],[129.4224368,35.8508466],[129.4224572,35.8508708],[129.4224929,35.8507895]]]]}},{"type":"Feature","properties":{"UFID":"100035902057A00110100000004490942"},"geometry":{"type":"MultiPolygon","coordinates":[[[[129.4227523,35.8503244],[129.4226719,35.8503068],[129.4226761,35.850328],[129.4226818,35.8503515],[129.4227422,35.8503698],[129.4227523,35.8503244]]]]}},{"type":"Feature","properties":{"UFID":"100035902057A00110100000004490943"},"geometry":{"type":"MultiPolygon","coordinates":[[[[129.4227422,35.8503698],[129.4226818,35.8503515],[129.4226844,35.8503772],[129.4226849,35.8503927],[129.422682,35.8504145],[129.4226768,35.8504315],[129.4226714,35.8504442],[129.4226433,35.8505083],[129.4225279,35.8507131],[129.4225001,35.8507813],[129.4224929,35.8507895],[129.422532,35.8507978],[129.4225414,35.850769],[129.4225728,35.8506983],[129.4226383,35.8505851],[129.4226855,35.8505097],[129.4227422,35.8503698]]]]}},{"type":"Feature","properties":{"UFID":"100035902057A00110100000004490944"},"geometry":{"type":"MultiPolygon","coordinates":[[[[129.4227523,35.8503244],[129.4227422,35.8503698],[129.4227481,35.8503675],[129.4227539,35.8503727],[129.4227675,35.850401],[129.4227702,35.8504332],[129.4227668,35.8504796],[129.4227634,35.8505107],[129.4227896,35.8505217],[129.4228016,35.8504777],[129.4228035,35.8504345],[129.4228014,35.8504102],[129.422772,35.8503422],[129.4227523,35.8503244]]]]}},{"type":"Feature","properties":{"UFID":"100035902057A00110100000004490945"},"geometry":{"type":"MultiPolygon","coordinates":[[[[129.4228912,35.8545795],[129.4228245,35.8545536],[129.4228105,35.854566],[129.4227752,35.8545825],[129.4227909,35.8546152],[129.4228912,35.8545795]]]]}},{"type":"Feature","properties":{"UFID":"100035902057A00110100000004490946"},"geometry":{"type":"MultiPolygon","coordinates":[[[[129.4228912,35.8545795],[129.4227909,35.8546152],[129.4228143,35.854632],[129.4228331,35.854641],[129.4229411,35.8547298],[129.4231516,35.854955],[129.4232876,35.8551176],[129.4233316,35.8551953],[129.4233369,35.8552048],[129.4233449,35.8552144],[129.4233625,35.8552266],[129.4233788,35.8552367],[129.4234262,35.8552508],[129.4235063,35.85528],[129.4236539,35.8553162],[129.4238123,35.8553489],[129.4238899,35.8553857],[129.4239019,35.8553936],[129.4239885,35.8554561],[129.4240206,35.8554938],[129.4240362,35.8555364],[129.4240394,35.8555493],[129.4240428,35.8555739],[129.4240392,35.8556262],[129.4240313,35.8556637],[129.4239981,35.8557609],[129.4240144,35.8558076],[129.4240391,35.8557557],[129.4240689,35.8556748],[129.4240772,35.855619],[129.4240763,35.8555421],[129.4240685,35.8555105],[129.4240504,35.8554732],[129.4240107,35.8554386],[129.423941,35.8553807],[129.4238728,35.8553397],[129.4236565,35.8552759],[129.423494,35.8552153],[129.4234687,35.8552034],[129.4232588,35.8550257],[129.4229818,35.854703],[129.4228961,35.8545875],[129.4228912,35.8545795]]]]}},{"type":"Feature","properties":{"UFID":"100035902057A00110100000004490947"},"geometry":{"type":"MultiPolygon","coordinates":[[[[129.4243634,35.8685527],[129.4243108,35.8685305],[129.4242429,35.8685616],[129.4243009,35.8685999],[129.4243634,35.8685527]]]]}},{"type":"Feature","properties":{"UFID":"100035902057A00110100000004490948"},"geometry":{"type":"MultiPolygon","coordinates":[[[[129.4243634,35.8685527],[129.4243009,35.8685999],[129.4243606,35.8686084],[129.4244491,35.8686473],[129.4245042,35.8686551],[129.4245453,35.8686572],[129.4247945,35.8687242],[129.4247937,35.8687073],[129.4245585,35.8686309],[129.4244557,35.8686191],[129.4244415,35.8686142],[129.4244281,35.8686053],[129.4243634,35.8685527]]]]}},{"type":"Feature","properties":{"UFID":"100035902057A00110100000004490949"},"geometry":{"type":"MultiPolygon","coordinates":[[[[129.4241949,35.8686114],[129.4241849,35.8685803],[129.4241426,35.8685925],[129.4241277,35.8685972],[129.424127,35.8686256],[129.4241343,35.8686256],[129.4241949,35.8686114]]]]}},{"type":"Feature","properties":{"UFID":"100035902057A00110100000004490950"},"geometry":{"type":"MultiPolygon","coordinates":[[[[129.4243009,35.8685999],[129.4242429,35.8685616],[129.4241849,35.8685803],[129.4241949,35.8686114],[129.4242101,35.8686014],[129.4242221,35.8685978],[129.4242377,35.8685962],[129.4243009,35.8685999]]]]}},{"type":"Feature","properties":{"UFID":"100035902057A00110100000004490951"},"geometry":{"type":"MultiPolygon","coordinates":[[[[129.4241949,35.8686114],[129.4241343,35.8686256],[129.4241035,35.8686636],[129.424067,35.8687237],[129.424051,35.8687386],[129.4240234,35.8687538],[129.4239875,35.8687923],[129.4239544,35.8688216],[129.4239302,35.8688352],[129.4239202,35.8688369],[129.4239064,35.8688376],[129.4238811,35.8688368],[129.4238619,35.8688358],[129.4238111,35.8688378],[129.4237077,35.8688572],[129.4235776,35.8688731],[129.423556,35.8688739],[129.4235385,35.868873],[129.4235352,35.8688719],[129.4235022,35.8688501],[129.4234765,35.8688179],[129.4234621,35.8687683],[129.4234596,35.8687287],[129.4234642,35.8687157],[129.4234653,35.8687128],[129.4234685,35.8687043],[129.4234742,35.8686973],[129.4234888,35.8686921],[129.423496,35.8686898],[129.4235216,35.868688],[129.4235721,35.8686907],[129.4236652,35.868701],[129.4237549,35.8687108],[129.4238079,35.868717],[129.4238148,35.8687174],[129.4238299,35.8687177],[129.4238568,35.8687139],[129.423933,35.8686888],[129.4240364,35.8686525],[129.4241075,35.8686303],[129.424127,35.8686256],[129.4241277,35.8685972],[129.424078,35.8686126],[129.4239792,35.868645],[129.4238739,35.8686815],[129.4238384,35.8686915],[129.4238273,35.8686924],[129.4238205,35.8686934],[129.4238147,35.8686935],[129.4238041,35.8686926],[129.4235746,35.8686672],[129.4235677,35.8686651],[129.4234875,35.8686209],[129.423483,35.8686202],[129.4234618,35.868621],[129.4234494,35.8686207],[129.4234375,35.868619],[129.4234287,35.8686159],[129.4234043,35.8686311],[129.4234148,35.8686479],[129.4234278,35.8686827],[129.4234314,35.8687103],[129.4234328,35.8687804],[129.4234371,35.8687994],[129.4234962,35.8688985],[129.4235112,35.8689145],[129.4235224,35.8689175],[129.4235331,35.8689172],[129.4236311,35.8688905],[129.4236651,35.8688853],[129.4236915,35.8688824],[129.4238801,35.8688822],[129.4238963,35.8688802],[129.4239173,35.8688771],[129.4239724,35.8688552],[129.4240592,35.8687706],[129.4241035,35.8687352],[129.4241949,35.8686114]]]]}},{"type":"Feature","properties":{"UFID":"100035902057A00110100000004490952"},"geometry":{"type":"MultiPolygon","coordinates":[[[[129.42251,35.8508786],[129.4224572,35.8508708],[129.4224648,35.850907],[129.4224733,35.8509739],[129.4224812,35.8510224],[129.4225087,35.8510993],[129.4225481,35.8512022],[129.4225689,35.8512708],[129.4225816,35.8513297],[129.4225911,35.8514019],[129.4225937,35.8514605],[129.422592,35.8515086],[129.4225883,35.8515492],[129.4225764,35.8515974],[129.422553,35.8516514],[129.4225008,35.8517335],[129.4224651,35.8518023],[129.4224628,35.8518284],[129.4224714,35.8518879],[129.4224725,35.8519336],[129.4224766,35.851975],[129.4224896,35.852024],[129.4225138,35.852078],[129.4225423,35.8521242],[129.4225769,35.8521679],[129.4225939,35.8521874],[129.4226346,35.8522264],[129.4226771,35.8522474],[129.4227595,35.8522872],[129.422819,35.8523207],[129.4228611,35.8523485],[129.4228954,35.852379],[129.4229587,35.8524708],[129.4229879,35.8525423],[129.4229922,35.8525571],[129.42301,35.8526597],[129.4230192,35.8527711],[129.4230137,35.8528886],[129.423,35.852999],[129.4229832,35.8530411],[129.4230585,35.8530441],[129.4230555,35.8530091],[129.4230559,35.852921],[129.4230525,35.8527707],[129.4230431,35.8526569],[129.4230249,35.852552],[129.4230198,35.8525348],[129.4229892,35.8524598],[129.4229225,35.852363],[129.4228839,35.8523287],[129.422839,35.852299],[129.4227775,35.8522644],[129.4226947,35.8522245],[129.4226701,35.8522083],[129.4226307,35.8521818],[129.4226205,35.8521712],[129.4226044,35.8521527],[129.4225712,35.8521108],[129.4225444,35.8520672],[129.4225215,35.8520165],[129.4225096,35.851971],[129.4225057,35.8519323],[129.4225078,35.8518752],[129.4225127,35.8518487],[129.4225335,35.8517941],[129.4225859,35.8516919],[129.4226204,35.8515986],[129.4226321,35.8515275],[129.4226346,35.8514427],[129.4226282,35.8513543],[129.4226173,35.8512899],[129.4225971,35.8512217],[129.4225494,35.8511273],[129.4225208,35.851058],[129.4225057,35.8509896],[129.4225041,35.8509415],[129.4225054,35.8509075],[129.4225083,35.850886],[129.42251,35.8508786]]]]}},{"type":"Feature","properties":{"UFID":"100035902058A00110100000004490953"},"geometry":{"type":"MultiPolygon","coordinates":[[[[129.4347047,35.8615612],[129.4346613,35.8615305],[129.4345626,35.8616228],[129.4344128,35.8617651],[129.4343475,35.8618256],[129.4342864,35.8618791],[129.4341454,35.8620289],[129.4341442,35.8620314],[129.4340585,35.862124],[129.4340388,35.8621434],[129.4340358,35.8621459],[129.4340334,35.8621474],[129.4340402,35.8622086],[129.4340461,35.8622033],[129.4340665,35.8621878],[129.434082,35.8621744],[129.4341037,35.862153],[129.4341946,35.8620547],[129.4341958,35.8620524],[129.4343304,35.8619094],[129.4343902,35.8618571],[129.4344558,35.8617963],[129.4346062,35.8616534],[129.4347047,35.8615612]]]]}},{"type":"Feature","properties":{"UFID":"100035902058A00110100000004490954"},"geometry":{"type":"MultiPolygon","coordinates":[[[[129.4348032,35.8614692],[129.4347598,35.8614384],[129.4346613,35.8615305],[129.4347047,35.8615612],[129.4348032,35.8614692]]]]}},{"type":"Feature","properties":{"UFID":"100035902058A00110100000004490955"},"geometry":{"type":"MultiPolygon","coordinates":[[[[129.4352785,35.8604292],[129.4351466,35.8603516],[129.435186,35.8604131],[129.4352078,35.8604617],[129.4352224,35.8605509],[129.4352334,35.8606433],[129.4352324,35.8608401],[129.435224,35.860928],[129.4352071,35.8609878],[129.4351735,35.8610389],[129.4350487,35.8611618],[129.4349742,35.8612295],[129.434775,35.8614242],[129.4347598,35.8614384],[129.4348032,35.8614692],[129.4348188,35.8614546],[129.4350178,35.8612602],[129.4350924,35.8611924],[129.4352215,35.8610652],[129.4352615,35.8610044],[129.435281,35.8609351],[129.43529,35.860842],[129.4352911,35.8606129],[129.4352901,35.8605922],[129.4352836,35.8605532],[129.4352844,35.8605416],[129.4352786,35.860465],[129.4352785,35.8604292]]]]}}]}