{"type":"FeatureCollection","features":[{"type":"Feature","properties":{"UFID":"100035901099A00110100000000104157"},"geometry":{"type":"MultiPolygon","coordinates":[[[[129.2037811,35.7551179],[129.2037628,35.7551139],[129.2037571,35.7551377],[129.2037487,35.7551577],[129.2037335,35.755181],[129.2037106,35.7552127],[129.2036917,35.7552433],[129.2036852,35.75526],[129.2036831,35.7552805],[129.2036801,35.7553662],[129.2036747,35.7556522],[129.2036745,35.7557305],[129.2036753,35.7557361],[129.2036815,35.7557434],[129.2036966,35.7557531],[129.2037225,35.7557676],[129.2037511,35.7557785],[129.2037793,35.7557872],[129.2038124,35.7557959],[129.2038222,35.7558026],[129.2038329,35.7558108],[129.2038467,35.7558157],[129.2038588,35.7558191],[129.203874,35.7558214],[129.203892,35.755822],[129.2039096,35.7558199],[129.2039262,35.755815],[129.2039484,35.7558064],[129.2039633,35.7558032],[129.2039898,35.7558016],[129.2040302,35.7558006],[129.2040505,35.7557964],[129.2040709,35.7557856],[129.2040927,35.7557675],[129.204101,35.7557529],[129.2041044,35.7557386],[129.204105,35.7557244],[129.2041027,35.7556998],[129.2041005,35.755665],[129.2041042,35.7556251],[129.2041066,35.7555819],[129.204112,35.7555816],[129.2041147,35.7555813],[129.2041159,35.7555285],[129.2041128,35.7554919],[129.2041091,35.7554655],[129.204105,35.7554424],[129.2040986,35.7554152],[129.2040923,35.7553822],[129.20409,35.7553609],[129.2040912,35.7553371],[129.204096,35.7553156],[129.2041044,35.7552918],[129.2041051,35.7552765],[129.2041017,35.7552625],[129.204093,35.755243],[129.2040802,35.7552271],[129.2040368,35.7551824],[129.204032,35.7551685],[129.2040318,35.7551542],[129.2040338,35.7551363],[129.2040411,35.7550979],[129.2040418,35.7550836],[129.2040406,35.7550689],[129.2040369,35.7550498],[129.2040273,35.75503],[129.2040105,35.7550093],[129.2039915,35.7549879],[129.2039778,35.7549673],[129.2039727,35.7549522],[129.2039706,35.7549383],[129.2039704,35.7549218],[129.2039747,35.754905],[129.2039955,35.7548594],[129.2040017,35.7548356],[129.2040024,35.7548188],[129.2040013,35.7548034],[129.2039975,35.7547865],[129.2039901,35.7547674],[129.2039791,35.7547516],[129.2039628,35.7547309],[129.2039459,35.7547143],[129.2039367,35.7546988],[129.2039364,35.7546922],[129.2039272,35.7547118],[129.2039111,35.7547298],[129.2039212,35.754728],[129.2039293,35.7547281],[129.2039427,35.7547315],[129.2039569,35.7547445],[129.2039754,35.7547673],[129.2039864,35.7547876],[129.2039892,35.7548085],[129.2039884,35.7548319],[129.2039786,35.7548597],[129.2039618,35.7549016],[129.2039579,35.7549228],[129.2039573,35.7549382],[129.2039624,35.7549584],[129.2039742,35.7549838],[129.2040011,35.7550144],[129.204017,35.7550344],[129.2040243,35.7550571],[129.2040263,35.7550769],[129.2040265,35.7550967],[129.2040187,35.7551336],[129.2040185,35.7551505],[129.2040214,35.7551688],[129.2040284,35.7551835],[129.2040403,35.7552008],[129.2040686,35.7552304],[129.204084,35.755254],[129.2040879,35.7552658],[129.2040882,35.7552764],[129.2040871,35.7552899],[129.2040819,35.7553071],[129.2040775,35.7553308],[129.2040767,35.7553524],[129.2040786,35.7553788],[129.2040849,35.7554137],[129.2040927,35.7554606],[129.2040966,35.7555046],[129.204096,35.7555753],[129.2040917,35.7556295],[129.2040899,35.755658],[129.2040909,35.7556858],[129.2040943,35.7557273],[129.2040909,35.7557448],[129.2040818,35.7557568],[129.204065,35.7557687],[129.2040456,35.755777],[129.2040257,35.7557841],[129.2040054,35.7557869],[129.203987,35.7557863],[129.2039601,35.7557806],[129.2039579,35.7557769],[129.2039585,35.7557392],[129.2038237,35.7557386],[129.2038156,35.7557419],[129.2038123,35.7557507],[129.2038104,35.7557576],[129.2038103,35.7557664],[129.203801,35.7557685],[129.2037813,35.7557683],[129.2037593,35.7557634],[129.2037088,35.7557417],[129.2036982,35.7557357],[129.2036955,35.7557324],[129.2036925,35.7557254],[129.2036908,35.7557126],[129.2036945,35.7554584],[129.2036983,35.7553145],[129.2037022,35.7552593],[129.2037092,35.7552403],[129.2037244,35.7552185],[129.2037491,35.7551857],[129.2037675,35.7551559],[129.2037811,35.7551179]]]]}},{"type":"Feature","properties":{"UFID":"100035901099A00110100000000104158"},"geometry":{"type":"MultiPolygon","coordinates":[[[[129.2037829,35.7550807],[129.2037615,35.755078],[129.2037626,35.7550974],[129.2037628,35.7551139],[129.2037811,35.7551179],[129.2037829,35.7550807]]]]}},{"type":"Feature","properties":{"UFID":"100035901099A00110100000000104159"},"geometry":{"type":"MultiPolygon","coordinates":[[[[129.2037615,35.755078],[129.2037829,35.7550807],[129.2037767,35.7550725],[129.2037698,35.7550534],[129.2037557,35.7550343],[129.2037389,35.7550158],[129.2037119,35.7549873],[129.2036894,35.7549589],[129.2036762,35.7549354],[129.2036663,35.7549063],[129.2036609,35.7548784],[129.2036607,35.7548568],[129.2036661,35.7548283],[129.203675,35.7548024],[129.2036865,35.7547816],[129.203692,35.7547777],[129.2036601,35.7547681],[129.2036634,35.7547724],[129.2036633,35.7547779],[129.2036556,35.754813],[129.2036461,35.7548484],[129.2036458,35.7548744],[129.2036472,35.7548993],[129.2036562,35.754928],[129.2036676,35.7549493],[129.2036835,35.7549714],[129.2037127,35.7550054],[129.203733,35.7550257],[129.2037524,35.7550541],[129.2037615,35.755078]]]]}},{"type":"Feature","properties":{"UFID":"100035901099A00110100000000104160"},"geometry":{"type":"MultiPolygon","coordinates":[[[[129.2039041,35.7549932],[129.2038521,35.7547745],[129.2038153,35.7547847],[129.2038684,35.7549984],[129.2039041,35.7549932]]]]}},{"type":"Feature","properties":{"UFID":"100035901099A00110100000000104161"},"geometry":{"type":"MultiPolygon","coordinates":[[[[129.2039097,35.7551726],[129.2038684,35.7549984],[129.2038181,35.7550055],[129.2038177,35.7550074],[129.203835,35.7550841],[129.2038323,35.7550852],[129.2037981,35.7550863],[129.2037932,35.7550855],[129.2037865,35.7550825],[129.2037829,35.7550807],[129.2037811,35.7551179],[129.2037902,35.7551041],[129.2037925,35.7551015],[129.2037966,35.7550997],[129.2038348,35.7550972],[129.2038389,35.7550979],[129.2038539,35.7551798],[129.2038574,35.7551809],[129.2039097,35.7551726]]]]}},{"type":"Feature","properties":{"UFID":"100035901099A00110100000000104162"},"geometry":{"type":"MultiPolygon","coordinates":[[[[129.2039434,35.755163],[129.2039097,35.7551726],[129.2039483,35.7553355],[129.2039821,35.7553321],[129.2039434,35.755163]]]]}},{"type":"Feature","properties":{"UFID":"100035901099A00110100000000104163"},"geometry":{"type":"MultiPolygon","coordinates":[[[[129.2039434,35.755163],[129.2039134,35.7550324],[129.2039041,35.7549932],[129.2038684,35.7549984],[129.2039097,35.7551726],[129.2039434,35.755163]]]]}},{"type":"Feature","properties":{"UFID":"100035901089A00110100000000104953"},"geometry":{"type":"MultiPolygon","coordinates":[[[[129.2050383,35.7861911],[129.2050224,35.7862937],[129.2050584,35.7862868],[129.2050665,35.786235],[129.2053958,35.7862345],[129.2053963,35.7862049],[129.2050721,35.7862055],[129.2050744,35.786186],[129.2050383,35.7861911]]]]}},{"type":"Feature","properties":{"UFID":"100035901090A00110100000000105428"},"geometry":{"type":"MultiPolygon","coordinates":[[[[129.2453977,35.7921189],[129.245381,35.7921278],[129.2453847,35.7921348],[129.2453893,35.7921427],[129.245396,35.7921565],[129.2454079,35.7921817],[129.2454137,35.7921916],[129.2454189,35.7921977],[129.2454306,35.7922088],[129.2454509,35.7922295],[129.2454824,35.7922605],[129.2455242,35.792302],[129.2455641,35.7923418],[129.2455819,35.7923601],[129.2455963,35.7923748],[129.2456239,35.7924016],[129.2456423,35.7924238],[129.2456541,35.7924369],[129.2456644,35.7924495],[129.2456731,35.7924595],[129.2456807,35.7924697],[129.2456864,35.7924759],[129.2456939,35.7924969],[129.2456991,35.7925084],[129.2457029,35.7925183],[129.2457051,35.792529],[129.2457071,35.7925403],[129.2457061,35.7925504],[129.2457029,35.7925651],[129.2456988,35.792594],[129.2456893,35.7926248],[129.2456725,35.7926535],[129.2456564,35.7926861],[129.2456433,35.7927077],[129.2456306,35.7927312],[129.2456176,35.7927499],[129.2456054,35.792768],[129.2455962,35.7927814],[129.2455816,35.7928005],[129.2455712,35.7928165],[129.2455568,35.7928352],[129.2455459,35.7928498],[129.2455304,35.7928686],[129.2455133,35.7928891],[129.2454915,35.7929156],[129.2454605,35.7929527],[129.2454302,35.7929914],[129.2454148,35.7930116],[129.2453901,35.7930416],[129.2453702,35.7930674],[129.2453576,35.7930819],[129.2453418,35.7930982],[129.2453294,35.793113],[129.2453042,35.7931419],[129.245295,35.7931526],[129.2452754,35.7931676],[129.2452659,35.7931761],[129.2452506,35.793186],[129.2452383,35.7931936],[129.2452226,35.7932002],[129.2452089,35.7932047],[129.2451911,35.7932108],[129.2451711,35.7932163],[129.245148,35.7932213],[129.245124,35.7932249],[129.2451059,35.7932276],[129.2450726,35.7932305],[129.2450432,35.7932322],[129.2450224,35.793232],[129.245003,35.7932303],[129.2449788,35.7932265],[129.2449434,35.793223],[129.2448763,35.7932143],[129.2447985,35.7932031],[129.2446928,35.7931858],[129.2446885,35.7932007],[129.244795,35.7932182],[129.2448732,35.7932294],[129.2449408,35.7932382],[129.2449759,35.7932417],[129.2450003,35.7932455],[129.2450213,35.7932473],[129.2450438,35.7932475],[129.2450743,35.7932458],[129.2451086,35.7932428],[129.2451274,35.79324],[129.2451521,35.7932363],[129.2451765,35.793231],[129.2451978,35.7932252],[129.2452162,35.7932188],[129.2452304,35.7932141],[129.2452484,35.7932066],[129.2452621,35.7931981],[129.2452788,35.7931873],[129.2452888,35.7931784],[129.2453094,35.7931627],[129.2453201,35.7931502],[129.2453439,35.7931228],[129.245356,35.7931083],[129.2453727,35.7930911],[129.2453858,35.7930759],[129.2454059,35.7930499],[129.2454307,35.79302],[129.2454461,35.7929996],[129.2454762,35.7929612],[129.2455072,35.7929242],[129.2455289,35.7928977],[129.245546,35.7928772],[129.2455618,35.7928581],[129.2455729,35.7928432],[129.2455875,35.7928242],[129.2455979,35.7928081],[129.2456124,35.7927892],[129.2456219,35.7927754],[129.245634,35.7927574],[129.2456475,35.7927381],[129.2456603,35.7927142],[129.2456736,35.7926923],[129.2456898,35.7926597],[129.2457071,35.79263],[129.2457174,35.7925967],[129.2457216,35.7925673],[129.2457248,35.7925524],[129.2457261,35.7925398],[129.2457238,35.7925266],[129.2457212,35.7925147],[129.245717,35.7925035],[129.2457113,35.792491],[129.2457048,35.7924794],[129.2456981,35.7924686],[129.2456912,35.7924577],[129.2456812,35.7924439],[129.2456687,35.7924299],[129.2456534,35.7924151],[129.2456324,35.792392],[129.2456077,35.7923666],[129.2456015,35.7923598],[129.2455794,35.7923352],[129.2455367,35.7922915],[129.2454956,35.7922509],[129.2454645,35.7922197],[129.2454425,35.7921984],[129.2454338,35.7921896],[129.2454305,35.7921846],[129.2454248,35.7921748],[129.2454135,35.7921509],[129.2454066,35.7921366],[129.2454017,35.7921282],[129.2453977,35.7921189]]]]}},{"type":"Feature","properties":{"UFID":"100035901098A00110100000004402905"},"geometry":{"type":"MultiPolygon","coordinates":[[[[129.1969955,35.7561385],[129.1969915,35.7561356],[129.1969649,35.7561829],[129.1970021,35.7561874],[129.1975767,35.7562356],[129.1982813,35.7563011],[129.1991691,35.7563811],[129.1998157,35.756434],[129.2000001,35.7564507],[129.2000398,35.7564543],[129.2001104,35.7564605],[129.200339,35.7564815],[129.2003606,35.7564835],[129.2005914,35.7565044],[129.2006627,35.7565109],[129.2006672,35.7564842],[129.2006051,35.7564786],[129.2003742,35.7564576],[129.2003623,35.7564565],[129.2001974,35.7564412],[129.2000001,35.7564238],[129.1999657,35.7564207],[129.1996014,35.7563878],[129.199254,35.7563561],[129.1989143,35.7563263],[129.1984088,35.7562811],[129.1979883,35.7562428],[129.1975453,35.7562001],[129.1971094,35.7561606],[129.1970269,35.7561505],[129.1969955,35.7561385]]]]}},{"type":"Feature","properties":{"UFID":"100035901098A00110100000004402906"},"geometry":{"type":"MultiPolygon","coordinates":[[[[129.2003441,35.7569731],[129.2001409,35.7569009],[129.2000446,35.757066],[129.2,35.7571412],[129.1999746,35.7571841],[129.1999094,35.757302],[129.1998577,35.7573939],[129.1998087,35.7574816],[129.1997675,35.7575563],[129.1997377,35.7576043],[129.1996844,35.7576904],[129.1996388,35.7577614],[129.1995851,35.7578452],[129.1995399,35.7579111],[129.1995236,35.7579349],[129.1995226,35.7579364],[129.1994592,35.7580294],[129.1994005,35.7581083],[129.1993358,35.7581942],[129.1992729,35.7582783],[129.1992077,35.7583634],[129.1991413,35.7584511],[129.1990627,35.7585522],[129.1989877,35.7586444],[129.1989101,35.7587396],[129.1988317,35.7588326],[129.198766,35.7589071],[129.1986935,35.7589864],[129.1986134,35.7590723],[129.1985198,35.7591688],[129.1983952,35.7592909],[129.1983594,35.7593273],[129.1983348,35.7593522],[129.1982739,35.7594142],[129.1981938,35.7594905],[129.1981082,35.7595691],[129.1980146,35.7596511],[129.1979387,35.7597173],[129.1978657,35.7597831],[129.1977759,35.7598593],[129.1976596,35.7599541],[129.1975167,35.7600693],[129.1974383,35.7601267],[129.1973187,35.7602208],[129.1972055,35.7603046],[129.1970938,35.7603866],[129.1973214,35.7604769],[129.1974221,35.7604034],[129.1975824,35.7602849],[129.1977448,35.7601571],[129.1978986,35.7600341],[129.1980585,35.7598968],[129.1982043,35.7597701],[129.1983614,35.7596257],[129.1985257,35.7594685],[129.1986179,35.7593786],[129.1986434,35.7593537],[129.1986653,35.7593323],[129.1988268,35.7591647],[129.1989526,35.7590281],[129.1990779,35.7588805],[129.1992038,35.7587327],[129.1993033,35.7586114],[129.1994,35.758491],[129.1995013,35.7583564],[129.1996231,35.7581899],[129.1997289,35.7580443],[129.1997851,35.7579591],[129.1998019,35.7579336],[129.1998148,35.7579141],[129.1998833,35.7578028],[129.1999617,35.7576747],[129.2,35.7576082],[129.2000464,35.7575274],[129.2001404,35.7573628],[129.2002378,35.7571979],[129.2003441,35.7569731]]]]}},{"type":"Feature","properties":{"UFID":"100035901098A00110100000004402958"},"geometry":{"type":"MultiPolygon","coordinates":[[[[129.1980028,35.7547272],[129.1976188,35.7546928],[129.1974297,35.7546789],[129.1974025,35.7546751],[129.1973461,35.754698],[129.1973548,35.754697],[129.1974315,35.7546995],[129.1976516,35.7547182],[129.1978107,35.7547309],[129.1979981,35.7547502],[129.1981882,35.7547647],[129.1984441,35.7547907],[129.1986981,35.7548143],[129.1989715,35.7548349],[129.1993744,35.7548743],[129.1997816,35.7549094],[129.2,35.754931],[129.2000263,35.7549335],[129.2002996,35.7549573],[129.2007831,35.754998],[129.2011008,35.7550254],[129.2011263,35.7550278],[129.2013589,35.7550489],[129.2015465,35.755066],[129.2015508,35.7550474],[129.2013684,35.755031],[129.2011356,35.7550101],[129.2008261,35.7549823],[129.2000001,35.7549068],[129.1998533,35.7548935],[129.1992988,35.7548479],[129.1989969,35.7548169],[129.1988386,35.7548033],[129.198496,35.7547744],[129.198208,35.7547456],[129.1980028,35.7547272]]]]}},{"type":"Feature","properties":{"UFID":"100035901099A00110100000004402959"},"geometry":{"type":"MultiPolygon","coordinates":[[[[129.2009669,35.7725147],[129.2007523,35.772471],[129.2007006,35.7726395],[129.2006507,35.7728021],[129.2003707,35.7742926],[129.200301,35.775],[129.2002878,35.7751574],[129.2002802,35.7753892],[129.2002718,35.7756216],[129.2002726,35.7757336],[129.2002728,35.7757657],[129.2002732,35.7758208],[129.2002735,35.7758652],[129.2002733,35.7759127],[129.2004847,35.7758765],[129.2004842,35.775805],[129.2004839,35.7757555],[129.2004833,35.775656],[129.2004831,35.7756235],[129.2004913,35.775394],[129.2004988,35.7751656],[129.2005128,35.7750001],[129.2005906,35.7743134],[129.2008678,35.7728377],[129.200869,35.7728337],[129.2008822,35.7727906],[129.2009267,35.7726457],[129.2009669,35.7725147]]]]}},{"type":"Feature","properties":{"UFID":"100035901089A00110100000004402960"},"geometry":{"type":"MultiPolygon","coordinates":[[[[129.2009661,35.7753899],[129.2009667,35.7753572],[129.2009103,35.7753875],[129.2005615,35.7755811],[129.2005011,35.7756146],[129.2004831,35.7756235],[129.2002726,35.7757336],[129.2002212,35.7757605],[129.2001038,35.7758217],[129.2,35.7758773],[129.1999446,35.7759063],[129.1997845,35.7759901],[129.1995582,35.7760808],[129.1994509,35.7761206],[129.1995031,35.7761394],[129.199507,35.7761341],[129.1998009,35.7760137],[129.1999447,35.7759385],[129.2,35.7759096],[129.2001217,35.7758444],[129.2002728,35.7757657],[129.2004833,35.775656],[129.2005194,35.7756372],[129.2005801,35.7756034],[129.2009288,35.7754099],[129.2009661,35.7753899]]]]}},{"type":"Feature","properties":{"UFID":"100035901099A00110100000004402961"},"geometry":{"type":"MultiPolygon","coordinates":[[[[129.202363,35.7483213],[129.2021497,35.7482884],[129.2021548,35.7483719],[129.2021579,35.7484233],[129.2021914,35.7489728],[129.2021965,35.7490552],[129.2022541,35.7500001],[129.2022592,35.7500865],[129.2022656,35.7501943],[129.2023442,35.7515244],[129.2023521,35.7516569],[129.2023523,35.7516615],[129.2023745,35.7520358],[129.2025983,35.7520738],[129.2025772,35.7517165],[129.2025741,35.7516645],[129.2025664,35.7515338],[129.202487,35.7501912],[129.2024806,35.7500834],[129.2024757,35.7500002],[129.2024756,35.75],[129.2024087,35.7490022],[129.2024032,35.7489201],[129.2023846,35.7486441],[129.2023807,35.7485861],[129.202363,35.7483213]]]]}},{"type":"Feature","properties":{"UFID":"100035901099A00110100000004402962"},"geometry":{"type":"MultiPolygon","coordinates":[[[[129.2054499,35.7478371],[129.2050789,35.747827],[129.2049178,35.7480548],[129.2047244,35.7483283],[129.2047183,35.7483378],[129.2046614,35.748426],[129.2043674,35.7488851],[129.2042744,35.7490653],[129.203855,35.7498529],[129.2038525,35.7498577],[129.2038411,35.749879],[129.2037764,35.75],[129.2037762,35.7500003],[129.2036833,35.7501743],[129.2035526,35.7504187],[129.2031776,35.7511319],[129.2029793,35.7515054],[129.2029508,35.7515591],[129.2029139,35.7516285],[129.2028395,35.7517686],[129.2028267,35.751793],[129.2027968,35.7518498],[129.202757,35.7519252],[129.2027396,35.7519582],[129.202607,35.7522099],[129.2024902,35.7524316],[129.2024095,35.7525859],[129.2021905,35.7530046],[129.202185,35.753015],[129.2021341,35.7531118],[129.2020945,35.7531872],[129.2020554,35.7532616],[129.2018551,35.7536424],[129.2019732,35.753898],[129.2021828,35.7535012],[129.2022104,35.7534489],[129.2022304,35.753411],[129.2022386,35.7533952],[129.202283,35.7533096],[129.2024079,35.7530685],[129.2024675,35.7529537],[129.2025003,35.7528913],[129.2026343,35.7526371],[129.2026906,35.7525303],[129.2028408,35.7522483],[129.2028914,35.7521532],[129.2028987,35.7521396],[129.2029126,35.7521127],[129.2029174,35.7521033],[129.2029316,35.7520759],[129.2029489,35.7520427],[129.2029702,35.7520016],[129.2030368,35.751873],[129.2030656,35.7518174],[129.203147,35.7516603],[129.2031749,35.7516072],[129.2032382,35.7514867],[129.2033951,35.7511881],[129.2036557,35.7506918],[129.2039613,35.7501703],[129.2040609,35.7500004],[129.2040611,35.75],[129.2040783,35.7499707],[129.204147,35.749859],[129.2041767,35.7498071],[129.2042147,35.7497409],[129.2042462,35.749685],[129.2044504,35.7493228],[129.2047323,35.7488598],[129.2049855,35.7484738],[129.205105,35.74831],[129.2051753,35.7482136],[129.2054499,35.7478371]]]]}},{"type":"Feature","properties":{"UFID":"100035901099A00110100000004402963"},"geometry":{"type":"MultiPolygon","coordinates":[[[[129.2049261,35.7514706],[129.2048813,35.7513642],[129.2041729,35.7514199],[129.2034145,35.7514739],[129.2032382,35.7514867],[129.2029793,35.7515054],[129.2029311,35.7515088],[129.2029508,35.7515591],[129.2029762,35.751624],[129.2031749,35.7516072],[129.2034625,35.7515829],[129.2040841,35.7515366],[129.2046614,35.7514913],[129.2049036,35.7514723],[129.2049261,35.7514706]]]]}},{"type":"Feature","properties":{"UFID":"100035901089A00110100000004402965"},"geometry":{"type":"MultiPolygon","coordinates":[[[[129.2003031,35.7758544],[129.2004694,35.7758033],[129.2004842,35.775805],[129.2005396,35.7758113],[129.200567,35.7758235],[129.2006106,35.7758515],[129.2006176,35.7757041],[129.2005527,35.7757344],[129.2004839,35.7757555],[129.2002845,35.7758168],[129.2002732,35.7758208],[129.2001624,35.77586],[129.2001251,35.7758795],[129.2000861,35.7759067],[129.2001152,35.7759376],[129.2001541,35.7759125],[129.2001858,35.7758959],[129.2002735,35.7758652],[129.2003031,35.7758544]]]]}},{"type":"Feature","properties":{"UFID":"100035901099A00110100000004402966"},"geometry":{"type":"MultiPolygon","coordinates":[[[[129.2025482,35.7675949],[129.2021795,35.7675999],[129.2021862,35.7676152],[129.2021875,35.7676278],[129.2021804,35.7676693],[129.2021321,35.7678324],[129.2020749,35.7680196],[129.2020294,35.7681686],[129.2020005,35.7682658],[129.2019924,35.7683198],[129.2019611,35.768452],[129.201935,35.7685929],[129.2019207,35.7686606],[129.2017269,35.7692954],[129.2012271,35.770924],[129.201211,35.7709766],[129.2007523,35.772471],[129.2009669,35.7725147],[129.201473,35.7708658],[129.2014891,35.7708132],[129.2018928,35.7694978],[129.201971,35.7693168],[129.2020156,35.7691904],[129.2020631,35.7690824],[129.202104,35.7689734],[129.202173,35.7687619],[129.2022649,35.768495],[129.2023209,35.7683586],[129.2023461,35.7682684],[129.202381,35.7681134],[129.2024574,35.7678507],[129.2025036,35.7676945],[129.2025209,35.7676504],[129.2025482,35.7675949]]]]}},{"type":"Feature","properties":{"UFID":"100035901099A00110100000004402967"},"geometry":{"type":"MultiPolygon","coordinates":[[[[129.2026498,35.7672967],[129.2022291,35.7673619],[129.2021795,35.7675999],[129.2025482,35.7675949],[129.2026498,35.7672967]]]]}},{"type":"Feature","properties":{"UFID":"100035901099A00110100000004402968"},"geometry":{"type":"MultiPolygon","coordinates":[[[[129.2025856,35.7517215],[129.2026088,35.7515333],[129.2025664,35.7515338],[129.2025206,35.7515344],[129.2023442,35.7515244],[129.2023203,35.7515231],[129.2022841,35.7515198],[129.2022341,35.7517036],[129.2023299,35.7516587],[129.2023421,35.7516566],[129.2023521,35.7516569],[129.2023605,35.7516571],[129.2023825,35.7516577],[129.2024189,35.7516617],[129.2024498,35.7516679],[129.2024829,35.7516766],[129.2025245,35.7516895],[129.2025593,35.7517059],[129.2025772,35.7517165],[129.2025856,35.7517215]]]]}},{"type":"Feature","properties":{"UFID":"100035901099A00110100000004402969"},"geometry":{"type":"MultiPolygon","coordinates":[[[[129.2022104,35.7534489],[129.2021084,35.7532193],[129.2020945,35.7531872],[129.2020675,35.7531247],[129.2020493,35.7530755],[129.202036,35.7530318],[129.2019979,35.7532555],[129.2020078,35.7532516],[129.2020209,35.7532499],[129.2020339,35.75325],[129.202046,35.7532549],[129.2020544,35.7532605],[129.2020554,35.7532616],[129.2020633,35.7532708],[129.202087,35.7533095],[129.2021298,35.7533949],[129.2021783,35.7534916],[129.2021828,35.7535012],[129.2022206,35.7535821],[129.2022541,35.7536783],[129.2022894,35.7537854],[129.2023165,35.7538528],[129.2023341,35.753939],[129.202343,35.7540113],[129.2023555,35.7541414],[129.2023794,35.754324],[129.2024104,35.7545435],[129.2024771,35.7549993],[129.2024747,35.7550699],[129.2024743,35.7550802],[129.2024734,35.7550936],[129.2024715,35.7551024],[129.2025356,35.7550916],[129.2024717,35.7546579],[129.2024335,35.7543455],[129.2024151,35.7541835],[129.2023967,35.754057],[129.2023836,35.7539656],[129.2023712,35.7538976],[129.2023546,35.7538077],[129.2023366,35.7537723],[129.2023019,35.7536672],[129.2022651,35.7535705],[129.2022137,35.7534565],[129.2022104,35.7534489]]]]}},{"type":"Feature","properties":{"UFID":"100035901099A00110100000004402970"},"geometry":{"type":"MultiPolygon","coordinates":[[[[129.2022317,35.7517094],[129.2022341,35.7517036],[129.2021443,35.7517511],[129.2021484,35.7517511],[129.2021533,35.7517533],[129.2021563,35.75176],[129.2021675,35.7518886],[129.2021763,35.7520008],[129.2021826,35.7520905],[129.2021862,35.7521543],[129.202187,35.7522257],[129.2021838,35.7522945],[129.2021761,35.7523604],[129.2021656,35.7524328],[129.2021514,35.7525169],[129.202137,35.7526138],[129.2021279,35.7526715],[129.2021177,35.7527671],[129.2021107,35.7528531],[129.2021126,35.7529635],[129.2021208,35.7530447],[129.2021341,35.7531118],[129.2021373,35.7531279],[129.2021676,35.753223],[129.202203,35.7533208],[129.2022386,35.7533952],[129.202266,35.7534526],[129.2023291,35.7535807],[129.2023729,35.7536934],[129.2024039,35.7537752],[129.2024188,35.7538167],[129.2024333,35.7538689],[129.2024171,35.7535797],[129.2024161,35.7535791],[129.2023698,35.7534853],[129.2023211,35.7533929],[129.202283,35.7533096],[129.2022774,35.7532974],[129.2022474,35.7532268],[129.2022216,35.7531567],[129.2022009,35.7530776],[129.2021905,35.7530046],[129.202189,35.7529943],[129.2021836,35.7529278],[129.2021858,35.7528531],[129.2021861,35.752842],[129.2021923,35.752777],[129.2022176,35.7525794],[129.2022323,35.7524909],[129.2022436,35.75242],[129.2022543,35.7523329],[129.2022616,35.7522334],[129.2022633,35.75214],[129.2022579,35.7520477],[129.2022486,35.7519465],[129.2022372,35.751827],[129.2022315,35.7517229],[129.2022316,35.7517152],[129.2022317,35.7517094]]]]}},{"type":"Feature","properties":{"UFID":"100035901099A00110100000004402971"},"geometry":{"type":"MultiPolygon","coordinates":[[[[129.2029489,35.7520427],[129.2028738,35.75189],[129.2028141,35.7519587],[129.2028186,35.7519583],[129.2028236,35.7519606],[129.2028579,35.7520129],[129.2029024,35.7520941],[129.2029316,35.7520759],[129.2029636,35.752056],[129.2029492,35.7520433],[129.2029489,35.7520427]]]]}},{"type":"Feature","properties":{"UFID":"100035901099A00110100000004402972"},"geometry":{"type":"MultiPolygon","coordinates":[[[[129.202757,35.7519252],[129.2027103,35.7518979],[129.2027395,35.751958],[129.2027396,35.7519582],[129.2027846,35.752073],[129.2028274,35.7521954],[129.2028408,35.7522483],[129.2028452,35.7522659],[129.2028526,35.7523154],[129.2028563,35.7523693],[129.2028536,35.7524333],[129.2028427,35.7525039],[129.2028225,35.7525898],[129.2028194,35.7526033],[129.2027909,35.752711],[129.2027745,35.7527702],[129.2028557,35.7527673],[129.202853,35.7527658],[129.2028526,35.7527633],[129.2028776,35.75268],[129.2028967,35.7526014],[129.2029081,35.7525583],[129.2029217,35.7524859],[129.2029283,35.7524303],[129.2029291,35.7523732],[129.2029263,35.7523183],[129.2029182,35.7522563],[129.2029072,35.7522049],[129.2028922,35.7521553],[129.2028914,35.7521532],[129.2028749,35.7521076],[129.2028488,35.7520472],[129.2028123,35.7519638],[129.2028123,35.751963],[129.2028141,35.7519587],[129.202757,35.7519252]]]]}},{"type":"Feature","properties":{"UFID":"100035901099A00110100000004402973"},"geometry":{"type":"MultiPolygon","coordinates":[[[[129.2027697,35.7539674],[129.2024333,35.7538689],[129.2024526,35.7540389],[129.2025363,35.7545735],[129.2025466,35.7547341],[129.2028203,35.7593399],[129.2029284,35.7610868],[129.2029307,35.761124],[129.2029811,35.7619383],[129.2030314,35.7632806],[129.2030159,35.7639839],[129.2028813,35.7651268],[129.202838,35.7653917],[129.2028098,35.7655349],[129.2027828,35.7656337],[129.2027172,35.7658268],[129.202685,35.7659392],[129.2026346,35.7661328],[129.2025465,35.7664224],[129.2024875,35.7665863],[129.2023804,35.7670269],[129.2023234,35.7672014],[129.2023042,35.7672471],[129.2022754,35.7672999],[129.2022291,35.7673619],[129.2026498,35.7672967],[129.2026452,35.7672875],[129.2026423,35.7672749],[129.2026464,35.767228],[129.2026891,35.7671085],[129.2027442,35.7668995],[129.202803,35.7667187],[129.2028208,35.7666399],[129.2028438,35.7665224],[129.2028704,35.7663504],[129.2029147,35.7661503],[129.2029629,35.7659924],[129.2031011,35.7651473],[129.2032369,35.7639942],[129.2032526,35.7632795],[129.203202,35.761931],[129.2031409,35.7609434],[129.2031386,35.7609062],[129.2030412,35.7593309],[129.2027704,35.7547752],[129.202779,35.7546039],[129.2027849,35.7542454],[129.2027788,35.754104],[129.2027697,35.7539674]]]]}},{"type":"Feature","properties":{"UFID":"100035901099A00110100000004402974"},"geometry":{"type":"MultiPolygon","coordinates":[[[[129.2027574,35.7537056],[129.2024171,35.7535797],[129.2024333,35.7538689],[129.2027697,35.7539674],[129.2027648,35.7538941],[129.2027574,35.7537056]]]]}},{"type":"Feature","properties":{"UFID":"100035901099A00110100000004402975"},"geometry":{"type":"MultiPolygon","coordinates":[[[[129.2027407,35.7532312],[129.2024066,35.7533919],[129.2024171,35.7535797],[129.2027574,35.7537056],[129.2027519,35.7535684],[129.202739,35.7533455],[129.2027407,35.7532312]]]]}},{"type":"Feature","properties":{"UFID":"100035901099A00110100000004402976"},"geometry":{"type":"MultiPolygon","coordinates":[[[[129.2027407,35.7532312],[129.2026634,35.7530013],[129.2023967,35.7532136],[129.2024066,35.7533919],[129.2027407,35.7532312]]]]}},{"type":"Feature","properties":{"UFID":"100035901099A00110100000004402977"},"geometry":{"type":"MultiPolygon","coordinates":[[[[129.2030656,35.7518174],[129.2030129,35.7516422],[129.2029719,35.7516523],[129.2030368,35.751873],[129.203101,35.7520915],[129.2030132,35.7520998],[129.2031085,35.7521821],[129.203109,35.7521553],[129.2031117,35.7521492],[129.2031615,35.7521181],[129.2030741,35.7518456],[129.2030656,35.7518174]]]]}},{"type":"Feature","properties":{"UFID":"100035901099A00110100000004402978"},"geometry":{"type":"MultiPolygon","coordinates":[[[[129.2026522,35.752919],[129.2026501,35.752885],[129.2025003,35.7528913],[129.2024215,35.7528947],[129.2024079,35.7530685],[129.2023967,35.7532136],[129.2026634,35.7530013],[129.2026522,35.752919]]]]}},{"type":"Feature","properties":{"UFID":"100035901099A00110100000004402979"},"geometry":{"type":"MultiPolygon","coordinates":[[[[129.2019732,35.753898],[129.2018551,35.7536424],[129.2015804,35.7541637],[129.2017856,35.7542385],[129.2019732,35.753898]]]]}},{"type":"Feature","properties":{"UFID":"100035901099A00110100000004402980"},"geometry":{"type":"MultiPolygon","coordinates":[[[[129.2025983,35.7520738],[129.2023745,35.7520358],[129.2024095,35.7525859],[129.2024257,35.75284],[129.2024215,35.7528947],[129.2025003,35.7528913],[129.2026501,35.752885],[129.2026343,35.7526371],[129.202607,35.7522099],[129.2025983,35.7520738]]]]}},{"type":"Feature","properties":{"UFID":"100035901099A00110100000004402981"},"geometry":{"type":"MultiPolygon","coordinates":[[[[129.2017856,35.7542385],[129.2015804,35.7541637],[129.2011356,35.7550101],[129.2011263,35.7550278],[129.2011219,35.7550361],[129.2008609,35.7555328],[129.2003742,35.7564576],[129.2003714,35.7564629],[129.2003606,35.7564835],[129.2003578,35.7564889],[129.2001409,35.7569009],[129.2003441,35.7569731],[129.2005884,35.7565101],[129.2005914,35.7565044],[129.2006021,35.7564842],[129.2006051,35.7564786],[129.2010675,35.7556026],[129.2013547,35.755057],[129.2013589,35.7550489],[129.2013684,35.755031],[129.2017856,35.7542385]]]]}},{"type":"Feature","properties":{"UFID":"100035901099A00110100000004402982"},"geometry":{"type":"MultiPolygon","coordinates":[[[[129.2029307,35.761124],[129.2031409,35.7609434],[129.2031695,35.7609188],[129.2031535,35.7608934],[129.2031386,35.7609062],[129.2029284,35.7610868],[129.2029201,35.7610939],[129.2028294,35.7610867],[129.2028387,35.7612404],[129.2029281,35.7611262],[129.2029307,35.761124]]]]}},{"type":"Feature","properties":{"UFID":"100035901099A00110100000004402983"},"geometry":{"type":"MultiPolygon","coordinates":[[[[129.2015154,35.7708478],[129.2015065,35.7708059],[129.2014891,35.7708132],[129.2014754,35.770819],[129.2014695,35.7708216],[129.2013386,35.7708769],[129.2012271,35.770924],[129.2012075,35.7709323],[129.2011972,35.7709368],[129.2011666,35.7709497],[129.2011825,35.7709886],[129.201211,35.7709766],[129.2012203,35.7709727],[129.2012306,35.7709682],[129.2013615,35.7709129],[129.201473,35.7708658],[129.2014926,35.7708575],[129.2014985,35.770855],[129.2015154,35.7708478]]]]}},{"type":"Feature","properties":{"UFID":"100035901089A00110100000004402984"},"geometry":{"type":"MultiPolygon","coordinates":[[[[129.2006023,35.7774825],[129.2006279,35.7774693],[129.2006422,35.7774713],[129.2006693,35.7774752],[129.2006963,35.7774856],[129.2007174,35.7774956],[129.2006874,35.7773823],[129.2006706,35.7774017],[129.2006361,35.7774308],[129.2006292,35.7774366],[129.2005831,35.7774603],[129.2004994,35.7775139],[129.2003792,35.7775908],[129.2003712,35.7775959],[129.2003583,35.7776042],[129.2003779,35.777626],[129.2003839,35.7776222],[129.2003917,35.7776171],[129.2005199,35.7775352],[129.2006023,35.7774825]]]]}},{"type":"Feature","properties":{"UFID":"100035901089A00110100000004403214"},"geometry":{"type":"MultiPolygon","coordinates":[[[[129.2027387,35.7873198],[129.202673,35.7870597],[129.2023136,35.7869971],[129.2022781,35.7871142],[129.2023682,35.7873938],[129.2027387,35.7873198]]]]}},{"type":"Feature","properties":{"UFID":"100035901089A00110100000004403215"},"geometry":{"type":"MultiPolygon","coordinates":[[[[129.202464,35.788719],[129.2024385,35.7886739],[129.2024468,35.7887459],[129.2024951,35.7888005],[129.2025255,35.788826],[129.2025828,35.7888654],[129.2026034,35.7888764],[129.2027352,35.7889262],[129.2027385,35.788927],[129.2028225,35.7889457],[129.2030335,35.7890061],[129.2030368,35.789007],[129.2030704,35.7890187],[129.2030834,35.789028],[129.2030945,35.789049],[129.2031381,35.7891877],[129.2031556,35.7892353],[129.2031635,35.7892524],[129.203165,35.7892535],[129.2032154,35.7892266],[129.2032097,35.7892211],[129.2031978,35.7892076],[129.20317,35.789164],[129.2031333,35.789046],[129.2031207,35.7890113],[129.203104,35.7889917],[129.2030848,35.7889789],[129.2030284,35.7889635],[129.2030258,35.7889629],[129.2027466,35.7889008],[129.2027333,35.7888957],[129.2026196,35.7888528],[129.2026027,35.7888437],[129.2025482,35.7888062],[129.2025206,35.7887831],[129.202464,35.788719]]]]}},{"type":"Feature","properties":{"UFID":"100035901089A00110100000004403216"},"geometry":{"type":"MultiPolygon","coordinates":[[[[129.2015983,35.7828303],[129.2017298,35.7828072],[129.2017336,35.7828093],[129.2017682,35.7828292],[129.2017583,35.782751],[129.2017319,35.7827764],[129.201727,35.7827772],[129.2015906,35.7828012],[129.2014557,35.7828249],[129.2014539,35.7828252],[129.2014156,35.7828072],[129.2014132,35.7829087],[129.2014491,35.7828561],[129.2014558,35.7828553],[129.2014619,35.7828542],[129.2015983,35.7828303]]]]}},{"type":"Feature","properties":{"UFID":"100035901089A00110100000004403217"},"geometry":{"type":"MultiPolygon","coordinates":[[[[129.2027214,35.7874061],[129.2027387,35.7873198],[129.2023682,35.7873938],[129.2023975,35.7874356],[129.2024228,35.7874777],[129.202446,35.7875967],[129.2025165,35.7878925],[129.202573,35.7881452],[129.2026286,35.7882757],[129.2026513,35.7884025],[129.2027333,35.7888957],[129.2027385,35.788927],[129.2027482,35.7889853],[129.2027621,35.7890639],[129.2028115,35.7894153],[129.2028249,35.7895335],[129.2028348,35.7896175],[129.2028458,35.7897725],[129.2028515,35.7898441],[129.202853,35.7899208],[129.2028529,35.7900229],[129.202853,35.7901882],[129.202842,35.7905525],[129.2027747,35.7912438],[129.202595,35.7929547],[129.2025801,35.793342],[129.2025912,35.7936357],[129.2026266,35.7939462],[129.2027226,35.7943411],[129.2030024,35.7952022],[129.2034818,35.7966701],[129.2036699,35.7972603],[129.2037358,35.7975061],[129.2039498,35.7974835],[129.2039426,35.7972123],[129.2037513,35.7966124],[129.2032718,35.7951438],[129.2029943,35.7942899],[129.2029028,35.7939135],[129.2028696,35.7936216],[129.202859,35.7933421],[129.2028733,35.792968],[129.2030137,35.7914643],[129.2030428,35.7911368],[129.2031012,35.790993],[129.2031093,35.7908678],[129.2031172,35.7907541],[129.2031275,35.7906433],[129.2031278,35.790639],[129.2031396,35.7906203],[129.2031585,35.7906028],[129.2031814,35.7905854],[129.203209,35.7905677],[129.2032323,35.790557],[129.2032483,35.7902996],[129.2032087,35.790271],[129.2031531,35.7902094],[129.2031524,35.7900313],[129.2031317,35.7899815],[129.2031317,35.789919],[129.2031301,35.7898352],[129.2031241,35.7897588],[129.2031129,35.7896001],[129.2031025,35.7895122],[129.2030888,35.7893918],[129.2030385,35.7890347],[129.2030335,35.7890061],[129.2030311,35.7889927],[129.2030258,35.7889629],[129.2030238,35.7889517],[129.2028629,35.7881074],[129.2027676,35.787608],[129.2027214,35.7874061]]]]}},{"type":"Feature","properties":{"UFID":"100035901089A00110100000004403218"},"geometry":{"type":"MultiPolygon","coordinates":[[[[129.2005238,35.7760371],[129.2004847,35.7758765],[129.2002733,35.7759127],[129.2002451,35.7760375],[129.2002475,35.776293],[129.2002637,35.7765733],[129.2002798,35.7768274],[129.2003131,35.7770996],[129.2003587,35.7774533],[129.2003792,35.7775908],[129.2003839,35.7776222],[129.2003959,35.7777025],[129.2004666,35.7780947],[129.2005583,35.7785383],[129.2010183,35.7807405],[129.2014411,35.7827571],[129.2014557,35.7828249],[129.2014619,35.7828542],[129.201787,35.7844347],[129.2021433,35.7860177],[129.2022146,35.7864455],[129.2022544,35.7866968],[129.2022746,35.7867871],[129.20232,35.7869936],[129.2023136,35.7869971],[129.202673,35.7870597],[129.2026558,35.7870278],[129.2026418,35.7869848],[129.202623,35.7869124],[129.2025822,35.7867311],[129.2025326,35.78651],[129.202491,35.7863311],[129.202465,35.7862276],[129.2024309,35.7861119],[129.2020619,35.7843969],[129.2017336,35.7828093],[129.201727,35.7827772],[129.2017159,35.7827191],[129.201293,35.7807023],[129.2008331,35.7785003],[129.2007419,35.7780593],[129.2006721,35.7776723],[129.2006422,35.7774713],[129.2006361,35.7774308],[129.2006357,35.7774277],[129.2005903,35.7770765],[129.2005578,35.7768103],[129.2005422,35.776562],[129.2005261,35.7762869],[129.2005238,35.7760371]]]]}},{"type":"Feature","properties":{"UFID":"100035901079A00110100000004403223"},"geometry":{"type":"MultiPolygon","coordinates":[[[[129.2039012,35.8057302],[129.2038343,35.8055121],[129.2037288,35.8051954],[129.2036329,35.8048943],[129.2036349,35.8048528],[129.20361,35.8047249],[129.2035705,35.8045639],[129.2035416,35.8044353],[129.2035219,35.8043154],[129.2035071,35.8041366],[129.2034975,35.8040173],[129.2034977,35.8039655],[129.2034988,35.803854],[129.2034985,35.8036627],[129.2035126,35.8034273],[129.2035126,35.8034093],[129.2035103,35.8033913],[129.2034997,35.8033237],[129.2035001,35.8032717],[129.2035412,35.8028738],[129.2035409,35.8028614],[129.2035184,35.8027491],[129.2035183,35.8027337],[129.2035296,35.8026397],[129.2037463,35.8006378],[129.2038104,35.8000003],[129.2038142,35.7999624],[129.2038286,35.7998201],[129.2039635,35.7984747],[129.2039635,35.7981761],[129.2039877,35.7978074],[129.2039925,35.7977525],[129.2037786,35.797775],[129.2037722,35.7978001],[129.2037638,35.7981228],[129.2037394,35.7983918],[129.2037292,35.798552],[129.2036987,35.7988573],[129.203658,35.7992727],[129.2036119,35.7996983],[129.2035554,35.7999475],[129.2035502,35.8000003],[129.2035499,35.8002643],[129.2034995,35.8007562],[129.2034276,35.8014855],[129.2033732,35.8018893],[129.2033103,35.8026651],[129.2032468,35.803232],[129.2032398,35.8034012],[129.2032225,35.8036025],[129.2032179,35.8037414],[129.2032175,35.8038133],[129.2032172,35.803881],[129.2032194,35.8039634],[129.2032219,35.8040177],[129.2032278,35.8040899],[129.2032358,35.804191],[129.2032906,35.8044862],[129.2033007,35.8045434],[129.2033154,35.8046139],[129.2033268,35.804688],[129.2033772,35.8048988],[129.2033995,35.8049788],[129.2034172,35.8050416],[129.2036551,35.8057622],[129.2039012,35.8057302]]]]}},{"type":"Feature","properties":{"UFID":"100035901089A00110100000004403290"},"geometry":{"type":"MultiPolygon","coordinates":[[[[129.2041619,35.7975442],[129.2041762,35.7974992],[129.2041525,35.7975085],[129.2041248,35.7975097],[129.2039841,35.7975303],[129.203958,35.7975349],[129.2039562,35.7975352],[129.2038559,35.7975528],[129.2037764,35.7975667],[129.203746,35.7975704],[129.2037456,35.7975704],[129.2036446,35.7975827],[129.2035782,35.7975904],[129.2035844,35.7976261],[129.203651,35.7976183],[129.2037517,35.7976061],[129.2037521,35.7976061],[129.2037843,35.7976022],[129.2038652,35.797588],[129.2039637,35.7975708],[129.2039655,35.7975705],[129.2039927,35.7975657],[129.20413,35.7975456],[129.2041619,35.7975442]]]]}},{"type":"Feature","properties":{"UFID":"100035901089A00110100000004403291"},"geometry":{"type":"MultiPolygon","coordinates":[[[[129.203958,35.7975349],[129.2039498,35.7974835],[129.2037358,35.7975061],[129.203746,35.7975704],[129.2037517,35.7976061],[129.2037786,35.797775],[129.2039925,35.7977525],[129.2039637,35.7975708],[129.203958,35.7975349]]]]}},{"type":"Feature","properties":{"UFID":"100035901098A00110100000004419383"},"geometry":{"type":"MultiPolygon","coordinates":[[[[129.2000662,35.7677494],[129.2000632,35.7676684],[129.2000215,35.7676685],[129.2,35.7676676],[129.1989939,35.7677125],[129.1990119,35.7677839],[129.2,35.7677399],[129.2000662,35.7677494]]]]}},{"type":"Feature","properties":{"UFID":"100035901088A00110100000004419385"},"geometry":{"type":"MultiPolygon","coordinates":[[[[129.2001152,35.7759376],[129.2000861,35.7759067],[129.2000608,35.7759244],[129.2000301,35.7759458],[129.2,35.7759668],[129.1999447,35.775991],[129.1997694,35.7760675],[129.199688,35.7761017],[129.1995435,35.7761394],[129.1995031,35.7761394],[129.1994891,35.7762272],[129.199522,35.7761985],[129.1995793,35.7761727],[129.1996227,35.7761592],[129.1997071,35.7761393],[129.1997925,35.7761034],[129.1999447,35.7760369],[129.2,35.7760128],[129.2000153,35.776002],[129.2001152,35.7759376]]]]}},{"type":"Feature","properties":{"UFID":"100035901099A00110100000004419953"},"geometry":{"type":"MultiPolygon","coordinates":[[[[129.2008798,35.7510381],[129.2006748,35.7510399],[129.200358,35.751036],[129.2,35.7510339],[129.199849,35.7510322],[129.1998487,35.7510457],[129.1998485,35.7510592],[129.2,35.7510609],[129.2003576,35.751063],[129.2006748,35.751067],[129.2008817,35.7510652],[129.2008798,35.7510381]]]]}},{"type":"Feature","properties":{"UFID":"100035901099A00110100000004419954"},"geometry":{"type":"MultiPolygon","coordinates":[[[[129.2000899,35.7513729],[129.2,35.7513405],[129.1999738,35.7513315],[129.1999244,35.751432],[129.2000333,35.7514713],[129.2000899,35.7513729]]]]}},{"type":"Feature","properties":{"UFID":"100035901098A00110100000004419955"},"geometry":{"type":"MultiPolygon","coordinates":[[[[129.2000333,35.7514713],[129.1999244,35.751432],[129.1999523,35.7514513],[129.199947,35.7514614],[129.199914,35.7515232],[129.1999128,35.7515274],[129.1997994,35.7517149],[129.199792,35.75172],[129.1997064,35.7517607],[129.1995734,35.751823],[129.1995396,35.7518389],[129.1994242,35.7518954],[129.1995158,35.7519387],[129.1996576,35.7518597],[129.1998518,35.7517772],[129.1999188,35.7516655],[129.1999575,35.7516005],[129.1999974,35.7515349],[129.2,35.7515304],[129.2000333,35.7514713]]]]}},{"type":"Feature","properties":{"UFID":"100035901099A00110100000004419956"},"geometry":{"type":"MultiPolygon","coordinates":[[[[129.2015595,35.7535261],[129.2015639,35.7534897],[129.2015471,35.7534986],[129.2015177,35.753512],[129.2015,35.7535174],[129.2014848,35.7535189],[129.2014477,35.7535169],[129.2013594,35.7535107],[129.2007685,35.7534517],[129.2,35.753384],[129.1992155,35.7533128],[129.1988523,35.7532769],[129.1988064,35.7532737],[129.1988062,35.7533008],[129.1988488,35.7533038],[129.1992117,35.7533397],[129.2,35.7534112],[129.2007647,35.7534786],[129.2013559,35.7535376],[129.2014888,35.7535457],[129.2014982,35.7535445],[129.2015297,35.7535404],[129.2015569,35.7535275],[129.2015595,35.7535261]]]]}},{"type":"Feature","properties":{"UFID":"100035901099A00110100000004419957"},"geometry":{"type":"MultiPolygon","coordinates":[[[[129.2026845,35.7581443],[129.2026835,35.7581496],[129.2026808,35.7581554],[129.2026763,35.7581603],[129.2026709,35.7581633],[129.2026331,35.7581743],[129.2025889,35.7581789],[129.2024975,35.7581763],[129.2021216,35.7581429],[129.2012565,35.7580666],[129.2001531,35.7579684],[129.2000001,35.7579528],[129.1998169,35.757935],[129.1998094,35.7579615],[129.2,35.7579801],[129.2001492,35.7579952],[129.2012529,35.7580935],[129.202118,35.7581698],[129.2024952,35.7582032],[129.2025907,35.7582061],[129.2026268,35.7582038],[129.2026551,35.7582031],[129.2026721,35.7582061],[129.2026822,35.7582109],[129.2026852,35.7582134],[129.2026871,35.7582167],[129.2026845,35.7581443]]]]}},{"type":"Feature","properties":{"UFID":"100035901098A00110100000004419958"},"geometry":{"type":"MultiPolygon","coordinates":[[[[129.2013043,35.7595905],[129.2005529,35.7595233],[129.2,35.7594799],[129.1997486,35.7594547],[129.1994758,35.7594268],[129.1994154,35.7594205],[129.1986572,35.7593549],[129.1986468,35.7593812],[129.1994115,35.7594474],[129.1994554,35.759452],[129.1994883,35.7594554],[129.1997446,35.7594815],[129.2,35.7595071],[129.2005495,35.7595501],[129.2013052,35.7596177],[129.2013043,35.7595905]]]]}},{"type":"Feature","properties":{"UFID":"100035901099A00110100000004419959"},"geometry":{"type":"MultiPolygon","coordinates":[[[[129.2010876,35.7611931],[129.2010767,35.7611964],[129.2010658,35.7611986],[129.2010637,35.7611988],[129.2,35.7611088],[129.1993574,35.7610519],[129.199308,35.7610463],[129.1993051,35.7610733],[129.1993533,35.7610787],[129.2,35.7611359],[129.2010819,35.7612275],[129.2010876,35.7611931]]]]}},{"type":"Feature","properties":{"UFID":"100035901099A00110100000004419960"},"geometry":{"type":"MultiPolygon","coordinates":[[[[129.1997423,35.7646197],[129.1998058,35.7646886],[129.1998039,35.764676],[129.1998147,35.7646492],[129.1998741,35.764551],[129.2000287,35.7643376],[129.200119,35.7642111],[129.2002523,35.7640232],[129.2003979,35.7638073],[129.2005498,35.7635867],[129.2007463,35.7633156],[129.2008685,35.7631406],[129.2008809,35.7630932],[129.2008485,35.7630876],[129.2008372,35.7631308],[129.2007176,35.763302],[129.2006619,35.7633789],[129.2003026,35.7638987],[129.200146,35.7641237],[129.2000101,35.7643125],[129.1999364,35.7644156],[129.1998151,35.7645841],[129.1997909,35.7646098],[129.1997684,35.7646196],[129.1997582,35.7646217],[129.1997423,35.7646197]]]]}},{"type":"Feature","properties":{"UFID":"100035901099A00110100000004419961"},"geometry":{"type":"MultiPolygon","coordinates":[[[[129.2024897,35.7744831],[129.2024294,35.7744155],[129.2024085,35.7744263],[129.2023619,35.7744606],[129.2023095,35.774502],[129.2022676,35.7745405],[129.2022147,35.774596],[129.2021522,35.7746602],[129.2018387,35.7748753],[129.2016029,35.7750002],[129.2015807,35.7750142],[129.2016072,35.7750409],[129.2016618,35.7750002],[129.2018587,35.774897],[129.2022172,35.7746531],[129.2023653,35.7745309],[129.202399,35.7745149],[129.2024897,35.7744831]]]]}},{"type":"Feature","properties":{"UFID":"100035901099A00110100000004419962"},"geometry":{"type":"MultiPolygon","coordinates":[[[[129.203249,35.7748238],[129.2032233,35.7748164],[129.2031171,35.7748015],[129.2031286,35.7748218],[129.2031337,35.7748308],[129.2031059,35.7748939],[129.2030707,35.7750003],[129.2030662,35.7750143],[129.2030946,35.7750276],[129.2030917,35.7750245],[129.2030984,35.7750003],[129.2031136,35.7749458],[129.2031316,35.774891],[129.2031482,35.7748546],[129.203153,35.7748502],[129.203177,35.7748382],[129.2032056,35.774828],[129.2032156,35.7748275],[129.203249,35.7748238]]]]}},{"type":"Feature","properties":{"UFID":"100035901089A00110100000004419963"},"geometry":{"type":"MultiPolygon","coordinates":[[[[129.206604,35.7750362],[129.2065921,35.7750005],[129.20658,35.774964],[129.2065265,35.7749751],[129.2065332,35.7750005],[129.2065418,35.7750326],[129.20653,35.7750549],[129.206604,35.7750362]]]]}},{"type":"Feature","properties":{"UFID":"100035901089A00110100000004419964"},"geometry":{"type":"MultiPolygon","coordinates":[[[[129.2072127,35.7749641],[129.2071325,35.7749717],[129.207148,35.7750005],[129.2071997,35.7750401],[129.2072514,35.7750458],[129.2072316,35.7750005],[129.2072127,35.7749641]]]]}},{"type":"Feature","properties":{"UFID":"100035901099A00110100000004419965"},"geometry":{"type":"MultiPolygon","coordinates":[[[[129.2078412,35.7749352],[129.2077613,35.7748902],[129.2077463,35.7748934],[129.2076966,35.7748945],[129.2074727,35.7749298],[129.2072915,35.7749579],[129.2072127,35.7749641],[129.2072316,35.7750005],[129.2072514,35.7750458],[129.2073258,35.7750005],[129.20757,35.774942],[129.2077002,35.7749216],[129.2077447,35.7749206],[129.2078091,35.774927],[129.2078412,35.7749352]]]]}},{"type":"Feature","properties":{"UFID":"100035901089A00110100000004419966"},"geometry":{"type":"MultiPolygon","coordinates":[[[[129.2071997,35.7750401],[129.207148,35.7750005],[129.2071325,35.7749717],[129.2071232,35.7749753],[129.2069207,35.7750005],[129.2067653,35.7750141],[129.2067178,35.7750202],[129.2066334,35.7750362],[129.206604,35.7750362],[129.2066185,35.7750706],[129.2066954,35.7750541],[129.2067242,35.7750468],[129.2067696,35.775041],[129.2069598,35.7750243],[129.2071069,35.775014],[129.2071649,35.775022],[129.2071997,35.7750401]]]]}},{"type":"Feature","properties":{"UFID":"100035901089A00110100000004419967"},"geometry":{"type":"MultiPolygon","coordinates":[[[[129.2036011,35.7749254],[129.2034811,35.7749044],[129.203475,35.7749108],[129.203431,35.7749581],[129.2033767,35.7750003],[129.2033642,35.7750112],[129.2033024,35.7750934],[129.2032736,35.775118],[129.2032964,35.7751377],[129.2033288,35.77511],[129.2033908,35.7750277],[129.2034221,35.7750003],[129.2034958,35.7749486],[129.2036011,35.7749254]]]]}},{"type":"Feature","properties":{"UFID":"100035901089A00110100000004419968"},"geometry":{"type":"MultiPolygon","coordinates":[[[[129.2079121,35.7749632],[129.2078412,35.7749352],[129.2078465,35.7749387],[129.2078673,35.7749607],[129.20789,35.7750006],[129.2079018,35.7750558],[129.2079019,35.7750665],[129.2078978,35.7750876],[129.2078868,35.7751191],[129.2079186,35.7751266],[129.2079304,35.7750934],[129.2079351,35.7750685],[129.207935,35.7750534],[129.2079237,35.7750006],[129.207911,35.7749765],[129.2079121,35.7749632]]]]}},{"type":"Feature","properties":{"UFID":"100035901089A00110100000004419969"},"geometry":{"type":"MultiPolygon","coordinates":[[[[129.2042857,35.7750997],[129.2041393,35.7750501],[129.2039695,35.7750004],[129.2038894,35.7749769],[129.2037386,35.7749441],[129.2036775,35.7749241],[129.2036667,35.7749483],[129.2038149,35.7750003],[129.2038546,35.7750159],[129.2040731,35.7750935],[129.2041685,35.7751302],[129.2041778,35.7751338],[129.2042275,35.7751902],[129.2042857,35.7750997]]]]}},{"type":"Feature","properties":{"UFID":"100035901089A00110100000004419970"},"geometry":{"type":"MultiPolygon","coordinates":[[[[129.2096705,35.774951],[129.2096241,35.7749469],[129.2096128,35.7750006],[129.2096043,35.7750339],[129.2095995,35.7750429],[129.2095661,35.7750834],[129.2095555,35.7750921],[129.2095418,35.7750968],[129.2095277,35.7750983],[129.2093659,35.7750733],[129.2091275,35.775026],[129.2090616,35.7750152],[129.2090493,35.7750376],[129.209185,35.7750571],[129.2092888,35.7750748],[129.2094155,35.7751072],[129.2094486,35.7751169],[129.2094697,35.7751203],[129.2094901,35.7751203],[129.209499,35.7751192],[129.2095611,35.7751087],[129.2096068,35.7750982],[129.2096222,35.7750915],[129.2096296,35.7750865],[129.2096388,35.7750745],[129.2096457,35.7750618],[129.2096582,35.7750225],[129.209662,35.7750006],[129.2096705,35.774951]]]]}},{"type":"Feature","properties":{"UFID":"100035901089A00110100000004419971"},"geometry":{"type":"MultiPolygon","coordinates":[[[[129.2049628,35.7752159],[129.2049606,35.7752078],[129.2049649,35.7750004],[129.2049598,35.7748971],[129.2048711,35.7748992],[129.2048433,35.7750005],[129.2048438,35.7752057],[129.2048557,35.7752756],[129.2049628,35.7752159]]]]}},{"type":"Feature","properties":{"UFID":"100035901089A00110100000004419972"},"geometry":{"type":"MultiPolygon","coordinates":[[[[129.2003779,35.777626],[129.2003583,35.7776042],[129.200342,35.7776148],[129.200155,35.7777736],[129.2001262,35.7778102],[129.2001158,35.7778305],[129.2000365,35.7779818],[129.2000317,35.7779897],[129.2000198,35.7779931],[129.2,35.7779929],[129.1999725,35.77799],[129.2000129,35.7781014],[129.2000226,35.7780724],[129.200044,35.7780279],[129.2000453,35.7780264],[129.2000591,35.7780053],[129.2000666,35.7779932],[129.2001463,35.777841],[129.2001557,35.7778228],[129.2001811,35.7777904],[129.2002612,35.7777224],[129.2003644,35.7776348],[129.2003779,35.777626]]]]}},{"type":"Feature","properties":{"UFID":"100035901088A00110100000004419973"},"geometry":{"type":"MultiPolygon","coordinates":[[[[129.2000129,35.7781014],[129.1999725,35.77799],[129.1999459,35.7780814],[129.1999777,35.7781349],[129.2,35.7781137],[129.2000129,35.7781014]]]]}},{"type":"Feature","properties":{"UFID":"100035901099A00110100000004419974"},"geometry":{"type":"MultiPolygon","coordinates":[[[[129.2090616,35.7750152],[129.208973,35.7750006],[129.2088305,35.7749748],[129.2087611,35.774934],[129.2086622,35.774852],[129.2086416,35.7748791],[129.2087412,35.774959],[129.2087603,35.7749708],[129.2087889,35.7749903],[129.2088163,35.7749997],[129.2088196,35.7750006],[129.2088494,35.7750087],[129.2089588,35.7750236],[129.209046,35.7750371],[129.2090493,35.7750376],[129.2090616,35.7750152]]]]}},{"type":"Feature","properties":{"UFID":"100035905009A00110100000004419975"},"geometry":{"type":"MultiPolygon","coordinates":[[[[129.2017305,35.7499712],[129.2016463,35.7499049],[129.201541,35.7498354],[129.201406,35.7497578],[129.2012726,35.749688],[129.2011317,35.7496228],[129.2010114,35.7495737],[129.2009004,35.7495351],[129.2008235,35.7495152],[129.2007096,35.7494941],[129.2005078,35.7494824],[129.200502,35.7494802],[129.2005545,35.7496256],[129.2005925,35.7495933],[129.2006926,35.7495952],[129.200774,35.7496011],[129.2008425,35.7496128],[129.2009121,35.7496317],[129.2009839,35.7496576],[129.2011358,35.7497235],[129.2013837,35.7498487],[129.2015207,35.7499359],[129.201606,35.7500001],[129.2016305,35.7500185],[129.2016469,35.750031],[129.2016901,35.7500001],[129.2017305,35.7499712]]]]}},{"type":"Feature","properties":{"UFID":"100035901099A00110100000004419976"},"geometry":{"type":"MultiPolygon","coordinates":[[[[129.2017779,35.7500325],[129.2018007,35.7500238],[129.2017737,35.7500002],[129.2017735,35.75],[129.2017305,35.7499712],[129.2016901,35.7500001],[129.2016469,35.750031],[129.2016658,35.7500453],[129.201676,35.7500544],[129.2016823,35.7500637],[129.201684,35.7500685],[129.2017779,35.7500325]]]]}},{"type":"Feature","properties":{"UFID":"100035905009A00110100000004419977"},"geometry":{"type":"MultiPolygon","coordinates":[[[[129.2006456,35.7501232],[129.2006429,35.7501094],[129.2006214,35.7500001],[129.2005913,35.749808],[129.2005545,35.7496256],[129.2004291,35.7495953],[129.200455,35.7496138],[129.2004654,35.7496283],[129.200479,35.749696],[129.2005231,35.7499187],[129.2005408,35.7500001],[129.2005618,35.7501079],[129.2005623,35.7501105],[129.200566,35.7501285],[129.2006456,35.7501232]]]]}},{"type":"Feature","properties":{"UFID":"100035905009A00110100000004419978"},"geometry":{"type":"MultiPolygon","coordinates":[[[[129.2062913,35.7492141],[129.2061739,35.7491928],[129.2061296,35.7493231],[129.2060614,35.7495043],[129.2059681,35.7497443],[129.2058993,35.7499169],[129.205858,35.75],[129.2058578,35.7500005],[129.2058453,35.7500357],[129.2058169,35.7501157],[129.2057989,35.7501308],[129.2058704,35.7501433],[129.205894,35.7501474],[129.2058958,35.7501429],[129.2059384,35.7500344],[129.2059517,35.7500005],[129.205952,35.75],[129.2060578,35.7497662],[129.2061885,35.7494496],[129.2062913,35.7492141]]]]}},{"type":"Feature","properties":{"UFID":"100035901099A00110100000004419979"},"geometry":{"type":"MultiPolygon","coordinates":[[[[129.2047414,35.7508838],[129.2046448,35.7506809],[129.2046353,35.7506575],[129.2046286,35.750617],[129.2046253,35.7505864],[129.204626,35.7505362],[129.2046326,35.750474],[129.204642,35.7504095],[129.2046569,35.7503312],[129.2046754,35.7502652],[129.2047118,35.7501597],[129.2047547,35.7500512],[129.2047748,35.7500004],[129.204775,35.75],[129.2048347,35.7498626],[129.2048492,35.7498158],[129.2048851,35.7497114],[129.2049158,35.749655],[129.2049233,35.7496435],[129.2049295,35.74964],[129.204938,35.749639],[129.2048987,35.7496235],[129.2048859,35.7496432],[129.2048538,35.7497023],[129.2048172,35.7498088],[129.2048029,35.7498548],[129.2047402,35.75],[129.20474,35.7500004],[129.2047197,35.7500517],[129.2046768,35.7501602],[129.2046128,35.7503222],[129.2045835,35.7504165],[129.2045725,35.7504753],[129.2045714,35.7505519],[129.2045786,35.7506042],[129.2046136,35.75069],[129.2047062,35.7508847],[129.2047414,35.7508838]]]]}},{"type":"Feature","properties":{"UFID":"100035901099A00110100000004419980"},"geometry":{"type":"MultiPolygon","coordinates":[[[[129.2018375,35.7500844],[129.2018,35.7500508],[129.2017779,35.7500325],[129.201684,35.7500685],[129.2017531,35.7501112],[129.2018375,35.7500844]]]]}},{"type":"Feature","properties":{"UFID":"100035901099A00110100000004419981"},"geometry":{"type":"MultiPolygon","coordinates":[[[[129.2017531,35.7501112],[129.201684,35.7500685],[129.2016448,35.7500746],[129.2015731,35.7500814],[129.2015481,35.7500825],[129.2014175,35.7500874],[129.2013818,35.7500891],[129.2013839,35.7501296],[129.2014201,35.750128],[129.2015506,35.750123],[129.2015773,35.7501218],[129.2016523,35.7501147],[129.2017099,35.7501058],[129.2017531,35.7501112]]]]}},{"type":"Feature","properties":{"UFID":"100035901099A00110100000004419982"},"geometry":{"type":"MultiPolygon","coordinates":[[[[129.2013839,35.7501296],[129.2013818,35.7500891],[129.2012525,35.7500951],[129.2010954,35.750103],[129.201047,35.7501054],[129.2007787,35.7501201],[129.2006598,35.7501252],[129.2006456,35.7501232],[129.2006559,35.7501755],[129.2006731,35.7501653],[129.2007817,35.7501606],[129.2010502,35.7501459],[129.2012555,35.7501356],[129.2013839,35.7501296]]]]}},{"type":"Feature","properties":{"UFID":"100035901099A00110100000004419983"},"geometry":{"type":"MultiPolygon","coordinates":[[[[129.2006559,35.7501755],[129.2006456,35.7501232],[129.200566,35.7501285],[129.2005771,35.7501837],[129.2006559,35.7501755]]]]}},{"type":"Feature","properties":{"UFID":"100035901099A00110100000004419984"},"geometry":{"type":"MultiPolygon","coordinates":[[[[129.2029508,35.7515591],[129.2029311,35.7515088],[129.2028532,35.7515211],[129.2027783,35.7515269],[129.2027403,35.7515283],[129.2027972,35.7516532],[129.2028119,35.7516394],[129.2028242,35.751635],[129.2029139,35.7516285],[129.2029762,35.751624],[129.2029508,35.7515591]]]]}},{"type":"Feature","properties":{"UFID":"100035901089A00110100000004419985"},"geometry":{"type":"MultiPolygon","coordinates":[[[[129.2059914,35.7759274],[129.205967,35.7758405],[129.2059244,35.7755398],[129.2058428,35.7755457],[129.2058429,35.775547],[129.2059345,35.7758459],[129.2059591,35.7759334],[129.2059914,35.7759274]]]]}},{"type":"Feature","properties":{"UFID":"100035901089A00110100000004419986"},"geometry":{"type":"MultiPolygon","coordinates":[[[[129.2061239,35.7763302],[129.2061207,35.7763044],[129.206042,35.776099],[129.2060104,35.7759947],[129.2059914,35.7759274],[129.2059591,35.7759334],[129.2059781,35.776001],[129.20601,35.776106],[129.2060767,35.7763079],[129.2060806,35.7763404],[129.2061239,35.7763302]]]]}},{"type":"Feature","properties":{"UFID":"100035901089A00110100000004419987"},"geometry":{"type":"MultiPolygon","coordinates":[[[[129.2076781,35.7784626],[129.2076605,35.7784465],[129.2076309,35.7784287],[129.207601,35.778417],[129.2075277,35.7784017],[129.2073403,35.7783649],[129.206971,35.7782868],[129.2069074,35.778271],[129.2068888,35.7782611],[129.2068798,35.778249],[129.2068272,35.7780797],[129.206821,35.7780599],[129.206823,35.7780551],[129.2067754,35.7780663],[129.2067899,35.7780762],[129.2067951,35.7780864],[129.2068489,35.7782595],[129.2068643,35.7782803],[129.2068931,35.7782958],[129.206962,35.7783129],[129.2073322,35.7783911],[129.2075197,35.7784279],[129.2075896,35.7784425],[129.2076137,35.7784519],[129.207638,35.7784666],[129.2076534,35.7784806],[129.2076781,35.7784626]]]]}},{"type":"Feature","properties":{"UFID":"100035901089A00110100000004419988"},"geometry":{"type":"MultiPolygon","coordinates":[[[[129.2075408,35.775922],[129.2074886,35.7758953],[129.2074878,35.7759011],[129.2074783,35.7759145],[129.2073969,35.7759639],[129.2073153,35.776016],[129.2071991,35.7760622],[129.2071623,35.7760708],[129.2071714,35.7760968],[129.2072111,35.7760876],[129.207333,35.776039],[129.207417,35.7759854],[129.2074931,35.7759393],[129.2075236,35.7759261],[129.2075408,35.775922]]]]}},{"type":"Feature","properties":{"UFID":"100035901089A00110100000004419989"},"geometry":{"type":"MultiPolygon","coordinates":[[[[129.2056522,35.7776311],[129.205585,35.7776368],[129.2055905,35.777651],[129.2055846,35.7777961],[129.2055926,35.7779433],[129.2056003,35.778093],[129.2056025,35.7782897],[129.2056023,35.7782979],[129.2055038,35.7784481],[129.2054108,35.7785749],[129.2054579,35.7785985],[129.20558,35.7784126],[129.2056536,35.7783136],[129.2056598,35.7782998],[129.2056626,35.7782802],[129.2056631,35.7782596],[129.2056629,35.7782126],[129.2056587,35.7780744],[129.2056477,35.7779194],[129.2056458,35.7776489],[129.2056502,35.777634],[129.2056522,35.7776311]]]]}},{"type":"Feature","properties":{"UFID":"100035901089A00110100000004419990"},"geometry":{"type":"MultiPolygon","coordinates":[[[[129.2084429,35.7773336],[129.2083997,35.7773254],[129.208326,35.7775395],[129.2082372,35.7779632],[129.208231,35.7779919],[129.2082289,35.7780004],[129.2082835,35.7780251],[129.2082764,35.7779923],[129.2082764,35.7779907],[129.2082859,35.7779447],[129.2083692,35.7775474],[129.2084429,35.7773336]]]]}},{"type":"Feature","properties":{"UFID":"100035901089A00110100000004419991"},"geometry":{"type":"MultiPolygon","coordinates":[[[[129.2084658,35.7772668],[129.2084239,35.777255],[129.2084221,35.7772604],[129.2083997,35.7773254],[129.2084429,35.7773336],[129.2084658,35.7772668]]]]}},{"type":"Feature","properties":{"UFID":"100035901089A00110100000004419992"},"geometry":{"type":"MultiPolygon","coordinates":[[[[129.2085385,35.7770828],[129.2084778,35.7770678],[129.2084779,35.7770901],[129.2084708,35.777114],[129.2084239,35.777255],[129.2084658,35.7772668],[129.2085153,35.7771179],[129.2085321,35.7770876],[129.2085385,35.7770828]]]]}},{"type":"Feature","properties":{"UFID":"100035901089A00110100000004419993"},"geometry":{"type":"MultiPolygon","coordinates":[[[[129.2078426,35.7761067],[129.2077902,35.7760357],[129.2077869,35.7760312],[129.207721,35.775951],[129.2076784,35.7759199],[129.2076373,35.7758961],[129.2075938,35.7758757],[129.2075842,35.7758719],[129.2075408,35.775922],[129.2076075,35.7759237],[129.2076134,35.7759264],[129.2076508,35.7759481],[129.2076874,35.7759749],[129.2077495,35.7760504],[129.2078009,35.776122],[129.2078033,35.7761257],[129.2078426,35.7761067]]]]}},{"type":"Feature","properties":{"UFID":"100035901089A00110100000004419994"},"geometry":{"type":"MultiPolygon","coordinates":[[[[129.2078663,35.7761388],[129.2078426,35.7761067],[129.2078033,35.7761257],[129.207824,35.7761583],[129.2078663,35.7761388]]]]}},{"type":"Feature","properties":{"UFID":"100035901089A00110100000004419995"},"geometry":{"type":"MultiPolygon","coordinates":[[[[129.2082132,35.7767493],[129.2082062,35.7767115],[129.2081906,35.7766373],[129.2081266,35.7765338],[129.2081189,35.7765213],[129.2080668,35.7764478],[129.2080452,35.7764173],[129.2079084,35.7762119],[129.2078674,35.7761403],[129.2078663,35.7761388],[129.207824,35.7761583],[129.2078634,35.7762201],[129.2080066,35.776435],[129.2080264,35.776463],[129.2080867,35.7765493],[129.2081481,35.7766487],[129.2081525,35.7766691],[129.2081455,35.7767814],[129.2082132,35.7767493]]]]}},{"type":"Feature","properties":{"UFID":"100035901089A00110100000004419996"},"geometry":{"type":"MultiPolygon","coordinates":[[[[129.2076803,35.7769037],[129.2077719,35.7769551],[129.2077531,35.7769299],[129.2077506,35.7769113],[129.2077639,35.7768955],[129.2078966,35.7767313],[129.2078669,35.7767188],[129.2077362,35.7768805],[129.2077299,35.776888],[129.2076803,35.7769037]]]]}},{"type":"Feature","properties":{"UFID":"100035901089A00110100000004419997"},"geometry":{"type":"MultiPolygon","coordinates":[[[[129.2050156,35.7766859],[129.205019,35.7766428],[129.2048875,35.7766043],[129.2048521,35.7767073],[129.2050156,35.7766859]]]]}},{"type":"Feature","properties":{"UFID":"100035901089A00110100000004419998"},"geometry":{"type":"MultiPolygon","coordinates":[[[[129.2048875,35.7766043],[129.204845,35.7766217],[129.2048263,35.776623],[129.2047638,35.7766154],[129.2046645,35.7765607],[129.204604,35.7765233],[129.2046026,35.7765907],[129.2046718,35.7765973],[129.2047526,35.7766418],[129.2048179,35.7766678],[129.2048243,35.7766694],[129.2048521,35.7767073],[129.2048875,35.7766043]]]]}},{"type":"Feature","properties":{"UFID":"100035901089A00110100000004419999"},"geometry":{"type":"MultiPolygon","coordinates":[[[[129.205585,35.7776368],[129.2055869,35.7775991],[129.2055186,35.7775988],[129.2053409,35.777599],[129.2050965,35.7776056],[129.2050263,35.7775899],[129.2050139,35.7775782],[129.2050062,35.7775659],[129.2050026,35.7776617],[129.2050367,35.7776343],[129.2053415,35.777626],[129.205511,35.7776258],[129.2055401,35.7776249],[129.2055604,35.7776259],[129.205585,35.7776368]]]]}},{"type":"Feature","properties":{"UFID":"100035901089A00110100000004420000"},"geometry":{"type":"MultiPolygon","coordinates":[[[[129.2050026,35.7776617],[129.2050062,35.7775659],[129.2048724,35.7775781],[129.2048722,35.7775992],[129.2048733,35.7776707],[129.2050026,35.7776617]]]]}},{"type":"Feature","properties":{"UFID":"100035901089A00110100000004420001"},"geometry":{"type":"MultiPolygon","coordinates":[[[[129.2057822,35.7766269],[129.2057665,35.7765928],[129.2057186,35.7766016],[129.2055937,35.7766139],[129.2053373,35.7766251],[129.2050521,35.7766435],[129.205019,35.7766428],[129.2050156,35.7766859],[129.2050794,35.7766779],[129.2053403,35.7766611],[129.2055976,35.7766498],[129.2057261,35.7766372],[129.2057822,35.7766269]]]]}},{"type":"Feature","properties":{"UFID":"100035901089A00110100000004420002"},"geometry":{"type":"MultiPolygon","coordinates":[[[[129.2092405,35.778264],[129.2091739,35.7782447],[129.2092073,35.7782776],[129.2092075,35.7783687],[129.2092407,35.7783686],[129.2092405,35.778264]]]]}},{"type":"Feature","properties":{"UFID":"100035901089A00110100000004420003"},"geometry":{"type":"MultiPolygon","coordinates":[[[[129.2091873,35.7782151],[129.2091843,35.7782143],[129.2091005,35.7781888],[129.2090315,35.7781744],[129.2088133,35.7781482],[129.208758,35.778139],[129.2086955,35.7781246],[129.2085901,35.7780835],[129.2085033,35.7780641],[129.2082835,35.7780251],[129.208274,35.7780557],[129.2084941,35.7780948],[129.2085766,35.7781131],[129.2086818,35.7781542],[129.2087489,35.7781697],[129.2088066,35.7781793],[129.2090238,35.7782054],[129.2090889,35.778219],[129.2091714,35.778244],[129.2091739,35.7782447],[129.2091873,35.7782151]]]]}},{"type":"Feature","properties":{"UFID":"100035901089A00110100000004420004"},"geometry":{"type":"MultiPolygon","coordinates":[[[[129.2092485,35.7782316],[129.2092259,35.7782255],[129.2092063,35.7782202],[129.2091873,35.7782151],[129.2091739,35.7782447],[129.2092405,35.778264],[129.2092485,35.7782316]]]]}},{"type":"Feature","properties":{"UFID":"100035901089A00110100000004420005"},"geometry":{"type":"MultiPolygon","coordinates":[[[[129.2095101,35.7782438],[129.2094095,35.778244],[129.2093072,35.7782396],[129.2092508,35.7782319],[129.2092485,35.7782316],[129.2092405,35.778264],[129.2092451,35.7782653],[129.209274,35.778267],[129.209303,35.778271],[129.2094086,35.7782755],[129.2094191,35.7782755],[129.2094198,35.7782892],[129.2095148,35.7782909],[129.2095253,35.7782917],[129.2095101,35.7782438]]]]}},{"type":"Feature","properties":{"UFID":"100035901089A00110100000004420006"},"geometry":{"type":"MultiPolygon","coordinates":[[[[129.209565,35.7782788],[129.209567,35.7782422],[129.2095477,35.7782437],[129.209525,35.7782438],[129.2095101,35.7782438],[129.2095253,35.7782917],[129.209565,35.7782788]]]]}},{"type":"Feature","properties":{"UFID":"100035901089A00110100000004420007"},"geometry":{"type":"MultiPolygon","coordinates":[[[[129.2096846,35.7782643],[129.2096803,35.7782329],[129.2095681,35.7782421],[129.209567,35.7782422],[129.209565,35.7782788],[129.209575,35.7782732],[129.2096846,35.7782643]]]]}},{"type":"Feature","properties":{"UFID":"100035901089A00110100000004420008"},"geometry":{"type":"MultiPolygon","coordinates":[[[[129.2097743,35.7782501],[129.2097601,35.7782102],[129.2097413,35.7782249],[129.209728,35.778229],[129.2096803,35.7782329],[129.2096846,35.7782643],[129.2097743,35.7782501]]]]}},{"type":"Feature","properties":{"UFID":"100035901089A00110100000004420009"},"geometry":{"type":"MultiPolygon","coordinates":[[[[129.2035557,35.7756274],[129.2034193,35.7755577],[129.2034174,35.7755891],[129.2035297,35.7756573],[129.2035557,35.7756274]]]]}},{"type":"Feature","properties":{"UFID":"100035901089A00110100000004420010"},"geometry":{"type":"MultiPolygon","coordinates":[[[[129.2034193,35.7755577],[129.2033451,35.7755178],[129.2033297,35.7755419],[129.2034174,35.7755891],[129.2034193,35.7755577]]]]}},{"type":"Feature","properties":{"UFID":"100035901089A00110100000004420011"},"geometry":{"type":"MultiPolygon","coordinates":[[[[129.2006902,35.7758145],[129.2006908,35.7756506],[129.2006176,35.7757041],[129.2006106,35.7758515],[129.2006769,35.7758621],[129.2006902,35.7758145]]]]}},{"type":"Feature","properties":{"UFID":"100035901089A00110100000004420012"},"geometry":{"type":"MultiPolygon","coordinates":[[[[129.2007671,35.7774933],[129.200752,35.7773746],[129.2006874,35.7773823],[129.2007174,35.7774956],[129.2007671,35.7774933]]]]}},{"type":"Feature","properties":{"UFID":"100035901089A00110100000004420013"},"geometry":{"type":"MultiPolygon","coordinates":[[[[129.200752,35.7773746],[129.2007466,35.7773327],[129.2006976,35.7773405],[129.2006995,35.7773557],[129.2006874,35.7773823],[129.200752,35.7773746]]]]}},{"type":"Feature","properties":{"UFID":"100035901089A00110100000004420014"},"geometry":{"type":"MultiPolygon","coordinates":[[[[129.2007466,35.7773327],[129.2007413,35.777301],[129.2006924,35.7773086],[129.2006956,35.7773255],[129.2006976,35.7773405],[129.2007466,35.7773327]]]]}},{"type":"Feature","properties":{"UFID":"100035901089A00110100000004420015"},"geometry":{"type":"MultiPolygon","coordinates":[[[[129.2038071,35.7758887],[129.2037807,35.7758642],[129.2037255,35.7758869],[129.2037013,35.7758941],[129.2035034,35.7759416],[129.2034398,35.7759474],[129.2033348,35.775947],[129.2031865,35.7759424],[129.2031624,35.7759436],[129.2030729,35.7759534],[129.202963,35.7759683],[129.2026233,35.7759978],[129.2025614,35.7760106],[129.2025222,35.7760286],[129.2024932,35.7760467],[129.2024701,35.7760717],[129.2024567,35.7760934],[129.2023876,35.7762931],[129.2023876,35.7763131],[129.2023796,35.7764239],[129.2023861,35.7766559],[129.2023809,35.7766718],[129.202367,35.7766898],[129.2023566,35.7766983],[129.202283,35.7767506],[129.2022404,35.7767669],[129.2021059,35.7768283],[129.2019569,35.7768966],[129.2019274,35.7769076],[129.2018959,35.7769138],[129.2018739,35.776916],[129.2018576,35.7769174],[129.2016807,35.7769185],[129.2015706,35.776923],[129.2015251,35.7769293],[129.2014504,35.7769434],[129.2013851,35.7769614],[129.2011989,35.7770249],[129.2010612,35.7770893],[129.2010129,35.7771172],[129.2009854,35.777134],[129.2009608,35.777155],[129.2008647,35.7772348],[129.2008032,35.7772767],[129.2007642,35.7772953],[129.2007413,35.777301],[129.2007466,35.7773327],[129.2007798,35.7773243],[129.2008256,35.7773027],[129.2008911,35.777258],[129.2009885,35.7771769],[129.2010112,35.7771578],[129.2010358,35.7771428],[129.2010821,35.7771159],[129.201216,35.7770532],[129.2013989,35.7769909],[129.201461,35.7769738],[129.2015327,35.7769603],[129.2015749,35.7769543],[129.2016819,35.77695],[129.2018597,35.7769489],[129.2018784,35.7769473],[129.2019028,35.7769448],[129.2019401,35.7769375],[129.2019744,35.7769247],[129.2021248,35.7768558],[129.2022581,35.776795],[129.2023043,35.7767773],[129.202383,35.7767213],[129.2023976,35.7767096],[129.2024168,35.7766843],[129.2024248,35.7766596],[129.2024183,35.7764246],[129.2024263,35.7763139],[129.2024263,35.7762973],[129.2024931,35.7761049],[129.2025031,35.7760884],[129.2025209,35.7760692],[129.2025437,35.7760549],[129.2025758,35.7760401],[129.2026302,35.7760289],[129.2029681,35.7759996],[129.2030787,35.7759846],[129.2031663,35.7759749],[129.203187,35.7759739],[129.203334,35.7759785],[129.2034419,35.7759789],[129.203511,35.7759726],[129.2037134,35.775924],[129.2037409,35.7759159],[129.2038071,35.7758887]]]]}},{"type":"Feature","properties":{"UFID":"100035901089A00110100000004420016"},"geometry":{"type":"MultiPolygon","coordinates":[[[[129.2038387,35.7758732],[129.203827,35.7758609],[129.2038139,35.7758479],[129.2037807,35.7758642],[129.2038071,35.7758887],[129.2038387,35.7758732]]]]}},{"type":"Feature","properties":{"UFID":"100035901089A00110100000004420017"},"geometry":{"type":"MultiPolygon","coordinates":[[[[129.2039861,35.7759669],[129.2038977,35.7759339],[129.2038593,35.775936],[129.2038899,35.7759631],[129.2039419,35.7759937],[129.2039509,35.7759998],[129.2039861,35.7759669]]]]}},{"type":"Feature","properties":{"UFID":"100035901089A00110100000004420018"},"geometry":{"type":"MultiPolygon","coordinates":[[[[129.2045645,35.7764989],[129.2045412,35.7764844],[129.2044836,35.77645],[129.2044545,35.7764273],[129.2043171,35.7762967],[129.2042479,35.776235],[129.2042364,35.7762248],[129.2042148,35.776202],[129.2041817,35.7761672],[129.204013,35.7760067],[129.2039961,35.7759953],[129.2039861,35.7759669],[129.2039509,35.7759998],[129.2039896,35.776026],[129.204156,35.7761843],[129.2041783,35.7762077],[129.2041953,35.7762293],[129.2042335,35.7762626],[129.2042389,35.7762671],[129.2042922,35.7763147],[129.2044305,35.7764459],[129.2044622,35.7764708],[129.2045646,35.776532],[129.2045645,35.7764989]]]]}},{"type":"Feature","properties":{"UFID":"100035901089A00110100000004420019"},"geometry":{"type":"MultiPolygon","coordinates":[[[[129.204604,35.7765233],[129.2045645,35.7764989],[129.2045646,35.776532],[129.2046026,35.7765907],[129.204604,35.7765233]]]]}},{"type":"Feature","properties":{"UFID":"100035901089A00110100000004420020"},"geometry":{"type":"MultiPolygon","coordinates":[[[[129.2046026,35.7765907],[129.2045646,35.776532],[129.2045537,35.7765882],[129.2045453,35.7766328],[129.2045419,35.7767571],[129.2045438,35.7767874],[129.2045769,35.776785],[129.2045751,35.7767567],[129.2045785,35.7766351],[129.2045847,35.7766014],[129.2046026,35.7765907]]]]}},{"type":"Feature","properties":{"UFID":"100035901089A00110100000004420021"},"geometry":{"type":"MultiPolygon","coordinates":[[[[129.2049837,35.7759009],[129.2049879,35.7758705],[129.2048729,35.7758754],[129.2048737,35.7759106],[129.2049837,35.7759009]]]]}},{"type":"Feature","properties":{"UFID":"100035901089A00110100000004420022"},"geometry":{"type":"MultiPolygon","coordinates":[[[[129.2049837,35.7759009],[129.2048737,35.7759106],[129.204878,35.7761026],[129.2048786,35.7761297],[129.2048875,35.7766043],[129.205019,35.7766428],[129.205013,35.7766241],[129.2050131,35.7765524],[129.2050114,35.7762254],[129.2050069,35.7761734],[129.2050042,35.7761293],[129.2050039,35.7761233],[129.2049991,35.7761031],[129.2049803,35.7760653],[129.2049702,35.776046],[129.2049787,35.7759062],[129.2049837,35.7759009]]]]}},{"type":"Feature","properties":{"UFID":"100035901089A00110100000004420023"},"geometry":{"type":"MultiPolygon","coordinates":[[[[129.2049879,35.7758705],[129.2049837,35.7759009],[129.2049953,35.7758985],[129.2051666,35.7758913],[129.2051649,35.7758643],[129.2049966,35.7758714],[129.2049879,35.7758705]]]]}},{"type":"Feature","properties":{"UFID":"100035901089A00110100000004420024"},"geometry":{"type":"MultiPolygon","coordinates":[[[[129.2056522,35.7776311],[129.2056539,35.7775994],[129.2055869,35.7775991],[129.205585,35.7776368],[129.2056522,35.7776311]]]]}},{"type":"Feature","properties":{"UFID":"100035901089A00110100000004420025"},"geometry":{"type":"MultiPolygon","coordinates":[[[[129.2061981,35.7778973],[129.2061912,35.7778921],[129.2060186,35.7777577],[129.2058844,35.7776528],[129.2058704,35.7776434],[129.2058116,35.7776148],[129.2057925,35.7776094],[129.2057344,35.7776022],[129.2056683,35.7775994],[129.2056539,35.7775994],[129.2056522,35.7776311],[129.2056852,35.7776272],[129.2057311,35.7776292],[129.2057845,35.7776357],[129.2057974,35.7776394],[129.2058512,35.7776656],[129.2058623,35.7776731],[129.2059956,35.7777772],[129.2061655,35.7779095],[129.2061739,35.7779225],[129.2061822,35.777935],[129.2061951,35.777962],[129.2061981,35.7778973]]]]}},{"type":"Feature","properties":{"UFID":"100035901089A00110100000004420026"},"geometry":{"type":"MultiPolygon","coordinates":[[[[129.2058646,35.7766027],[129.205848,35.7765691],[129.2058113,35.7765846],[129.2057665,35.7765928],[129.2057822,35.7766269],[129.2058646,35.7766027]]]]}},{"type":"Feature","properties":{"UFID":"100035901089A00110100000004420027"},"geometry":{"type":"MultiPolygon","coordinates":[[[[129.2058646,35.7766027],[129.2057822,35.7766269],[129.2058331,35.7766523],[129.2059081,35.7767678],[129.2059626,35.7768399],[129.2059672,35.776848],[129.2059694,35.7768571],[129.2059694,35.7768672],[129.2059666,35.7768803],[129.2059118,35.777026],[129.2059435,35.7770339],[129.2059989,35.7768867],[129.2060026,35.7768696],[129.2060026,35.7768544],[129.205999,35.7768396],[129.2059919,35.7768271],[129.205937,35.7767544],[129.2058588,35.7766342],[129.2058646,35.7766027]]]]}},{"type":"Feature","properties":{"UFID":"100035901089A00110100000004420028"},"geometry":{"type":"MultiPolygon","coordinates":[[[[129.2060599,35.7764863],[129.2060218,35.7764675],[129.2060158,35.7764738],[129.2059115,35.7765423],[129.205848,35.7765691],[129.2058646,35.7766027],[129.2059358,35.7765726],[129.2060475,35.7764993],[129.2060599,35.7764863]]]]}},{"type":"Feature","properties":{"UFID":"100035901089A00110100000004420029"},"geometry":{"type":"MultiPolygon","coordinates":[[[[129.2061024,35.7764374],[129.2060583,35.7764296],[129.2060218,35.7764675],[129.2060599,35.7764863],[129.2061024,35.7764374]]]]}},{"type":"Feature","properties":{"UFID":"100035901089A00110100000004420030"},"geometry":{"type":"MultiPolygon","coordinates":[[[[129.2073808,35.7768794],[129.2073851,35.7768524],[129.2073726,35.7768523],[129.2071363,35.7768539],[129.2069508,35.7768616],[129.2067461,35.7768777],[129.2066614,35.7768893],[129.2066471,35.7768893],[129.2066298,35.7768854],[129.2065452,35.7768458],[129.2065269,35.776832],[129.2065159,35.7768156],[129.2064893,35.7767217],[129.2064799,35.7766906],[129.2064688,35.7766713],[129.2064297,35.7766274],[129.2063365,35.7765518],[129.2063109,35.7765304],[129.2062796,35.7765127],[129.206232,35.7764865],[129.2061857,35.7764706],[129.2061242,35.7764561],[129.2061024,35.7764374],[129.2060599,35.7764863],[129.2060804,35.7764853],[129.2061428,35.7764887],[129.2061746,35.7764962],[129.2062161,35.7765104],[129.2062609,35.776535],[129.2062892,35.7765511],[129.2063129,35.7765708],[129.2064044,35.776645],[129.2064401,35.7766851],[129.2064484,35.7766997],[129.206457,35.7767279],[129.2064846,35.7768253],[129.2065004,35.7768489],[129.2065254,35.7768677],[129.2066169,35.7769105],[129.2066428,35.7769163],[129.2066641,35.7769163],[129.2067505,35.7769045],[129.2069532,35.7768885],[129.2071373,35.776881],[129.2073725,35.7768793],[129.2073808,35.7768794]]]]}},{"type":"Feature","properties":{"UFID":"100035901089A00110100000004420031"},"geometry":{"type":"MultiPolygon","coordinates":[[[[129.2061444,35.7763622],[129.2061239,35.7763302],[129.2060806,35.7763404],[129.2060835,35.7763647],[129.2060813,35.776386],[129.2061444,35.7763622]]]]}},{"type":"Feature","properties":{"UFID":"100035901089A00110100000004420032"},"geometry":{"type":"MultiPolygon","coordinates":[[[[129.2061444,35.7763622],[129.2060813,35.776386],[129.2060583,35.7764296],[129.2061024,35.7764374],[129.2061214,35.7764014],[129.2061444,35.7763622]]]]}},{"type":"Feature","properties":{"UFID":"100035901089A00110100000004420033"},"geometry":{"type":"MultiPolygon","coordinates":[[[[129.2062989,35.7762886],[129.20627,35.7762589],[129.2062241,35.7762844],[129.2062206,35.7762861],[129.2062142,35.7762893],[129.2061576,35.776315],[129.2061456,35.7763204],[129.2061239,35.7763302],[129.2061444,35.7763622],[129.2061487,35.7763603],[129.2062364,35.7763205],[129.2062432,35.7763171],[129.2062478,35.7763149],[129.2062849,35.7762943],[129.2062989,35.7762886]]]]}},{"type":"Feature","properties":{"UFID":"100035901089A00110100000004420034"},"geometry":{"type":"MultiPolygon","coordinates":[[[[129.2062876,35.7779676],[129.2061951,35.777962],[129.2062001,35.7780036],[129.2062138,35.7781245],[129.2062172,35.7781799],[129.2062105,35.7782483],[129.2062011,35.7782776],[129.2061599,35.7783355],[129.2061456,35.7783484],[129.206021,35.7784214],[129.2057446,35.7785807],[129.2057887,35.7786315],[129.2060653,35.778472],[129.2061969,35.778395],[129.206222,35.7783722],[129.2062723,35.7783015],[129.2062861,35.7782587],[129.2062936,35.7781808],[129.2062899,35.7781201],[129.2062779,35.778014],[129.2062773,35.7779779],[129.2062876,35.7779676]]]]}},{"type":"Feature","properties":{"UFID":"100035901089A00110100000004420035"},"geometry":{"type":"MultiPolygon","coordinates":[[[[129.2062863,35.7779312],[129.2062352,35.777917],[129.2062188,35.7779111],[129.2062089,35.7779054],[129.2061981,35.7778973],[129.2061951,35.777962],[129.2062876,35.7779676],[129.2062863,35.7779312]]]]}},{"type":"Feature","properties":{"UFID":"100035901089A00110100000004420036"},"geometry":{"type":"MultiPolygon","coordinates":[[[[129.206372,35.7762457],[129.2063412,35.7762192],[129.2063044,35.7762397],[129.20627,35.7762589],[129.2062989,35.7762886],[129.206372,35.7762457]]]]}},{"type":"Feature","properties":{"UFID":"100035901089A00110100000004420037"},"geometry":{"type":"MultiPolygon","coordinates":[[[[129.20676,35.7780313],[129.2067115,35.7780378],[129.2067034,35.7780378],[129.2066118,35.7780249],[129.206498,35.7779979],[129.2063178,35.7779409],[129.2062915,35.7779327],[129.2062863,35.7779312],[129.2062876,35.7779676],[129.2063179,35.77797],[129.2064873,35.7780236],[129.2066043,35.7780513],[129.2067006,35.7780648],[129.2067281,35.7780648],[129.2067642,35.7780654],[129.2067754,35.7780663],[129.20676,35.7780313]]]]}},{"type":"Feature","properties":{"UFID":"100035901089A00110100000004420038"},"geometry":{"type":"MultiPolygon","coordinates":[[[[129.206372,35.7762457],[129.2062989,35.7762886],[129.2063113,35.7762882],[129.2063393,35.7762897],[129.2063777,35.776298],[129.2064016,35.7762987],[129.2065327,35.7763027],[129.2065912,35.7762976],[129.206641,35.7762911],[129.2066785,35.7762819],[129.20674,35.7762473],[129.2067212,35.7762251],[129.206664,35.7762572],[129.2066336,35.7762647],[129.2065868,35.7762708],[129.2065315,35.7762756],[129.2064062,35.7762718],[129.206372,35.7762457]]]]}},{"type":"Feature","properties":{"UFID":"100035901089A00110100000004420039"},"geometry":{"type":"MultiPolygon","coordinates":[[[[129.2067896,35.7756127],[129.2067851,35.7755931],[129.2067836,35.7755861],[129.2066415,35.7756075],[129.2066131,35.7756018],[129.2066022,35.7755989],[129.2065977,35.7756499],[129.2066995,35.7756263],[129.2067896,35.7756127]]]]}},{"type":"Feature","properties":{"UFID":"100035901089A00110100000004420040"},"geometry":{"type":"MultiPolygon","coordinates":[[[[129.206823,35.7780551],[129.206814,35.7780204],[129.2067996,35.778024],[129.20676,35.7780313],[129.2067754,35.7780663],[129.206823,35.7780551]]]]}},{"type":"Feature","properties":{"UFID":"100035901089A00110100000004420041"},"geometry":{"type":"MultiPolygon","coordinates":[[[[129.2082139,35.77805],[129.2082289,35.7780004],[129.2082216,35.7780033],[129.2081945,35.7780128],[129.2081796,35.7780121],[129.2080293,35.7780209],[129.207889,35.7780409],[129.2077996,35.7780546],[129.2077448,35.7780587],[129.2077022,35.7780588],[129.2076606,35.7780514],[129.2076389,35.7780429],[129.2074429,35.7779332],[129.2074187,35.7779209],[129.2073913,35.7779126],[129.2073528,35.7779086],[129.2073152,35.7779104],[129.2072546,35.7779191],[129.2071577,35.7779401],[129.2069176,35.7779953],[129.2068627,35.7780082],[129.206814,35.7780204],[129.206823,35.7780551],[129.2068777,35.7780422],[129.2069297,35.7780299],[129.2071694,35.7779749],[129.2072641,35.7779543],[129.2073203,35.7779462],[129.2073512,35.7779448],[129.2073807,35.7779479],[129.2073991,35.7779534],[129.2074187,35.7779634],[129.2076166,35.7780742],[129.2076461,35.7780858],[129.2076976,35.7780948],[129.2077468,35.7780947],[129.2078057,35.7780903],[129.2078969,35.7780764],[129.2080348,35.7780567],[129.20818,35.7780482],[129.208193,35.7780488],[129.2082139,35.77805]]]]}},{"type":"Feature","properties":{"UFID":"100035901089A00110100000004420042"},"geometry":{"type":"MultiPolygon","coordinates":[[[[129.2074507,35.7768806],[129.2073808,35.7768794],[129.2073768,35.7768836],[129.2073413,35.7769106],[129.2073639,35.7769304],[129.2073725,35.7769239],[129.2074169,35.7768992],[129.2074507,35.7768806]]]]}},{"type":"Feature","properties":{"UFID":"100035901089A00110100000004420043"},"geometry":{"type":"MultiPolygon","coordinates":[[[[129.2074615,35.7768541],[129.2074341,35.7768528],[129.2073851,35.7768524],[129.2073808,35.7768794],[129.2074507,35.7768806],[129.2074615,35.7768541]]]]}},{"type":"Feature","properties":{"UFID":"100035901089A00110100000004420044"},"geometry":{"type":"MultiPolygon","coordinates":[[[[129.2076803,35.7769037],[129.2075773,35.7768803],[129.2074615,35.7768541],[129.2074507,35.7768806],[129.2074561,35.7768809],[129.2075685,35.7769064],[129.2076586,35.7769269],[129.2076803,35.7769037]]]]}},{"type":"Feature","properties":{"UFID":"100035901089A00110100000004420045"},"geometry":{"type":"MultiPolygon","coordinates":[[[[129.2075842,35.7758719],[129.2075311,35.7758506],[129.2074886,35.7758953],[129.2075408,35.775922],[129.2075842,35.7758719]]]]}},{"type":"Feature","properties":{"UFID":"100035901089A00110100000004420046"},"geometry":{"type":"MultiPolygon","coordinates":[[[[129.2077442,35.7769756],[129.2076586,35.7769269],[129.2076647,35.7769702],[129.207628,35.7770316],[129.2076227,35.7770452],[129.2076085,35.7771247],[129.2076414,35.7771286],[129.2076551,35.7770512],[129.2076588,35.7770418],[129.2076958,35.7769797],[129.2077442,35.7769756]]]]}},{"type":"Feature","properties":{"UFID":"100035901089A00110100000004420047"},"geometry":{"type":"MultiPolygon","coordinates":[[[[129.2077719,35.7769551],[129.2076803,35.7769037],[129.2076586,35.7769269],[129.2077442,35.7769756],[129.2077719,35.7769551]]]]}},{"type":"Feature","properties":{"UFID":"100035901089A00110100000004420048"},"geometry":{"type":"MultiPolygon","coordinates":[[[[129.2082228,35.7768299],[129.2081455,35.7767814],[129.208143,35.7768222],[129.2080259,35.7769144],[129.2079499,35.7769603],[129.2079147,35.7769758],[129.2078927,35.7769803],[129.2078704,35.7769804],[129.2077719,35.7769551],[129.2077442,35.7769756],[129.2077535,35.7769788],[129.2078653,35.7770074],[129.2078969,35.7770074],[129.2079268,35.7770012],[129.2079677,35.7769832],[129.2080474,35.7769351],[129.2081685,35.7768396],[129.2082228,35.7768299]]]]}},{"type":"Feature","properties":{"UFID":"100035901089A00110100000004420049"},"geometry":{"type":"MultiPolygon","coordinates":[[[[129.2082615,35.7767991],[129.2082505,35.7767896],[129.2082214,35.7767632],[129.2082132,35.7767493],[129.2081455,35.7767814],[129.2082228,35.7768299],[129.2082615,35.7767991]]]]}},{"type":"Feature","properties":{"UFID":"100035901089A00110100000004420050"},"geometry":{"type":"MultiPolygon","coordinates":[[[[129.2082835,35.7780251],[129.2082289,35.7780004],[129.2082139,35.77805],[129.2082397,35.7780516],[129.208274,35.7780557],[129.2082835,35.7780251]]]]}},{"type":"Feature","properties":{"UFID":"100035901089A00110100000004420051"},"geometry":{"type":"MultiPolygon","coordinates":[[[[129.2085071,35.7770127],[129.2084863,35.7769901],[129.2083792,35.7768907],[129.2082701,35.7768066],[129.2082615,35.7767991],[129.2082228,35.7768299],[129.2082309,35.7768318],[129.2082349,35.7768352],[129.2083433,35.7769188],[129.2084477,35.7770158],[129.2084629,35.7770323],[129.2084654,35.7770374],[129.2084778,35.7770678],[129.2085071,35.7770127]]]]}},{"type":"Feature","properties":{"UFID":"100035901089A00110100000004420052"},"geometry":{"type":"MultiPolygon","coordinates":[[[[129.2085496,35.7770478],[129.2085173,35.7770237],[129.2085164,35.7770228],[129.2085071,35.7770127],[129.2084778,35.7770678],[129.2085385,35.7770828],[129.2085496,35.7770478]]]]}},{"type":"Feature","properties":{"UFID":"100035901089A00110100000004420053"},"geometry":{"type":"MultiPolygon","coordinates":[[[[129.2085496,35.7770478],[129.2085385,35.7770828],[129.2085527,35.7770813],[129.2085617,35.7770834],[129.2085811,35.777089],[129.2086177,35.7770981],[129.208661,35.777106],[129.2087235,35.7771122],[129.2088555,35.7771161],[129.2089413,35.7771125],[129.2089878,35.7771126],[129.2090292,35.7771201],[129.2090684,35.7771307],[129.2091609,35.777162],[129.2091735,35.777137],[129.2090801,35.7771054],[129.209038,35.7770939],[129.2089914,35.7770856],[129.2089405,35.7770854],[129.2088553,35.7770891],[129.2087261,35.7770852],[129.2086666,35.7770793],[129.2086261,35.7770719],[129.2085915,35.7770633],[129.2085761,35.7770589],[129.2085496,35.7770478]]]]}},{"type":"Feature","properties":{"UFID":"100035901089A00110100000004420054"},"geometry":{"type":"MultiPolygon","coordinates":[[[[129.2059244,35.7755398],[129.2059242,35.7755385],[129.205921,35.7755104],[129.2059263,35.7753076],[129.2059315,35.7752968],[129.2059349,35.7752931],[129.205845,35.7752867],[129.2058391,35.7755127],[129.2058428,35.7755457],[129.2059244,35.7755398]]]]}},{"type":"Feature","properties":{"UFID":"100035901089A00110100000004420055"},"geometry":{"type":"MultiPolygon","coordinates":[[[[129.2073149,35.7751609],[129.2073062,35.7751453],[129.2072866,35.7751099],[129.2072514,35.7750458],[129.2071997,35.7750401],[129.2072462,35.7751248],[129.207251,35.7751332],[129.2072733,35.7751762],[129.2073149,35.7751609]]]]}},{"type":"Feature","properties":{"UFID":"100035901089A00110100000004420056"},"geometry":{"type":"MultiPolygon","coordinates":[[[[129.2075311,35.7758506],[129.2074951,35.7758362],[129.2074763,35.7758244],[129.2074681,35.775812],[129.2074537,35.7757492],[129.2074144,35.7755218],[129.2073864,35.7754282],[129.2073705,35.7753442],[129.2073502,35.7752362],[129.2073241,35.775178],[129.2073226,35.7751748],[129.2073149,35.7751609],[129.2072733,35.7751762],[129.2072935,35.775215],[129.2073071,35.7752452],[129.2073269,35.7753497],[129.207343,35.7754353],[129.2073709,35.7755285],[129.2074101,35.775755],[129.2074259,35.7758243],[129.207442,35.7758483],[129.2074718,35.7758669],[129.2074743,35.7758679],[129.2074886,35.7758953],[129.2075311,35.7758506]]]]}},{"type":"Feature","properties":{"UFID":"100035901089A00110100000004420057"},"geometry":{"type":"MultiPolygon","coordinates":[[[[129.2030946,35.7750276],[129.2030662,35.7750143],[129.2030602,35.7750327],[129.2030546,35.7750397],[129.203076,35.7750604],[129.2030946,35.7750276]]]]}},{"type":"Feature","properties":{"UFID":"100035901089A00110100000004420058"},"geometry":{"type":"MultiPolygon","coordinates":[[[[129.2030946,35.7750276],[129.203076,35.7750604],[129.203085,35.775072],[129.2031106,35.7751087],[129.2031339,35.7751365],[129.2031679,35.7751576],[129.2031871,35.7751355],[129.2031583,35.7751176],[129.2031388,35.7750943],[129.2031273,35.775073],[129.2031223,35.7750617],[129.203122,35.7750553],[129.203124,35.7750342],[129.203124,35.7750321],[129.2030946,35.7750276]]]]}},{"type":"Feature","properties":{"UFID":"100035901089A00110100000004420059"},"geometry":{"type":"MultiPolygon","coordinates":[[[[129.2043467,35.7751204],[129.2043369,35.775117],[129.2042857,35.7750997],[129.2042275,35.7751902],[129.2042829,35.7752068],[129.2043467,35.7751204]]]]}},{"type":"Feature","properties":{"UFID":"100035901089A00110100000004420060"},"geometry":{"type":"MultiPolygon","coordinates":[[[[129.2045828,35.7752407],[129.2045621,35.775229],[129.2045306,35.7752166],[129.2045304,35.7752142],[129.2045403,35.7751905],[129.2045406,35.7751891],[129.2044589,35.77516],[129.2043467,35.7751204],[129.2042829,35.7752068],[129.2043063,35.7752028],[129.2043915,35.7752056],[129.2045155,35.775247],[129.2045274,35.7752511],[129.204552,35.7752817],[129.2045605,35.775292],[129.2045828,35.7752407]]]]}},{"type":"Feature","properties":{"UFID":"100035901089A00110100000004420061"},"geometry":{"type":"MultiPolygon","coordinates":[[[[129.2049481,35.7752641],[129.2049628,35.7752159],[129.2048557,35.7752756],[129.2048603,35.7753027],[129.2049481,35.7752641]]]]}},{"type":"Feature","properties":{"UFID":"100035901089A00110100000004420062"},"geometry":{"type":"MultiPolygon","coordinates":[[[[129.2058466,35.7752494],[129.2057377,35.7752472],[129.2054928,35.7752399],[129.2051614,35.7752251],[129.2049679,35.7752167],[129.2049628,35.7752159],[129.2049481,35.7752641],[129.205414,35.7752756],[129.2058167,35.7752865],[129.205845,35.7752867],[129.2058466,35.7752494]]]]}},{"type":"Feature","properties":{"UFID":"100035901089A00110100000004420063"},"geometry":{"type":"MultiPolygon","coordinates":[[[[129.2059319,35.7752471],[129.2059035,35.7752497],[129.2058608,35.7752497],[129.2058466,35.7752494],[129.205845,35.7752867],[129.2059349,35.7752931],[129.2059319,35.7752471]]]]}},{"type":"Feature","properties":{"UFID":"100035901089A00110100000004420064"},"geometry":{"type":"MultiPolygon","coordinates":[[[[129.2059893,35.7752309],[129.2059319,35.7752471],[129.2059349,35.7752931],[129.2059419,35.7752911],[129.2059539,35.7752905],[129.2060265,35.7752951],[129.2060991,35.7752976],[129.2059893,35.7752309]]]]}},{"type":"Feature","properties":{"UFID":"100035901089A00110100000004420065"},"geometry":{"type":"MultiPolygon","coordinates":[[[[129.2062203,35.7752797],[129.2061213,35.7751905],[129.206,35.7752279],[129.2059893,35.7752309],[129.2060991,35.7752976],[129.2062203,35.7752797]]]]}},{"type":"Feature","properties":{"UFID":"100035901089A00110100000004420066"},"geometry":{"type":"MultiPolygon","coordinates":[[[[129.2065447,35.7750876],[129.20653,35.7750549],[129.2064242,35.7750892],[129.2062345,35.7751557],[129.2061213,35.7751905],[129.2062203,35.7752797],[129.2062163,35.7752729],[129.2061918,35.7752262],[129.2061901,35.775209],[129.2061906,35.7752059],[129.2062917,35.775177],[129.2064045,35.7751506],[129.2064342,35.7751406],[129.2064549,35.7751261],[129.2064744,35.7751121],[129.2064958,35.7751027],[129.2065447,35.7750876]]]]}},{"type":"Feature","properties":{"UFID":"100035901089A00110100000004420067"},"geometry":{"type":"MultiPolygon","coordinates":[[[[129.2066185,35.7750706],[129.206604,35.7750362],[129.20653,35.7750549],[129.2065447,35.7750876],[129.2065541,35.7750847],[129.2066119,35.775072],[129.2066185,35.7750706]]]]}},{"type":"Feature","properties":{"UFID":"100035901089A00110100000004420068"},"geometry":{"type":"MultiPolygon","coordinates":[[[[129.206607,35.7753071],[129.2065996,35.775307],[129.2065569,35.775303],[129.2065224,35.7753],[129.2065297,35.7753461],[129.2066005,35.7753618],[129.206607,35.7753071]]]]}},{"type":"Feature","properties":{"UFID":"100035901089A00110100000004420069"},"geometry":{"type":"MultiPolygon","coordinates":[[[[129.2016072,35.7750409],[129.2015807,35.7750142],[129.2014755,35.7750806],[129.2015038,35.7751128],[129.2016072,35.7750409]]]]}},{"type":"Feature","properties":{"UFID":"100035901089A00110100000004420070"},"geometry":{"type":"MultiPolygon","coordinates":[[[[129.2016072,35.7750409],[129.2015038,35.7751128],[129.2013809,35.7752294],[129.201406,35.775247],[129.2015442,35.775116],[129.2015463,35.7751093],[129.2015528,35.7751026],[129.2016072,35.7750409]]]]}},{"type":"Feature","properties":{"UFID":"100035901089A00110100000004420071"},"geometry":{"type":"MultiPolygon","coordinates":[[[[129.2015038,35.7751128],[129.2014755,35.7750806],[129.2014307,35.7751089],[129.2012016,35.7752313],[129.2011958,35.7752346],[129.2011269,35.7752714],[129.2011244,35.7753426],[129.2011974,35.7752839],[129.2012125,35.775272],[129.2013035,35.7752237],[129.2015017,35.7751124],[129.2015038,35.7751128]]]]}},{"type":"Feature","properties":{"UFID":"100035901089A00110100000004420072"},"geometry":{"type":"MultiPolygon","coordinates":[[[[129.2011244,35.7753426],[129.2011269,35.7752714],[129.2010163,35.7753305],[129.2009667,35.7753572],[129.2009661,35.7753899],[129.2011244,35.7753426]]]]}},{"type":"Feature","properties":{"UFID":"100035901089A00110100000004420073"},"geometry":{"type":"MultiPolygon","coordinates":[[[[129.2046677,35.7752674],[129.2046396,35.7752602],[129.2045828,35.7752407],[129.2045605,35.775292],[129.2046586,35.7752935],[129.2046677,35.7752674]]]]}},{"type":"Feature","properties":{"UFID":"100035901089A00110100000004420074"},"geometry":{"type":"MultiPolygon","coordinates":[[[[129.2048557,35.7752756],[129.2047227,35.7752733],[129.2046677,35.7752674],[129.2046586,35.7752935],[129.2046605,35.7752939],[129.2047202,35.7753003],[129.2048603,35.7753027],[129.2048557,35.7752756]]]]}},{"type":"Feature","properties":{"UFID":"100035901089A00110100000004420075"},"geometry":{"type":"MultiPolygon","coordinates":[[[[129.2049879,35.7758705],[129.2049687,35.7758514],[129.2049607,35.7758411],[129.2049482,35.7752717],[129.2049481,35.7752641],[129.2048603,35.7753027],[129.2048729,35.7758754],[129.2049879,35.7758705]]]]}},{"type":"Feature","properties":{"UFID":"100035901089A00110100000004420076"},"geometry":{"type":"MultiPolygon","coordinates":[[[[129.2068814,35.7753158],[129.2068724,35.7752837],[129.2068685,35.7752845],[129.2068041,35.7752915],[129.206717,35.7753021],[129.2066464,35.7753076],[129.206607,35.7753071],[129.2066005,35.7753618],[129.2066217,35.775354],[129.2067574,35.7753326],[129.2068814,35.7753158]]]]}},{"type":"Feature","properties":{"UFID":"100035901089A00110100000004420077"},"geometry":{"type":"MultiPolygon","coordinates":[[[[129.2050081,35.7783318],[129.2048804,35.7783304],[129.2048804,35.7783399],[129.2048815,35.7784134],[129.2050088,35.7784143],[129.2050081,35.7783318]]]]}},{"type":"Feature","properties":{"UFID":"100035901089A00110100000004420078"},"geometry":{"type":"MultiPolygon","coordinates":[[[[129.2050026,35.7776617],[129.2048733,35.7776707],[129.2048759,35.7778436],[129.2048801,35.778087],[129.2048804,35.7783304],[129.2050081,35.7783318],[129.2050075,35.778255],[129.2050051,35.7779328],[129.2050026,35.7776617]]]]}},{"type":"Feature","properties":{"UFID":"100035901089A00110100000004420079"},"geometry":{"type":"MultiPolygon","coordinates":[[[[129.205129,35.7783485],[129.20505,35.7783375],[129.2050604,35.7784236],[129.2051266,35.7784242],[129.2051278,35.7783705],[129.205129,35.7783485]]]]}},{"type":"Feature","properties":{"UFID":"100035901089A00110100000004420080"},"geometry":{"type":"MultiPolygon","coordinates":[[[[129.20505,35.7783375],[129.2050387,35.7783439],[129.2050319,35.7783436],[129.2050255,35.7783405],[129.2050081,35.7783318],[129.2050088,35.7784143],[129.2050342,35.7784078],[129.2050404,35.7784084],[129.205049,35.7784131],[129.2050604,35.7784236],[129.20505,35.7783375]]]]}},{"type":"Feature","properties":{"UFID":"100035901089A00110100000004420081"},"geometry":{"type":"MultiPolygon","coordinates":[[[[129.20505,35.7783375],[129.205129,35.7783485],[129.2051311,35.7783088],[129.2051398,35.7782545],[129.205071,35.778191],[129.2050752,35.7782704],[129.2050707,35.778302],[129.2050624,35.7783215],[129.20505,35.7783375]]]]}},{"type":"Feature","properties":{"UFID":"100035901089A00110100000004420082"},"geometry":{"type":"MultiPolygon","coordinates":[[[[129.2069592,35.7752911],[129.2068814,35.7753158],[129.2068904,35.7753171],[129.2068956,35.7753195],[129.2069015,35.7753234],[129.2069119,35.7753353],[129.2069201,35.7753551],[129.2069349,35.7754087],[129.2069465,35.7755325],[129.2069465,35.7755393],[129.2069456,35.7755421],[129.2069431,35.7755464],[129.2069383,35.7755539],[129.2069155,35.7755739],[129.2069031,35.7755796],[129.2067851,35.7755931],[129.2067896,35.7756127],[129.20684,35.7756061],[129.2068552,35.7756069],[129.2068736,35.7756072],[129.2068822,35.7756068],[129.206889,35.7756056],[129.2068993,35.7756031],[129.206952,35.7755816],[129.2069589,35.7755759],[129.2069649,35.7755681],[129.2069702,35.7755597],[129.2069713,35.7755508],[129.2069711,35.7755449],[129.2069593,35.7755019],[129.2069638,35.7755014],[129.206957,35.7754353],[129.2069614,35.7754153],[129.2069613,35.7754124],[129.2069419,35.7753232],[129.2069419,35.7753211],[129.2069419,35.7753204],[129.2069592,35.7752911]]]]}},{"type":"Feature","properties":{"UFID":"100035901089A00110100000004420083"},"geometry":{"type":"MultiPolygon","coordinates":[[[[129.2069592,35.7752911],[129.2069489,35.7752678],[129.2069229,35.7752742],[129.2068724,35.7752837],[129.2068814,35.7753158],[129.2069592,35.7752911]]]]}},{"type":"Feature","properties":{"UFID":"100035901089A00110100000004420084"},"geometry":{"type":"MultiPolygon","coordinates":[[[[129.2069489,35.7752678],[129.2069592,35.7752911],[129.2069942,35.7752811],[129.2070918,35.7752562],[129.207087,35.7752321],[129.2069965,35.775256],[129.2069489,35.7752678]]]]}},{"type":"Feature","properties":{"UFID":"100035901089A00110100000004420085"},"geometry":{"type":"MultiPolygon","coordinates":[[[[129.2009598,35.7786233],[129.2009106,35.7783803],[129.2008633,35.7780835],[129.2007671,35.7774933],[129.2007174,35.7774956],[129.2007177,35.7774981],[129.2008139,35.7780889],[129.2008613,35.7783861],[129.200911,35.7786312],[129.2009598,35.7786233]]]]}},{"type":"Feature","properties":{"UFID":"100035901099A00110100000004420093"},"geometry":{"type":"MultiPolygon","coordinates":[[[[129.2054965,35.7705855],[129.2054962,35.7705855],[129.2048653,35.770458],[129.2040341,35.7702793],[129.2040255,35.7703053],[129.2048571,35.7704842],[129.2054907,35.7706081],[129.2054965,35.7705855]]]]}},{"type":"Feature","properties":{"UFID":"100035901099A00110100000004420094"},"geometry":{"type":"MultiPolygon","coordinates":[[[[129.2058165,35.7714632],[129.205808,35.7714617],[129.2057991,35.7714504],[129.2057862,35.7714228],[129.205774,35.7713785],[129.2057543,35.7713023],[129.2057285,35.771196],[129.2056971,35.7710414],[129.2056672,35.7708824],[129.2056534,35.7707959],[129.2056501,35.7707586],[129.205652,35.7707348],[129.2056599,35.7707008],[129.2056741,35.770658],[129.2056746,35.7706529],[129.2056746,35.7706437],[129.2056715,35.7706368],[129.2056657,35.7706301],[129.2056402,35.770622],[129.2055711,35.7706041],[129.2054965,35.7705855],[129.2054907,35.7706081],[129.205491,35.7706081],[129.2055573,35.7706206],[129.2056003,35.770635],[129.2056209,35.7706457],[129.2056285,35.7706498],[129.2056339,35.7706531],[129.2056343,35.7706564],[129.2056343,35.7706634],[129.2056137,35.7707266],[129.2056104,35.7707453],[129.2056103,35.7707621],[129.2056155,35.770791],[129.2056241,35.7708394],[129.2056357,35.7709182],[129.2056584,35.7710292],[129.2056797,35.7711292],[129.2056944,35.7712201],[129.2057097,35.7712853],[129.2057241,35.7713512],[129.2057371,35.771408],[129.2057565,35.7714682],[129.2057777,35.7715294],[129.2057776,35.7715415],[129.2057779,35.771555],[129.2058165,35.7714632]]]]}},{"type":"Feature","properties":{"UFID":"100035901099A00110100000004420095"},"geometry":{"type":"MultiPolygon","coordinates":[[[[129.2113132,35.7740898],[129.2113117,35.7740628],[129.2110023,35.7740742],[129.2108903,35.7740951],[129.2107053,35.7741058],[129.2106675,35.7741214],[129.2106002,35.7741774],[129.210551,35.7742031],[129.2103393,35.774223],[129.2102534,35.7742329],[129.2101009,35.7742963],[129.2099459,35.77433],[129.2098678,35.7743616],[129.2097983,35.7744096],[129.2097359,35.7744765],[129.2097046,35.7745228],[129.2096738,35.774593],[129.2096514,35.7746974],[129.2096529,35.7748089],[129.2096385,35.7748781],[129.2096715,35.7748815],[129.2096861,35.7748111],[129.2096846,35.7746996],[129.209706,35.7745999],[129.2097349,35.7745339],[129.2097638,35.7744913],[129.2098225,35.7744283],[129.2098861,35.7743843],[129.2099576,35.7743554],[129.2101128,35.7743217],[129.2102636,35.774259],[129.2103435,35.7742498],[129.2105624,35.7742293],[129.2106212,35.7741986],[129.2106874,35.7741435],[129.2107144,35.7741324],[129.2108952,35.7741219],[129.2110067,35.7741011],[129.2113132,35.7740898]]]]}},{"type":"Feature","properties":{"UFID":"100035901099A00110100000004420096"},"geometry":{"type":"MultiPolygon","coordinates":[[[[129.2029672,35.767455],[129.2028597,35.7674554],[129.2028876,35.7674701],[129.2029027,35.7674888],[129.2029098,35.7675112],[129.2029133,35.7675501],[129.2029059,35.7675743],[129.2025427,35.7685324],[129.201984,35.7700525],[129.2019463,35.770153],[129.2019192,35.7702257],[129.2019521,35.7702304],[129.2019781,35.7701609],[129.2020157,35.7700603],[129.2025744,35.7685402],[129.2029381,35.7675808],[129.2029455,35.7675566],[129.2029515,35.7675367],[129.2029672,35.767455]]]]}},{"type":"Feature","properties":{"UFID":"100035901099A00110100000004420097"},"geometry":{"type":"MultiPolygon","coordinates":[[[[129.2015765,35.7676197],[129.2015665,35.7675474],[129.2015229,35.7675545],[129.2015435,35.7676259],[129.2015765,35.7676197]]]]}},{"type":"Feature","properties":{"UFID":"100035901099A00110100000004420098"},"geometry":{"type":"MultiPolygon","coordinates":[[[[129.2016748,35.7676033],[129.2016712,35.767522],[129.2016605,35.7675269],[129.2016196,35.7675387],[129.2015665,35.7675474],[129.2015765,35.7676197],[129.2016197,35.7676128],[129.2016371,35.7676096],[129.20164,35.767609],[129.2016748,35.7676033]]]]}},{"type":"Feature","properties":{"UFID":"100035901099A00110100000004420099"},"geometry":{"type":"MultiPolygon","coordinates":[[[[129.2015765,35.7676197],[129.2015435,35.7676259],[129.2015446,35.7677418],[129.2015778,35.7677416],[129.2015767,35.7676254],[129.2015765,35.7676197]]]]}},{"type":"Feature","properties":{"UFID":"100035901099A00110100000004420100"},"geometry":{"type":"MultiPolygon","coordinates":[[[[129.2058648,35.7718043],[129.2057204,35.771774],[129.2057175,35.7717856],[129.2057033,35.7718299],[129.2058503,35.77185],[129.2058648,35.7718043]]]]}},{"type":"Feature","properties":{"UFID":"100035901099A00110100000004420101"},"geometry":{"type":"MultiPolygon","coordinates":[[[[129.2059295,35.7716003],[129.2057779,35.771555],[129.2057697,35.7715755],[129.2057556,35.7716084],[129.2057409,35.7716614],[129.205724,35.7717594],[129.2057204,35.771774],[129.2058648,35.7718043],[129.2059199,35.7716308],[129.2059295,35.7716003]]]]}},{"type":"Feature","properties":{"UFID":"100035901099A00110100000004420102"},"geometry":{"type":"MultiPolygon","coordinates":[[[[129.2058503,35.77185],[129.2057033,35.7718299],[129.2056152,35.7721048],[129.205759,35.7721376],[129.2058503,35.77185]]]]}},{"type":"Feature","properties":{"UFID":"100035901099A00110100000004420103"},"geometry":{"type":"MultiPolygon","coordinates":[[[[129.2058648,35.7718043],[129.2058503,35.77185],[129.2058983,35.7718616],[129.2059203,35.7718681],[129.2059398,35.7718768],[129.2059647,35.7718939],[129.2059946,35.7719161],[129.2060663,35.771974],[129.206095,35.7719973],[129.206118,35.7720167],[129.2061316,35.7720314],[129.206137,35.7720437],[129.2061397,35.7720904],[129.2061404,35.7721371],[129.2061393,35.7721808],[129.2061368,35.772221],[129.2061348,35.7722491],[129.2061397,35.7722708],[129.2061468,35.7722912],[129.2061657,35.7723268],[129.2062059,35.7724065],[129.2062309,35.7724519],[129.206261,35.7725025],[129.2062938,35.7725604],[129.2063104,35.7725901],[129.2063289,35.7726082],[129.2063555,35.7726222],[129.2063912,35.7726335],[129.2064391,35.7726444],[129.2064888,35.7726513],[129.2065383,35.772655],[129.206552,35.7726536],[129.2065616,35.7726515],[129.2065736,35.7726456],[129.2065796,35.7726299],[129.2065791,35.7726261],[129.2065628,35.7725591],[129.2065495,35.7724864],[129.2065315,35.7724078],[129.2065194,35.7723455],[129.2065162,35.7723042],[129.2065172,35.7722665],[129.2065222,35.7722275],[129.2065319,35.7721837],[129.2065622,35.7720886],[129.2065851,35.772055],[129.206525,35.77206],[129.20651,35.7720955],[129.2064914,35.7721502],[129.2064822,35.7721923],[129.2064778,35.7722203],[129.2064742,35.7722485],[129.2064728,35.7722705],[129.206473,35.7722927],[129.2064756,35.7723243],[129.2064844,35.7723755],[129.2064943,35.7724244],[129.2065075,35.7724787],[129.2065232,35.7725554],[129.2065277,35.7725901],[129.2065253,35.7726053],[129.2065143,35.7726154],[129.2065051,35.7726193],[129.206494,35.7726211],[129.2064586,35.77262],[129.2064203,35.7726111],[129.2063682,35.7725945],[129.2063502,35.7725825],[129.2063398,35.7725703],[129.2063087,35.772527],[129.2062676,35.7724395],[129.20623,35.7723655],[129.2061939,35.7722923],[129.2061869,35.7722667],[129.2061858,35.7722506],[129.2061843,35.7721899],[129.2061848,35.7721351],[129.2061851,35.7720807],[129.2061869,35.7720025],[129.2061865,35.7719862],[129.2061819,35.7719743],[129.2061783,35.7719681],[129.2061086,35.7719348],[129.2060402,35.7718808],[129.205987,35.7718453],[129.2058989,35.771796],[129.2058928,35.7718093],[129.2058648,35.7718043]]]]}},{"type":"Feature","properties":{"UFID":"100035901099A00110100000004420104"},"geometry":{"type":"MultiPolygon","coordinates":[[[[129.2060115,35.7744582],[129.2059607,35.7744484],[129.2059468,35.7744446],[129.2059355,35.7744388],[129.2059331,35.7744366],[129.2059313,35.7743775],[129.2059288,35.7743757],[129.2058466,35.7743648],[129.2057678,35.7743555],[129.2057357,35.774349],[129.2057235,35.7743427],[129.2057136,35.7743327],[129.2057089,35.7743195],[129.2057066,35.7743118],[129.2055664,35.7742923],[129.2054033,35.7742715],[129.2053939,35.774298],[129.2054924,35.7743098],[129.2055792,35.774322],[129.2056206,35.7743269],[129.2056501,35.7743324],[129.2056659,35.7743384],[129.2056754,35.7743465],[129.2056854,35.7743607],[129.2056863,35.7743614],[129.2057246,35.7743659],[129.2058207,35.7743806],[129.2058993,35.7743932],[129.20591,35.7743965],[129.205906,35.7744408],[129.2059058,35.7744491],[129.2059086,35.7744505],[129.2059461,35.7744597],[129.2059616,35.7744709],[129.2059864,35.7744882],[129.2060019,35.7744937],[129.2060115,35.7744582]]]]}},{"type":"Feature","properties":{"UFID":"100035901099A00110100000004420105"},"geometry":{"type":"MultiPolygon","coordinates":[[[[129.2059632,35.7714941],[129.2058165,35.7714632],[129.2057779,35.771555],[129.2059295,35.7716003],[129.2059427,35.7715589],[129.2059439,35.771555],[129.2059632,35.7714941]]]]}},{"type":"Feature","properties":{"UFID":"100035901099A00110100000004420106"},"geometry":{"type":"MultiPolygon","coordinates":[[[[129.2036775,35.7749241],[129.203636,35.7749088],[129.2036321,35.7749363],[129.2036473,35.7749415],[129.2036641,35.7749474],[129.2036667,35.7749483],[129.2036775,35.7749241]]]]}},{"type":"Feature","properties":{"UFID":"100035901099A00110100000004420107"},"geometry":{"type":"MultiPolygon","coordinates":[[[[129.2035176,35.774872],[129.2034455,35.7748404],[129.2033041,35.7748007],[129.203267,35.77479],[129.203249,35.7748238],[129.2034697,35.774887],[129.2034811,35.7749044],[129.2035176,35.774872]]]]}},{"type":"Feature","properties":{"UFID":"100035901099A00110100000004420108"},"geometry":{"type":"MultiPolygon","coordinates":[[[[129.203267,35.77479],[129.2031907,35.7747679],[129.2031695,35.7747585],[129.2031567,35.7747505],[129.2031171,35.7748015],[129.2032233,35.7748164],[129.203249,35.7748238],[129.203267,35.77479]]]]}},{"type":"Feature","properties":{"UFID":"100035901099A00110100000004420109"},"geometry":{"type":"MultiPolygon","coordinates":[[[[129.2025355,35.7744132],[129.2025012,35.7744012],[129.2024884,35.7744041],[129.2024675,35.7744057],[129.202447,35.7744086],[129.2024294,35.7744155],[129.2024897,35.7744831],[129.2025355,35.7744132]]]]}},{"type":"Feature","properties":{"UFID":"100035901099A00110100000004420110"},"geometry":{"type":"MultiPolygon","coordinates":[[[[129.2065162,35.769578],[129.2064337,35.7695495],[129.2059576,35.7710885],[129.2058462,35.7714418],[129.2058233,35.7714614],[129.2058197,35.7714629],[129.2058165,35.7714632],[129.2059632,35.7714941],[129.2060734,35.7711473],[129.2062237,35.7706591],[129.2063117,35.7703619],[129.2063828,35.7700994],[129.2064266,35.7699777],[129.2064118,35.7699153],[129.2065162,35.769578]]]]}},{"type":"Feature","properties":{"UFID":"100035901099A00110100000004420111"},"geometry":{"type":"MultiPolygon","coordinates":[[[[129.2049517,35.77484],[129.204941,35.7747653],[129.2049753,35.7746007],[129.20508,35.7742356],[129.2051011,35.7741617],[129.2051628,35.7739463],[129.2050756,35.7739338],[129.205012,35.7741557],[129.2050009,35.7741945],[129.2048886,35.7745865],[129.2048347,35.7748452],[129.2049517,35.77484]]]]}},{"type":"Feature","properties":{"UFID":"100035901099A00110100000004420112"},"geometry":{"type":"MultiPolygon","coordinates":[[[[129.2065537,35.7748421],[129.2065706,35.7748813],[129.2065801,35.7748729],[129.2065979,35.7748704],[129.2067961,35.774844],[129.2068214,35.7748233],[129.2067979,35.7748042],[129.2067801,35.7748187],[129.2065923,35.7748437],[129.2065803,35.7748455],[129.2065641,35.7748465],[129.2065537,35.7748421]]]]}},{"type":"Feature","properties":{"UFID":"100035901099A00110100000004420113"},"geometry":{"type":"MultiPolygon","coordinates":[[[[129.2026584,35.7742705],[129.2026283,35.7743009],[129.2026446,35.774303],[129.2026648,35.7743082],[129.2027003,35.7743204],[129.2027292,35.7743286],[129.2027513,35.7743316],[129.2027941,35.7743281],[129.2027923,35.7743011],[129.2027321,35.7743033],[129.2027053,35.7742978],[129.2026584,35.7742705]]]]}},{"type":"Feature","properties":{"UFID":"100035901099A00110100000004420114"},"geometry":{"type":"MultiPolygon","coordinates":[[[[129.2026584,35.7742705],[129.202652,35.7742652],[129.2026088,35.7742293],[129.2025777,35.7742495],[129.2026283,35.7743009],[129.2026584,35.7742705]]]]}},{"type":"Feature","properties":{"UFID":"100035901099A00110100000004420115"},"geometry":{"type":"MultiPolygon","coordinates":[[[[129.2062353,35.7741698],[129.2061754,35.7741392],[129.2061905,35.7741922],[129.2062321,35.7742302],[129.2062353,35.7741698]]]]}},{"type":"Feature","properties":{"UFID":"100035901099A00110100000004420116"},"geometry":{"type":"MultiPolygon","coordinates":[[[[129.2061754,35.7741392],[129.2061694,35.774134],[129.2061096,35.7740789],[129.2060994,35.7740726],[129.2060189,35.7740549],[129.2058844,35.7740265],[129.2057608,35.7740076],[129.2057192,35.7740315],[129.2058592,35.7740468],[129.206007,35.7740706],[129.2060858,35.7740967],[129.2061449,35.7741522],[129.2061891,35.7741906],[129.2061905,35.7741922],[129.2061754,35.7741392]]]]}},{"type":"Feature","properties":{"UFID":"100035901099A00110100000004420117"},"geometry":{"type":"MultiPolygon","coordinates":[[[[129.2057608,35.7740076],[129.2056981,35.7740014],[129.2056137,35.7739954],[129.2054489,35.7739721],[129.2051737,35.7739113],[129.2051628,35.7739463],[129.2054393,35.7740074],[129.2056009,35.7740272],[129.2057192,35.7740315],[129.2057608,35.7740076]]]]}},{"type":"Feature","properties":{"UFID":"100035901099A00110100000004420118"},"geometry":{"type":"MultiPolygon","coordinates":[[[[129.2096715,35.7748815],[129.2096385,35.7748781],[129.2096241,35.7749469],[129.2096705,35.774951],[129.2096715,35.7748815]]]]}},{"type":"Feature","properties":{"UFID":"100035901099A00110100000004420119"},"geometry":{"type":"MultiPolygon","coordinates":[[[[129.2051737,35.7739113],[129.2050854,35.7738994],[129.2050756,35.7739338],[129.2051628,35.7739463],[129.2051737,35.7739113]]]]}},{"type":"Feature","properties":{"UFID":"100035901099A00110100000004420120"},"geometry":{"type":"MultiPolygon","coordinates":[[[[129.2052901,35.7735024],[129.2052016,35.773494],[129.2050854,35.7738994],[129.2051737,35.7739113],[129.2052901,35.7735024]]]]}},{"type":"Feature","properties":{"UFID":"100035901099A00110100000004420121"},"geometry":{"type":"MultiPolygon","coordinates":[[[[129.2052992,35.7734705],[129.2052093,35.7734673],[129.2052016,35.773494],[129.2052901,35.7735024],[129.2052992,35.7734705]]]]}},{"type":"Feature","properties":{"UFID":"100035901099A00110100000004420122"},"geometry":{"type":"MultiPolygon","coordinates":[[[[129.205759,35.7721376],[129.2056152,35.7721048],[129.2055933,35.7721822],[129.2057285,35.7722332],[129.205759,35.7721376]]]]}},{"type":"Feature","properties":{"UFID":"100035901099A00110100000004420123"},"geometry":{"type":"MultiPolygon","coordinates":[[[[129.2056152,35.7721048],[129.2056101,35.7721087],[129.2055557,35.7721103],[129.2054448,35.7720969],[129.2049174,35.7719841],[129.2041641,35.7718321],[129.2038982,35.7717726],[129.2038894,35.7717986],[129.2041553,35.7718581],[129.2049092,35.7720102],[129.2055026,35.7721373],[129.2055825,35.772168],[129.2055882,35.772171],[129.2055913,35.7721769],[129.2055933,35.7721822],[129.2056152,35.7721048]]]]}},{"type":"Feature","properties":{"UFID":"100035901099A00110100000004420124"},"geometry":{"type":"MultiPolygon","coordinates":[[[[129.2065436,35.7694894],[129.2064637,35.7694528],[129.2064337,35.7695495],[129.2065162,35.769578],[129.2065436,35.7694894]]]]}},{"type":"Feature","properties":{"UFID":"100035901099A00110100000004420125"},"geometry":{"type":"MultiPolygon","coordinates":[[[[129.2079371,35.7749258],[129.2079121,35.7749632],[129.2079224,35.7749592],[129.2079902,35.7749556],[129.2080935,35.7749608],[129.2081883,35.7749811],[129.2081968,35.7749549],[129.2080988,35.7749339],[129.2079371,35.7749258]]]]}},{"type":"Feature","properties":{"UFID":"100035901099A00110100000004420126"},"geometry":{"type":"MultiPolygon","coordinates":[[[[129.2079371,35.7749258],[129.2077613,35.7748902],[129.2078412,35.7749352],[129.2079121,35.7749632],[129.2079371,35.7749258]]]]}},{"type":"Feature","properties":{"UFID":"100035901099A00110100000004420127"},"geometry":{"type":"MultiPolygon","coordinates":[[[[129.2064637,35.7694528],[129.2064596,35.769333],[129.2064557,35.7693084],[129.2063896,35.7692562],[129.2063564,35.76924],[129.2055674,35.7690813],[129.2047559,35.7689184],[129.2042032,35.7688052],[129.2041876,35.7687974],[129.2041834,35.76879],[129.2041808,35.7687818],[129.2041708,35.7688459],[129.2041849,35.7688361],[129.2042039,35.7688332],[129.2047479,35.7689446],[129.2055593,35.7691076],[129.2063436,35.7692653],[129.2063693,35.7692778],[129.2064243,35.7693212],[129.2064264,35.7693351],[129.2064337,35.7695495],[129.2064637,35.7694528]]]]}},{"type":"Feature","properties":{"UFID":"100035901099A00110100000004420128"},"geometry":{"type":"MultiPolygon","coordinates":[[[[129.203636,35.7749088],[129.2036169,35.7749017],[129.2036017,35.7748961],[129.2036011,35.7749254],[129.2036029,35.774926],[129.203621,35.7749324],[129.2036321,35.7749363],[129.203636,35.7749088]]]]}},{"type":"Feature","properties":{"UFID":"100035901099A00110100000004420129"},"geometry":{"type":"MultiPolygon","coordinates":[[[[129.2036017,35.7748961],[129.2035176,35.774872],[129.2034811,35.7749044],[129.2036011,35.7749254],[129.2036017,35.7748961]]]]}},{"type":"Feature","properties":{"UFID":"100035901099A00110100000004420130"},"geometry":{"type":"MultiPolygon","coordinates":[[[[129.2026088,35.7742293],[129.2025967,35.7741944],[129.2025912,35.7741358],[129.2025979,35.774089],[129.2026194,35.7740216],[129.2027346,35.7737833],[129.2029677,35.7733133],[129.2030454,35.7731366],[129.2031128,35.7729465],[129.2032156,35.7726275],[129.2035437,35.7715672],[129.2037658,35.7708114],[129.2039645,35.7700739],[129.2040161,35.7698494],[129.2039876,35.7698269],[129.203932,35.7700685],[129.2037335,35.7708054],[129.2035115,35.7715607],[129.2031835,35.7726207],[129.2030807,35.7729393],[129.2030137,35.7731283],[129.2029367,35.7733036],[129.2027037,35.7737733],[129.2025877,35.7740131],[129.2025652,35.7740841],[129.202558,35.7741352],[129.2025639,35.7741992],[129.2025721,35.7742231],[129.2025777,35.7742495],[129.2026088,35.7742293]]]]}},{"type":"Feature","properties":{"UFID":"100035901099A00110100000004420131"},"geometry":{"type":"MultiPolygon","coordinates":[[[[129.2040593,35.7697889],[129.2040161,35.7698494],[129.2040266,35.769848],[129.2040299,35.7698502],[129.2040355,35.7698813],[129.2040417,35.7699837],[129.2040648,35.770006],[129.204107,35.769977],[129.2040961,35.7699663],[129.2040905,35.7698769],[129.2040818,35.7698283],[129.2040593,35.7697889]]]]}},{"type":"Feature","properties":{"UFID":"100035901099A00110100000004420132"},"geometry":{"type":"MultiPolygon","coordinates":[[[[129.2040593,35.7697889],[129.204005,35.7697515],[129.2039876,35.7698269],[129.2040161,35.7698494],[129.2040593,35.7697889]]]]}},{"type":"Feature","properties":{"UFID":"100035901099A00110100000004420133"},"geometry":{"type":"MultiPolygon","coordinates":[[[[129.2049598,35.7748971],[129.2049517,35.77484],[129.2048347,35.7748452],[129.2048711,35.7748992],[129.2049598,35.7748971]]]]}},{"type":"Feature","properties":{"UFID":"100035901099A00110100000004420134"},"geometry":{"type":"MultiPolygon","coordinates":[[[[129.2053551,35.7733038],[129.2052605,35.7732988],[129.2052286,35.7734],[129.2052093,35.7734673],[129.2052992,35.7734705],[129.2053146,35.7734171],[129.2053485,35.7733096],[129.2053551,35.7733038]]]]}},{"type":"Feature","properties":{"UFID":"100035901099A00110100000004420135"},"geometry":{"type":"MultiPolygon","coordinates":[[[[129.2057285,35.7722332],[129.2055933,35.7721822],[129.2054928,35.7724964],[129.2054907,35.7725033],[129.2054934,35.7725146],[129.2054988,35.7725431],[129.205283,35.7732274],[129.2053893,35.7732621],[129.2054858,35.7729643],[129.2056051,35.77262],[129.2057285,35.7722332]]]]}},{"type":"Feature","properties":{"UFID":"100035901099A00110100000004420136"},"geometry":{"type":"MultiPolygon","coordinates":[[[[129.2062,35.7732868],[129.2061869,35.7732608],[129.2061202,35.7732668],[129.2059854,35.7732851],[129.2058501,35.7733046],[129.2057481,35.7733048],[129.205459,35.7732773],[129.2054032,35.7732642],[129.2053893,35.7732621],[129.2053551,35.7733038],[129.2054275,35.7733015],[129.2057462,35.7733318],[129.205853,35.7733317],[129.205991,35.7733118],[129.2061248,35.7732935],[129.2062,35.7732868]]]]}},{"type":"Feature","properties":{"UFID":"100035901099A00110100000004420137"},"geometry":{"type":"MultiPolygon","coordinates":[[[[129.2053893,35.7732621],[129.205283,35.7732274],[129.2052605,35.7732988],[129.2053551,35.7733038],[129.2053893,35.7732621]]]]}},{"type":"Feature","properties":{"UFID":"100035901099A00110100000004420138"},"geometry":{"type":"MultiPolygon","coordinates":[[[[129.2060129,35.7630186],[129.2059959,35.7629368],[129.2058732,35.7629513],[129.2058841,35.7630452],[129.2060129,35.7630186]]]]}},{"type":"Feature","properties":{"UFID":"100035901099A00110100000004420139"},"geometry":{"type":"MultiPolygon","coordinates":[[[[129.2005296,35.7651672],[129.2005183,35.7651678],[129.2004867,35.765171],[129.2004861,35.7651708],[129.2003951,35.7651464],[129.2003433,35.7651247],[129.2003099,35.7651072],[129.2002633,35.7650772],[129.200157,35.7650047],[129.2001357,35.7650255],[129.2002424,35.7650982],[129.2002906,35.7651292],[129.2002953,35.7651317],[129.2003464,35.7651565],[129.2003822,35.7651715],[129.2004759,35.7651966],[129.2005046,35.7652041],[129.2005296,35.7651672]]]]}},{"type":"Feature","properties":{"UFID":"100035901099A00110100000004420140"},"geometry":{"type":"MultiPolygon","coordinates":[[[[129.2005731,35.765186],[129.2005546,35.7652171],[129.2005832,35.7652246],[129.2007609,35.7652666],[129.2009508,35.7653158],[129.2012971,35.7653992],[129.201468,35.7654305],[129.2015588,35.7654472],[129.2015661,35.7654208],[129.2014752,35.7654041],[129.2013054,35.765373],[129.2009605,35.76529],[129.2007705,35.7652407],[129.2005932,35.7651988],[129.200581,35.7651939],[129.2005755,35.7651916],[129.2005731,35.7651892],[129.2005731,35.765186]]]]}},{"type":"Feature","properties":{"UFID":"100035901099A00110100000004420141"},"geometry":{"type":"MultiPolygon","coordinates":[[[[129.2005731,35.765186],[129.2005296,35.7651672],[129.2005046,35.7652041],[129.2005546,35.7652171],[129.2005731,35.765186]]]]}},{"type":"Feature","properties":{"UFID":"100035901099A00110100000004420142"},"geometry":{"type":"MultiPolygon","coordinates":[[[[129.2022291,35.7673619],[129.2021905,35.7673979],[129.2021131,35.7674417],[129.2020151,35.7674742],[129.2018058,35.7675083],[129.2018076,35.7675816],[129.2020185,35.7675471],[129.202072,35.7675415],[129.2020964,35.7675435],[129.2021436,35.7675624],[129.2021649,35.7675768],[129.2021795,35.7675999],[129.2022291,35.7673619]]]]}},{"type":"Feature","properties":{"UFID":"100035901099A00110100000004420143"},"geometry":{"type":"MultiPolygon","coordinates":[[[[129.2018076,35.7675816],[129.2018058,35.7675083],[129.2016712,35.767522],[129.2016748,35.7676033],[129.2018076,35.7675816]]]]}},{"type":"Feature","properties":{"UFID":"100035901099A00110100000004420144"},"geometry":{"type":"MultiPolygon","coordinates":[[[[129.2019314,35.7702858],[129.2018983,35.7702817],[129.2018795,35.7703319],[129.2018225,35.7704844],[129.2013746,35.7717238],[129.2011683,35.7722828],[129.2009039,35.7727621],[129.2008822,35.7727906],[129.2008549,35.7728266],[129.200869,35.7728337],[129.2008831,35.7728408],[129.2009333,35.7727748],[129.2011995,35.7722922],[129.2014064,35.7717315],[129.2018543,35.7704922],[129.2019113,35.7703398],[129.2019314,35.7702858]]]]}},{"type":"Feature","properties":{"UFID":"100035901099A00110100000004420145"},"geometry":{"type":"MultiPolygon","coordinates":[[[[129.2019521,35.7702304],[129.2019192,35.7702257],[129.2018983,35.7702817],[129.2019314,35.7702858],[129.2019455,35.7702481],[129.2019521,35.7702304]]]]}},{"type":"Feature","properties":{"UFID":"100035901099A00110100000004420146"},"geometry":{"type":"MultiPolygon","coordinates":[[[[129.2065244,35.767476],[129.2065184,35.7674439],[129.2064986,35.7673564],[129.2063737,35.767375],[129.206403,35.7674934],[129.2065244,35.767476]]]]}},{"type":"Feature","properties":{"UFID":"100035901099A00110100000004420147"},"geometry":{"type":"MultiPolygon","coordinates":[[[[129.2064986,35.7673564],[129.2064687,35.7672249],[129.2064612,35.7670532],[129.206455,35.7669722],[129.2064205,35.7667105],[129.206366,35.766298],[129.20631,35.7657636],[129.2062852,35.7654719],[129.2062774,35.7654446],[129.206222,35.7648628],[129.2062144,35.7648398],[129.2061446,35.7642197],[129.2061359,35.7641909],[129.2060818,35.7637093],[129.2060198,35.7631429],[129.2060129,35.7630186],[129.2058841,35.7630452],[129.205918,35.7633355],[129.2062556,35.7663315],[129.2062344,35.7664294],[129.2062629,35.7665804],[129.2062849,35.7668052],[129.2062833,35.7670122],[129.2062909,35.767085],[129.2063076,35.767166],[129.2063548,35.7672027],[129.2063804,35.7672321],[129.2063737,35.767375],[129.2064986,35.7673564]]]]}},{"type":"Feature","properties":{"UFID":"100035901099A00110100000004420148"},"geometry":{"type":"MultiPolygon","coordinates":[[[[129.2065244,35.767476],[129.206403,35.7674934],[129.2064172,35.7675028],[129.2064468,35.7675399],[129.2066008,35.7683705],[129.2066258,35.76863],[129.2066009,35.7689402],[129.2065622,35.7691343],[129.2064637,35.7694528],[129.2065436,35.7694894],[129.2066489,35.769149],[129.206689,35.7689484],[129.2067145,35.7686294],[129.2066888,35.7683623],[129.2065276,35.7674936],[129.2065244,35.767476]]]]}},{"type":"Feature","properties":{"UFID":"100035901099A00110100000004420149"},"geometry":{"type":"MultiPolygon","coordinates":[[[[129.206403,35.7674934],[129.2063737,35.767375],[129.2063478,35.76739],[129.2063243,35.7673957],[129.2062858,35.7673962],[129.2062951,35.7675056],[129.2063224,35.7674948],[129.2063539,35.7674901],[129.2063792,35.7674901],[129.206403,35.7674934]]]]}},{"type":"Feature","properties":{"UFID":"100035901099A00110100000004420150"},"geometry":{"type":"MultiPolygon","coordinates":[[[[129.2061977,35.7675046],[129.2061847,35.7674255],[129.2061791,35.7674274],[129.2061563,35.7674296],[129.2060334,35.7674358],[129.2052523,35.7674752],[129.2047723,35.7674935],[129.2047037,35.7674936],[129.2046294,35.7674899],[129.2046168,35.7674879],[129.2046152,35.7674864],[129.2046148,35.7675747],[129.2046168,35.7675714],[129.204622,35.7675696],[129.2046366,35.7675688],[129.2047744,35.7675708],[129.2048593,35.7675716],[129.2051238,35.7675579],[129.2055139,35.7675364],[129.2060869,35.767508],[129.2061908,35.7675034],[129.2061977,35.7675046]]]]}},{"type":"Feature","properties":{"UFID":"100035901099A00110100000004420151"},"geometry":{"type":"MultiPolygon","coordinates":[[[[129.2062858,35.7673962],[129.2061847,35.7674255],[129.2061977,35.7675046],[129.2062951,35.7675056],[129.2062858,35.7673962]]]]}},{"type":"Feature","properties":{"UFID":"100035901099A00110100000004420152"},"geometry":{"type":"MultiPolygon","coordinates":[[[[129.2061847,35.7674255],[129.2062858,35.7673962],[129.2062642,35.7673965],[129.2061643,35.7673737],[129.2060862,35.7673627],[129.2059817,35.7673579],[129.2059396,35.7673599],[129.2054421,35.7673861],[129.2051469,35.7673972],[129.2049904,35.7674028],[129.2048903,35.7674068],[129.2047865,35.7674231],[129.204688,35.7674461],[129.2046402,35.7674541],[129.2046053,35.7674539],[129.2045596,35.7674414],[129.2046152,35.7674864],[129.2046353,35.7674827],[129.2046959,35.7674723],[129.2047942,35.7674494],[129.2048943,35.7674337],[129.2049919,35.7674298],[129.2051484,35.7674242],[129.2054439,35.7674131],[129.2059416,35.7673869],[129.2059817,35.767385],[129.2060825,35.7673896],[129.206145,35.7673985],[129.2061802,35.7674113],[129.2061848,35.7674177],[129.2061855,35.7674219],[129.2061847,35.7674255]]]]}},{"type":"Feature","properties":{"UFID":"100035901099A00110100000004420153"},"geometry":{"type":"MultiPolygon","coordinates":[[[[129.2045416,35.7676115],[129.2044957,35.7675601],[129.2044728,35.7675815],[129.2044339,35.7676191],[129.2043945,35.767667],[129.204358,35.7677315],[129.2043402,35.7677893],[129.2043068,35.7679232],[129.2042744,35.7680597],[129.2042385,35.7682038],[129.2041844,35.7684504],[129.2041455,35.7686571],[129.2041399,35.7686967],[129.2041289,35.7687763],[129.2041808,35.7687818],[129.2041742,35.7687617],[129.2041665,35.7687458],[129.2041728,35.7686998],[129.2041784,35.7686607],[129.2042171,35.7684548],[129.2042711,35.7682089],[129.2043069,35.7680649],[129.2043393,35.7679284],[129.2043726,35.7677953],[129.2043894,35.7677405],[129.2044236,35.7676802],[129.204436,35.7676648],[129.2044484,35.7676529],[129.2044724,35.7676359],[129.2045072,35.7676182],[129.2045416,35.7676115]]]]}},{"type":"Feature","properties":{"UFID":"100035901099A00110100000004420154"},"geometry":{"type":"MultiPolygon","coordinates":[[[[129.2062951,35.7675056],[129.2061977,35.7675046],[129.2061979,35.7675073],[129.2061914,35.7675121],[129.2061609,35.7675245],[129.2061253,35.7675365],[129.2061246,35.7675367],[129.2060815,35.7675449],[129.2060116,35.7675539],[129.2059782,35.7675565],[129.2058403,35.767564],[129.2056234,35.7675755],[129.2053481,35.7675896],[129.204994,35.7676097],[129.204776,35.7676166],[129.2046918,35.7676018],[129.2046485,35.767593],[129.2046157,35.7675806],[129.2046145,35.7675776],[129.2046148,35.7675747],[129.2045416,35.7676115],[129.204591,35.7676147],[129.2046843,35.7676281],[129.2047731,35.7676437],[129.2049958,35.7676367],[129.2053503,35.7676166],[129.2056255,35.7676025],[129.2058425,35.767591],[129.2059809,35.7675835],[129.2060158,35.7675807],[129.2060878,35.7675715],[129.2061332,35.7675628],[129.2061461,35.7675596],[129.2061701,35.7675525],[129.2062086,35.7675411],[129.2062774,35.7675125],[129.2062951,35.7675056]]]]}},{"type":"Feature","properties":{"UFID":"100035901099A00110100000004420155"},"geometry":{"type":"MultiPolygon","coordinates":[[[[129.2045596,35.7674414],[129.2045234,35.7674142],[129.2045053,35.7673665],[129.204493,35.7673056],[129.2044881,35.76724],[129.2044831,35.7671691],[129.2044498,35.7671691],[129.204455,35.7672416],[129.20446,35.7673087],[129.204473,35.7673727],[129.2044926,35.7674246],[129.2045038,35.7674696],[129.2045045,35.7674756],[129.2045596,35.7674414]]]]}},{"type":"Feature","properties":{"UFID":"100035901099A00110100000004420156"},"geometry":{"type":"MultiPolygon","coordinates":[[[[129.2046148,35.7675747],[129.2046152,35.7674864],[129.2045596,35.7674414],[129.2045045,35.7674756],[129.2044957,35.7675601],[129.2045416,35.7676115],[129.2046148,35.7675747]]]]}},{"type":"Feature","properties":{"UFID":"100035901099A00110100000004420157"},"geometry":{"type":"MultiPolygon","coordinates":[[[[129.2044498,35.7671691],[129.2044831,35.7671691],[129.2044868,35.7671133],[129.2045569,35.7664933],[129.2046049,35.7659971],[129.2046712,35.7654418],[129.2046959,35.7652175],[129.2047413,35.7649575],[129.2048303,35.7645592],[129.204937,35.7641429],[129.2050102,35.7639387],[129.205068,35.7637834],[129.2051425,35.7636008],[129.2051795,35.7635229],[129.2052273,35.7634739],[129.2052682,35.7634499],[129.2053118,35.7634395],[129.2053678,35.763433],[129.2054378,35.7634291],[129.2054356,35.7634021],[129.2053643,35.7634061],[129.2053047,35.763413],[129.2052534,35.7634252],[129.2052042,35.7634542],[129.2051504,35.7635092],[129.2051113,35.7635917],[129.2050363,35.7637752],[129.2049784,35.7639309],[129.2049048,35.7641363],[129.2047977,35.764554],[129.2047086,35.7649532],[129.2046629,35.7652144],[129.2046382,35.7654392],[129.2045719,35.7659947],[129.2045238,35.766491],[129.2044537,35.7671113],[129.2044498,35.7671691]]]]}},{"type":"Feature","properties":{"UFID":"100035901099A00110100000004420158"},"geometry":{"type":"MultiPolygon","coordinates":[[[[129.2041808,35.7687818],[129.2041289,35.7687763],[129.2041249,35.7688049],[129.2041204,35.7688414],[129.2041708,35.7688459],[129.2041808,35.7687818]]]]}},{"type":"Feature","properties":{"UFID":"100035901099A00110100000004420159"},"geometry":{"type":"MultiPolygon","coordinates":[[[[129.2041708,35.7688459],[129.2041204,35.7688414],[129.204099,35.7690096],[129.2040182,35.7696942],[129.204005,35.7697515],[129.2040593,35.7697889],[129.2040484,35.7697111],[129.2040491,35.769707],[129.2040511,35.7696979],[129.204132,35.7690123],[129.2041399,35.7689506],[129.2041457,35.7688891],[129.2041548,35.7688693],[129.2041708,35.7688459]]]]}},{"type":"Feature","properties":{"UFID":"100035901099A00110100000004420160"},"geometry":{"type":"MultiPolygon","coordinates":[[[[129.2028597,35.7674554],[129.2028846,35.7673626],[129.2028517,35.7673645],[129.2028018,35.7673633],[129.2027441,35.7673564],[129.2026845,35.767335],[129.2026498,35.7672967],[129.2025482,35.7675949],[129.2026142,35.767524],[129.2026965,35.7674678],[129.2027372,35.7674504],[129.2027648,35.7674437],[129.2027895,35.7674436],[129.2028221,35.7674455],[129.2028597,35.7674554]]]]}},{"type":"Feature","properties":{"UFID":"100035901099A00110100000004420161"},"geometry":{"type":"MultiPolygon","coordinates":[[[[129.2029762,35.7673755],[129.2028846,35.7673626],[129.2028597,35.7674554],[129.2029672,35.767455],[129.2029762,35.7673755]]]]}},{"type":"Feature","properties":{"UFID":"100035901099A00110100000004420162"},"geometry":{"type":"MultiPolygon","coordinates":[[[[129.2062313,35.7732458],[129.2062443,35.7732735],[129.2064628,35.7730939],[129.2064393,35.7730749],[129.2062313,35.7732458]]]]}},{"type":"Feature","properties":{"UFID":"100035901099A00110100000004420163"},"geometry":{"type":"MultiPolygon","coordinates":[[[[129.2062443,35.7732735],[129.2062313,35.7732458],[129.2062163,35.7732581],[129.2061869,35.7732608],[129.2062,35.7732868],[129.2062443,35.7732735]]]]}},{"type":"Feature","properties":{"UFID":"100035901099A00110100000004420164"},"geometry":{"type":"MultiPolygon","coordinates":[[[[129.2062443,35.7732735],[129.2062,35.7732868],[129.2062172,35.7732977],[129.2062264,35.773356],[129.2062283,35.773371],[129.2062339,35.7734357],[129.2062385,35.7734641],[129.2062451,35.7734865],[129.2062885,35.7735847],[129.2063313,35.7736659],[129.2063335,35.7736741],[129.2063371,35.7737042],[129.2063313,35.7738682],[129.2063283,35.773918],[129.206323,35.7739434],[129.2062921,35.7739927],[129.2062368,35.7740675],[129.2061754,35.7741392],[129.2062353,35.7741698],[129.2062298,35.7741629],[129.2062274,35.7741579],[129.2062265,35.7741523],[129.2062265,35.7741455],[129.2062267,35.7741426],[129.206229,35.7741329],[129.2062325,35.7741199],[129.2062726,35.7740665],[129.2063537,35.7739526],[129.2063584,35.7739406],[129.2063644,35.773869],[129.2063703,35.7737033],[129.2063663,35.7736699],[129.206363,35.7736576],[129.2063194,35.7735748],[129.2062769,35.7734787],[129.2062711,35.7734592],[129.206267,35.773433],[129.2062613,35.7733687],[129.2062594,35.7733529],[129.2062497,35.7732917],[129.2062443,35.7732735]]]]}},{"type":"Feature","properties":{"UFID":"100035901099A00110100000004420165"},"geometry":{"type":"MultiPolygon","coordinates":[[[[129.2039909,35.7597284],[129.2039859,35.7596965],[129.2039796,35.7596976],[129.203941,35.7597346],[129.2039179,35.7598121],[129.2038764,35.7601165],[129.2038088,35.76029],[129.2037772,35.7603617],[129.2037593,35.7603843],[129.2037533,35.7603881],[129.2037551,35.7604646],[129.2037689,35.7604456],[129.2037942,35.760401],[129.2038084,35.7603808],[129.2039089,35.7601221],[129.2039506,35.7598168],[129.2039714,35.7597472],[129.2039909,35.7597284]]]]}},{"type":"Feature","properties":{"UFID":"100035901099A00110100000004420166"},"geometry":{"type":"MultiPolygon","coordinates":[[[[129.2056763,35.7598211],[129.2056311,35.7598179],[129.2054267,35.759773],[129.2041273,35.7596853],[129.2040418,35.7596867],[129.2039859,35.7596965],[129.2039909,35.7597284],[129.2039911,35.7597282],[129.2040451,35.7597226],[129.204126,35.7597213],[129.2051884,35.7597948],[129.2052573,35.759796],[129.2053646,35.7597997],[129.2054214,35.7598039],[129.2054819,35.7598131],[129.2055498,35.7598269],[129.205608,35.7598435],[129.2056662,35.7598641],[129.2056763,35.7598211]]]]}},{"type":"Feature","properties":{"UFID":"100035901099A00110100000004420167"},"geometry":{"type":"MultiPolygon","coordinates":[[[[129.2070593,35.7618854],[129.2070041,35.7618774],[129.2070048,35.761891],[129.2070028,35.7619038],[129.2069913,35.7619231],[129.2069567,35.7619568],[129.2069139,35.7619948],[129.2068617,35.7620346],[129.2067959,35.7620783],[129.2067307,35.7621187],[129.2066857,35.7621524],[129.2066543,35.7621766],[129.2066265,35.7622042],[129.206595,35.7622387],[129.2065607,35.7622816],[129.2065299,35.7623318],[129.2065085,35.7623822],[129.2064864,35.7624363],[129.2064262,35.7626018],[129.2064179,35.7626154],[129.2064097,35.7626217],[129.2064062,35.7626906],[129.206418,35.7626852],[129.2064267,35.7626719],[129.2064624,35.7626134],[129.2065392,35.7624081],[129.2065751,35.7623346],[129.2066096,35.7622789],[129.2066399,35.7622363],[129.2066677,35.762204],[129.20671,35.7621703],[129.2067703,35.7621325],[129.2068438,35.7620841],[129.2069174,35.7620276],[129.2069724,35.7619798],[129.2070235,35.761929],[129.2070593,35.7618854]]]]}},{"type":"Feature","properties":{"UFID":"100035901099A00110100000004420168"},"geometry":{"type":"MultiPolygon","coordinates":[[[[129.206421,35.7591904],[129.206327,35.7591665],[129.2063127,35.7591912],[129.2064045,35.7592202],[129.206421,35.7591904]]]]}},{"type":"Feature","properties":{"UFID":"100035901099A00110100000004420169"},"geometry":{"type":"MultiPolygon","coordinates":[[[[129.2064045,35.7592202],[129.2063127,35.7591912],[129.2062606,35.7592883],[129.2061008,35.7595785],[129.2061917,35.7596126],[129.2061977,35.7595952],[129.2064045,35.7592202]]]]}},{"type":"Feature","properties":{"UFID":"100035901099A00110100000004420170"},"geometry":{"type":"MultiPolygon","coordinates":[[[[129.206327,35.7591665],[129.2062751,35.7591532],[129.2062419,35.7591417],[129.2061302,35.7591034],[129.2061174,35.7591283],[129.2062289,35.7591666],[129.2062636,35.7591786],[129.2063127,35.7591912],[129.206327,35.7591665]]]]}},{"type":"Feature","properties":{"UFID":"100035901099A00110100000004420171"},"geometry":{"type":"MultiPolygon","coordinates":[[[[129.212623,35.7613091],[129.2126229,35.7612821],[129.2125223,35.7612869],[129.2124284,35.7612735],[129.2123255,35.7612502],[129.2122271,35.7612203],[129.2121907,35.7612098],[129.2120711,35.76121],[129.2120087,35.7612213],[129.2119309,35.7612405],[129.2118527,35.7612414],[129.211768,35.7612336],[129.2116694,35.7612179],[129.2115532,35.7611858],[129.2112982,35.7610801],[129.2112177,35.7610532],[129.2111616,35.7610379],[129.2110941,35.7610346],[129.2109195,35.7610392],[129.2109128,35.7610382],[129.2108915,35.7610351],[129.2108795,35.7610332],[129.2108437,35.7610277],[129.2107956,35.7610061],[129.2107822,35.7609957],[129.2107762,35.7610453],[129.2108001,35.7610479],[129.2108299,35.7610543],[129.2108718,35.7610692],[129.2108749,35.7610741],[129.2108793,35.7610882],[129.2108794,35.7610883],[129.2108796,35.7610895],[129.2108912,35.7611067],[129.2109133,35.7611157],[129.2109656,35.761123],[129.211031,35.7611236],[129.2110312,35.7610965],[129.2109686,35.761096],[129.2109237,35.7610897],[129.2109153,35.7610863],[129.2109115,35.7610807],[129.2109088,35.7610666],[129.2110936,35.7610616],[129.2111552,35.7610647],[129.2112061,35.7610786],[129.2112844,35.7611048],[129.2115403,35.7612107],[129.2116608,35.7612441],[129.211763,35.7612604],[129.2118512,35.7612684],[129.2119361,35.7612675],[129.2120171,35.7612475],[129.2120748,35.761237],[129.212185,35.7612368],[129.2122158,35.7612457],[129.2123153,35.7612759],[129.2124211,35.7612999],[129.2125204,35.761314],[129.212623,35.7613091]]]]}},{"type":"Feature","properties":{"UFID":"100035901099A00110100000004420172"},"geometry":{"type":"MultiPolygon","coordinates":[[[[129.2060645,35.759875],[129.2059201,35.759909],[129.2058699,35.7599579],[129.2059927,35.7599863],[129.2060645,35.759875]]]]}},{"type":"Feature","properties":{"UFID":"100035901099A00110100000004420173"},"geometry":{"type":"MultiPolygon","coordinates":[[[[129.2059201,35.759909],[129.2058513,35.7599019],[129.2057501,35.7598605],[129.2057096,35.7598423],[129.2057003,35.7598761],[129.2057024,35.7598769],[129.2057968,35.7599078],[129.2058432,35.7599295],[129.2058585,35.759941],[129.2058699,35.7599579],[129.2059201,35.759909]]]]}},{"type":"Feature","properties":{"UFID":"100035901099A00110100000004420174"},"geometry":{"type":"MultiPolygon","coordinates":[[[[129.2059927,35.7599863],[129.2058699,35.7599579],[129.2058723,35.7599742],[129.2058726,35.7599837],[129.205869,35.7599972],[129.2058605,35.7600131],[129.2058224,35.7600848],[129.2059214,35.7601364],[129.2059252,35.7601181],[129.2059927,35.7599863]]]]}},{"type":"Feature","properties":{"UFID":"100035901099A00110100000004420175"},"geometry":{"type":"MultiPolygon","coordinates":[[[[129.206592,35.7600951],[129.2065725,35.7600838],[129.2065249,35.7600485],[129.2064781,35.7600199],[129.206426,35.7599948],[129.20638,35.7599805],[129.2063068,35.75996],[129.2062205,35.7599426],[129.206074,35.7598793],[129.2060645,35.759875],[129.2059927,35.7599863],[129.2060316,35.7599682],[129.2060601,35.7599646],[129.206108,35.7599662],[129.2062282,35.7599824],[129.2064075,35.7600349],[129.2065286,35.7601098],[129.2065936,35.7601264],[129.206592,35.7600951]]]]}},{"type":"Feature","properties":{"UFID":"100035901099A00110100000004420176"},"geometry":{"type":"MultiPolygon","coordinates":[[[[129.2066331,35.7601125],[129.2066005,35.7600999],[129.206592,35.7600951],[129.2065936,35.7601264],[129.2066262,35.7601347],[129.2066331,35.7601125]]]]}},{"type":"Feature","properties":{"UFID":"100035901099A00110100000004420177"},"geometry":{"type":"MultiPolygon","coordinates":[[[[129.2073618,35.7601778],[129.2073533,35.7601517],[129.2072796,35.7601639],[129.2072543,35.7601631],[129.2071994,35.7601614],[129.2070688,35.7601574],[129.2068277,35.7601239],[129.2067757,35.7601214],[129.2067271,35.7601233],[129.2066935,35.760123],[129.2066678,35.7601196],[129.2066343,35.7601129],[129.2066331,35.7601125],[129.2066262,35.7601347],[129.2066572,35.7601426],[129.2068164,35.7601547],[129.2070658,35.7601843],[129.2071749,35.7601953],[129.2072245,35.7601964],[129.2072542,35.7601938],[129.2072823,35.760191],[129.2073618,35.7601778]]]]}},{"type":"Feature","properties":{"UFID":"100035901099A00110100000004420178"},"geometry":{"type":"MultiPolygon","coordinates":[[[[129.2084017,35.7604281],[129.2085174,35.7604825],[129.2085124,35.7604581],[129.2085106,35.7604454],[129.2084996,35.7604127],[129.2084821,35.7603855],[129.2084637,35.7603419],[129.2084613,35.7603306],[129.2084138,35.7603218],[129.2084149,35.7603459],[129.2084374,35.7603971],[129.2084493,35.7604081],[129.2084516,35.7604135],[129.2084527,35.7604184],[129.2084527,35.7604215],[129.2084472,35.7604246],[129.208442,35.760425],[129.2084183,35.7604269],[129.2084017,35.7604281]]]]}},{"type":"Feature","properties":{"UFID":"100035901099A00110100000004420179"},"geometry":{"type":"MultiPolygon","coordinates":[[[[129.2085273,35.7606929],[129.2084775,35.7606649],[129.2084779,35.7606689],[129.2084779,35.760676],[129.2084329,35.760748],[129.2084259,35.7607616],[129.2084219,35.760775],[129.2084208,35.7607802],[129.2084593,35.7607788],[129.2084615,35.7607676],[129.2084719,35.760752],[129.2085054,35.7607127],[129.2085273,35.7606929]]]]}},{"type":"Feature","properties":{"UFID":"100035901099A00110100000004420180"},"geometry":{"type":"MultiPolygon","coordinates":[[[[129.2076354,35.760423],[129.2076536,35.7603753],[129.2076422,35.7603855],[129.2076154,35.7603985],[129.2075654,35.7604177],[129.2074863,35.7604382],[129.2073868,35.7604511],[129.2072547,35.7604713],[129.2072376,35.7604775],[129.2072229,35.7604881],[129.207214,35.7605032],[129.2072094,35.7605182],[129.2072142,35.7605469],[129.2072177,35.7606367],[129.2072503,35.7606396],[129.2072406,35.7605356],[129.2072431,35.7605257],[129.2072436,35.7605221],[129.2072642,35.760506],[129.2072984,35.7604915],[129.2073448,35.7604815],[129.2074404,35.7604662],[129.2075118,35.7604566],[129.2075859,35.7604386],[129.2076234,35.7604252],[129.2076354,35.760423]]]]}},{"type":"Feature","properties":{"UFID":"100035901099A00110100000004420181"},"geometry":{"type":"MultiPolygon","coordinates":[[[[129.2037551,35.7604646],[129.2037533,35.7603881],[129.203712,35.7603882],[129.2036391,35.7604481],[129.2037134,35.7604808],[129.2037551,35.7604646]]]]}},{"type":"Feature","properties":{"UFID":"100035901099A00110100000004420182"},"geometry":{"type":"MultiPolygon","coordinates":[[[[129.2057096,35.7598423],[129.2056763,35.7598211],[129.2056662,35.7598641],[129.2057003,35.7598761],[129.2057096,35.7598423]]]]}},{"type":"Feature","properties":{"UFID":"100035901099A00110100000004420183"},"geometry":{"type":"MultiPolygon","coordinates":[[[[129.2066163,35.7602926],[129.2066173,35.76032],[129.2066342,35.7603218],[129.2067788,35.7603333],[129.2068382,35.7603405],[129.2068688,35.7603478],[129.2068993,35.7603662],[129.2069189,35.760356],[129.2068719,35.7603292],[129.2068665,35.7603291],[129.2068461,35.7603274],[129.2068442,35.7603246],[129.2068443,35.7603155],[129.2068438,35.7603135],[129.2068315,35.7603131],[129.2066383,35.7602949],[129.2066163,35.7602926]]]]}},{"type":"Feature","properties":{"UFID":"100035901099A00110100000004420184"},"geometry":{"type":"MultiPolygon","coordinates":[[[[129.2037551,35.7604646],[129.2037134,35.7604808],[129.2037129,35.7604889],[129.2037112,35.7605117],[129.2036066,35.7616747],[129.203425,35.7635796],[129.2033103,35.7648331],[129.2032657,35.7653529],[129.2031811,35.7659202],[129.2030494,35.766872],[129.2030057,35.7672057],[129.2029972,35.7672682],[129.2029852,35.7673003],[129.2029687,35.7673258],[129.2029464,35.7673507],[129.2029155,35.7673567],[129.2028846,35.7673626],[129.2029762,35.7673755],[129.2029781,35.767372],[129.202997,35.7673401],[129.203016,35.7673106],[129.2030298,35.7672737],[129.2030387,35.7672086],[129.2030824,35.766875],[129.203214,35.7659234],[129.2032987,35.7653555],[129.2033433,35.7648351],[129.203458,35.7635817],[129.2036397,35.7616768],[129.2037442,35.7605135],[129.2037551,35.7604646]]]]}},{"type":"Feature","properties":{"UFID":"100035901099A00110100000004420185"},"geometry":{"type":"MultiPolygon","coordinates":[[[[129.2061917,35.7596126],[129.2061567,35.7596677],[129.2061609,35.7596647],[129.2061641,35.759664],[129.2061685,35.7596642],[129.2061789,35.7596679],[129.2062404,35.759676],[129.2062472,35.7596753],[129.206253,35.7596758],[129.2062849,35.7596927],[129.2063321,35.7597225],[129.2063431,35.7597345],[129.2063633,35.7597826],[129.2063936,35.759773],[129.2063805,35.7597404],[129.2063647,35.7597172],[129.2063388,35.759692],[129.2062911,35.7596642],[129.206223,35.7596355],[129.2061949,35.7596229],[129.206193,35.7596185],[129.2061916,35.7596149],[129.2061917,35.7596126]]]]}},{"type":"Feature","properties":{"UFID":"100035901099A00110100000004420186"},"geometry":{"type":"MultiPolygon","coordinates":[[[[129.2060645,35.759875],[129.2060535,35.7598666],[129.2060533,35.7598644],[129.2060526,35.7598609],[129.2060527,35.7598583],[129.2060527,35.7598533],[129.2060717,35.7598169],[129.2061169,35.7597368],[129.2061567,35.7596677],[129.2060704,35.759634],[129.2059201,35.759909],[129.2060645,35.759875]]]]}},{"type":"Feature","properties":{"UFID":"100035901099A00110100000004420187"},"geometry":{"type":"MultiPolygon","coordinates":[[[[129.2061917,35.7596126],[129.2061008,35.7595785],[129.2060704,35.759634],[129.2061567,35.7596677],[129.2061917,35.7596126]]]]}},{"type":"Feature","properties":{"UFID":"100035901099A00110100000004420188"},"geometry":{"type":"MultiPolygon","coordinates":[[[[129.2064735,35.7612973],[129.2064058,35.7612689],[129.2064022,35.7612792],[129.2063682,35.7614856],[129.2063406,35.7616454],[129.2063303,35.7617258],[129.2063315,35.7618057],[129.2063419,35.7619613],[129.2063414,35.7619686],[129.2063746,35.7619701],[129.2063752,35.7619613],[129.2063647,35.7618048],[129.2063635,35.761727],[129.2063736,35.7616486],[129.2064011,35.7614892],[129.2064328,35.7612967],[129.2064735,35.7612973]]]]}},{"type":"Feature","properties":{"UFID":"100035901099A00110100000004420189"},"geometry":{"type":"MultiPolygon","coordinates":[[[[129.2063746,35.7619701],[129.2063414,35.7619686],[129.2063394,35.7619992],[129.2063276,35.7620448],[129.2063227,35.762061],[129.2063074,35.7620733],[129.2063022,35.7620771],[129.2063474,35.7620978],[129.2063473,35.7620945],[129.206349,35.7620867],[129.2063601,35.7620509],[129.2063723,35.7620027],[129.2063746,35.7619701]]]]}},{"type":"Feature","properties":{"UFID":"100035901099A00110100000004420190"},"geometry":{"type":"MultiPolygon","coordinates":[[[[129.2064194,35.7612096],[129.2063906,35.7611737],[129.2063653,35.7611148],[129.2063593,35.7610868],[129.2063545,35.7610489],[129.2063666,35.7609907],[129.2063721,35.7609679],[129.2063774,35.7609617],[129.2062746,35.7609602],[129.2062959,35.7609779],[129.2063063,35.7609979],[129.2063148,35.7610254],[129.2063215,35.7610517],[129.2063264,35.7610905],[129.2063331,35.7611216],[129.2063606,35.7611858],[129.2063694,35.7611967],[129.2063994,35.7612472],[129.2064058,35.7612689],[129.2064194,35.7612096]]]]}},{"type":"Feature","properties":{"UFID":"100035901099A00110100000004420191"},"geometry":{"type":"MultiPolygon","coordinates":[[[[129.2065046,35.7612644],[129.206483,35.7612587],[129.2064606,35.7612422],[129.2064503,35.761234],[129.2064194,35.7612096],[129.2064058,35.7612689],[129.2064735,35.7612973],[129.2065046,35.7612644]]]]}},{"type":"Feature","properties":{"UFID":"100035901099A00110100000004420192"},"geometry":{"type":"MultiPolygon","coordinates":[[[[129.2108745,35.760565],[129.2108429,35.7605529],[129.2108253,35.7605687],[129.2108149,35.760586],[129.2107749,35.760662],[129.2107216,35.7609505],[129.2107215,35.7609506],[129.2107061,35.7609951],[129.2107822,35.7609957],[129.210772,35.7609877],[129.2107612,35.7609738],[129.2107545,35.7609539],[129.2108071,35.7606695],[129.210845,35.7605973],[129.210853,35.7605841],[129.2108672,35.7605713],[129.2108745,35.760565]]]]}},{"type":"Feature","properties":{"UFID":"100035901099A00110100000004420193"},"geometry":{"type":"MultiPolygon","coordinates":[[[[129.2094669,35.7609804],[129.2094265,35.760983],[129.2093881,35.760978],[129.20929,35.7609539],[129.2091942,35.7609044],[129.2090632,35.7608118],[129.2090023,35.7607701],[129.2086883,35.7606353],[129.208668,35.7606254],[129.2086509,35.7606486],[129.208672,35.7606589],[129.2089837,35.7607927],[129.2090415,35.7608323],[129.209177,35.7609309],[129.2093063,35.7609798],[129.2093755,35.7610002],[129.209467,35.7610225],[129.2094669,35.7609804]]]]}},{"type":"Feature","properties":{"UFID":"100035901099A00110100000004420194"},"geometry":{"type":"MultiPolygon","coordinates":[[[[129.2078014,35.7602299],[129.2077794,35.7602241],[129.2076704,35.7601948],[129.2076591,35.7601918],[129.2076584,35.76022],[129.20766,35.7602205],[129.207769,35.7602498],[129.2077983,35.7602575],[129.207806,35.7602648],[129.2078014,35.7602299]]]]}},{"type":"Feature","properties":{"UFID":"100035901099A00110100000004420195"},"geometry":{"type":"MultiPolygon","coordinates":[[[[129.2074657,35.7601457],[129.2074542,35.7601343],[129.2074573,35.760116],[129.2074661,35.7600789],[129.2074668,35.7600772],[129.2074706,35.7600353],[129.2074155,35.7600319],[129.2074122,35.7600686],[129.2074008,35.7600979],[129.2073533,35.7601517],[129.2074657,35.7601457]]]]}},{"type":"Feature","properties":{"UFID":"100035901099A00110100000004420196"},"geometry":{"type":"MultiPolygon","coordinates":[[[[129.2028294,35.7610867],[129.2027746,35.7611585],[129.2027859,35.7612348],[129.2028387,35.7612404],[129.2028294,35.7610867]]]]}},{"type":"Feature","properties":{"UFID":"100035901099A00110100000004420197"},"geometry":{"type":"MultiPolygon","coordinates":[[[[129.2108764,35.7605244],[129.2109027,35.7605419],[129.210991,35.7604848],[129.2110411,35.7604382],[129.2110564,35.7603974],[129.2110666,35.7603657],[129.2110643,35.7603003],[129.2110643,35.7602402],[129.211081,35.7601812],[129.211093,35.7601204],[129.2110933,35.7601072],[129.2110897,35.7600723],[129.2110779,35.7600129],[129.211046,35.7600216],[129.2110567,35.7600756],[129.2110601,35.7601081],[129.2110599,35.760118],[129.2110484,35.760176],[129.2110312,35.7602371],[129.2110311,35.7603007],[129.2110333,35.7603626],[129.2110245,35.76039],[129.2110114,35.7604248],[129.210968,35.7604651],[129.2108764,35.7605244]]]]}},{"type":"Feature","properties":{"UFID":"100035901099A00110100000004420198"},"geometry":{"type":"MultiPolygon","coordinates":[[[[129.2028837,35.7619697],[129.2028784,35.7618896],[129.2028387,35.7612404],[129.2027859,35.7612348],[129.2027889,35.7612383],[129.2028288,35.7618917],[129.2028341,35.7619718],[129.2028342,35.7619742],[129.2028837,35.7619697]]]]}},{"type":"Feature","properties":{"UFID":"100035901099A00110100000004420199"},"geometry":{"type":"MultiPolygon","coordinates":[[[[129.205772,35.7610368],[129.2056623,35.7610494],[129.205669,35.7611247],[129.2057807,35.7611259],[129.205772,35.7610368]]]]}},{"type":"Feature","properties":{"UFID":"100035901099A00110100000004420200"},"geometry":{"type":"MultiPolygon","coordinates":[[[[129.2059274,35.76111],[129.2059053,35.7610488],[129.2058613,35.7610594],[129.2058366,35.7610594],[129.2058643,35.7611351],[129.2059274,35.76111]]]]}},{"type":"Feature","properties":{"UFID":"100035901099A00110100000004420201"},"geometry":{"type":"MultiPolygon","coordinates":[[[[129.2058366,35.7610594],[129.2057913,35.7610595],[129.2057868,35.7610572],[129.205772,35.7610368],[129.2057807,35.7611259],[129.2058008,35.7611234],[129.2058339,35.7611276],[129.2058643,35.7611351],[129.2058366,35.7610594]]]]}},{"type":"Feature","properties":{"UFID":"100035901099A00110100000004420202"},"geometry":{"type":"MultiPolygon","coordinates":[[[[129.2059959,35.7629368],[129.2059082,35.7623462],[129.2058068,35.761431],[129.2057799,35.7611263],[129.2057807,35.7611259],[129.205669,35.7611247],[129.2056966,35.7614383],[129.2058053,35.7623694],[129.2058732,35.7629513],[129.2059959,35.7629368]]]]}},{"type":"Feature","properties":{"UFID":"100035901099A00110100000004420203"},"geometry":{"type":"MultiPolygon","coordinates":[[[[129.2064062,35.7626906],[129.2063733,35.7626862],[129.2063634,35.7627208],[129.206334,35.7627672],[129.2062676,35.7628357],[129.2061738,35.7628829],[129.2061068,35.7629122],[129.2060492,35.762935],[129.2060231,35.7629387],[129.2059959,35.7629368],[129.2060129,35.7630186],[129.2060448,35.7630056],[129.2061024,35.762973],[129.2062844,35.7628619],[129.2063621,35.7627819],[129.2063948,35.7627302],[129.2064062,35.7626906]]]]}},{"type":"Feature","properties":{"UFID":"100035901099A00110100000004420204"},"geometry":{"type":"MultiPolygon","coordinates":[[[[129.2086573,35.7608439],[129.2086515,35.7608384],[129.2086169,35.7607804],[129.208599,35.7607433],[129.2085956,35.7607191],[129.2085979,35.7606775],[129.2085568,35.7607201],[129.2085612,35.760751],[129.2085814,35.760793],[129.2086167,35.7608522],[129.2086573,35.7608439]]]]}},{"type":"Feature","properties":{"UFID":"100035901099A00110100000004420205"},"geometry":{"type":"MultiPolygon","coordinates":[[[[129.2095618,35.7610007],[129.209467,35.7610225],[129.2095171,35.7610495],[129.2095272,35.7610587],[129.2095618,35.7611238],[129.2095923,35.761113],[129.2095531,35.7610395],[129.2095534,35.7610109],[129.2095618,35.7610007]]]]}},{"type":"Feature","properties":{"UFID":"100035901099A00110100000004420206"},"geometry":{"type":"MultiPolygon","coordinates":[[[[129.2095618,35.7610007],[129.209532,35.7609556],[129.2094669,35.7609804],[129.209467,35.7610225],[129.2095618,35.7610007]]]]}},{"type":"Feature","properties":{"UFID":"100035901099A00110100000004420207"},"geometry":{"type":"MultiPolygon","coordinates":[[[[129.205772,35.7610368],[129.2057604,35.7609047],[129.2057531,35.7606982],[129.2057727,35.7605219],[129.2058124,35.7603824],[129.2058847,35.7602025],[129.2058916,35.7601971],[129.2057879,35.7601538],[129.2057058,35.7603581],[129.2056633,35.7605076],[129.2056423,35.7606954],[129.20565,35.7609092],[129.2056623,35.7610494],[129.205772,35.7610368]]]]}},{"type":"Feature","properties":{"UFID":"100035901099A00110100000004420208"},"geometry":{"type":"MultiPolygon","coordinates":[[[[129.2059214,35.7601364],[129.2058224,35.7600848],[129.2057912,35.7601456],[129.2057879,35.7601538],[129.2058916,35.7601971],[129.2059214,35.7601364]]]]}},{"type":"Feature","properties":{"UFID":"100035901099A00110100000004420209"},"geometry":{"type":"MultiPolygon","coordinates":[[[[129.2065779,35.7603158],[129.2065826,35.7602891],[129.2065571,35.7602863],[129.2065153,35.7602889],[129.2064426,35.7602978],[129.206319,35.7603113],[129.2062796,35.7603122],[129.2062448,35.7603114],[129.2062096,35.7603078],[129.206184,35.7603044],[129.2061694,35.7602973],[129.2061339,35.7602806],[129.2059218,35.7601545],[129.2059214,35.7601364],[129.2058916,35.7601971],[129.2058968,35.7601931],[129.2059159,35.7601923],[129.2059348,35.7601956],[129.2061158,35.7603034],[129.2061566,35.7603223],[129.2061917,35.7603305],[129.2062416,35.7603344],[129.2063648,35.7603245],[129.2065562,35.7603134],[129.2065779,35.7603158]]]]}},{"type":"Feature","properties":{"UFID":"100035901099A00110100000004420210"},"geometry":{"type":"MultiPolygon","coordinates":[[[[129.2086573,35.7608439],[129.2086701,35.7608901],[129.2087041,35.7609141],[129.2087258,35.7608936],[129.2086708,35.7608549],[129.2086573,35.7608439]]]]}},{"type":"Feature","properties":{"UFID":"100035901099A00110100000004420211"},"geometry":{"type":"MultiPolygon","coordinates":[[[[129.2086701,35.7608901],[129.2086267,35.7608902],[129.208629,35.7608989],[129.2086477,35.7609762],[129.2086857,35.7609701],[129.208667,35.7608928],[129.2086701,35.7608901]]]]}},{"type":"Feature","properties":{"UFID":"100035901099A00110100000004420212"},"geometry":{"type":"MultiPolygon","coordinates":[[[[129.2086573,35.7608439],[129.2086167,35.7608522],[129.2086267,35.7608902],[129.2086701,35.7608901],[129.2086573,35.7608439]]]]}},{"type":"Feature","properties":{"UFID":"100035901099A00110100000004420213"},"geometry":{"type":"MultiPolygon","coordinates":[[[[129.2063022,35.7620771],[129.2062906,35.7620794],[129.2062783,35.7620753],[129.2062583,35.7620508],[129.2062322,35.7620122],[129.2062037,35.7619524],[129.2061756,35.7618812],[129.2061511,35.7617554],[129.2061414,35.7616963],[129.2061218,35.7616027],[129.2060967,35.7615379],[129.20602,35.7613506],[129.2059734,35.7612402],[129.2059409,35.7611515],[129.2059274,35.76111],[129.2058643,35.7611351],[129.2058809,35.761147],[129.2059002,35.7611743],[129.2059218,35.7612182],[129.2059511,35.7612947],[129.2060014,35.7614053],[129.2060506,35.7615208],[129.2060798,35.7615941],[129.206083,35.7616089],[129.2060947,35.7616608],[129.2061187,35.7617984],[129.2061367,35.7618853],[129.2061555,35.7619378],[129.2061898,35.7620119],[129.2062172,35.7620544],[129.2062338,35.7620739],[129.2062676,35.7621069],[129.2062955,35.7621365],[129.2062972,35.7621389],[129.2063022,35.7620771]]]]}},{"type":"Feature","properties":{"UFID":"100035901099A00110100000004420214"},"geometry":{"type":"MultiPolygon","coordinates":[[[[129.20635,35.7621307],[129.2063477,35.7621141],[129.2063474,35.7620978],[129.2063022,35.7620771],[129.2062972,35.7621389],[129.20635,35.7621307]]]]}},{"type":"Feature","properties":{"UFID":"100035901099A00110100000004420215"},"geometry":{"type":"MultiPolygon","coordinates":[[[[129.2013379,35.7595935],[129.2013379,35.759623],[129.2013408,35.7596209],[129.2019386,35.7596744],[129.2021554,35.7596898],[129.2022015,35.7596828],[129.2021955,35.7596563],[129.2021538,35.7596625],[129.2019418,35.7596475],[129.2013379,35.7595935]]]]}},{"type":"Feature","properties":{"UFID":"100035901099A00110100000004420216"},"geometry":{"type":"MultiPolygon","coordinates":[[[[129.2013379,35.7595935],[129.2013043,35.7595905],[129.2013052,35.7596177],[129.2013379,35.759623],[129.2013379,35.7595935]]]]}},{"type":"Feature","properties":{"UFID":"100035901099A00110100000004420217"},"geometry":{"type":"MultiPolygon","coordinates":[[[[129.2011273,35.7611919],[129.2010876,35.7611931],[129.2010819,35.7612275],[129.2011037,35.7612294],[129.2011247,35.7612312],[129.2011289,35.7612315],[129.2011273,35.7611919]]]]}},{"type":"Feature","properties":{"UFID":"100035901099A00110100000004420218"},"geometry":{"type":"MultiPolygon","coordinates":[[[[129.2011273,35.7611919],[129.2011265,35.7611841],[129.2011267,35.7611821],[129.2013379,35.759623],[129.2013052,35.7596177],[129.2010963,35.7611597],[129.2010876,35.7611931],[129.2011273,35.7611919]]]]}},{"type":"Feature","properties":{"UFID":"100035901099A00110100000004420219"},"geometry":{"type":"MultiPolygon","coordinates":[[[[129.2106911,35.7610455],[129.2107061,35.7609951],[129.2106734,35.7610119],[129.2105972,35.7610331],[129.210467,35.7610499],[129.2104008,35.7610473],[129.2102703,35.7610208],[129.210149,35.7609843],[129.2099493,35.7609088],[129.2098498,35.7608941],[129.2097172,35.760908],[129.2095833,35.7609408],[129.209532,35.7609556],[129.2095618,35.7610007],[129.2095708,35.7609898],[129.2096115,35.7609621],[129.2097241,35.7609346],[129.209849,35.7609215],[129.2099392,35.7609348],[129.2101362,35.7610092],[129.2102605,35.7610467],[129.210396,35.7610741],[129.2104689,35.761077],[129.2106051,35.7610594],[129.2106177,35.761056],[129.2106911,35.7610455]]]]}},{"type":"Feature","properties":{"UFID":"100035901099A00110100000004420220"},"geometry":{"type":"MultiPolygon","coordinates":[[[[129.2109027,35.7605419],[129.2108745,35.760565],[129.2109265,35.7605732],[129.2109644,35.7605808],[129.2109723,35.7605546],[129.2109336,35.7605468],[129.2109027,35.7605419]]]]}},{"type":"Feature","properties":{"UFID":"100035901099A00110100000004420221"},"geometry":{"type":"MultiPolygon","coordinates":[[[[129.2109027,35.7605419],[129.2108764,35.7605244],[129.2108429,35.7605529],[129.2108745,35.760565],[129.2109027,35.7605419]]]]}},{"type":"Feature","properties":{"UFID":"100035901099A00110100000004420222"},"geometry":{"type":"MultiPolygon","coordinates":[[[[129.2062746,35.7609602],[129.206272,35.7609106],[129.2062465,35.7609091],[129.2061893,35.7609199],[129.2061293,35.7609373],[129.2060156,35.7609927],[129.2059561,35.7610286],[129.2059053,35.7610488],[129.2059274,35.76111],[129.2059272,35.7610945],[129.2059304,35.7610847],[129.205948,35.7610693],[129.2059837,35.7610483],[129.2060344,35.7610151],[129.2061435,35.7609619],[129.206179,35.7609516],[129.2062461,35.7609564],[129.2062746,35.7609602]]]]}},{"type":"Feature","properties":{"UFID":"100035901099A00110100000004420223"},"geometry":{"type":"MultiPolygon","coordinates":[[[[129.2063726,35.7609277],[129.2063774,35.7609617],[129.2063842,35.7609611],[129.2063912,35.7609635],[129.2065446,35.7610302],[129.2065754,35.7610391],[129.2066214,35.7610441],[129.2066724,35.7610434],[129.2067022,35.7610353],[129.2068191,35.7609897],[129.2068392,35.7609862],[129.2068715,35.7609891],[129.2069135,35.7610015],[129.2069249,35.7609761],[129.2068791,35.7609626],[129.2068376,35.7609589],[129.2068084,35.7609639],[129.2066898,35.7610102],[129.2066667,35.7610164],[129.2066232,35.761017],[129.2065832,35.7610127],[129.2065581,35.7610054],[129.2064055,35.7609391],[129.2063726,35.7609277]]]]}},{"type":"Feature","properties":{"UFID":"100035901099A00110100000004420224"},"geometry":{"type":"MultiPolygon","coordinates":[[[[129.2063726,35.7609277],[129.2063341,35.7609143],[129.206272,35.7609106],[129.2062746,35.7609602],[129.2063774,35.7609617],[129.2063726,35.7609277]]]]}},{"type":"Feature","properties":{"UFID":"100035901099A00110100000004420225"},"geometry":{"type":"MultiPolygon","coordinates":[[[[129.2066163,35.7602926],[129.2065826,35.7602891],[129.2065779,35.7603158],[129.2066173,35.76032],[129.2066163,35.7602926]]]]}},{"type":"Feature","properties":{"UFID":"100035901099A00110100000004420226"},"geometry":{"type":"MultiPolygon","coordinates":[[[[129.2076591,35.7601918],[129.207624,35.7601823],[129.2075885,35.7601729],[129.2075844,35.7602056],[129.2076584,35.76022],[129.2076591,35.7601918]]]]}},{"type":"Feature","properties":{"UFID":"100035901099A00110100000004420227"},"geometry":{"type":"MultiPolygon","coordinates":[[[[129.2075885,35.7601729],[129.2075616,35.7601657],[129.207527,35.7601563],[129.2074657,35.7601457],[129.2074628,35.7601729],[129.2075183,35.7601825],[129.2075512,35.7601914],[129.2075745,35.7601976],[129.2075844,35.7602056],[129.2075885,35.7601729]]]]}},{"type":"Feature","properties":{"UFID":"100035901099A00110100000004420228"},"geometry":{"type":"MultiPolygon","coordinates":[[[[129.2074628,35.7601729],[129.2074657,35.7601457],[129.2073533,35.7601517],[129.2073618,35.7601778],[129.2073787,35.760175],[129.2074628,35.7601729]]]]}},{"type":"Feature","properties":{"UFID":"100035901099A00110100000004420229"},"geometry":{"type":"MultiPolygon","coordinates":[[[[129.2066262,35.7601347],[129.2065936,35.7601264],[129.2065823,35.7602849],[129.2065826,35.7602891],[129.2066163,35.7602926],[129.2066156,35.7602848],[129.2066262,35.7601347]]]]}},{"type":"Feature","properties":{"UFID":"100035901099A00110100000004420230"},"geometry":{"type":"MultiPolygon","coordinates":[[[[129.2085174,35.7604825],[129.2084017,35.7604281],[129.2083874,35.7604623],[129.2084195,35.7604816],[129.208428,35.7604867],[129.2084544,35.7605119],[129.2085174,35.7604825]]]]}},{"type":"Feature","properties":{"UFID":"100035901099A00110100000004420231"},"geometry":{"type":"MultiPolygon","coordinates":[[[[129.2078528,35.760288],[129.207806,35.7602648],[129.2078183,35.7603197],[129.2078198,35.7603375],[129.2078504,35.7603366],[129.2078498,35.7602915],[129.2078528,35.760288]]]]}},{"type":"Feature","properties":{"UFID":"100035901099A00110100000004420232"},"geometry":{"type":"MultiPolygon","coordinates":[[[[129.207865,35.7602472],[129.2078342,35.7602387],[129.2078014,35.7602299],[129.207806,35.7602648],[129.2078528,35.760288],[129.207865,35.7602472]]]]}},{"type":"Feature","properties":{"UFID":"100035901099A00110100000004420233"},"geometry":{"type":"MultiPolygon","coordinates":[[[[129.2076759,35.7604212],[129.2076354,35.760423],[129.2076384,35.7604243],[129.2076382,35.7604272],[129.2076368,35.7604352],[129.2076195,35.7604769],[129.207651,35.7604855],[129.2076696,35.7604406],[129.2076728,35.7604311],[129.2076759,35.7604212]]]]}},{"type":"Feature","properties":{"UFID":"100035901099A00110100000004420234"},"geometry":{"type":"MultiPolygon","coordinates":[[[[129.2076584,35.76022],[129.2075844,35.7602056],[129.2076002,35.7602182],[129.2076289,35.760255],[129.2076594,35.7603205],[129.2076588,35.760345],[129.2076552,35.7603724],[129.2076536,35.7603753],[129.207688,35.7603764],[129.2076919,35.7603467],[129.2076927,35.7603158],[129.207665,35.7602563],[129.2076584,35.76022]]]]}},{"type":"Feature","properties":{"UFID":"100035901099A00110100000004420235"},"geometry":{"type":"MultiPolygon","coordinates":[[[[129.2076759,35.7604212],[129.207683,35.7603977],[129.207688,35.7603764],[129.2076536,35.7603753],[129.2076354,35.760423],[129.2076759,35.7604212]]]]}},{"type":"Feature","properties":{"UFID":"100035901099A00110100000004420236"},"geometry":{"type":"MultiPolygon","coordinates":[[[[129.2056763,35.7598211],[129.2057096,35.7598423],[129.2057303,35.759786],[129.2057982,35.7597018],[129.2057705,35.759687],[129.205701,35.7597733],[129.2056763,35.7598211]]]]}},{"type":"Feature","properties":{"UFID":"100035901099A00110100000004420237"},"geometry":{"type":"MultiPolygon","coordinates":[[[[129.2028391,35.7620496],[129.2028342,35.7619742],[129.2028238,35.7619736],[129.2028084,35.7619739],[129.2028035,35.7619748],[129.2027954,35.7619804],[129.2027707,35.7620236],[129.2007531,35.76487],[129.2005609,35.7651401],[129.2005408,35.7651587],[129.2005296,35.7651672],[129.2005731,35.765186],[129.2005828,35.7651633],[129.2007818,35.7648836],[129.2019575,35.7632254],[129.2019928,35.7631853],[129.2020245,35.7631545],[129.2020648,35.7630964],[129.2020641,35.7630798],[129.2027891,35.7620517],[129.2028067,35.7620452],[129.2028391,35.7620496]]]]}},{"type":"Feature","properties":{"UFID":"100035901099A00110100000004420238"},"geometry":{"type":"MultiPolygon","coordinates":[[[[129.2028887,35.7620449],[129.2028864,35.7620095],[129.2028837,35.7619697],[129.2028342,35.7619742],[129.2028391,35.7620496],[129.2028887,35.7620449]]]]}},{"type":"Feature","properties":{"UFID":"100035901099A00110100000004420239"},"geometry":{"type":"MultiPolygon","coordinates":[[[[129.2018058,35.7675083],[129.2017647,35.7675029],[129.201754,35.7674933],[129.2017481,35.7674794],[129.2017484,35.7674636],[129.2017587,35.7674435],[129.2017731,35.7674323],[129.2019939,35.7674062],[129.2020551,35.7673923],[129.2021167,35.7673642],[129.202169,35.7673345],[129.2022141,35.7673021],[129.2022543,35.7672624],[129.2022888,35.7672096],[129.202315,35.7671433],[129.2023382,35.7670553],[129.2024141,35.7666645],[129.2025079,35.7663967],[129.202537,35.7663137],[129.2025425,35.766298],[129.2026804,35.7658154],[129.2027631,35.7655108],[129.2028256,35.7651557],[129.2029048,35.7645168],[129.2029521,35.7638636],[129.2029538,35.7634476],[129.2029555,35.7630534],[129.2028887,35.7620449],[129.2028391,35.7620496],[129.2029057,35.7630545],[129.2029041,35.7634474],[129.2029024,35.7638624],[129.2028551,35.7645135],[129.2027761,35.7651509],[129.2027141,35.7655036],[129.2026318,35.7658064],[129.2024943,35.7662879],[129.2024588,35.7663892],[129.2023654,35.7666558],[129.2022893,35.7670479],[129.2022668,35.7671328],[129.2022428,35.7671938],[129.2022128,35.7672398],[129.2021783,35.7672738],[129.2021383,35.7673025],[129.2020903,35.7673297],[129.2020359,35.7673545],[129.2019836,35.7673665],[129.2017704,35.7673916],[129.2017255,35.7673924],[129.201701,35.7673966],[129.201684,35.7674045],[129.20168,35.7674117],[129.2016776,35.7674403],[129.2016761,35.7674971],[129.201675,35.7675098],[129.2016712,35.767522],[129.2018058,35.7675083]]]]}},{"type":"Feature","properties":{"UFID":"100035901099A00110100000004420240"},"geometry":{"type":"MultiPolygon","coordinates":[[[[129.2107822,35.7609957],[129.2107061,35.7609951],[129.2106911,35.7610455],[129.2107152,35.7610421],[129.210763,35.7610439],[129.2107762,35.7610453],[129.2107822,35.7609957]]]]}},{"type":"Feature","properties":{"UFID":"100035901099A00110100000004420241"},"geometry":{"type":"MultiPolygon","coordinates":[[[[129.2084017,35.7604281],[129.2083437,35.7604096],[129.207982,35.7602932],[129.2079191,35.7602639],[129.2078977,35.7602563],[129.207865,35.7602472],[129.2078528,35.760288],[129.2078721,35.7602865],[129.2078992,35.7602962],[129.2079628,35.7603258],[129.2083275,35.7604431],[129.2083874,35.7604623],[129.2084017,35.7604281]]]]}},{"type":"Feature","properties":{"UFID":"100035901099A00110100000004420242"},"geometry":{"type":"MultiPolygon","coordinates":[[[[129.2064097,35.7626217],[129.2063787,35.7626424],[129.2063733,35.7626862],[129.2064062,35.7626906],[129.2064097,35.7626217]]]]}},{"type":"Feature","properties":{"UFID":"100035901099A00110100000004420243"},"geometry":{"type":"MultiPolygon","coordinates":[[[[129.2064097,35.7626217],[129.2064093,35.7626186],[129.2063597,35.7624588],[129.2063542,35.7623943],[129.2063602,35.7623008],[129.2063653,35.7622686],[129.2063656,35.7622405],[129.206363,35.7622073],[129.2063532,35.762154],[129.20635,35.7621307],[129.2062972,35.7621389],[129.2063156,35.7621643],[129.2063287,35.7622015],[129.2063322,35.7622525],[129.2063308,35.7622872],[129.2063204,35.7623539],[129.2063209,35.7623947],[129.2063267,35.7624631],[129.2063765,35.7626233],[129.2063787,35.7626424],[129.2064097,35.7626217]]]]}},{"type":"Feature","properties":{"UFID":"100035901099A00110100000004420244"},"geometry":{"type":"MultiPolygon","coordinates":[[[[129.2040447,35.7573097],[129.2040116,35.7573076],[129.203938,35.7580883],[129.2039033,35.7584434],[129.2039021,35.7584563],[129.2038996,35.7584817],[129.2037396,35.7601196],[129.2037208,35.7603778],[129.203712,35.7603882],[129.2037533,35.7603881],[129.2037727,35.7601214],[129.2039327,35.7584839],[129.2039352,35.7584584],[129.2039363,35.7584454],[129.203971,35.7580904],[129.2040447,35.7573097]]]]}},{"type":"Feature","properties":{"UFID":"100035901099A00110100000004420245"},"geometry":{"type":"MultiPolygon","coordinates":[[[[129.203182,35.7523023],[129.2031485,35.7523126],[129.2031711,35.7523337],[129.2031994,35.7523625],[129.2032157,35.7523864],[129.203235,35.7524222],[129.2033329,35.7527215],[129.2035838,35.7534038],[129.2037242,35.7537717],[129.2038621,35.7541571],[129.2038661,35.7541684],[129.2038728,35.7541873],[129.2038951,35.7542491],[129.2039925,35.7545213],[129.204011,35.75456],[129.2040495,35.754714],[129.2041308,35.7551043],[129.2041603,35.7553461],[129.2041501,35.7555619],[129.2041437,35.7557517],[129.2041436,35.7557556],[129.2041415,35.7558174],[129.2041402,35.7558587],[129.2041387,35.7559036],[129.2041355,35.7559954],[129.2040116,35.7573076],[129.2040447,35.7573097],[129.2041686,35.7559969],[129.2041718,35.7559043],[129.2041734,35.7558594],[129.2041747,35.7558181],[129.2041767,35.7557563],[129.2041768,35.7557524],[129.2041832,35.7555628],[129.2041935,35.7553453],[129.2041637,35.7551007],[129.2040821,35.7547091],[129.2040479,35.7545724],[129.2040371,35.7545171],[129.2039343,35.7542299],[129.2039305,35.7542193],[129.2039159,35.7541788],[129.2039086,35.7541584],[129.2039045,35.7541471],[129.2037665,35.7537613],[129.2036261,35.7533933],[129.2033751,35.7527108],[129.203254,35.7524077],[129.2032156,35.7523463],[129.2031858,35.7523171],[129.203182,35.7523023]]]]}},{"type":"Feature","properties":{"UFID":"100035901099A00110100000004420246"},"geometry":{"type":"MultiPolygon","coordinates":[[[[129.206589,35.7517155],[129.2065841,35.7517066],[129.2063043,35.7515407],[129.2062636,35.7515208],[129.2061523,35.7514261],[129.2060598,35.7513649],[129.2060309,35.7513451],[129.2059775,35.7513335],[129.2057754,35.7513298],[129.2057272,35.7513308],[129.2058309,35.7514125],[129.2058603,35.7514162],[129.2059796,35.751423],[129.2060264,35.7514294],[129.2060609,35.7514392],[129.2061768,35.7515691],[129.2062087,35.751586],[129.2063558,35.7516738],[129.206512,35.7517346],[129.206568,35.7517518],[129.2065721,35.7517531],[129.206589,35.7517155]]]]}},{"type":"Feature","properties":{"UFID":"100035901099A00110100000004420247"},"geometry":{"type":"MultiPolygon","coordinates":[[[[129.2074616,35.7521778],[129.2071364,35.7519814],[129.2071202,35.7519714],[129.2070738,35.751944],[129.2067994,35.7517943],[129.2067491,35.7517689],[129.2065919,35.7517209],[129.206589,35.7517155],[129.2065721,35.7517531],[129.2067282,35.751801],[129.2074322,35.752205],[129.2074616,35.7521778]]]]}},{"type":"Feature","properties":{"UFID":"100035901099A00110100000004420248"},"geometry":{"type":"MultiPolygon","coordinates":[[[[129.2054796,35.7517878],[129.2054467,35.7517915],[129.2054524,35.7518285],[129.2054883,35.7519695],[129.2055053,35.7520325],[129.2055122,35.7520535],[129.2055155,35.7520837],[129.2054894,35.7521666],[129.2054748,35.7521878],[129.2055141,35.7521968],[129.205549,35.7520859],[129.205545,35.7520487],[129.2055375,35.7520261],[129.2055207,35.7519639],[129.2054851,35.751824],[129.2054796,35.7517878]]]]}},{"type":"Feature","properties":{"UFID":"100035901099A00110100000004420249"},"geometry":{"type":"MultiPolygon","coordinates":[[[[129.2054467,35.7517915],[129.2054796,35.7517878],[129.2055401,35.7517788],[129.205505,35.7516041],[129.2054131,35.7516111],[129.2054032,35.7515542],[129.2053519,35.7515256],[129.2053491,35.7514733],[129.2053737,35.7514571],[129.2052469,35.7514611],[129.2052623,35.7514785],[129.2053104,35.7516765],[129.2053329,35.7518029],[129.2054467,35.7517915]]]]}},{"type":"Feature","properties":{"UFID":"100035901099A00110100000004420250"},"geometry":{"type":"MultiPolygon","coordinates":[[[[129.2019979,35.7532555],[129.2019452,35.7532509],[129.2019432,35.7532643],[129.201925,35.7532943],[129.2018616,35.7533398],[129.2017808,35.7533736],[129.201634,35.7534523],[129.2015639,35.7534897],[129.2015595,35.7535261],[129.2016207,35.7534926],[129.2016864,35.753458],[129.2017814,35.7534121],[129.2018881,35.7533629],[129.201933,35.7533337],[129.2019567,35.7533112],[129.2019846,35.7532741],[129.2019979,35.7532555]]]]}},{"type":"Feature","properties":{"UFID":"100035901099A00110100000004420251"},"geometry":{"type":"MultiPolygon","coordinates":[[[[129.2060722,35.7521518],[129.2059736,35.7521631],[129.2059731,35.7522008],[129.2059707,35.7522525],[129.2059629,35.7523031],[129.2059465,35.7523659],[129.2059057,35.7525111],[129.2058431,35.7527118],[129.2057912,35.7529046],[129.2057553,35.753182],[129.2057529,35.7535406],[129.2057886,35.7540779],[129.205863,35.7546178],[129.2059894,35.7552671],[129.2062667,35.7560949],[129.2063309,35.756315],[129.2063513,35.756473],[129.2063962,35.7565945],[129.206475,35.7568203],[129.2066309,35.757356],[129.2066828,35.7576055],[129.2067169,35.7578064],[129.2066886,35.7581792],[129.2066541,35.7584047],[129.206589,35.7586438],[129.2064846,35.7588937],[129.206327,35.7591665],[129.206421,35.7591904],[129.2065693,35.7589216],[129.2066769,35.7586639],[129.2067441,35.7584173],[129.2067795,35.7581861],[129.2068084,35.7578036],[129.206773,35.7575942],[129.2067204,35.7573412],[129.2064455,35.7563966],[129.2063525,35.756077],[129.206076,35.7552519],[129.2059506,35.7546081],[129.2058768,35.7540719],[129.2058414,35.7535393],[129.2058571,35.7531907],[129.2059291,35.7528505],[129.2060646,35.7523123],[129.2060735,35.7521628],[129.2060722,35.7521518]]]]}},{"type":"Feature","properties":{"UFID":"100035901099A00110100000004420252"},"geometry":{"type":"MultiPolygon","coordinates":[[[[129.2058309,35.7514125],[129.2056515,35.75148],[129.2056574,35.7514801],[129.205664,35.7514866],[129.2057696,35.7516597],[129.2058524,35.7517959],[129.2058882,35.7518612],[129.2059161,35.751921],[129.2059362,35.7519739],[129.2059526,35.7520261],[129.2059649,35.7520738],[129.2059679,35.7520992],[129.2060856,35.7521081],[129.2060605,35.7520515],[129.2059945,35.7518622],[129.2057852,35.7514905],[129.2058309,35.7514125]]]]}},{"type":"Feature","properties":{"UFID":"100035901099A00110100000004420253"},"geometry":{"type":"MultiPolygon","coordinates":[[[[129.2067947,35.7522149],[129.2067617,35.7522001],[129.2066191,35.7521223],[129.2065557,35.7520966],[129.2065275,35.752089],[129.2064836,35.752088],[129.2062939,35.7521102],[129.206262,35.7521136],[129.2061871,35.7521146],[129.2061157,35.7521118],[129.2060856,35.7521081],[129.2060722,35.7521518],[129.2061199,35.7521458],[129.2062216,35.752142],[129.2062308,35.7521416],[129.2062606,35.7521414],[129.2064854,35.752115],[129.2065217,35.7521159],[129.2065431,35.7521217],[129.2066024,35.7521457],[129.2067444,35.7522232],[129.2067581,35.7522294],[129.2068044,35.7522549],[129.2067947,35.7522149]]]]}},{"type":"Feature","properties":{"UFID":"100035901099A00110100000004420254"},"geometry":{"type":"MultiPolygon","coordinates":[[[[129.2060722,35.7521518],[129.2060856,35.7521081],[129.2059679,35.7520992],[129.2059697,35.752114],[129.2059737,35.7521579],[129.2059736,35.7521631],[129.2060722,35.7521518]]]]}},{"type":"Feature","properties":{"UFID":"100035901099A00110100000004420255"},"geometry":{"type":"MultiPolygon","coordinates":[[[[129.202036,35.7530318],[129.2019737,35.7530224],[129.20197,35.7530397],[129.2019513,35.7531627],[129.2019485,35.7532143],[129.2019481,35.7532314],[129.2019452,35.7532509],[129.2019979,35.7532555],[129.202036,35.7530318]]]]}},{"type":"Feature","properties":{"UFID":"100035901099A00110100000004420256"},"geometry":{"type":"MultiPolygon","coordinates":[[[[129.2022341,35.7517036],[129.2022841,35.7515198],[129.2021551,35.7515081],[129.2020523,35.7516099],[129.2021443,35.7517511],[129.2022341,35.7517036]]]]}},{"type":"Feature","properties":{"UFID":"100035901099A00110100000004420257"},"geometry":{"type":"MultiPolygon","coordinates":[[[[129.2027972,35.7516532],[129.2027403,35.7515283],[129.2026088,35.7515333],[129.2025856,35.7517215],[129.2027972,35.7516532]]]]}},{"type":"Feature","properties":{"UFID":"100035901099A00110100000004420258"},"geometry":{"type":"MultiPolygon","coordinates":[[[[129.203182,35.7523023],[129.2031585,35.7522078],[129.2030851,35.7522481],[129.2030904,35.7522534],[129.2031289,35.7522944],[129.2031485,35.7523126],[129.203182,35.7523023]]]]}},{"type":"Feature","properties":{"UFID":"100035901099A00110100000004420259"},"geometry":{"type":"MultiPolygon","coordinates":[[[[129.2031585,35.7522078],[129.203182,35.7523023],[129.203184,35.7522814],[129.203192,35.752272],[129.2032115,35.7522565],[129.2032628,35.7522161],[129.2032823,35.7521853],[129.2033,35.7521325],[129.2033285,35.7520248],[129.2033123,35.7520219],[129.203296,35.7520191],[129.2032678,35.7521261],[129.2032482,35.7521592],[129.2032271,35.7521879],[129.2032112,35.7522021],[129.2031949,35.752207],[129.2031778,35.7522087],[129.2031585,35.7522078]]]]}},{"type":"Feature","properties":{"UFID":"100035901099A00110100000004420260"},"geometry":{"type":"MultiPolygon","coordinates":[[[[129.2028738,35.75189],[129.2028445,35.7518232],[129.2027968,35.7518498],[129.2027103,35.7518979],[129.202757,35.7519252],[129.2028141,35.7519587],[129.2028738,35.75189]]]]}},{"type":"Feature","properties":{"UFID":"100035901099A00110100000004420261"},"geometry":{"type":"MultiPolygon","coordinates":[[[[129.2030132,35.7520998],[129.2029636,35.752056],[129.2029316,35.7520759],[129.2029024,35.7520941],[129.2029174,35.7521033],[129.2029922,35.7521492],[129.2030132,35.7520998]]]]}},{"type":"Feature","properties":{"UFID":"100035901099A00110100000004420262"},"geometry":{"type":"MultiPolygon","coordinates":[[[[129.2029174,35.7521033],[129.2029024,35.7520941],[129.2029126,35.7521127],[129.2029178,35.7521222],[129.2029528,35.7521933],[129.2029766,35.7522546],[129.2029881,35.7522972],[129.2029922,35.7523219],[129.2030644,35.752336],[129.2030497,35.7523058],[129.2029996,35.7521958],[129.2029867,35.752159],[129.2029872,35.7521539],[129.2029881,35.7521506],[129.2029922,35.7521492],[129.2029174,35.7521033]]]]}},{"type":"Feature","properties":{"UFID":"100035901099A00110100000004420263"},"geometry":{"type":"MultiPolygon","coordinates":[[[[129.2030644,35.752336],[129.2029922,35.7523219],[129.202996,35.7523453],[129.2029955,35.7523791],[129.2030564,35.7524002],[129.2030644,35.752336]]]]}},{"type":"Feature","properties":{"UFID":"100035901099A00110100000004420264"},"geometry":{"type":"MultiPolygon","coordinates":[[[[129.2028905,35.7528358],[129.2027612,35.752817],[129.2027403,35.7528871],[129.2027236,35.752921],[129.2027131,35.7529344],[129.2026977,35.7529446],[129.202689,35.752954],[129.2026849,35.752962],[129.2026826,35.7529935],[129.2026803,35.7529979],[129.2026776,35.7530008],[129.2026726,35.7530014],[129.2026634,35.7530013],[129.2027407,35.7532312],[129.2027786,35.7530874],[129.202785,35.7530444],[129.2028339,35.7529367],[129.2028648,35.752879],[129.2028905,35.7528358]]]]}},{"type":"Feature","properties":{"UFID":"100035901099A00110100000004420265"},"geometry":{"type":"MultiPolygon","coordinates":[[[[129.2030644,35.752336],[129.2030564,35.7524002],[129.2030599,35.7524006],[129.2030617,35.7524013],[129.2030687,35.7524186],[129.2030772,35.7524473],[129.2030786,35.7524777],[129.20307,35.7525457],[129.20306,35.7526174],[129.2030586,35.7526537],[129.2030609,35.7526837],[129.2030634,35.7527027],[129.2030643,35.7527126],[129.2030808,35.7527108],[129.2030972,35.7527091],[129.2030908,35.7526686],[129.2030931,35.7526109],[129.2031053,35.7525638],[129.2031108,35.7524994],[129.2031109,35.7524594],[129.2031055,35.7524297],[129.2030864,35.7523812],[129.2030644,35.752336]]]]}},{"type":"Feature","properties":{"UFID":"100035901099A00110100000004420266"},"geometry":{"type":"MultiPolygon","coordinates":[[[[129.2030564,35.7524002],[129.2029955,35.7523791],[129.2029953,35.7523947],[129.2029919,35.7524445],[129.202984,35.7524906],[129.2029721,35.7525428],[129.202959,35.7525804],[129.2029358,35.7526282],[129.2029003,35.7526952],[129.2028579,35.752767],[129.2028557,35.7527673],[129.2028905,35.7528358],[129.2029065,35.7528089],[129.2029209,35.752784],[129.202956,35.7527174],[129.2029825,35.7526585],[129.2030249,35.7525565],[129.2030423,35.7524748],[129.2030509,35.7524067],[129.2030532,35.7524009],[129.2030564,35.7524002]]]]}},{"type":"Feature","properties":{"UFID":"100035901099A00110100000004420267"},"geometry":{"type":"MultiPolygon","coordinates":[[[[129.2027893,35.7516761],[129.2027972,35.7516532],[129.2025856,35.7517215],[129.2026136,35.7517449],[129.2026414,35.7517755],[129.2026635,35.751806],[129.2026947,35.7518659],[129.2027103,35.7518979],[129.2027968,35.7518498],[129.2028445,35.7518232],[129.2028267,35.751793],[129.202816,35.751775],[129.2027967,35.7517404],[129.2027885,35.7517194],[129.2027873,35.7517003],[129.2027893,35.7516761]]]]}},{"type":"Feature","properties":{"UFID":"100035901099A00110100000004420268"},"geometry":{"type":"MultiPolygon","coordinates":[[[[129.2028557,35.7527673],[129.2027745,35.7527702],[129.2027653,35.7528035],[129.2027612,35.752817],[129.2028905,35.7528358],[129.2028557,35.7527673]]]]}},{"type":"Feature","properties":{"UFID":"100035901099A00110100000004420269"},"geometry":{"type":"MultiPolygon","coordinates":[[[[129.2004582,35.751487],[129.2003517,35.7514673],[129.2003148,35.751454],[129.2002267,35.7514222],[129.2001834,35.7515296],[129.2004191,35.7515904],[129.2004582,35.751487]]]]}},{"type":"Feature","properties":{"UFID":"100035901099A00110100000004420270"},"geometry":{"type":"MultiPolygon","coordinates":[[[[129.200912,35.7516031],[129.2008922,35.7514954],[129.2006792,35.7515008],[129.2004836,35.7514917],[129.2004582,35.751487],[129.2004191,35.7515904],[129.2004235,35.7515914],[129.200465,35.7515991],[129.2006774,35.751609],[129.200912,35.7516031]]]]}},{"type":"Feature","properties":{"UFID":"100035901099A00110100000004420271"},"geometry":{"type":"MultiPolygon","coordinates":[[[[129.2004191,35.7515904],[129.2001834,35.7515296],[129.2001881,35.7515422],[129.2001856,35.7515856],[129.2001626,35.7518359],[129.2002255,35.751847],[129.2002409,35.7516949],[129.2002441,35.7516534],[129.2002462,35.7516413],[129.2003241,35.7516146],[129.2003838,35.7515984],[129.200416,35.7515907],[129.2004191,35.7515904]]]]}},{"type":"Feature","properties":{"UFID":"100035901099A00110100000004420272"},"geometry":{"type":"MultiPolygon","coordinates":[[[[129.2002267,35.7514222],[129.2001973,35.7514116],[129.2000899,35.7513729],[129.2000333,35.7514713],[129.2001488,35.7515178],[129.2001834,35.7515296],[129.2002267,35.7514222]]]]}},{"type":"Feature","properties":{"UFID":"100035901099A00110100000004420273"},"geometry":{"type":"MultiPolygon","coordinates":[[[[129.2077353,35.752373],[129.2076517,35.7523096],[129.2075255,35.7522202],[129.2074933,35.7522459],[129.2074966,35.7522475],[129.2076221,35.7523365],[129.2077039,35.7523985],[129.2077353,35.752373]]]]}},{"type":"Feature","properties":{"UFID":"100035901099A00110100000004420274"},"geometry":{"type":"MultiPolygon","coordinates":[[[[129.2077725,35.7524012],[129.2077353,35.752373],[129.2077039,35.7523985],[129.2077397,35.7524256],[129.2077725,35.7524012]]]]}},{"type":"Feature","properties":{"UFID":"100035901099A00110100000004420275"},"geometry":{"type":"MultiPolygon","coordinates":[[[[129.2077353,35.752373],[129.2077725,35.7524012],[129.2077875,35.7523879],[129.2077908,35.7523863],[129.2078223,35.7523737],[129.2078399,35.7523659],[129.2078976,35.7523385],[129.2079479,35.7523169],[129.2079325,35.752293],[129.2078816,35.7523148],[129.2078236,35.7523424],[129.2078071,35.7523497],[129.2077751,35.7523624],[129.2077711,35.7523644],[129.2077353,35.752373]]]]}},{"type":"Feature","properties":{"UFID":"100035901099A00110100000004420276"},"geometry":{"type":"MultiPolygon","coordinates":[[[[129.2077725,35.7524012],[129.2077397,35.7524256],[129.2080651,35.7526721],[129.2081113,35.75268],[129.2081204,35.7526447],[129.2080862,35.7526389],[129.2077725,35.7524012]]]]}},{"type":"Feature","properties":{"UFID":"100035901099A00110100000004420277"},"geometry":{"type":"MultiPolygon","coordinates":[[[[129.2055499,35.7513081],[129.2055462,35.7513094],[129.2054874,35.7513169],[129.2054327,35.7513243],[129.2053023,35.751331],[129.2053737,35.7514571],[129.2054818,35.751449],[129.2055539,35.7514487],[129.2056009,35.7514631],[129.2056515,35.75148],[129.2055499,35.7513081]]]]}},{"type":"Feature","properties":{"UFID":"100035901099A00110100000004420278"},"geometry":{"type":"MultiPolygon","coordinates":[[[[129.2056211,35.7510209],[129.2055126,35.7510392],[129.2055081,35.7511027],[129.2055266,35.7512047],[129.2055516,35.7512962],[129.2055516,35.7513009],[129.2055512,35.7513057],[129.2055499,35.7513081],[129.2057272,35.7513308],[129.2056716,35.7512584],[129.2056279,35.7512054],[129.2056209,35.7511894],[129.2056027,35.751049],[129.2056211,35.7510209]]]]}},{"type":"Feature","properties":{"UFID":"100035901099A00110100000004420279"},"geometry":{"type":"MultiPolygon","coordinates":[[[[129.2058309,35.7514125],[129.2057272,35.7513308],[129.2055499,35.7513081],[129.2056515,35.75148],[129.2058309,35.7514125]]]]}},{"type":"Feature","properties":{"UFID":"100035901099A00110100000004420280"},"geometry":{"type":"MultiPolygon","coordinates":[[[[129.205625,35.7509286],[129.2056147,35.7508988],[129.2056157,35.7508885],[129.2056574,35.7507492],[129.2058597,35.7502347],[129.2057566,35.7502159],[129.2057601,35.7502239],[129.2056773,35.7504661],[129.2056029,35.7506525],[129.2055723,35.7507294],[129.2055281,35.7508771],[129.2055224,35.7509365],[129.205625,35.7509286]]]]}},{"type":"Feature","properties":{"UFID":"100035901099A00110100000004420281"},"geometry":{"type":"MultiPolygon","coordinates":[[[[129.2053737,35.7514571],[129.2053023,35.751331],[129.2052193,35.7513368],[129.2052469,35.7514611],[129.2053737,35.7514571]]]]}},{"type":"Feature","properties":{"UFID":"100035901099A00110100000004420282"},"geometry":{"type":"MultiPolygon","coordinates":[[[[129.2055141,35.7521968],[129.2054748,35.7521878],[129.2054445,35.7522316],[129.2054852,35.7522424],[129.2055141,35.7521968]]]]}},{"type":"Feature","properties":{"UFID":"100035901099A00110100000004420283"},"geometry":{"type":"MultiPolygon","coordinates":[[[[129.2055141,35.7521968],[129.2054852,35.7522424],[129.2055504,35.7523318],[129.2055789,35.752318],[129.2055248,35.7522438],[129.2055141,35.7521968]]]]}},{"type":"Feature","properties":{"UFID":"100035901099A00110100000004420284"},"geometry":{"type":"MultiPolygon","coordinates":[[[[129.2054852,35.7522424],[129.2054445,35.7522316],[129.2054393,35.7522393],[129.2054125,35.7522585],[129.2053923,35.7522785],[129.2054179,35.7522956],[129.2054364,35.7522773],[129.2054852,35.7522424]]]]}},{"type":"Feature","properties":{"UFID":"100035901099A00110100000004420285"},"geometry":{"type":"MultiPolygon","coordinates":[[[[129.2074933,35.7522459],[129.2074322,35.752205],[129.2074369,35.7522191],[129.2074381,35.7522231],[129.2074299,35.7522539],[129.2074038,35.7522932],[129.2074312,35.7523207],[129.2074335,35.7523053],[129.2074668,35.7522552],[129.2074933,35.7522459]]]]}},{"type":"Feature","properties":{"UFID":"100035901099A00110100000004420286"},"geometry":{"type":"MultiPolygon","coordinates":[[[[129.203712,35.7603882],[129.2037084,35.7603874],[129.2037039,35.7603833],[129.2037003,35.760378],[129.2036903,35.7603322],[129.2037037,35.7601271],[129.2037502,35.7594911],[129.2037469,35.7594173],[129.2037264,35.7593643],[129.2036951,35.7593102],[129.2035778,35.7591306],[129.2034557,35.7589173],[129.2032934,35.7586497],[129.2032525,35.7586029],[129.2032165,35.7585488],[129.2031953,35.7585073],[129.203185,35.7584726],[129.2031781,35.7584278],[129.2031783,35.758392],[129.2031789,35.7583462],[129.2031787,35.7583322],[129.2031391,35.7583319],[129.2030997,35.7583313],[129.2030672,35.7583289],[129.2030534,35.7583223],[129.2030504,35.7582923],[129.2029898,35.7573674],[129.2029897,35.7573412],[129.2029566,35.7573412],[129.2029566,35.7573682],[129.2030174,35.7582941],[129.2030217,35.7583385],[129.2030568,35.7583554],[129.2030979,35.7583584],[129.2031346,35.7583588],[129.2031383,35.7583763],[129.2031465,35.758488],[129.2031671,35.7585395],[129.2031964,35.7585726],[129.2032689,35.7586727],[129.2034259,35.7589289],[129.2035481,35.7591426],[129.2036655,35.7593223],[129.2036955,35.7593741],[129.2037139,35.759422],[129.203717,35.7594907],[129.2036705,35.7601255],[129.2036556,35.7603555],[129.2036445,35.7604335],[129.2036391,35.7604481],[129.203712,35.7603882]]]]}},{"type":"Feature","properties":{"UFID":"100035901099A00110100000004420287"},"geometry":{"type":"MultiPolygon","coordinates":[[[[129.2074312,35.7523207],[129.2073945,35.7523639],[129.2073997,35.7523645],[129.2074406,35.7523898],[129.2074494,35.7523978],[129.207474,35.7523797],[129.20746,35.752367],[129.2074312,35.7523207]]]]}},{"type":"Feature","properties":{"UFID":"100035901099A00110100000004420288"},"geometry":{"type":"MultiPolygon","coordinates":[[[[129.2074312,35.7523207],[129.2074038,35.7522932],[129.2073695,35.7523448],[129.2073945,35.7523639],[129.2074312,35.7523207]]]]}},{"type":"Feature","properties":{"UFID":"100035901099A00110100000004420289"},"geometry":{"type":"MultiPolygon","coordinates":[[[[129.2073945,35.7523639],[129.2073695,35.7523448],[129.2073539,35.7523683],[129.2073414,35.7523809],[129.20738,35.7523856],[129.2073945,35.7523639]]]]}},{"type":"Feature","properties":{"UFID":"100035901099A00110100000004420290"},"geometry":{"type":"MultiPolygon","coordinates":[[[[129.2073487,35.7524383],[129.2073148,35.7524324],[129.2073152,35.7524343],[129.2072401,35.7526037],[129.2072713,35.752613],[129.2073487,35.7524383]]]]}},{"type":"Feature","properties":{"UFID":"100035901099A00110100000004420291"},"geometry":{"type":"MultiPolygon","coordinates":[[[[129.20738,35.7523856],[129.2073414,35.7523809],[129.2073148,35.7524324],[129.2073487,35.7524383],[129.2073545,35.7524252],[129.20738,35.7523856]]]]}},{"type":"Feature","properties":{"UFID":"100035901099A00110100000004420292"},"geometry":{"type":"MultiPolygon","coordinates":[[[[129.2073414,35.7523809],[129.2073269,35.75239],[129.2072979,35.7523955],[129.2072837,35.7523926],[129.207143,35.7523729],[129.2070652,35.7523652],[129.2070507,35.7523616],[129.2069504,35.7522725],[129.2069295,35.7522532],[129.2068897,35.7522411],[129.2068532,35.7522329],[129.2068521,35.752264],[129.2068593,35.7522623],[129.2068795,35.7522668],[129.2069102,35.7522761],[129.2069258,35.7522905],[129.2070323,35.7523853],[129.2070583,35.7523918],[129.2071382,35.7523997],[129.2072529,35.7524157],[129.2073148,35.7524324],[129.2073414,35.7523809]]]]}},{"type":"Feature","properties":{"UFID":"100035901099A00110100000004420293"},"geometry":{"type":"MultiPolygon","coordinates":[[[[129.2068532,35.7522329],[129.206816,35.7522246],[129.2067947,35.7522149],[129.2068044,35.7522549],[129.2068521,35.752264],[129.2068532,35.7522329]]]]}},{"type":"Feature","properties":{"UFID":"100035901099A00110100000004420294"},"geometry":{"type":"MultiPolygon","coordinates":[[[[129.2075255,35.7522202],[129.2074831,35.7521902],[129.2074616,35.7521778],[129.2074322,35.752205],[129.2074933,35.7522459],[129.2075255,35.7522202]]]]}},{"type":"Feature","properties":{"UFID":"100035901099A00110100000004420295"},"geometry":{"type":"MultiPolygon","coordinates":[[[[129.205625,35.7509286],[129.2056211,35.7510209],[129.2056322,35.7510193],[129.2057658,35.7510078],[129.2057774,35.751008],[129.205779,35.7509539],[129.205771,35.7509538],[129.2057172,35.7509482],[129.2056302,35.7509311],[129.205625,35.7509286]]]]}},{"type":"Feature","properties":{"UFID":"100035901099A00110100000004420296"},"geometry":{"type":"MultiPolygon","coordinates":[[[[129.201009,35.7516007],[129.201018,35.7514922],[129.2008922,35.7514954],[129.200912,35.7516031],[129.201009,35.7516007]]]]}},{"type":"Feature","properties":{"UFID":"100035901099A00110100000004420297"},"geometry":{"type":"MultiPolygon","coordinates":[[[[129.2049752,35.7513579],[129.2049619,35.7513507],[129.2049355,35.7513182],[129.2048889,35.7512068],[129.2048944,35.7512006],[129.2048465,35.7512095],[129.2048845,35.7513046],[129.2048813,35.7513642],[129.2049752,35.7513579]]]]}},{"type":"Feature","properties":{"UFID":"100035901099A00110100000004420298"},"geometry":{"type":"MultiPolygon","coordinates":[[[[129.2027309,35.7582078],[129.2027284,35.7581544],[129.2026845,35.7581443],[129.2026871,35.7582167],[129.2027309,35.7582078]]]]}},{"type":"Feature","properties":{"UFID":"100035901099A00110100000004420299"},"geometry":{"type":"MultiPolygon","coordinates":[[[[129.2049752,35.7513579],[129.2048813,35.7513642],[129.2049261,35.7514706],[129.2049926,35.7514818],[129.2049752,35.7513579]]]]}},{"type":"Feature","properties":{"UFID":"100035901099A00110100000004420300"},"geometry":{"type":"MultiPolygon","coordinates":[[[[129.2048944,35.7512006],[129.2048757,35.7511519],[129.2048315,35.7511719],[129.2048465,35.7512095],[129.2048944,35.7512006]]]]}},{"type":"Feature","properties":{"UFID":"100035901099A00110100000004420301"},"geometry":{"type":"MultiPolygon","coordinates":[[[[129.2056211,35.7510209],[129.205625,35.7509286],[129.2055224,35.7509365],[129.2055126,35.7510392],[129.2056211,35.7510209]]]]}},{"type":"Feature","properties":{"UFID":"100035901099A00110100000004420302"},"geometry":{"type":"MultiPolygon","coordinates":[[[[129.2047721,35.7509047],[129.2047414,35.7508838],[129.2047062,35.7508847],[129.204716,35.7509052],[129.2047255,35.7509258],[129.2047721,35.7509047]]]]}},{"type":"Feature","properties":{"UFID":"100035901099A00110100000004420303"},"geometry":{"type":"MultiPolygon","coordinates":[[[[129.2048757,35.7511519],[129.2047721,35.7509047],[129.2047255,35.7509258],[129.2047578,35.7509959],[129.2048315,35.7511719],[129.2048757,35.7511519]]]]}},{"type":"Feature","properties":{"UFID":"100035901099A00110100000004420304"},"geometry":{"type":"MultiPolygon","coordinates":[[[[129.207284,35.7529595],[129.2072545,35.7529724],[129.2073016,35.753024],[129.2073224,35.7530322],[129.2074252,35.7530707],[129.207439,35.7530461],[129.2073365,35.7530077],[129.2073233,35.7530025],[129.207284,35.7529595]]]]}},{"type":"Feature","properties":{"UFID":"100035901099A00110100000004420305"},"geometry":{"type":"MultiPolygon","coordinates":[[[[129.207284,35.7529595],[129.2072471,35.752919],[129.2072096,35.7529233],[129.2072545,35.7529724],[129.207284,35.7529595]]]]}},{"type":"Feature","properties":{"UFID":"100035901099A00110100000004420306"},"geometry":{"type":"MultiPolygon","coordinates":[[[[129.2072471,35.752919],[129.2072322,35.7529028],[129.2070951,35.7528367],[129.2070243,35.7527806],[129.2069893,35.7527119],[129.206904,35.7524918],[129.2068454,35.7522747],[129.2068521,35.752264],[129.2068044,35.7522549],[129.2068127,35.7522794],[129.2068719,35.7524988],[129.2069581,35.7527213],[129.2069962,35.752796],[129.2070748,35.7528583],[129.2072096,35.7529233],[129.2072471,35.752919]]]]}},{"type":"Feature","properties":{"UFID":"100035901099A00110100000004420307"},"geometry":{"type":"MultiPolygon","coordinates":[[[[129.20096,35.7510614],[129.2009582,35.751035],[129.2008798,35.7510381],[129.2008817,35.7510652],[129.20096,35.7510614]]]]}},{"type":"Feature","properties":{"UFID":"100035901099A00110100000004420308"},"geometry":{"type":"MultiPolygon","coordinates":[[[[129.201018,35.7514922],[129.2009906,35.7514618],[129.2009728,35.751254],[129.20096,35.7510614],[129.2008817,35.7510652],[129.2008836,35.7510917],[129.200906,35.7513817],[129.2009054,35.7514825],[129.2008922,35.7514954],[129.201018,35.7514922]]]]}},{"type":"Feature","properties":{"UFID":"100035901099A00110100000004420309"},"geometry":{"type":"MultiPolygon","coordinates":[[[[129.2021551,35.7515081],[129.2019588,35.7514942],[129.2018069,35.7514899],[129.2014407,35.7514931],[129.2010344,35.7515004],[129.201018,35.7514922],[129.201009,35.7516007],[129.2018724,35.751579],[129.2020277,35.7515898],[129.2020442,35.7516003],[129.2020523,35.7516099],[129.2021551,35.7515081]]]]}},{"type":"Feature","properties":{"UFID":"100035901099A00110100000004420310"},"geometry":{"type":"MultiPolygon","coordinates":[[[[129.2072471,35.752919],[129.207284,35.7529595],[129.2073167,35.7529699],[129.2073426,35.7529778],[129.2073485,35.7529651],[129.2073544,35.7529525],[129.2072972,35.7529347],[129.2072471,35.752919]]]]}},{"type":"Feature","properties":{"UFID":"100035901099A00110100000004420311"},"geometry":{"type":"MultiPolygon","coordinates":[[[[129.2021443,35.7517511],[129.2020523,35.7516099],[129.2020639,35.7516319],[129.2020671,35.751643],[129.2020708,35.7516554],[129.202097,35.751867],[129.2021234,35.7522087],[129.2021117,35.752286],[129.2020674,35.7525464],[129.2020562,35.7526235],[129.2020327,35.7527719],[129.2020143,35.7528448],[129.2019971,35.7529157],[129.2019737,35.7530224],[129.202036,35.7530318],[129.2020328,35.7530039],[129.2020332,35.7529776],[129.2020453,35.7529224],[129.202063,35.7528528],[129.2020818,35.7527786],[129.2020965,35.7526661],[129.2021076,35.7525956],[129.2021353,35.7524446],[129.2021582,35.7523203],[129.2021657,35.752268],[129.2021679,35.7522413],[129.2021683,35.7522094],[129.2021663,35.7521603],[129.2021612,35.752083],[129.2021503,35.7519588],[129.2021348,35.7517572],[129.202138,35.7517528],[129.2021443,35.7517511]]]]}},{"type":"Feature","properties":{"UFID":"100035901099A00110100000004420312"},"geometry":{"type":"MultiPolygon","coordinates":[[[[129.2070041,35.7618774],[129.2070593,35.7618854],[129.2070594,35.7618853],[129.2070408,35.7618329],[129.207035,35.7618266],[129.2070087,35.7617788],[129.2068606,35.7615268],[129.2068306,35.7614632],[129.2068189,35.7614266],[129.2068158,35.7613882],[129.2068132,35.7613564],[129.2068116,35.76133],[129.2067798,35.7613308],[129.2067767,35.761356],[129.2067861,35.7614472],[129.2067996,35.7614826],[129.2068609,35.7615927],[129.2069434,35.7617309],[129.2069734,35.7617913],[129.2069903,35.7618393],[129.2069964,35.7618506],[129.2070038,35.7618708],[129.2070041,35.7618774]]]]}},{"type":"Feature","properties":{"UFID":"100035901099A00110100000004420313"},"geometry":{"type":"MultiPolygon","coordinates":[[[[129.2031085,35.7521821],[129.2030132,35.7520998],[129.2029922,35.7521492],[129.2029967,35.7521493],[129.2030039,35.7521497],[129.2030259,35.7521814],[129.2030559,35.752219],[129.2031085,35.7521821]]]]}},{"type":"Feature","properties":{"UFID":"100035901099A00110100000004420314"},"geometry":{"type":"MultiPolygon","coordinates":[[[[129.2031585,35.7522078],[129.2031419,35.7522032],[129.2031272,35.7521943],[129.2031085,35.7521821],[129.2030559,35.752219],[129.2030851,35.7522481],[129.2031585,35.7522078]]]]}},{"type":"Feature","properties":{"UFID":"100035901099A00110100000004420318"},"geometry":{"type":"MultiPolygon","coordinates":[[[[129.2100112,35.7748995],[129.210013,35.7749131],[129.2100382,35.7749125],[129.2100495,35.7749117],[129.2100758,35.7749076],[129.2101253,35.7748983],[129.2101521,35.7748953],[129.2102082,35.7748941],[129.2102637,35.7748908],[129.210364,35.774886],[129.2104061,35.7748848],[129.2104219,35.7748858],[129.2104355,35.7748902],[129.2104543,35.7748966],[129.210468,35.774899],[129.2104807,35.7749008],[129.2104938,35.7749012],[129.2105215,35.7749003],[129.2105574,35.7748979],[129.2105381,35.7748754],[129.2105145,35.7748772],[129.2104928,35.7748783],[129.2104706,35.774877],[129.2104537,35.7748713],[129.2104369,35.7748634],[129.2104238,35.774861],[129.2104023,35.7748608],[129.2103384,35.7748615],[129.2102254,35.7748611],[129.2101475,35.7748629],[129.2100796,35.7748649],[129.2100103,35.7748879],[129.2100112,35.7748995]]]]}},{"type":"Feature","properties":{"UFID":"100035901099A00110100000004420319"},"geometry":{"type":"MultiPolygon","coordinates":[[[[129.2097355,35.7749351],[129.2097336,35.7749234],[129.2097285,35.7749033],[129.2097251,35.7748987],[129.209705,35.7748931],[129.209679,35.7748862],[129.2096715,35.7748815],[129.2096705,35.774951],[129.2096733,35.7749492],[129.2097365,35.7749479],[129.209738,35.7749471],[129.2097355,35.7749351]]]]}},{"type":"Feature","properties":{"UFID":"100035901099A00110100000004420320"},"geometry":{"type":"MultiPolygon","coordinates":[[[[129.2036822,35.7749038],[129.2036389,35.7748964],[129.203636,35.7749088],[129.2036775,35.7749241],[129.2036822,35.7749038]]]]}},{"type":"Feature","properties":{"UFID":"100035901099A00110100000004420321"},"geometry":{"type":"MultiPolygon","coordinates":[[[[129.2036526,35.77483],[129.2036964,35.7748515],[129.2036968,35.7748512],[129.2037248,35.7748376],[129.2037968,35.7748367],[129.203793,35.7748085],[129.2037535,35.7748125],[129.2037153,35.7748191],[129.2036936,35.7748234],[129.203659,35.7748258],[129.2036548,35.7748283],[129.2036526,35.77483]]]]}},{"type":"Feature","properties":{"UFID":"100035901099A00110100000004420322"},"geometry":{"type":"MultiPolygon","coordinates":[[[[129.2015435,35.7676259],[129.2015229,35.7675545],[129.2010618,35.76763],[129.2003409,35.7676614],[129.2002843,35.7676629],[129.2002873,35.767744],[129.2010732,35.7677016],[129.201506,35.7676308],[129.2015435,35.7676259]]]]}},{"type":"Feature","properties":{"UFID":"100035901099A00110100000004420323"},"geometry":{"type":"MultiPolygon","coordinates":[[[[129.2026283,35.7743009],[129.2025777,35.7742495],[129.2025741,35.7742828],[129.2025022,35.7743998],[129.2025012,35.7744012],[129.2025355,35.7744132],[129.2025351,35.7744107],[129.2025357,35.7744068],[129.2025936,35.7743117],[129.2025975,35.7743074],[129.2026066,35.7743038],[129.2026168,35.7743016],[129.2026283,35.7743009]]]]}},{"type":"Feature","properties":{"UFID":"100035901099A00110100000004420324"},"geometry":{"type":"MultiPolygon","coordinates":[[[[129.2072127,35.7749641],[129.2071909,35.7749415],[129.2071719,35.7748697],[129.2071232,35.7748782],[129.2071414,35.7749472],[129.2071325,35.7749717],[129.2072127,35.7749641]]]]}},{"type":"Feature","properties":{"UFID":"100035901099A00110100000004420325"},"geometry":{"type":"MultiPolygon","coordinates":[[[[129.2045045,35.7674756],[129.204472,35.7674738],[129.2029992,35.7673754],[129.2029798,35.7673753],[129.2029762,35.7673755],[129.2029672,35.767455],[129.2029912,35.7674579],[129.2044639,35.76756],[129.2044957,35.7675601],[129.2045045,35.7674756]]]]}},{"type":"Feature","properties":{"UFID":"100035901099A00110100000004420328"},"geometry":{"type":"MultiPolygon","coordinates":[[[[129.210013,35.7749131],[129.2100112,35.7748995],[129.2097336,35.7749234],[129.2097355,35.7749351],[129.210013,35.7749131]]]]}},{"type":"Feature","properties":{"UFID":"100035901099A00110100000004420329"},"geometry":{"type":"MultiPolygon","coordinates":[[[[129.2036964,35.7748515],[129.2036526,35.77483],[129.2036389,35.7748964],[129.2036822,35.7749038],[129.2036964,35.7748515]]]]}},{"type":"Feature","properties":{"UFID":"100035901099A00110100000004420330"},"geometry":{"type":"MultiPolygon","coordinates":[[[[129.2080052,35.7748277],[129.2078791,35.7748274],[129.2077613,35.7748902],[129.2079371,35.7749258],[129.2079435,35.7748748],[129.2080052,35.7748277]]]]}},{"type":"Feature","properties":{"UFID":"100035901099A00110100000004420331"},"geometry":{"type":"MultiPolygon","coordinates":[[[[129.2002873,35.767744],[129.2002843,35.7676629],[129.2000632,35.7676684],[129.2000662,35.7677494],[129.2002873,35.767744]]]]}},{"type":"Feature","properties":{"UFID":"100035901099A00110100000004420332"},"geometry":{"type":"MultiPolygon","coordinates":[[[[129.2037134,35.7604808],[129.2036391,35.7604481],[129.2035957,35.7604984],[129.2035468,35.760532],[129.2034823,35.7605875],[129.2034018,35.7606859],[129.2032632,35.760809],[129.2031752,35.7608748],[129.2031535,35.7608934],[129.2031695,35.7609188],[129.2031985,35.760894],[129.2032866,35.7608281],[129.203428,35.7607026],[129.2035083,35.7606045],[129.2035697,35.7605517],[129.2035936,35.7605352],[129.2036515,35.7605049],[129.2037134,35.7604808]]]]}},{"type":"Feature","properties":{"UFID":"100035901099A00110100000004420333"},"geometry":{"type":"MultiPolygon","coordinates":[[[[129.2018983,35.7702817],[129.2019192,35.7702257],[129.2018586,35.7702534],[129.2018236,35.7702865],[129.2017292,35.7704403],[129.2016617,35.7705874],[129.2016103,35.7707197],[129.2015933,35.7707522],[129.2015551,35.7707853],[129.2015065,35.7708059],[129.2015154,35.7708478],[129.2015855,35.7708181],[129.2016357,35.7707748],[129.201657,35.7707337],[129.2017087,35.7706006],[129.2017749,35.7704565],[129.2018654,35.7703092],[129.2018906,35.7702852],[129.2018983,35.7702817]]]]}},{"type":"Feature","properties":{"UFID":"100035901099A00110100000004420334"},"geometry":{"type":"MultiPolygon","coordinates":[[[[129.2011825,35.7709886],[129.2011666,35.7709497],[129.2010993,35.7709781],[129.2010552,35.7710059],[129.2009831,35.771208],[129.200642,35.7722355],[129.200539,35.772545],[129.2005279,35.7726277],[129.2005265,35.7729004],[129.2005034,35.7730092],[129.2003828,35.7732569],[129.2003115,35.7734383],[129.2003565,35.7734567],[129.2004297,35.7732706],[129.2005515,35.7730202],[129.2005763,35.772904],[129.2005776,35.7726301],[129.200588,35.7725526],[129.20069,35.7722462],[129.201031,35.771219],[129.2010985,35.7710298],[129.2011262,35.7710124],[129.2011825,35.7709886]]]]}},{"type":"Feature","properties":{"UFID":"100035901099A00110100000004420335"},"geometry":{"type":"MultiPolygon","coordinates":[[[[129.2007851,35.756494],[129.2006672,35.7564842],[129.2006627,35.7565109],[129.200777,35.756523],[129.2007851,35.756494]]]]}},{"type":"Feature","properties":{"UFID":"100035901099A00110100000004420336"},"geometry":{"type":"MultiPolygon","coordinates":[[[[129.202635,35.7566314],[129.2025868,35.7566358],[129.202594,35.7566824],[129.2026387,35.7566833],[129.2026366,35.7566544],[129.202635,35.7566314]]]]}},{"type":"Feature","properties":{"UFID":"100035901099A00110100000004420337"},"geometry":{"type":"MultiPolygon","coordinates":[[[[129.2016165,35.7550719],[129.2015465,35.755066],[129.201557,35.7550825],[129.2015578,35.7550887],[129.2015557,35.7550962],[129.2015376,35.7551215],[129.2014675,35.7552088],[129.2013474,35.7553545],[129.2012315,35.7555004],[129.201148,35.755634],[129.201057,35.7557912],[129.2009983,35.7559016],[129.2008596,35.7561182],[129.2007744,35.7562973],[129.2007138,35.7564236],[129.2006714,35.7564827],[129.2006672,35.7564842],[129.2007851,35.756494],[129.2007769,35.7564892],[129.2007667,35.7564755],[129.2007642,35.756464],[129.2007637,35.7564536],[129.2007986,35.7563568],[129.2008648,35.7561951],[129.2009179,35.7561009],[129.20101,35.7559631],[129.2010924,35.7558107],[129.2011074,35.7557724],[129.2011837,35.7556652],[129.2012522,35.7555544],[129.2013299,35.7554436],[129.2014105,35.7553343],[129.201462,35.75526],[129.2015223,35.755187],[129.2015655,35.7551334],[129.201588,35.7550949],[129.2015974,35.7550825],[129.2016109,35.755074],[129.2016131,35.7550728],[129.2016165,35.7550719]]]]}},{"type":"Feature","properties":{"UFID":"100035901099A00110100000004420338"},"geometry":{"type":"MultiPolygon","coordinates":[[[[129.2016197,35.7550536],[129.2015508,35.7550474],[129.2015465,35.755066],[129.2016165,35.7550719],[129.2016197,35.7550536]]]]}},{"type":"Feature","properties":{"UFID":"100035901099A00110100000004420339"},"geometry":{"type":"MultiPolygon","coordinates":[[[[129.202635,35.7566314],[129.2026343,35.7566219],[129.2026297,35.7565576],[129.2025559,35.7553108],[129.202544,35.7551822],[129.2025415,35.7551553],[129.2025406,35.7551459],[129.20249,35.755149],[129.2024956,35.755179],[129.2025119,35.7553293],[129.2025187,35.7554875],[129.2025255,35.7555992],[129.2025352,35.7557182],[129.2025432,35.7558276],[129.2025526,35.7559838],[129.2025653,35.7561451],[129.2025745,35.7563363],[129.2025861,35.7565182],[129.2025899,35.7565966],[129.2025868,35.7566358],[129.202635,35.7566314]]]]}},{"type":"Feature","properties":{"UFID":"100035901099A00110100000004420340"},"geometry":{"type":"MultiPolygon","coordinates":[[[[129.2024715,35.7551024],[129.2024637,35.7551104],[129.2024476,35.7551179],[129.2024161,35.755119],[129.2024016,35.7551182],[129.2021927,35.755105],[129.2016197,35.7550536],[129.2016165,35.7550719],[129.2016981,35.7550789],[129.2019037,35.7550987],[129.2021457,35.7551224],[129.2023169,35.7551385],[129.202393,35.755147],[129.20249,35.755149],[129.2024715,35.7551024]]]]}},{"type":"Feature","properties":{"UFID":"100035901099A00110100000004420341"},"geometry":{"type":"MultiPolygon","coordinates":[[[[129.2025406,35.7551459],[129.2025391,35.7551292],[129.2025356,35.7550916],[129.2024715,35.7551024],[129.20249,35.755149],[129.2025406,35.7551459]]]]}},{"type":"Feature","properties":{"UFID":"100035901099A00110100000004420342"},"geometry":{"type":"MultiPolygon","coordinates":[[[[129.2085772,35.7605705],[129.2085458,35.7605423],[129.2085216,35.7605029],[129.2085174,35.7604825],[129.2084544,35.7605119],[129.2084821,35.7605383],[129.2085235,35.7605635],[129.2085493,35.7605875],[129.2085772,35.7605705]]]]}},{"type":"Feature","properties":{"UFID":"100035901099A00110100000004420343"},"geometry":{"type":"MultiPolygon","coordinates":[[[[129.208668,35.7606254],[129.2086031,35.7605937],[129.2085772,35.7605705],[129.2085493,35.7605875],[129.2086509,35.7606486],[129.208668,35.7606254]]]]}},{"type":"Feature","properties":{"UFID":"100035901099A00110100000004420344"},"geometry":{"type":"MultiPolygon","coordinates":[[[[129.2084791,35.7606349],[129.2084459,35.7606372],[129.2083632,35.7606199],[129.2082368,35.7606279],[129.2082156,35.7606294],[129.2082027,35.7606065],[129.2081625,35.7606215],[129.2081719,35.7606459],[129.2081748,35.7606487],[129.2081825,35.7606527],[129.2081951,35.7606564],[129.2082365,35.7606582],[129.2082769,35.7606565],[129.2083344,35.7606541],[129.2084075,35.7606561],[129.2084731,35.7606629],[129.2084765,35.7606644],[129.2084791,35.7606349]]]]}},{"type":"Feature","properties":{"UFID":"100035901099A00110100000004420345"},"geometry":{"type":"MultiPolygon","coordinates":[[[[129.2085389,35.7606898],[129.2085222,35.7606271],[129.2085117,35.7606317],[129.2084839,35.7606346],[129.2084791,35.7606349],[129.2084765,35.7606644],[129.2084775,35.7606649],[129.2085273,35.7606929],[129.2085389,35.7606898]]]]}},{"type":"Feature","properties":{"UFID":"100035901099A00110100000004420346"},"geometry":{"type":"MultiPolygon","coordinates":[[[[129.2086509,35.7606486],[129.2085493,35.7605875],[129.2085452,35.7606105],[129.208604,35.7606574],[129.2086141,35.7606528],[129.2086509,35.7606486]]]]}},{"type":"Feature","properties":{"UFID":"100035901099A00110100000004420347"},"geometry":{"type":"MultiPolygon","coordinates":[[[[129.2085979,35.7606775],[129.2085985,35.7606674],[129.208604,35.7606574],[129.2085452,35.7606105],[129.2085318,35.7606229],[129.2085222,35.7606271],[129.2085389,35.7606898],[129.2085432,35.7606911],[129.2085494,35.7606942],[129.2085568,35.7607201],[129.2085979,35.7606775]]]]}},{"type":"Feature","properties":{"UFID":"100035901089A00110100000004420348"},"geometry":{"type":"MultiPolygon","coordinates":[[[[129.2099246,35.7773181],[129.2099116,35.7773633],[129.2099476,35.7774114],[129.21002,35.7773937],[129.2100236,35.7773182],[129.210023,35.7773161],[129.2099246,35.7773181]]]]}},{"type":"Feature","properties":{"UFID":"100035901089A00110100000004420349"},"geometry":{"type":"MultiPolygon","coordinates":[[[[129.2098943,35.777348],[129.2098919,35.7773231],[129.2098276,35.7773346],[129.2096715,35.777359],[129.2094177,35.777389],[129.2091547,35.7774281],[129.2091456,35.7774272],[129.209036,35.7773919],[129.2089649,35.7773721],[129.2088892,35.7773559],[129.2087391,35.7773299],[129.2085648,35.777294],[129.2084744,35.7772735],[129.2084677,35.7772712],[129.2084658,35.7772668],[129.2084429,35.7773336],[129.2084645,35.7773206],[129.208497,35.7773087],[129.2085042,35.7773079],[129.2085085,35.7773079],[129.2086252,35.7773301],[129.2087435,35.7773553],[129.208847,35.7773746],[129.2089179,35.7773888],[129.2089616,35.7773968],[129.2089951,35.7774073],[129.2090954,35.7774466],[129.2091352,35.7774594],[129.2091485,35.7774598],[129.2093276,35.7774341],[129.2094958,35.7774118],[129.2096202,35.7773953],[129.2097221,35.7773817],[129.2097985,35.7773683],[129.2098943,35.777348]]]]}},{"type":"Feature","properties":{"UFID":"100035901089A00110100000004420350"},"geometry":{"type":"MultiPolygon","coordinates":[[[[129.2099246,35.7773181],[129.2098919,35.7773231],[129.2098943,35.777348],[129.2098996,35.7773486],[129.2099019,35.7773504],[129.2099116,35.7773633],[129.2099246,35.7773181]]]]}},{"type":"Feature","properties":{"UFID":"100035901099A00110100000004420351"},"geometry":{"type":"MultiPolygon","coordinates":[[[[129.2028294,35.7610867],[129.2028243,35.7610025],[129.2027845,35.7601019],[129.2027817,35.7594075],[129.2027621,35.7587366],[129.2027588,35.7586961],[129.202752,35.7586126],[129.2027517,35.7586084],[129.2027021,35.758612],[129.2027024,35.7586152],[129.2027091,35.7586988],[129.2027123,35.7587384],[129.2027319,35.7594081],[129.2027348,35.7601027],[129.2027746,35.7610043],[129.2027816,35.7611187],[129.2027746,35.7611585],[129.2028294,35.7610867]]]]}},{"type":"Feature","properties":{"UFID":"100035901099A00110100000004420352"},"geometry":{"type":"MultiPolygon","coordinates":[[[[129.2027517,35.7586084],[129.2027475,35.7585562],[129.2027016,35.7585583],[129.2027021,35.758612],[129.2027517,35.7586084]]]]}},{"type":"Feature","properties":{"UFID":"100035901099A00110100000004420353"},"geometry":{"type":"MultiPolygon","coordinates":[[[[129.2027475,35.7585562],[129.202747,35.7585493],[129.2027461,35.758538],[129.2027309,35.7582078],[129.2026871,35.7582167],[129.2027021,35.7584355],[129.2027069,35.7585404],[129.2027057,35.7585461],[129.2027016,35.7585583],[129.2027475,35.7585562]]]]}},{"type":"Feature","properties":{"UFID":"100035901099A00110100000004420354"},"geometry":{"type":"MultiPolygon","coordinates":[[[[129.2025868,35.7566358],[129.2025057,35.7566439],[129.2024496,35.7566412],[129.202242,35.7566247],[129.2020457,35.7566076],[129.2016441,35.7565711],[129.2011651,35.7565289],[129.2008715,35.7565026],[129.2007851,35.756494],[129.200777,35.756523],[129.2016528,35.7566073],[129.2023251,35.7566648],[129.202466,35.7566755],[129.2025891,35.7566793],[129.202594,35.7566824],[129.2025868,35.7566358]]]]}},{"type":"Feature","properties":{"UFID":"100035901099A00110100000004420355"},"geometry":{"type":"MultiPolygon","coordinates":[[[[129.2026387,35.7566833],[129.202594,35.7566824],[129.202596,35.756686],[129.2025977,35.7566913],[129.2026095,35.756821],[129.2026183,35.7569604],[129.2026289,35.7571439],[129.2026408,35.7573478],[129.2026569,35.7576972],[129.2026766,35.7579691],[129.2026845,35.7581443],[129.2027284,35.7581544],[129.2027014,35.7575685],[129.2026387,35.7566833]]]]}},{"type":"Feature","properties":{"UFID":"100035901099A00110100000004420356"},"geometry":{"type":"MultiPolygon","coordinates":[[[[129.2031567,35.7747505],[129.2031209,35.7747282],[129.2030273,35.7746711],[129.2029266,35.7746051],[129.2028414,35.774551],[129.202776,35.774514],[129.2027187,35.774485],[129.2026634,35.7744644],[129.2026015,35.7744398],[129.2025355,35.7744132],[129.2024897,35.7744831],[129.2025223,35.7744814],[129.2025576,35.7744837],[129.202578,35.7744878],[129.2026064,35.7744934],[129.2027285,35.7745392],[129.202822,35.7746002],[129.2029037,35.7746545],[129.2029988,35.7747178],[129.2030901,35.7747781],[129.2031042,35.774789],[129.2031171,35.7748015],[129.2031567,35.7747505]]]]}},{"type":"Feature","properties":{"UFID":"100035901099A00110100000004420357"},"geometry":{"type":"MultiPolygon","coordinates":[[[[129.2062321,35.7742302],[129.2061905,35.7741922],[129.2061936,35.7742004],[129.2061958,35.7742158],[129.206196,35.7742298],[129.2061939,35.7742433],[129.2061562,35.774304],[129.2061317,35.7743275],[129.2061057,35.7743518],[129.2060889,35.7743754],[129.2060772,35.7744013],[129.2060666,35.774433],[129.2060601,35.7744626],[129.2060591,35.7744644],[129.2060548,35.7744646],[129.2060277,35.7744613],[129.2060115,35.7744582],[129.2060019,35.7744937],[129.2060073,35.7744956],[129.2060204,35.7744987],[129.2060375,35.7745007],[129.2060553,35.7745],[129.2060708,35.7744971],[129.2060829,35.7744865],[129.2060956,35.7744688],[129.2061131,35.7744409],[129.206131,35.774399],[129.2061423,35.7743723],[129.2061531,35.7743553],[129.2061715,35.7743359],[129.2062,35.7743066],[129.2062151,35.7742863],[129.2062286,35.7742459],[129.2062309,35.774231],[129.2062321,35.7742302]]]]}},{"type":"Feature","properties":{"UFID":"100035901099A00110100000004420358"},"geometry":{"type":"MultiPolygon","coordinates":[[[[129.2064505,35.7744783],[129.2063704,35.7743888],[129.2063556,35.7744164],[129.2063729,35.7744351],[129.2063953,35.7745004],[129.2064505,35.7744783]]]]}},{"type":"Feature","properties":{"UFID":"100035901099A00110100000004420359"},"geometry":{"type":"MultiPolygon","coordinates":[[[[129.2063704,35.7743888],[129.206322,35.7742985],[129.2062875,35.7742473],[129.2062683,35.7742186],[129.2062353,35.7741698],[129.2062321,35.7742302],[129.2062349,35.7742311],[129.206237,35.7742328],[129.2062622,35.7742668],[129.2062899,35.7743091],[129.2063255,35.7743734],[129.2063385,35.7743958],[129.2063534,35.7744141],[129.2063556,35.7744164],[129.2063704,35.7743888]]]]}},{"type":"Feature","properties":{"UFID":"100035901099A00110100000004420360"},"geometry":{"type":"MultiPolygon","coordinates":[[[[129.2065706,35.7748813],[129.2065537,35.7748421],[129.2064941,35.7748694],[129.206499,35.7748895],[129.2065001,35.7748989],[129.2065706,35.7748813]]]]}},{"type":"Feature","properties":{"UFID":"100035901099A00110100000004420361"},"geometry":{"type":"MultiPolygon","coordinates":[[[[129.2065265,35.7749751],[129.20658,35.774964],[129.2065746,35.7749453],[129.2065616,35.7749007],[129.2065706,35.7748813],[129.2065001,35.7748989],[129.2065091,35.7749764],[129.2065265,35.7749751]]]]}},{"type":"Feature","properties":{"UFID":"100035901099A00110100000004420362"},"geometry":{"type":"MultiPolygon","coordinates":[[[[129.2065537,35.7748421],[129.2065513,35.774838],[129.2065441,35.7748122],[129.2065098,35.774689],[129.2064576,35.7745083],[129.2064523,35.7744852],[129.2064505,35.7744783],[129.2063953,35.7745004],[129.2064355,35.7746269],[129.2064538,35.7747076],[129.206481,35.7748156],[129.2064941,35.7748694],[129.2065537,35.7748421]]]]}},{"type":"Feature","properties":{"UFID":"100035901099A00110100000004420363"},"geometry":{"type":"MultiPolygon","coordinates":[[[[129.2063704,35.7743888],[129.2064505,35.7744783],[129.2064518,35.7744606],[129.2064559,35.7744395],[129.2064647,35.7744094],[129.2064769,35.7743804],[129.20649,35.7743589],[129.2065091,35.7743364],[129.2065355,35.7743119],[129.2065812,35.7742803],[129.206639,35.7742407],[129.2066982,35.7742001],[129.2067379,35.774172],[129.2068348,35.7741678],[129.2070846,35.7741561],[129.2071479,35.7741547],[129.2073699,35.7741469],[129.2073895,35.7741447],[129.2074063,35.7741404],[129.2074298,35.7741322],[129.2074568,35.7741201],[129.2074787,35.7741078],[129.2074893,35.7740982],[129.2076868,35.77409],[129.2078462,35.7740828],[129.2078954,35.7740831],[129.2079397,35.7740897],[129.2079832,35.7741025],[129.2080408,35.774118],[129.208067,35.7741231],[129.208107,35.7741282],[129.2081555,35.7741297],[129.2081675,35.7741268],[129.2081942,35.7741175],[129.2082317,35.7740975],[129.2083208,35.7740461],[129.2083619,35.7740106],[129.2084168,35.7739402],[129.2083729,35.7739178],[129.2083519,35.773948],[129.2083212,35.7739773],[129.2083093,35.7739917],[129.2082725,35.774013],[129.2082473,35.7740231],[129.2082065,35.7740286],[129.2081395,35.7740195],[129.2079617,35.7739871],[129.2079115,35.7739839],[129.2077314,35.7739991],[129.2074444,35.7740056],[129.2069668,35.7740204],[129.2069673,35.7740357],[129.2067528,35.774045],[129.2066437,35.7741091],[129.206611,35.7741321],[129.206536,35.7741834],[129.2064896,35.7742054],[129.2064803,35.7742088],[129.2064689,35.7742111],[129.2064426,35.7742301],[129.2063915,35.7742963],[129.2063525,35.7743441],[129.206375,35.7743883],[129.2063704,35.7743888]]]]}},{"type":"Feature","properties":{"UFID":"100035901099A00110100000004420364"},"geometry":{"type":"MultiPolygon","coordinates":[[[[129.2019203,35.7618899],[129.2018822,35.7618726],[129.2018521,35.7619039],[129.201816,35.7619438],[129.2018389,35.7619487],[129.2018843,35.7619019],[129.2019006,35.761908],[129.2019203,35.7618899]]]]}},{"type":"Feature","properties":{"UFID":"100035901099A00110100000004420365"},"geometry":{"type":"MultiPolygon","coordinates":[[[[129.2027859,35.7612348],[129.2027746,35.7611585],[129.2027725,35.7611619],[129.202766,35.7611646],[129.2027566,35.7611664],[129.202746,35.7611707],[129.2027313,35.7611818],[129.20269,35.7612235],[129.202641,35.7612733],[129.2025957,35.7613132],[129.2024335,35.76147],[129.2023207,35.7615874],[129.202218,35.7616558],[129.2021377,35.7617009],[129.202021,35.7617781],[129.201921,35.761845],[129.2019404,35.7618714],[129.2020185,35.761816],[129.202109,35.7617538],[129.2021982,35.7617005],[129.2022519,35.7616695],[129.2022931,35.7616402],[129.2023408,35.7616021],[129.2024133,35.7615312],[129.2024592,35.7614871],[129.2026206,35.7613311],[129.2026675,35.7612897],[129.2027416,35.761229],[129.2027467,35.7612259],[129.2027521,35.761225],[129.2027611,35.7612234],[129.2027688,35.7612226],[129.2027782,35.7612261],[129.2027859,35.7612348]]]]}},{"type":"Feature","properties":{"UFID":"100035901099A00110100000004420366"},"geometry":{"type":"MultiPolygon","coordinates":[[[[129.201921,35.761845],[129.2018864,35.7618403],[129.2018669,35.7618193],[129.2018522,35.7617761],[129.2018363,35.7616991],[129.2018236,35.7616303],[129.2018115,35.7615367],[129.201807,35.7614779],[129.2018027,35.7614299],[129.2017958,35.7613605],[129.2017866,35.7613163],[129.2017734,35.7612724],[129.201772,35.7612699],[129.20177,35.7612683],[129.2017606,35.7612666],[129.2016604,35.761256],[129.2012797,35.7612171],[129.2011327,35.7612046],[129.2011273,35.7611919],[129.2011289,35.7612315],[129.2012759,35.7612439],[129.2014006,35.7612558],[129.201697,35.7612823],[129.201729,35.7612926],[129.2017433,35.7613046],[129.201755,35.7613245],[129.2017643,35.7613617],[129.2017712,35.7614187],[129.2017746,35.7615015],[129.2017766,35.7615329],[129.2017849,35.7615848],[129.201816,35.7617428],[129.2018245,35.7617997],[129.2018285,35.7618198],[129.2018361,35.7618332],[129.2018534,35.7618493],[129.2018713,35.7618619],[129.2018817,35.7618682],[129.2018822,35.7618726],[129.201921,35.761845]]]]}},{"type":"Feature","properties":{"UFID":"100035901099A00110100000004420367"},"geometry":{"type":"MultiPolygon","coordinates":[[[[129.2019404,35.7618714],[129.201921,35.761845],[129.2018822,35.7618726],[129.2019203,35.7618899],[129.2019404,35.7618714]]]]}},{"type":"Feature","properties":{"UFID":"100035901089A00110100000004420368"},"geometry":{"type":"MultiPolygon","coordinates":[[[[129.2007413,35.777301],[129.2007043,35.7771091],[129.2006875,35.776878],[129.2006724,35.7762111],[129.2006636,35.7759088],[129.2006689,35.7758909],[129.2006769,35.7758621],[129.2006106,35.7758515],[129.2006126,35.7758678],[129.2006133,35.7758895],[129.2006227,35.7762119],[129.2006377,35.7768796],[129.2006548,35.7771135],[129.2006924,35.7773086],[129.2007413,35.777301]]]]}},{"type":"Feature","properties":{"UFID":"100035901089A00110100000004420369"},"geometry":{"type":"MultiPolygon","coordinates":[[[[129.2011244,35.7753426],[129.2009661,35.7753899],[129.2009649,35.7754156],[129.2007738,35.7755817],[129.2007043,35.7756407],[129.2006908,35.7756506],[129.2006902,35.7758145],[129.2006919,35.775809],[129.2007037,35.7757813],[129.2007309,35.7757277],[129.2007623,35.775675],[129.2007883,35.7756368],[129.2009105,35.7755182],[129.2010264,35.7754214],[129.2011244,35.7753426]]]]}},{"type":"Feature","properties":{"UFID":"100035901089A00110100000004420370"},"geometry":{"type":"MultiPolygon","coordinates":[[[[129.2046586,35.7752935],[129.2045605,35.775292],[129.2045618,35.7753198],[129.204562,35.7753399],[129.2045603,35.7753663],[129.2045531,35.7753993],[129.2045287,35.7754229],[129.2044853,35.7754674],[129.2044751,35.7754801],[129.2044502,35.7755352],[129.2044207,35.7756144],[129.2044039,35.7756767],[129.204406,35.7756909],[129.2044097,35.7756993],[129.2044238,35.7757249],[129.2043934,35.7757699],[129.2043673,35.7757927],[129.2043495,35.7758006],[129.2042508,35.7758423],[129.2041937,35.7758675],[129.2041547,35.7758835],[129.2041289,35.7758927],[129.2040802,35.7759016],[129.2040152,35.7759118],[129.2039682,35.7759192],[129.2039338,35.7759245],[129.2039003,35.7759343],[129.2038977,35.7759339],[129.2039861,35.7759669],[129.2039985,35.7759492],[129.2042187,35.7758978],[129.204298,35.7758819],[129.2044173,35.7758306],[129.2044552,35.7758051],[129.2044935,35.7757581],[129.2046133,35.7754692],[129.2046478,35.7753487],[129.2046586,35.7752935]]]]}},{"type":"Feature","properties":{"UFID":"100035901089A00110100000004420371"},"geometry":{"type":"MultiPolygon","coordinates":[[[[129.2038977,35.7759339],[129.2038961,35.7759324],[129.2038865,35.7759243],[129.2038533,35.7758884],[129.2038387,35.7758732],[129.2038071,35.7758887],[129.2038273,35.7759074],[129.2038455,35.7759238],[129.2038593,35.775936],[129.2038977,35.7759339]]]]}},{"type":"Feature","properties":{"UFID":"100035901089A00110100000004420372"},"geometry":{"type":"MultiPolygon","coordinates":[[[[129.2038139,35.7758479],[129.2038021,35.7758362],[129.2037806,35.7758139],[129.2037586,35.7757902],[129.2037399,35.7757694],[129.2037117,35.7757383],[129.2036857,35.775712],[129.2036584,35.7756842],[129.203629,35.7757214],[129.2036834,35.775767],[129.2037464,35.7758326],[129.2037807,35.7758642],[129.2038139,35.7758479]]]]}},{"type":"Feature","properties":{"UFID":"100035901089A00110100000004420373"},"geometry":{"type":"MultiPolygon","coordinates":[[[[129.2037059,35.7756139],[129.2036874,35.7756489],[129.2036887,35.7756487],[129.2037607,35.7757259],[129.2037843,35.7757118],[129.2037038,35.7756272],[129.2037038,35.7756249],[129.203704,35.7756209],[129.2037059,35.7756139]]]]}},{"type":"Feature","properties":{"UFID":"100035901089A00110100000004420374"},"geometry":{"type":"MultiPolygon","coordinates":[[[[129.2042829,35.7752068],[129.2042275,35.7751902],[129.2041693,35.7752375],[129.2040011,35.7753655],[129.2037695,35.7755175],[129.2037363,35.7755436],[129.2037145,35.7755606],[129.2036954,35.7755817],[129.2036764,35.7755999],[129.2037059,35.7756139],[129.2037282,35.7755863],[129.203742,35.7755718],[129.2037505,35.7755647],[129.2040229,35.7753861],[129.2041923,35.7752569],[129.2042299,35.7752264],[129.2042829,35.7752068]]]]}},{"type":"Feature","properties":{"UFID":"100035901089A00110100000004420375"},"geometry":{"type":"MultiPolygon","coordinates":[[[[129.2035891,35.7756599],[129.2035883,35.7756601],[129.2035875,35.7756598],[129.2035662,35.7756384],[129.2035557,35.7756274],[129.2035297,35.7756573],[129.2035404,35.7756638],[129.2035646,35.7756791],[129.2035891,35.7756599]]]]}},{"type":"Feature","properties":{"UFID":"100035901089A00110100000004420376"},"geometry":{"type":"MultiPolygon","coordinates":[[[[129.2034193,35.7755577],[129.2035557,35.7756274],[129.2035521,35.7756186],[129.2035508,35.7756115],[129.2035517,35.775607],[129.2035563,35.7755931],[129.2035578,35.7755883],[129.2034953,35.7755418],[129.2034513,35.7755094],[129.2034027,35.7754697],[129.2033688,35.775498],[129.2034219,35.7755524],[129.2034193,35.7755577]]]]}},{"type":"Feature","properties":{"UFID":"100035901089A00110100000004420377"},"geometry":{"type":"MultiPolygon","coordinates":[[[[129.2036249,35.7756457],[129.2036245,35.7756456],[129.2035923,35.7756148],[129.2035919,35.7756132],[129.2035919,35.7756127],[129.2035925,35.775607],[129.2035933,35.7755993],[129.2035945,35.7755896],[129.2035944,35.7755876],[129.2035926,35.7755858],[129.2035657,35.7755644],[129.2035265,35.7755347],[129.2034976,35.7755132],[129.203471,35.7754917],[129.2034453,35.7754699],[129.2034243,35.7754513],[129.2034084,35.7754337],[129.2033888,35.7754455],[129.2034041,35.7754615],[129.203422,35.7754781],[129.2034543,35.7755057],[129.203482,35.7755258],[129.2035218,35.7755557],[129.2035599,35.7755868],[129.2035602,35.7755874],[129.2035602,35.7755884],[129.2035591,35.7755938],[129.2035578,35.7755979],[129.203556,35.7756029],[129.2035543,35.7756076],[129.2035537,35.7756102],[129.203554,35.7756129],[129.2035542,35.7756165],[129.2035555,35.775621],[129.2035579,35.7756259],[129.2035886,35.7756574],[129.2035891,35.7756599],[129.2036249,35.7756457]]]]}},{"type":"Feature","properties":{"UFID":"100035901089A00110100000004420378"},"geometry":{"type":"MultiPolygon","coordinates":[[[[129.2065224,35.7753],[129.2064178,35.7752911],[129.2062521,35.7752856],[129.2062252,35.7752819],[129.2062203,35.7752797],[129.2060991,35.7752976],[129.2061598,35.7752998],[129.2062416,35.7753127],[129.2064039,35.7753296],[129.2065072,35.775342],[129.2065297,35.7753461],[129.2065224,35.7753]]]]}},{"type":"Feature","properties":{"UFID":"100035901089A00110100000004420379"},"geometry":{"type":"MultiPolygon","coordinates":[[[[129.2066373,35.7760542],[129.2066367,35.7760075],[129.2066066,35.7760324],[129.2065736,35.7760628],[129.2065427,35.7760834],[129.2063985,35.7761873],[129.2063412,35.7762192],[129.206372,35.7762457],[129.2064257,35.7762157],[129.2065736,35.7761093],[129.2066338,35.7760572],[129.2066373,35.7760542]]]]}},{"type":"Feature","properties":{"UFID":"100035901089A00110100000004420380"},"geometry":{"type":"MultiPolygon","coordinates":[[[[129.2066678,35.7759875],[129.2066628,35.7759818],[129.2066611,35.7759725],[129.2066022,35.7756932],[129.2065977,35.7756532],[129.2065977,35.7756499],[129.2065681,35.7756534],[129.206578,35.7757158],[129.206615,35.7759115],[129.2066371,35.7760034],[129.2066372,35.7760051],[129.2066367,35.7760075],[129.2066678,35.7759875]]]]}},{"type":"Feature","properties":{"UFID":"100035901089A00110100000004420381"},"geometry":{"type":"MultiPolygon","coordinates":[[[[129.2065977,35.7756499],[129.2066022,35.7755989],[129.206561,35.7755996],[129.2065609,35.7756019],[129.2065657,35.7756379],[129.2065681,35.7756534],[129.2065977,35.7756499]]]]}},{"type":"Feature","properties":{"UFID":"100035901089A00110100000004420382"},"geometry":{"type":"MultiPolygon","coordinates":[[[[129.2066022,35.7755989],[129.2065961,35.7755852],[129.2065895,35.7753994],[129.2066005,35.7753618],[129.2065297,35.7753461],[129.2065442,35.7753543],[129.206555,35.7753695],[129.2065578,35.775378],[129.2065621,35.775547],[129.206561,35.7755996],[129.2066022,35.7755989]]]]}},{"type":"Feature","properties":{"UFID":"100035901089A00110100000004420383"},"geometry":{"type":"MultiPolygon","coordinates":[[[[129.2066941,35.7760154],[129.2066678,35.7759875],[129.2066367,35.7760075],[129.2066373,35.7760542],[129.2066572,35.7760291],[129.2066668,35.7760224],[129.2066727,35.7760209],[129.2066941,35.7760154]]]]}},{"type":"Feature","properties":{"UFID":"100035901089A00110100000004420384"},"geometry":{"type":"MultiPolygon","coordinates":[[[[129.2071714,35.7760968],[129.2071623,35.7760708],[129.2071609,35.7760711],[129.2069981,35.7760879],[129.2069841,35.7760874],[129.2069703,35.7760857],[129.206955,35.7760823],[129.2069478,35.7760796],[129.2069431,35.7760756],[129.20694,35.7760713],[129.2069296,35.7760558],[129.2069117,35.7760246],[129.2068926,35.7759916],[129.2068793,35.7759758],[129.206867,35.7759648],[129.2068507,35.7759619],[129.2068358,35.7759618],[129.2068208,35.7759637],[129.2066852,35.7759893],[129.206684,35.7759896],[129.2066678,35.7759875],[129.2066941,35.7760154],[129.2067911,35.7759904],[129.2068256,35.7759847],[129.2068346,35.7759851],[129.206843,35.775986],[129.2068505,35.7759879],[129.2068562,35.7759906],[129.2068589,35.7759939],[129.2069077,35.7760882],[129.2069158,35.7761003],[129.2069291,35.7761201],[129.2069325,35.7761216],[129.2069385,35.776122],[129.2069462,35.776122],[129.2069538,35.7761218],[129.2069904,35.7761201],[129.2070313,35.776116],[129.2071677,35.7760977],[129.2071714,35.7760968]]]]}},{"type":"Feature","properties":{"UFID":"100035901089A00110100000004420385"},"geometry":{"type":"MultiPolygon","coordinates":[[[[129.2036779,35.7756592],[129.2036494,35.7756275],[129.203626,35.775645],[129.2036596,35.7756822],[129.2036779,35.7756592]]]]}},{"type":"Feature","properties":{"UFID":"100035901089A00110100000004420386"},"geometry":{"type":"MultiPolygon","coordinates":[[[[129.2036584,35.7756842],[129.2036596,35.7756822],[129.203626,35.775645],[129.2036249,35.7756457],[129.2035891,35.7756599],[129.2035646,35.7756791],[129.2036083,35.7757068],[129.2036217,35.7757152],[129.203629,35.7757214],[129.2036584,35.7756842]]]]}},{"type":"Feature","properties":{"UFID":"100035901089A00110100000004420387"},"geometry":{"type":"MultiPolygon","coordinates":[[[[129.2037059,35.7756139],[129.2036764,35.7755999],[129.2036611,35.7756155],[129.2036874,35.7756489],[129.2037059,35.7756139]]]]}},{"type":"Feature","properties":{"UFID":"100035901089A00110100000004420388"},"geometry":{"type":"MultiPolygon","coordinates":[[[[129.2036874,35.7756489],[129.2036611,35.7756155],[129.2036494,35.7756275],[129.2036779,35.7756592],[129.2036874,35.7756489]]]]}},{"type":"Feature","properties":{"UFID":"100035901089A00110100000004420389"},"geometry":{"type":"MultiPolygon","coordinates":[[[[129.2050062,35.7775659],[129.2050034,35.7775284],[129.2049995,35.7773935],[129.2050014,35.7773089],[129.2050045,35.7771632],[129.2049977,35.7771245],[129.2049935,35.7770343],[129.2049905,35.7768756],[129.204994,35.7768422],[129.2050168,35.7767799],[129.2050156,35.7766859],[129.2048521,35.7767073],[129.2048695,35.7769392],[129.2048689,35.7771335],[129.2048642,35.7772622],[129.2048663,35.7772922],[129.2048733,35.7774349],[129.2048724,35.7775781],[129.2050062,35.7775659]]]]}},{"type":"Feature","properties":{"UFID":"100035901089A00110100000004420390"},"geometry":{"type":"MultiPolygon","coordinates":[[[[129.2086357,35.7757362],[129.2085639,35.7756275],[129.2084854,35.7755138],[129.2084543,35.7755298],[129.2085464,35.7756637],[129.2085991,35.7757517],[129.2086357,35.7757362]]]]}},{"type":"Feature","properties":{"UFID":"100035901089A00110100000004420391"},"geometry":{"type":"MultiPolygon","coordinates":[[[[129.2086357,35.7757362],[129.2086514,35.7757601],[129.208744,35.7757208],[129.2089516,35.7756213],[129.2090135,35.7755997],[129.2090212,35.7755995],[129.2090367,35.7756028],[129.2090408,35.7756048],[129.2090732,35.7756276],[129.2090826,35.775636],[129.2091072,35.7756179],[129.2090965,35.7756083],[129.2090603,35.7755827],[129.2090497,35.7755776],[129.2090247,35.7755723],[129.209006,35.7755729],[129.2089367,35.7755971],[129.2087279,35.7756971],[129.2086357,35.7757362]]]]}},{"type":"Feature","properties":{"UFID":"100035901089A00110100000004420392"},"geometry":{"type":"MultiPolygon","coordinates":[[[[129.2086514,35.7757601],[129.2086357,35.7757362],[129.2085991,35.7757517],[129.2086165,35.7757748],[129.2086514,35.7757601]]]]}},{"type":"Feature","properties":{"UFID":"100035901089A00110100000004420393"},"geometry":{"type":"MultiPolygon","coordinates":[[[[129.2086165,35.7757748],[129.2085991,35.7757517],[129.2085813,35.7757593],[129.2083985,35.7758309],[129.208346,35.7758539],[129.2082433,35.7759169],[129.2081736,35.7759514],[129.2081908,35.7759745],[129.2082619,35.7759393],[129.2083639,35.7758768],[129.2084136,35.775855],[129.2085961,35.7757835],[129.2086165,35.7757748]]]]}},{"type":"Feature","properties":{"UFID":"100035901089A00110100000004420394"},"geometry":{"type":"MultiPolygon","coordinates":[[[[129.2081908,35.7759745],[129.2081347,35.7759977],[129.2081605,35.7760004],[129.2081748,35.7760145],[129.2081883,35.7760068],[129.2082693,35.7760914],[129.2082847,35.7760759],[129.2081908,35.7759745]]]]}},{"type":"Feature","properties":{"UFID":"100035901089A00110100000004420395"},"geometry":{"type":"MultiPolygon","coordinates":[[[[129.2081908,35.7759745],[129.2081736,35.7759514],[129.2081588,35.7759588],[129.2081212,35.775971],[129.2081347,35.7759977],[129.2081908,35.7759745]]]]}},{"type":"Feature","properties":{"UFID":"100035901089A00110100000004420396"},"geometry":{"type":"MultiPolygon","coordinates":[[[[129.2081347,35.7759977],[129.2081212,35.775971],[129.2080946,35.7759797],[129.2080082,35.776026],[129.2078899,35.7760933],[129.2078722,35.7761022],[129.2078426,35.7761067],[129.2078663,35.7761388],[129.2078859,35.7761271],[129.2079868,35.7760764],[129.2080506,35.776031],[129.2081347,35.7759977]]]]}},{"type":"Feature","properties":{"UFID":"100035901089A00110100000004420397"},"geometry":{"type":"MultiPolygon","coordinates":[[[[129.203076,35.7750604],[129.2030546,35.7750397],[129.2030279,35.7750564],[129.2029632,35.7751038],[129.2029348,35.775139],[129.2028732,35.775246],[129.2028189,35.7753839],[129.2028118,35.7754045],[129.2027113,35.7754243],[129.2026798,35.7754284],[129.2026798,35.7754364],[129.2023943,35.7754388],[129.2023942,35.775453],[129.2021866,35.7754727],[129.2021644,35.7754819],[129.2021468,35.7755012],[129.2021091,35.7755537],[129.2020661,35.7755825],[129.2019798,35.7756138],[129.2018227,35.775661],[129.2017535,35.775689],[129.2017692,35.7757102],[129.2018612,35.7756781],[129.2020267,35.7756309],[129.2020691,35.775615],[129.2020984,35.7755996],[129.2021275,35.7755779],[129.2021692,35.7755345],[129.2021963,35.7755073],[129.2022273,35.7754945],[129.2022731,35.7754858],[129.202427,35.7754695],[129.2026997,35.7754558],[129.2027741,35.775443],[129.2028209,35.7754329],[129.2028262,35.7754304],[129.2028337,35.7754256],[129.2028449,35.7753934],[129.2028491,35.7753831],[129.2029041,35.7752561],[129.2029638,35.7751522],[129.2029886,35.7751216],[129.2030492,35.7750773],[129.203076,35.7750604]]]]}},{"type":"Feature","properties":{"UFID":"100035901099A00110100000004420398"},"geometry":{"type":"MultiPolygon","coordinates":[[[[129.2018375,35.7500844],[129.2017531,35.7501112],[129.2018394,35.7502004],[129.2019006,35.7502636],[129.2020028,35.7503663],[129.2020648,35.7504339],[129.2021024,35.750482],[129.2021271,35.7505281],[129.2021446,35.7505693],[129.2021528,35.7505961],[129.2021465,35.7505959],[129.2021273,35.7505493],[129.2020979,35.750575],[129.2021106,35.7506018],[129.2021243,35.7506287],[129.2021348,35.7506479],[129.2021484,35.7506603],[129.2021629,35.7506685],[129.2021679,35.7506721],[129.2021724,35.7508805],[129.2021716,35.7510173],[129.2021706,35.7511319],[129.2021696,35.7512694],[129.2021706,35.7513803],[129.2021682,35.7514861],[129.2021636,35.7514943],[129.2021551,35.7515081],[129.2022841,35.7515198],[129.2022669,35.7515005],[129.2022623,35.7514941],[129.2022611,35.7514848],[129.2022646,35.7512905],[129.2022643,35.7511504],[129.2022658,35.7510296],[129.2022654,35.7509285],[129.2022659,35.7508096],[129.2022649,35.7507122],[129.2022616,35.7506352],[129.2022448,35.7505707],[129.2022216,35.7505019],[129.2021999,35.7504509],[129.2021469,35.750384],[129.202075,35.7503106],[129.2019977,35.7502336],[129.2019608,35.7501987],[129.2018837,35.7501257],[129.2018375,35.7500844]]]]}},{"type":"Feature","properties":{"UFID":"100035901099A00110100000004420399"},"geometry":{"type":"MultiPolygon","coordinates":[[[[129.205894,35.7501474],[129.2058704,35.7501433],[129.2057989,35.7501308],[129.2057921,35.7501444],[129.2057566,35.7502159],[129.2058597,35.7502347],[129.2058661,35.7502185],[129.2058891,35.7501599],[129.205894,35.7501474]]]]}},{"type":"Feature","properties":{"UFID":"100035901099A00110100000004420400"},"geometry":{"type":"MultiPolygon","coordinates":[[[[129.2009582,35.751035],[129.2009518,35.7509393],[129.2009459,35.7506272],[129.200941,35.750565],[129.2009343,35.7505437],[129.2009244,35.7505266],[129.2008638,35.7504712],[129.2007767,35.7504063],[129.2007229,35.7503565],[129.200685,35.7502969],[129.2006645,35.750217],[129.200663,35.7502114],[129.2006559,35.7501755],[129.2005771,35.7501837],[129.2005841,35.7502181],[129.200589,35.7502424],[129.2006233,35.750339],[129.2006721,35.7504048],[129.2007449,35.7504695],[129.200823,35.7505235],[129.2008545,35.7505581],[129.2008642,35.7505938],[129.2008676,35.7507243],[129.2008729,35.7509381],[129.2008798,35.7510381],[129.2009582,35.751035]]]]}},{"type":"Feature","properties":{"UFID":"100035901099A00110100000004420401"},"geometry":{"type":"MultiPolygon","coordinates":[[[[129.2057566,35.7502159],[129.2057921,35.7501444],[129.2057989,35.7501308],[129.2057825,35.7501445],[129.205766,35.7501583],[129.2057257,35.7501656],[129.2056525,35.7501817],[129.2053865,35.7502265],[129.2053556,35.7502272],[129.205325,35.7502148],[129.2052829,35.7502469],[129.205258,35.7502659],[129.2052192,35.7503047],[129.2051982,35.7503334],[129.2051741,35.750386],[129.2051388,35.7504992],[129.2051346,35.7505057],[129.2050957,35.7504954],[129.2050925,35.7504951],[129.2050725,35.7505061],[129.2050351,35.7505565],[129.2050297,35.7505912],[129.2050299,35.7507934],[129.2050257,35.7508116],[129.2050205,35.7508179],[129.2048038,35.7508691],[129.2047414,35.7508838],[129.2047721,35.7509047],[129.2048131,35.750895],[129.2050414,35.7508411],[129.2050637,35.7508358],[129.2050644,35.7508343],[129.2050631,35.7507959],[129.2050688,35.7505953],[129.2050724,35.7505756],[129.2050815,35.7505658],[129.2051129,35.7505415],[129.2051732,35.7505003],[129.2051768,35.7504989],[129.2051828,35.7504884],[129.2051977,35.7504504],[129.2052328,35.750353],[129.2052457,35.7503293],[129.2052622,35.7503085],[129.2052799,35.7502948],[129.2053008,35.7502818],[129.2053181,35.7502756],[129.2053703,35.7502568],[129.2056966,35.7502019],[129.2057181,35.7502006],[129.2057293,35.7502032],[129.2057566,35.7502159]]]]}},{"type":"Feature","properties":{"UFID":"100035901089A00110100000004420403"},"geometry":{"type":"MultiPolygon","coordinates":[[[[129.2099246,35.7773181],[129.209914,35.777213],[129.2099042,35.7771326],[129.2098973,35.777069],[129.2098888,35.7769869],[129.2098826,35.7769351],[129.2098789,35.7768946],[129.2098776,35.7768758],[129.2098777,35.7768746],[129.2098791,35.7768693],[129.2098862,35.776848],[129.2098954,35.7768115],[129.2098976,35.7767927],[129.2098979,35.776783],[129.2098962,35.7767615],[129.2098919,35.7767351],[129.2098866,35.7767015],[129.2098811,35.7766707],[129.2098767,35.7766444],[129.2098722,35.7766094],[129.2098658,35.7765709],[129.2098605,35.7765415],[129.2098277,35.7765455],[129.209833,35.7765746],[129.2098393,35.7766126],[129.2098438,35.7766477],[129.2098483,35.7766745],[129.2098538,35.7767052],[129.2098591,35.7767386],[129.2098633,35.7767642],[129.2098648,35.7767835],[129.2098645,35.776791],[129.2098626,35.7768074],[129.2098539,35.7768417],[129.2098469,35.7768628],[129.2098448,35.7768707],[129.2098444,35.7768757],[129.2098458,35.7768964],[129.2098496,35.7769374],[129.2098558,35.7769894],[129.2098643,35.7770713],[129.2098712,35.7771351],[129.209881,35.7772154],[129.2098919,35.7773231],[129.2099246,35.7773181]]]]}},{"type":"Feature","properties":{"UFID":"100035901089A00110100000004420404"},"geometry":{"type":"MultiPolygon","coordinates":[[[[129.2106099,35.7782894],[129.2106146,35.7783336],[129.2106205,35.7783332],[129.2106291,35.7783352],[129.2106856,35.7783444],[129.2106955,35.7783156],[129.2106099,35.7782894]]]]}},{"type":"Feature","properties":{"UFID":"100035901089A00110100000004420405"},"geometry":{"type":"MultiPolygon","coordinates":[[[[129.2105487,35.7782707],[129.2102867,35.7782038],[129.2102323,35.7781917],[129.2101892,35.7781833],[129.2101312,35.7781781],[129.2100769,35.7781766],[129.2100131,35.7781752],[129.2098795,35.7781672],[129.2098516,35.7781676],[129.2098377,35.7781698],[129.2098106,35.7781851],[129.2097601,35.7782102],[129.2097743,35.7782501],[129.2097854,35.7782403],[129.2098027,35.7782305],[129.2098162,35.7782224],[129.2098379,35.778217],[129.209866,35.778213],[129.2098964,35.7782129],[129.2099825,35.7782219],[129.2100611,35.7782322],[129.2100861,35.7782337],[129.2101049,35.7782363],[129.2101152,35.7782384],[129.2101823,35.7782449],[129.210199,35.7782408],[129.2102136,35.7782398],[129.2102317,35.7782409],[129.2102526,35.778243],[129.2102831,35.7782518],[129.210316,35.7782633],[129.210371,35.7782845],[129.2104457,35.778313],[129.2105457,35.7783473],[129.2105487,35.7782707]]]]}},{"type":"Feature","properties":{"UFID":"100035901089A00110100000004420406"},"geometry":{"type":"MultiPolygon","coordinates":[[[[129.2106146,35.7783336],[129.2106099,35.7782894],[129.2105487,35.7782707],[129.2105457,35.7783473],[129.2106146,35.7783336]]]]}},{"type":"Feature","properties":{"UFID":"100035901099A00110100000004420407"},"geometry":{"type":"MultiPolygon","coordinates":[[[[129.2027021,35.758612],[129.2027016,35.7585583],[129.2026973,35.7585638],[129.2026929,35.7585669],[129.202689,35.7585681],[129.2026842,35.758569],[129.2026605,35.7585713],[129.202623,35.7585567],[129.2025989,35.7585506],[129.2025889,35.7585495],[129.2025795,35.7585496],[129.2025751,35.7585509],[129.2025732,35.7585531],[129.2025254,35.7586368],[129.2024439,35.7587978],[129.2024002,35.758897],[129.2024269,35.7589055],[129.202564,35.7586203],[129.2025776,35.7585991],[129.2025898,35.7585923],[129.2026074,35.7585908],[129.2026392,35.7586017],[129.2026557,35.7586115],[129.2027021,35.758612]]]]}},{"type":"Feature","properties":{"UFID":"100035901089A00110100000004420408"},"geometry":{"type":"MultiPolygon","coordinates":[[[[129.2017692,35.7757102],[129.2017535,35.775689],[129.2016665,35.7757172],[129.2015105,35.775755],[129.2014497,35.775773],[129.2014116,35.775783],[129.201377,35.7757902],[129.2013349,35.7757965],[129.2012964,35.7758007],[129.2012631,35.7758021],[129.2012138,35.7758016],[129.2011659,35.7758016],[129.2011251,35.7758022],[129.2010704,35.7758063],[129.2009964,35.7758147],[129.2009072,35.775828],[129.2008358,35.7758393],[129.2007864,35.7758437],[129.2007522,35.7758453],[129.2007356,35.7758429],[129.2006991,35.7758296],[129.2006927,35.7758238],[129.2006904,35.7758194],[129.2006902,35.7758145],[129.2006769,35.7758621],[129.200696,35.7758609],[129.2007056,35.7758611],[129.2007312,35.7758633],[129.2007507,35.7758661],[129.2007885,35.7758643],[129.2008397,35.7758598],[129.2009119,35.7758483],[129.2010005,35.7758351],[129.2010733,35.7758268],[129.2011265,35.7758228],[129.2011661,35.7758223],[129.2012136,35.7758223],[129.2012636,35.7758228],[129.2012987,35.7758213],[129.2013389,35.7758169],[129.2013824,35.7758104],[129.2014186,35.7758029],[129.2014579,35.7757926],[129.2015192,35.7757745],[129.2016551,35.7757433],[129.2017692,35.7757102]]]]}},{"type":"Feature","properties":{"UFID":"100035901099A00110100000004420409"},"geometry":{"type":"MultiPolygon","coordinates":[[[[129.2065046,35.7612644],[129.2064735,35.7612973],[129.2065513,35.7612984],[129.2067004,35.7613167],[129.2067957,35.761321],[129.206887,35.7613109],[129.2069567,35.7612949],[129.207019,35.761292],[129.207074,35.7612905],[129.2072737,35.7612915],[129.2073624,35.761288],[129.2073961,35.7612771],[129.20748,35.7612566],[129.2075406,35.7612395],[129.207608,35.7612157],[129.2076716,35.7611856],[129.207742,35.7611519],[129.2077978,35.7611292],[129.2078696,35.7611035],[129.2079493,35.7610707],[129.2080431,35.7610328],[129.2080876,35.7610196],[129.2081105,35.7610173],[129.2081314,35.761019],[129.2081566,35.7610275],[129.2081949,35.761048],[129.2082399,35.7610753],[129.2082712,35.7610851],[129.2083028,35.7610969],[129.2083182,35.761073],[129.208287,35.7610613],[129.2082595,35.7610466],[129.2082067,35.7610212],[129.2081737,35.7610075],[129.2081489,35.7610002],[129.2081261,35.7609981],[129.208091,35.7609999],[129.2080495,35.7610107],[129.2079596,35.7610443],[129.2078814,35.7610763],[129.2078032,35.761106],[129.2077118,35.7611423],[129.2076276,35.761183],[129.2075753,35.7612053],[129.2075079,35.7612267],[129.2074259,35.7612492],[129.2073449,35.761263],[129.2072513,35.7612719],[129.2071646,35.761273],[129.2070419,35.761271],[129.2069684,35.7612769],[129.2069142,35.7612861],[129.2068742,35.7612945],[129.2067999,35.7612981],[129.2067204,35.7612957],[129.2065687,35.7612734],[129.2065046,35.7612644]]]]}},{"type":"Feature","properties":{"UFID":"100035901099A00110100000004420410"},"geometry":{"type":"MultiPolygon","coordinates":[[[[129.2052469,35.7514611],[129.2052193,35.7513368],[129.2051691,35.7513385],[129.2051932,35.7514642],[129.2052291,35.7514611],[129.2052469,35.7514611]]]]}},{"type":"Feature","properties":{"UFID":"100035901099A00110100000004420411"},"geometry":{"type":"MultiPolygon","coordinates":[[[[129.2086622,35.774852],[129.2086138,35.7748254],[129.2085958,35.774853],[129.208627,35.7748674],[129.2086416,35.7748791],[129.2086622,35.774852]]]]}},{"type":"Feature","properties":{"UFID":"100035901099A00110100000004420412"},"geometry":{"type":"MultiPolygon","coordinates":[[[[129.2086138,35.7748254],[129.208538,35.7747951],[129.2084986,35.7747738],[129.2084347,35.7747663],[129.208378,35.7747651],[129.2083263,35.7747753],[129.2082632,35.7747812],[129.2080913,35.7747943],[129.2079538,35.7747971],[129.2078791,35.7748274],[129.2080052,35.7748277],[129.208094,35.7748212],[129.2083148,35.7748079],[129.2084004,35.7747998],[129.2084709,35.7748045],[129.2085241,35.7748198],[129.2085958,35.774853],[129.2086138,35.7748254]]]]}},{"type":"Feature","properties":{"UFID":"100035901099A00110100000004420413"},"geometry":{"type":"MultiPolygon","coordinates":[[[[129.2044726,35.7736509],[129.2044385,35.7736633],[129.204441,35.7736677],[129.2044581,35.7736963],[129.2044618,35.7737301],[129.2044974,35.7737324],[129.2044726,35.7736509]]]]}},{"type":"Feature","properties":{"UFID":"100035901099A00110100000004420414"},"geometry":{"type":"MultiPolygon","coordinates":[[[[129.2044726,35.7736509],[129.204455,35.7736279],[129.2044251,35.7735952],[129.2044065,35.7735824],[129.2043653,35.7735733],[129.204327,35.7735722],[129.2042737,35.7735804],[129.204238,35.773605],[129.2042594,35.7736256],[129.2042884,35.7736057],[129.2043296,35.7735994],[129.2043603,35.7736002],[129.2043907,35.7736069],[129.2044008,35.7736139],[129.2044264,35.7736418],[129.2044385,35.7736633],[129.2044726,35.7736509]]]]}},{"type":"Feature","properties":{"UFID":"100035901099A00110100000004420415"},"geometry":{"type":"MultiPolygon","coordinates":[[[[129.2048347,35.7748452],[129.204698,35.7748449],[129.2046341,35.7748374],[129.2046204,35.7748237],[129.2045927,35.7744999],[129.2045729,35.7742435],[129.2045459,35.774008],[129.2045014,35.7737877],[129.2044974,35.7737324],[129.2044618,35.7737301],[129.2044685,35.7737911],[129.204513,35.7740114],[129.2045399,35.7742456],[129.2045596,35.7745016],[129.20459,35.7748571],[129.2045927,35.7748886],[129.2046141,35.7748987],[129.2048711,35.7748992],[129.2048347,35.7748452]]]]}},{"type":"Feature","properties":{"UFID":"100035901099A00110100000004420416"},"geometry":{"type":"MultiPolygon","coordinates":[[[[129.2048063,35.7734726],[129.2047503,35.7734639],[129.2047322,35.7734602],[129.2047188,35.7734816],[129.2047814,35.7734943],[129.2048063,35.7734726]]]]}},{"type":"Feature","properties":{"UFID":"100035901099A00110100000004420417"},"geometry":{"type":"MultiPolygon","coordinates":[[[[129.2047322,35.7734602],[129.2039732,35.7733074],[129.2039653,35.7733337],[129.2047188,35.7734816],[129.2047322,35.7734602]]]]}},{"type":"Feature","properties":{"UFID":"100035901099A00110100000004420418"},"geometry":{"type":"MultiPolygon","coordinates":[[[[129.2052016,35.773494],[129.2052093,35.7734673],[129.2050447,35.7734611],[129.2048543,35.7734802],[129.2048063,35.7734726],[129.2047814,35.7734943],[129.2048533,35.7735076],[129.2050459,35.7734881],[129.2052016,35.773494]]]]}},{"type":"Feature","properties":{"UFID":"100035901099A00110100000004420419"},"geometry":{"type":"MultiPolygon","coordinates":[[[[129.2051932,35.7514642],[129.2051691,35.7513385],[129.2051274,35.7513436],[129.2051419,35.7514687],[129.2051932,35.7514642]]]]}},{"type":"Feature","properties":{"UFID":"100035901099A00110100000004420420"},"geometry":{"type":"MultiPolygon","coordinates":[[[[129.2051419,35.7514687],[129.2051274,35.7513436],[129.2049902,35.7513604],[129.2049752,35.7513579],[129.2049926,35.7514818],[129.2051419,35.7514687]]]]}},{"type":"Feature","properties":{"UFID":"100035901099A00110100000004420421"},"geometry":{"type":"MultiPolygon","coordinates":[[[[129.2049963,35.7511698],[129.2049748,35.7511429],[129.2049313,35.7511582],[129.2049187,35.7511576],[129.2049008,35.751162],[129.2048757,35.7511519],[129.2048944,35.7512006],[129.2049161,35.7511893],[129.2049963,35.7511698]]]]}},{"type":"Feature","properties":{"UFID":"100035901099A00110100000004420422"},"geometry":{"type":"MultiPolygon","coordinates":[[[[129.2050342,35.7511464],[129.2050182,35.7511278],[129.2050079,35.7511312],[129.2049748,35.7511429],[129.2049963,35.7511698],[129.2050342,35.7511464]]]]}},{"type":"Feature","properties":{"UFID":"100035901099A00110100000004420423"},"geometry":{"type":"MultiPolygon","coordinates":[[[[129.2050182,35.7511278],[129.2050342,35.7511464],[129.2050955,35.7511313],[129.2051567,35.7511128],[129.2052222,35.7510979],[129.2052133,35.7510718],[129.2051464,35.7510871],[129.2050835,35.7511061],[129.2050182,35.7511278]]]]}},{"type":"Feature","properties":{"UFID":"100035901099A00110100000004420424"},"geometry":{"type":"MultiPolygon","coordinates":[[[[129.2086138,35.7748254],[129.2086622,35.774852],[129.2086741,35.7748246],[129.2086741,35.7748177],[129.208672,35.7748085],[129.2086646,35.7747995],[129.2086546,35.7747911],[129.2085423,35.7747206],[129.2084724,35.7746687],[129.2084668,35.7746597],[129.2084673,35.7746529],[129.2084919,35.7746098],[129.2084679,35.7746062],[129.2084392,35.7746578],[129.2084387,35.7746666],[129.2084405,35.7746751],[129.2084613,35.774696],[129.2086224,35.7747943],[129.2086231,35.7748031],[129.2086138,35.7748254]]]]}},{"type":"Feature","properties":{"UFID":"100035901099A00110100000004420425"},"geometry":{"type":"MultiPolygon","coordinates":[[[[129.2047814,35.7734943],[129.2047188,35.7734816],[129.2047143,35.7734953],[129.2047084,35.7735027],[129.2046032,35.7735509],[129.2045566,35.7735783],[129.2045236,35.7736008],[129.2045082,35.7736174],[129.2044797,35.7736482],[129.2044726,35.7736509],[129.2044974,35.7737324],[129.2045036,35.7736932],[129.2045145,35.7736562],[129.2045285,35.7736318],[129.2045574,35.7736061],[129.2045989,35.7735779],[129.2046657,35.7735458],[129.20474,35.7735097],[129.2047814,35.7734943]]]]}},{"type":"Feature","properties":{"UFID":"100035901099A00110100000004420426"},"geometry":{"type":"MultiPolygon","coordinates":[[[[129.2051691,35.7513385],[129.2051316,35.7512938],[129.2050868,35.7512382],[129.2050364,35.7511679],[129.2050342,35.7511464],[129.2049963,35.7511698],[129.204998,35.7511705],[129.2050526,35.751241],[129.2050529,35.7512414],[129.2051056,35.7513131],[129.2051274,35.7513436],[129.2051691,35.7513385]]]]}},{"type":"Feature","properties":{"UFID":"100035901100A00110100000004420427"},"geometry":{"type":"MultiPolygon","coordinates":[[[[129.2502378,35.7659998],[129.2502112,35.7659795],[129.2501601,35.7659282],[129.2501375,35.7658906],[129.2501155,35.7658124],[129.2500894,35.7657433],[129.2500569,35.7656726],[129.2500344,35.7656222],[129.250025,35.7655989],[129.2500141,35.7655662],[129.25,35.765477],[129.2499959,35.765442],[129.2499936,35.7654274],[129.2499793,35.7653742],[129.2499549,35.7653157],[129.2499306,35.7652702],[129.2499152,35.765249],[129.2498719,35.7652155],[129.2498129,35.7651864],[129.2497298,35.76516],[129.2496535,35.7651358],[129.2494765,35.7650878],[129.2493961,35.7650627],[129.2493776,35.7650506],[129.2493584,35.7650354],[129.2493155,35.7649754],[129.2492328,35.7648458],[129.2491944,35.7647742],[129.2491228,35.7646839],[129.2490932,35.7646507],[129.2490686,35.7646252],[129.2490284,35.7646007],[129.2489674,35.764576],[129.2489013,35.7645576],[129.248788,35.7645439],[129.2485953,35.7645061],[129.2485422,35.7644872],[129.2484837,35.7644581],[129.2484373,35.7644253],[129.2483835,35.7643802],[129.2483572,35.7643477],[129.2483298,35.7643132],[129.2482255,35.7642206],[129.2482223,35.764219],[129.2481413,35.7641781],[129.2480733,35.7641479],[129.247974,35.7641052],[129.2479037,35.7640801],[129.2478534,35.7640733],[129.2477645,35.7640557],[129.2477208,35.7640381],[129.2476652,35.764013],[129.2475633,35.7639448],[129.2475242,35.7638936],[129.2474876,35.7638357],[129.247463,35.7637794],[129.2474368,35.7637179],[129.2474051,35.7636493],[129.2473865,35.7636261],[129.2473414,35.7635778],[129.2472435,35.7635004],[129.2471406,35.7634258],[129.2470594,35.7633909],[129.2469603,35.7633683],[129.2468626,35.7633573],[129.2467629,35.7633436],[129.2466919,35.7633285],[129.2466384,35.7633076],[129.2465793,35.76327],[129.2465551,35.7632922],[129.2466208,35.7633307],[129.2466803,35.763354],[129.246756,35.7633701],[129.2468576,35.763384],[129.2469535,35.7633948],[129.2470471,35.7634161],[129.2471205,35.7634477],[129.2471282,35.763454],[129.2471641,35.763494],[129.2472016,35.7635708],[129.247214,35.763595],[129.2472407,35.7636147],[129.2472836,35.7636315],[129.2473031,35.763638],[129.2473297,35.7636477],[129.247346,35.76366],[129.2473726,35.7636843],[129.247406,35.7637281],[129.2474317,35.7637884],[129.2474571,35.7638465],[129.2474953,35.7639069],[129.247538,35.7639629],[129.2476465,35.7640355],[129.2477054,35.764062],[129.2477531,35.7640813],[129.2478467,35.7640998],[129.2478942,35.7641063],[129.2479596,35.7641296],[129.2480577,35.7641718],[129.2481233,35.7642008],[129.2481864,35.7642499],[129.248189,35.7642522],[129.2482877,35.7643397],[129.2483127,35.7643714],[129.248342,35.7644074],[129.2484008,35.7644568],[129.2484523,35.7644932],[129.2485177,35.7645256],[129.2485784,35.7645473],[129.2487778,35.7645864],[129.2488887,35.7645998],[129.2489469,35.764616],[129.2490004,35.7646377],[129.2490312,35.7646565],[129.2490509,35.7646768],[129.2490791,35.7647084],[129.2491475,35.7647948],[129.2491849,35.7648645],[129.249269,35.7649963],[129.2493162,35.7650623],[129.2493424,35.7650831],[129.2493694,35.7651007],[129.2494587,35.7651286],[129.2496355,35.7651765],[129.2497105,35.7652003],[129.2497894,35.7652253],[129.2498395,35.7652501],[129.2498733,35.7652762],[129.2498832,35.7652899],[129.2499054,35.7653313],[129.2499281,35.7653858],[129.2499413,35.7654349],[129.2499432,35.7654469],[129.2499494,35.7655001],[129.2499498,35.7655071],[129.2499549,35.7655408],[129.2499634,35.7655595],[129.25,35.765619],[129.2500211,35.7656847],[129.2500528,35.7657535],[129.2500781,35.7658206],[129.2501008,35.7659012],[129.2501273,35.7659453],[129.2501828,35.766001],[129.2502146,35.7660254],[129.2502378,35.7659998]]]]}},{"type":"Feature","properties":{"UFID":"100035901100A00110100000004420428"},"geometry":{"type":"MultiPolygon","coordinates":[[[[129.2500321,35.7674588],[129.2500312,35.7674581],[129.25,35.767432],[129.2499066,35.767354],[129.2498883,35.7673651],[129.25,35.7674565],[129.2500048,35.7674604],[129.250005,35.7674663],[129.250005,35.767472],[129.2500042,35.7674809],[129.2500321,35.7674588]]]]}},{"type":"Feature","properties":{"UFID":"100035902091A00110100000004420429"},"geometry":{"type":"MultiPolygon","coordinates":[[[[129.2500042,35.7674809],[129.2500023,35.7674869],[129.25,35.7674889],[129.2499985,35.7674902],[129.2499922,35.7674916],[129.2499818,35.7674915],[129.2499666,35.7675168],[129.24999,35.7675194],[129.25,35.7675203],[129.2500469,35.7675246],[129.2500802,35.7675276],[129.2500042,35.7674809]]]]}},{"type":"Feature","properties":{"UFID":"100035901100A00110100000004420430"},"geometry":{"type":"MultiPolygon","coordinates":[[[[129.245042,35.7515981],[129.2451132,35.7515758],[129.2451077,35.751566],[129.2450919,35.7515438],[129.2450747,35.7515267],[129.2450536,35.7515147],[129.2450319,35.7515055],[129.245,35.7514993],[129.2449526,35.7514986],[129.2448843,35.751504],[129.2448,35.7515168],[129.2447071,35.7515388],[129.2439998,35.7517151],[129.2438987,35.7517569],[129.2436089,35.7519742],[129.2435188,35.7520145],[129.2434011,35.7520281],[129.2433027,35.7520263],[129.2431583,35.7520128],[129.2427699,35.7518819],[129.2426706,35.7518492],[129.2424543,35.7517138],[129.2422356,35.7515606],[129.2420989,35.751515],[129.2419726,35.7515003],[129.2417923,35.7514977],[129.241676,35.7515088],[129.2415812,35.7515368],[129.2415233,35.7515737],[129.2414437,35.7516435],[129.2413728,35.7516922],[129.2413182,35.7517046],[129.2408952,35.751701],[129.240839,35.7516908],[129.2407368,35.7516373],[129.2405985,35.7515192],[129.2404419,35.7514282],[129.240265,35.75134],[129.2402423,35.7513193],[129.2402069,35.751225],[129.2401515,35.7511519],[129.2400721,35.7510909],[129.2397375,35.7508892],[129.2393259,35.7506166],[129.2389655,35.7503289],[129.2389376,35.7503058],[129.2388882,35.7502338],[129.2386804,35.7500006],[129.2386799,35.75],[129.2385916,35.7498889],[129.238491,35.7497719],[129.2384126,35.7496925],[129.2383957,35.749679],[129.2383935,35.7496775],[129.2382772,35.7496002],[129.2382019,35.7495506],[129.2381749,35.7495226],[129.238144,35.7494529],[129.2380712,35.7492785],[129.2380612,35.7492766],[129.2380394,35.7492752],[129.237991,35.7492747],[129.2378942,35.7492726],[129.2378466,35.7492701],[129.2378441,35.7493395],[129.2378795,35.7493303],[129.2379291,35.7493248],[129.2379837,35.7493192],[129.2380024,35.7493181],[129.2380182,35.749319],[129.2380335,35.7493473],[129.2380725,35.7494327],[129.2381222,35.7495459],[129.238139,35.7495686],[129.2381452,35.7495732],[129.238195,35.7496099],[129.2383024,35.7496666],[129.2383208,35.7496786],[129.2383812,35.7497181],[129.2384556,35.7497936],[129.2385553,35.7499095],[129.2386362,35.75],[129.2386367,35.7500006],[129.2388313,35.7502618],[129.2388732,35.7503242],[129.2388879,35.750343],[129.2389673,35.7504101],[129.2391008,35.7505187],[129.2392329,35.7506278],[129.2392768,35.7506633],[129.2393523,35.7507142],[129.2394527,35.7507787],[129.2395438,35.7508371],[129.2396773,35.7509206],[129.2397738,35.7509801],[129.2398671,35.7510356],[129.2398601,35.7510542],[129.2398872,35.7510636],[129.2399567,35.751093],[129.240031,35.7511239],[129.2400997,35.7511863],[129.240146,35.7512475],[129.2401831,35.7513464],[129.2402219,35.751382],[129.2404054,35.7514733],[129.2405549,35.7515602],[129.2406943,35.7516793],[129.2408132,35.7517415],[129.2408875,35.751755],[129.241327,35.7517589],[129.2414046,35.7517411],[129.2414896,35.7516827],[129.2415684,35.7516136],[129.2416137,35.7515847],[129.2416913,35.7515617],[129.2417956,35.7515518],[129.2419672,35.7515542],[129.2420813,35.7515675],[129.2422004,35.7516073],[129.2424125,35.7517558],[129.2426374,35.7518965],[129.2427608,35.7519414],[129.2428912,35.7519821],[129.2430022,35.752013],[129.2431282,35.7520479],[129.2432053,35.7520648],[129.2432924,35.7520816],[129.2433399,35.7520862],[129.243405,35.7520823],[129.2435402,35.7520666],[129.243648,35.7520184],[129.2439369,35.7518017],[129.2440261,35.7517649],[129.2446469,35.7515845],[129.2448326,35.7515533],[129.2449199,35.7515478],[129.2450005,35.7515651],[129.2450339,35.751588],[129.245042,35.7515981]]]]}},{"type":"Feature","properties":{"UFID":"100035901100A00110100000004420431"},"geometry":{"type":"MultiPolygon","coordinates":[[[[129.2367385,35.7499976],[129.2367049,35.74992],[129.2366813,35.7499408],[129.236621,35.75],[129.2364812,35.7501372],[129.2363329,35.7503089],[129.2362265,35.7504409],[129.2361873,35.750501],[129.236184,35.7505125],[129.236269,35.7505322],[129.2362777,35.7505108],[129.2363137,35.7504572],[129.236376,35.7503751],[129.2364413,35.7502971],[129.2365523,35.7501719],[129.2366803,35.7500405],[129.2367277,35.7500006],[129.2367285,35.75],[129.2367319,35.7499988],[129.2367385,35.7499976]]]]}},{"type":"Feature","properties":{"UFID":"100035901100A00110100000004420432"},"geometry":{"type":"MultiPolygon","coordinates":[[[[129.2378493,35.7510202],[129.2378437,35.7509905],[129.2378196,35.7509967],[129.2377433,35.7510076],[129.2376611,35.7510151],[129.2376057,35.7510217],[129.2375627,35.7510242],[129.2375236,35.7510242],[129.2374919,35.7510196],[129.2374586,35.7510086],[129.2374189,35.7509877],[129.2373692,35.7509522],[129.2373337,35.750924],[129.2372981,35.7508888],[129.2372685,35.7508507],[129.237247,35.7508142],[129.2372296,35.7507611],[129.2372091,35.7507014],[129.2371825,35.7506262],[129.2371643,35.7505703],[129.2371426,35.7505075],[129.237126,35.7504489],[129.2371195,35.7503897],[129.2371173,35.7502975],[129.2371058,35.7502516],[129.237108,35.7501641],[129.2371141,35.7501004],[129.2371359,35.7500007],[129.2371361,35.75],[129.2371663,35.7498994],[129.2371984,35.749809],[129.2372231,35.7497323],[129.2372651,35.7496355],[129.2373066,35.7495492],[129.2373987,35.7493558],[129.2374565,35.749218],[129.2374914,35.7491193],[129.2375273,35.7490413],[129.2375829,35.7489364],[129.2375885,35.7489345],[129.2375481,35.7488788],[129.2375341,35.7489394],[129.2374991,35.7490192],[129.2374623,35.7491094],[129.2374156,35.7492285],[129.237376,35.7493287],[129.2373427,35.7494046],[129.237267,35.74955],[129.2372304,35.7496307],[129.2371911,35.7497305],[129.2371428,35.7498742],[129.2371029,35.75],[129.2371027,35.7500007],[129.2370923,35.7500338],[129.2370769,35.7500821],[129.2370742,35.7501374],[129.2370776,35.7502001],[129.2370809,35.7502368],[129.237082,35.7502633],[129.2370822,35.7502806],[129.2370862,35.7503411],[129.2370893,35.7503822],[129.2371051,35.7504954],[129.2371165,35.7505112],[129.2371305,35.7505597],[129.2371488,35.7506149],[129.2371737,35.750676],[129.2371954,35.7507318],[129.2372036,35.7507635],[129.2372152,35.7508059],[129.2372405,35.7508562],[129.2372778,35.7509057],[129.2373257,35.7509569],[129.2373758,35.7509908],[129.2374256,35.7510212],[129.2374701,35.7510411],[129.2374821,35.751043],[129.237518,35.7510484],[129.2375757,35.7510492],[129.2376407,35.751047],[129.2376508,35.7510458],[129.2377161,35.751038],[129.2378305,35.7510222],[129.2378493,35.7510202]]]]}},{"type":"Feature","properties":{"UFID":"100035901100A00110100000004420433"},"geometry":{"type":"MultiPolygon","coordinates":[[[[129.2373613,35.7511922],[129.2373441,35.7511851],[129.2372917,35.7511596],[129.2372031,35.7510927],[129.2371073,35.7510073],[129.2370421,35.7509448],[129.2369934,35.7508783],[129.2369567,35.7508052],[129.2369249,35.7507025],[129.2369195,35.7506899],[129.2369135,35.7506757],[129.236899,35.7506282],[129.2368886,35.7505535],[129.2368776,35.7504753],[129.2368623,35.7503897],[129.2368521,35.7503194],[129.2368479,35.7502499],[129.2368553,35.7501532],[129.2368569,35.7501025],[129.2368615,35.7500569],[129.2368824,35.7500007],[129.2368822,35.75],[129.2368866,35.7499834],[129.2368976,35.7499499],[129.2367385,35.7499976],[129.2367434,35.7499986],[129.2367444,35.75],[129.2367535,35.7500128],[129.236793,35.7501368],[129.2367963,35.7501508],[129.2368055,35.7502795],[129.2368109,35.7503204],[129.2368131,35.7503397],[129.2368173,35.750408],[129.2368276,35.750519],[129.2368446,35.7506094],[129.2368613,35.7506745],[129.2368834,35.7507286],[129.236889,35.7507423],[129.2368807,35.7507449],[129.2369266,35.7508478],[129.236985,35.7509442],[129.2370747,35.7510308],[129.2372336,35.7511757],[129.2372715,35.7512104],[129.2373613,35.7511922]]]]}},{"type":"Feature","properties":{"UFID":"100035901099A00110100000004420434"},"geometry":{"type":"MultiPolygon","coordinates":[[[[129.2182793,35.7714347],[129.2182537,35.7714527],[129.2182668,35.771461],[129.2182979,35.7714905],[129.2183132,35.7715159],[129.2183194,35.7715321],[129.2183175,35.7715466],[129.2183119,35.7715589],[129.218305,35.7715687],[129.2182541,35.7716046],[129.2182758,35.771625],[129.2183309,35.7715861],[129.2183421,35.7715704],[129.2183501,35.7715528],[129.2183532,35.7715294],[129.2183441,35.7715059],[129.2183258,35.7714755],[129.2182898,35.7714413],[129.2182793,35.7714347]]]]}},{"type":"Feature","properties":{"UFID":"100035901099A00110100000004420435"},"geometry":{"type":"MultiPolygon","coordinates":[[[[129.218236,35.7714092],[129.2182793,35.7714347],[129.2182861,35.7714365],[129.2182991,35.7714446],[129.2183259,35.7714605],[129.2183916,35.7715168],[129.2184409,35.7715464],[129.2184606,35.7715246],[129.2184137,35.7714964],[129.2183479,35.7714401],[129.218319,35.771423],[129.2183018,35.7714122],[129.2182781,35.7714059],[129.2182618,35.7714043],[129.218236,35.7714092]]]]}},{"type":"Feature","properties":{"UFID":"100035901099A00110100000004420436"},"geometry":{"type":"MultiPolygon","coordinates":[[[[129.2182793,35.7714347],[129.218236,35.7714092],[129.2182123,35.7714299],[129.2182266,35.7714356],[129.2182537,35.7714527],[129.2182793,35.7714347]]]]}},{"type":"Feature","properties":{"UFID":"100035901099A00110100000004420437"},"geometry":{"type":"MultiPolygon","coordinates":[[[[129.2126229,35.7612821],[129.212623,35.7613091],[129.2126888,35.761306],[129.2127955,35.7613015],[129.2128867,35.7612933],[129.2129656,35.7612981],[129.2131882,35.7613294],[129.2134174,35.7613791],[129.2135347,35.7614243],[129.2136527,35.7614754],[129.213821,35.7615066],[129.2139043,35.7615194],[129.2139379,35.7615329],[129.2139821,35.7615601],[129.2140477,35.7616225],[129.2141834,35.7617887],[129.2143015,35.7619372],[129.2144051,35.7620406],[129.2145061,35.7621561],[129.2145605,35.7622025],[129.2146517,35.7622713],[129.2146868,35.7623071],[129.2147127,35.7622902],[129.2146761,35.7622529],[129.2145838,35.7621832],[129.2145318,35.7621388],[129.2144315,35.7620242],[129.2143284,35.7619212],[129.2142111,35.7617738],[129.2140742,35.7616062],[129.2140049,35.7615402],[129.2139554,35.7615097],[129.2139149,35.7614935],[129.2138277,35.7614801],[129.2136643,35.7614499],[129.2135495,35.7614002],[129.2134289,35.7613536],[129.2131952,35.761303],[129.2129697,35.7612712],[129.2128862,35.7612661],[129.2127927,35.7612746],[129.2126869,35.761279],[129.2126229,35.7612821]]]]}},{"type":"Feature","properties":{"UFID":"100035901100A00110100000004420438"},"geometry":{"type":"MultiPolygon","coordinates":[[[[129.2391728,35.7523051],[129.2391683,35.7522932],[129.2391486,35.7522268],[129.2391276,35.7521434],[129.2391073,35.7520544],[129.2390826,35.7519633],[129.2390595,35.7518849],[129.2390355,35.7517984],[129.2389981,35.7517142],[129.2389595,35.7516473],[129.2389469,35.7516255],[129.238942,35.7516274],[129.238912,35.751639],[129.2389111,35.7516393],[129.2389151,35.7516444],[129.2389255,35.7516575],[129.2389477,35.751693],[129.2389719,35.7517317],[129.2389897,35.7517687],[129.2390111,35.7518227],[129.2390272,35.7518778],[129.2390416,35.7519376],[129.2390438,35.7519461],[129.2390628,35.7520186],[129.239087,35.7521082],[129.2391084,35.7522022],[129.239127,35.7522826],[129.2391283,35.7523084],[129.2391225,35.7523184],[129.2391728,35.7523051]]]]}},{"type":"Feature","properties":{"UFID":"100035901100A00110100000004420439"},"geometry":{"type":"MultiPolygon","coordinates":[[[[129.2306839,35.7606797],[129.2306503,35.7606772],[129.230669,35.7608422],[129.2306542,35.7609479],[129.2306171,35.7610725],[129.2305614,35.7611894],[129.2305351,35.7612908],[129.2305178,35.7614036],[129.2304989,35.7615234],[129.2304719,35.7616664],[129.2303631,35.7620479],[129.2303589,35.7620626],[129.2303564,35.7620668],[129.2303535,35.7620692],[129.2303896,35.7620751],[129.2305044,35.7616716],[129.2305317,35.7615272],[129.2305508,35.761407],[129.2305678,35.7612953],[129.2305933,35.7611971],[129.2306488,35.7610805],[129.2306869,35.7609528],[129.2307024,35.7608425],[129.2306839,35.7606797]]]]}},{"type":"Feature","properties":{"UFID":"100035901100A00110100000004420440"},"geometry":{"type":"MultiPolygon","coordinates":[[[[129.2303896,35.7620751],[129.2303535,35.7620692],[129.2303394,35.7621117],[129.23038,35.7621183],[129.2303834,35.7620972],[129.2303896,35.7620751]]]]}},{"type":"Feature","properties":{"UFID":"100035901100A00110100000004420441"},"geometry":{"type":"MultiPolygon","coordinates":[[[[129.23038,35.7621183],[129.2303394,35.7621117],[129.2303424,35.7621212],[129.2303429,35.7621348],[129.2303429,35.7621418],[129.2303174,35.7623002],[129.2302912,35.7624509],[129.2303239,35.7624546],[129.2303503,35.7623039],[129.23038,35.7621183]]]]}},{"type":"Feature","properties":{"UFID":"100035901100A00110100000004420442"},"geometry":{"type":"MultiPolygon","coordinates":[[[[129.234993,35.7549185],[129.2349638,35.754902],[129.2349446,35.7549208],[129.2348579,35.7549593],[129.2347785,35.7549827],[129.2346133,35.7550485],[129.2345363,35.7550834],[129.2344816,35.7550861],[129.2344647,35.7550973],[129.2344463,35.7551159],[129.2343976,35.7552205],[129.2343063,35.755388],[129.2342202,35.7555039],[129.2341922,35.7555452],[129.2341887,35.7555735],[129.2341941,35.7557791],[129.2341933,35.7558706],[129.2341775,35.7559351],[129.2341361,35.7560286],[129.2340902,35.7560801],[129.2339789,35.7561535],[129.2339524,35.7561906],[129.2339444,35.7562299],[129.2339357,35.7563753],[129.2339302,35.7564151],[129.2339249,35.756438],[129.2338481,35.7565665],[129.2338403,35.7565876],[129.2338404,35.7566498],[129.2338397,35.7567438],[129.2338278,35.7568231],[129.2337907,35.7569407],[129.2337637,35.7569776],[129.2337433,35.7569959],[129.2336082,35.757061],[129.2334115,35.7571701],[129.2331705,35.7573206],[129.2329095,35.7574524],[129.2328569,35.7574813],[129.2328052,35.7575256],[129.2327776,35.7575688],[129.2327669,35.7576087],[129.2327594,35.757716],[129.2327567,35.7577677],[129.232747,35.7577905],[129.2327313,35.7578092],[129.2326624,35.7578506],[129.2325099,35.7579272],[129.2323856,35.7579794],[129.2322904,35.7580369],[129.2320512,35.7582038],[129.23189,35.7583621],[129.2318635,35.7583869],[129.231834,35.7584449],[129.2318117,35.7584713],[129.231669,35.7585493],[129.2316517,35.7585544],[129.2315315,35.758559],[129.2314799,35.7585633],[129.2314533,35.7585803],[129.2314148,35.7586456],[129.2313762,35.7587349],[129.2313596,35.7587839],[129.2313436,35.7589111],[129.2313365,35.758939],[129.2312703,35.7590396],[129.2311977,35.7591246],[129.2311694,35.7591982],[129.2311697,35.7592236],[129.2311944,35.759445],[129.2312005,35.7596204],[129.231217,35.7597037],[129.2312374,35.7597528],[129.2312674,35.7598744],[129.2312611,35.7599234],[129.2312495,35.7599533],[129.2311936,35.7600132],[129.231125,35.7600381],[129.2310859,35.7600609],[129.2310573,35.7601033],[129.230962,35.7602961],[129.2308631,35.76046],[129.230814,35.7605123],[129.2307186,35.7605684],[129.2306731,35.76061],[129.2306503,35.7606772],[129.2306839,35.7606797],[129.230703,35.7606233],[129.230741,35.7605885],[129.2308373,35.7605319],[129.2308914,35.7604743],[129.2309923,35.7603072],[129.2310874,35.760115],[129.2311114,35.7600792],[129.2311417,35.7600617],[129.2312149,35.7600351],[129.2312794,35.7599659],[129.2312939,35.7599289],[129.231301,35.759873],[129.2312695,35.7597457],[129.2312493,35.7596971],[129.2312337,35.7596178],[129.2312276,35.7594434],[129.2312028,35.7592223],[129.2312025,35.7592023],[129.2312278,35.7591366],[129.2312986,35.7590538],[129.2313679,35.7589483],[129.2313763,35.7589152],[129.2313923,35.7587889],[129.2314079,35.7587429],[129.2314456,35.7586559],[129.2314799,35.7585977],[129.2314928,35.7585894],[129.231534,35.758586],[129.2316584,35.7585813],[129.2316841,35.7585736],[129.2318354,35.7584909],[129.2318633,35.7584579],[129.2318921,35.7584013],[129.2319152,35.7583795],[129.2320749,35.7582228],[129.232311,35.7580582],[129.2324031,35.7580024],[129.2325261,35.7579508],[129.232681,35.7578731],[129.2327554,35.7578283],[129.2327769,35.7578029],[129.2327896,35.7577729],[129.2327926,35.7577174],[129.2327999,35.7576125],[129.232809,35.7575781],[129.2328324,35.7575414],[129.2328784,35.757502],[129.2329274,35.757475],[129.2331893,35.7573429],[129.233431,35.7571921],[129.233626,35.7570839],[129.2337643,35.7570171],[129.2337905,35.7569938],[129.2338216,35.7569513],[129.2338605,35.7568281],[129.2338729,35.7567455],[129.2338736,35.7566499],[129.2338734,35.7565915],[129.233879,35.7565763],[129.2339565,35.7564466],[129.2339629,35.7564192],[129.2339689,35.7563776],[129.2339773,35.7562327],[129.2339841,35.7561999],[129.2340046,35.7561712],[129.2341144,35.7560988],[129.2341657,35.7560413],[129.2342096,35.7559425],[129.2342265,35.7558734],[129.2342273,35.7557789],[129.2342219,35.7555745],[129.2342246,35.7555535],[129.234249,35.7555174],[129.2343358,35.7554006],[129.2344284,35.7552308],[129.2344755,35.7551295],[129.2344884,35.7551165],[129.234494,35.7551127],[129.2345458,35.755111],[129.2345534,35.7551086],[129.2346296,35.7550742],[129.2347924,35.7550092],[129.2348724,35.7549857],[129.2349674,35.7549435],[129.234993,35.7549185]]]]}},{"type":"Feature","properties":{"UFID":"100035901100A00110100000004420443"},"geometry":{"type":"MultiPolygon","coordinates":[[[[129.2350387,35.7548557],[129.2349915,35.7548434],[129.2349844,35.7548709],[129.2349789,35.7548872],[129.2349638,35.754902],[129.234993,35.7549185],[129.2350102,35.7549017],[129.2350145,35.7548948],[129.2350387,35.7548557]]]]}},{"type":"Feature","properties":{"UFID":"100035901100A00110100000004420444"},"geometry":{"type":"MultiPolygon","coordinates":[[[[129.2356715,35.7538623],[129.2356103,35.7538361],[129.2355909,35.7538685],[129.2354738,35.7540467],[129.2353752,35.7541914],[129.2352808,35.7543276],[129.2352024,35.7544323],[129.2351119,35.754546],[129.2350505,35.7546443],[129.2350138,35.7547575],[129.2350724,35.7547667],[129.2351096,35.7546806],[129.2351735,35.7545754],[129.2352815,35.7544411],[129.2353827,35.7543048],[129.2354678,35.7541722],[129.2355305,35.7541394],[129.2355886,35.7540543],[129.2355903,35.7539905],[129.2356715,35.7538623]]]]}},{"type":"Feature","properties":{"UFID":"100035901100A00110100000004420445"},"geometry":{"type":"MultiPolygon","coordinates":[[[[129.2358454,35.7523333],[129.2357707,35.7523327],[129.235773,35.7523748],[129.2357974,35.7525197],[129.2358412,35.7527459],[129.2358762,35.7529354],[129.235908,35.7531363],[129.2359096,35.7532338],[129.2358851,35.7533487],[129.235814,35.7535066],[129.2356915,35.753701],[129.2356103,35.7538361],[129.2356715,35.7538623],[129.2356918,35.7538303],[129.2358126,35.7536469],[129.2358966,35.7535116],[129.2359515,35.753388],[129.2359826,35.7532905],[129.2359936,35.7531755],[129.2359787,35.7530473],[129.2359387,35.7528539],[129.2358947,35.7526214],[129.2358589,35.7524443],[129.2358454,35.7523333]]]]}},{"type":"Feature","properties":{"UFID":"100035901100A00110100000004420446"},"geometry":{"type":"MultiPolygon","coordinates":[[[[129.236269,35.7505322],[129.236184,35.7505125],[129.2361767,35.7505381],[129.2361748,35.7505513],[129.2361517,35.7507162],[129.2361195,35.7509417],[129.236088,35.7511488],[129.2360442,35.7512861],[129.2359593,35.7515026],[129.2358861,35.7517502],[129.2358279,35.7519898],[129.2357918,35.752176],[129.2357701,35.7523205],[129.2357707,35.7523327],[129.2358454,35.7523333],[129.2358419,35.7523045],[129.2358938,35.7522388],[129.2359093,35.7521451],[129.2358864,35.752092],[129.2358841,35.7520675],[129.2359237,35.7518778],[129.2359842,35.751658],[129.2360418,35.7514691],[129.2361126,35.7514142],[129.2361517,35.7513309],[129.2361334,35.7512653],[129.2361677,35.7510941],[129.2362023,35.7508838],[129.2362222,35.7507428],[129.2362303,35.7506853],[129.236254,35.7505824],[129.2362612,35.7505515],[129.236269,35.7505322]]]]}},{"type":"Feature","properties":{"UFID":"100035901100A00110100000004420447"},"geometry":{"type":"MultiPolygon","coordinates":[[[[129.239187,35.7523437],[129.2391728,35.7523051],[129.2391225,35.7523184],[129.2391387,35.7523609],[129.239187,35.7523437]]]]}},{"type":"Feature","properties":{"UFID":"100035901100A00110100000004420448"},"geometry":{"type":"MultiPolygon","coordinates":[[[[129.2350724,35.7547667],[129.2350138,35.7547575],[129.2349915,35.7548434],[129.2350387,35.7548557],[129.2350724,35.7547667]]]]}},{"type":"Feature","properties":{"UFID":"100035901100A00110100000004420449"},"geometry":{"type":"MultiPolygon","coordinates":[[[[129.2350724,35.7547667],[129.2350387,35.7548557],[129.2350808,35.7548717],[129.2351387,35.7548787],[129.2351535,35.7548806],[129.2351919,35.7548815],[129.2352149,35.754884],[129.2352353,35.7548878],[129.23526,35.7548967],[129.2352716,35.7549079],[129.2353551,35.7550428],[129.2354042,35.7551114],[129.2354253,35.7551353],[129.2354418,35.7551435],[129.2354647,35.7551467],[129.235516,35.7551438],[129.235545,35.7551392],[129.2355033,35.7550701],[129.2354917,35.7550714],[129.2354709,35.7550715],[129.2354492,35.7550621],[129.2353364,35.7548864],[129.2353485,35.7548795],[129.2352843,35.7547731],[129.2352558,35.7547844],[129.2351871,35.7548037],[129.235176,35.7548044],[129.2351447,35.7548016],[129.235097,35.7547847],[129.2350724,35.7547667]]]]}},{"type":"Feature","properties":{"UFID":"100035901100A00110100000004420450"},"geometry":{"type":"MultiPolygon","coordinates":[[[[129.2404316,35.754163],[129.2404307,35.754161],[129.2402476,35.7538673],[129.2401395,35.753738],[129.2400413,35.7536341],[129.2399422,35.7535681],[129.2398484,35.7534755],[129.2397956,35.7533898],[129.2397786,35.7533532],[129.2397248,35.7533698],[129.2397429,35.7534087],[129.2398,35.7535013],[129.2399014,35.7536014],[129.2399998,35.753667],[129.2400929,35.7537655],[129.240198,35.7538912],[129.2402147,35.7539181],[129.2402214,35.7539395],[129.2402239,35.7539565],[129.2402308,35.7539651],[129.2403221,35.7540903],[129.2403783,35.7541803],[129.2404316,35.754163]]]]}},{"type":"Feature","properties":{"UFID":"100035901100A00110100000004420451"},"geometry":{"type":"MultiPolygon","coordinates":[[[[129.2405473,35.7546521],[129.2405473,35.7546498],[129.2405453,35.7545389],[129.2405359,35.7544444],[129.2405189,35.7543682],[129.2404791,35.7542667],[129.2404316,35.754163],[129.2403783,35.7541803],[129.2403794,35.7541822],[129.2404312,35.7542807],[129.2404694,35.7543782],[129.2404854,35.7544498],[129.2404944,35.7545409],[129.2404964,35.7546504],[129.2404965,35.754658],[129.2405473,35.7546521]]]]}},{"type":"Feature","properties":{"UFID":"100035901100A00110100000004420452"},"geometry":{"type":"MultiPolygon","coordinates":[[[[129.2405145,35.754725],[129.2404965,35.754658],[129.2404954,35.7546701],[129.2404941,35.7546838],[129.2404921,35.7546914],[129.2404849,35.7547052],[129.2404569,35.7547318],[129.2404292,35.754747],[129.2404031,35.7547532],[129.2403666,35.7547512],[129.2403465,35.7547438],[129.2401546,35.7546125],[129.240124,35.7545812],[129.240098,35.7545981],[129.2401308,35.7546315],[129.2403287,35.754767],[129.2403584,35.7547779],[129.2404067,35.7547804],[129.2404435,35.7547717],[129.2404792,35.7547522],[129.240507,35.7547257],[129.2405103,35.7547242],[129.2405145,35.754725]]]]}},{"type":"Feature","properties":{"UFID":"100035901100A00110100000004420453"},"geometry":{"type":"MultiPolygon","coordinates":[[[[129.2405538,35.7547187],[129.2405485,35.7546808],[129.2405476,35.7546732],[129.2405473,35.7546521],[129.2404965,35.754658],[129.2405145,35.754725],[129.2405538,35.7547187]]]]}},{"type":"Feature","properties":{"UFID":"100035901100A00110100000004420454"},"geometry":{"type":"MultiPolygon","coordinates":[[[[129.245216,35.7519602],[129.2451855,35.7519187],[129.2451811,35.751935],[129.2451553,35.7519617],[129.2451347,35.7519906],[129.2451681,35.7520064],[129.2451874,35.7519795],[129.2452026,35.7519637],[129.2452062,35.7519616],[129.245216,35.7519602]]]]}},{"type":"Feature","properties":{"UFID":"100035901100A00110100000004420455"},"geometry":{"type":"MultiPolygon","coordinates":[[[[129.2452952,35.7519122],[129.2452773,35.7518995],[129.2452635,35.7518851],[129.2452559,35.7518734],[129.2451855,35.7519187],[129.245216,35.7519602],[129.2452952,35.7519122]]]]}},{"type":"Feature","properties":{"UFID":"100035901100A00110100000004420456"},"geometry":{"type":"MultiPolygon","coordinates":[[[[129.2452559,35.7518734],[129.2452476,35.7518606],[129.2452328,35.7518289],[129.2452021,35.7517647],[129.2451748,35.7516973],[129.2451674,35.7516823],[129.2450924,35.751704],[129.2450983,35.7517169],[129.2451836,35.7519053],[129.2451841,35.751912],[129.2451855,35.7519187],[129.2452559,35.7518734]]]]}},{"type":"Feature","properties":{"UFID":"100035901100A00110100000004420457"},"geometry":{"type":"MultiPolygon","coordinates":[[[[129.2391387,35.7523609],[129.2391225,35.7523184],[129.2391195,35.7523237],[129.2391002,35.7523392],[129.2390644,35.7523492],[129.2389963,35.7523712],[129.2389664,35.7523883],[129.2389621,35.7523958],[129.2389636,35.7524286],[129.2389739,35.752493],[129.2389747,35.7525249],[129.2389719,35.7525486],[129.2389643,35.7525678],[129.2389499,35.7525837],[129.2389191,35.7526091],[129.238886,35.7526309],[129.2388708,35.7526408],[129.2389047,35.7526447],[129.2389378,35.7526216],[129.238972,35.752594],[129.2389938,35.7525679],[129.2390018,35.7525446],[129.2389996,35.7525016],[129.2389957,35.7524535],[129.238994,35.7524238],[129.2389982,35.7524125],[129.2390158,35.7523977],[129.2390504,35.7523807],[129.2390921,35.752367],[129.239125,35.7523586],[129.2391387,35.7523609]]]]}},{"type":"Feature","properties":{"UFID":"100035901100A00110100000004420458"},"geometry":{"type":"MultiPolygon","coordinates":[[[[129.2397786,35.7533532],[129.2397065,35.753226],[129.2396547,35.7531325],[129.2396229,35.7530371],[129.2396081,35.7529097],[129.2396016,35.7528601],[129.2395906,35.7528386],[129.2394385,35.7526972],[129.2393051,35.7525367],[129.239297,35.752525],[129.2392522,35.7524609],[129.2392163,35.7524018],[129.239187,35.7523437],[129.2391387,35.7523609],[129.2391513,35.7523662],[129.2391675,35.7523932],[129.2392769,35.7525509],[129.2394122,35.7527138],[129.2395621,35.7528531],[129.2395692,35.7528669],[129.2395751,35.7529124],[129.2395901,35.753042],[129.2396234,35.7531417],[129.2396759,35.7532364],[129.2397248,35.7533698],[129.2397786,35.7533532]]]]}},{"type":"Feature","properties":{"UFID":"100035901100A00110100000004420459"},"geometry":{"type":"MultiPolygon","coordinates":[[[[129.2303394,35.7621117],[129.2303535,35.7620692],[129.2303473,35.7620708],[129.2303385,35.7620716],[129.230327,35.7620712],[129.2303091,35.7620683],[129.2301656,35.7620377],[129.2300217,35.7620146],[129.2299613,35.7620586],[129.2298485,35.7623176],[129.2296972,35.7623885],[129.2293255,35.7624311],[129.2290105,35.7626127],[129.2288962,35.7628892],[129.2287977,35.7629966],[129.2280131,35.7633227],[129.2274946,35.7636879],[129.2271236,35.7641505],[129.2269999,35.7641995],[129.2269008,35.7641729],[129.2267719,35.7640247],[129.2267646,35.7640216],[129.2267558,35.7640187],[129.2267432,35.7640187],[129.2267307,35.7640205],[129.2267233,35.7640271],[129.2267203,35.7640373],[129.2267241,35.7641077],[129.2267319,35.7641512],[129.2267282,35.7641656],[129.2267186,35.7641798],[129.2266773,35.7642064],[129.2266243,35.7642166],[129.2265917,35.7642199],[129.2265654,35.764246],[129.226548,35.7642807],[129.2265293,35.7643665],[129.2265032,35.7644459],[129.2264706,35.7645649],[129.2264716,35.7645848],[129.2264811,35.7646094],[129.2264854,35.764634],[129.2264839,35.7646514],[129.2264635,35.7647128],[129.2264669,35.7647391],[129.226484,35.7647646],[129.2265352,35.764797],[129.2265574,35.7648591],[129.2265811,35.7649194],[129.2266183,35.7649544],[129.2266632,35.7649914],[129.2266916,35.765017],[129.226697,35.7650302],[129.2267062,35.7650934],[129.2267018,35.7651211],[129.2266878,35.7651575],[129.2266865,35.765158],[129.226567,35.7651837],[129.2264267,35.7652057],[129.2263681,35.7652157],[129.2262982,35.7652322],[129.2262424,35.7652524],[129.226256,35.7652771],[129.2263095,35.7652576],[129.2263762,35.765242],[129.2264332,35.7652322],[129.2265744,35.76521],[129.2266985,35.7651834],[129.2267153,35.7651762],[129.2267344,35.765127],[129.2267396,35.7650936],[129.2267295,35.7650242],[129.2267207,35.765003],[129.2266873,35.7649728],[129.2266426,35.7649359],[129.2266107,35.7649058],[129.2265893,35.7648511],[129.2265641,35.7647811],[129.2265098,35.7647467],[129.2264991,35.7647309],[129.2264971,35.764715],[129.2265166,35.7646561],[129.2265188,35.7646331],[129.2265136,35.7646034],[129.2265046,35.7645801],[129.226504,35.7645674],[129.2265355,35.7644523],[129.2265616,35.7643723],[129.22658,35.7642882],[129.2265942,35.76426],[129.226609,35.7642454],[129.2266301,35.7642432],[129.2266922,35.7642314],[129.2267446,35.7641976],[129.2267596,35.7641751],[129.2267655,35.764152],[129.2267575,35.7640885],[129.2267569,35.7640704],[129.226758,35.7640666],[129.226761,35.7640662],[129.2267651,35.7640671],[129.226771,35.7640708],[129.2268799,35.7641956],[129.2270022,35.7642287],[129.2271464,35.7641715],[129.2275199,35.7637058],[129.2280317,35.7633454],[129.2288197,35.7630179],[129.2289259,35.762902],[129.2290384,35.7626297],[129.2293382,35.762457],[129.2297081,35.7624146],[129.2298757,35.7623361],[129.2299896,35.7620743],[129.2300316,35.7620438],[129.2301581,35.762064],[129.2303118,35.762097],[129.230329,35.7621044],[129.2303394,35.7621117]]]]}},{"type":"Feature","properties":{"UFID":"100035901100A00110100000004420460"},"geometry":{"type":"MultiPolygon","coordinates":[[[[129.2451674,35.7516823],[129.2451267,35.7515997],[129.2451132,35.7515758],[129.245042,35.7515981],[129.2450475,35.751605],[129.2450924,35.751704],[129.2451674,35.7516823]]]]}},{"type":"Feature","properties":{"UFID":"100035901100A00110100000004420461"},"geometry":{"type":"MultiPolygon","coordinates":[[[[129.2379263,35.7509856],[129.237975,35.7509692],[129.2380102,35.7509554],[129.2380347,35.7509404],[129.2379916,35.75093],[129.2379485,35.7509495],[129.237894,35.750973],[129.2378656,35.7509847],[129.2378437,35.7509905],[129.2379263,35.7509856]]]]}},{"type":"Feature","properties":{"UFID":"100035901100A00110100000004420462"},"geometry":{"type":"MultiPolygon","coordinates":[[[[129.2379263,35.7509856],[129.2379358,35.751011],[129.2381102,35.7510045],[129.2383462,35.7510055],[129.2385176,35.7510015],[129.2385273,35.7509919],[129.2384716,35.7509756],[129.2384678,35.7509783],[129.2383277,35.7509792],[129.238141,35.7509779],[129.2379263,35.7509856]]]]}},{"type":"Feature","properties":{"UFID":"100035901100A00110100000004420463"},"geometry":{"type":"MultiPolygon","coordinates":[[[[129.2379358,35.751011],[129.2379263,35.7509856],[129.2378437,35.7509905],[129.2378493,35.7510202],[129.2379358,35.751011]]]]}},{"type":"Feature","properties":{"UFID":"100035901099A00110100000004420464"},"geometry":{"type":"MultiPolygon","coordinates":[[[[129.2216883,35.7649239],[129.2216375,35.7647677],[129.2216321,35.7647621],[129.2215425,35.7647052],[129.221483,35.7646558],[129.2214755,35.7646457],[129.2214449,35.7645978],[129.2214301,35.7645559],[129.2214172,35.7644858],[129.2214108,35.7644752],[129.2213831,35.7644453],[129.2213851,35.7644317],[129.2213882,35.7644257],[129.2213993,35.7644219],[129.2214464,35.764413],[129.2215243,35.7644116],[129.22166,35.7644143],[129.2217053,35.7644124],[129.2217024,35.7643828],[129.2215467,35.7643838],[129.2214418,35.7643857],[129.2213921,35.764395],[129.2213631,35.7644068],[129.2213379,35.7644308],[129.2213276,35.764447],[129.2213279,35.7644555],[129.2213304,35.7644618],[129.2213733,35.7645021],[129.2213785,35.7645129],[129.221408,35.7646173],[129.2214337,35.7646765],[129.2214668,35.7647078],[129.221516,35.7647334],[129.2215259,35.7647443],[129.2215619,35.7647992],[129.2216287,35.7649396],[129.2216883,35.7649239]]]]}},{"type":"Feature","properties":{"UFID":"100035901099A00110100000004420465"},"geometry":{"type":"MultiPolygon","coordinates":[[[[129.2216504,35.7649783],[129.2216287,35.7649396],[129.2216269,35.7649457],[129.2215876,35.7649621],[129.2215131,35.76498],[129.2213577,35.7650605],[129.2212045,35.7651115],[129.2211014,35.7651418],[129.2210733,35.7651475],[129.2210572,35.7651489],[129.220996,35.7651508],[129.2209322,35.7651482],[129.2208927,35.7651414],[129.2208657,35.7651271],[129.2208383,35.7651],[129.2208176,35.7650562],[129.2208067,35.76503],[129.2207989,35.7650203],[129.2207879,35.7650092],[129.2207172,35.7649782],[129.2206669,35.7649458],[129.2206554,35.7649321],[129.2206504,35.764925],[129.2206389,35.7649028],[129.2206246,35.7648362],[129.2206024,35.7647747],[129.2205604,35.7646612],[129.2205349,35.7646097],[129.2205214,35.7645984],[129.2205071,35.7645927],[129.2204954,35.7645908],[129.2204747,35.7645932],[129.2203836,35.7646116],[129.22037,35.764613],[129.2202984,35.7646174],[129.2202995,35.7646328],[129.2203538,35.7646321],[129.2203896,35.7646277],[129.2204716,35.7646132],[129.2204836,35.7646111],[129.220491,35.7646108],[129.2204969,35.7646124],[129.2204996,35.7646144],[129.2205263,35.7646408],[129.2205412,35.7646781],[129.2205732,35.7647559],[129.2206039,35.764846],[129.2206223,35.7649183],[129.2206279,35.7649295],[129.2206441,35.7649531],[129.2206645,35.7649733],[129.220699,35.7649935],[129.2207502,35.7650171],[129.2207806,35.7650352],[129.2207853,35.7650434],[129.2207991,35.7650841],[129.2208271,35.7651275],[129.2208409,35.7651378],[129.2208571,35.7651477],[129.2208871,35.7651613],[129.2209217,35.7651696],[129.2210072,35.7651712],[129.2210911,35.7651649],[129.2211939,35.7651357],[129.2213757,35.7650805],[129.2215303,35.7650026],[129.2215453,35.7649979],[129.2216177,35.7649772],[129.2216355,35.7649768],[129.2216504,35.7649783]]]]}},{"type":"Feature","properties":{"UFID":"100035901099A00110100000004420466"},"geometry":{"type":"MultiPolygon","coordinates":[[[[129.2217002,35.7649628],[129.2216504,35.7649783],[129.2216855,35.7650258],[129.2217012,35.7650629],[129.2217369,35.7651126],[129.2217781,35.7651532],[129.221835,35.7652002],[129.2218771,35.7652422],[129.2218953,35.7652841],[129.2219376,35.765378],[129.2219983,35.7655041],[129.2220237,35.7655491],[129.2220426,35.7655683],[129.2220437,35.7655356],[129.2220083,35.7654568],[129.2219612,35.7653573],[129.2219073,35.7652284],[129.2219028,35.7652213],[129.2218966,35.7652134],[129.2218277,35.7651601],[129.2217409,35.7650783],[129.2217238,35.7650439],[129.2217002,35.7649628]]]]}},{"type":"Feature","properties":{"UFID":"100035901099A00110100000004420467"},"geometry":{"type":"MultiPolygon","coordinates":[[[[129.2217002,35.7649628],[129.2216941,35.7649415],[129.2216883,35.7649239],[129.2216287,35.7649396],[129.2216504,35.7649783],[129.2217002,35.7649628]]]]}},{"type":"Feature","properties":{"UFID":"100035901100A00110100000004420468"},"geometry":{"type":"MultiPolygon","coordinates":[[[[129.2373728,35.7512804],[129.2373186,35.7512748],[129.2373316,35.7512992],[129.2373691,35.7513679],[129.2374191,35.7514505],[129.2374576,35.7514988],[129.2374801,35.7514869],[129.2374199,35.7514157],[129.2373988,35.7513833],[129.2373838,35.7513458],[129.2373725,35.7513021],[129.2373708,35.7512866],[129.2373728,35.7512804]]]]}},{"type":"Feature","properties":{"UFID":"100035901100A00110100000004420469"},"geometry":{"type":"MultiPolygon","coordinates":[[[[129.2332758,35.7543432],[129.2332691,35.7543078],[129.2332406,35.7543135],[129.2332469,35.7543692],[129.2332462,35.7543838],[129.2332436,35.7544037],[129.2332292,35.754445],[129.2332162,35.7544721],[129.2332047,35.7545169],[129.233197,35.7545506],[129.2331943,35.7545717],[129.2331933,35.7545932],[129.2331951,35.7546172],[129.2332035,35.754673],[129.2332054,35.7547008],[129.2332053,35.7547542],[129.2332033,35.7547833],[129.2332035,35.7547965],[129.2332041,35.7548092],[129.2332128,35.754848],[129.2332338,35.7549094],[129.2332475,35.7549806],[129.2332615,35.7550437],[129.233278,35.7551126],[129.2333058,35.7551136],[129.2332861,35.7550307],[129.2332747,35.7549723],[129.2332642,35.7549228],[129.2332539,35.7548859],[129.2332336,35.7548193],[129.233231,35.7547956],[129.2332328,35.7547539],[129.2332339,35.7547255],[129.2332325,35.7546987],[129.2332277,35.7546654],[129.2332219,35.7546208],[129.2332207,35.7545854],[129.2332221,35.7545611],[129.2332261,35.7545333],[129.2332366,35.7544974],[129.233252,35.7544554],[129.2332745,35.7543997],[129.2332771,35.7543836],[129.2332779,35.7543664],[129.2332758,35.7543432]]]]}},{"type":"Feature","properties":{"UFID":"100035901100A00110100000004420470"},"geometry":{"type":"MultiPolygon","coordinates":[[[[129.2347042,35.7506916],[129.2347419,35.7506654],[129.2347659,35.7506459],[129.2347811,35.7506273],[129.2347985,35.7505995],[129.2348173,35.7505616],[129.2348311,35.7505257],[129.2348658,35.7504311],[129.2348939,35.7503465],[129.2349226,35.7502471],[129.2349078,35.7502414],[129.2348783,35.7502343],[129.2348663,35.7502671],[129.2348381,35.7503661],[129.2347954,35.7504873],[129.2347688,35.7505601],[129.2347444,35.7506057],[129.2347081,35.7506461],[129.2346607,35.7506738],[129.2346448,35.7506748],[129.2346207,35.750674],[129.234603,35.7506657],[129.2345895,35.750653],[129.2345634,35.7506714],[129.2346083,35.7507144],[129.2346274,35.7507292],[129.2346743,35.7507095],[129.2347042,35.7506916]]]]}},{"type":"Feature","properties":{"UFID":"100035901100A00110100000004420471"},"geometry":{"type":"MultiPolygon","coordinates":[[[[129.2373613,35.7511922],[129.2372715,35.7512104],[129.2373018,35.7512381],[129.2373065,35.7512492],[129.2373124,35.7512631],[129.2373186,35.7512748],[129.2373728,35.7512804],[129.2373613,35.7511922]]]]}},{"type":"Feature","properties":{"UFID":"100035901100A00110100000004420472"},"geometry":{"type":"MultiPolygon","coordinates":[[[[129.2389469,35.7516255],[129.2389152,35.7515708],[129.238876,35.751516],[129.2388342,35.7514705],[129.2387842,35.7514187],[129.2387821,35.7514165],[129.2387292,35.7513573],[129.2386778,35.7513031],[129.2386358,35.7512684],[129.2385923,35.7512439],[129.238548,35.751225],[129.2384995,35.7512081],[129.238434,35.7511897],[129.2383606,35.751174],[129.2382935,35.7511646],[129.2382074,35.7511559],[129.2381373,35.751153],[129.2380746,35.7511537],[129.2380121,35.7511621],[129.237901,35.7511757],[129.2377841,35.75119],[129.2377344,35.7511976],[129.2376433,35.7512084],[129.2375974,35.7512135],[129.2375756,35.7512144],[129.237541,35.7512125],[129.2374938,35.751205],[129.2374015,35.7511958],[129.2373771,35.7511934],[129.2373613,35.7511922],[129.2373728,35.7512804],[129.2374005,35.7512608],[129.2375117,35.7512719],[129.2375704,35.7512524],[129.2376667,35.7512351],[129.2378347,35.7512125],[129.237946,35.7511972],[129.2380576,35.7511883],[129.2381219,35.7511836],[129.2381646,35.7511827],[129.2382104,35.7511846],[129.2382609,35.7511902],[129.2383572,35.7512051],[129.2384266,35.75122],[129.2384811,35.7512348],[129.2385237,35.7512502],[129.2385655,35.7512682],[129.2385981,35.7512857],[129.2386304,35.7513086],[129.238662,35.7513348],[129.2386955,35.7513648],[129.2387073,35.7513792],[129.2387856,35.7514705],[129.2388326,35.7515236],[129.2388489,35.7515448],[129.2388686,35.7515704],[129.2388789,35.7515881],[129.2389027,35.7516287],[129.2389111,35.7516393],[129.238912,35.751639],[129.238942,35.7516274],[129.2389469,35.7516255]]]]}},{"type":"Feature","properties":{"UFID":"100035901099A00110100000004420473"},"geometry":{"type":"MultiPolygon","coordinates":[[[[129.2182123,35.7714299],[129.218236,35.7714092],[129.2181829,35.7713882],[129.218141,35.7713773],[129.2181004,35.7713702],[129.2180507,35.7713736],[129.2180294,35.7713801],[129.2177475,35.7715482],[129.2177206,35.7715655],[129.2176967,35.771595],[129.2176781,35.7716381],[129.21766,35.7716688],[129.217638,35.7716922],[129.2176025,35.771717],[129.2174235,35.771795],[129.2172477,35.771874],[129.2170521,35.7719913],[129.2169545,35.7719954],[129.2162771,35.7724395],[129.216264,35.7724478],[129.21619,35.7725199],[129.2160057,35.7726538],[129.2158639,35.7727607],[129.2157745,35.7728194],[129.2157227,35.7728712],[129.2156958,35.7729363],[129.2156738,35.7730367],[129.2156382,35.7731669],[129.2156172,35.7732411],[129.2154618,35.7734972],[129.2153764,35.7736667],[129.2153075,35.7737401],[129.2152398,35.7737892],[129.2151385,35.7738619],[129.2150157,35.7739388],[129.2149622,35.773986],[129.2149183,35.7740471],[129.2148144,35.7741085],[129.2147194,35.7741368],[129.2145624,35.7741637],[129.214512,35.7741638],[129.2144376,35.7741477],[129.2143034,35.7740595],[129.2142453,35.7740248],[129.2141735,35.7740039],[129.2141219,35.7740006],[129.2139582,35.7740542],[129.2136824,35.7741616],[129.2136578,35.774173],[129.2135136,35.7742879],[129.2133731,35.7743703],[129.2133217,35.7743861],[129.2132671,35.77438],[129.2130479,35.774316],[129.2127895,35.7742636],[129.2122404,35.7742038],[129.211963,35.774112],[129.211733,35.7740651],[129.2115073,35.7740686],[129.2114434,35.774058],[129.2113117,35.7740628],[129.2113132,35.7740898],[129.2114408,35.7740851],[129.2115043,35.7740957],[129.2117292,35.7740922],[129.2119526,35.7741378],[129.2122318,35.7742301],[129.2127832,35.7742902],[129.2130383,35.7743419],[129.2132591,35.7744064],[129.2133255,35.7744138],[129.2133889,35.7743943],[129.213535,35.7743087],[129.2136779,35.7741948],[129.2136978,35.7741855],[129.2139715,35.7740789],[129.2141271,35.7740281],[129.2141665,35.7740306],[129.2142296,35.7740489],[129.2142832,35.7740809],[129.2144223,35.7741724],[129.2145077,35.7741908],[129.2145659,35.7741907],[129.2147285,35.7741628],[129.2148302,35.7741326],[129.2149434,35.7740656],[129.214989,35.7740022],[129.2150381,35.7739589],[129.2151595,35.7738828],[129.2152618,35.7738094],[129.215332,35.7737586],[129.2154054,35.7736803],[129.215492,35.7735084],[129.2156487,35.7732502],[129.2156706,35.7731729],[129.2157064,35.773042],[129.215728,35.7729431],[129.2157522,35.7728845],[129.215798,35.7728387],[129.2158856,35.7727812],[129.216028,35.7726738],[129.2162139,35.7725387],[129.2162873,35.7724674],[129.2162977,35.7724606],[129.2169491,35.7720337],[129.2170769,35.7720104],[129.2172669,35.771892],[129.2174361,35.7718152],[129.2175952,35.7717428],[129.2176344,35.7717241],[129.2176616,35.771703],[129.2176907,35.7716694],[129.2177078,35.7716339],[129.2177229,35.7716012],[129.217742,35.7715798],[129.217806,35.7715383],[129.2179656,35.7714537],[129.2180534,35.7714066],[129.2180691,35.7713995],[129.2180983,35.7713975],[129.2181325,35.7714034],[129.2181706,35.7714134],[129.2182123,35.7714299]]]]}},{"type":"Feature","properties":{"UFID":"100035901100A00110100000004420474"},"geometry":{"type":"MultiPolygon","coordinates":[[[[129.2489609,35.7657989],[129.2489486,35.7657543],[129.2489068,35.7657681],[129.2488954,35.7657688],[129.2488262,35.7657676],[129.2487487,35.7657614],[129.2486529,35.7657521],[129.2485642,35.7657398],[129.2484901,35.7657255],[129.2484225,35.7657067],[129.2483397,35.7656778],[129.2482465,35.7656488],[129.2481863,35.7656252],[129.2481229,35.7656029],[129.2480846,35.7655859],[129.2480519,35.7655649],[129.2480271,35.7655331],[129.2480044,35.7654943],[129.2479975,35.7654548],[129.2479971,35.765414],[129.2479934,35.7653697],[129.2479887,35.76533],[129.2479707,35.7652906],[129.247967,35.7653436],[129.2479671,35.7653769],[129.247965,35.7654031],[129.2479641,35.7654307],[129.2479641,35.7654581],[129.2479673,35.7654851],[129.2479766,35.7655139],[129.2479925,35.7655442],[129.2480126,35.7655697],[129.2480342,35.7655904],[129.2480553,35.7656055],[129.2480885,35.7656223],[129.248126,35.7656405],[129.2481915,35.7656604],[129.2482718,35.7656877],[129.2483525,35.7657135],[129.2484219,35.7657388],[129.2484819,35.7657585],[129.2485277,35.7657727],[129.2485704,35.7657805],[129.2486228,35.765787],[129.2486854,35.7657913],[129.248744,35.7657957],[129.2488015,35.7657964],[129.2488493,35.7657977],[129.2488956,35.7657976],[129.2489609,35.7657989]]]]}},{"type":"Feature","properties":{"UFID":"100035901100A00110100000004420475"},"geometry":{"type":"MultiPolygon","coordinates":[[[[129.2465793,35.76327],[129.2465247,35.7632243],[129.2464784,35.7631772],[129.246437,35.7631217],[129.2463253,35.7629183],[129.2462811,35.7628471],[129.2462132,35.7627595],[129.2461366,35.7626666],[129.2461131,35.7626341],[129.2460982,35.762601],[129.2460884,35.7625684],[129.2460827,35.7625362],[129.2460788,35.7624909],[129.2460763,35.762421],[129.246071,35.7623276],[129.2460615,35.7622597],[129.2460516,35.7622154],[129.2460382,35.762179],[129.2460128,35.7621215],[129.2459451,35.7620084],[129.2459113,35.762025],[129.2459661,35.7621128],[129.2459977,35.7621768],[129.2460163,35.7622248],[129.2460288,35.7622738],[129.246035,35.7623342],[129.2460392,35.7624012],[129.2460429,35.762492],[129.2460446,35.7625341],[129.2460453,35.7625553],[129.2460476,35.7625754],[129.2460547,35.7625976],[129.2460767,35.7626387],[129.2461202,35.7627003],[129.2461893,35.7627862],[129.2462346,35.7628414],[129.2462845,35.7629113],[129.2463286,35.7629883],[129.2463822,35.7630907],[129.2464116,35.7631389],[129.2464474,35.7631862],[129.2464958,35.7632361],[129.2465551,35.7632922],[129.2465793,35.76327]]]]}},{"type":"Feature","properties":{"UFID":"100035901100A00110100000004420476"},"geometry":{"type":"MultiPolygon","coordinates":[[[[129.2459451,35.7620084],[129.2457862,35.761811],[129.2456397,35.7615859],[129.2455766,35.7615095],[129.2455281,35.7614597],[129.2454473,35.7614073],[129.2453936,35.7613725],[129.2453344,35.7613188],[129.2452419,35.761218],[129.2451238,35.7611134],[129.2450482,35.7610565],[129.2450015,35.7610343],[129.2448987,35.760992],[129.2447877,35.7609552],[129.2447269,35.7609232],[129.2446675,35.7608748],[129.2445809,35.7607897],[129.2445171,35.7607138],[129.2444695,35.7606615],[129.244452,35.7606391],[129.2444086,35.7605779],[129.2443773,35.7605514],[129.2443494,35.7605314],[129.2442997,35.760504],[129.2442375,35.7604659],[129.2441715,35.7604158],[129.244126,35.7603683],[129.2440679,35.7602906],[129.243976,35.7601948],[129.2438943,35.7601255],[129.2438184,35.7600401],[129.2436656,35.7598447],[129.2436082,35.7597523],[129.2435319,35.7596158],[129.2434915,35.7595297],[129.2434626,35.759447],[129.2434508,35.7593837],[129.2434487,35.7593333],[129.2434542,35.7592504],[129.2434484,35.7592138],[129.2434356,35.7591859],[129.2434113,35.7591565],[129.243354,35.7591084],[129.2432802,35.7590521],[129.2432159,35.758996],[129.2431601,35.7589389],[129.2430933,35.7588634],[129.243021,35.7587763],[129.2429168,35.7586288],[129.2428274,35.7584698],[129.2427137,35.7581508],[129.2426836,35.758094],[129.2426238,35.7580157],[129.2423944,35.7577602],[129.2422284,35.7575888],[129.2418894,35.7572566],[129.2417612,35.7571095],[129.2417368,35.7570731],[129.2417183,35.7570319],[129.2416933,35.7569316],[129.2416651,35.7567924],[129.2416517,35.7567484],[129.2415856,35.7566308],[129.2415381,35.7565623],[129.2414885,35.7564827],[129.2414423,35.7564018],[129.2414161,35.7563335],[129.2413945,35.7561598],[129.2413797,35.7561149],[129.2413331,35.7560019],[129.2412906,35.7559314],[129.241246,35.7558793],[129.2411908,35.7558421],[129.2411231,35.7557864],[129.2410633,35.7557289],[129.2410125,35.755675],[129.2409704,35.7556123],[129.240942,35.7555546],[129.2409112,35.7554849],[129.2408719,35.7554225],[129.2408222,35.7553752],[129.240726,35.7552786],[129.2406776,35.7552074],[129.2406416,35.7551464],[129.2406185,35.7550881],[129.2405738,35.7548558],[129.2405616,35.7547732],[129.2405538,35.7547187],[129.2405145,35.754725],[129.2405187,35.754729],[129.2405287,35.754777],[129.2405409,35.7548594],[129.2405861,35.7550944],[129.2406107,35.7551565],[129.2406482,35.7552198],[129.2406984,35.7552938],[129.2407968,35.7553925],[129.2408442,35.7554377],[129.2408807,35.7554957],[129.240911,35.7555642],[129.2409404,35.7556239],[129.2409847,35.7556897],[129.2410375,35.7557459],[129.2410986,35.7558048],[129.2411684,35.755862],[129.2412213,35.7558978],[129.241262,35.7559453],[129.2413024,35.7560123],[129.2413479,35.7561227],[129.2413617,35.7561647],[129.2413834,35.756339],[129.2414114,35.7564115],[129.2414587,35.7564945],[129.2415088,35.7565751],[129.241556,35.7566431],[129.2416202,35.7567573],[129.2416326,35.7567979],[129.2416607,35.7569365],[129.2416864,35.7570393],[129.2417064,35.7570842],[129.2417331,35.7571238],[129.2418631,35.757273],[129.2422026,35.7576058],[129.242368,35.7577766],[129.2425962,35.7580308],[129.2426541,35.7581066],[129.2426825,35.75816],[129.2427962,35.7584793],[129.2428873,35.7586412],[129.2429929,35.7587906],[129.243066,35.7588789],[129.2431336,35.7589553],[129.2431907,35.7590137],[129.2432567,35.7590712],[129.2433307,35.7591277],[129.2433855,35.7591737],[129.2434059,35.7591983],[129.243416,35.7592204],[129.2434209,35.7592514],[129.2434154,35.759333],[129.2434178,35.7593862],[129.2434302,35.7594527],[129.24346,35.7595382],[129.2435013,35.7596262],[129.2435782,35.759764],[129.2436368,35.7598581],[129.2437909,35.7600553],[129.2438688,35.7601428],[129.2439509,35.7602126],[129.2440406,35.760306],[129.2440986,35.7603836],[129.244147,35.760434],[129.2442162,35.7604867],[129.2442804,35.760526],[129.2443291,35.7605529],[129.2443544,35.7605709],[129.2443819,35.7605943],[129.2444237,35.7606531],[129.2444421,35.7606767],[129.24449,35.7607296],[129.2445544,35.760806],[129.244643,35.7608931],[129.244706,35.7609443],[129.2447723,35.7609793],[129.244885,35.7610166],[129.2449856,35.7610581],[129.2450284,35.7610783],[129.2451003,35.7611325],[129.2452163,35.7612353],[129.2453088,35.761336],[129.2453708,35.7613922],[129.2454265,35.7614285],[129.2455045,35.761479],[129.2455498,35.7615254],[129.2456112,35.7615999],[129.2457576,35.7618246],[129.2459113,35.762025],[129.2459451,35.7620084]]]]}},{"type":"Feature","properties":{"UFID":"100035901100A00110100000004420477"},"geometry":{"type":"MultiPolygon","coordinates":[[[[129.2472211,35.7514354],[129.2472728,35.7514582],[129.2472941,35.7514464],[129.2473506,35.7514182],[129.2474904,35.7513536],[129.2476376,35.7512912],[129.247902,35.7512021],[129.2478894,35.7511771],[129.2476236,35.7512666],[129.2473668,35.7513755],[129.2473318,35.7513903],[129.2473005,35.7513981],[129.2472955,35.751394],[129.2472937,35.7513783],[129.2472414,35.7513851],[129.2472393,35.7514091],[129.2472315,35.7514242],[129.2472211,35.7514354]]]]}},{"type":"Feature","properties":{"UFID":"100035901100A00110100000004420478"},"geometry":{"type":"MultiPolygon","coordinates":[[[[129.2472728,35.7514582],[129.2472211,35.7514354],[129.2471961,35.7514488],[129.2471653,35.7514594],[129.2471221,35.7514678],[129.2469424,35.7514844],[129.2467874,35.7515032],[129.246736,35.7515113],[129.2466871,35.7515236],[129.2466135,35.7515467],[129.2464441,35.7516111],[129.2463757,35.7516309],[129.2463383,35.7516374],[129.2462829,35.751644],[129.2461142,35.7516676],[129.2459474,35.7517024],[129.2458534,35.751726],[129.2457976,35.7517439],[129.2457394,35.7517673],[129.2456926,35.7517894],[129.2456504,35.7518122],[129.245596,35.7518506],[129.2455447,35.751885],[129.2455094,35.7519038],[129.2454723,35.7519174],[129.2454434,35.7519252],[129.2454164,35.7519285],[129.2453593,35.7519271],[129.2453264,35.7519223],[129.2452952,35.7519122],[129.245216,35.7519602],[129.2452294,35.7519602],[129.2452452,35.7519617],[129.2452913,35.7519733],[129.2453432,35.7519772],[129.2453959,35.751975],[129.2454446,35.7519675],[129.2454899,35.7519563],[129.2455256,35.7519416],[129.2456091,35.7518914],[129.2456663,35.7518505],[129.245718,35.7518188],[129.2457686,35.7517986],[129.2458239,35.7517805],[129.2458826,35.7517639],[129.2459569,35.7517459],[129.2460794,35.7517165],[129.2461627,35.7517003],[129.2462698,35.7516851],[129.2463307,35.7516801],[129.2463697,35.7516735],[129.2464222,35.7516583],[129.2465226,35.7516254],[129.246656,35.7515751],[129.2467585,35.7515508],[129.2468589,35.7515332],[129.2470059,35.7515185],[129.247102,35.7515132],[129.2471388,35.7515092],[129.247186,35.7514968],[129.2472373,35.7514778],[129.2472728,35.7514582]]]]}},{"type":"Feature","properties":{"UFID":"100035901100A00110100000004420479"},"geometry":{"type":"MultiPolygon","coordinates":[[[[129.2499666,35.7675168],[129.2499818,35.7674915],[129.2499272,35.767486],[129.2498471,35.7674712],[129.2497905,35.7674658],[129.2497419,35.767469],[129.2496974,35.7674773],[129.2496492,35.7674905],[129.2495996,35.7675018],[129.2495542,35.7675058],[129.2495021,35.7674951],[129.249445,35.7674734],[129.2493886,35.7674435],[129.2493403,35.7674125],[129.2493054,35.7673731],[129.2492805,35.7673418],[129.249232,35.7672981],[129.2492006,35.7672784],[129.2491927,35.7672966],[129.2492704,35.7673731],[129.2493119,35.7674145],[129.2493347,35.7674368],[129.2493805,35.7674643],[129.2494589,35.7674983],[129.2495159,35.7675213],[129.2495684,35.7675282],[129.2496081,35.767527],[129.2496521,35.7675198],[129.2497029,35.7675051],[129.2497504,35.7674925],[129.2497918,35.7674877],[129.2497993,35.7674874],[129.2498559,35.7674971],[129.2499258,35.7675123],[129.2499666,35.7675168]]]]}},{"type":"Feature","properties":{"UFID":"100035901089A00110100000004421550"},"geometry":{"type":"MultiPolygon","coordinates":[[[[129.2014156,35.7828072],[129.2013872,35.7827719],[129.2012577,35.781959],[129.2012523,35.7819458],[129.2012189,35.7818985],[129.2011495,35.7818206],[129.2011136,35.781774],[129.2010724,35.7817039],[129.2010209,35.7816082],[129.2009862,35.781524],[129.2009609,35.7814356],[129.2009368,35.781366],[129.2009011,35.7812985],[129.2008639,35.7812475],[129.200813,35.7811757],[129.2007133,35.7810301],[129.2005897,35.7808283],[129.2005654,35.7807864],[129.2005524,35.7807477],[129.2005233,35.7806278],[129.2005101,35.7805787],[129.2004685,35.7804274],[129.2004233,35.7803065],[129.2003631,35.7801778],[129.2003014,35.780061],[129.2002275,35.7799424],[129.200193,35.7798557],[129.2001753,35.7797582],[129.20013,35.7795961],[129.2000817,35.7794603],[129.200064,35.7793962],[129.200055,35.7793469],[129.20006,35.7791958],[129.2000637,35.7790688],[129.2000663,35.778946],[129.2000738,35.7789089],[129.2001124,35.7787482],[129.2001228,35.7786777],[129.2001207,35.7786044],[129.2000939,35.7784554],[129.2000419,35.7782275],[129.2000312,35.7781895],[129.2000161,35.7781364],[129.2000129,35.7781247],[129.2000129,35.7781014],[129.2,35.7781137],[129.1999777,35.7781349],[129.1999809,35.7781398],[129.199987,35.7781512],[129.2,35.7781994],[129.2000094,35.778233],[129.2000612,35.7784599],[129.2000876,35.7786067],[129.2000895,35.7786764],[129.2000796,35.778744],[129.2000412,35.7789041],[129.2000332,35.7789436],[129.2000305,35.7790683],[129.2000268,35.779195],[129.2000218,35.7793485],[129.2000313,35.7794012],[129.2000496,35.779467],[129.2000979,35.7796028],[129.2001427,35.7797631],[129.2001605,35.7798619],[129.2001966,35.7799527],[129.2002714,35.7800724],[129.2003324,35.780188],[129.2003918,35.7803153],[129.2004363,35.7804343],[129.2004777,35.7805847],[129.2004908,35.7806332],[129.2005201,35.7807539],[129.2005341,35.7807958],[129.2005599,35.78084],[129.2006839,35.7810428],[129.2007842,35.781189],[129.2008353,35.7812613],[129.2008715,35.7813108],[129.2009054,35.781375],[129.2009287,35.7814424],[129.2009543,35.7815314],[129.20099,35.781618],[129.2010422,35.7817153],[129.2010845,35.7817871],[129.201122,35.7818358],[129.2011902,35.7819124],[129.2012,35.7819338],[129.2012041,35.7819545],[129.2013405,35.7827935],[129.2013449,35.7828176],[129.2014156,35.7828072]]]]}},{"type":"Feature","properties":{"UFID":"100035901089A00110100000004421551"},"geometry":{"type":"MultiPolygon","coordinates":[[[[129.2020751,35.7872956],[129.2020469,35.7872955],[129.2020284,35.7872907],[129.2019796,35.7872248],[129.2018825,35.78701],[129.2018537,35.7869359],[129.2017354,35.7866478],[129.2016212,35.7864052],[129.2015222,35.7862089],[129.2013464,35.785906],[129.2012575,35.7857572],[129.2008823,35.7851704],[129.2004567,35.7845406],[129.2002802,35.7842838],[129.2002212,35.7842053],[129.2000583,35.7839884],[129.2,35.7839145],[129.1999447,35.7838433],[129.1998997,35.7837856],[129.1987216,35.7823865],[129.1985801,35.7822215],[129.1985473,35.7821878],[129.1984166,35.7820565],[129.1983788,35.7820616],[129.1985215,35.7822047],[129.1985534,35.7822377],[129.1986944,35.7824019],[129.199872,35.7838006],[129.1999447,35.7838939],[129.2,35.783965],[129.2000304,35.784003],[129.2002211,35.784257],[129.2002515,35.7842974],[129.2004277,35.7845537],[129.2008532,35.7851832],[129.2012278,35.7857694],[129.2013165,35.7859178],[129.2014919,35.7862198],[129.2015904,35.7864151],[129.2017042,35.7866569],[129.2018222,35.7869443],[129.2018506,35.7870177],[129.2019418,35.7872435],[129.2019907,35.7873096],[129.2020166,35.7873584],[129.202016,35.7873629],[129.2020143,35.7873684],[129.2020751,35.7872956]]]]}},{"type":"Feature","properties":{"UFID":"100035901088A00110100000004421552"},"geometry":{"type":"MultiPolygon","coordinates":[[[[129.2001227,35.7879356],[129.2001194,35.7879247],[129.2001231,35.7878661],[129.2001194,35.7878211],[129.2001193,35.7878196],[129.2001114,35.7877826],[129.2000867,35.7877205],[129.2000641,35.7876636],[129.2,35.7874911],[129.1999679,35.7874027],[129.1999446,35.7873526],[129.1997721,35.7869807],[129.1995192,35.7865209],[129.1994222,35.7863628],[129.1992349,35.7860404],[129.1991922,35.7859626],[129.1990787,35.7857687],[129.1984767,35.7847407],[129.1981123,35.7841021],[129.1980653,35.7840354],[129.1980293,35.7839903],[129.1979892,35.7839467],[129.1979335,35.7838905],[129.1978704,35.7838362],[129.1977218,35.7837167],[129.1968204,35.7829754],[129.1966497,35.7828384],[129.1966185,35.7828167],[129.196597,35.7828372],[129.1966272,35.7828583],[129.1967969,35.7829945],[129.1976984,35.7837358],[129.1978468,35.7838552],[129.1979084,35.7839083],[129.197963,35.7839633],[129.198002,35.7840058],[129.198037,35.7840496],[129.1980829,35.7841146],[129.1984468,35.7847522],[129.1990487,35.7857804],[129.1991651,35.7859792],[129.1992073,35.7860481],[129.1993943,35.7863665],[129.1994892,35.7865323],[129.1997415,35.786991],[129.1999365,35.7874113],[129.1999446,35.7874339],[129.2,35.7875852],[129.2000323,35.7876714],[129.2000545,35.7877273],[129.2000791,35.787789],[129.2000862,35.7878223],[129.2000863,35.7878235],[129.2000714,35.7879289],[129.2000599,35.7879482],[129.2001227,35.7879356]]]]}},{"type":"Feature","properties":{"UFID":"100035901088A00110100000004421553"},"geometry":{"type":"MultiPolygon","coordinates":[[[[129.2000715,35.7880318],[129.2000599,35.7879482],[129.2000423,35.7879635],[129.2,35.7879762],[129.1996105,35.7880932],[129.1995916,35.7880949],[129.1995853,35.7881689],[129.1996032,35.7881615],[129.1996311,35.7881544],[129.2,35.7880518],[129.2000715,35.7880318]]]]}},{"type":"Feature","properties":{"UFID":"100035901088A00110100000004421554"},"geometry":{"type":"MultiPolygon","coordinates":[[[[129.1999041,35.7893397],[129.1998858,35.7893618],[129.1998962,35.7893685],[129.1999319,35.7894075],[129.1999692,35.7894681],[129.2,35.7894471],[129.200002,35.7894457],[129.2,35.7894434],[129.1999578,35.7893942],[129.1999041,35.7893397]]]]}},{"type":"Feature","properties":{"UFID":"100035901089A00110100000004421555"},"geometry":{"type":"MultiPolygon","coordinates":[[[[129.2004127,35.7894578],[129.2003979,35.7894756],[129.2003877,35.7894723],[129.2003779,35.789457],[129.2003736,35.7894454],[129.2003413,35.7893076],[129.2003137,35.7892033],[129.2002569,35.7890792],[129.2002333,35.7890372],[129.2001478,35.7889234],[129.200058,35.7888062],[129.2,35.7887296],[129.1999887,35.7887152],[129.1998927,35.7885878],[129.199877,35.7885673],[129.1998485,35.7885248],[129.1998098,35.7884732],[129.1997584,35.7884062],[129.1997182,35.7883564],[129.1996609,35.78829],[129.1996488,35.7882772],[129.1995837,35.7881844],[129.1995853,35.7881689],[129.199489,35.7881861],[129.1996141,35.7883026],[129.1996236,35.7883125],[129.1996797,35.7883777],[129.1997193,35.7884267],[129.1997703,35.7884931],[129.1998082,35.7885437],[129.1998369,35.7885864],[129.1998532,35.7886077],[129.1999492,35.7887351],[129.2,35.7888017],[129.2000185,35.7888262],[129.2001083,35.7889433],[129.2001923,35.7890551],[129.200214,35.7890937],[129.2002689,35.789214],[129.2002958,35.7893152],[129.2003284,35.7894545],[129.2003442,35.7894967],[129.2003606,35.7895375],[129.2004006,35.7896451],[129.2004127,35.7894578]]]]}},{"type":"Feature","properties":{"UFID":"100035901088A00110100000004421556"},"geometry":{"type":"MultiPolygon","coordinates":[[[[129.2002975,35.7919036],[129.2002679,35.7919239],[129.2002212,35.7919275],[129.2002062,35.7919286],[129.1999999,35.7919346],[129.1999447,35.7919358],[129.199364,35.7919478],[129.1993372,35.7919478],[129.1993383,35.7919748],[129.1993645,35.7919748],[129.1999447,35.7919629],[129.1999999,35.7919617],[129.2002083,35.7919556],[129.2002212,35.7919546],[129.2002758,35.7919505],[129.2003075,35.7919641],[129.2002975,35.7919036]]]]}},{"type":"Feature","properties":{"UFID":"100035901089A00110100000004422103"},"geometry":{"type":"MultiPolygon","coordinates":[[[[129.2055043,35.7943278],[129.2055086,35.7942349],[129.2052709,35.7942228],[129.2048517,35.794199],[129.2045569,35.7941826],[129.2045355,35.7941812],[129.2044894,35.7941799],[129.2044332,35.794183],[129.2043836,35.7941913],[129.2043547,35.7941993],[129.2035426,35.7946501],[129.2035158,35.794679],[129.2035712,35.7947133],[129.2035919,35.7946907],[129.2036055,35.7946837],[129.204369,35.7942668],[129.2043991,35.7942565],[129.204428,35.7942538],[129.2044986,35.794251],[129.2051587,35.7942954],[129.2052159,35.7942975],[129.2053534,35.7943088],[129.2054349,35.7943103],[129.2054534,35.7943131],[129.205461,35.794316],[129.2054654,35.7943208],[129.2054686,35.7943264],[129.2055043,35.7943278]]]]}},{"type":"Feature","properties":{"UFID":"100035901089A00110100000004422104"},"geometry":{"type":"MultiPolygon","coordinates":[[[[129.2029427,35.7872663],[129.2028861,35.7872771],[129.2029095,35.7873232],[129.2029468,35.7873998],[129.2029608,35.787446],[129.2029743,35.7874714],[129.202996,35.7874975],[129.2030545,35.7875471],[129.2030724,35.7875676],[129.2030826,35.7875824],[129.2030865,35.7876076],[129.2030849,35.7876452],[129.2030791,35.7876787],[129.2030698,35.7877169],[129.2030467,35.7877902],[129.2030016,35.7879335],[129.2029987,35.7879478],[129.202998,35.7880046],[129.2030035,35.7880711],[129.2030082,35.7880903],[129.2030252,35.7881365],[129.2030487,35.7881894],[129.2031564,35.7883294],[129.2031651,35.7883441],[129.2031801,35.788386],[129.2031861,35.7884184],[129.2031978,35.7885922],[129.2032034,35.7886185],[129.203223,35.7886753],[129.2032426,35.7887223],[129.2032719,35.7887751],[129.2033361,35.7888791],[129.2033527,35.7889207],[129.2033587,35.7889801],[129.2034134,35.788987],[129.2033848,35.7889136],[129.2033669,35.7888687],[129.203302,35.7887635],[129.2032736,35.7887123],[129.2032546,35.7886673],[129.2032359,35.7886125],[129.2032308,35.7885891],[129.203219,35.7884156],[129.2032127,35.7883801],[129.2031963,35.7883343],[129.2031856,35.7883164],[129.2030787,35.7881774],[129.2030568,35.788128],[129.2030404,35.7880837],[129.2030364,35.7880674],[129.2030312,35.7880038],[129.2030319,35.7879501],[129.2030341,35.787939],[129.2030788,35.787797],[129.2031021,35.787723],[129.2031119,35.7876832],[129.2031181,35.7876475],[129.2031196,35.7876065],[129.2031147,35.7875737],[129.2031005,35.7875532],[129.2030801,35.7875298],[129.2030644,35.7875165],[129.2030437,35.7874938],[129.203018,35.7874682],[129.2030073,35.7874489],[129.2029971,35.7874178],[129.2029831,35.7873632],[129.2029713,35.7873069],[129.2029678,35.7873014],[129.2029442,35.7872725],[129.2029427,35.7872663]]]]}},{"type":"Feature","properties":{"UFID":"100035901089A00110100000004422105"},"geometry":{"type":"MultiPolygon","coordinates":[[[[129.2022273,35.7880346],[129.2021441,35.7877702],[129.2021328,35.7877248],[129.2021321,35.7876922],[129.2020881,35.7877075],[129.2021109,35.7877737],[129.2021952,35.7880413],[129.2022273,35.7880346]]]]}},{"type":"Feature","properties":{"UFID":"100035901089A00110100000004422106"},"geometry":{"type":"MultiPolygon","coordinates":[[[[129.2024385,35.7886739],[129.2024053,35.7885999],[129.2024047,35.7885981],[129.2022273,35.7880346],[129.2021952,35.7880413],[129.2023725,35.7886048],[129.2023945,35.7886753],[129.2024385,35.7886739]]]]}},{"type":"Feature","properties":{"UFID":"100035901089A00110100000004422107"},"geometry":{"type":"MultiPolygon","coordinates":[[[[129.2061608,35.7909527],[129.2061531,35.7909473],[129.2061328,35.790933],[129.2060938,35.790895],[129.2060547,35.7908364],[129.2059781,35.7907049],[129.2059402,35.7906565],[129.2059298,35.7906504],[129.205915,35.7906429],[129.2058764,35.7906348],[129.2058298,35.7906345],[129.2058125,35.7906363],[129.2055736,35.7906795],[129.2055383,35.7906839],[129.2054558,35.7906976],[129.2054079,35.7907026],[129.2053868,35.7907033],[129.2053801,35.7907005],[129.2053775,35.7906951],[129.2053274,35.7908509],[129.2053397,35.7908457],[129.2055895,35.7907911],[129.2055889,35.7907825],[129.205572,35.7907162],[129.2055778,35.7907081],[129.2055971,35.790702],[129.2057832,35.7906684],[129.205843,35.7906618],[129.2058661,35.7906611],[129.2058918,35.7906615],[129.2059131,35.7906681],[129.2059229,35.7906745],[129.2060003,35.7907614],[129.2060021,35.7907744],[129.2060035,35.7907925],[129.2060176,35.7908244],[129.2060502,35.7908712],[129.206089,35.7909169],[129.2061266,35.7909558],[129.2061398,35.7909703],[129.2061608,35.7909527]]]]}},{"type":"Feature","properties":{"UFID":"100035901089A00110100000004422108"},"geometry":{"type":"MultiPolygon","coordinates":[[[[129.2067301,35.7911796],[129.2067173,35.7911743],[129.2065988,35.7911153],[129.2064732,35.7910229],[129.2064508,35.791012],[129.2064096,35.7910019],[129.2062879,35.7909933],[129.2062394,35.7909849],[129.2062082,35.790975],[129.2062068,35.7909745],[129.2061969,35.7909714],[129.2061874,35.7909666],[129.2061628,35.790954],[129.2061608,35.7909527],[129.2061398,35.7909703],[129.2061648,35.7909976],[129.206177,35.7910038],[129.2061908,35.7910082],[129.2061922,35.7910086],[129.2062266,35.7910196],[129.2062814,35.791029],[129.2064012,35.7910375],[129.2064328,35.7910452],[129.2064467,35.791052],[129.2065722,35.7911443],[129.2066957,35.7912057],[129.2067099,35.7912117],[129.2067301,35.7911796]]]]}},{"type":"Feature","properties":{"UFID":"100035901089A00110100000004422109"},"geometry":{"type":"MultiPolygon","coordinates":[[[[129.2018599,35.782952],[129.2018437,35.7828627],[129.2018349,35.7828174],[129.2017682,35.7828292],[129.2017933,35.782863],[129.2017945,35.7828688],[129.2018103,35.7829563],[129.2018165,35.7829672],[129.2018599,35.782952]]]]}},{"type":"Feature","properties":{"UFID":"100035901089A00110100000004422110"},"geometry":{"type":"MultiPolygon","coordinates":[[[[129.2018874,35.783017],[129.2018634,35.7829714],[129.2018599,35.782952],[129.2018165,35.7829672],[129.2018461,35.78302],[129.2018874,35.783017]]]]}},{"type":"Feature","properties":{"UFID":"100035901089A00110100000004422111"},"geometry":{"type":"MultiPolygon","coordinates":[[[[129.2050217,35.7789401],[129.2048901,35.7789472],[129.20489,35.7791288],[129.2048889,35.7793965],[129.2048817,35.7796158],[129.204873,35.7798198],[129.2048643,35.7799006],[129.2048585,35.7799412],[129.2048548,35.7799564],[129.204999,35.7799632],[129.2050043,35.7798444],[129.2050193,35.7795244],[129.2050224,35.7793836],[129.2050233,35.7792046],[129.2050211,35.7789898],[129.2050217,35.7789401]]]]}},{"type":"Feature","properties":{"UFID":"100035901089A00110100000004422112"},"geometry":{"type":"MultiPolygon","coordinates":[[[[129.2076781,35.7784626],[129.2076534,35.7784806],[129.2076546,35.7784817],[129.2076714,35.7785036],[129.2077157,35.7785659],[129.2077398,35.7785943],[129.2077735,35.7786361],[129.2078813,35.7787343],[129.2080916,35.7789014],[129.2081863,35.7789739],[129.2082924,35.7790286],[129.2083134,35.7790393],[129.2083281,35.7790555],[129.2083397,35.7790741],[129.2083441,35.7790906],[129.2083434,35.7791043],[129.2083387,35.7791264],[129.2083253,35.7791565],[129.2083062,35.7791988],[129.2082993,35.7792212],[129.2083004,35.7792499],[129.2083072,35.7792749],[129.2083201,35.7793006],[129.2084143,35.7793945],[129.2085572,35.7794943],[129.2085655,35.7795035],[129.2086112,35.77956],[129.2086794,35.7796665],[129.208726,35.7797714],[129.2087423,35.779841],[129.2087431,35.7798759],[129.2087445,35.7799822],[129.2087317,35.7803641],[129.2087382,35.7804169],[129.2087426,35.7804382],[129.2087515,35.7804657],[129.208766,35.7804928],[129.2087829,35.7805118],[129.2088039,35.7805255],[129.2089301,35.78058],[129.2089456,35.7805561],[129.2088222,35.7805028],[129.2088071,35.7804929],[129.208795,35.7804793],[129.208783,35.7804568],[129.2087751,35.7804325],[129.2087711,35.7804133],[129.2087649,35.7803631],[129.2087777,35.7799824],[129.2087763,35.7798755],[129.2087754,35.7798381],[129.2087581,35.7797643],[129.2087098,35.7796556],[129.2086398,35.7795463],[129.2085927,35.779488],[129.2085817,35.7794758],[129.2084381,35.7793755],[129.2083489,35.7792866],[129.2083389,35.7792668],[129.2083334,35.7792465],[129.2083326,35.7792241],[129.208338,35.7792067],[129.2083565,35.7791658],[129.2083709,35.7791333],[129.2083764,35.7791072],[129.2083774,35.7790882],[129.2083712,35.779065],[129.2083564,35.7790412],[129.2083363,35.7790191],[129.2083101,35.7790057],[129.2082067,35.7789524],[129.2081145,35.7788819],[129.2079053,35.7787156],[129.2077999,35.7786196],[129.2077673,35.7785792],[129.2077437,35.7785514],[129.2076998,35.7784897],[129.2076812,35.7784653],[129.2076781,35.7784626]]]]}},{"type":"Feature","properties":{"UFID":"100035901089A00110100000004422113"},"geometry":{"type":"MultiPolygon","coordinates":[[[[129.2087406,35.7919299],[129.2085933,35.7919586],[129.2086435,35.7919811],[129.2087079,35.7921074],[129.208776,35.7922522],[129.2088348,35.7923724],[129.2088149,35.7924057],[129.2089465,35.7924292],[129.2089317,35.7924131],[129.2088674,35.7922819],[129.2088131,35.7921729],[129.2087092,35.7919706],[129.2087131,35.7919603],[129.2087406,35.7919299]]]]}},{"type":"Feature","properties":{"UFID":"100035901089A00110100000004422114"},"geometry":{"type":"MultiPolygon","coordinates":[[[[129.2087406,35.7919299],[129.2087246,35.7918831],[129.208572,35.7919092],[129.2085933,35.7919586],[129.2087406,35.7919299]]]]}},{"type":"Feature","properties":{"UFID":"100035901089A00110100000004422115"},"geometry":{"type":"MultiPolygon","coordinates":[[[[129.2085933,35.7919586],[129.208572,35.7919092],[129.2085685,35.7919098],[129.2083098,35.7919563],[129.2082114,35.7919828],[129.2081906,35.7919907],[129.2081469,35.7920127],[129.2081373,35.7920191],[129.2081115,35.792047],[129.2080718,35.7920932],[129.2080706,35.7920943],[129.2081043,35.7921389],[129.2081686,35.792056],[129.2082862,35.7920261],[129.2083929,35.7920013],[129.2085933,35.7919586]]]]}},{"type":"Feature","properties":{"UFID":"100035901089A00110100000004422116"},"geometry":{"type":"MultiPolygon","coordinates":[[[[129.2081043,35.7921389],[129.2080706,35.7920943],[129.2080662,35.7920986],[129.2080235,35.7921264],[129.2079995,35.7921376],[129.2080344,35.7922053],[129.2081043,35.7921389]]]]}},{"type":"Feature","properties":{"UFID":"100035901089A00110100000004422117"},"geometry":{"type":"MultiPolygon","coordinates":[[[[129.2080344,35.7922053],[129.2079995,35.7921376],[129.2079722,35.7921503],[129.2079094,35.7921665],[129.207882,35.7921727],[129.2077916,35.7921864],[129.2077327,35.7921944],[129.207719,35.7921987],[129.2077025,35.792206],[129.2076851,35.7922193],[129.2076517,35.7922431],[129.2076339,35.7922567],[129.2076178,35.7922665],[129.2075769,35.7922915],[129.2075608,35.7923014],[129.2075472,35.7923097],[129.2075715,35.7923475],[129.2075798,35.7923318],[129.2076039,35.7923088],[129.2076377,35.7922882],[129.2076552,35.7922775],[129.2076739,35.7922632],[129.2077074,35.7922394],[129.2077221,35.7922281],[129.2077329,35.7922233],[129.2077415,35.7922207],[129.2077973,35.792213],[129.2078034,35.7922121],[129.2078184,35.7922684],[129.2079132,35.7922286],[129.2079299,35.792224],[129.2080344,35.7922053]]]]}},{"type":"Feature","properties":{"UFID":"100035901089A00110100000004422118"},"geometry":{"type":"MultiPolygon","coordinates":[[[[129.2046509,35.7868388],[129.2045417,35.7867938],[129.2044868,35.7868195],[129.2037902,35.7870483],[129.2037811,35.7870504],[129.2037482,35.7870441],[129.2037595,35.7870791],[129.2037637,35.787078],[129.20391,35.7870441],[129.2039637,35.7870304],[129.2045037,35.786848],[129.2045945,35.7868333],[129.2046509,35.7868388]]]]}},{"type":"Feature","properties":{"UFID":"100035901089A00110100000004422119"},"geometry":{"type":"MultiPolygon","coordinates":[[[[129.20473,35.7827054],[129.2047271,35.7826637],[129.2047243,35.7825663],[129.2047268,35.782478],[129.2047331,35.782395],[129.204746,35.782272],[129.2047616,35.7821094],[129.204778,35.7819853],[129.2046446,35.7819744],[129.2046441,35.781979],[129.2046029,35.7824041],[129.2045618,35.782484],[129.2045652,35.7826465],[129.20456,35.7826964],[129.2045518,35.7827089],[129.20473,35.7827054]]]]}},{"type":"Feature","properties":{"UFID":"100035901089A00110100000004422120"},"geometry":{"type":"MultiPolygon","coordinates":[[[[129.2048627,35.7889639],[129.2048142,35.7887853],[129.2047675,35.7885783],[129.2047435,35.7884331],[129.2047306,35.7882783],[129.2047273,35.7881155],[129.2047335,35.7880237],[129.2047566,35.7878946],[129.2047934,35.7876751],[129.2048353,35.7874135],[129.2048692,35.7872422],[129.2048953,35.7870963],[129.2049266,35.7868727],[129.2049344,35.7868239],[129.2046509,35.7868388],[129.2046711,35.7868447],[129.2046846,35.7868544],[129.2046868,35.7868687],[129.2046864,35.7869137],[129.2046705,35.7870899],[129.2046502,35.7872593],[129.2046193,35.7874865],[129.204606,35.7875909],[129.2046016,35.7876518],[129.204601,35.7877424],[129.2045953,35.7879236],[129.2045924,35.7880634],[129.2045898,35.7881386],[129.2045965,35.7881846],[129.2046064,35.7884083],[129.2045958,35.7884858],[129.2045913,35.7885539],[129.2045984,35.788598],[129.2046499,35.7887818],[129.2046837,35.7889356],[129.204709,35.7889867],[129.2048627,35.7889639]]]]}},{"type":"Feature","properties":{"UFID":"100035901089A00110100000004422121"},"geometry":{"type":"MultiPolygon","coordinates":[[[[129.2028532,35.7872255],[129.2036794,35.7870163],[129.2037323,35.7870029],[129.2039515,35.7869473],[129.204462,35.7868084],[129.2045417,35.7867938],[129.2045401,35.7866222],[129.2045251,35.7866328],[129.2043281,35.7867403],[129.2039142,35.7868529],[129.2037058,35.786906],[129.2036528,35.7869195],[129.2028193,35.7871303],[129.2027944,35.7871358],[129.2027608,35.7871182],[129.2027377,35.7871108],[129.2027112,35.7870974],[129.2026891,35.7870802],[129.202673,35.7870597],[129.2027387,35.7873198],[129.2027575,35.787291],[129.2027825,35.7872695],[129.2028396,35.7872285],[129.2028532,35.7872255]]]]}},{"type":"Feature","properties":{"UFID":"100035901089A00110100000004422122"},"geometry":{"type":"MultiPolygon","coordinates":[[[[129.2029427,35.7872663],[129.2029316,35.7872352],[129.2029179,35.7872382],[129.2029094,35.7872399],[129.202874,35.787247],[129.2028861,35.7872771],[129.2029427,35.7872663]]]]}},{"type":"Feature","properties":{"UFID":"100035901089A00110100000004422123"},"geometry":{"type":"MultiPolygon","coordinates":[[[[129.203688,35.7870975],[129.2036814,35.7870731],[129.2030803,35.7872031],[129.2029316,35.7872352],[129.2029427,35.7872663],[129.2029443,35.7872613],[129.2029518,35.7872556],[129.2029619,35.7872537],[129.2030998,35.7872242],[129.203381,35.787164],[129.2036022,35.7871151],[129.203688,35.7870975]]]]}},{"type":"Feature","properties":{"UFID":"100035901089A00110100000004422124"},"geometry":{"type":"MultiPolygon","coordinates":[[[[129.2032932,35.7892935],[129.2032154,35.7892266],[129.203165,35.7892535],[129.2032543,35.7893161],[129.2032661,35.7893255],[129.2032932,35.7892935]]]]}},{"type":"Feature","properties":{"UFID":"100035901089A00110100000004422125"},"geometry":{"type":"MultiPolygon","coordinates":[[[[129.2037595,35.7870791],[129.2037482,35.7870441],[129.2036814,35.7870731],[129.203688,35.7870975],[129.2037008,35.7870948],[129.2037595,35.7870791]]]]}},{"type":"Feature","properties":{"UFID":"100035901089A00110100000004422126"},"geometry":{"type":"MultiPolygon","coordinates":[[[[129.2057797,35.7948122],[129.2057749,35.7948146],[129.2056345,35.7948153],[129.2055901,35.7948109],[129.2052558,35.7947708],[129.2052426,35.7947667],[129.2051324,35.7947047],[129.2049629,35.7946835],[129.204925,35.7946766],[129.2048829,35.7946689],[129.2048745,35.7946676],[129.2046787,35.7946368],[129.2046725,35.7946634],[129.2048724,35.7946948],[129.2049226,35.7947038],[129.2049568,35.7947101],[129.2051198,35.7947305],[129.205227,35.7947909],[129.2052556,35.794807],[129.2053958,35.794827],[129.2055357,35.7948424],[129.2056524,35.7948492],[129.2057534,35.7948557],[129.2057719,35.7948571],[129.2057795,35.7948619],[129.2057797,35.7948122]]]]}},{"type":"Feature","properties":{"UFID":"100035901089A00110100000004422127"},"geometry":{"type":"MultiPolygon","coordinates":[[[[129.2068331,35.7924269],[129.20682,35.7923917],[129.2067966,35.7923975],[129.2066938,35.7924141],[129.2065304,35.7924181],[129.2064602,35.7924134],[129.2063715,35.7923836],[129.2062996,35.7923484],[129.2061094,35.7922299],[129.2061049,35.7922258],[129.2060905,35.7921901],[129.2060373,35.7922208],[129.206051,35.7922242],[129.20607,35.7922347],[129.2060868,35.7922499],[129.206281,35.7923708],[129.2063565,35.7924078],[129.2064523,35.79244],[129.2065295,35.7924451],[129.2066977,35.7924411],[129.2068191,35.7924289],[129.2068331,35.7924269]]]]}},{"type":"Feature","properties":{"UFID":"100035901089A00110100000004422128"},"geometry":{"type":"MultiPolygon","coordinates":[[[[129.206917,35.7924056],[129.2069012,35.7923713],[129.2068915,35.7923738],[129.2068581,35.7923821],[129.20682,35.7923917],[129.2068331,35.7924269],[129.206917,35.7924056]]]]}},{"type":"Feature","properties":{"UFID":"100035901089A00110100000004422129"},"geometry":{"type":"MultiPolygon","coordinates":[[[[129.2071945,35.7923693],[129.2071988,35.7923424],[129.2071302,35.7923391],[129.2070346,35.792346],[129.2069522,35.7923585],[129.2069012,35.7923713],[129.206917,35.7924056],[129.2069602,35.7923848],[129.2070391,35.7923728],[129.2071307,35.7923662],[129.2071945,35.7923693]]]]}},{"type":"Feature","properties":{"UFID":"100035901089A00110100000004422130"},"geometry":{"type":"MultiPolygon","coordinates":[[[[129.206917,35.7924056],[129.2068331,35.7924269],[129.2068412,35.7924286],[129.2069087,35.7926284],[129.2069073,35.7926312],[129.2067964,35.7926463],[129.2065784,35.7926805],[129.206504,35.792689],[129.2065103,35.7927163],[129.2067492,35.79267],[129.2069416,35.7926368],[129.2069488,35.7926326],[129.2069512,35.7926257],[129.2069512,35.7926121],[129.2069064,35.7924335],[129.2069076,35.7924205],[129.206917,35.7924056]]]]}},{"type":"Feature","properties":{"UFID":"100035901089A00110100000004422131"},"geometry":{"type":"MultiPolygon","coordinates":[[[[129.2048827,35.7810171],[129.2047485,35.7810171],[129.2047378,35.7811155],[129.2048954,35.7811168],[129.204902,35.7810768],[129.2049115,35.7810265],[129.2048862,35.7810243],[129.2048831,35.7810207],[129.2048827,35.7810171]]]]}},{"type":"Feature","properties":{"UFID":"100035901089A00110100000004422132"},"geometry":{"type":"MultiPolygon","coordinates":[[[[129.20494,35.7805167],[129.2048075,35.780507],[129.2047952,35.7806223],[129.2049256,35.780632],[129.20494,35.7805167]]]]}},{"type":"Feature","properties":{"UFID":"100035901089A00110100000004422133"},"geometry":{"type":"MultiPolygon","coordinates":[[[[129.2049869,35.7801402],[129.2048414,35.780127],[129.2048359,35.7802285],[129.2049708,35.7802365],[129.2049731,35.7802142],[129.2049869,35.7801402]]]]}},{"type":"Feature","properties":{"UFID":"100035901089A00110100000004422134"},"geometry":{"type":"MultiPolygon","coordinates":[[[[129.2049962,35.7800255],[129.2048503,35.7800119],[129.2048519,35.7800155],[129.2048469,35.7800763],[129.2048414,35.780127],[129.2049869,35.7801402],[129.2049937,35.7800593],[129.2049962,35.7800255]]]]}},{"type":"Feature","properties":{"UFID":"100035901089A00110100000004422135"},"geometry":{"type":"MultiPolygon","coordinates":[[[[129.2048359,35.7802285],[129.2048414,35.780127],[129.2048325,35.780134],[129.2048249,35.7801392],[129.2047119,35.780152],[129.2045883,35.7801676],[129.204458,35.7801859],[129.2043579,35.7802021],[129.2043077,35.7802119],[129.2042868,35.7802231],[129.2042783,35.7802323],[129.204273,35.7802462],[129.20426,35.7803739],[129.2042383,35.7805949],[129.2041961,35.7809713],[129.2041994,35.7809804],[129.2042042,35.7809874],[129.2042123,35.7809932],[129.2042425,35.7810045],[129.2042681,35.7809582],[129.2042538,35.7809414],[129.2042515,35.7809176],[129.2042846,35.7806844],[129.2043308,35.7802877],[129.2043366,35.7802713],[129.2043507,35.7802583],[129.2043611,35.7802489],[129.2043751,35.7802459],[129.2044269,35.7802388],[129.2046179,35.7802233],[129.2047948,35.7802179],[129.2048117,35.7802195],[129.2048221,35.7802216],[129.2048308,35.7802235],[129.2048359,35.7802285]]]]}},{"type":"Feature","properties":{"UFID":"100035901089A00110100000004422136"},"geometry":{"type":"MultiPolygon","coordinates":[[[[129.20494,35.7805167],[129.2049256,35.780632],[129.2049448,35.7806335],[129.2049472,35.7806311],[129.2049549,35.7805937],[129.2049593,35.7805908],[129.2049638,35.7805895],[129.2049689,35.7805917],[129.2050048,35.7806195],[129.2050582,35.7806591],[129.2051109,35.7806936],[129.20517,35.7807237],[129.2052279,35.7807525],[129.205295,35.7807778],[129.2053536,35.7807929],[129.2054116,35.7808015],[129.2054717,35.7808078],[129.2054765,35.7807934],[129.2055225,35.7807949],[129.2055865,35.7807985],[129.2056529,35.780804],[129.2057302,35.7808108],[129.205829,35.7808211],[129.2059181,35.7808333],[129.2060198,35.7808466],[129.2061164,35.7808603],[129.2061984,35.7808706],[129.206243,35.7808805],[129.2062911,35.780896],[129.2063522,35.7809209],[129.2064155,35.7809464],[129.2064524,35.7809581],[129.2065042,35.7809659],[129.2066003,35.7809723],[129.2066026,35.7809568],[129.2064865,35.7809476],[129.2064384,35.7809381],[129.2063703,35.7809121],[129.2063189,35.7808895],[129.2062703,35.7808732],[129.2062195,35.780861],[129.2061361,35.7808471],[129.2060322,35.7808326],[129.2059135,35.7808163],[129.2057952,35.7807996],[129.2056864,35.7807895],[129.2055929,35.7807827],[129.2055297,35.7807794],[129.2054705,35.7807777],[129.2054202,35.780776],[129.2053692,35.7807708],[129.2053309,35.7807602],[129.2052918,35.7807488],[129.2052541,35.7807345],[129.2052123,35.7807145],[129.2051677,35.7806926],[129.205124,35.7806653],[129.2050757,35.7806351],[129.2050332,35.7806039],[129.2049954,35.7805723],[129.2049636,35.7805411],[129.2049494,35.7805206],[129.2049445,35.7805172],[129.20494,35.7805167]]]]}},{"type":"Feature","properties":{"UFID":"100035901089A00110100000004422137"},"geometry":{"type":"MultiPolygon","coordinates":[[[[129.2047877,35.781912],[129.2046592,35.7818434],[129.2046446,35.7819744],[129.204778,35.7819853],[129.2047877,35.781912]]]]}},{"type":"Feature","properties":{"UFID":"100035901089A00110100000004422138"},"geometry":{"type":"MultiPolygon","coordinates":[[[[129.2048555,35.781286],[129.204721,35.7812827],[129.2046932,35.7815397],[129.2046592,35.7818434],[129.2047877,35.781912],[129.2047921,35.7818574],[129.2047993,35.7817897],[129.2048164,35.781641],[129.2048376,35.7814485],[129.2048555,35.781286]]]]}},{"type":"Feature","properties":{"UFID":"100035901089A00110100000004422139"},"geometry":{"type":"MultiPolygon","coordinates":[[[[129.2049256,35.780632],[129.2047952,35.7806223],[129.2047846,35.7807217],[129.2047568,35.7809398],[129.2047485,35.7810171],[129.2048827,35.7810171],[129.2048958,35.7808783],[129.2049202,35.7806753],[129.2049256,35.780632]]]]}},{"type":"Feature","properties":{"UFID":"100035901089A00110100000004422140"},"geometry":{"type":"MultiPolygon","coordinates":[[[[129.2049708,35.7802365],[129.2048359,35.7802285],[129.2048077,35.7805052],[129.2048075,35.780507],[129.20494,35.7805167],[129.2049467,35.7804634],[129.2049708,35.7802365]]]]}},{"type":"Feature","properties":{"UFID":"100035901089A00110100000004422141"},"geometry":{"type":"MultiPolygon","coordinates":[[[[129.20489,35.7890585],[129.2048803,35.7890286],[129.2048627,35.7889639],[129.204709,35.7889867],[129.2047573,35.7890837],[129.20489,35.7890585]]]]}},{"type":"Feature","properties":{"UFID":"100035901089A00110100000004422142"},"geometry":{"type":"MultiPolygon","coordinates":[[[[129.2050428,35.7894637],[129.2050154,35.7893759],[129.2049804,35.7892695],[129.2049576,35.7892675],[129.20489,35.7890585],[129.2047573,35.7890837],[129.2047638,35.7890967],[129.2047979,35.789192],[129.2048441,35.7893296],[129.2048536,35.7893287],[129.2048956,35.7894467],[129.2049179,35.7895065],[129.2050428,35.7894637]]]]}},{"type":"Feature","properties":{"UFID":"100035901089A00110100000004422143"},"geometry":{"type":"MultiPolygon","coordinates":[[[[129.2039645,35.78252],[129.2039562,35.782508],[129.2039433,35.7824773],[129.2039271,35.7824293],[129.2038651,35.7824359],[129.2038999,35.7825289],[129.2039645,35.78252]]]]}},{"type":"Feature","properties":{"UFID":"100035901089A00110100000004422144"},"geometry":{"type":"MultiPolygon","coordinates":[[[[129.2039271,35.7824293],[129.2039225,35.7824158],[129.2038969,35.782346],[129.2038703,35.7822964],[129.2038356,35.7822537],[129.2038206,35.7822389],[129.2037624,35.7821749],[129.2037353,35.7821906],[129.2037667,35.7822251],[129.2038498,35.7823424],[129.2038609,35.7823688],[129.2038651,35.7824359],[129.2039271,35.7824293]]]]}},{"type":"Feature","properties":{"UFID":"100035901089A00110100000004422145"},"geometry":{"type":"MultiPolygon","coordinates":[[[[129.2038999,35.7825289],[129.2038651,35.7824359],[129.2038615,35.7824419],[129.2038504,35.7824435],[129.2038293,35.7824412],[129.2037487,35.7824313],[129.2036788,35.7824224],[129.2036332,35.7824208],[129.2035566,35.7824218],[129.2034741,35.7824325],[129.203405,35.782446],[129.2033771,35.7824578],[129.2031565,35.7825757],[129.2030284,35.7826442],[129.2030522,35.7826639],[129.2031747,35.7825984],[129.2033938,35.7824812],[129.2034229,35.7824734],[129.2034899,35.7824548],[129.2035389,35.7824514],[129.2036039,35.78245],[129.2036712,35.7824552],[129.2037515,35.7824686],[129.2038248,35.7824859],[129.2038999,35.7825289]]]]}},{"type":"Feature","properties":{"UFID":"100035901089A00110100000004422146"},"geometry":{"type":"MultiPolygon","coordinates":[[[[129.2045518,35.7827089],[129.2045303,35.7827114],[129.2044682,35.7827115],[129.2044143,35.7827092],[129.204281,35.7826963],[129.2041865,35.7826767],[129.2041093,35.7826497],[129.2040808,35.7826315],[129.2040403,35.7825969],[129.2040055,35.7825686],[129.2039776,35.7825389],[129.2039645,35.78252],[129.2038999,35.7825289],[129.2039404,35.7825588],[129.2039723,35.7825925],[129.2040086,35.7826221],[129.204051,35.7826582],[129.2040866,35.782681],[129.2041723,35.7827109],[129.2042729,35.7827318],[129.2044106,35.7827452],[129.2044565,35.7827472],[129.2044988,35.7827476],[129.2045394,35.7827502],[129.2045518,35.7827089]]]]}},{"type":"Feature","properties":{"UFID":"100035901089A00110100000004422147"},"geometry":{"type":"MultiPolygon","coordinates":[[[[129.2019013,35.7830481],[129.2018874,35.783017],[129.2018461,35.78302],[129.2018573,35.7830398],[129.2018617,35.783047],[129.2018624,35.78305],[129.2019013,35.7830481]]]]}},{"type":"Feature","properties":{"UFID":"100035901089A00110100000004422148"},"geometry":{"type":"MultiPolygon","coordinates":[[[[129.2025005,35.7832901],[129.202471,35.7832716],[129.2022879,35.7831695],[129.2022504,35.7831498],[129.2021362,35.7830997],[129.2020594,35.7830587],[129.2020282,35.7830434],[129.2019994,35.7830325],[129.2019683,35.7830231],[129.2019255,35.7830158],[129.2018874,35.783017],[129.2019013,35.7830481],[129.2019222,35.7830475],[129.2019575,35.7830534],[129.2019844,35.7830616],[129.20201,35.7830713],[129.2020388,35.7830854],[129.2021163,35.7831269],[129.2022307,35.7831769],[129.2022664,35.7831958],[129.2024481,35.7832971],[129.2024566,35.7833024],[129.2025005,35.7832901]]]]}},{"type":"Feature","properties":{"UFID":"100035901089A00110100000004422149"},"geometry":{"type":"MultiPolygon","coordinates":[[[[129.2019013,35.7830481],[129.2018624,35.78305],[129.201914,35.7832743],[129.2019403,35.7833348],[129.2019768,35.7833243],[129.2019515,35.7832661],[129.2019013,35.7830481]]]]}},{"type":"Feature","properties":{"UFID":"100035901089A00110100000004422150"},"geometry":{"type":"MultiPolygon","coordinates":[[[[129.2048778,35.7787306],[129.2048343,35.7787388],[129.204822,35.7787374],[129.2047805,35.7787188],[129.2047189,35.7786934],[129.2047178,35.7786923],[129.2046748,35.7786646],[129.20464,35.7786359],[129.2046117,35.7786246],[129.2045626,35.7786141],[129.2044932,35.7786023],[129.2044172,35.7785818],[129.204334,35.7785533],[129.2043254,35.77857],[129.2043829,35.7785926],[129.2044559,35.7786174],[129.2045067,35.7786304],[129.2045472,35.7786335],[129.2045961,35.7786428],[129.204629,35.7786573],[129.2046562,35.7786814],[129.2046813,35.7787045],[129.2047192,35.7787267],[129.2047671,35.7787472],[129.2048448,35.7787662],[129.2048673,35.7787753],[129.2048778,35.7787306]]]]}},{"type":"Feature","properties":{"UFID":"100035901089A00110100000004422151"},"geometry":{"type":"MultiPolygon","coordinates":[[[[129.2045811,35.7828847],[129.2045465,35.782841],[129.2045414,35.7828455],[129.204533,35.7828588],[129.204522,35.7828571],[129.2043499,35.7828599],[129.2042514,35.7828713],[129.2041795,35.782891],[129.2041243,35.7829172],[129.2040347,35.7829861],[129.2039704,35.7830493],[129.2037455,35.783368],[129.2037327,35.7833878],[129.2036636,35.7835203],[129.2036942,35.7835309],[129.2037627,35.7833994],[129.2037746,35.783381],[129.2039978,35.7830648],[129.204059,35.7830047],[129.2041443,35.782939],[129.2041933,35.7829158],[129.2042591,35.7828978],[129.2043526,35.7828869],[129.2045595,35.7828835],[129.2045811,35.7828847]]]]}},{"type":"Feature","properties":{"UFID":"100035901089A00110100000004422152"},"geometry":{"type":"MultiPolygon","coordinates":[[[[129.2052982,35.7903524],[129.2052933,35.7903478],[129.2052918,35.7903428],[129.2052733,35.7902445],[129.2052427,35.7901141],[129.2052067,35.7899919],[129.2051713,35.7898652],[129.2051188,35.7897031],[129.2050759,35.7895691],[129.2049585,35.7896196],[129.2049805,35.7896814],[129.2050345,35.7898207],[129.2051491,35.7902282],[129.2051907,35.7904039],[129.2052982,35.7903524]]]]}},{"type":"Feature","properties":{"UFID":"100035901089A00110100000004422153"},"geometry":{"type":"MultiPolygon","coordinates":[[[[129.2050759,35.7895691],[129.20507,35.7895506],[129.2050428,35.7894637],[129.2049179,35.7895065],[129.2049585,35.7896196],[129.2050759,35.7895691]]]]}},{"type":"Feature","properties":{"UFID":"100035901089A00110100000004422154"},"geometry":{"type":"MultiPolygon","coordinates":[[[[129.204721,35.7812827],[129.2047302,35.7811998],[129.2047162,35.7812102],[129.2046829,35.7812311],[129.2046592,35.7812417],[129.2045697,35.7813074],[129.2045228,35.7813682],[129.2044343,35.7814894],[129.2044117,35.78151],[129.2044098,35.7815112],[129.2044003,35.781516],[129.2043524,35.7815187],[129.2044166,35.7815396],[129.2044542,35.7815137],[129.2044607,35.7815062],[129.2045511,35.7813823],[129.2045954,35.781325],[129.2046365,35.7812948],[129.2046792,35.7812881],[129.204721,35.7812827]]]]}},{"type":"Feature","properties":{"UFID":"100035901089A00110100000004422155"},"geometry":{"type":"MultiPolygon","coordinates":[[[[129.204999,35.7799632],[129.2048548,35.7799564],[129.2048503,35.7800119],[129.2049962,35.7800255],[129.204999,35.7799632]]]]}},{"type":"Feature","properties":{"UFID":"100035901089A00110100000004422156"},"geometry":{"type":"MultiPolygon","coordinates":[[[[129.2050132,35.7787714],[129.2050126,35.7787248],[129.2048778,35.7787306],[129.2048673,35.7787753],[129.2050132,35.7787714]]]]}},{"type":"Feature","properties":{"UFID":"100035901089A00110100000004422157"},"geometry":{"type":"MultiPolygon","coordinates":[[[[129.2049344,35.7868239],[129.2049612,35.7866554],[129.2046458,35.7865448],[129.2045401,35.7866222],[129.2045417,35.7867938],[129.2046509,35.7868388],[129.2049344,35.7868239]]]]}},{"type":"Feature","properties":{"UFID":"100035901089A00110100000004422158"},"geometry":{"type":"MultiPolygon","coordinates":[[[[129.2047381,35.78283],[129.2045465,35.782841],[129.2045811,35.7828847],[129.2047423,35.7828872],[129.2047381,35.78283]]]]}},{"type":"Feature","properties":{"UFID":"100035901089A00110100000004422159"},"geometry":{"type":"MultiPolygon","coordinates":[[[[129.2047381,35.78283],[129.2047359,35.7827989],[129.2047326,35.7827432],[129.2045394,35.7827502],[129.2045465,35.782841],[129.2047381,35.78283]]]]}},{"type":"Feature","properties":{"UFID":"100035901089A00110100000004422160"},"geometry":{"type":"MultiPolygon","coordinates":[[[[129.2047326,35.7827432],[129.20473,35.7827054],[129.2045518,35.7827089],[129.2045394,35.7827502],[129.2047326,35.7827432]]]]}},{"type":"Feature","properties":{"UFID":"100035901089A00110100000004422161"},"geometry":{"type":"MultiPolygon","coordinates":[[[[129.2048766,35.7811972],[129.2047302,35.7811998],[129.204721,35.7812827],[129.2048555,35.781286],[129.2048595,35.7812496],[129.2048766,35.7811972]]]]}},{"type":"Feature","properties":{"UFID":"100035901089A00110100000004422162"},"geometry":{"type":"MultiPolygon","coordinates":[[[[129.2048766,35.7811972],[129.2048877,35.7811632],[129.2048954,35.7811168],[129.2047378,35.7811155],[129.2047327,35.7811624],[129.2047302,35.7811998],[129.2048766,35.7811972]]]]}},{"type":"Feature","properties":{"UFID":"100035901089A00110100000004422163"},"geometry":{"type":"MultiPolygon","coordinates":[[[[129.2046245,35.7865456],[129.2046242,35.7865435],[129.2046283,35.786529],[129.2046337,35.7865203],[129.2046573,35.7864784],[129.2046665,35.7864433],[129.2046691,35.7864193],[129.2046305,35.7864165],[129.2046281,35.7864386],[129.2046203,35.7864684],[129.2045989,35.7865065],[129.2045905,35.78652],[129.2045797,35.7865291],[129.2045599,35.7865413],[129.2045355,35.7865537],[129.2046245,35.7865456]]]]}},{"type":"Feature","properties":{"UFID":"100035901089A00110100000004422164"},"geometry":{"type":"MultiPolygon","coordinates":[[[[129.2046458,35.7865448],[129.2046277,35.786549],[129.2046245,35.7865456],[129.2045355,35.7865537],[129.204501,35.7866041],[129.2045242,35.786602],[129.2045376,35.7866077],[129.2045401,35.7866222],[129.2046458,35.7865448]]]]}},{"type":"Feature","properties":{"UFID":"100035901089A00110100000004422165"},"geometry":{"type":"MultiPolygon","coordinates":[[[[129.2052782,35.7927886],[129.2052679,35.7927262],[129.2052346,35.7927417],[129.2037373,35.7928087],[129.2031037,35.7928333],[129.202927,35.7928417],[129.2029289,35.7928687],[129.2031054,35.7928603],[129.203739,35.7928357],[129.2052322,35.7927689],[129.2052597,35.7927746],[129.2052782,35.7927886]]]]}},{"type":"Feature","properties":{"UFID":"100035901089A00110100000004422166"},"geometry":{"type":"MultiPolygon","coordinates":[[[[129.2056169,35.7942227],[129.2056065,35.7941883],[129.2055241,35.7937217],[129.2053316,35.7927972],[129.2053277,35.7927776],[129.2052782,35.7927886],[129.2052995,35.7928046],[129.2054913,35.7937259],[129.2055684,35.7941623],[129.2055559,35.7941985],[129.2055271,35.7942021],[129.2055239,35.7942242],[129.2055086,35.7942349],[129.2056169,35.7942227]]]]}},{"type":"Feature","properties":{"UFID":"100035901089A00110100000004422167"},"geometry":{"type":"MultiPolygon","coordinates":[[[[129.2053277,35.7927776],[129.2053232,35.7927555],[129.2053165,35.7927209],[129.2052679,35.7927262],[129.2052782,35.7927886],[129.2053277,35.7927776]]]]}},{"type":"Feature","properties":{"UFID":"100035901089A00110100000004422168"},"geometry":{"type":"MultiPolygon","coordinates":[[[[129.2053165,35.7927209],[129.2053083,35.7926792],[129.2052642,35.7921315],[129.2052377,35.791767],[129.2052371,35.7917193],[129.2052498,35.7916896],[129.2052868,35.7916072],[129.2052893,35.791596],[129.2052944,35.7915834],[129.2052878,35.7915438],[129.205274,35.7915557],[129.2052556,35.7915981],[129.2052186,35.7916804],[129.2052038,35.7917149],[129.2052046,35.791768],[129.2052311,35.7921332],[129.2052753,35.7926822],[129.2052789,35.7927004],[129.2052679,35.7927262],[129.2053165,35.7927209]]]]}},{"type":"Feature","properties":{"UFID":"100035901089A00110100000004422169"},"geometry":{"type":"MultiPolygon","coordinates":[[[[129.2001492,35.7880085],[129.2001227,35.7879356],[129.2000599,35.7879482],[129.2000715,35.7880318],[129.2001492,35.7880085]]]]}},{"type":"Feature","properties":{"UFID":"100035901089A00110100000004422170"},"geometry":{"type":"MultiPolygon","coordinates":[[[[129.200383,35.7887139],[129.200355,35.7886591],[129.2002568,35.7882287],[129.2002278,35.7881348],[129.20022,35.7881158],[129.2002022,35.7880917],[129.2001595,35.7880489],[129.2001521,35.7880385],[129.2001492,35.7880085],[129.2000715,35.7880318],[129.2001003,35.788047],[129.2001296,35.7880758],[129.200182,35.7881144],[129.2001984,35.7881427],[129.2002084,35.7881877],[129.2002243,35.7882346],[129.2003261,35.7886817],[129.200335,35.7887233],[129.200383,35.7887139]]]]}},{"type":"Feature","properties":{"UFID":"100035901089A00110100000004422171"},"geometry":{"type":"MultiPolygon","coordinates":[[[[129.2003423,35.7919035],[129.2002975,35.7919036],[129.2003075,35.7919641],[129.2003407,35.791964],[129.200341,35.7919358],[129.2003423,35.7919035]]]]}},{"type":"Feature","properties":{"UFID":"100035901089A00110100000004422172"},"geometry":{"type":"MultiPolygon","coordinates":[[[[129.2004335,35.7896488],[129.2004006,35.7896451],[129.2003996,35.7896561],[129.2003695,35.7904915],[129.2003101,35.7918811],[129.2002975,35.7919036],[129.2003423,35.7919035],[129.2004027,35.7904924],[129.2004328,35.7896574],[129.2004335,35.7896488]]]]}},{"type":"Feature","properties":{"UFID":"100035901089A00110100000004422173"},"geometry":{"type":"MultiPolygon","coordinates":[[[[129.2004134,35.7888301],[129.200383,35.7887139],[129.200335,35.7887233],[129.200348,35.7887846],[129.2003555,35.7888321],[129.2004134,35.7888301]]]]}},{"type":"Feature","properties":{"UFID":"100035901089A00110100000004422174"},"geometry":{"type":"MultiPolygon","coordinates":[[[[129.200383,35.7887139],[129.2004134,35.7888301],[129.2004328,35.7888756],[129.2004769,35.7890167],[129.2005299,35.789176],[129.2005388,35.7891996],[129.2005567,35.7893054],[129.2005679,35.7894398],[129.2005717,35.7895039],[129.2005824,35.7896583],[129.2005814,35.7897691],[129.2005784,35.7898037],[129.2005659,35.7899214],[129.2005662,35.789986],[129.2005748,35.7900442],[129.2006077,35.790041],[129.2005994,35.7899843],[129.2005991,35.7899225],[129.2006115,35.7898059],[129.2006146,35.7897702],[129.2006156,35.7896576],[129.2006048,35.7895025],[129.200601,35.7894382],[129.2005897,35.7893026],[129.2005713,35.7891937],[129.2005619,35.7891689],[129.2005089,35.7890098],[129.2004646,35.7888678],[129.2004367,35.7888025],[129.2004096,35.7887519],[129.200383,35.7887139]]]]}},{"type":"Feature","properties":{"UFID":"100035901089A00110100000004422175"},"geometry":{"type":"MultiPolygon","coordinates":[[[[129.2004459,35.7894584],[129.2004127,35.7894578],[129.2004006,35.7896451],[129.2004335,35.7896488],[129.2004454,35.789505],[129.2004463,35.7894658],[129.2004459,35.7894584]]]]}},{"type":"Feature","properties":{"UFID":"100035901089A00110100000004422176"},"geometry":{"type":"MultiPolygon","coordinates":[[[[129.2004134,35.7888301],[129.2003555,35.7888321],[129.2003816,35.7889965],[129.2004002,35.7891623],[129.2004127,35.7894578],[129.2004459,35.7894584],[129.2004334,35.7891606],[129.2004146,35.7889936],[129.2003955,35.7888735],[129.2004134,35.7888301]]]]}},{"type":"Feature","properties":{"UFID":"100035901089A00110100000004422177"},"geometry":{"type":"MultiPolygon","coordinates":[[[[129.2023136,35.7869971],[129.2022984,35.7869559],[129.2022939,35.786943],[129.2022841,35.786914],[129.2022195,35.7867466],[129.2022065,35.7866835],[129.2021429,35.7861389],[129.202124,35.7860539],[129.2020301,35.7856283],[129.2019061,35.785114],[129.2016563,35.7840229],[129.2014208,35.7829456],[129.2014158,35.7829214],[129.2014132,35.7829087],[129.2013638,35.7829139],[129.2013703,35.7829454],[129.2013717,35.7829525],[129.2016073,35.7840302],[129.2018572,35.7851216],[129.2019812,35.7856358],[129.202075,35.7860611],[129.2020935,35.7861445],[129.2021572,35.7866888],[129.202171,35.786756],[129.2022363,35.7869255],[129.2022502,35.7869663],[129.2022624,35.7870137],[129.2022757,35.7870534],[129.2022781,35.7871142],[129.2023136,35.7869971]]]]}},{"type":"Feature","properties":{"UFID":"100035901089A00110100000004422178"},"geometry":{"type":"MultiPolygon","coordinates":[[[[129.2014132,35.7829087],[129.2014156,35.7828072],[129.2013449,35.7828176],[129.2013516,35.7828541],[129.2013638,35.7829139],[129.2014132,35.7829087]]]]}},{"type":"Feature","properties":{"UFID":"100035901089A00110100000004422179"},"geometry":{"type":"MultiPolygon","coordinates":[[[[129.2018349,35.7828174],[129.2018196,35.7827391],[129.2017583,35.782751],[129.2017682,35.7828292],[129.2018349,35.7828174]]]]}},{"type":"Feature","properties":{"UFID":"100035901089A00110100000004422180"},"geometry":{"type":"MultiPolygon","coordinates":[[[[129.2021285,35.7874112],[129.2020751,35.7872956],[129.2020143,35.7873684],[129.2020425,35.7874377],[129.2021285,35.7874112]]]]}},{"type":"Feature","properties":{"UFID":"100035901089A00110100000004422181"},"geometry":{"type":"MultiPolygon","coordinates":[[[[129.2021031,35.7876355],[129.2020996,35.7876292],[129.2020915,35.7875598],[129.2020996,35.7874769],[129.2021187,35.7874239],[129.2021285,35.7874112],[129.2020425,35.7874377],[129.202045,35.7874521],[129.2020524,35.7875265],[129.2020574,35.7875889],[129.2020658,35.7876331],[129.2020725,35.7876554],[129.2021031,35.7876355]]]]}},{"type":"Feature","properties":{"UFID":"100035901089A00110100000004422182"},"geometry":{"type":"MultiPolygon","coordinates":[[[[129.2021321,35.7876922],[129.2021031,35.7876355],[129.2020725,35.7876554],[129.2020881,35.7877075],[129.2021321,35.7876922]]]]}},{"type":"Feature","properties":{"UFID":"100035901089A00110100000004422183"},"geometry":{"type":"MultiPolygon","coordinates":[[[[129.2023682,35.7873938],[129.2022781,35.7871142],[129.2022655,35.7871761],[129.2022466,35.7872176],[129.2022219,35.787246],[129.2022003,35.7872573],[129.2020751,35.7872956],[129.2021285,35.7874112],[129.2022182,35.7873838],[129.2022953,35.7873642],[129.2023274,35.7873691],[129.2023682,35.7873938]]]]}},{"type":"Feature","properties":{"UFID":"100035901089A00110100000004422184"},"geometry":{"type":"MultiPolygon","coordinates":[[[[129.2021031,35.7876355],[129.2021321,35.7876922],[129.2021357,35.7876751],[129.202141,35.7876607],[129.2021498,35.7876499],[129.2021546,35.7876445],[129.2021914,35.7876122],[129.2022773,35.7875552],[129.2023325,35.7875462],[129.202326,35.7875197],[129.2022627,35.78753],[129.2021686,35.7875924],[129.202131,35.7876254],[129.2021126,35.7876346],[129.2021031,35.7876355]]]]}},{"type":"Feature","properties":{"UFID":"100035901089A00110100000004422185"},"geometry":{"type":"MultiPolygon","coordinates":[[[[129.2024385,35.7886739],[129.2023945,35.7886753],[129.2024091,35.7887224],[129.2024142,35.7887444],[129.2024468,35.7887459],[129.2024385,35.7886739]]]]}},{"type":"Feature","properties":{"UFID":"100035901089A00110100000004422186"},"geometry":{"type":"MultiPolygon","coordinates":[[[[129.2025774,35.7892673],[129.2025716,35.7892413],[129.2024928,35.7889065],[129.2024538,35.7887705],[129.2024468,35.7887459],[129.2024142,35.7887444],[129.2024214,35.7887761],[129.2024604,35.7889121],[129.202539,35.7892462],[129.2025458,35.7892768],[129.2025774,35.7892673]]]]}},{"type":"Feature","properties":{"UFID":"100035901089A00110100000004422187"},"geometry":{"type":"MultiPolygon","coordinates":[[[[129.2025219,35.7833214],[129.2025005,35.7832901],[129.2024566,35.7833024],[129.2024728,35.7833126],[129.2024853,35.7833324],[129.2025219,35.7833214]]]]}},{"type":"Feature","properties":{"UFID":"100035901089A00110100000004422188"},"geometry":{"type":"MultiPolygon","coordinates":[[[[129.2030014,35.782691],[129.2029532,35.7826664],[129.20293,35.7827048],[129.2028623,35.7827514],[129.202786,35.7828157],[129.202762,35.7828413],[129.2027452,35.7828707],[129.2027302,35.7829066],[129.2026389,35.7831892],[129.2026289,35.7832107],[129.2026042,35.7832385],[129.2025399,35.7832893],[129.2025233,35.7832931],[129.2025005,35.7832901],[129.2025219,35.7833214],[129.2025569,35.7833135],[129.2026293,35.7832563],[129.2026583,35.7832237],[129.2026705,35.7831975],[129.2027621,35.7829144],[129.202776,35.7828807],[129.2027906,35.7828554],[129.2028112,35.7828334],[129.202885,35.7827712],[129.2030014,35.782691]]]]}},{"type":"Feature","properties":{"UFID":"100035901089A00110100000004422189"},"geometry":{"type":"MultiPolygon","coordinates":[[[[129.202567,35.7893724],[129.2025458,35.7892768],[129.2025374,35.7893158],[129.2025227,35.7893656],[129.2025189,35.7893815],[129.2024959,35.7894775],[129.2024827,35.7895577],[129.2024713,35.7896784],[129.2025044,35.7896805],[129.2025157,35.7895605],[129.2025286,35.7894819],[129.202551,35.7893886],[129.2025564,35.7893764],[129.202567,35.7893724]]]]}},{"type":"Feature","properties":{"UFID":"100035901089A00110100000004422190"},"geometry":{"type":"MultiPolygon","coordinates":[[[[129.2025999,35.7893686],[129.2025774,35.7892673],[129.2025458,35.7892768],[129.202567,35.7893724],[129.2025999,35.7893686]]]]}},{"type":"Feature","properties":{"UFID":"100035901089A00110100000004422191"},"geometry":{"type":"MultiPolygon","coordinates":[[[[129.2025999,35.7893686],[129.202567,35.7893724],[129.2026331,35.7899772],[129.2026503,35.7902601],[129.2026646,35.7907948],[129.2026585,35.7910422],[129.2026499,35.7911791],[129.2026114,35.7915644],[129.2025619,35.7920377],[129.2024926,35.7927281],[129.2024498,35.7931823],[129.2024434,35.7932875],[129.2024405,35.7933593],[129.2024407,35.7934611],[129.2024457,35.7935295],[129.202457,35.7936271],[129.2024724,35.793741],[129.2024936,35.7938344],[129.2025309,35.7939511],[129.2026373,35.7942956],[129.2027368,35.7946071],[129.2029863,35.7954184],[129.2033493,35.7965616],[129.2035721,35.7972509],[129.2036363,35.7974525],[129.2036684,35.7974457],[129.2036043,35.7972441],[129.2033814,35.7965548],[129.2030185,35.7954118],[129.202769,35.7946004],[129.2026695,35.7942888],[129.2025631,35.7939444],[129.202526,35.7938285],[129.2025053,35.7937371],[129.20249,35.7936244],[129.2024787,35.7935275],[129.2024739,35.7934602],[129.2024737,35.7933597],[129.2024766,35.7932886],[129.2024829,35.7931839],[129.2025257,35.7927302],[129.202595,35.7920399],[129.2026444,35.7915666],[129.2026829,35.7911809],[129.2026917,35.7910432],[129.2026978,35.7907949],[129.2026835,35.7902592],[129.2026662,35.7899753],[129.2025999,35.7893686]]]]}},{"type":"Feature","properties":{"UFID":"100035901089A00110100000004422192"},"geometry":{"type":"MultiPolygon","coordinates":[[[[129.2028861,35.7872771],[129.202874,35.787247],[129.2028458,35.7872527],[129.202855,35.7872833],[129.2028861,35.7872771]]]]}},{"type":"Feature","properties":{"UFID":"100035901089A00110100000004422193"},"geometry":{"type":"MultiPolygon","coordinates":[[[[129.2030522,35.7826639],[129.2030284,35.7826442],[129.2029532,35.7826664],[129.2030014,35.782691],[129.2030522,35.7826639]]]]}},{"type":"Feature","properties":{"UFID":"100035901089A00110100000004422194"},"geometry":{"type":"MultiPolygon","coordinates":[[[[129.2030284,35.7826442],[129.202985,35.7826253],[129.2029352,35.7825809],[129.2029041,35.7825444],[129.2028968,35.7825298],[129.2028891,35.7824939],[129.2028845,35.782392],[129.2028717,35.7823254],[129.2028666,35.7823082],[129.2028401,35.7822829],[129.2028019,35.7822658],[129.2026321,35.7822243],[129.2025101,35.7821894],[129.2024821,35.7821762],[129.2024681,35.7821675],[129.2024133,35.7821098],[129.2023608,35.7820641],[129.2022963,35.7820093],[129.2022724,35.7820281],[129.2023368,35.7820827],[129.202388,35.7821273],[129.2024445,35.7821869],[129.2024637,35.7821987],[129.2024962,35.782214],[129.2026219,35.7822501],[129.202789,35.7822908],[129.2028188,35.7823042],[129.2028362,35.7823209],[129.2028391,35.7823308],[129.2028514,35.7823946],[129.202856,35.7824967],[129.2028646,35.7825373],[129.2028747,35.7825574],[129.2029091,35.7825978],[129.2029616,35.7826446],[129.2029532,35.7826664],[129.2030284,35.7826442]]]]}},{"type":"Feature","properties":{"UFID":"100035901089A00110100000004422195"},"geometry":{"type":"MultiPolygon","coordinates":[[[[129.203702,35.7868466],[129.2036924,35.7868159],[129.2035914,35.7868441],[129.2035998,35.7868751],[129.203702,35.7868466]]]]}},{"type":"Feature","properties":{"UFID":"100035901089A00110100000004422196"},"geometry":{"type":"MultiPolygon","coordinates":[[[[129.2036999,35.786889],[129.203702,35.7868466],[129.2035998,35.7868751],[129.2036528,35.7869195],[129.2036794,35.7870163],[129.2036814,35.7870237],[129.2036813,35.7870401],[129.2036814,35.7870731],[129.2037482,35.7870441],[129.203739,35.7870286],[129.2037378,35.7870229],[129.2037323,35.7870029],[129.2037058,35.786906],[129.2037039,35.7868988],[129.2036999,35.786889]]]]}},{"type":"Feature","properties":{"UFID":"100035901089A00110100000004422197"},"geometry":{"type":"MultiPolygon","coordinates":[[[[129.2037413,35.7821537],[129.2035461,35.7819692],[129.2035113,35.7819294],[129.2035059,35.7819197],[129.203505,35.7819102],[129.20351,35.7818905],[129.2035201,35.7818671],[129.2035232,35.7818507],[129.2035315,35.781782],[129.2035321,35.7817412],[129.2035399,35.7817105],[129.2035509,35.781697],[129.2035876,35.7816624],[129.203611,35.7816341],[129.2036186,35.7816083],[129.2036227,35.7815803],[129.2036243,35.7815551],[129.2036235,35.7815321],[129.2036593,35.7815292],[129.2036666,35.7815276],[129.2036913,35.7815224],[129.2038104,35.7814972],[129.2038161,35.7814966],[129.2038043,35.7814705],[129.2036793,35.781497],[129.203661,35.7815009],[129.2036535,35.7815025],[129.2036198,35.7815052],[129.2035895,35.7815076],[129.2035911,35.7815532],[129.2035906,35.7815641],[129.2035901,35.7815748],[129.2035858,35.7816035],[129.2035801,35.7816231],[129.2035613,35.7816459],[129.2035244,35.7816806],[129.2035087,35.7816999],[129.203499,35.7817382],[129.2034984,35.7817805],[129.2034903,35.7818473],[129.2034878,35.7818605],[129.203478,35.7818832],[129.2034716,35.7819085],[129.2034733,35.7819265],[129.2034825,35.781943],[129.2035199,35.7819858],[129.2037156,35.7821709],[129.2037413,35.7821537]]]]}},{"type":"Feature","properties":{"UFID":"100035901089A00110100000004422198"},"geometry":{"type":"MultiPolygon","coordinates":[[[[129.2037624,35.7821749],[129.2037413,35.7821537],[129.2037156,35.7821709],[129.2037283,35.7821829],[129.2037353,35.7821906],[129.2037624,35.7821749]]]]}},{"type":"Feature","properties":{"UFID":"100035901089A00110100000004422199"},"geometry":{"type":"MultiPolygon","coordinates":[[[[129.2040984,35.7820708],[129.2040993,35.7820438],[129.2040965,35.7820437],[129.2039918,35.7820578],[129.2039523,35.7820658],[129.2038826,35.7820908],[129.2037832,35.7821325],[129.2037413,35.7821537],[129.2037624,35.7821749],[129.2037995,35.782156],[129.2038969,35.7821152],[129.203963,35.7820915],[129.2039985,35.7820844],[129.2040984,35.7820708]]]]}},{"type":"Feature","properties":{"UFID":"100035901089A00110100000004422200"},"geometry":{"type":"MultiPolygon","coordinates":[[[[129.2038497,35.7814956],[129.2038469,35.7814684],[129.2038315,35.7814679],[129.2038043,35.7814705],[129.2038161,35.7814966],[129.2038497,35.7814956]]]]}},{"type":"Feature","properties":{"UFID":"100035901089A00110100000004422201"},"geometry":{"type":"MultiPolygon","coordinates":[[[[129.2038497,35.7814956],[129.2038161,35.7814966],[129.2038196,35.7815109],[129.2038875,35.7817245],[129.2039196,35.7817177],[129.203852,35.7815048],[129.2038497,35.7814956]]]]}},{"type":"Feature","properties":{"UFID":"100035901089A00110100000004422202"},"geometry":{"type":"MultiPolygon","coordinates":[[[[129.2043524,35.7815187],[129.2043128,35.7815116],[129.2039735,35.7814795],[129.2038813,35.7814695],[129.2038469,35.7814684],[129.2038497,35.7814956],[129.2038784,35.7814964],[129.2039694,35.7815064],[129.2043074,35.7815383],[129.2043263,35.7815417],[129.2043324,35.7815477],[129.2043524,35.7815187]]]]}},{"type":"Feature","properties":{"UFID":"100035901089A00110100000004422203"},"geometry":{"type":"MultiPolygon","coordinates":[[[[129.2041502,35.7820493],[129.2040993,35.7820438],[129.2040984,35.7820708],[129.2041234,35.7820718],[129.2041446,35.782076],[129.2041502,35.7820493]]]]}},{"type":"Feature","properties":{"UFID":"100035901089A00110100000004422204"},"geometry":{"type":"MultiPolygon","coordinates":[[[[129.2043701,35.7815726],[129.2043324,35.7815477],[129.2043276,35.7815777],[129.2043104,35.7816011],[129.2041724,35.781787],[129.2041579,35.7818096],[129.204147,35.7818382],[129.2041148,35.7820183],[129.2040993,35.7820438],[129.2041502,35.7820493],[129.2041432,35.7820387],[129.2041473,35.7820237],[129.2041794,35.7818442],[129.2041886,35.78182],[129.2042013,35.7818003],[129.2043389,35.781615],[129.2043701,35.7815726]]]]}},{"type":"Feature","properties":{"UFID":"100035901089A00110100000004422205"},"geometry":{"type":"MultiPolygon","coordinates":[[[[129.2041502,35.7820493],[129.2041446,35.782076],[129.2041521,35.7820797],[129.2042567,35.7821651],[129.2042676,35.7821788],[129.2043285,35.782288],[129.2043587,35.7822767],[129.2042968,35.7821658],[129.2042826,35.782148],[129.2041728,35.7820582],[129.2041573,35.7820507],[129.2041502,35.7820493]]]]}},{"type":"Feature","properties":{"UFID":"100035901089A00110100000004422206"},"geometry":{"type":"MultiPolygon","coordinates":[[[[129.2044166,35.7815396],[129.2043524,35.7815187],[129.2043324,35.7815477],[129.2043701,35.7815726],[129.2043847,35.7815558],[129.2044166,35.7815396]]]]}},{"type":"Feature","properties":{"UFID":"100035901089A00110100000004422207"},"geometry":{"type":"MultiPolygon","coordinates":[[[[129.2053775,35.7906951],[129.2053812,35.7905872],[129.2053832,35.7905477],[129.2052982,35.7903524],[129.2051907,35.7904039],[129.2052045,35.7904621],[129.2052303,35.7905964],[129.2052327,35.7906992],[129.2053775,35.7906951]]]]}},{"type":"Feature","properties":{"UFID":"100035901089A00110100000004422208"},"geometry":{"type":"MultiPolygon","coordinates":[[[[129.2053775,35.7906951],[129.2052327,35.7906992],[129.2052339,35.7907532],[129.2052405,35.7908414],[129.2053274,35.7908509],[129.2053775,35.7906951]]]]}},{"type":"Feature","properties":{"UFID":"100035901089A00110100000004422209"},"geometry":{"type":"MultiPolygon","coordinates":[[[[129.2053714,35.7915408],[129.2053363,35.7910658],[129.2053219,35.7908593],[129.2053274,35.7908509],[129.2052405,35.7908414],[129.205284,35.7914283],[129.2052878,35.7915438],[129.2053714,35.7915408]]]]}},{"type":"Feature","properties":{"UFID":"100035901089A00110100000004422210"},"geometry":{"type":"MultiPolygon","coordinates":[[[[129.2053744,35.7915814],[129.2053714,35.7915408],[129.2052878,35.7915438],[129.2052944,35.7915834],[129.2053744,35.7915814]]]]}},{"type":"Feature","properties":{"UFID":"100035901089A00110100000004422211"},"geometry":{"type":"MultiPolygon","coordinates":[[[[129.2053744,35.7915814],[129.2052944,35.7915834],[129.2052997,35.791663],[129.2053864,35.7916639],[129.2053794,35.7916485],[129.2053744,35.7915814]]]]}},{"type":"Feature","properties":{"UFID":"100035901089A00110100000004422212"},"geometry":{"type":"MultiPolygon","coordinates":[[[[129.2053824,35.7916923],[129.2053864,35.7916639],[129.2052997,35.791663],[129.2053018,35.7916948],[129.2053824,35.7916923]]]]}},{"type":"Feature","properties":{"UFID":"100035901089A00110100000004422213"},"geometry":{"type":"MultiPolygon","coordinates":[[[[129.2054368,35.7923521],[129.2053824,35.7916923],[129.2053018,35.7916948],[129.2053056,35.7917512],[129.2053365,35.7921247],[129.2053604,35.7923687],[129.2054368,35.7923521]]]]}},{"type":"Feature","properties":{"UFID":"100035901089A00110100000004422214"},"geometry":{"type":"MultiPolygon","coordinates":[[[[129.2054391,35.7923798],[129.2054368,35.7923521],[129.2053604,35.7923687],[129.2053631,35.7923964],[129.2054391,35.7923798]]]]}},{"type":"Feature","properties":{"UFID":"100035901089A00110100000004422215"},"geometry":{"type":"MultiPolygon","coordinates":[[[[129.2056633,35.7937197],[129.2056194,35.793492],[129.2055584,35.7931595],[129.205511,35.792934],[129.2054665,35.7926607],[129.2054402,35.7923927],[129.2054391,35.7923798],[129.2053631,35.7923964],[129.2053647,35.7924124],[129.2053847,35.7926218],[129.2054209,35.7928582],[129.205489,35.7932262],[129.2055439,35.7935219],[129.2055827,35.7937283],[129.2056633,35.7937197]]]]}},{"type":"Feature","properties":{"UFID":"100035901089A00110100000004422216"},"geometry":{"type":"MultiPolygon","coordinates":[[[[129.2057533,35.7916901],[129.2057379,35.7916858],[129.205728,35.7916853],[129.2055905,35.7916774],[129.2054457,35.7916684],[129.2053932,35.7916644],[129.2053864,35.7916639],[129.2053824,35.7916923],[129.2054185,35.7916938],[129.2055881,35.7917044],[129.2057257,35.7917122],[129.2057313,35.7917125],[129.2057533,35.7916901]]]]}},{"type":"Feature","properties":{"UFID":"100035901089A00110100000004422217"},"geometry":{"type":"MultiPolygon","coordinates":[[[[129.2060373,35.7922208],[129.206007,35.7921596],[129.2059886,35.7921929],[129.2059751,35.7921985],[129.2059473,35.7922062],[129.2055089,35.7923341],[129.2054787,35.7923416],[129.2054466,35.7923497],[129.2054368,35.7923521],[129.2054391,35.7923798],[129.2054442,35.7923785],[129.2054735,35.7923712],[129.2055194,35.7923598],[129.2059582,35.7922317],[129.2059669,35.7922293],[129.2060186,35.7922206],[129.2060373,35.7922208]]]]}},{"type":"Feature","properties":{"UFID":"100035901089A00110100000004422218"},"geometry":{"type":"MultiPolygon","coordinates":[[[[129.2056781,35.7937993],[129.2056633,35.7937197],[129.2055827,35.7937283],[129.2055981,35.79381],[129.2056781,35.7937993]]]]}},{"type":"Feature","properties":{"UFID":"100035901089A00110100000004422219"},"geometry":{"type":"MultiPolygon","coordinates":[[[[129.2057536,35.7942133],[129.2056781,35.7937993],[129.2055981,35.79381],[129.2056145,35.7938967],[129.2056461,35.7940921],[129.2056671,35.7942126],[129.2056683,35.7942197],[129.2057536,35.7942133]]]]}},{"type":"Feature","properties":{"UFID":"100035901089A00110100000004422220"},"geometry":{"type":"MultiPolygon","coordinates":[[[[129.2056633,35.7937197],[129.2056781,35.7937993],[129.2056869,35.7937733],[129.2056993,35.7937618],[129.2057272,35.7937537],[129.2058646,35.7937352],[129.2059292,35.7937238],[129.2060616,35.7936889],[129.2060884,35.7936763],[129.2061285,35.7936513],[129.206202,35.7935976],[129.206228,35.7935837],[129.2063539,35.7935419],[129.2067651,35.7934288],[129.207345,35.7932934],[129.2073728,35.7932891],[129.2074405,35.7932788],[129.2076715,35.7932448],[129.2076636,35.7932093],[129.2074325,35.7932433],[129.2073645,35.7932537],[129.2073348,35.7932583],[129.2067519,35.7933944],[129.2063384,35.7935081],[129.2062073,35.7935516],[129.2061749,35.793569],[129.2061002,35.7936235],[129.2060639,35.7936462],[129.2060436,35.7936557],[129.2059176,35.793689],[129.2058563,35.7936998],[129.205716,35.7937186],[129.2057002,35.7937232],[129.20569,35.7937235],[129.2056726,35.793724],[129.2056633,35.7937197]]]]}},{"type":"Feature","properties":{"UFID":"100035901089A00110100000004422221"},"geometry":{"type":"MultiPolygon","coordinates":[[[[129.2058068,35.791714],[129.2057533,35.7916901],[129.2057313,35.7917125],[129.2057544,35.791719],[129.2057601,35.7917223],[129.2057772,35.7917323],[129.2058068,35.791714]]]]}},{"type":"Feature","properties":{"UFID":"100035901089A00110100000004422222"},"geometry":{"type":"MultiPolygon","coordinates":[[[[129.2068068,35.7912528],[129.2067099,35.7912117],[129.2067104,35.7912212],[129.2067111,35.7912306],[129.2067076,35.7912444],[129.206688,35.7912673],[129.2066849,35.7912693],[129.2066252,35.7912969],[129.20647,35.7913477],[129.2063551,35.7914031],[129.2062726,35.7914479],[129.2061141,35.7914672],[129.2060912,35.7914765],[129.2057926,35.7916792],[129.2057866,35.791683],[129.205781,35.7916873],[129.20577,35.791689],[129.2057647,35.7916898],[129.2057533,35.7916901],[129.2058068,35.791714],[129.2058085,35.7917089],[129.2058124,35.7917009],[129.2058136,35.7917001],[129.2061095,35.7914993],[129.2061242,35.7914933],[129.2062849,35.7914737],[129.2063727,35.791426],[129.2064847,35.791372],[129.2066397,35.7913213],[129.2067033,35.7912919],[129.206783,35.7912597],[129.2068068,35.7912528]]]]}},{"type":"Feature","properties":{"UFID":"100035901089A00110100000004422223"},"geometry":{"type":"MultiPolygon","coordinates":[[[[129.2058068,35.791714],[129.2057772,35.7917323],[129.2057916,35.7917505],[129.2057925,35.7917515],[129.2058254,35.7917932],[129.2059151,35.7919605],[129.2059203,35.7919712],[129.2059262,35.791983],[129.2059328,35.7919963],[129.2059338,35.7919982],[129.2059715,35.7920753],[129.206007,35.7921458],[129.206007,35.7921596],[129.2060623,35.7921614],[129.2060437,35.7921475],[129.2060386,35.7921373],[129.2060023,35.7920652],[129.2059646,35.7919881],[129.2059635,35.7919861],[129.205957,35.7919727],[129.2059518,35.7919624],[129.2059457,35.79195],[129.2058548,35.7917804],[129.2058202,35.7917367],[129.2058194,35.7917356],[129.20581,35.7917239],[129.2058068,35.791714]]]]}},{"type":"Feature","properties":{"UFID":"100035901089A00110100000004422224"},"geometry":{"type":"MultiPolygon","coordinates":[[[[129.2060905,35.7921901],[129.2060623,35.7921614],[129.206007,35.7921596],[129.2060373,35.7922208],[129.2060905,35.7921901]]]]}},{"type":"Feature","properties":{"UFID":"100035901089A00110100000004422225"},"geometry":{"type":"MultiPolygon","coordinates":[[[[129.2070484,35.7919503],[129.2070269,35.7919257],[129.2066137,35.7920453],[129.2063674,35.7921025],[129.2062903,35.7921114],[129.2061812,35.7921243],[129.2061543,35.7921297],[129.206143,35.7921329],[129.2061037,35.7921516],[129.2060881,35.792156],[129.2060701,35.7921606],[129.2060623,35.7921614],[129.2060905,35.7921901],[129.206103,35.7921839],[129.2061213,35.7921745],[129.2061569,35.7921576],[129.2061638,35.7921557],[129.2061876,35.7921508],[129.206295,35.7921382],[129.2063743,35.792129],[129.2066239,35.792071],[129.2070377,35.7919513],[129.2070484,35.7919503]]]]}},{"type":"Feature","properties":{"UFID":"100035901089A00110100000004422226"},"geometry":{"type":"MultiPolygon","coordinates":[[[[129.2068305,35.7912151],[129.2067843,35.7912023],[129.2067761,35.7911988],[129.2067301,35.7911796],[129.2067099,35.7912117],[129.2068068,35.7912528],[129.2068305,35.7912151]]]]}},{"type":"Feature","properties":{"UFID":"100035901089A00110100000004422227"},"geometry":{"type":"MultiPolygon","coordinates":[[[[129.2068305,35.7912151],[129.2068068,35.7912528],[129.2068349,35.7912551],[129.2068439,35.7912581],[129.2068732,35.791268],[129.206896,35.7912791],[129.2069159,35.7912954],[129.206992,35.7913305],[129.2070138,35.7912992],[129.2069409,35.7912655],[129.2069229,35.7912537],[129.2068956,35.7912365],[129.2068607,35.7912247],[129.2068397,35.7912177],[129.2068305,35.7912151]]]]}},{"type":"Feature","properties":{"UFID":"100035901089A00110100000004422228"},"geometry":{"type":"MultiPolygon","coordinates":[[[[129.2070847,35.791916],[129.2070641,35.7918891],[129.2070408,35.7919157],[129.2070269,35.7919257],[129.2070484,35.7919503],[129.2070847,35.791916]]]]}},{"type":"Feature","properties":{"UFID":"100035901089A00110100000004422229"},"geometry":{"type":"MultiPolygon","coordinates":[[[[129.2070847,35.791916],[129.2070484,35.7919503],[129.2071282,35.7920808],[129.2072358,35.7923018],[129.2072386,35.7923098],[129.2072378,35.7923188],[129.2071988,35.7923424],[129.2072926,35.7923565],[129.20728,35.7923299],[129.2072673,35.7922932],[129.2071584,35.7920698],[129.2070965,35.7919686],[129.2070847,35.791916]]]]}},{"type":"Feature","properties":{"UFID":"100035901089A00110100000004422230"},"geometry":{"type":"MultiPolygon","coordinates":[[[[129.2070641,35.7918891],[129.2070847,35.791916],[129.2070864,35.791909],[129.2071005,35.7918988],[129.207103,35.791898],[129.2071385,35.7918865],[129.2074407,35.7917882],[129.2074682,35.7917753],[129.2076565,35.7916338],[129.2077206,35.7915882],[129.2078975,35.7914826],[129.2081393,35.7913002],[129.2082082,35.791254],[129.2082395,35.7912359],[129.2084139,35.7911708],[129.2085042,35.7911284],[129.2085618,35.7911133],[129.2087437,35.7910982],[129.2087783,35.7910895],[129.2090058,35.7910277],[129.2090336,35.7910174],[129.2090585,35.7910054],[129.209076,35.7909959],[129.2091505,35.7909333],[129.2092324,35.7908645],[129.2092986,35.7908144],[129.2093032,35.7908126],[129.2093123,35.7908107],[129.2093701,35.790799],[129.209441,35.790794],[129.2094382,35.7907671],[129.2093646,35.7907722],[129.2093041,35.7907845],[129.2092916,35.7907871],[129.2092796,35.790792],[129.2092092,35.7908451],[129.2091267,35.7909145],[129.2090547,35.790975],[129.2090409,35.7909824],[129.2090182,35.7909934],[129.2089936,35.7910025],[129.2087681,35.7910638],[129.2087371,35.7910716],[129.2085549,35.7910867],[129.2084907,35.7911036],[129.2083987,35.7911467],[129.2082229,35.7912124],[129.208188,35.7912325],[129.2081175,35.7912798],[129.2078764,35.7914617],[129.2076999,35.7915671],[129.2076344,35.7916136],[129.2074484,35.7917534],[129.2074262,35.7917638],[129.2070827,35.7918755],[129.2070666,35.7918873],[129.2070641,35.7918891]]]]}},{"type":"Feature","properties":{"UFID":"100035901089A00110100000004422231"},"geometry":{"type":"MultiPolygon","coordinates":[[[[129.2072926,35.7923565],[129.2071988,35.7923424],[129.2071945,35.7923693],[129.207216,35.7923703],[129.2072775,35.7923836],[129.2072926,35.7923565]]]]}},{"type":"Feature","properties":{"UFID":"100035901089A00110100000004422232"},"geometry":{"type":"MultiPolygon","coordinates":[[[[129.2075715,35.7923475],[129.2075472,35.7923097],[129.2075109,35.7923319],[129.2075243,35.7923593],[129.2075715,35.7923475]]]]}},{"type":"Feature","properties":{"UFID":"100035901089A00110100000004422233"},"geometry":{"type":"MultiPolygon","coordinates":[[[[129.2075715,35.7923475],[129.2075243,35.7923593],[129.2075299,35.79236],[129.2075444,35.7923674],[129.2076179,35.7925031],[129.2076995,35.7926703],[129.2077064,35.7927044],[129.2077072,35.7927079],[129.2077396,35.7927905],[129.2077712,35.7927823],[129.2077395,35.7927014],[129.2077392,35.7926998],[129.2077317,35.792663],[129.2076485,35.7924926],[129.2075783,35.7923631],[129.2075723,35.7923538],[129.2075715,35.7923475]]]]}},{"type":"Feature","properties":{"UFID":"100035901089A00110100000004422234"},"geometry":{"type":"MultiPolygon","coordinates":[[[[129.2075243,35.7923593],[129.2075109,35.7923319],[129.2074363,35.7923488],[129.2073814,35.7923553],[129.2073134,35.7923565],[129.2072926,35.7923565],[129.2072775,35.7923836],[129.2073138,35.7923835],[129.2073841,35.7923823],[129.2074431,35.7923753],[129.207511,35.7923599],[129.2075243,35.7923593]]]]}},{"type":"Feature","properties":{"UFID":"100035901089A00110100000004422235"},"geometry":{"type":"MultiPolygon","coordinates":[[[[129.2046805,35.7889914],[129.2046384,35.7889983],[129.2046838,35.7890673],[129.2047228,35.7890862],[129.2046805,35.7889914]]]]}},{"type":"Feature","properties":{"UFID":"100035901089A00110100000004422236"},"geometry":{"type":"MultiPolygon","coordinates":[[[[129.2046384,35.7889983],[129.2046248,35.7889969],[129.2046183,35.7889943],[129.2046137,35.7889911],[129.2046105,35.7889845],[129.2046054,35.7889656],[129.2046046,35.7889344],[129.2046073,35.7888946],[129.204603,35.7888655],[129.2045951,35.7888358],[129.2045648,35.7887815],[129.2045389,35.7887392],[129.2045375,35.7887303],[129.204538,35.7887221],[129.2045411,35.7886767],[129.2045387,35.7886419],[129.2044976,35.7886894],[129.204501,35.7887267],[129.2045049,35.788758],[129.2045105,35.7887756],[129.2045215,35.7887963],[129.2045516,35.7888365],[129.204557,35.7888536],[129.2045579,35.7888768],[129.2045583,35.7889052],[129.2045562,35.7889206],[129.2045524,35.7889266],[129.2045398,35.7889317],[129.2045172,35.7889382],[129.2045144,35.7889427],[129.2045146,35.7889482],[129.2045206,35.7889713],[129.204528,35.7889765],[129.2045687,35.7889981],[129.2045717,35.7890004],[129.2045975,35.7890286],[129.2046567,35.7890541],[129.2046838,35.7890673],[129.2046384,35.7889983]]]]}},{"type":"Feature","properties":{"UFID":"100035901089A00110100000004422237"},"geometry":{"type":"MultiPolygon","coordinates":[[[[129.2047573,35.7890837],[129.204709,35.7889867],[129.2046805,35.7889914],[129.2047228,35.7890862],[129.2047392,35.7890836],[129.2047573,35.7890837]]]]}},{"type":"Feature","properties":{"UFID":"100035901089A00110100000004422238"},"geometry":{"type":"MultiPolygon","coordinates":[[[[129.2082143,35.7926504],[129.2081955,35.7925964],[129.2081832,35.7926041],[129.208031,35.7926363],[129.2080388,35.7926624],[129.2081929,35.7926543],[129.2082143,35.7926504]]]]}},{"type":"Feature","properties":{"UFID":"100035901089A00110100000004422239"},"geometry":{"type":"MultiPolygon","coordinates":[[[[129.2009598,35.7786233],[129.2009712,35.7786797],[129.201004,35.7786748],[129.2010061,35.7786846],[129.2010131,35.7786833],[129.2010162,35.7786977],[129.2010755,35.7786906],[129.2010811,35.7786421],[129.201072,35.7786413],[129.2010756,35.778622],[129.2010803,35.7786127],[129.2013464,35.7786627],[129.201493,35.778685],[129.2015719,35.7786947],[129.2016245,35.7786951],[129.2016986,35.7786891],[129.2017801,35.7786805],[129.2018611,35.7786726],[129.2018949,35.7786745],[129.2019197,35.7786801],[129.2022346,35.77875],[129.202499,35.7788117],[129.2024996,35.7788144],[129.2025195,35.7788587],[129.2025318,35.7789023],[129.2025586,35.7789038],[129.2025804,35.7788615],[129.2026333,35.7788426],[129.2025908,35.7788383],[129.2025605,35.7788306],[129.2025631,35.7788218],[129.2025328,35.7788],[129.2025312,35.7787921],[129.2024134,35.7787707],[129.2023556,35.778759],[129.2022208,35.7787242],[129.2020293,35.7786827],[129.2019115,35.7786567],[129.2018729,35.7786509],[129.2018403,35.7786512],[129.2017781,35.7786558],[129.2016777,35.7786664],[129.2015876,35.7786718],[129.2015511,35.7786704],[129.2015305,35.7786689],[129.2013122,35.7786321],[129.2010143,35.7785832],[129.2010095,35.7786097],[129.2009972,35.7786181],[129.2009598,35.7786233]]]]}},{"type":"Feature","properties":{"UFID":"100035901089A00110100000004422240"},"geometry":{"type":"MultiPolygon","coordinates":[[[[129.2060967,35.778816],[129.2061,35.778841],[129.2061064,35.7788419],[129.2061696,35.7788526],[129.2062323,35.7788765],[129.2062504,35.7788913],[129.2062611,35.7789],[129.2062924,35.7789298],[129.2063474,35.7790217],[129.2064072,35.7791372],[129.2064956,35.7792604],[129.2066173,35.7794106],[129.2066571,35.7794444],[129.2067042,35.7794801],[129.2067607,35.7795044],[129.2068352,35.7795341],[129.2069092,35.7795591],[129.2069833,35.779582],[129.2070543,35.7796085],[129.2071435,35.7796591],[129.2072815,35.7797284],[129.2073396,35.7797724],[129.2073456,35.7797896],[129.2073424,35.7798053],[129.2073365,35.7798138],[129.2073193,35.7798299],[129.2072534,35.779891],[129.2072191,35.7799341],[129.2072044,35.7799577],[129.2071975,35.7799776],[129.2072089,35.7799947],[129.2073752,35.7801268],[129.2075031,35.7802416],[129.2075835,35.7802805],[129.207699,35.7803517],[129.207719,35.7803302],[129.2076021,35.780258],[129.2075243,35.7802205],[129.2073991,35.780108],[129.2072357,35.7799782],[129.2072331,35.7799743],[129.2072355,35.7799676],[129.2072479,35.7799476],[129.2072799,35.7799074],[129.2073442,35.7798477],[129.2073637,35.7798295],[129.2073741,35.7798145],[129.2073796,35.779788],[129.2073689,35.7797578],[129.2073017,35.7797068],[129.2071617,35.7796364],[129.2070708,35.7795849],[129.2069961,35.779557],[129.2069215,35.7795339],[129.2068489,35.7795094],[129.2067757,35.7794803],[129.2067235,35.7794578],[129.2066804,35.7794252],[129.2066433,35.7793937],[129.2065238,35.7792461],[129.206437,35.7791251],[129.2063776,35.7790105],[129.2063204,35.7789148],[129.2062855,35.7788817],[129.2062739,35.7788722],[129.2062517,35.7788541],[129.2061802,35.7788267],[129.2061125,35.7788153],[129.2060967,35.778816]]]]}},{"type":"Feature","properties":{"UFID":"100035901089A00110100000004422241"},"geometry":{"type":"MultiPolygon","coordinates":[[[[129.2052181,35.7788657],[129.2051224,35.7788694],[129.2051224,35.7788699],[129.2051219,35.778873],[129.205113,35.7788849],[129.205102,35.7788939],[129.2050878,35.778898],[129.2050598,35.7789031],[129.2050529,35.7789033],[129.205044,35.7788985],[129.2050217,35.7789401],[129.205049,35.7789417],[129.2050887,35.7789296],[129.2051269,35.7789259],[129.2052208,35.7789199],[129.2052181,35.7788657]]]]}},{"type":"Feature","properties":{"UFID":"100035901089A00110100000004422242"},"geometry":{"type":"MultiPolygon","coordinates":[[[[129.2052181,35.7788657],[129.2051739,35.7787977],[129.2050689,35.7788043],[129.2051224,35.7788694],[129.2052181,35.7788657]]]]}},{"type":"Feature","properties":{"UFID":"100035901089A00110100000004422243"},"geometry":{"type":"MultiPolygon","coordinates":[[[[129.2051224,35.7788694],[129.2050689,35.7788043],[129.2050642,35.7788064],[129.2050599,35.7788051],[129.2050551,35.7788001],[129.2050285,35.7788002],[129.2050135,35.7787966],[129.205044,35.7788985],[129.205043,35.7788909],[129.2050518,35.7788806],[129.2050616,35.7788713],[129.2050666,35.77887],[129.205094,35.7788703],[129.2051224,35.7788694]]]]}},{"type":"Feature","properties":{"UFID":"100035901089A00110100000004422244"},"geometry":{"type":"MultiPolygon","coordinates":[[[[129.2050217,35.7789401],[129.205044,35.7788985],[129.2050135,35.7787966],[129.2048757,35.7787955],[129.2048868,35.7788223],[129.2048901,35.7788962],[129.2048901,35.7789215],[129.2048901,35.7789472],[129.2050217,35.7789401]]]]}},{"type":"Feature","properties":{"UFID":"100035901089A00110100000004422245"},"geometry":{"type":"MultiPolygon","coordinates":[[[[129.2050132,35.7787714],[129.2048673,35.7787753],[129.2048757,35.7787955],[129.2050135,35.7787966],[129.2050132,35.7787714]]]]}},{"type":"Feature","properties":{"UFID":"100035901089A00110100000004422246"},"geometry":{"type":"MultiPolygon","coordinates":[[[[129.2051739,35.7787977],[129.205173,35.778796],[129.2051572,35.7786913],[129.2051336,35.7785349],[129.2051262,35.77844],[129.2051266,35.7784242],[129.2050604,35.7784236],[129.2050695,35.7784391],[129.2050739,35.7784548],[129.20508,35.7785406],[129.2050904,35.7786657],[129.2050873,35.7787674],[129.2050818,35.7787837],[129.2050689,35.7788043],[129.2051739,35.7787977]]]]}},{"type":"Feature","properties":{"UFID":"100035901089A00110100000004422247"},"geometry":{"type":"MultiPolygon","coordinates":[[[[129.2050126,35.7787248],[129.2050095,35.7785024],[129.2050088,35.7784143],[129.2048815,35.7784134],[129.204885,35.7786427],[129.2048778,35.7787306],[129.2050126,35.7787248]]]]}},{"type":"Feature","properties":{"UFID":"100035901089A00110100000004422248"},"geometry":{"type":"MultiPolygon","coordinates":[[[[129.2058105,35.7788916],[129.2058055,35.7788389],[129.2057615,35.7788443],[129.2057302,35.7788438],[129.2056922,35.778841],[129.2056762,35.7788381],[129.2056717,35.778835],[129.2055237,35.778741],[129.2055203,35.7787413],[129.2054271,35.7787669],[129.2054205,35.7787666],[129.2053579,35.7787591],[129.2053542,35.77876],[129.2053215,35.7787707],[129.2052534,35.7787883],[129.2051814,35.7787987],[129.2051739,35.7787977],[129.2052181,35.7788657],[129.2052191,35.7788638],[129.2053667,35.7788208],[129.2053724,35.7788217],[129.2054213,35.7788333],[129.2055171,35.7788341],[129.2055204,35.7788349],[129.2056518,35.778897],[129.2056581,35.7788975],[129.2058105,35.7788916]]]]}},{"type":"Feature","properties":{"UFID":"100035901089A00110100000004422249"},"geometry":{"type":"MultiPolygon","coordinates":[[[[129.2061,35.778841],[129.2060967,35.778816],[129.2060337,35.7787766],[129.2060291,35.7787764],[129.2059444,35.7788218],[129.2059009,35.7788271],[129.205915,35.7788883],[129.2060996,35.7788515],[129.2061,35.778841]]]]}},{"type":"Feature","properties":{"UFID":"100035901089A00110100000004422250"},"geometry":{"type":"MultiPolygon","coordinates":[[[[129.205915,35.7788883],[129.2059009,35.7788271],[129.2058055,35.7788389],[129.2058105,35.7788916],[129.205915,35.7788883]]]]}},{"type":"Feature","properties":{"UFID":"100035901089A00110100000004422251"},"geometry":{"type":"MultiPolygon","coordinates":[[[[129.205915,35.7788883],[129.2058105,35.7788916],[129.2058129,35.7788922],[129.2058488,35.7789689],[129.205846,35.779214],[129.2058474,35.779234],[129.2058499,35.7792342],[129.2059213,35.7792364],[129.205979,35.7792405],[129.2059815,35.779191],[129.2059157,35.7791874],[129.2059123,35.7791851],[129.2059124,35.7791832],[129.2059116,35.7788915],[129.2059125,35.7788893],[129.205915,35.7788883]]]]}},{"type":"Feature","properties":{"UFID":"100035901089A00110100000004422252"},"geometry":{"type":"MultiPolygon","coordinates":[[[[129.2083229,35.792558],[129.2082831,35.7925435],[129.2082127,35.7924095],[129.2081654,35.7923123],[129.2081065,35.7921944],[129.208104,35.7921745],[129.2081036,35.7921522],[129.2081043,35.7921397],[129.2081043,35.7921389],[129.2080344,35.7922053],[129.2081071,35.7923348],[129.2081708,35.7924633],[129.2082145,35.7925662],[129.2081955,35.7925964],[129.2083229,35.792558]]]]}},{"type":"Feature","properties":{"UFID":"100035901089A00110100000004422253"},"geometry":{"type":"MultiPolygon","coordinates":[[[[129.2083377,35.792613],[129.2083229,35.792558],[129.2081955,35.7925964],[129.2082143,35.7926504],[129.2083377,35.792613]]]]}},{"type":"Feature","properties":{"UFID":"100035901089A00110100000004422254"},"geometry":{"type":"MultiPolygon","coordinates":[[[[129.2009712,35.7786797],[129.2009598,35.7786233],[129.200911,35.7786312],[129.2009214,35.7786825],[129.2009712,35.7786797]]]]}},{"type":"Feature","properties":{"UFID":"100035901089A00110100000004422255"},"geometry":{"type":"MultiPolygon","coordinates":[[[[129.2018196,35.7827391],[129.2018169,35.7827252],[129.2017435,35.7824419],[129.201664,35.7821129],[129.2015981,35.7817915],[129.201301,35.7803124],[129.2010573,35.7791045],[129.2009712,35.7786797],[129.2009214,35.7786825],[129.2010082,35.7791111],[129.2012519,35.780319],[129.201549,35.781798],[129.2016151,35.7821201],[129.2016947,35.78245],[129.2017656,35.7827232],[129.2017583,35.782751],[129.2018196,35.7827391]]]]}},{"type":"Feature","properties":{"UFID":"100035901089A00110100000004422262"},"geometry":{"type":"MultiPolygon","coordinates":[[[[129.2035998,35.7868751],[129.2035914,35.7868441],[129.2035428,35.7868577],[129.2028418,35.7870439],[129.2028188,35.7870499],[129.2027998,35.7870507],[129.2027755,35.7870471],[129.2027584,35.7870417],[129.2027453,35.7870352],[129.2027329,35.7870244],[129.2027243,35.7870146],[129.2027141,35.7869962],[129.2026464,35.7867153],[129.2026229,35.7866134],[129.2026216,35.7865989],[129.2026215,35.7865869],[129.2026251,35.7865712],[129.2026296,35.7865579],[129.2026325,35.7865509],[129.2026488,35.786518],[129.2026826,35.7864243],[129.2027149,35.7863033],[129.2027364,35.7862072],[129.2027407,35.786187],[129.2027402,35.7861268],[129.2027397,35.7861049],[129.202742,35.7860781],[129.2027544,35.786037],[129.202782,35.7860026],[129.2028039,35.7859868],[129.2028711,35.7859199],[129.2028895,35.7858905],[129.202896,35.7858594],[129.2028966,35.7858248],[129.2028922,35.7857874],[129.2028823,35.7857458],[129.2028781,35.785728],[129.2028739,35.7856847],[129.2028726,35.785674],[129.2028725,35.7856575],[129.2028771,35.7855706],[129.2028813,35.7854719],[129.2028702,35.7853472],[129.2028373,35.7850717],[129.2028015,35.7847926],[129.202782,35.7847127],[129.2027631,35.784658],[129.2027579,35.7846317],[129.2027596,35.7845484],[129.202772,35.784482],[129.2027653,35.7844564],[129.2027063,35.7845465],[129.2027087,35.7845557],[129.2027206,35.7846414],[129.2027253,35.7846649],[129.2027443,35.7847201],[129.2027632,35.7847973],[129.2027988,35.7850748],[129.2028316,35.7853499],[129.2028425,35.7854725],[129.2028384,35.7855694],[129.2028338,35.7856569],[129.2028339,35.7856757],[129.2028353,35.7856874],[129.2028397,35.7857323],[129.2028443,35.7857518],[129.2028539,35.785792],[129.2028579,35.7858261],[129.2028573,35.7858565],[129.2028523,35.7858804],[129.2028385,35.7859026],[129.2027759,35.7859649],[129.2027524,35.7859818],[129.2027184,35.7860242],[129.2027036,35.7860732],[129.202701,35.7861042],[129.2027015,35.7861272],[129.2027019,35.7861844],[129.2026983,35.7862017],[129.2026769,35.7862971],[129.202645,35.7864165],[129.2026122,35.7865076],[129.2025967,35.7865452],[129.2025916,35.7865645],[129.2025902,35.7865853],[129.2025919,35.7866116],[129.2026271,35.7867787],[129.2026718,35.7869782],[129.2026836,35.7870148],[129.2026933,35.787032],[129.2027019,35.7870448],[129.2027163,35.7870558],[129.2027425,35.7870692],[129.202755,35.7870748],[129.2027729,35.7870787],[129.202789,35.7870815],[129.2028077,35.7870832],[129.2028302,35.7870828],[129.2028613,35.7870782],[129.2029156,35.7870643],[129.2031235,35.7870066],[129.2034127,35.7869265],[129.2035551,35.7868876],[129.2035998,35.7868751]]]]}},{"type":"Feature","properties":{"UFID":"100035901089A00110100000004422263"},"geometry":{"type":"MultiPolygon","coordinates":[[[[129.2027139,35.7844287],[129.2027316,35.784392],[129.2027337,35.7843866],[129.2028437,35.7842259],[129.2028825,35.7841461],[129.2028943,35.7841039],[129.2028977,35.784076],[129.2028991,35.7840076],[129.2028929,35.7839734],[129.202871,35.7839171],[129.2027828,35.783751],[129.202604,35.7834521],[129.2025219,35.7833214],[129.2024853,35.7833324],[129.2025693,35.7834662],[129.2027476,35.7837642],[129.2028348,35.7839282],[129.2028551,35.7839805],[129.2028604,35.7840096],[129.202859,35.7840741],[129.202856,35.7840988],[129.2028454,35.7841368],[129.2028087,35.7842125],[129.2026981,35.784374],[129.2026801,35.7844118],[129.2026639,35.784487],[129.2027139,35.7844287]]]]}},{"type":"Feature","properties":{"UFID":"100035901089A00110100000004422265"},"geometry":{"type":"MultiPolygon","coordinates":[[[[129.2020425,35.7874377],[129.2020143,35.7873684],[129.2019813,35.7873824],[129.2001437,35.7879329],[129.2001227,35.7879356],[129.2001492,35.7880085],[129.2001742,35.7880006],[129.2020119,35.78745],[129.2020425,35.7874377]]]]}},{"type":"Feature","properties":{"UFID":"100035901089A00110100000004422269"},"geometry":{"type":"MultiPolygon","coordinates":[[[[129.2027653,35.7844564],[129.2027139,35.7844287],[129.2026639,35.784487],[129.2027063,35.7845465],[129.2027653,35.7844564]]]]}},{"type":"Feature","properties":{"UFID":"100035901089A00110100000004422365"},"geometry":{"type":"MultiPolygon","coordinates":[[[[129.2034134,35.788987],[129.2033587,35.7889801],[129.2033453,35.7890507],[129.203324,35.789109],[129.2032988,35.78919],[129.2032913,35.789213],[129.2032878,35.7892215],[129.2032831,35.7892271],[129.2032729,35.7892295],[129.2032652,35.7892302],[129.2032499,35.789231],[129.2032299,35.7892301],[129.2032199,35.789228],[129.2032154,35.7892266],[129.2032932,35.7892935],[129.2033341,35.7892402],[129.2033628,35.789192],[129.2033761,35.789155],[129.2033998,35.7890587],[129.2034134,35.788987]]]]}},{"type":"Feature","properties":{"UFID":"100035901089A00110100000004422366"},"geometry":{"type":"MultiPolygon","coordinates":[[[[129.2047228,35.7890862],[129.2046838,35.7890673],[129.2046731,35.7890838],[129.2046654,35.7891046],[129.2046558,35.7891075],[129.2045966,35.7891473],[129.2045268,35.7891749],[129.2043883,35.789232],[129.2043833,35.789234],[129.2043766,35.789234],[129.2043455,35.7892327],[129.2042829,35.7892298],[129.2042579,35.7892263],[129.2042488,35.7892247],[129.2042437,35.789222],[129.2042386,35.7892158],[129.2042304,35.7892009],[129.2042049,35.789137],[129.2041715,35.7890338],[129.2041511,35.789037],[129.2041686,35.7890722],[129.2041923,35.7891363],[129.2042033,35.7891799],[129.204218,35.7892199],[129.2042218,35.7892303],[129.2042256,35.789236],[129.2042291,35.7892392],[129.2042353,35.7892446],[129.2042384,35.7892474],[129.2042428,35.7892491],[129.204249,35.7892499],[129.2042634,35.7892513],[129.2043106,35.7892495],[129.2043669,35.7892514],[129.2043836,35.7892512],[129.2043889,35.7892507],[129.2044075,35.7892462],[129.2045072,35.7892036],[129.2046076,35.7891687],[129.2046793,35.7891239],[129.2047021,35.7890969],[129.2047228,35.7890862]]]]}},{"type":"Feature","properties":{"UFID":"100035901089A00110100000004422375"},"geometry":{"type":"MultiPolygon","coordinates":[[[[129.2039642,35.7868027],[129.2039527,35.7867723],[129.2037527,35.786799],[129.2036924,35.7868159],[129.203702,35.7868466],[129.2037622,35.7868298],[129.2039642,35.7868027]]]]}},{"type":"Feature","properties":{"UFID":"100035901089A00110100000004422376"},"geometry":{"type":"MultiPolygon","coordinates":[[[[129.2040285,35.7867889],[129.2040173,35.7867588],[129.2039527,35.7867723],[129.2039642,35.7868027],[129.2039955,35.7867985],[129.2040285,35.7867889]]]]}},{"type":"Feature","properties":{"UFID":"100035901089A00110100000004422377"},"geometry":{"type":"MultiPolygon","coordinates":[[[[129.204501,35.7866041],[129.2045355,35.7865537],[129.2044973,35.7865692],[129.2044897,35.7865729],[129.2043667,35.7866321],[129.2041459,35.7867216],[129.2040173,35.7867588],[129.2040285,35.7867889],[129.204161,35.7867507],[129.2043852,35.7866598],[129.204501,35.7866041]]]]}},{"type":"Feature","properties":{"UFID":"100035901089A00110100000004422378"},"geometry":{"type":"MultiPolygon","coordinates":[[[[129.2047423,35.7828872],[129.2045811,35.7828847],[129.2046049,35.7829323],[129.2046321,35.7830433],[129.2046442,35.7831086],[129.204676,35.7832043],[129.2047412,35.7833894],[129.2048457,35.7836584],[129.2049419,35.7838936],[129.2050252,35.7841051],[129.2050564,35.7841921],[129.2050897,35.7842944],[129.2051175,35.7844336],[129.2051238,35.7845097],[129.2051272,35.7845802],[129.2051126,35.7846193],[129.2050989,35.7846562],[129.2050753,35.78478],[129.2050419,35.7849477],[129.205005,35.7851261],[129.204966,35.785308],[129.2049207,35.7855247],[129.2048838,35.7857104],[129.2048499,35.7858922],[129.2048422,35.7859372],[129.2050768,35.7859574],[129.2050828,35.7859204],[129.2051068,35.7857724],[129.2051396,35.785542],[129.2051618,35.7854147],[129.2051817,35.7853239],[129.2051901,35.7852524],[129.205209,35.7851374],[129.2052335,35.7849971],[129.2052431,35.784936],[129.2052523,35.7848492],[129.2052618,35.7847342],[129.2052715,35.7847087],[129.2052866,35.7846596],[129.2052956,35.7846012],[129.2052981,35.7845461],[129.205283,35.7844362],[129.2052153,35.7842057],[129.205192,35.7841095],[129.2051625,35.7840042],[129.2051016,35.7838407],[129.2050476,35.783681],[129.2049705,35.7835903],[129.2049309,35.7834991],[129.2048604,35.7833232],[129.2048078,35.7831769],[129.2047757,35.78308],[129.2047576,35.7830201],[129.2047474,35.7829585],[129.2047423,35.7828872]]]]}},{"type":"Feature","properties":{"UFID":"100035901089A00110100000004422379"},"geometry":{"type":"MultiPolygon","coordinates":[[[[129.2050768,35.7859574],[129.2048422,35.7859372],[129.2048264,35.7860301],[129.2050608,35.7860565],[129.2050768,35.7859574]]]]}},{"type":"Feature","properties":{"UFID":"100035901089A00110100000004422380"},"geometry":{"type":"MultiPolygon","coordinates":[[[[129.2050224,35.7862937],[129.2050383,35.7861911],[129.2050608,35.7860565],[129.2048264,35.7860301],[129.2048191,35.7860731],[129.2047919,35.7862143],[129.2047448,35.7863315],[129.2047436,35.7863647],[129.2047453,35.7864034],[129.204742,35.7864277],[129.2047119,35.7864701],[129.2046655,35.7865224],[129.2046515,35.7865392],[129.2046458,35.7865448],[129.2049612,35.7866554],[129.2049761,35.7865778],[129.2050157,35.7863398],[129.2050224,35.7862937]]]]}},{"type":"Feature","properties":{"UFID":"100035901089A00110100000004422381"},"geometry":{"type":"MultiPolygon","coordinates":[[[[129.2047877,35.781912],[129.204778,35.7819853],[129.2047828,35.7819809],[129.204826,35.781979],[129.2048588,35.7819814],[129.204906,35.7820263],[129.2049633,35.7820798],[129.204994,35.7821233],[129.2051311,35.7819974],[129.2050859,35.7820042],[129.2050675,35.7820085],[129.2050479,35.7820123],[129.2050251,35.7820135],[129.2049709,35.7820017],[129.2049567,35.7819988],[129.2049413,35.7819909],[129.2048702,35.7819554],[129.2047885,35.7819151],[129.2047877,35.781912]]]]}},{"type":"Feature","properties":{"UFID":"100035901089A00110100000004422391"},"geometry":{"type":"MultiPolygon","coordinates":[[[[129.2048503,35.7800119],[129.2048548,35.7799564],[129.2048478,35.7799624],[129.2048367,35.7799668],[129.2047295,35.7799857],[129.2046656,35.7799956],[129.2044974,35.7800118],[129.204346,35.7800303],[129.204245,35.7800475],[129.2041904,35.7800588],[129.2041046,35.7800806],[129.2040304,35.7801052],[129.2039693,35.7801296],[129.2039135,35.7801562],[129.2037727,35.7802411],[129.2036488,35.7803209],[129.2034883,35.780425],[129.2034401,35.7804619],[129.2033512,35.7805226],[129.203291,35.7805711],[129.2032236,35.7806256],[129.2032487,35.7806435],[129.2032709,35.7806222],[129.2033278,35.7805741],[129.2033643,35.7805485],[129.2035006,35.7804537],[129.2036694,35.7803421],[129.2037929,35.7802626],[129.2039318,35.7801788],[129.203985,35.7801534],[129.204044,35.7801299],[129.2041158,35.780106],[129.2041994,35.7800848],[129.2042525,35.7800739],[129.2043518,35.7800569],[129.2045018,35.7800386],[129.2046684,35.7800226],[129.2047964,35.7800116],[129.2048403,35.7800112],[129.2048503,35.7800119]]]]}},{"type":"Feature","properties":{"UFID":"100035901089A00110100000004422392"},"geometry":{"type":"MultiPolygon","coordinates":[[[[129.2032487,35.7806435],[129.2032236,35.7806256],[129.2031742,35.7806755],[129.2032,35.7806904],[129.2032487,35.7806435]]]]}},{"type":"Feature","properties":{"UFID":"100035901089A00110100000004422393"},"geometry":{"type":"MultiPolygon","coordinates":[[[[129.2032236,35.7806256],[129.2032016,35.7806351],[129.2031711,35.780639],[129.2031068,35.7806385],[129.2030435,35.7806344],[129.2030205,35.7806548],[129.2031208,35.7806606],[129.2031605,35.7806652],[129.2031709,35.7806676],[129.2031745,35.7806706],[129.203175,35.7806728],[129.2031742,35.7806755],[129.2032236,35.7806256]]]]}},{"type":"Feature","properties":{"UFID":"100035901089A00110100000004422394"},"geometry":{"type":"MultiPolygon","coordinates":[[[[129.2032,35.7806904],[129.2031742,35.7806755],[129.203158,35.7806947],[129.2030846,35.7807698],[129.2031143,35.7807951],[129.2031344,35.7807626],[129.2032,35.7806904]]]]}},{"type":"Feature","properties":{"UFID":"100035901089A00110100000004422395"},"geometry":{"type":"MultiPolygon","coordinates":[[[[129.2031143,35.7807951],[129.2030846,35.7807698],[129.2030704,35.7807843],[129.2030394,35.7808155],[129.2030696,35.7808409],[129.2031143,35.7807951]]]]}},{"type":"Feature","properties":{"UFID":"100035901089A00110100000004422396"},"geometry":{"type":"MultiPolygon","coordinates":[[[[129.2030979,35.7809888],[129.2030635,35.7809847],[129.2030548,35.780991],[129.2030454,35.7809939],[129.2030324,35.7809949],[129.2030179,35.780993],[129.202999,35.7809868],[129.2029839,35.7809744],[129.2029697,35.7809576],[129.2029652,35.7809445],[129.2029651,35.7809295],[129.202971,35.780917],[129.2029823,35.7809033],[129.2030638,35.7808431],[129.2030696,35.7808409],[129.2030394,35.7808155],[129.2029969,35.780858],[129.2029496,35.7809021],[129.2029346,35.7809217],[129.2029305,35.7809348],[129.2029294,35.7809479],[129.2029322,35.7809611],[129.2029411,35.7809762],[129.2029507,35.7809883],[129.2029647,35.7809991],[129.2029872,35.7810112],[129.2030116,35.7810189],[129.2030414,35.7810252],[129.203049,35.7810254],[129.2030562,35.7810252],[129.2030846,35.7810137],[129.2030885,35.7810111],[129.2030934,35.7810068],[129.2030979,35.7809888]]]]}},{"type":"Feature","properties":{"UFID":"100035901089A00110100000004422397"},"geometry":{"type":"MultiPolygon","coordinates":[[[[129.2050768,35.7859574],[129.2050608,35.7860565],[129.2050736,35.7860431],[129.2050819,35.7860381],[129.2050914,35.7860362],[129.2051025,35.7860352],[129.2051156,35.7860365],[129.2051471,35.7860424],[129.2053878,35.7860419],[129.2053832,35.7859978],[129.2051051,35.7859772],[129.2050944,35.7859763],[129.2050904,35.7859753],[129.2050869,35.7859728],[129.2050816,35.7859662],[129.2050768,35.7859574]]]]}},{"type":"Feature","properties":{"UFID":"100035901089A00110100000004422401"},"geometry":{"type":"MultiPolygon","coordinates":[[[[129.2031143,35.7807951],[129.2030696,35.7808409],[129.2030731,35.7808409],[129.2030751,35.780842],[129.2030762,35.7808448],[129.2030761,35.7808585],[129.2030736,35.7809247],[129.2030635,35.7809847],[129.2030979,35.7809888],[129.2031018,35.7809603],[129.2031053,35.7809247],[129.2031054,35.7808705],[129.2031063,35.780821],[129.2031143,35.7807951]]]]}},{"type":"Feature","properties":{"UFID":"100035901089A00110100000004422404"},"geometry":{"type":"MultiPolygon","coordinates":[[[[129.2040173,35.7867588],[129.2039996,35.7867455],[129.2039832,35.7867222],[129.2039818,35.7867068],[129.2039835,35.7866827],[129.2039919,35.7866431],[129.2040074,35.7865895],[129.2040231,35.7865336],[129.2040312,35.7864828],[129.204032,35.7864388],[129.2040315,35.7863811],[129.2040309,35.7863278],[129.2040272,35.786284],[129.2039866,35.7862852],[129.2039999,35.7863236],[129.2040036,35.7863656],[129.2040047,35.7863989],[129.2040049,35.7864053],[129.2040058,35.7864327],[129.2039983,35.7865178],[129.2039739,35.7865952],[129.2039721,35.7866033],[129.2039611,35.7866523],[129.2039517,35.7866954],[129.2039494,35.7867285],[129.2039502,35.7867547],[129.2039527,35.7867723],[129.2040173,35.7867588]]]]}},{"type":"Feature","properties":{"UFID":"100035901089A00110100000004422438"},"geometry":{"type":"MultiPolygon","coordinates":[[[[129.2035561,35.7901148],[129.2035248,35.7901241],[129.2037848,35.7904824],[129.2038049,35.790497],[129.203834,35.7905108],[129.2038583,35.7905162],[129.2038794,35.7905169],[129.2039043,35.7905144],[129.20398,35.7904861],[129.2039661,35.7904615],[129.2038952,35.7904881],[129.203878,35.7904898],[129.2038634,35.7904893],[129.2038469,35.7904857],[129.2038245,35.790475],[129.2038108,35.790465],[129.2035561,35.7901148]]]]}},{"type":"Feature","properties":{"UFID":"100035901089A00110100000004422439"},"geometry":{"type":"MultiPolygon","coordinates":[[[[129.2035561,35.7901148],[129.203483,35.7900014],[129.203447,35.7900107],[129.2034628,35.790041],[129.2034815,35.7900672],[129.2034965,35.7900852],[129.2035248,35.7901241],[129.2035561,35.7901148]]]]}},{"type":"Feature","properties":{"UFID":"100035901089A00110100000004422440"},"geometry":{"type":"MultiPolygon","coordinates":[[[[129.203483,35.7900014],[129.2034677,35.7899708],[129.203457,35.7899213],[129.2034316,35.7897814],[129.2034127,35.7896785],[129.2033968,35.789569],[129.203383,35.7895237],[129.2033833,35.7895224],[129.2034006,35.7895188],[129.2033847,35.7894673],[129.2033752,35.789429],[129.2033526,35.789382],[129.2033354,35.78935],[129.203321,35.7893217],[129.2033088,35.7893091],[129.2033002,35.7893002],[129.2032963,35.7892961],[129.2032932,35.7892935],[129.2032661,35.7893255],[129.2032712,35.7893295],[129.2032864,35.7893502],[129.2033023,35.789381],[129.2033118,35.7893981],[129.2033595,35.7895982],[129.203417,35.7898992],[129.2034237,35.7899383],[129.2034332,35.7899792],[129.2034336,35.7899801],[129.2034446,35.7900051],[129.2034469,35.7900105],[129.203447,35.7900107],[129.203483,35.7900014]]]]}},{"type":"Feature","properties":{"UFID":"100035901089A00110100000004422441"},"geometry":{"type":"MultiPolygon","coordinates":[[[[129.2045032,35.789995],[129.2044723,35.7899818],[129.2043992,35.7900801],[129.2043785,35.7900873],[129.2043459,35.7900868],[129.2042951,35.7900764],[129.204287,35.7901026],[129.2043416,35.7901138],[129.204385,35.7901144],[129.204422,35.7901016],[129.2045032,35.789995]]]]}},{"type":"Feature","properties":{"UFID":"100035901089A00110100000004422442"},"geometry":{"type":"MultiPolygon","coordinates":[[[[129.2045627,35.7899162],[129.2045335,35.7899034],[129.2044723,35.7899818],[129.2045032,35.789995],[129.20452,35.789973],[129.2045627,35.7899162]]]]}},{"type":"Feature","properties":{"UFID":"100035901089A00110100000004422443"},"geometry":{"type":"MultiPolygon","coordinates":[[[[129.2049585,35.7896196],[129.2049179,35.7895065],[129.2049146,35.7895112],[129.2048049,35.7895924],[129.2047437,35.7896397],[129.204724,35.7896592],[129.2046579,35.7897379],[129.2045335,35.7899034],[129.2045627,35.7899162],[129.2046858,35.7897526],[129.2047495,35.7896764],[129.204768,35.7896582],[129.2048248,35.7896142],[129.2048428,35.7896059],[129.2048891,35.7895999],[129.2049193,35.7896007],[129.2049383,35.7896045],[129.2049537,35.7896134],[129.2049585,35.7896196]]]]}},{"type":"Feature","properties":{"UFID":"100035901089A00110100000004422447"},"geometry":{"type":"MultiPolygon","coordinates":[[[[129.2044723,35.7899818],[129.2045335,35.7899034],[129.2045116,35.7898999],[129.2044279,35.7898889],[129.2043271,35.7898786],[129.2042344,35.7898589],[129.2041764,35.7898563],[129.204098,35.789859],[129.2040732,35.7898618],[129.2040269,35.789875],[129.2038775,35.7899223],[129.203664,35.7899913],[129.203605,35.7900092],[129.2035246,35.7900092],[129.2034919,35.7900047],[129.203483,35.7900014],[129.2035561,35.7901148],[129.2035605,35.7900911],[129.2035952,35.790063],[129.2036792,35.7900331],[129.20383,35.7899877],[129.2039972,35.7899352],[129.204046,35.7899216],[129.2041112,35.7899094],[129.2041655,35.7899065],[129.2042027,35.789906],[129.2042262,35.7899063],[129.2042723,35.7899085],[129.2042938,35.7899104],[129.2043394,35.7899147],[129.2043941,35.7899354],[129.204447,35.7899445],[129.2044626,35.7899665],[129.2044723,35.7899818]]]]}},{"type":"Feature","properties":{"UFID":"100035901089A00110100000004422472"},"geometry":{"type":"MultiPolygon","coordinates":[[[[129.2010557,35.7982597],[129.2010471,35.7981917],[129.2010318,35.7982023],[129.2010166,35.7982055],[129.2009845,35.7982086],[129.2008796,35.7982144],[129.2005305,35.7982273],[129.1999999,35.7982453],[129.1999396,35.798248],[129.1997439,35.7982561],[129.1996887,35.7982561],[129.1996751,35.7982556],[129.1996545,35.7982487],[129.199649,35.7982959],[129.1996536,35.7982943],[129.199696,35.7982889],[129.1999428,35.798281],[129.1999999,35.7982814],[129.2005324,35.7982633],[129.2008821,35.7982503],[129.2009851,35.7982447],[129.2010075,35.7982453],[129.2010319,35.7982511],[129.2010557,35.7982597]]]]}},{"type":"Feature","properties":{"UFID":"100035901088A00110100000004422475"},"geometry":{"type":"MultiPolygon","coordinates":[[[[129.2001249,35.8002198],[129.2001137,35.8001952],[129.200036,35.8000466],[129.20001,35.8],[129.2,35.7999821],[129.1999365,35.7998681],[129.1999175,35.7998393],[129.1998581,35.7997309],[129.1997977,35.7996238],[129.199748,35.7995281],[129.1997133,35.7994644],[129.1996975,35.7994335],[129.1996908,35.7994084],[129.1996902,35.7993688],[129.1996851,35.7991814],[129.1996767,35.798997],[129.1996683,35.7987864],[129.1996571,35.7985981],[129.1996443,35.7983039],[129.199645,35.7982987],[129.199649,35.7982959],[129.1995869,35.7982817],[129.1995884,35.7983223],[129.1995903,35.7983627],[129.1996288,35.7993561],[129.1996313,35.7994012],[129.1996418,35.7994533],[129.1996604,35.7994998],[129.1997082,35.7995752],[129.1999185,35.799955],[129.1999433,35.8],[129.1999632,35.8000358],[129.2,35.8001016],[129.200075,35.8002465],[129.2001249,35.8002198]]]]}},{"type":"Feature","properties":{"UFID":"100035901079A00110100000004422476"},"geometry":{"type":"MultiPolygon","coordinates":[[[[129.2076633,35.800205],[129.2076471,35.8001641],[129.2075848,35.8000006],[129.2075179,35.7998203],[129.2075019,35.7997773],[129.2072926,35.7998387],[129.2074238,35.8000006],[129.2075131,35.8002464],[129.2076633,35.800205]]]]}},{"type":"Feature","properties":{"UFID":"100035901089A00110100000004422478"},"geometry":{"type":"MultiPolygon","coordinates":[[[[129.2042267,35.7979057],[129.2042048,35.7978793],[129.2042007,35.7978836],[129.2041956,35.7978872],[129.2041817,35.7978969],[129.2041279,35.7979372],[129.2040951,35.7979693],[129.2040847,35.7979912],[129.2040789,35.7980167],[129.2040742,35.798051],[129.2040741,35.7980535],[129.2040733,35.798073],[129.2040568,35.7985123],[129.2040308,35.7991215],[129.2040053,35.7998202],[129.2039988,35.8000004],[129.2039849,35.8004715],[129.2040208,35.8004759],[129.2040181,35.8004701],[129.204032,35.8000004],[129.2040385,35.7998201],[129.204064,35.7991224],[129.2040898,35.7985132],[129.2041066,35.7980735],[129.2041073,35.7980529],[129.2041118,35.7980206],[129.2041167,35.7979986],[129.2041241,35.7979832],[129.204152,35.7979559],[129.20421,35.7979125],[129.2042192,35.7979066],[129.2042235,35.7979057],[129.2042267,35.7979057]]]]}},{"type":"Feature","properties":{"UFID":"100035901089A00110100000004422479"},"geometry":{"type":"MultiPolygon","coordinates":[[[[129.2062779,35.8004831],[129.2062471,35.800474],[129.2063449,35.8003276],[129.2064039,35.8002374],[129.2064173,35.8002043],[129.2064213,35.8001726],[129.2064209,35.8001328],[129.2064135,35.8000887],[129.2063904,35.8000189],[129.2063819,35.8000005],[129.2062874,35.7997963],[129.2062006,35.7996183],[129.2061364,35.7994996],[129.2060766,35.7994372],[129.2059782,35.7993614],[129.2059691,35.7993611],[129.2059655,35.7993606],[129.2059587,35.7993615],[129.205901,35.7993874],[129.2059084,35.7994067],[129.2059759,35.7994021],[129.2059899,35.7994051],[129.2060177,35.7994205],[129.20611,35.7995124],[129.2061498,35.7995779],[129.206237,35.7997564],[129.2063315,35.7999566],[129.206349,35.8000005],[129.2063762,35.8000689],[129.2063841,35.8000879],[129.2063897,35.8001186],[129.2063914,35.8001517],[129.2063879,35.8001814],[129.2063818,35.8002075],[129.2063479,35.8002744],[129.2062529,35.8004091],[129.206194,35.8004989],[129.2061742,35.8005248],[129.2061984,35.8005253],[129.206227,35.8005229],[129.206242,35.8005188],[129.2062546,35.8005107],[129.2062731,35.8004898],[129.2062779,35.8004831]]]]}},{"type":"Feature","properties":{"UFID":"100035901089A00110100000004422484"},"geometry":{"type":"MultiPolygon","coordinates":[[[[129.2011343,35.7981982],[129.2010557,35.7982597],[129.2010795,35.7982885],[129.2011192,35.7985465],[129.2012643,35.7996453],[129.2012822,35.7998199],[129.2013007,35.8000001],[129.2013159,35.800244],[129.2013206,35.800519],[129.2013117,35.8007692],[129.2012863,35.801024],[129.2012247,35.8015766],[129.2012576,35.8015798],[129.2013194,35.8010262],[129.2013449,35.8007707],[129.2013538,35.8005192],[129.201349,35.8002432],[129.2013339,35.8000001],[129.2013155,35.7998199],[129.2012973,35.7996428],[129.2011522,35.7985434],[129.2011205,35.7983369],[129.2011339,35.7982025],[129.2011343,35.7981982]]]]}},{"type":"Feature","properties":{"UFID":"100035901089A00110100000004423258"},"geometry":{"type":"MultiPolygon","coordinates":[[[[129.2035712,35.7947133],[129.2035158,35.794679],[129.2033335,35.7948758],[129.2032969,35.7948851],[129.2032863,35.7949082],[129.2033117,35.7949155],[129.2033347,35.7949192],[129.2033448,35.7949197],[129.2033501,35.7949171],[129.2034073,35.7948382],[129.2034347,35.7948491],[129.203438,35.7948484],[129.2034892,35.79479],[129.2035382,35.7947461],[129.2035472,35.7947395],[129.2035712,35.7947133]]]]}},{"type":"Feature","properties":{"UFID":"100035901089A00110100000004423259"},"geometry":{"type":"MultiPolygon","coordinates":[[[[129.2075019,35.7997773],[129.2072189,35.7990534],[129.2071762,35.7989415],[129.2071597,35.7988983],[129.2070051,35.7984942],[129.2069666,35.7984026],[129.2068097,35.798438],[129.206863,35.7986534],[129.2069581,35.7989542],[129.2069755,35.7990092],[129.2070058,35.799105],[129.2072853,35.7998203],[129.2072926,35.7998387],[129.2075019,35.7997773]]]]}},{"type":"Feature","properties":{"UFID":"100035901089A00110100000004423260"},"geometry":{"type":"MultiPolygon","coordinates":[[[[129.2089465,35.7924292],[129.2088149,35.7924057],[129.208818,35.7924833],[129.2088675,35.7924819],[129.2089493,35.7924841],[129.2089465,35.7924292]]]]}},{"type":"Feature","properties":{"UFID":"100035901089A00110100000004423261"},"geometry":{"type":"MultiPolygon","coordinates":[[[[129.2073289,35.7943979],[129.2073171,35.7943725],[129.2072572,35.7943917],[129.2072701,35.7944166],[129.2073289,35.7943979]]]]}},{"type":"Feature","properties":{"UFID":"100035901089A00110100000004423262"},"geometry":{"type":"MultiPolygon","coordinates":[[[[129.2073171,35.7943725],[129.2073289,35.7943979],[129.2073759,35.7943878],[129.2074068,35.7943852],[129.2075796,35.794377],[129.2076889,35.7943734],[129.2077182,35.7943667],[129.2077566,35.7943515],[129.2077918,35.7943302],[129.2078065,35.7943133],[129.2078681,35.794192],[129.2079416,35.7941175],[129.2080527,35.7940206],[129.2080975,35.7939676],[129.2081135,35.7939455],[129.2081624,35.7938621],[129.2081325,35.7938504],[129.2080842,35.7939328],[129.2080695,35.7939531],[129.2080267,35.7940036],[129.2079165,35.7940998],[129.2078391,35.7941781],[129.2077773,35.7943001],[129.2077677,35.7943111],[129.2077394,35.7943283],[129.2077064,35.7943413],[129.2076836,35.7943465],[129.207578,35.79435],[129.2074042,35.7943582],[129.20737,35.794361],[129.2073224,35.7943709],[129.2073171,35.7943725]]]]}},{"type":"Feature","properties":{"UFID":"100035901089A00110100000004423263"},"geometry":{"type":"MultiPolygon","coordinates":[[[[129.2053668,35.7975261],[129.2053594,35.7974905],[129.205313,35.7974969],[129.2051388,35.7974983],[129.2049775,35.797493],[129.2048206,35.797478],[129.2047037,35.7974746],[129.2046871,35.7974752],[129.2046625,35.7974769],[129.2046443,35.7974757],[129.2046381,35.797474],[129.2046491,35.7975116],[129.2046871,35.7975113],[129.204704,35.7975107],[129.2048172,35.7975139],[129.204974,35.797529],[129.2051381,35.7975343],[129.2053169,35.7975329],[129.2053668,35.7975261]]]]}},{"type":"Feature","properties":{"UFID":"100035901089A00110100000004423264"},"geometry":{"type":"MultiPolygon","coordinates":[[[[129.205527,35.7975027],[129.2054883,35.797472],[129.2054778,35.7974737],[129.2054622,35.7974761],[129.2054469,35.7974785],[129.2053594,35.7974905],[129.2053668,35.7975261],[129.2054548,35.797514],[129.205527,35.7975027]]]]}},{"type":"Feature","properties":{"UFID":"100035901089A00110100000004423265"},"geometry":{"type":"MultiPolygon","coordinates":[[[[129.2073289,35.7943979],[129.2072701,35.7944166],[129.2072905,35.7944222],[129.2073101,35.7944289],[129.2073258,35.7944377],[129.2073398,35.7944568],[129.2073569,35.794487],[129.2073743,35.7945146],[129.2073903,35.7945385],[129.2074042,35.794561],[129.2074134,35.794582],[129.207415,35.7946042],[129.2074136,35.7946259],[129.2074093,35.7946446],[129.2074043,35.7946624],[129.2073857,35.794695],[129.2074168,35.7946907],[129.2074262,35.794668],[129.2074345,35.7946413],[129.2074384,35.7946157],[129.2074375,35.7945874],[129.2074315,35.794562],[129.2074206,35.7945334],[129.2073968,35.7944957],[129.2073289,35.7943979]]]]}},{"type":"Feature","properties":{"UFID":"100035901089A00110100000004423266"},"geometry":{"type":"MultiPolygon","coordinates":[[[[129.2064041,35.7945848],[129.2063688,35.7945364],[129.2062349,35.7945573],[129.2062428,35.7946125],[129.2062702,35.7946032],[129.2064041,35.7945848]]]]}},{"type":"Feature","properties":{"UFID":"100035901089A00110100000004423267"},"geometry":{"type":"MultiPolygon","coordinates":[[[[129.2065065,35.7972885],[129.206462,35.7971624],[129.2064593,35.7971544],[129.2064497,35.7971263],[129.2064469,35.7971144],[129.2062681,35.7963683],[129.206032,35.7953137],[129.2058979,35.7953186],[129.2059085,35.7953849],[129.2059262,35.7954551],[129.2059993,35.7957848],[129.2061157,35.796391],[129.2062989,35.7971554],[129.2063168,35.7972326],[129.2063437,35.7973195],[129.2065065,35.7972885]]]]}},{"type":"Feature","properties":{"UFID":"100035901089A00110100000004423268"},"geometry":{"type":"MultiPolygon","coordinates":[[[[129.2069984,35.7952927],[129.2069942,35.7953203],[129.207,35.795322],[129.2070608,35.7953414],[129.2070911,35.7953493],[129.2071449,35.7953601],[129.2073119,35.7953997],[129.2073407,35.7954063],[129.2073766,35.7954145],[129.2073951,35.7954188],[129.2074489,35.7954276],[129.2074756,35.795432],[129.2075272,35.7954342],[129.2075847,35.7954305],[129.2076534,35.7954149],[129.2077601,35.79538],[129.207805,35.7953655],[129.2078784,35.7953357],[129.2079606,35.7953058],[129.2079907,35.7952978],[129.2080533,35.7952892],[129.2081379,35.7952795],[129.2081658,35.795273],[129.2082487,35.7952492],[129.2082377,35.7952237],[129.2081557,35.7952472],[129.2081311,35.795253],[129.2080482,35.7952625],[129.2079828,35.7952715],[129.2079486,35.7952806],[129.2078643,35.7953113],[129.2077915,35.7953407],[129.2077478,35.7953549],[129.2076428,35.7953892],[129.2075788,35.7954037],[129.2075268,35.7954072],[129.2074798,35.7954051],[129.2074608,35.7954021],[129.2074187,35.7953932],[129.2073126,35.7953717],[129.2071535,35.795334],[129.2071002,35.7953233],[129.2070719,35.7953159],[129.2070118,35.7952968],[129.2069984,35.7952927]]]]}},{"type":"Feature","properties":{"UFID":"100035901089A00110100000004423269"},"geometry":{"type":"MultiPolygon","coordinates":[[[[129.2056169,35.7942227],[129.2055086,35.7942349],[129.2055043,35.7943278],[129.2056059,35.7943316],[129.2056169,35.7942227]]]]}},{"type":"Feature","properties":{"UFID":"100035901089A00110100000004423270"},"geometry":{"type":"MultiPolygon","coordinates":[[[[129.2056683,35.7942197],[129.2056169,35.7942227],[129.2056059,35.7943316],[129.205643,35.794333],[129.205655,35.7943363],[129.2056606,35.7943401],[129.2056663,35.7943435],[129.2056683,35.7942197]]]]}},{"type":"Feature","properties":{"UFID":"100035901089A00110100000004423271"},"geometry":{"type":"MultiPolygon","coordinates":[[[[129.2057771,35.7943338],[129.2057536,35.7942133],[129.2056683,35.7942197],[129.2056663,35.7943435],[129.2057771,35.7943338]]]]}},{"type":"Feature","properties":{"UFID":"100035901089A00110100000004423272"},"geometry":{"type":"MultiPolygon","coordinates":[[[[129.2058509,35.7947121],[129.2057807,35.7943522],[129.2057771,35.7943338],[129.2056663,35.7943435],[129.205672,35.7943531],[129.2057147,35.7945255],[129.2057608,35.7947253],[129.2058509,35.7947121]]]]}},{"type":"Feature","properties":{"UFID":"100035901089A00110100000004423273"},"geometry":{"type":"MultiPolygon","coordinates":[[[[129.2058874,35.7947509],[129.2058509,35.7947121],[129.2057608,35.7947253],[129.2057715,35.7947718],[129.2058874,35.7947509]]]]}},{"type":"Feature","properties":{"UFID":"100035901089A00110100000004423274"},"geometry":{"type":"MultiPolygon","coordinates":[[[[129.205897,35.7947921],[129.2058874,35.7947509],[129.2057715,35.7947718],[129.2057797,35.794807],[129.2057797,35.7948122],[129.205897,35.7947921]]]]}},{"type":"Feature","properties":{"UFID":"100035901089A00110100000004423275"},"geometry":{"type":"MultiPolygon","coordinates":[[[[129.2059094,35.7948458],[129.205897,35.7947921],[129.2057797,35.7948122],[129.2057795,35.7948619],[129.2059094,35.7948458]]]]}},{"type":"Feature","properties":{"UFID":"100035901089A00110100000004423276"},"geometry":{"type":"MultiPolygon","coordinates":[[[[129.2060088,35.7952794],[129.2059775,35.7951251],[129.2059576,35.7950544],[129.2059122,35.794858],[129.2059094,35.7948458],[129.2057795,35.7948619],[129.2058368,35.7950598],[129.2058916,35.7952847],[129.2060088,35.7952794]]]]}},{"type":"Feature","properties":{"UFID":"100035901089A00110100000004423277"},"geometry":{"type":"MultiPolygon","coordinates":[[[[129.206032,35.7953137],[129.2060088,35.7952794],[129.2058916,35.7952847],[129.2058941,35.7952949],[129.2058979,35.7953186],[129.206032,35.7953137]]]]}},{"type":"Feature","properties":{"UFID":"100035901089A00110100000004423278"},"geometry":{"type":"MultiPolygon","coordinates":[[[[129.2063688,35.7945364],[129.2063658,35.7943782],[129.2063649,35.7943295],[129.2062918,35.7943486],[129.2062349,35.7945573],[129.2063688,35.7945364]]]]}},{"type":"Feature","properties":{"UFID":"100035901089A00110100000004423279"},"geometry":{"type":"MultiPolygon","coordinates":[[[[129.2010876,35.7981078],[129.2010836,35.7981073],[129.2010822,35.7981055],[129.2010203,35.7976447],[129.2009007,35.7967437],[129.2008295,35.7962227],[129.2007014,35.7952701],[129.2005566,35.7941867],[129.2004087,35.7930816],[129.2003531,35.7926439],[129.2003406,35.7925186],[129.2003368,35.7924344],[129.2003407,35.791964],[129.2003075,35.7919641],[129.2003036,35.7924349],[129.2003076,35.7925202],[129.2003201,35.7926464],[129.2003757,35.7930845],[129.2005236,35.7941896],[129.2006684,35.795273],[129.2007965,35.7962257],[129.2008678,35.7967467],[129.2009873,35.7976476],[129.2010528,35.7981351],[129.2010539,35.7981409],[129.2010471,35.7981917],[129.2010876,35.7981078]]]]}},{"type":"Feature","properties":{"UFID":"100035901089A00110100000004423280"},"geometry":{"type":"MultiPolygon","coordinates":[[[[129.2011343,35.7981982],[129.2010876,35.7981078],[129.2010471,35.7981917],[129.2010557,35.7982597],[129.2011343,35.7981982]]]]}},{"type":"Feature","properties":{"UFID":"100035901089A00110100000004423281"},"geometry":{"type":"MultiPolygon","coordinates":[[[[129.2042299,35.7975411],[129.2042284,35.7974955],[129.2041762,35.7974992],[129.2041619,35.7975442],[129.2042299,35.7975411]]]]}},{"type":"Feature","properties":{"UFID":"100035901089A00110100000004423282"},"geometry":{"type":"MultiPolygon","coordinates":[[[[129.2042284,35.7974955],[129.2042298,35.7974842],[129.2042565,35.7974354],[129.2042824,35.7973959],[129.2042531,35.7973832],[129.2042267,35.7974235],[129.2041987,35.7974745],[129.2041939,35.7974857],[129.2041762,35.7974992],[129.2042284,35.7974955]]]]}},{"type":"Feature","properties":{"UFID":"100035901089A00110100000004423283"},"geometry":{"type":"MultiPolygon","coordinates":[[[[129.2042516,35.797868],[129.2042072,35.7978379],[129.2042054,35.7978637],[129.2042048,35.7978793],[129.2042267,35.7979057],[129.2042516,35.797868]]]]}},{"type":"Feature","properties":{"UFID":"100035901089A00110100000004423284"},"geometry":{"type":"MultiPolygon","coordinates":[[[[129.2042516,35.797868],[129.2042267,35.7979057],[129.2042312,35.7979099],[129.2042357,35.7979342],[129.2042581,35.797931],[129.2042529,35.7978998],[129.2042524,35.797884],[129.2042523,35.7978757],[129.2042516,35.797868]]]]}},{"type":"Feature","properties":{"UFID":"100035901089A00110100000004423285"},"geometry":{"type":"MultiPolygon","coordinates":[[[[129.2044109,35.7975349],[129.2043814,35.7975254],[129.2043618,35.797519],[129.2043041,35.7975102],[129.2042719,35.7975079],[129.2042569,35.7975077],[129.2042438,35.7975071],[129.2042284,35.7974955],[129.2042299,35.7975411],[129.204298,35.797546],[129.2043283,35.7975506],[129.2043462,35.7975534],[129.2043505,35.7975557],[129.2043521,35.797563],[129.2043521,35.7975646],[129.2044109,35.7975349]]]]}},{"type":"Feature","properties":{"UFID":"100035901089A00110100000004423286"},"geometry":{"type":"MultiPolygon","coordinates":[[[[129.2044024,35.7975868],[129.2043521,35.7975646],[129.2043497,35.7975681],[129.2043142,35.7975816],[129.2042375,35.7976337],[129.2042162,35.7976654],[129.2042105,35.797692],[129.2042092,35.7978011],[129.2042079,35.7978265],[129.2042072,35.7978379],[129.2042516,35.797868],[129.20425,35.7978504],[129.2042523,35.7978019],[129.2042536,35.7976952],[129.2042574,35.7976772],[129.2042714,35.7976564],[129.2043376,35.7976115],[129.204388,35.7975923],[129.2044024,35.7975868]]]]}},{"type":"Feature","properties":{"UFID":"100035901089A00110100000004423287"},"geometry":{"type":"MultiPolygon","coordinates":[[[[129.2044773,35.7975581],[129.2044109,35.7975349],[129.2043521,35.7975646],[129.2044024,35.7975868],[129.2044337,35.7975747],[129.2044713,35.7975605],[129.2044773,35.7975581]]]]}},{"type":"Feature","properties":{"UFID":"100035901089A00110100000004423288"},"geometry":{"type":"MultiPolygon","coordinates":[[[[129.2046062,35.7975173],[129.204598,35.7974812],[129.2045968,35.7974821],[129.2045932,35.7974841],[129.204589,35.7974861],[129.2045724,35.7974908],[129.2045089,35.7975106],[129.2044603,35.7975258],[129.2044529,35.7975287],[129.204442,35.7975328],[129.2044294,35.7975348],[129.2044109,35.7975349],[129.2044773,35.7975581],[129.2045244,35.7975434],[129.2045935,35.7975218],[129.2046062,35.7975173]]]]}},{"type":"Feature","properties":{"UFID":"100035901089A00110100000004423289"},"geometry":{"type":"MultiPolygon","coordinates":[[[[129.2046491,35.7975116],[129.2046381,35.797474],[129.204598,35.7974812],[129.2046062,35.7975173],[129.2046361,35.7975129],[129.2046491,35.7975116]]]]}},{"type":"Feature","properties":{"UFID":"100035901089A00110100000004423290"},"geometry":{"type":"MultiPolygon","coordinates":[[[[129.205626,35.7974863],[129.2055919,35.7974554],[129.2054883,35.797472],[129.205527,35.7975027],[129.2055829,35.797494],[129.205626,35.7974863]]]]}},{"type":"Feature","properties":{"UFID":"100035901089A00110100000004423291"},"geometry":{"type":"MultiPolygon","coordinates":[[[[129.2055919,35.7974554],[129.2055722,35.7974527],[129.2055287,35.7974476],[129.2054907,35.7974384],[129.205478,35.7974369],[129.2053652,35.797423],[129.2053603,35.7974497],[129.2054655,35.7974627],[129.2054764,35.7974639],[129.2054856,35.7974694],[129.2054883,35.797472],[129.2055919,35.7974554]]]]}},{"type":"Feature","properties":{"UFID":"100035901089A00110100000004423292"},"geometry":{"type":"MultiPolygon","coordinates":[[[[129.2066155,35.7979472],[129.2066039,35.7979218],[129.2055872,35.7981883],[129.2055743,35.7981918],[129.2055545,35.7982035],[129.2055447,35.7982167],[129.205533,35.7982824],[129.2055287,35.7982969],[129.2055256,35.7983044],[129.2055169,35.7983149],[129.2055097,35.7983205],[129.205432,35.7983438],[129.2053736,35.7983654],[129.2053873,35.7983899],[129.2054447,35.7983688],[129.2055277,35.7983439],[129.2055424,35.7983324],[129.2055556,35.7983165],[129.2055607,35.7983043],[129.2055656,35.7982876],[129.2055766,35.798226],[129.2055795,35.7982222],[129.2055898,35.798216],[129.2055976,35.7982139],[129.2066155,35.7979472]]]]}},{"type":"Feature","properties":{"UFID":"100035901089A00110100000004423293"},"geometry":{"type":"MultiPolygon","coordinates":[[[[129.2069551,35.7952828],[129.2069285,35.7952791],[129.2068629,35.7952766],[129.2068176,35.7952745],[129.2067551,35.7952682],[129.2067381,35.795266],[129.2067279,35.7952633],[129.2066785,35.795253],[129.206644,35.7952436],[129.2066246,35.7952421],[129.2065859,35.7952403],[129.2065751,35.7952405],[129.2065172,35.7952433],[129.2063688,35.7952617],[129.2061637,35.7952782],[129.2060469,35.7952821],[129.2060187,35.7952815],[129.2060152,35.7952813],[129.2060088,35.7952794],[129.206032,35.7953137],[129.2060389,35.795312],[129.206091,35.7953077],[129.206166,35.7953052],[129.2063729,35.7952886],[129.2065207,35.7952702],[129.2065764,35.7952675],[129.2065853,35.7952674],[129.2066221,35.7952691],[129.2066371,35.7952702],[129.2066691,35.7952789],[129.2067186,35.7952892],[129.2067303,35.7952923],[129.2067505,35.7952949],[129.2068146,35.7953014],[129.2068612,35.7953036],[129.2069249,35.795306],[129.206953,35.79531],[129.2069551,35.7952828]]]]}},{"type":"Feature","properties":{"UFID":"100035901089A00110100000004423294"},"geometry":{"type":"MultiPolygon","coordinates":[[[[129.2063619,35.797356],[129.2063437,35.7973195],[129.2063339,35.7973232],[129.2062422,35.7973392],[129.206215,35.7973443],[129.2061042,35.7973635],[129.2060518,35.7973727],[129.2056172,35.7974509],[129.2055919,35.7974554],[129.205626,35.7974863],[129.2060612,35.7974079],[129.2061316,35.7973956],[129.206179,35.7973872],[129.2062312,35.797378],[129.2063442,35.7973582],[129.2063582,35.797356],[129.2063619,35.797356]]]]}},{"type":"Feature","properties":{"UFID":"100035901089A00110100000004423295"},"geometry":{"type":"MultiPolygon","coordinates":[[[[129.2065218,35.7973322],[129.2065065,35.7972885],[129.2063437,35.7973195],[129.2063619,35.797356],[129.2065218,35.7973322]]]]}},{"type":"Feature","properties":{"UFID":"100035901089A00110100000004423296"},"geometry":{"type":"MultiPolygon","coordinates":[[[[129.2067487,35.797877],[129.2066655,35.7976955],[129.2065235,35.7973369],[129.2065218,35.7973322],[129.2063619,35.797356],[129.2063682,35.7973581],[129.2063708,35.7973623],[129.2065192,35.7977369],[129.2066039,35.7979218],[129.2067487,35.797877]]]]}},{"type":"Feature","properties":{"UFID":"100035901089A00110100000004423297"},"geometry":{"type":"MultiPolygon","coordinates":[[[[129.2067615,35.7979051],[129.2067487,35.797877],[129.2066039,35.7979218],[129.2066155,35.7979472],[129.2067615,35.7979051]]]]}},{"type":"Feature","properties":{"UFID":"100035901089A00110100000004423298"},"geometry":{"type":"MultiPolygon","coordinates":[[[[129.2069984,35.7952927],[129.2069551,35.7952828],[129.206953,35.79531],[129.2069659,35.7953118],[129.2069942,35.7953203],[129.2069984,35.7952927]]]]}},{"type":"Feature","properties":{"UFID":"100035901089A00110100000004423299"},"geometry":{"type":"MultiPolygon","coordinates":[[[[129.2069551,35.7952828],[129.2069984,35.7952927],[129.2069922,35.7952861],[129.2069953,35.7952653],[129.2070029,35.7952038],[129.2069699,35.7952011],[129.2069623,35.7952623],[129.2069597,35.7952798],[129.2069551,35.7952828]]]]}},{"type":"Feature","properties":{"UFID":"100035901089A00110100000004423300"},"geometry":{"type":"MultiPolygon","coordinates":[[[[129.2069942,35.7944522],[129.2069823,35.7944453],[129.206979,35.7944408],[129.2069792,35.7944334],[129.2069842,35.7944189],[129.207,35.7943924],[129.2070432,35.7943485],[129.2071126,35.794291],[129.2071607,35.7942637],[129.2072401,35.794231],[129.2072183,35.7942045],[129.2071361,35.794238],[129.2070763,35.7942799],[129.2070159,35.794329],[129.2069642,35.7943792],[129.2069406,35.7944198],[129.2069337,35.7944471],[129.2069283,35.7944844],[129.2069376,35.7944757],[129.2069942,35.7944522]]]]}},{"type":"Feature","properties":{"UFID":"100035901089A00110100000004423301"},"geometry":{"type":"MultiPolygon","coordinates":[[[[129.2070079,35.7944768],[129.2069942,35.7944522],[129.2069376,35.7944757],[129.2069283,35.7944844],[129.2069473,35.7945078],[129.2069583,35.7944974],[129.2070079,35.7944768]]]]}},{"type":"Feature","properties":{"UFID":"100035901089A00110100000004423302"},"geometry":{"type":"MultiPolygon","coordinates":[[[[129.2072701,35.7944166],[129.2072572,35.7943917],[129.2071658,35.7944209],[129.2071421,35.7944248],[129.2070494,35.7944362],[129.2070163,35.794443],[129.2069942,35.7944522],[129.2070079,35.7944768],[129.207028,35.7944684],[129.207056,35.7944627],[129.2071479,35.7944514],[129.2071751,35.7944469],[129.2072701,35.7944166]]]]}},{"type":"Feature","properties":{"UFID":"100035901089A00110100000004423303"},"geometry":{"type":"MultiPolygon","coordinates":[[[[129.208818,35.7924833],[129.2088149,35.7924057],[129.2085789,35.7924766],[129.2083229,35.792558],[129.2083377,35.792613],[129.2084399,35.7925821],[129.208613,35.79253],[129.2087325,35.7924928],[129.2087573,35.7924858],[129.2087631,35.7924848],[129.208818,35.7924833]]]]}},{"type":"Feature","properties":{"UFID":"100035901089A00110100000004423304"},"geometry":{"type":"MultiPolygon","coordinates":[[[[129.2035844,35.7976261],[129.2035782,35.7975904],[129.2034938,35.7976002],[129.203448,35.7976059],[129.2034468,35.7976434],[129.2034955,35.7976364],[129.2035844,35.7976261]]]]}},{"type":"Feature","properties":{"UFID":"100035901089A00110100000004423305"},"geometry":{"type":"MultiPolygon","coordinates":[[[[129.2012634,35.7978338],[129.201256,35.7977968],[129.201232,35.7978026],[129.2012251,35.7978036],[129.2011825,35.7978277],[129.2011497,35.7978569],[129.2011326,35.7979003],[129.2011047,35.79807],[129.2010926,35.7981054],[129.2010876,35.7981078],[129.2011343,35.7981982],[129.2011386,35.7981511],[129.2011396,35.7981282],[129.2011402,35.7981253],[129.2011759,35.7979083],[129.2011889,35.7978754],[129.2012117,35.797855],[129.2012188,35.7978511],[129.2012422,35.7978378],[129.2012634,35.7978338]]]]}},{"type":"Feature","properties":{"UFID":"100035901089A00110100000004423306"},"geometry":{"type":"MultiPolygon","coordinates":[[[[129.2046381,35.797474],[129.2046319,35.7974689],[129.2046303,35.7974648],[129.2045955,35.7973812],[129.2045844,35.7973665],[129.204557,35.7973773],[129.2045648,35.7973918],[129.2045987,35.7974731],[129.2045995,35.7974751],[129.204598,35.7974812],[129.2046381,35.797474]]]]}},{"type":"Feature","properties":{"UFID":"100035901089A00110100000004423308"},"geometry":{"type":"MultiPolygon","coordinates":[[[[129.2034468,35.7976434],[129.203448,35.7976059],[129.201256,35.7977968],[129.2012634,35.7978338],[129.2034468,35.7976434]]]]}},{"type":"Feature","properties":{"UFID":"100035901089A00110100000004423309"},"geometry":{"type":"MultiPolygon","coordinates":[[[[129.2045844,35.7973665],[129.2045369,35.7973024],[129.2045089,35.7973153],[129.204557,35.7973773],[129.2045844,35.7973665]]]]}},{"type":"Feature","properties":{"UFID":"100035901089A00110100000004423330"},"geometry":{"type":"MultiPolygon","coordinates":[[[[129.2069666,35.7984026],[129.2069461,35.7983538],[129.206941,35.7983415],[129.206795,35.7983836],[129.2067979,35.7983907],[129.2068097,35.798438],[129.2069666,35.7984026]]]]}},{"type":"Feature","properties":{"UFID":"100035901089A00110100000004423331"},"geometry":{"type":"MultiPolygon","coordinates":[[[[129.206941,35.7983415],[129.2069194,35.7982887],[129.2067671,35.7983154],[129.206795,35.7983836],[129.206941,35.7983415]]]]}},{"type":"Feature","properties":{"UFID":"100035901089A00110100000004423332"},"geometry":{"type":"MultiPolygon","coordinates":[[[[129.2069194,35.7982887],[129.2067683,35.7979198],[129.2067615,35.7979051],[129.2066155,35.7979472],[129.2066221,35.7979618],[129.2067671,35.7983154],[129.2069194,35.7982887]]]]}},{"type":"Feature","properties":{"UFID":"100035901089A00110100000004423335"},"geometry":{"type":"MultiPolygon","coordinates":[[[[129.2062428,35.7946125],[129.2062349,35.7945573],[129.2062288,35.7945652],[129.2062072,35.7945766],[129.2062025,35.7945776],[129.2061672,35.7945922],[129.2061891,35.794631],[129.2062428,35.7946125]]]]}},{"type":"Feature","properties":{"UFID":"100035901089A00110100000004423336"},"geometry":{"type":"MultiPolygon","coordinates":[[[[129.2061891,35.794631],[129.2061672,35.7945922],[129.2060766,35.7946297],[129.2058889,35.7946992],[129.2058803,35.7947014],[129.2058509,35.7947121],[129.2058874,35.7947509],[129.2058939,35.7947416],[129.2058998,35.7947386],[129.2060008,35.7947041],[129.2061412,35.7946559],[129.2061391,35.794649],[129.2061413,35.7946473],[129.2061891,35.794631]]]]}},{"type":"Feature","properties":{"UFID":"100035901089A00110100000004423337"},"geometry":{"type":"MultiPolygon","coordinates":[[[[129.206795,35.7983836],[129.2067671,35.7983154],[129.2067027,35.7983587],[129.2064122,35.7984382],[129.2062422,35.7984824],[129.2061364,35.7985097],[129.2059173,35.7985104],[129.2059149,35.7985584],[129.2061527,35.7985541],[129.206311,35.7985161],[129.2064286,35.7984867],[129.2064945,35.7984689],[129.206795,35.7983836]]]]}},{"type":"Feature","properties":{"UFID":"100035901089A00110100000004423338"},"geometry":{"type":"MultiPolygon","coordinates":[[[[129.2062428,35.7946125],[129.2061891,35.794631],[129.2062079,35.7946327],[129.2062349,35.7946626],[129.2063227,35.7947772],[129.2063566,35.7947681],[129.2062461,35.7946303],[129.2062429,35.7946193],[129.2062428,35.7946125]]]]}},{"type":"Feature","properties":{"UFID":"100035901089A00110100000004423361"},"geometry":{"type":"MultiPolygon","coordinates":[[[[129.2069473,35.7945078],[129.2069283,35.7944844],[129.2068754,35.7945339],[129.2068688,35.7945369],[129.2068537,35.7945384],[129.2067516,35.7945428],[129.2065331,35.7945394],[129.2065402,35.7945684],[129.206586,35.7945653],[129.2068558,35.7945654],[129.2068792,35.7945631],[129.2068966,35.7945554],[129.2069473,35.7945078]]]]}},{"type":"Feature","properties":{"UFID":"100035901089A00110100000004423363"},"geometry":{"type":"MultiPolygon","coordinates":[[[[129.2065402,35.7945684],[129.2065331,35.7945394],[129.2064367,35.7945397],[129.2063688,35.7945364],[129.2064041,35.7945848],[129.2065402,35.7945684]]]]}},{"type":"Feature","properties":{"UFID":"100035901089A00110100000004423380"},"geometry":{"type":"MultiPolygon","coordinates":[[[[129.2065402,35.7945684],[129.2064041,35.7945848],[129.2064354,35.7945915],[129.2065352,35.7947023],[129.2065798,35.7947618],[129.2065968,35.79482],[129.2066261,35.7948199],[129.2066632,35.7948294],[129.2066736,35.7948838],[129.2067816,35.7948221],[129.2067017,35.794784],[129.2066365,35.7947423],[129.2065761,35.79469],[129.2065105,35.7946057],[129.2065073,35.7945971],[129.2065067,35.7945901],[129.2065073,35.7945833],[129.2065111,35.794578],[129.2065402,35.7945684]]]]}},{"type":"Feature","properties":{"UFID":"100035901090A00110100000004426251"},"geometry":{"type":"MultiPolygon","coordinates":[[[[129.2291539,35.7960174],[129.229143,35.7959129],[129.2291273,35.7958366],[129.2291041,35.7957598],[129.2290851,35.795727],[129.229069,35.7956995],[129.2290505,35.7956714],[129.2290241,35.7956498],[129.2289917,35.7956264],[129.2289533,35.7955943],[129.2286434,35.7953155],[129.2284191,35.7951418],[129.2283942,35.7951255],[129.228353,35.7951064],[129.2282449,35.7950616],[129.2281865,35.7950261],[129.2281338,35.794979],[129.2280469,35.7949007],[129.2279108,35.7947655],[129.2278501,35.7946882],[129.227826,35.794649],[129.2277936,35.7945721],[129.2277574,35.7944569],[129.227646,35.7939549],[129.2275202,35.7933457],[129.2273683,35.7928846],[129.227353,35.7928486],[129.2273343,35.7928116],[129.2269872,35.7922762],[129.2269635,35.7922294],[129.2269453,35.7921844],[129.2269294,35.7921375],[129.2269169,35.7920805],[129.2268931,35.7919433],[129.2268541,35.7913545],[129.226831,35.7909882],[129.2268212,35.7909403],[129.2268007,35.7908784],[129.2267806,35.7908343],[129.2267621,35.7907909],[129.2267514,35.7907603],[129.2267382,35.7907237],[129.2267253,35.7906815],[129.2267151,35.7906349],[129.2267044,35.7905766],[129.2266941,35.7905396],[129.2266802,35.7905037],[129.2266549,35.790459],[129.226631,35.7904324],[129.2266007,35.790407],[129.2265502,35.7903849],[129.2265037,35.790371],[129.2264537,35.7903631],[129.2263871,35.7903597],[129.226341,35.7903614],[129.2262971,35.7903662],[129.2262448,35.7903686],[129.2262082,35.7903673],[129.2261705,35.79036],[129.2261512,35.7903489],[129.2261298,35.7903285],[129.2261062,35.7902962],[129.2260841,35.7902562],[129.2260649,35.7902162],[129.2260373,35.7901651],[129.2260155,35.7901362],[129.2259926,35.7901163],[129.2259653,35.7901],[129.22593,35.7900857],[129.225901,35.7900788],[129.2258803,35.790072],[129.2256091,35.7899892],[129.2255026,35.7899525],[129.225477,35.78994],[129.2254319,35.7899133],[129.2253323,35.7898485],[129.2253017,35.7898294],[129.2251266,35.789715],[129.2250127,35.7896499],[129.2249999,35.7896434],[129.2248684,35.7895834],[129.2248016,35.7895274],[129.224697,35.7894062],[129.2246566,35.7893593],[129.2245264,35.7892181],[129.2244065,35.789106],[129.224392,35.7890953],[129.2243848,35.7890904],[129.2243612,35.7890758],[129.2238482,35.7887871],[129.2237212,35.7887292],[129.2236665,35.788709],[129.2235631,35.7886776],[129.2235103,35.7886562],[129.2234563,35.7886319],[129.2231497,35.7884784],[129.2231039,35.78845],[129.2230765,35.7884259],[129.2230534,35.7883958],[129.2230397,35.7883736],[129.2230299,35.7883466],[129.2230228,35.7883159],[129.2230194,35.7882318],[129.2230226,35.7881765],[129.2230352,35.7880812],[129.2230675,35.7879599],[129.2231314,35.7877838],[129.2231686,35.7876989],[129.2231798,35.7876606],[129.2231857,35.7876251],[129.2231832,35.7875967],[129.2231696,35.7875379],[129.2231497,35.7874709],[129.2231412,35.7874326],[129.2231411,35.7873992],[129.223149,35.7873734],[129.2231622,35.7873452],[129.2231782,35.7873228],[129.2232348,35.7872601],[129.223284,35.7872036],[129.2232955,35.7871781],[129.2233005,35.7871499],[129.2233021,35.7871202],[129.2232913,35.7870568],[129.2232576,35.7869278],[129.2230929,35.786335],[129.2230492,35.7861808],[129.2229928,35.7859295],[129.2229866,35.7858562],[129.2229817,35.7857282],[129.2229935,35.7856215],[129.2230456,35.7854207],[129.2230748,35.7852665],[129.2230779,35.785211],[129.2230771,35.7849298],[129.2230688,35.7847788],[129.2230699,35.784734],[129.2230817,35.7846843],[129.2231044,35.7846065],[129.2231335,35.7845501],[129.2232066,35.7844256],[129.2232835,35.7843296],[129.2233136,35.7842964],[129.2233897,35.7842363],[129.2234475,35.7841987],[129.2234934,35.7841809],[129.2235295,35.7841719],[129.2235769,35.7841658],[129.2236135,35.7841639],[129.223635,35.7841667],[129.2236638,35.7841771],[129.223773,35.7842275],[129.2238422,35.7842569],[129.2238822,35.7842672],[129.2239265,35.7842732],[129.2239789,35.7842694],[129.2240403,35.784259],[129.2241007,35.7842307],[129.2241286,35.7842101],[129.2242331,35.7841259],[129.2244176,35.7839314],[129.224526,35.7838333],[129.2245741,35.7838044],[129.2246195,35.7837819],[129.2246421,35.7837735],[129.2246904,35.7837679],[129.224731,35.783773],[129.2247788,35.7837768],[129.22485,35.7837825],[129.224908,35.7837809],[129.2249566,35.7837749],[129.2249818,35.7837634],[129.225,35.783755],[129.2250288,35.7837345],[129.2250615,35.7837068],[129.2252451,35.7835277],[129.2252569,35.7835175],[129.2253545,35.7834195],[129.225438,35.7833556],[129.2254924,35.7833135],[129.2255296,35.7832844],[129.2255723,35.7832416],[129.2256249,35.7831844],[129.2256653,35.7831522],[129.2256957,35.783129],[129.225735,35.7831068],[129.2257772,35.7830888],[129.225821,35.7830744],[129.2258674,35.7830627],[129.225891,35.7830578],[129.2259256,35.7830542],[129.2259435,35.7830528],[129.2259843,35.7830537],[129.2260625,35.7830704],[129.2260908,35.7830839],[129.2261052,35.7830989],[129.2261149,35.7831198],[129.2261172,35.7831351],[129.2261169,35.783158],[129.2260834,35.783473],[129.2260643,35.7837256],[129.2260679,35.7837505],[129.2260739,35.7837691],[129.2260908,35.7838002],[129.2261033,35.783815],[129.2261238,35.7838259],[129.2261454,35.7838345],[129.2261818,35.7838459],[129.2263607,35.7838686],[129.2265858,35.7838774],[129.2273586,35.7838333],[129.2279126,35.7838023],[129.2279773,35.7837973],[129.228022,35.7837918],[129.2280778,35.7837813],[129.2282087,35.7837227],[129.228334,35.783647],[129.2284383,35.7835679],[129.228527,35.7834793],[129.2285948,35.783381],[129.2286819,35.7832325],[129.2287649,35.7830921],[129.2288166,35.7829989],[129.2288419,35.7829182],[129.2288935,35.7827033],[129.2289706,35.7824142],[129.2290472,35.782139],[129.2291132,35.7819198],[129.2291922,35.7817387],[129.2292744,35.7815979],[129.2293404,35.7815256],[129.2294067,35.7814762],[129.2295249,35.7814104],[129.2296406,35.781358],[129.2297844,35.7812951],[129.2300721,35.7812181],[129.230227,35.7812003],[129.2302449,35.7811997],[129.2302731,35.7811998],[129.2303043,35.7812021],[129.2303318,35.7812055],[129.2303599,35.7812119],[129.2303793,35.7812187],[129.2303951,35.7812269],[129.2304143,35.7812416],[129.2304658,35.7812999],[129.2305771,35.7813926],[129.2306784,35.781479],[129.2307998,35.7815697],[129.2308185,35.7815803],[129.2308359,35.7815878],[129.2308611,35.781598],[129.2308897,35.7816082],[129.2309165,35.7816143],[129.2309353,35.7816171],[129.2309452,35.7816158],[129.2309572,35.781613],[129.230971,35.7816092],[129.2309967,35.7815953],[129.2310413,35.7815634],[129.2310535,35.7815425],[129.2310802,35.7814726],[129.2310846,35.7814449],[129.2310823,35.7813984],[129.2310751,35.7813591],[129.2310607,35.7813191],[129.231011,35.7812135],[129.2309251,35.7810758],[129.2309035,35.7810219],[129.2308987,35.7810076],[129.2308984,35.7809901],[129.2309,35.7809757],[129.2309045,35.7809678],[129.2309109,35.7809635],[129.2309246,35.7809598],[129.2309449,35.7809569],[129.2309633,35.7809571],[129.2310081,35.7809639],[129.2310215,35.7809671],[129.2310287,35.7809706],[129.2310956,35.7810142],[129.2311499,35.781055],[129.2313161,35.781182],[129.2314772,35.7813057],[129.2315358,35.7813483],[129.2316697,35.7814391],[129.2318092,35.7815189],[129.2318225,35.7815299],[129.2318301,35.7815365],[129.2318813,35.7815902],[129.2318914,35.7816017],[129.2319041,35.7816229],[129.2319632,35.7817591],[129.2320264,35.7819098],[129.2320964,35.7820351],[129.2322035,35.7821853],[129.2322838,35.7823041],[129.2323965,35.7824655],[129.2324692,35.7825469],[129.2325698,35.782624],[129.2326508,35.7826736],[129.2327773,35.782753],[129.2328257,35.7827838],[129.2328395,35.7827955],[129.2329431,35.7829206],[129.2330605,35.7830956],[129.2331799,35.7832349],[129.2332377,35.7832946],[129.2333565,35.7834112],[129.2333937,35.7834522],[129.2334868,35.7835738],[129.2335464,35.7836815],[129.2335707,35.7837336],[129.2336278,35.783865],[129.2336728,35.7839981],[129.2336866,35.7840507],[129.2336958,35.7841014],[129.2336974,35.784114],[129.2336986,35.7841282],[129.2336987,35.7841481],[129.2336986,35.7842516],[129.2336996,35.7842711],[129.2337022,35.784291],[129.2337235,35.7843953],[129.2337711,35.7845905],[129.2338379,35.7848009],[129.2339376,35.7849844],[129.2340539,35.7851734],[129.2340794,35.7852214],[129.234084,35.7852322],[129.2340903,35.7852504],[129.234174,35.785512],[129.23418,35.7855297],[129.2341869,35.7855475],[129.2341967,35.7855661],[129.2342736,35.7856768],[129.2343321,35.7857444],[129.2343767,35.7857988],[129.2344027,35.7858345],[129.2344321,35.7858783],[129.2344427,35.7859022],[129.2344522,35.7859311],[129.2344567,35.7859651],[129.2344566,35.7860074],[129.2344277,35.7861681],[129.234415,35.7862182],[129.2343893,35.7863671],[129.2343843,35.7864106],[129.234382,35.7864361],[129.2343817,35.7864638],[129.2343816,35.7865047],[129.2343962,35.7865722],[129.2344115,35.7866307],[129.234425,35.7866555],[129.2345342,35.7867815],[129.2346515,35.7869024],[129.2347937,35.7870458],[129.2348817,35.7871256],[129.2349736,35.7871893],[129.2351111,35.7872757],[129.235232,35.787365],[129.2354397,35.7875695],[129.2355769,35.7877397],[129.2356409,35.7878172],[129.2357031,35.7878688],[129.2357989,35.7879165],[129.2359079,35.7879597],[129.2359829,35.7880015],[129.2361334,35.7881186],[129.2362666,35.7882087],[129.2363731,35.7882778],[129.2365064,35.7883757],[129.2366628,35.7884287],[129.2368199,35.788543],[129.2369898,35.7886777],[129.2372031,35.788863],[129.2373556,35.7890107],[129.2376775,35.7893471],[129.2380362,35.7898438],[129.238284,35.7901595],[129.2383135,35.79019],[129.2383554,35.7901823],[129.2383543,35.7901811],[129.2383481,35.7901747],[129.2383156,35.7901412],[129.2380692,35.7898273],[129.2377096,35.7893294],[129.2373857,35.7889909],[129.2372321,35.788842],[129.2370175,35.7886556],[129.2368463,35.7885199],[129.2366864,35.7884035],[129.2365441,35.7883281],[129.2363955,35.788252],[129.236291,35.7881842],[129.2361592,35.788095],[129.2360074,35.7879769],[129.2359273,35.7879324],[129.2358175,35.7878888],[129.2357274,35.787844],[129.235671,35.7877972],[129.2356091,35.7877223],[129.2354709,35.7875507],[129.23526,35.7873431],[129.2351359,35.7872515],[129.2349979,35.7871648],[129.2349087,35.787103],[129.2348232,35.7870254],[129.2346818,35.7868827],[129.2345652,35.7867626],[129.2344589,35.7866399],[129.2344486,35.7866209],[129.2344342,35.7865661],[129.2344203,35.7865019],[129.2344204,35.786464],[129.2344206,35.7864373],[129.2344228,35.7864132],[129.2344277,35.7863707],[129.2344531,35.7862236],[129.2344658,35.7861736],[129.2344953,35.7860097],[129.2344954,35.7859635],[129.2344903,35.7859254],[129.2344797,35.7858927],[129.2344674,35.7858653],[129.2344363,35.7858189],[129.2344095,35.785782],[129.234364,35.7857265],[129.2343064,35.7856599],[129.2342315,35.7855521],[129.2342233,35.7855365],[129.2342171,35.7855208],[129.2342114,35.7855038],[129.2341276,35.7852421],[129.234121,35.7852228],[129.2341155,35.78521],[129.234089,35.78516],[129.2339726,35.7849709],[129.2338746,35.7847905],[129.2338088,35.7845835],[129.2337616,35.7843897],[129.2337406,35.7842867],[129.2337383,35.7842688],[129.2337374,35.784251],[129.2337374,35.7841481],[129.2337373,35.784127],[129.2337359,35.7841113],[129.2337343,35.7840976],[129.2337247,35.7840451],[129.2337104,35.7839906],[129.2336647,35.7838556],[129.233607,35.7837227],[129.2335822,35.7836694],[129.233521,35.783559],[129.2334258,35.7834344],[129.233387,35.7833917],[129.2332678,35.7832747],[129.233211,35.7832161],[129.2330934,35.783079],[129.2329762,35.7829042],[129.2328697,35.7827756],[129.2328517,35.7827603],[129.232801,35.782728],[129.2326743,35.7826485],[129.2325948,35.7825998],[129.2324984,35.7825259],[129.232429,35.7824484],[129.2323176,35.7822887],[129.2322372,35.7821697],[129.2321308,35.7820206],[129.2320624,35.7818981],[129.2319998,35.7817487],[129.2319399,35.7816107],[129.2319247,35.7815855],[129.2319123,35.7815713],[129.2318597,35.7815161],[129.2318505,35.781508],[129.2318342,35.7814947],[129.2316932,35.781414],[129.2315611,35.7813244],[129.2315034,35.7812824],[129.2313427,35.781159],[129.2311763,35.7810319],[129.2311208,35.7809903],[129.2310509,35.7809447],[129.2310372,35.7809379],[129.2310171,35.7809332],[129.2309671,35.7809256],[129.2309417,35.7809254],[129.2309152,35.7809292],[129.2308919,35.7809354],[129.230873,35.7809481],[129.230862,35.7809675],[129.2308597,35.7809889],[129.2308601,35.781012],[129.2308664,35.781031],[129.2308893,35.781088],[129.2309755,35.7812263],[129.231024,35.7813292],[129.2310372,35.7813659],[129.2310437,35.7814014],[129.2310458,35.7814435],[129.2310423,35.7814659],[129.2310174,35.781531],[129.2310098,35.781544],[129.2309731,35.7815702],[129.2309538,35.7815807],[129.2309457,35.7815829],[129.2309368,35.781585],[129.2309356,35.7815851],[129.2309252,35.7815836],[129.2309027,35.7815784],[129.2308775,35.7815694],[129.2308537,35.7815597],[129.2308387,35.7815533],[129.230824,35.781545],[129.2307055,35.7814564],[129.230605,35.7813707],[129.2304955,35.7812796],[129.2304435,35.7812206],[129.2304189,35.7812018],[129.2303975,35.7811908],[129.2303728,35.7811821],[129.23034,35.7811746],[129.230309,35.7811708],[129.230275,35.7811682],[129.2302442,35.7811682],[129.2302236,35.7811688],[129.2300633,35.7811873],[129.2297691,35.781266],[129.2296221,35.7813303],[129.2295045,35.7813835],[129.2293826,35.7814514],[129.2293116,35.7815043],[129.2292411,35.7815815],[129.2291564,35.7817267],[129.2290761,35.7819107],[129.2290096,35.7821318],[129.2289329,35.7824074],[129.2288555,35.782697],[129.2288041,35.7829113],[129.2287799,35.7829884],[129.2287299,35.7830787],[129.228647,35.7832188],[129.2285604,35.7833664],[129.2284949,35.7834615],[129.22841,35.7835463],[129.2283092,35.7836227],[129.2281878,35.7836961],[129.2280639,35.7837516],[129.2280147,35.7837608],[129.2279726,35.783766],[129.2279094,35.7837708],[129.2273559,35.7838018],[129.2265854,35.7838458],[129.2263646,35.7838372],[129.2261919,35.7838152],[129.2261608,35.7838055],[129.226143,35.7837984],[129.2261309,35.783792],[129.2261247,35.7837847],[129.2261105,35.7837586],[129.226106,35.7837446],[129.2261031,35.7837247],[129.226122,35.7834753],[129.2261556,35.7831595],[129.2261559,35.7831334],[129.2261528,35.7831123],[129.2261393,35.7830832],[129.2261167,35.7830598],[129.2260775,35.783041],[129.2259898,35.7830223],[129.2259433,35.7830212],[129.2259001,35.7830226],[129.2258706,35.7830257],[129.2258389,35.7830303],[129.2257564,35.7830499],[129.2256686,35.783095],[129.2255949,35.7831497],[129.2255241,35.7832293],[129.225456,35.7832865],[129.2253564,35.7833568],[129.2252149,35.783508],[129.2250327,35.7836857],[129.225,35.7837131],[129.2249684,35.7837343],[129.2249445,35.7837446],[129.2249045,35.7837494],[129.2248513,35.7837509],[129.2247788,35.7837451],[129.2247359,35.7837417],[129.2246905,35.783736],[129.224631,35.7837429],[129.2246014,35.7837539],[129.2245526,35.7837782],[129.2244998,35.7838098],[129.2243879,35.7839112],[129.2242041,35.7841049],[129.224102,35.7841871],[129.2240777,35.784205],[129.2240264,35.7842291],[129.2239732,35.7842381],[129.223928,35.7842413],[129.2238912,35.7842365],[129.2238571,35.7842277],[129.2237915,35.7841998],[129.2236813,35.784149],[129.2236461,35.7841361],[129.2236153,35.7841322],[129.2235726,35.7841345],[129.2235208,35.7841411],[129.2234793,35.7841514],[129.2234267,35.7841718],[129.2233641,35.7842127],[129.2232843,35.7842755],[129.2232517,35.7843116],[129.2231728,35.7844101],[129.2230982,35.7845371],[129.2230674,35.7845968],[129.2230439,35.7846776],[129.2230313,35.7847306],[129.2230301,35.7847793],[129.2230384,35.7849305],[129.2230392,35.7852102],[129.2230362,35.7852633],[129.2230074,35.785415],[129.2229551,35.7856168],[129.2229428,35.7857273],[129.2229478,35.7858578],[129.2229544,35.7859335],[129.2230113,35.7861872],[129.2230552,35.786342],[129.2232197,35.7869346],[129.2232532,35.7870623],[129.2232632,35.7871216],[129.2232619,35.787147],[129.2232578,35.7871703],[129.2232494,35.7871887],[129.2232033,35.7872416],[129.2231459,35.7873055],[129.2231271,35.7873315],[129.2231119,35.787364],[129.2231023,35.7873954],[129.2231025,35.7874354],[129.2231118,35.7874775],[129.2231317,35.7875445],[129.2231447,35.7876007],[129.2231468,35.7876242],[129.2231418,35.7876548],[129.2231314,35.7876899],[129.2230946,35.787774],[129.2230299,35.7879522],[129.222997,35.7880761],[129.2229838,35.7881741],[129.2229807,35.7882317],[129.2229842,35.7883193],[129.2229922,35.788354],[129.2230036,35.7883853],[129.2230197,35.7884113],[129.2230455,35.788445],[129.2230777,35.7884734],[129.2231278,35.7885045],[129.2234367,35.7886592],[129.2234923,35.7886842],[129.2235477,35.7887066],[129.2236518,35.7887382],[129.2237037,35.7887574],[129.2238277,35.7888139],[129.224344,35.7891045],[129.2243604,35.7891149],[129.2243666,35.7891191],[129.2243788,35.7891281],[129.2244963,35.789238],[129.2246253,35.7893779],[129.2246654,35.7894244],[129.2247717,35.7895476],[129.224844,35.7896081],[129.225,35.7896938],[129.2250819,35.7897286],[129.2253082,35.7898732],[129.2254085,35.7899384],[129.2254556,35.7899663],[129.2254849,35.7899807],[129.2255948,35.7900185],[129.2258664,35.7901014],[129.2258884,35.7901087],[129.2259159,35.7901152],[129.225945,35.790127],[129.2259668,35.7901401],[129.2259846,35.7901555],[129.226003,35.7901798],[129.2260292,35.7902284],[129.2260484,35.7902685],[129.2260717,35.7903109],[129.2260983,35.790347],[129.2261251,35.7903725],[129.2261543,35.7903892],[129.2262027,35.7903987],[129.226245,35.7904002],[129.2263008,35.7903977],[129.2263444,35.7903928],[129.2263866,35.7903913],[129.2264488,35.7903945],[129.2264934,35.7904015],[129.2265343,35.7904137],[129.2265771,35.7904325],[129.2266013,35.7904528],[129.2266214,35.7904751],[129.2266441,35.7905151],[129.2266568,35.7905479],[129.2266664,35.7905825],[129.2266768,35.7906399],[129.2266874,35.790688],[129.2267009,35.790732],[129.2267143,35.7907691],[129.2267252,35.7908004],[129.2267442,35.790845],[129.2267638,35.790888],[129.2267833,35.790947],[129.2267925,35.7909916],[129.2268154,35.7913562],[129.2268545,35.7919463],[129.2268786,35.7920855],[129.2268916,35.7921445],[129.2269082,35.7921935],[129.2269273,35.7922404],[129.2269521,35.7922896],[129.2272993,35.7928249],[129.2273168,35.7928596],[129.2273311,35.7928938],[129.2274823,35.7933524],[129.227608,35.7939603],[129.2277195,35.7944637],[129.2277565,35.7945811],[129.2277903,35.7946613],[129.2278164,35.7947037],[129.2278795,35.794784],[129.2280177,35.7949213],[129.2281051,35.7950003],[129.2281604,35.7950495],[129.2282244,35.7950885],[129.2283346,35.7951341],[129.2283723,35.7951517],[129.2283936,35.7951656],[129.2286157,35.7953375],[129.228925,35.7956159],[129.2289648,35.7956492],[129.2289975,35.7956729],[129.229019,35.7956904],[129.2290345,35.7957137],[129.2290498,35.7957401],[129.2290633,35.7957652],[129.2290722,35.7957981],[129.2290794,35.7958254],[129.229087,35.7958713],[129.2290914,35.7959097],[129.2290928,35.7959575],[129.2290831,35.7960233],[129.2291539,35.7960174]]]]}},{"type":"Feature","properties":{"UFID":"100035901090A00110100000004426252"},"geometry":{"type":"MultiPolygon","coordinates":[[[[129.2481813,35.7997573],[129.2481758,35.7997213],[129.2481554,35.7997266],[129.2481383,35.7997275],[129.2458196,35.7999235],[129.2448354,35.8000004],[129.244744,35.8000107],[129.2447134,35.8000135],[129.2447257,35.8000399],[129.2447669,35.8000372],[129.2451827,35.8000004],[129.245823,35.7999504],[129.2481411,35.7997545],[129.2481643,35.7997533],[129.2481813,35.7997573]]]]}},{"type":"Feature","properties":{"UFID":"100035901080A00110100000004426253"},"geometry":{"type":"MultiPolygon","coordinates":[[[[129.2446429,35.8000452],[129.2446037,35.8000213],[129.243213,35.8001392],[129.2430577,35.8001532],[129.243013,35.8001397],[129.242976,35.800119],[129.2429023,35.8000705],[129.2428092,35.8000139],[129.2426226,35.7998865],[129.2425643,35.7998442],[129.242558,35.7998347],[129.2425546,35.7998228],[129.2425553,35.7998182],[129.2425108,35.7998613],[129.2425146,35.7998607],[129.2425266,35.7998607],[129.2425945,35.7999071],[129.2427434,35.8000005],[129.2429561,35.8001408],[129.2429977,35.8001639],[129.2430535,35.8001808],[129.2432166,35.800166],[129.2446391,35.8000455],[129.2446429,35.8000452]]]]}},{"type":"Feature","properties":{"UFID":"100035901080A00110100000004426254"},"geometry":{"type":"MultiPolygon","coordinates":[[[[129.2425108,35.7998613],[129.2424101,35.7997575],[129.2422907,35.7998034],[129.2422386,35.8000005],[129.2421803,35.8001195],[129.242107,35.8003127],[129.2420204,35.800569],[129.241937,35.8008145],[129.2420266,35.8008224],[129.2420281,35.8008165],[129.2420937,35.8006],[129.2421341,35.8004821],[129.2421839,35.8003468],[129.2422455,35.8002117],[129.2422946,35.8001139],[129.2423401,35.8000418],[129.2423899,35.7999803],[129.2424773,35.7998889],[129.2425108,35.7998613]]]]}},{"type":"Feature","properties":{"UFID":"100035901080A00110100000004426255"},"geometry":{"type":"MultiPolygon","coordinates":[[[[129.2291613,35.7960787],[129.229101,35.7960958],[129.2291087,35.7961162],[129.2291431,35.796297],[129.2291974,35.7964738],[129.2292038,35.7964989],[129.2292122,35.7966114],[129.2292139,35.7966431],[129.2292155,35.7966775],[129.2292182,35.7967132],[129.2292201,35.7967742],[129.2292262,35.7968126],[129.2292351,35.7968422],[129.2292503,35.7968684],[129.2292746,35.7969015],[129.2293421,35.7969864],[129.2293505,35.7970025],[129.2293581,35.7970242],[129.2293898,35.7971334],[129.2294352,35.7972285],[129.2295213,35.7973633],[129.2295324,35.7973953],[129.2295405,35.7974255],[129.2295415,35.7974437],[129.2295417,35.7974792],[129.229532,35.797529],[129.2295239,35.7975559],[129.2295053,35.7976035],[129.2294903,35.7976413],[129.2294768,35.7976878],[129.2294665,35.7977485],[129.2294658,35.7977926],[129.2294735,35.7978702],[129.2294994,35.7980189],[129.2295565,35.7982197],[129.2296513,35.7984297],[129.2297581,35.7986361],[129.2298819,35.7988486],[129.2299032,35.7988861],[129.2299161,35.7989168],[129.2299236,35.7989447],[129.2299285,35.7989663],[129.2299277,35.7989988],[129.2299276,35.7990005],[129.2299259,35.7990086],[129.2299103,35.7990462],[129.2298995,35.7990653],[129.2297631,35.799226],[129.2295975,35.7994136],[129.2295227,35.7994805],[129.2294804,35.7995319],[129.2294686,35.799558],[129.2294576,35.7996037],[129.2294567,35.7996331],[129.2294593,35.799665],[129.2294678,35.7997126],[129.2294762,35.7997527],[129.2294841,35.7998545],[129.2294803,35.7998907],[129.2294745,35.7999299],[129.2294612,35.8000004],[129.2294471,35.8002191],[129.2294441,35.8002747],[129.2294215,35.8003102],[129.2293949,35.8003329],[129.2293135,35.8003598],[129.2290492,35.8004351],[129.2289962,35.8004562],[129.2289709,35.8004719],[129.2289502,35.8004937],[129.228936,35.8005249],[129.2289145,35.8005825],[129.2289027,35.8006423],[129.2288912,35.8007456],[129.2288786,35.800917],[129.2288751,35.800972],[129.2288773,35.8010136],[129.2288818,35.8010592],[129.2288908,35.801101],[129.2289178,35.8011407],[129.2289535,35.8011699],[129.2289945,35.8011903],[129.2290499,35.801212],[129.2290914,35.8012267],[129.2291449,35.8012464],[129.2291967,35.8012696],[129.2292308,35.8012884],[129.2292573,35.8013052],[129.2292934,35.8013358],[129.2293268,35.8013744],[129.2293525,35.8014099],[129.2293745,35.8014431],[129.2293969,35.8014827],[129.2294112,35.8015119],[129.229423,35.8015449],[129.2294333,35.8015937],[129.2294351,35.8016259],[129.2294351,35.8016495],[129.2294332,35.8016823],[129.2294267,35.8017301],[129.2293736,35.8019609],[129.2293616,35.8020226],[129.2293383,35.8021749],[129.2293384,35.8022986],[129.2293435,35.8023491],[129.2293524,35.802378],[129.2293672,35.8024279],[129.2294107,35.8025521],[129.2294531,35.8026547],[129.2294598,35.8027118],[129.2294599,35.802741],[129.2294462,35.8027833],[129.2293905,35.8028691],[129.2292998,35.8030139],[129.2292649,35.8030941],[129.2292635,35.8031581],[129.2292756,35.8032365],[129.2292841,35.8032772],[129.2292996,35.8033247],[129.2293058,35.8033847],[129.2292928,35.8034869],[129.2292606,35.8037256],[129.2292461,35.8039614],[129.2292348,35.8040229],[129.2292221,35.8040348],[129.2292042,35.8040412],[129.2291815,35.8040413],[129.2291697,35.8040345],[129.2291581,35.8040184],[129.2291419,35.8039679],[129.2290826,35.8037703],[129.2290232,35.8035783],[129.2290081,35.8035173],[129.2289826,35.8034585],[129.2289668,35.8034361],[129.2288963,35.803342],[129.2287307,35.8031418],[129.228675,35.8030912],[129.2286164,35.8030789],[129.2285758,35.80309],[129.2285486,35.8031123],[129.2285231,35.8031442],[129.2284873,35.8032071],[129.2284502,35.803304],[129.2284505,35.8033929],[129.2284624,35.8034546],[129.2284722,35.8035327],[129.2284609,35.8035882],[129.2283743,35.8038463],[129.2283468,35.8039628],[129.2283664,35.8040861],[129.2283754,35.8041505],[129.2283911,35.8042786],[129.2283912,35.8043319],[129.2283721,35.8043937],[129.2283461,35.804435],[129.2282913,35.8045068],[129.2282798,35.8045372],[129.2282541,35.8046389],[129.228228,35.804718],[129.2281874,35.8048064],[129.2281817,35.8048365],[129.2281591,35.804921],[129.2281049,35.8051172],[129.2280895,35.8051403],[129.2280559,35.8052002],[129.2280311,35.8052393],[129.2280125,35.8052624],[129.2279653,35.8053071],[129.2279227,35.8053379],[129.2278806,35.8053675],[129.2277958,35.8054243],[129.2277542,35.805459],[129.2277189,35.8055009],[129.2276986,35.8055494],[129.2276874,35.8055983],[129.2276832,35.8056465],[129.2276829,35.8056912],[129.2276826,35.8057477],[129.2276747,35.8058775],[129.2276747,35.8058797],[129.2276722,35.8058968],[129.2276631,35.8059292],[129.2276084,35.8059884],[129.2275729,35.806009],[129.2275386,35.8060249],[129.2274981,35.8060295],[129.2274907,35.8060267],[129.2274584,35.8059962],[129.2274381,35.8059629],[129.2274117,35.8059033],[129.2273924,35.8058537],[129.227374,35.8057947],[129.2273515,35.8057026],[129.2273316,35.8056139],[129.2272983,35.8054553],[129.2272813,35.8053914],[129.2272636,35.8053299],[129.2272547,35.8052991],[129.2272042,35.8050808],[129.2271816,35.8049823],[129.2271468,35.8048544],[129.2270905,35.8047742],[129.2270085,35.8046868],[129.2269661,35.8046472],[129.2269213,35.8046137],[129.2268715,35.8045791],[129.2268187,35.8045495],[129.226764,35.8045255],[129.2267086,35.8045081],[129.226698,35.804508],[129.2264638,35.8045014],[129.2264188,35.8044948],[129.2263723,35.8044871],[129.2263196,35.804475],[129.2262844,35.8044629],[129.2262793,35.8044606],[129.2262524,35.8044484],[129.2262312,35.8044389],[129.2261888,35.8044099],[129.2260108,35.8042867],[129.2259181,35.8042238],[129.2257506,35.8041176],[129.2256401,35.804053],[129.2256024,35.804036],[129.2255506,35.8040219],[129.2255067,35.8040104],[129.2254601,35.8040058],[129.2253441,35.8040014],[129.2251729,35.8040037],[129.2250798,35.804005],[129.2249999,35.8040014],[129.2249355,35.8039944],[129.2248988,35.8039893],[129.2248397,35.8039823],[129.2247949,35.8039793],[129.224671,35.8039826],[129.2245786,35.8039915],[129.2243347,35.8040256],[129.2242418,35.8040573],[129.2241437,35.8040891],[129.2240517,35.8041409],[129.2238144,35.8042711],[129.2237739,35.8042927],[129.2236634,35.8043558],[129.22355,35.8044173],[129.2234926,35.8044426],[129.2234121,35.8044741],[129.2232619,35.8045351],[129.2231298,35.8045992],[129.2230187,35.8046702],[129.2229659,35.804714],[129.222935,35.8047424],[129.222912,35.8047717],[129.2228893,35.8048063],[129.2228707,35.8048292],[129.2228539,35.8048406],[129.2228366,35.8048476],[129.2228119,35.8048561],[129.2227813,35.8048642],[129.2227508,35.8048694],[129.222711,35.8048754],[129.2226147,35.8048823],[129.2224708,35.804891],[129.2224098,35.8049019],[129.2223777,35.8049128],[129.22235,35.804928],[129.2223311,35.804943],[129.2223111,35.8049608],[129.2222925,35.8049865],[129.2222664,35.8050234],[129.2222383,35.8050776],[129.2221645,35.8052271],[129.2221132,35.8053657],[129.2220643,35.8055237],[129.2220611,35.8055432],[129.2218658,35.8060755],[129.221835,35.8061632],[129.2217717,35.8063869],[129.2217512,35.8065324],[129.2217446,35.8066358],[129.2217209,35.8067369],[129.2216819,35.8068557],[129.2216378,35.8069983],[129.2215998,35.8070525],[129.2214646,35.8072223],[129.2213437,35.8073969],[129.2211643,35.8077526],[129.2210955,35.8078266],[129.2210253,35.8078684],[129.2209649,35.8079064],[129.2209009,35.8079663],[129.2208282,35.8080281],[129.2207726,35.808052],[129.2206802,35.8080731],[129.220469,35.808088],[129.2202389,35.8080872],[129.2200922,35.8080728],[129.2199103,35.8080563],[129.2198575,35.8080339],[129.2198189,35.8079875],[129.219696,35.807868],[129.2195652,35.8077872],[129.2193563,35.8077259],[129.2186083,35.8074996],[129.2185513,35.8074735],[129.2181007,35.8072384],[129.2176374,35.807005],[129.2168882,35.8066118],[129.216459,35.8063861],[129.2164011,35.8063485],[129.2161846,35.8061852],[129.2161073,35.8061439],[129.216003,35.8060955],[129.2159057,35.806063],[129.2159058,35.8060971],[129.2159861,35.8061239],[129.216087,35.8061708],[129.2161607,35.8062101],[129.2163759,35.8063724],[129.2164364,35.8064117],[129.2168673,35.8066383],[129.2176168,35.8070317],[129.2180801,35.8072651],[129.2185313,35.8075006],[129.218592,35.8075282],[129.219343,35.8077555],[129.2195464,35.8078153],[129.2196691,35.807891],[129.219788,35.8080066],[129.219831,35.8080582],[129.2198988,35.8080871],[129.2200877,35.8081042],[129.2202365,35.8081187],[129.2204706,35.8081196],[129.2206872,35.8081043],[129.220787,35.8080814],[129.2208518,35.8080536],[129.2209295,35.8079876],[129.2209916,35.8079294],[129.2210486,35.8078936],[129.2211228,35.8078493],[129.2211982,35.8077684],[129.2213785,35.8074107],[129.2214978,35.8072387],[129.2216328,35.8070689],[129.2216742,35.8070102],[129.2217195,35.8068637],[129.2217586,35.8067439],[129.2217923,35.8066006],[129.2218227,35.8063894],[129.2218418,35.8062956],[129.2219033,35.8060837],[129.2220984,35.8055516],[129.2221307,35.8054469],[129.2222005,35.8052674],[129.222283,35.8050881],[129.2223138,35.8050454],[129.2223704,35.8049844],[129.2224246,35.8049488],[129.2225091,35.8049252],[129.2226527,35.8049098],[129.222785,35.8049018],[129.2228733,35.8048893],[129.2229045,35.8048685],[129.2229485,35.8048265],[129.2230043,35.8047599],[129.2231451,35.804652],[129.2233531,35.8045543],[129.2234485,35.8045137],[129.2236152,35.8044521],[129.2237505,35.8043497],[129.2240738,35.8041668],[129.2241621,35.804117],[129.2242564,35.8040864],[129.2243456,35.804056],[129.2245841,35.8040227],[129.2246739,35.8040141],[129.2247938,35.8040108],[129.2248352,35.8040137],[129.2248928,35.8040205],[129.2249299,35.8040256],[129.225,35.804033],[129.2250791,35.8040366],[129.2251735,35.8040353],[129.2253436,35.804033],[129.2254568,35.8040372],[129.2254984,35.8040414],[129.2255385,35.8040518],[129.2255867,35.804065],[129.2256194,35.8040797],[129.2257274,35.8041429],[129.2258938,35.8042484],[129.2259859,35.8043108],[129.2261638,35.804434],[129.2262092,35.804465],[129.2262271,35.8044731],[129.2262497,35.8044833],[129.2262674,35.8044913],[129.2263068,35.8045048],[129.2263632,35.8045178],[129.2264116,35.8045258],[129.2264597,35.8045329],[129.2266972,35.8045395],[129.2267012,35.8045395],[129.2267478,35.8045542],[129.2267984,35.8045764],[129.2268479,35.8046041],[129.2268956,35.8046374],[129.2269451,35.8046743],[129.226994,35.8047162],[129.2270397,35.8047618],[129.2270764,35.8048081],[129.2271031,35.8048546],[129.2271271,35.8048995],[129.2271407,35.8049587],[129.2271506,35.8050132],[129.2271645,35.8050902],[129.2271764,35.8051496],[129.2271884,35.8052077],[129.2272082,35.8052784],[129.2272259,35.8053373],[129.2272435,35.8053983],[129.2272604,35.8054614],[129.2272935,35.8056194],[129.2273135,35.8057086],[129.2273362,35.8058016],[129.2273551,35.8058623],[129.227375,35.8059134],[129.2274024,35.8059753],[129.2274259,35.8060139],[129.2274669,35.8060526],[129.2274922,35.806062],[129.2275513,35.8060554],[129.2275937,35.8060355],[129.2276357,35.8060112],[129.227699,35.8059427],[129.2277104,35.8059021],[129.2277134,35.8058816],[129.2277134,35.8058783],[129.2277214,35.8057486],[129.2277216,35.8056913],[129.227722,35.8056476],[129.2277258,35.8056023],[129.2277361,35.8055574],[129.2277538,35.8055151],[129.2277842,35.8054791],[129.2278221,35.8054475],[129.2279054,35.8053916],[129.2279482,35.8053616],[129.2279929,35.8053293],[129.2280434,35.8052813],[129.2280646,35.8052552],[129.2280908,35.805214],[129.2281242,35.8051545],[129.2281293,35.8051468],[129.2281764,35.8050118],[129.2282555,35.804748],[129.2282649,35.8047275],[129.2282918,35.8046462],[129.2283174,35.804545],[129.2283268,35.8045199],[129.2283798,35.8044506],[129.2284087,35.8044049],[129.2284299,35.8043358],[129.2284298,35.804277],[129.2284139,35.8041472],[129.2284048,35.8040823],[129.2283859,35.8039638],[129.2284121,35.8038535],[129.2284987,35.8035949],[129.2285113,35.8035337],[129.2285009,35.8034505],[129.2284892,35.8033904],[129.228489,35.8033088],[129.2285235,35.8032185],[129.228557,35.8031594],[129.2285788,35.8031322],[129.2285968,35.8031175],[129.2286529,35.8031181],[129.2286671,35.8031221],[129.228677,35.8031293],[129.2287864,35.8032651],[129.2289306,35.8034436],[129.2289638,35.8035101],[129.229015,35.8036614],[129.2290675,35.8038426],[129.2291043,35.8039756],[129.229122,35.8040307],[129.2291405,35.8040564],[129.2291693,35.8040729],[129.2292124,35.8040728],[129.2292459,35.8040607],[129.2292714,35.8040365],[129.2292848,35.8039646],[129.2292992,35.8037281],[129.2293313,35.8034902],[129.2293446,35.8033849],[129.2293379,35.8033193],[129.2293219,35.8032704],[129.2293139,35.8032319],[129.2293022,35.8031564],[129.2293035,35.8030998],[129.2293354,35.8030264],[129.2294248,35.8028836],[129.2294825,35.8027949],[129.2294986,35.802745],[129.2294986,35.8027102],[129.2294913,35.8026481],[129.2294477,35.8025428],[129.2294047,35.8024199],[129.22939,35.8023704],[129.2293818,35.8023439],[129.2293771,35.8022973],[129.229377,35.8021768],[129.2293999,35.802027],[129.2294118,35.8019662],[129.229465,35.8017348],[129.2294718,35.8016848],[129.2294738,35.8016502],[129.2294739,35.8016252],[129.2294719,35.8015903],[129.2294608,35.8015378],[129.2294478,35.8015016],[129.2294325,35.8014702],[129.2294091,35.8014291],[129.2293862,35.8013943],[129.2293594,35.8013573],[129.2293233,35.8013156],[129.2292834,35.8012817],[129.2292535,35.8012628],[129.2292169,35.8012427],[129.2291623,35.8012181],[129.229107,35.8011979],[129.2290661,35.8011833],[129.229013,35.8011626],[129.2289776,35.8011449],[129.228949,35.8011216],[129.2289278,35.8010903],[129.2289203,35.8010553],[129.2289159,35.8010118],[129.228914,35.8009722],[129.2289173,35.8009187],[129.2289298,35.8007479],[129.2289412,35.8006463],[129.2289523,35.8005895],[129.2289727,35.8005349],[129.2289844,35.8005093],[129.2289984,35.8004945],[129.2290167,35.8004832],[129.2290642,35.8004642],[129.229327,35.8003894],[129.2294171,35.8003596],[129.2294533,35.8003287],[129.2294824,35.800283],[129.2294859,35.8002206],[129.2295,35.8000004],[129.2295129,35.7999342],[129.2295188,35.7998938],[129.229523,35.7998549],[129.2295147,35.799749],[129.2295061,35.7997077],[129.2294977,35.7996617],[129.2294955,35.7996323],[129.2294963,35.7996071],[129.229506,35.7995665],[129.2295151,35.7995464],[129.2295533,35.7995],[129.2296276,35.7994335],[129.2297948,35.7992441],[129.2299333,35.799081],[129.2299463,35.7990579],[129.2299635,35.7990164],[129.2299664,35.7990033],[129.2299663,35.7989992],[129.2299672,35.7989638],[129.2299615,35.7989385],[129.2299535,35.7989083],[129.2299392,35.7988744],[129.229917,35.7988352],[129.2297935,35.7986233],[129.2296873,35.7984182],[129.2295938,35.7982107],[129.2295376,35.7980131],[129.2295119,35.7978667],[129.2295045,35.7977914],[129.2295051,35.7977509],[129.2295149,35.7976936],[129.2295276,35.7976499],[129.2295422,35.7976132],[129.2295611,35.7975645],[129.22957,35.7975352],[129.2295804,35.7974816],[129.2295802,35.7974429],[129.229579,35.7974215],[129.22957,35.7973877],[129.2295576,35.7973516],[129.2294706,35.7972155],[129.2294268,35.797124],[129.2293956,35.7970163],[129.2293871,35.796992],[129.2293765,35.7969716],[129.2293076,35.7968848],[129.2292845,35.7968535],[129.2292717,35.7968316],[129.2292642,35.7968068],[129.2292587,35.7967717],[129.2292568,35.7967119],[129.2292541,35.7966759],[129.2292527,35.7966419],[129.2292508,35.7966097],[129.2292423,35.7964948],[129.2292354,35.7964692],[129.2291967,35.7963146],[129.2291703,35.7961533],[129.2291613,35.7960787]]]]}},{"type":"Feature","properties":{"UFID":"100035901089A00110100000004426886"},"geometry":{"type":"MultiPolygon","coordinates":[[[[129.2089465,35.7924292],[129.2089493,35.7924841],[129.2089629,35.7924844],[129.2089758,35.7924842],[129.2089811,35.7924838],[129.2090411,35.7924677],[129.209158,35.7924267],[129.2092245,35.7924061],[129.2092854,35.7923681],[129.2093664,35.7923458],[129.2094305,35.792332],[129.2095452,35.7923095],[129.2096353,35.7922797],[129.2096905,35.7922955],[129.2097048,35.792327],[129.2097677,35.7923091],[129.209717,35.7921945],[129.2095486,35.7922492],[129.2094066,35.7922765],[129.2093082,35.7923001],[129.2092447,35.792325],[129.2092061,35.7923441],[129.2091744,35.792359],[129.2090752,35.7923913],[129.2089465,35.7924292]]]]}},{"type":"Feature","properties":{"UFID":"100035901089A00110100000004426887"},"geometry":{"type":"MultiPolygon","coordinates":[[[[129.2087246,35.7918831],[129.2087406,35.7919299],[129.208997,35.7918993],[129.2089946,35.7918839],[129.20904,35.7918788],[129.2090836,35.7918797],[129.2090914,35.791881],[129.2091467,35.7918988],[129.209222,35.7919229],[129.2093242,35.7919518],[129.20939,35.7919657],[129.2094578,35.7919796],[129.2094773,35.791985],[129.2095191,35.7920026],[129.2095652,35.7920174],[129.2096068,35.7920233],[129.2096125,35.7919967],[129.2095743,35.7919913],[129.2095329,35.791978],[129.2094903,35.79196],[129.2094671,35.7919537],[129.2093983,35.7919395],[129.2093338,35.7919259],[129.2092335,35.7918975],[129.2091588,35.7918736],[129.2091007,35.7918549],[129.2090872,35.7918528],[129.2090382,35.7918517],[129.2089456,35.7918621],[129.2087733,35.7918747],[129.2087246,35.7918831]]]]}},{"type":"Feature","properties":{"UFID":"100035901089A00110100000004426888"},"geometry":{"type":"MultiPolygon","coordinates":[[[[129.2097743,35.7782501],[129.2096846,35.7782643],[129.2096891,35.7782746],[129.2097157,35.7782774],[129.2097301,35.7782867],[129.2097355,35.7783083],[129.2097501,35.77836],[129.2097541,35.7783884],[129.2097509,35.7784124],[129.2097426,35.7784424],[129.2097366,35.7784731],[129.2097366,35.7784864],[129.2097377,35.7784966],[129.2097511,35.7785682],[129.2097554,35.7785841],[129.2097597,35.7785968],[129.2097917,35.7785896],[129.2097876,35.7785776],[129.2097837,35.7785632],[129.2097706,35.7784934],[129.2097698,35.7784853],[129.2097698,35.7784752],[129.2097752,35.7784475],[129.2097837,35.7784169],[129.2097875,35.7783883],[129.2097829,35.7783554],[129.209768,35.7783026],[129.2097639,35.7782861],[129.2097743,35.7782501]]]]}},{"type":"Feature","properties":{"UFID":"100035901089A00110100000004426889"},"geometry":{"type":"MultiPolygon","coordinates":[[[[129.209565,35.7782788],[129.2095253,35.7782917],[129.2095281,35.7783239],[129.2095154,35.7784807],[129.2095485,35.7784825],[129.209565,35.7782788]]]]}},{"type":"Feature","properties":{"UFID":"100035901090A00110100000004426890"},"geometry":{"type":"MultiPolygon","coordinates":[[[[129.2390877,35.7910937],[129.2390787,35.791081],[129.2383906,35.790228],[129.2383907,35.7902227],[129.2383572,35.7902358],[129.2390504,35.7910952],[129.239063,35.791113],[129.2390877,35.7910937]]]]}},{"type":"Feature","properties":{"UFID":"100035901090A00110100000004426891"},"geometry":{"type":"MultiPolygon","coordinates":[[[[129.2291613,35.7960787],[129.229154,35.7960181],[129.2291539,35.7960174],[129.2290831,35.7960233],[129.229101,35.7960958],[129.2291613,35.7960787]]]]}},{"type":"Feature","properties":{"UFID":"100035901090A00110100000004426892"},"geometry":{"type":"MultiPolygon","coordinates":[[[[129.2383907,35.7902227],[129.2383554,35.7901823],[129.2383135,35.79019],[129.2383177,35.7901943],[129.2383239,35.7902007],[129.2383341,35.7902112],[129.2383424,35.7902191],[129.238351,35.7902281],[129.2383572,35.7902358],[129.2383907,35.7902227]]]]}},{"type":"Feature","properties":{"UFID":"100035901090A00110100000004426893"},"geometry":{"type":"MultiPolygon","coordinates":[[[[129.229101,35.7960958],[129.2290831,35.7960233],[129.2290234,35.7962156],[129.2289835,35.7963924],[129.2289442,35.7966263],[129.2289771,35.7966301],[129.2290162,35.7963966],[129.2290559,35.7962214],[129.2290926,35.796103],[129.229101,35.7960958]]]]}},{"type":"Feature","properties":{"UFID":"100035901090A00110100000004426894"},"geometry":{"type":"MultiPolygon","coordinates":[[[[129.2418471,35.793264],[129.2418439,35.7932288],[129.2418191,35.7932367],[129.2416114,35.7932568],[129.241448,35.7932668],[129.2413336,35.7932666],[129.2412514,35.7932588],[129.2412077,35.7932504],[129.2411032,35.7932038],[129.2410602,35.7931787],[129.2410192,35.7931509],[129.2409987,35.7931331],[129.2409689,35.7931526],[129.2409854,35.7931716],[129.2410482,35.793216],[129.2410835,35.7932353],[129.2411299,35.7932557],[129.2411981,35.7932763],[129.2412456,35.7932855],[129.2413317,35.7932936],[129.2414492,35.7932938],[129.2416146,35.7932838],[129.2418216,35.7932637],[129.2418471,35.793264]]]]}},{"type":"Feature","properties":{"UFID":"100035901090A00110100000004426895"},"geometry":{"type":"MultiPolygon","coordinates":[[[[129.2403172,35.791821],[129.2402928,35.7918123],[129.2400772,35.791647],[129.2398165,35.791451],[129.2396645,35.7913454],[129.2394599,35.7912526],[129.239425,35.7912429],[129.2393899,35.7912351],[129.2393556,35.7912216],[129.2393128,35.7912023],[129.2390955,35.7910977],[129.2390877,35.7910937],[129.239063,35.791113],[129.2390782,35.7911208],[129.2392963,35.7912257],[129.2393403,35.7912456],[129.2393782,35.7912605],[129.2394153,35.7912688],[129.2394464,35.7912774],[129.2396455,35.7913677],[129.2397945,35.7914712],[129.2400546,35.7916668],[129.2402744,35.7918353],[129.2402941,35.7918503],[129.2402994,35.7918544],[129.2403172,35.791821]]]]}},{"type":"Feature","properties":{"UFID":"100035901090A00110100000004426896"},"geometry":{"type":"MultiPolygon","coordinates":[[[[129.2421137,35.7953092],[129.2420591,35.795289],[129.2420665,35.7953145],[129.2420666,35.7953413],[129.2420662,35.7953427],[129.2420616,35.7953566],[129.242058,35.7953665],[129.2419161,35.7956375],[129.2419046,35.7956793],[129.2419019,35.7957002],[129.2419002,35.7957232],[129.2419016,35.7957437],[129.2419018,35.795745],[129.2419067,35.7957652],[129.2419126,35.7957777],[129.2419222,35.7957892],[129.2419435,35.7958035],[129.2420021,35.7958334],[129.2420624,35.7958661],[129.2421045,35.7958926],[129.2421099,35.7958977],[129.2421114,35.7959009],[129.2421126,35.7959066],[129.2421141,35.7959176],[129.2421135,35.7959376],[129.2421054,35.7959887],[129.2421009,35.7960057],[129.2420739,35.7960676],[129.2421225,35.7960692],[129.2421248,35.7960656],[129.2421394,35.7960342],[129.2421494,35.7960053],[129.2421589,35.7959663],[129.2421638,35.7959246],[129.2421651,35.7958951],[129.2421651,35.7958814],[129.2421652,35.7958761],[129.2421634,35.7958709],[129.2421594,35.7958671],[129.242082,35.7958298],[129.242014,35.7958002],[129.241975,35.7957782],[129.2419721,35.7957753],[129.2419553,35.7957582],[129.2419443,35.795742],[129.2419397,35.7957268],[129.2419386,35.7957045],[129.2419374,35.7956838],[129.2419479,35.7956459],[129.2420893,35.7953757],[129.2420936,35.7953639],[129.2420982,35.7953496],[129.2420988,35.7953478],[129.2421077,35.7953248],[129.2421137,35.7953092]]]]}},{"type":"Feature","properties":{"UFID":"100035901090A00110100000004426897"},"geometry":{"type":"MultiPolygon","coordinates":[[[[129.2421225,35.7960692],[129.2420739,35.7960676],[129.2420585,35.7960949],[129.2421004,35.7961036],[129.2421007,35.7961031],[129.2421225,35.7960692]]]]}},{"type":"Feature","properties":{"UFID":"100035901090A00110100000004426898"},"geometry":{"type":"MultiPolygon","coordinates":[[[[129.2418367,35.7963991],[129.2418121,35.7963935],[129.2418168,35.7963968],[129.2418197,35.7964021],[129.2418202,35.7964087],[129.2418106,35.7964823],[129.2418105,35.7965004],[129.2418168,35.7965222],[129.2418312,35.7965612],[129.2418536,35.7966339],[129.2418817,35.7967195],[129.2418921,35.7967395],[129.2418991,35.7967628],[129.2418985,35.7967744],[129.2419407,35.7967754],[129.2419239,35.7967317],[129.2418551,35.7965778],[129.2418414,35.7965333],[129.241837,35.7964917],[129.2418367,35.7964242],[129.2418367,35.7964229],[129.2418367,35.7963991]]]]}},{"type":"Feature","properties":{"UFID":"100035901090A00110100000004426899"},"geometry":{"type":"MultiPolygon","coordinates":[[[[129.2421004,35.7961036],[129.2420585,35.7960949],[129.2420439,35.7961184],[129.2420275,35.7961391],[129.2420141,35.7961579],[129.2419751,35.7961877],[129.2419226,35.7962119],[129.2418875,35.7962294],[129.2418448,35.7962622],[129.2418175,35.7963164],[129.2418086,35.7963593],[129.2418415,35.7963628],[129.2418496,35.7963238],[129.2418728,35.7962779],[129.2419077,35.796251],[129.2419407,35.7962346],[129.2419874,35.7962183],[129.2420379,35.7961869],[129.2420707,35.7961523],[129.2421004,35.7961036]]]]}},{"type":"Feature","properties":{"UFID":"100035901090A00110100000004426900"},"geometry":{"type":"MultiPolygon","coordinates":[[[[129.2418415,35.7963628],[129.2418086,35.7963593],[129.2418121,35.7963935],[129.2418367,35.7963991],[129.2418391,35.7963745],[129.2418415,35.7963628]]]]}},{"type":"Feature","properties":{"UFID":"100035901090A00110100000004426901"},"geometry":{"type":"MultiPolygon","coordinates":[[[[129.2418121,35.7963935],[129.2418086,35.7963593],[129.2417557,35.7963595],[129.2413069,35.7963689],[129.241308,35.7964031],[129.2416221,35.7963948],[129.2417865,35.7963882],[129.2417947,35.7963887],[129.2418028,35.7963902],[129.2418057,35.7963906],[129.2418121,35.7963935]]]]}},{"type":"Feature","properties":{"UFID":"100035901090A00110100000004426902"},"geometry":{"type":"MultiPolygon","coordinates":[[[[129.2420887,35.797323],[129.2420876,35.7972929],[129.2420339,35.7973007],[129.2420099,35.7973053],[129.2419864,35.7973094],[129.2418805,35.7973083],[129.2417898,35.7973082],[129.2417355,35.7973057],[129.2417202,35.7973027],[129.2417158,35.7972992],[129.2417104,35.7972946],[129.2417077,35.7972867],[129.241707,35.7972726],[129.2417072,35.7972672],[129.2416636,35.7972753],[129.2416719,35.7972781],[129.241676,35.7972822],[129.2416885,35.7973238],[129.2417595,35.7973227],[129.2417872,35.79732],[129.2418168,35.7973166],[129.2418701,35.7973103],[129.2418705,35.7973108],[129.241874,35.7973306],[129.2418785,35.797332],[129.2419469,35.7973313],[129.2419768,35.7973308],[129.2420026,35.797329],[129.2420406,35.7973272],[129.2420847,35.7973208],[129.2420887,35.797323]]]]}},{"type":"Feature","properties":{"UFID":"100035901090A00110100000004426903"},"geometry":{"type":"MultiPolygon","coordinates":[[[[129.2417083,35.7972379],[129.2417097,35.797199],[129.2417113,35.797149],[129.2417182,35.7971331],[129.2417281,35.7971193],[129.2417354,35.7971144],[129.2417471,35.7971083],[129.2417722,35.7971004],[129.2419299,35.797075],[129.2419631,35.7970683],[129.2419569,35.7970417],[129.2419227,35.7970486],[129.2417629,35.7970743],[129.2417321,35.797084],[129.2417158,35.7970925],[129.2417023,35.7971016],[129.2416879,35.7971217],[129.2416792,35.797142],[129.2416729,35.7971695],[129.2416679,35.7972264],[129.2416677,35.7972276],[129.241656,35.7972444],[129.2417083,35.7972379]]]]}},{"type":"Feature","properties":{"UFID":"100035901090A00110100000004426904"},"geometry":{"type":"MultiPolygon","coordinates":[[[[129.2417072,35.7972672],[129.2417083,35.7972379],[129.241656,35.7972444],[129.2416636,35.7972753],[129.2417072,35.7972672]]]]}},{"type":"Feature","properties":{"UFID":"100035901090A00110100000004426905"},"geometry":{"type":"MultiPolygon","coordinates":[[[[129.2418926,35.7968155],[129.2418985,35.7967744],[129.2418805,35.7967797],[129.2418703,35.7967799],[129.2418219,35.7967829],[129.2417711,35.7967855],[129.2417053,35.7967888],[129.2416575,35.796792],[129.2416339,35.7967915],[129.2416016,35.7967906],[129.2415477,35.7967886],[129.2414718,35.7967888],[129.2414422,35.79679],[129.2414128,35.7967926],[129.2413963,35.7967921],[129.2413229,35.7967794],[129.2413318,35.7968459],[129.2413568,35.7968348],[129.2413785,35.7968266],[129.2414009,35.796821],[129.2414289,35.7968186],[129.2414773,35.7968179],[129.2415066,35.7968193],[129.2415638,35.7968245],[129.2415935,35.7968266],[129.2415999,35.7968266],[129.2416326,35.7968275],[129.2416593,35.7968281],[129.2417084,35.7968247],[129.2417738,35.7968215],[129.2418249,35.7968189],[129.2418726,35.796816],[129.2418926,35.7968155]]]]}},{"type":"Feature","properties":{"UFID":"100035901090A00110100000004426906"},"geometry":{"type":"MultiPolygon","coordinates":[[[[129.2413318,35.7968459],[129.2411962,35.7968036],[129.2412085,35.7968274],[129.2412568,35.7968945],[129.2412636,35.79691],[129.241264,35.796918],[129.2412618,35.796929],[129.2412551,35.7969463],[129.2412419,35.7969722],[129.2412062,35.7970189],[129.2411761,35.7970624],[129.2411549,35.79709],[129.2411777,35.7971157],[129.2412091,35.7970635],[129.241263,35.7969976],[129.2412881,35.7969682],[129.2412949,35.7969551],[129.2412966,35.7969451],[129.2412928,35.7969202],[129.2412923,35.796896],[129.241297,35.7968753],[129.2413106,35.7968601],[129.2413318,35.7968459]]]]}},{"type":"Feature","properties":{"UFID":"100035901090A00110100000004426907"},"geometry":{"type":"MultiPolygon","coordinates":[[[[129.2413229,35.7967794],[129.2411772,35.7967701],[129.2411962,35.7968036],[129.2413318,35.7968459],[129.2413229,35.7967794]]]]}},{"type":"Feature","properties":{"UFID":"100035901090A00110100000004426908"},"geometry":{"type":"MultiPolygon","coordinates":[[[[129.2411962,35.7968036],[129.2411772,35.7967701],[129.2411661,35.796773],[129.2411606,35.7967735],[129.2411225,35.7967778],[129.2410248,35.7967834],[129.2409871,35.7967832],[129.2408391,35.7967818],[129.2408238,35.7967808],[129.2408167,35.79678],[129.240811,35.7968073],[129.2408153,35.7968059],[129.2408721,35.7968069],[129.240934,35.7968083],[129.2409955,35.7968084],[129.2410316,35.7968077],[129.2410659,35.7968053],[129.2411079,35.7968011],[129.2411529,35.7967973],[129.2411805,35.796796],[129.241189,35.7967987],[129.2411962,35.7968036]]]]}},{"type":"Feature","properties":{"UFID":"100035901090A00110100000004426909"},"geometry":{"type":"MultiPolygon","coordinates":[[[[129.240811,35.7968073],[129.2407634,35.7968075],[129.2407638,35.7968127],[129.240763,35.7968348],[129.2407634,35.7968413],[129.2407201,35.7970081],[129.2407055,35.7970596],[129.2407545,35.7970681],[129.2407664,35.7970287],[129.2407698,35.7970084],[129.2407898,35.7968822],[129.2407945,35.7968605],[129.240811,35.7968073]]]]}},{"type":"Feature","properties":{"UFID":"100035901090A00110100000004426910"},"geometry":{"type":"MultiPolygon","coordinates":[[[[129.2408167,35.79678],[129.2408074,35.7967789],[129.2407739,35.7967743],[129.2407634,35.7968075],[129.240811,35.7968073],[129.2408167,35.79678]]]]}},{"type":"Feature","properties":{"UFID":"100035901090A00110100000004426911"},"geometry":{"type":"MultiPolygon","coordinates":[[[[129.242006,35.7912284],[129.2420046,35.7912285],[129.2420021,35.7912264],[129.2419977,35.7912169],[129.2419814,35.7911666],[129.2419148,35.7909798],[129.2418782,35.7909049],[129.2418458,35.7908564],[129.2418193,35.790827],[129.2417853,35.7908084],[129.2416248,35.7907421],[129.2414324,35.7906662],[129.2413613,35.7906372],[129.2413468,35.7906344],[129.2413312,35.7906327],[129.2413369,35.7906636],[129.2413495,35.7906632],[129.2413516,35.7906635],[129.2414178,35.7906904],[129.24161,35.7907664],[129.2417684,35.7908317],[129.2417959,35.7908468],[129.2418177,35.790871],[129.2418481,35.7909164],[129.2418833,35.7909886],[129.2419494,35.7911738],[129.2419661,35.7912252],[129.2419775,35.7912497],[129.242006,35.7912284]]]]}},{"type":"Feature","properties":{"UFID":"100035901090A00110100000004426912"},"geometry":{"type":"MultiPolygon","coordinates":[[[[129.241678,35.7928247],[129.2416767,35.792824],[129.2416745,35.7928229],[129.2415261,35.7927498],[129.24133,35.7926263],[129.2410999,35.7924381],[129.240839,35.7922306],[129.2407916,35.7921947],[129.2407691,35.7922145],[129.2408161,35.7922502],[129.2410766,35.7924573],[129.241308,35.7926467],[129.2415073,35.7927722],[129.2416574,35.7928461],[129.241678,35.7928247]]]]}},{"type":"Feature","properties":{"UFID":"100035901090A00110100000004426913"},"geometry":{"type":"MultiPolygon","coordinates":[[[[129.2405806,35.7921698],[129.2405482,35.7921502],[129.240462,35.7920921],[129.2404285,35.7920744],[129.2404195,35.7920722],[129.240411,35.7920718],[129.2404035,35.7920713],[129.2403966,35.7920726],[129.2403886,35.7920756],[129.2403806,35.7920817],[129.2403429,35.7921164],[129.2403503,35.7921723],[129.2403657,35.7921745],[129.2403833,35.7921797],[129.2404476,35.7922122],[129.2405428,35.7922651],[129.240555,35.7922732],[129.2405806,35.7921698]]]]}},{"type":"Feature","properties":{"UFID":"100035901090A00110100000004426914"},"geometry":{"type":"MultiPolygon","coordinates":[[[[129.2403503,35.7921723],[129.2403429,35.7921164],[129.2403194,35.7921311],[129.2402891,35.7921467],[129.2402247,35.792177],[129.2401806,35.7922017],[129.2401539,35.7922217],[129.2401417,35.7922334],[129.2401311,35.7922494],[129.240114,35.7922806],[129.2400996,35.7923187],[129.2400911,35.7923556],[129.240089,35.7923881],[129.2401603,35.7923929],[129.2401518,35.7923361],[129.2401512,35.7923057],[129.2401545,35.7922832],[129.2401619,35.7922654],[129.2401731,35.792252],[129.2401949,35.7922303],[129.2402199,35.7922165],[129.2402636,35.7921957],[129.2403098,35.7921779],[129.2403333,35.7921723],[129.2403503,35.7921723]]]]}},{"type":"Feature","properties":{"UFID":"100035901090A00110100000004426915"},"geometry":{"type":"MultiPolygon","coordinates":[[[[129.241243,35.7906745],[129.2412371,35.7906471],[129.2411714,35.7906541],[129.2411536,35.7906541],[129.2410772,35.7906592],[129.2410026,35.7906638],[129.2408573,35.7906737],[129.2408387,35.790674],[129.2408233,35.7906742],[129.2408062,35.7906737],[129.2407743,35.7906707],[129.2406802,35.7906618],[129.2406003,35.7906596],[129.2405613,35.7906617],[129.2405615,35.7906976],[129.2405803,35.7906889],[129.2405886,35.7906874],[129.2406008,35.7906867],[129.2406777,35.7906889],[129.2407488,35.7906955],[129.2408455,35.7906984],[129.2409539,35.7906961],[129.2410052,35.7906908],[129.2410799,35.7906858],[129.241155,35.7906812],[129.2411737,35.7906811],[129.2412311,35.790675],[129.241243,35.7906745]]]]}},{"type":"Feature","properties":{"UFID":"100035901090A00110100000004426916"},"geometry":{"type":"MultiPolygon","coordinates":[[[[129.2413369,35.7906636],[129.2413312,35.7906327],[129.2413183,35.7906331],[129.2412407,35.7906467],[129.2412371,35.7906471],[129.241243,35.7906745],[129.2413369,35.7906636]]]]}},{"type":"Feature","properties":{"UFID":"100035901090A00110100000004426917"},"geometry":{"type":"MultiPolygon","coordinates":[[[[129.2413369,35.7906636],[129.241243,35.7906745],[129.2412576,35.7906774],[129.2412676,35.790682],[129.2412726,35.7906853],[129.2412761,35.7906881],[129.2412791,35.7906927],[129.2412811,35.7907029],[129.2412815,35.7907329],[129.2412852,35.7907973],[129.2413262,35.7907956],[129.2413271,35.7907075],[129.2413273,35.7906771],[129.2413298,35.7906701],[129.2413334,35.7906652],[129.2413369,35.7906636]]]]}},{"type":"Feature","properties":{"UFID":"100035901090A00110100000004426918"},"geometry":{"type":"MultiPolygon","coordinates":[[[[129.2406716,35.7922235],[129.240555,35.7922732],[129.240563,35.7922786],[129.2405684,35.7922838],[129.2405731,35.7922916],[129.2405758,35.7922972],[129.2405763,35.7923024],[129.2405763,35.7923093],[129.2405753,35.7923219],[129.2405683,35.7923397],[129.2405465,35.7923665],[129.2405226,35.7923934],[129.2404885,35.7924211],[129.2404539,35.7924463],[129.2404752,35.7924636],[129.240497,35.792445],[129.2405401,35.7924073],[129.2406104,35.792344],[129.2406418,35.7923076],[129.2406497,35.7922859],[129.2406609,35.79225],[129.2406716,35.7922235]]]]}},{"type":"Feature","properties":{"UFID":"100035901090A00110100000004426919"},"geometry":{"type":"MultiPolygon","coordinates":[[[[129.2407916,35.7921947],[129.2406989,35.7921244],[129.2406776,35.7921452],[129.2407691,35.7922145],[129.2407916,35.7921947]]]]}},{"type":"Feature","properties":{"UFID":"100035901090A00110100000004426920"},"geometry":{"type":"MultiPolygon","coordinates":[[[[129.2406989,35.7921244],[129.2405101,35.7919812],[129.2403723,35.7918735],[129.2403691,35.7918692],[129.2403678,35.7918638],[129.2403425,35.7918876],[129.2403465,35.7918908],[129.2404873,35.7920009],[129.2406776,35.7921452],[129.2406989,35.7921244]]]]}},{"type":"Feature","properties":{"UFID":"100035901090A00110100000004426921"},"geometry":{"type":"MultiPolygon","coordinates":[[[[129.2406716,35.7922235],[129.2406455,35.7921724],[129.2406259,35.7921771],[129.2406115,35.7921771],[129.2405929,35.7921745],[129.2405806,35.7921698],[129.240555,35.7922732],[129.2406716,35.7922235]]]]}},{"type":"Feature","properties":{"UFID":"100035901090A00110100000004426922"},"geometry":{"type":"MultiPolygon","coordinates":[[[[129.2407691,35.7922145],[129.2406776,35.7921452],[129.2406791,35.7921525],[129.2406727,35.7921581],[129.2406455,35.7921724],[129.2406716,35.7922235],[129.2406854,35.7922131],[129.2407019,35.7922079],[129.2407179,35.7922053],[129.2407344,35.7922049],[129.2407493,35.7922062],[129.2407691,35.7922145]]]]}},{"type":"Feature","properties":{"UFID":"100035901090A00110100000004426923"},"geometry":{"type":"MultiPolygon","coordinates":[[[[129.2422359,35.7972977],[129.2422137,35.7972609],[129.2421838,35.7972727],[129.2422047,35.7973073],[129.2422359,35.7972977]]]]}},{"type":"Feature","properties":{"UFID":"100035901090A00110100000004426924"},"geometry":{"type":"MultiPolygon","coordinates":[[[[129.2422047,35.7973073],[129.2421838,35.7972727],[129.2421595,35.7972808],[129.2421755,35.7973082],[129.2421863,35.7973058],[129.2422047,35.7973073]]]]}},{"type":"Feature","properties":{"UFID":"100035901090A00110100000004426925"},"geometry":{"type":"MultiPolygon","coordinates":[[[[129.2422467,35.7969918],[129.2422145,35.796972],[129.2422135,35.7969736],[129.2421838,35.7969835],[129.2421067,35.7970071],[129.2420942,35.7970111],[129.2421124,35.7970424],[129.24212,35.797034],[129.2421399,35.7970258],[129.242196,35.7970086],[129.2422467,35.7969918]]]]}},{"type":"Feature","properties":{"UFID":"100035901090A00110100000004426926"},"geometry":{"type":"MultiPolygon","coordinates":[[[[129.2421755,35.7973082],[129.2420887,35.797323],[129.2420908,35.7973285],[129.2420856,35.7973354],[129.2420289,35.797398],[129.2420556,35.7974141],[129.2421131,35.7973505],[129.2421146,35.7973487],[129.2421755,35.7973082]]]]}},{"type":"Feature","properties":{"UFID":"100035901090A00110100000004426927"},"geometry":{"type":"MultiPolygon","coordinates":[[[[129.2421755,35.7973082],[129.2421595,35.7972808],[129.2421137,35.7972891],[129.2420876,35.7972929],[129.2420887,35.797323],[129.2421755,35.7973082]]]]}},{"type":"Feature","properties":{"UFID":"100035901090A00110100000004426928"},"geometry":{"type":"MultiPolygon","coordinates":[[[[129.2421403,35.7952591],[129.2421008,35.7952457],[129.2420591,35.795289],[129.2421137,35.7953092],[129.2421228,35.7952856],[129.2421394,35.7952605],[129.2421403,35.7952591]]]]}},{"type":"Feature","properties":{"UFID":"100035901090A00110100000004426929"},"geometry":{"type":"MultiPolygon","coordinates":[[[[129.2422137,35.7972609],[129.2422007,35.7972392],[129.2421405,35.7971355],[129.24211,35.7970819],[129.242109,35.7970805],[129.2421087,35.7970606],[129.2421124,35.7970424],[129.2420467,35.7970688],[129.2420917,35.797114],[129.2421105,35.7971469],[129.2421708,35.797251],[129.2421838,35.7972727],[129.2422137,35.7972609]]]]}},{"type":"Feature","properties":{"UFID":"100035901090A00110100000004426930"},"geometry":{"type":"MultiPolygon","coordinates":[[[[129.2420865,35.7930614],[129.2420727,35.7930532],[129.2420531,35.7930404],[129.2420176,35.7930648],[129.2420971,35.7931016],[129.2420865,35.7930614]]]]}},{"type":"Feature","properties":{"UFID":"100035901090A00110100000004426931"},"geometry":{"type":"MultiPolygon","coordinates":[[[[129.2421124,35.7970424],[129.2420942,35.7970111],[129.2420541,35.7970239],[129.2420249,35.797031],[129.2420467,35.7970688],[129.2421124,35.7970424]]]]}},{"type":"Feature","properties":{"UFID":"100035901090A00110100000004426932"},"geometry":{"type":"MultiPolygon","coordinates":[[[[129.242006,35.7912284],[129.2420284,35.7912688],[129.2420288,35.791267],[129.2420303,35.7912627],[129.2420381,35.7912403],[129.2420586,35.7911627],[129.2420848,35.7910382],[129.2420521,35.7910336],[129.242026,35.7911576],[129.2420076,35.791227],[129.242006,35.7912284]]]]}},{"type":"Feature","properties":{"UFID":"100035901090A00110100000004426933"},"geometry":{"type":"MultiPolygon","coordinates":[[[[129.2420249,35.797031],[129.2420088,35.7970349],[129.2420004,35.7970341],[129.2419975,35.7970329],[129.2420079,35.7970633],[129.2420348,35.7970641],[129.2420467,35.7970688],[129.2420249,35.797031]]]]}},{"type":"Feature","properties":{"UFID":"100035901090A00110100000004426934"},"geometry":{"type":"MultiPolygon","coordinates":[[[[129.2420284,35.7912688],[129.242006,35.7912284],[129.2419775,35.7912497],[129.2419891,35.7912746],[129.242008,35.7912905],[129.2420284,35.7912688]]]]}},{"type":"Feature","properties":{"UFID":"100035901090A00110100000004426935"},"geometry":{"type":"MultiPolygon","coordinates":[[[[129.2422375,35.7969485],[129.2422092,35.7969394],[129.2420157,35.7968676],[129.2419751,35.796851],[129.2419737,35.7968509],[129.2419679,35.7968493],[129.2419589,35.7968802],[129.2419707,35.7968794],[129.2420014,35.796892],[129.2421962,35.7969643],[129.2422134,35.7969698],[129.2422145,35.796972],[129.2422375,35.7969485]]]]}},{"type":"Feature","properties":{"UFID":"100035901090A00110100000004426936"},"geometry":{"type":"MultiPolygon","coordinates":[[[[129.2420079,35.7970633],[129.2419975,35.7970329],[129.2419569,35.7970417],[129.2419631,35.7970683],[129.2419779,35.7970653],[129.2420079,35.7970633]]]]}},{"type":"Feature","properties":{"UFID":"100035901090A00110100000004426937"},"geometry":{"type":"MultiPolygon","coordinates":[[[[129.2421008,35.7952457],[129.2420472,35.7952374],[129.2419816,35.7951877],[129.241972,35.7951783],[129.2419411,35.7952014],[129.241952,35.7952041],[129.2419574,35.7952063],[129.242027,35.7952592],[129.2420591,35.795289],[129.2421008,35.7952457]]]]}},{"type":"Feature","properties":{"UFID":"100035901090A00110100000004426938"},"geometry":{"type":"MultiPolygon","coordinates":[[[[129.2419975,35.7970329],[129.241995,35.7970304],[129.2419926,35.7970214],[129.2419851,35.7969984],[129.2419771,35.7969721],[129.2419669,35.7969347],[129.2419621,35.7969147],[129.2419614,35.7969111],[129.2419589,35.7968982],[129.2419589,35.7968802],[129.2419228,35.7968851],[129.2419286,35.7969152],[129.2419293,35.7969192],[129.2419344,35.7969403],[129.2419448,35.7969783],[129.241953,35.7970052],[129.2419603,35.7970278],[129.2419621,35.7970342],[129.2419621,35.7970377],[129.2419569,35.7970417],[129.2419975,35.7970329]]]]}},{"type":"Feature","properties":{"UFID":"100035901090A00110100000004426939"},"geometry":{"type":"MultiPolygon","coordinates":[[[[129.2419589,35.7968802],[129.2419679,35.7968493],[129.2419165,35.7968475],[129.2419172,35.7968526],[129.2419188,35.7968646],[129.2419218,35.7968801],[129.2419228,35.7968851],[129.2419589,35.7968802]]]]}},{"type":"Feature","properties":{"UFID":"100035901090A00110100000004426940"},"geometry":{"type":"MultiPolygon","coordinates":[[[[129.241972,35.7951783],[129.2419672,35.7951735],[129.2419594,35.7951657],[129.2419561,35.7951583],[129.2419508,35.7951463],[129.2419109,35.795174],[129.2419411,35.7952014],[129.241972,35.7951783]]]]}},{"type":"Feature","properties":{"UFID":"100035901090A00110100000004426941"},"geometry":{"type":"MultiPolygon","coordinates":[[[[129.2419411,35.7952014],[129.2419109,35.795174],[129.2419074,35.7951851],[129.2418372,35.795246],[129.2417742,35.7953],[129.2417983,35.7953186],[129.2418613,35.7952646],[129.2419322,35.7952031],[129.2419411,35.7952014]]]]}},{"type":"Feature","properties":{"UFID":"100035901090A00110100000004426942"},"geometry":{"type":"MultiPolygon","coordinates":[[[[129.2419547,35.7968133],[129.2418926,35.7968155],[129.2419149,35.7968367],[129.2419165,35.7968475],[129.2419679,35.7968493],[129.2419547,35.7968133]]]]}},{"type":"Feature","properties":{"UFID":"100035901090A00110100000004426943"},"geometry":{"type":"MultiPolygon","coordinates":[[[[129.2419547,35.7968133],[129.2419407,35.7967754],[129.2418985,35.7967744],[129.2418926,35.7968155],[129.2419547,35.7968133]]]]}},{"type":"Feature","properties":{"UFID":"100035901090A00110100000004426944"},"geometry":{"type":"MultiPolygon","coordinates":[[[[129.2419347,35.7932206],[129.2418439,35.7932288],[129.2418471,35.793264],[129.2418885,35.7932644],[129.2419142,35.7932647],[129.2419347,35.7932206]]]]}},{"type":"Feature","properties":{"UFID":"100035901090A00110100000004426945"},"geometry":{"type":"MultiPolygon","coordinates":[[[[129.2420531,35.7930404],[129.2420228,35.7930208],[129.2417386,35.7928538],[129.2417287,35.7928478],[129.2416885,35.7928631],[129.2417159,35.7928793],[129.2419994,35.793046],[129.2420156,35.7930565],[129.2420176,35.7930648],[129.2420531,35.7930404]]]]}},{"type":"Feature","properties":{"UFID":"100035901090A00110100000004426946"},"geometry":{"type":"MultiPolygon","coordinates":[[[[129.241678,35.7928247],[129.2417287,35.7928478],[129.2417296,35.7928223],[129.2418477,35.7927383],[129.241826,35.7927179],[129.2416935,35.7928121],[129.241678,35.7928247]]]]}},{"type":"Feature","properties":{"UFID":"100035901090A00110100000004426947"},"geometry":{"type":"MultiPolygon","coordinates":[[[[129.2417287,35.7928478],[129.241678,35.7928247],[129.2416574,35.7928461],[129.2416596,35.7928472],[129.2416727,35.7928546],[129.2416885,35.7928631],[129.2417287,35.7928478]]]]}},{"type":"Feature","properties":{"UFID":"100035901090A00110100000004426948"},"geometry":{"type":"MultiPolygon","coordinates":[[[[129.2414322,35.7948189],[129.2413922,35.7947828],[129.2413897,35.7947892],[129.2413849,35.794793],[129.2413624,35.794797],[129.2412671,35.7948064],[129.2412711,35.7948332],[129.241368,35.7948236],[129.2413983,35.7948183],[129.2414005,35.7948182],[129.2414139,35.7948179],[129.2414322,35.7948189]]]]}},{"type":"Feature","properties":{"UFID":"100035901090A00110100000004426949"},"geometry":{"type":"MultiPolygon","coordinates":[[[[129.2411772,35.7967701],[129.2413229,35.7967794],[129.2412371,35.7967505],[129.2412224,35.7967363],[129.2412185,35.7967224],[129.241218,35.7967137],[129.2412234,35.7966367],[129.2411902,35.7966351],[129.2411847,35.7967136],[129.2411848,35.7967147],[129.2411838,35.7967268],[129.2411831,35.7967527],[129.2411824,35.7967613],[129.2411793,35.7967687],[129.2411772,35.7967701]]]]}},{"type":"Feature","properties":{"UFID":"100035901090A00110100000004426950"},"geometry":{"type":"MultiPolygon","coordinates":[[[[129.2405613,35.7906617],[129.2405241,35.7906603],[129.2405213,35.7906727],[129.2405082,35.790698],[129.2405615,35.7906976],[129.2405613,35.7906617]]]]}},{"type":"Feature","properties":{"UFID":"100035901090A00110100000004426951"},"geometry":{"type":"MultiPolygon","coordinates":[[[[129.2405615,35.7906976],[129.2405082,35.790698],[129.2404929,35.7907276],[129.2404803,35.7907571],[129.2404725,35.7907903],[129.2404675,35.7908252],[129.2404636,35.7908603],[129.2404584,35.7909114],[129.2404523,35.7909503],[129.2404465,35.7909842],[129.2404386,35.7910245],[129.2404315,35.7910614],[129.2404001,35.7912699],[129.2403354,35.7918001],[129.2403258,35.79182],[129.2403172,35.791821],[129.2403678,35.7918638],[129.2403676,35.7918097],[129.240433,35.7912728],[129.2404644,35.7910651],[129.2404715,35.7910288],[129.2404793,35.7909881],[129.2404852,35.7909539],[129.2404915,35.7909142],[129.2404967,35.7908627],[129.2405005,35.7908279],[129.2405053,35.7907944],[129.2405124,35.7907641],[129.2405239,35.7907373],[129.2405296,35.7907264],[129.2405615,35.7906976]]]]}},{"type":"Feature","properties":{"UFID":"100035901090A00110100000004426952"},"geometry":{"type":"MultiPolygon","coordinates":[[[[129.2403678,35.7918638],[129.2403172,35.791821],[129.2402994,35.7918544],[129.2403237,35.791873],[129.2403425,35.7918876],[129.2403678,35.7918638]]]]}},{"type":"Feature","properties":{"UFID":"100035901090A00110100000004426953"},"geometry":{"type":"MultiPolygon","coordinates":[[[[129.2383554,35.7901823],[129.2383907,35.7902227],[129.2383926,35.790219],[129.2384011,35.7902168],[129.2384848,35.7902218],[129.2385399,35.790228],[129.2386049,35.790235],[129.2386689,35.7902415],[129.2387338,35.7902474],[129.238803,35.7902527],[129.2388734,35.7902566],[129.2389426,35.790257],[129.2390423,35.7902559],[129.2391176,35.7902551],[129.2391759,35.7902539],[129.2392376,35.7902521],[129.2392975,35.790251],[129.2393598,35.7902504],[129.2394442,35.7902493],[129.2394815,35.7902488],[129.2395574,35.7902482],[129.2396231,35.7902507],[129.2396958,35.7902569],[129.2397599,35.790263],[129.2398245,35.7902684],[129.2398975,35.7902758],[129.2399791,35.7902848],[129.2400644,35.7902943],[129.2401635,35.7903033],[129.2402389,35.7903074],[129.240293,35.7903073],[129.2403176,35.7903071],[129.2403479,35.7903068],[129.2403895,35.7903064],[129.2404345,35.7903061],[129.2404884,35.7903055],[129.2405288,35.7903053],[129.24057,35.7903054],[129.2406011,35.7903073],[129.2406119,35.7903101],[129.2406146,35.7903113],[129.2406168,35.7903158],[129.2406193,35.7903232],[129.2406175,35.7903365],[129.240613,35.7903542],[129.2405908,35.7904169],[129.2405717,35.7904775],[129.2405543,35.7905343],[129.2405404,35.7905852],[129.2405331,35.7906212],[129.2405241,35.7906603],[129.2405613,35.7906617],[129.2405623,35.7906408],[129.2405657,35.7906259],[129.240573,35.7905903],[129.2405866,35.7905405],[129.2406039,35.7904842],[129.2406228,35.790424],[129.2406452,35.7903607],[129.2406503,35.7903407],[129.2406529,35.790321],[129.2406484,35.7903074],[129.240641,35.7902919],[129.2406245,35.7902851],[129.2406076,35.7902806],[129.2405713,35.7902784],[129.2405287,35.7902783],[129.2404881,35.7902785],[129.2404341,35.790279],[129.2403891,35.7902794],[129.2403476,35.7902797],[129.2403172,35.7902801],[129.2402928,35.7902803],[129.2402399,35.7902803],[129.2401664,35.7902763],[129.2400685,35.7902674],[129.2399835,35.790258],[129.2399017,35.790249],[129.2398283,35.7902416],[129.2397635,35.790236],[129.2396994,35.79023],[129.2396256,35.7902237],[129.239558,35.7902211],[129.2394811,35.7902218],[129.2394438,35.7902222],[129.2393594,35.7902233],[129.2392968,35.790224],[129.2392366,35.7902251],[129.2391749,35.7902268],[129.2391169,35.790228],[129.2390419,35.7902289],[129.2389425,35.79023],[129.2388746,35.7902296],[129.2388057,35.7902258],[129.2387372,35.7902204],[129.2386728,35.7902147],[129.2386092,35.7902082],[129.2385443,35.7902011],[129.2384882,35.7901949],[129.238388,35.7901888],[129.2383554,35.7901823]]]]}},{"type":"Feature","properties":{"UFID":"100035901090A00110100000004426954"},"geometry":{"type":"MultiPolygon","coordinates":[[[[129.2455404,35.7837668],[129.2455711,35.783777],[129.2456577,35.7836051],[129.2457889,35.7833422],[129.2457941,35.7833285],[129.2458187,35.7832109],[129.2458297,35.7831357],[129.2458229,35.7830585],[129.2458069,35.7829683],[129.2457441,35.7828024],[129.2456396,35.7825969],[129.245609,35.7826072],[129.2457129,35.7828116],[129.2457745,35.7829743],[129.2457898,35.7830614],[129.2457963,35.7831351],[129.2457858,35.783207],[129.2457618,35.7833222],[129.2457576,35.783333],[129.245627,35.7835948],[129.2455404,35.7837668]]]]}},{"type":"Feature","properties":{"UFID":"100035901090A00110100000004426955"},"geometry":{"type":"MultiPolygon","coordinates":[[[[129.2457423,35.7892864],[129.2457451,35.7892576],[129.2455892,35.7892803],[129.2452314,35.789347],[129.2452195,35.7893496],[129.2452173,35.78935],[129.2450431,35.7893741],[129.2450697,35.7894119],[129.2451727,35.7893884],[129.2452396,35.7893742],[129.245596,35.7893077],[129.2457423,35.7892864]]]]}},{"type":"Feature","properties":{"UFID":"100035901090A00110100000004426956"},"geometry":{"type":"MultiPolygon","coordinates":[[[[129.2454931,35.7980131],[129.24548,35.7978953],[129.2454012,35.7978905],[129.2453072,35.7978835],[129.2451009,35.7978917],[129.2448465,35.7978999],[129.2446562,35.7979142],[129.2443453,35.79794],[129.2439816,35.7979688],[129.2439093,35.7979723],[129.2438665,35.7979715],[129.2438343,35.7979533],[129.2437666,35.7979416],[129.2437386,35.7979475],[129.2436737,35.7979288],[129.2436222,35.797907],[129.2435752,35.7978861],[129.2435378,35.7978607],[129.2435322,35.7983869],[129.2436836,35.7982709],[129.2437454,35.7982422],[129.2437707,35.7982343],[129.243802,35.7982253],[129.2438339,35.7982175],[129.2445406,35.7981347],[129.2449976,35.7980894],[129.2453757,35.7980463],[129.2454931,35.7980131]]]]}},{"type":"Feature","properties":{"UFID":"100035901090A00110100000004426957"},"geometry":{"type":"MultiPolygon","coordinates":[[[[129.2424971,35.7939035],[129.242482,35.7938642],[129.2424357,35.7939198],[129.2424224,35.793943],[129.2424062,35.79397],[129.2423958,35.7939971],[129.2423891,35.7940236],[129.2423834,35.7940635],[129.242378,35.7941281],[129.2423773,35.7941993],[129.2423782,35.7942526],[129.2423816,35.7942961],[129.2423883,35.7943563],[129.2423968,35.7944153],[129.2424053,35.794468],[129.2424092,35.7945074],[129.242409,35.7945374],[129.2424052,35.7945747],[129.2423977,35.7946128],[129.2423832,35.7946562],[129.2423592,35.7947115],[129.2423222,35.794799],[129.2422654,35.7949224],[129.2422456,35.7949652],[129.2422741,35.7949723],[129.2424004,35.7946729],[129.2424194,35.7946404],[129.2424265,35.7946212],[129.2424319,35.7945858],[129.2424346,35.7945524],[129.242433,35.7945045],[129.2424285,35.7944532],[129.2424196,35.794391],[129.2424118,35.7943326],[129.2424058,35.794287],[129.2424005,35.7942459],[129.2424034,35.7941848],[129.2424085,35.7941115],[129.2424161,35.7940487],[129.2424254,35.7940056],[129.2424343,35.7939809],[129.2424458,35.7939558],[129.2424602,35.7939309],[129.2424725,35.7939153],[129.2424842,35.7939063],[129.2424971,35.7939035]]]]}},{"type":"Feature","properties":{"UFID":"100035901090A00110100000004426958"},"geometry":{"type":"MultiPolygon","coordinates":[[[[129.2440833,35.7877326],[129.2441515,35.7874861],[129.2442058,35.7872407],[129.2442413,35.7870821],[129.2442583,35.7870052],[129.2443174,35.7868907],[129.2444245,35.7867521],[129.2444908,35.7866089],[129.244617,35.7862661],[129.24471,35.7860074],[129.2447643,35.7859163],[129.2447772,35.7858963],[129.2448164,35.7858356],[129.2448238,35.7858164],[129.2448258,35.7858043],[129.244826,35.785779],[129.2448021,35.785673],[129.2447888,35.7856271],[129.2447757,35.7855691],[129.2447735,35.7854979],[129.2447737,35.7854781],[129.244775,35.7854584],[129.2447808,35.7854281],[129.2448078,35.7853723],[129.24489,35.7852631],[129.2448967,35.7852544],[129.2448404,35.7852772],[129.244778,35.7853602],[129.2447486,35.785421],[129.2447419,35.7854556],[129.2447405,35.7854772],[129.2447403,35.7854981],[129.2447426,35.7855719],[129.2447563,35.7856327],[129.2447697,35.7856785],[129.2447928,35.7857814],[129.2447928,35.7858023],[129.2447912,35.7858104],[129.2447856,35.7858251],[129.2447479,35.7858837],[129.2447348,35.7859041],[129.2446789,35.7859977],[129.2445852,35.7862584],[129.2444594,35.7866003],[129.2443947,35.78674],[129.2442878,35.7868783],[129.2442263,35.7869976],[129.2442086,35.7870773],[129.2441732,35.7872359],[129.244119,35.7874808],[129.2440476,35.7877388],[129.2440833,35.7877326]]]]}},{"type":"Feature","properties":{"UFID":"100035901090A00110100000004426959"},"geometry":{"type":"MultiPolygon","coordinates":[[[[129.2423915,35.7936903],[129.2423818,35.7936637],[129.2423654,35.7936215],[129.2423509,35.7935847],[129.2423401,35.7935552],[129.2423299,35.7935272],[129.2423199,35.7935022],[129.2423107,35.7934792],[129.2422855,35.7934363],[129.2422521,35.7933729],[129.242218,35.7933326],[129.2421895,35.7933059],[129.2421602,35.7932848],[129.2421324,35.7932675],[129.2421015,35.7932525],[129.2420701,35.7932391],[129.2420455,35.7932303],[129.2420233,35.7932251],[129.2419942,35.793223],[129.2419639,35.7932184],[129.2419347,35.7932206],[129.2419142,35.7932647],[129.2419633,35.7932653],[129.2419709,35.7932659],[129.2420076,35.7932687],[129.2420453,35.7932766],[129.2420795,35.7932877],[129.2421092,35.7932992],[129.2421326,35.7933135],[129.2421623,35.7933392],[129.2422019,35.7933898],[129.2422509,35.7934505],[129.2422747,35.793491],[129.2422823,35.79351],[129.2423029,35.7935642],[129.2423138,35.793594],[129.2423284,35.7936312],[129.2423447,35.793673],[129.2423537,35.7936974],[129.2423494,35.793704],[129.2423915,35.7936903]]]]}},{"type":"Feature","properties":{"UFID":"100035901090A00110100000004426960"},"geometry":{"type":"MultiPolygon","coordinates":[[[[129.2437867,35.7932702],[129.2437175,35.7933072],[129.2437466,35.7933119],[129.2437528,35.793316],[129.2437799,35.7933333],[129.2437916,35.7933513],[129.2437936,35.793361],[129.2437938,35.7933681],[129.2437874,35.7933857],[129.2439606,35.7934487],[129.2439638,35.7934313],[129.2439709,35.793396],[129.2439682,35.7933933],[129.2438496,35.7933618],[129.2438479,35.7933591],[129.2438599,35.7933188],[129.243854,35.793315],[129.243814,35.7932884],[129.2437867,35.7932702]]]]}},{"type":"Feature","properties":{"UFID":"100035901090A00110100000004426961"},"geometry":{"type":"MultiPolygon","coordinates":[[[[129.243345,35.7969861],[129.2432087,35.796999],[129.2432119,35.7972629],[129.2432079,35.7972709],[129.2432101,35.7975152],[129.2432281,35.7975306],[129.2432351,35.7976692],[129.2432372,35.7978529],[129.2435378,35.7978607],[129.2435098,35.7978383],[129.2434802,35.7978089],[129.2434375,35.7977581],[129.243406,35.7977058],[129.2433734,35.7976431],[129.243354,35.79759],[129.2433407,35.797546],[129.2433337,35.7974954],[129.2433314,35.7974336],[129.2433382,35.797267],[129.2433347,35.7970429],[129.2433438,35.797018],[129.2433463,35.797004],[129.243345,35.7969861]]]]}},{"type":"Feature","properties":{"UFID":"100035901090A00110100000004426962"},"geometry":{"type":"MultiPolygon","coordinates":[[[[129.2434439,35.7957428],[129.2433394,35.7956511],[129.2432917,35.795691],[129.2432481,35.7957403],[129.2432112,35.7958127],[129.2433199,35.7958588],[129.243328,35.7958378],[129.243358,35.795803],[129.2434406,35.7957427],[129.2434439,35.7957428]]]]}},{"type":"Feature","properties":{"UFID":"100035901090A00110100000004426963"},"geometry":{"type":"MultiPolygon","coordinates":[[[[129.2433168,35.7937803],[129.2432658,35.7937679],[129.2431998,35.7937517],[129.2431639,35.7937913],[129.2433179,35.7938303],[129.2433168,35.7937803]]]]}},{"type":"Feature","properties":{"UFID":"100035901090A00110100000004426964"},"geometry":{"type":"MultiPolygon","coordinates":[[[[129.2433179,35.7938303],[129.2431639,35.7937913],[129.243185,35.793808],[129.2432007,35.7938325],[129.2432175,35.793869],[129.2432326,35.7939101],[129.2432398,35.7939479],[129.2432425,35.7939719],[129.2432504,35.7939904],[129.2432627,35.7940061],[129.2433698,35.7941079],[129.2434007,35.7941721],[129.2434225,35.7942289],[129.2434398,35.7942799],[129.243465,35.7942726],[129.2434046,35.7941344],[129.2433842,35.7941008],[129.2433528,35.7940601],[129.2433265,35.7940323],[129.2432922,35.7939996],[129.243279,35.793968],[129.2432675,35.7939344],[129.2432592,35.7939062],[129.2432576,35.7938776],[129.2432583,35.793862],[129.243264,35.7938528],[129.2432765,35.7938417],[129.2432912,35.7938344],[129.2433048,35.7938307],[129.2433179,35.7938303]]]]}},{"type":"Feature","properties":{"UFID":"100035901090A00110100000004426965"},"geometry":{"type":"MultiPolygon","coordinates":[[[[129.2438425,35.7899179],[129.2437926,35.7898885],[129.2437763,35.7899063],[129.2437431,35.7899301],[129.2437277,35.7899396],[129.2437088,35.7899454],[129.2436779,35.7899508],[129.2435098,35.7899672],[129.2434189,35.7899742],[129.2433666,35.789977],[129.2433185,35.7899796],[129.2432874,35.7899804],[129.2432612,35.7899811],[129.2432258,35.789983],[129.2431981,35.7899865],[129.243152,35.7899994],[129.2431262,35.7900136],[129.2431085,35.7900259],[129.2430916,35.7900405],[129.2430866,35.7900467],[129.2430766,35.7900643],[129.2430707,35.790077],[129.2430614,35.7901047],[129.2430565,35.790135],[129.2431179,35.7901583],[129.2431148,35.7901536],[129.2431059,35.7901135],[129.2431064,35.7901069],[129.2431227,35.7900746],[129.2431379,35.7900484],[129.2431572,35.7900271],[129.2431612,35.7900246],[129.2432136,35.7900084],[129.2432524,35.7900101],[129.2432856,35.7900127],[129.2433415,35.7900127],[129.2434218,35.790003],[129.2435136,35.7899959],[129.2436838,35.7899793],[129.2437188,35.7899731],[129.243745,35.7899651],[129.2437655,35.7899525],[129.2438025,35.7899258],[129.2438425,35.7899179]]]]}},{"type":"Feature","properties":{"UFID":"100035901090A00110100000004426966"},"geometry":{"type":"MultiPolygon","coordinates":[[[[129.2431179,35.7901583],[129.2430565,35.790135],[129.2430546,35.7901795],[129.2430771,35.7901795],[129.2430882,35.7901802],[129.2431179,35.7901583]]]]}},{"type":"Feature","properties":{"UFID":"100035901090A00110100000004426967"},"geometry":{"type":"MultiPolygon","coordinates":[[[[129.2430546,35.7901795],[129.2430565,35.790135],[129.2430529,35.7901388],[129.2430435,35.7901451],[129.2430325,35.7901511],[129.2430223,35.7901542],[129.243011,35.790155],[129.2429712,35.7901574],[129.2429536,35.7901568],[129.2429096,35.7901533],[129.2428721,35.7901522],[129.2428466,35.790152],[129.2428455,35.790179],[129.2428713,35.7901792],[129.2429074,35.7901803],[129.2429513,35.7901838],[129.2429718,35.7901845],[129.2430137,35.7901819],[129.2430487,35.7901795],[129.2430546,35.7901795]]]]}},{"type":"Feature","properties":{"UFID":"100035901090A00110100000004426968"},"geometry":{"type":"MultiPolygon","coordinates":[[[[129.2431998,35.7937517],[129.2431822,35.7937445],[129.2431115,35.7937035],[129.2429461,35.7936109],[129.2428121,35.7935533],[129.2427809,35.7935395],[129.2427121,35.7935842],[129.2427251,35.7935805],[129.2427382,35.7935801],[129.2427557,35.7935801],[129.2428829,35.7936234],[129.2429535,35.7936513],[129.2429987,35.7936805],[129.2430625,35.7937232],[129.243141,35.7937732],[129.2431639,35.7937913],[129.2431998,35.7937517]]]]}},{"type":"Feature","properties":{"UFID":"100035901090A00110100000004426969"},"geometry":{"type":"MultiPolygon","coordinates":[[[[129.2427809,35.7935395],[129.2427239,35.7935182],[129.2426716,35.7935647],[129.2427121,35.7935842],[129.2427809,35.7935395]]]]}},{"type":"Feature","properties":{"UFID":"100035901090A00110100000004426970"},"geometry":{"type":"MultiPolygon","coordinates":[[[[129.2426852,35.7898401],[129.2426249,35.7898653],[129.2426284,35.789867],[129.2426349,35.7898727],[129.2426544,35.7898982],[129.2426679,35.7899225],[129.2426679,35.789929],[129.2426668,35.7899381],[129.2426886,35.7899369],[129.2426844,35.7898549],[129.2426852,35.7898401]]]]}},{"type":"Feature","properties":{"UFID":"100035901090A00110100000004426971"},"geometry":{"type":"MultiPolygon","coordinates":[[[[129.2426852,35.7898401],[129.2426617,35.7898161],[129.2426456,35.7898266],[129.2426147,35.7898393],[129.2426249,35.7898653],[129.2426852,35.7898401]]]]}},{"type":"Feature","properties":{"UFID":"100035901090A00110100000004426972"},"geometry":{"type":"MultiPolygon","coordinates":[[[[129.2427121,35.7935842],[129.2426716,35.7935647],[129.2426202,35.7936414],[129.2425409,35.7937596],[129.242537,35.793763],[129.2425134,35.7937904],[129.2424956,35.7938112],[129.24252,35.7938442],[129.2425262,35.7938313],[129.2425435,35.7938109],[129.2425641,35.7937867],[129.2425707,35.7937862],[129.2425747,35.793783],[129.2427121,35.7935842]]]]}},{"type":"Feature","properties":{"UFID":"100035901090A00110100000004426973"},"geometry":{"type":"MultiPolygon","coordinates":[[[[129.24252,35.7938442],[129.2424956,35.7938112],[129.242482,35.7938642],[129.2424971,35.7939035],[129.24252,35.7938442]]]]}},{"type":"Feature","properties":{"UFID":"100035901090A00110100000004426974"},"geometry":{"type":"MultiPolygon","coordinates":[[[[129.2424956,35.7938112],[129.2424356,35.7937499],[129.2424065,35.7937167],[129.2423695,35.7937312],[129.2423728,35.7937327],[129.2423976,35.7937702],[129.2424398,35.7938135],[129.2424813,35.793861],[129.242482,35.7938642],[129.2424956,35.7938112]]]]}},{"type":"Feature","properties":{"UFID":"100035901090A00110100000004426975"},"geometry":{"type":"MultiPolygon","coordinates":[[[[129.2421463,35.7900004],[129.242145,35.7899948],[129.2421453,35.7899881],[129.2421606,35.7899657],[129.2421733,35.7899443],[129.2421904,35.7899194],[129.2422017,35.7899082],[129.2422084,35.7899066],[129.2422249,35.7899053],[129.2422577,35.7899073],[129.2422991,35.7899107],[129.2423331,35.7899128],[129.242379,35.7899135],[129.2424252,35.7899107],[129.242458,35.7899078],[129.2425004,35.7898999],[129.2425344,35.789893],[129.2426013,35.7898668],[129.2426148,35.7898649],[129.2426209,35.7898649],[129.2426249,35.7898653],[129.2426147,35.7898393],[129.2425733,35.789852],[129.2425247,35.7898625],[129.2424914,35.7898692],[129.2424516,35.7898766],[129.2424216,35.7898793],[129.242378,35.7898819],[129.2423349,35.7898813],[129.2423025,35.7898792],[129.242261,35.7898759],[129.2422246,35.7898737],[129.242201,35.7898754],[129.2421792,35.7898808],[129.2421583,35.7899015],[129.242139,35.7899298],[129.2421262,35.7899512],[129.2421067,35.7899798],[129.2420967,35.7900035],[129.2420947,35.7900071],[129.2420937,35.7900109],[129.2420908,35.7900179],[129.2420998,35.7900229],[129.2421078,35.7900276],[129.2421074,35.7900446],[129.2421463,35.7900004]]]]}},{"type":"Feature","properties":{"UFID":"100035901090A00110100000004426976"},"geometry":{"type":"MultiPolygon","coordinates":[[[[129.2427239,35.7935182],[129.2426771,35.7934862],[129.2426433,35.793465],[129.2425954,35.7934359],[129.2425496,35.793406],[129.2425166,35.7933838],[129.2424731,35.7933519],[129.242432,35.7933171],[129.2423771,35.793277],[129.2423206,35.7932354],[129.2422188,35.7931487],[129.2421,35.7930693],[129.2420865,35.7930614],[129.2420971,35.7931016],[129.2421125,35.7931098],[129.2421779,35.7931512],[129.2422334,35.7931945],[129.2422932,35.7932462],[129.2423411,35.7932904],[129.2423922,35.7933431],[129.2424365,35.7933886],[129.2424769,35.7934213],[129.2425112,35.7934444],[129.2425583,35.7934751],[129.2426066,35.7935044],[129.242639,35.7935248],[129.2426565,35.7935368],[129.2426711,35.7935605],[129.2426715,35.7935634],[129.2426716,35.7935647],[129.2427239,35.7935182]]]]}},{"type":"Feature","properties":{"UFID":"100035901090A00110100000004426977"},"geometry":{"type":"MultiPolygon","coordinates":[[[[129.2422741,35.7949723],[129.2422456,35.7949652],[129.2422107,35.7950406],[129.2421877,35.7950939],[129.2421446,35.7951881],[129.2421291,35.7952111],[129.2421178,35.7952279],[129.2421008,35.7952457],[129.2421403,35.7952591],[129.2421463,35.7952504],[129.2421507,35.795242],[129.2421595,35.7952241],[129.242171,35.7952006],[129.242219,35.795103],[129.2422741,35.7949723]]]]}},{"type":"Feature","properties":{"UFID":"100035901090A00110100000004426978"},"geometry":{"type":"MultiPolygon","coordinates":[[[[129.2447464,35.7927344],[129.2446997,35.7926873],[129.2445863,35.792682],[129.2447097,35.7927583],[129.2447464,35.7927344]]]]}},{"type":"Feature","properties":{"UFID":"100035901090A00110100000004426979"},"geometry":{"type":"MultiPolygon","coordinates":[[[[129.2445863,35.792682],[129.2446997,35.7926873],[129.2446963,35.7926866],[129.2446042,35.7926574],[129.2445226,35.7926312],[129.24437,35.7925873],[129.2443521,35.792611],[129.2444028,35.7926244],[129.2444976,35.7926475],[129.2445647,35.7926677],[129.244583,35.7926733],[129.2445851,35.7926755],[129.2445864,35.7926787],[129.2445863,35.792682]]]]}},{"type":"Feature","properties":{"UFID":"100035901090A00110100000004426980"},"geometry":{"type":"MultiPolygon","coordinates":[[[[129.2425553,35.7998182],[129.2424917,35.7997262],[129.2424101,35.7997575],[129.2425108,35.7998613],[129.2425553,35.7998182]]]]}},{"type":"Feature","properties":{"UFID":"100035901090A00110100000004426981"},"geometry":{"type":"MultiPolygon","coordinates":[[[[129.2435322,35.7983869],[129.243254,35.798386],[129.2432554,35.7984411],[129.2432619,35.7985824],[129.2432379,35.7987745],[129.2431963,35.7989686],[129.2431472,35.7991207],[129.2430806,35.7992628],[129.2430166,35.7993697],[129.2429583,35.7994303],[129.2429014,35.7994838],[129.2426891,35.7996129],[129.2426371,35.7996457],[129.242516,35.7997239],[129.2424917,35.7997262],[129.2425553,35.7998182],[129.2426676,35.7997259],[129.2427376,35.7996717],[129.2428762,35.7995864],[129.2430087,35.7994948],[129.243092,35.7994082],[129.2431619,35.7992915],[129.2432315,35.7991428],[129.2432828,35.7989839],[129.2433257,35.7987844],[129.2433355,35.7987053],[129.2433636,35.7986509],[129.2434235,35.7985347],[129.2435322,35.7983869]]]]}},{"type":"Feature","properties":{"UFID":"100035901090A00110100000004426982"},"geometry":{"type":"MultiPolygon","coordinates":[[[[129.2435378,35.7978607],[129.2432372,35.7978529],[129.2432389,35.7980068],[129.2432504,35.7982421],[129.243254,35.798386],[129.2435322,35.7983869],[129.2435378,35.7978607]]]]}},{"type":"Feature","properties":{"UFID":"100035901090A00110100000004426983"},"geometry":{"type":"MultiPolygon","coordinates":[[[[129.2431212,35.7919245],[129.2430843,35.7918968],[129.243059,35.7919146],[129.2430962,35.7919425],[129.2431212,35.7919245]]]]}},{"type":"Feature","properties":{"UFID":"100035901090A00110100000004426984"},"geometry":{"type":"MultiPolygon","coordinates":[[[[129.2430843,35.7918968],[129.2430622,35.7918802],[129.2429427,35.7917907],[129.2429015,35.791753],[129.2428809,35.7917335],[129.242847,35.7917016],[129.2428091,35.791669],[129.2427438,35.7916287],[129.2426772,35.7915941],[129.2426123,35.7915553],[129.242552,35.791515],[129.2425042,35.7914705],[129.2424728,35.7914457],[129.2424202,35.7914201],[129.2422947,35.7913745],[129.2421669,35.791328],[129.2420966,35.7913036],[129.2420548,35.7912876],[129.2420354,35.7912747],[129.2420284,35.7912688],[129.242008,35.7912905],[129.2420129,35.7912947],[129.242037,35.7913107],[129.2420831,35.7913283],[129.2421536,35.7913528],[129.2422812,35.7913991],[129.2424049,35.7914442],[129.2424525,35.7914673],[129.24248,35.7914891],[129.2425288,35.7915345],[129.2425919,35.7915767],[129.2426585,35.7916164],[129.2427249,35.7916509],[129.2427868,35.7916892],[129.2428223,35.7917197],[129.242854,35.7917496],[129.2428782,35.7917723],[129.2429189,35.7918097],[129.2430397,35.7919001],[129.243059,35.7919146],[129.2430843,35.7918968]]]]}},{"type":"Feature","properties":{"UFID":"100035901090A00110100000004426985"},"geometry":{"type":"MultiPolygon","coordinates":[[[[129.2430962,35.7919425],[129.243059,35.7919146],[129.2430555,35.7919209],[129.2430508,35.7919282],[129.2430476,35.7919305],[129.2429586,35.7920113],[129.2429833,35.7920293],[129.2430703,35.7919502],[129.2430962,35.7919425]]]]}},{"type":"Feature","properties":{"UFID":"100035901090A00110100000004426986"},"geometry":{"type":"MultiPolygon","coordinates":[[[[129.2434073,35.7921226],[129.2434008,35.7921256],[129.2433989,35.7921258],[129.2433816,35.7921154],[129.2432809,35.7920421],[129.2431737,35.7919639],[129.2431212,35.7919245],[129.2430962,35.7919425],[129.2431514,35.791984],[129.2432587,35.7920623],[129.2433606,35.7921363],[129.2433867,35.7921521],[129.243394,35.7921636],[129.2433971,35.7921742],[129.2434073,35.7921226]]]]}},{"type":"Feature","properties":{"UFID":"100035901090A00110100000004426987"},"geometry":{"type":"MultiPolygon","coordinates":[[[[129.2451093,35.7894981],[129.2451036,35.7894902],[129.2450693,35.789505],[129.2450808,35.789512],[129.2451093,35.7894981]]]]}},{"type":"Feature","properties":{"UFID":"100035901090A00110100000004426988"},"geometry":{"type":"MultiPolygon","coordinates":[[[[129.2451275,35.7895235],[129.2451093,35.7894981],[129.2450808,35.789512],[129.2450983,35.7895365],[129.2451275,35.7895235]]]]}},{"type":"Feature","properties":{"UFID":"100035901090A00110100000004426989"},"geometry":{"type":"MultiPolygon","coordinates":[[[[129.2451093,35.7894981],[129.2451275,35.7895235],[129.2451299,35.7895225],[129.245208,35.7895138],[129.2452612,35.7895075],[129.245289,35.7895068],[129.2452951,35.7895069],[129.2453124,35.7895115],[129.2453303,35.78952],[129.245347,35.7894966],[129.245326,35.7894867],[129.2453008,35.78948],[129.245289,35.7894798],[129.2452583,35.7894805],[129.2452034,35.789487],[129.2451158,35.7894968],[129.2451135,35.7894977],[129.2451093,35.7894981]]]]}},{"type":"Feature","properties":{"UFID":"100035901090A00110100000004426990"},"geometry":{"type":"MultiPolygon","coordinates":[[[[129.2454429,35.7902252],[129.2454301,35.7902187],[129.2454322,35.7901302],[129.2454372,35.7900678],[129.2454419,35.7900094],[129.2454409,35.7899779],[129.2454319,35.7899486],[129.2454185,35.7899245],[129.2453908,35.7898753],[129.2453692,35.7898301],[129.2453505,35.7897885],[129.245325,35.7897418],[129.2453174,35.7897299],[129.2452994,35.7897064],[129.2452477,35.7896681],[129.2452099,35.7896391],[129.245181,35.7896015],[129.2451446,35.7895473],[129.2451275,35.7895235],[129.2450983,35.7895365],[129.2451157,35.7895606],[129.2451524,35.7896152],[129.245184,35.7896565],[129.2452252,35.789688],[129.2452737,35.7897238],[129.2452885,35.7897433],[129.245295,35.7897536],[129.2453197,35.7897986],[129.2453383,35.7898396],[129.2453602,35.7898858],[129.2453883,35.7899356],[129.2454004,35.7899576],[129.2454079,35.7899817],[129.2454087,35.790009],[129.2454042,35.790066],[129.245399,35.790129],[129.2453968,35.7902204],[129.2453957,35.7902328],[129.2454429,35.7902252]]]]}},{"type":"Feature","properties":{"UFID":"100035901090A00110100000004426991"},"geometry":{"type":"MultiPolygon","coordinates":[[[[129.2454413,35.7903141],[129.2454429,35.7902252],[129.2453957,35.7902328],[129.2453915,35.7902806],[129.245381,35.7903188],[129.2454413,35.7903141]]]]}},{"type":"Feature","properties":{"UFID":"100035901090A00110100000004426992"},"geometry":{"type":"MultiPolygon","coordinates":[[[[129.2453635,35.7904273],[129.2453509,35.7904615],[129.2453567,35.7904619],[129.2453636,35.7904633],[129.2453744,35.7904666],[129.2454041,35.7904736],[129.2454696,35.7904851],[129.2455064,35.790489],[129.2455348,35.7904891],[129.2455695,35.7904842],[129.2455996,35.7904734],[129.2456438,35.7904498],[129.2456256,35.7904272],[129.2455837,35.7904495],[129.2455598,35.7904581],[129.245532,35.7904621],[129.2455086,35.7904619],[129.2454752,35.7904585],[129.2454122,35.7904474],[129.2454066,35.7904461],[129.245369,35.7904315],[129.2453635,35.7904273]]]]}},{"type":"Feature","properties":{"UFID":"100035901090A00110100000004426993"},"geometry":{"type":"MultiPolygon","coordinates":[[[[129.2454413,35.7903141],[129.245381,35.7903188],[129.2453732,35.7903476],[129.2453327,35.7904153],[129.2453635,35.7904273],[129.245363,35.7904233],[129.2453648,35.7904175],[129.2454045,35.790357],[129.2454413,35.7903141]]]]}},{"type":"Feature","properties":{"UFID":"100035901090A00110100000004426994"},"geometry":{"type":"MultiPolygon","coordinates":[[[[129.2453635,35.7904273],[129.2453327,35.7904153],[129.2453212,35.7904345],[129.2453089,35.7904504],[129.2453509,35.7904615],[129.2453635,35.7904273]]]]}},{"type":"Feature","properties":{"UFID":"100035901090A00110100000004426995"},"geometry":{"type":"MultiPolygon","coordinates":[[[[129.2453509,35.7904615],[129.2453089,35.7904504],[129.2453055,35.7904549],[129.2452205,35.790603],[129.2452514,35.7906128],[129.2453314,35.7904696],[129.245335,35.7904658],[129.2453378,35.7904638],[129.2453509,35.7904615]]]]}},{"type":"Feature","properties":{"UFID":"100035901090A00110100000004426996"},"geometry":{"type":"MultiPolygon","coordinates":[[[[129.2457873,35.7918424],[129.2457484,35.7918247],[129.2457277,35.7918473],[129.245771,35.7918602],[129.2457873,35.7918424]]]]}},{"type":"Feature","properties":{"UFID":"100035901090A00110100000004426997"},"geometry":{"type":"MultiPolygon","coordinates":[[[[129.245381,35.7921278],[129.2453977,35.7921189],[129.2454422,35.7920934],[129.2455506,35.7920153],[129.2456639,35.7919462],[129.2457,35.7919216],[129.2457404,35.7918936],[129.245771,35.7918602],[129.2457277,35.7918473],[129.245708,35.7918687],[129.2456715,35.791894],[129.2456364,35.7919178],[129.2455227,35.7919875],[129.2454148,35.7920651],[129.2453634,35.7920945],[129.2453287,35.7921036],[129.2452622,35.7921148],[129.2451389,35.7921401],[129.2450971,35.7921475],[129.2450827,35.7921471],[129.2450688,35.792144],[129.2450923,35.7921986],[129.2451114,35.7921882],[129.2451714,35.7921701],[129.245308,35.7921434],[129.2453395,35.7921386],[129.245381,35.7921278]]]]}},{"type":"Feature","properties":{"UFID":"100035901090A00110100000004426998"},"geometry":{"type":"MultiPolygon","coordinates":[[[[129.2451036,35.7894902],[129.2450869,35.7894503],[129.2450745,35.7894225],[129.2450176,35.7894335],[129.2450693,35.789505],[129.2451036,35.7894902]]]]}},{"type":"Feature","properties":{"UFID":"100035901090A00110100000004426999"},"geometry":{"type":"MultiPolygon","coordinates":[[[[129.2450745,35.7894225],[129.2450697,35.7894119],[129.2449995,35.7894146],[129.2450059,35.7894167],[129.2450112,35.7894196],[129.2450176,35.7894335],[129.2450745,35.7894225]]]]}},{"type":"Feature","properties":{"UFID":"100035901090A00110100000004427000"},"geometry":{"type":"MultiPolygon","coordinates":[[[[129.2450697,35.7894119],[129.2450431,35.7893741],[129.2449958,35.7893867],[129.2449995,35.7894146],[129.2450697,35.7894119]]]]}},{"type":"Feature","properties":{"UFID":"100035901090A00110100000004427001"},"geometry":{"type":"MultiPolygon","coordinates":[[[[129.2450923,35.7921986],[129.2450688,35.792144],[129.2449686,35.7921676],[129.2449804,35.7921948],[129.2449813,35.7922153],[129.2450923,35.7921986]]]]}},{"type":"Feature","properties":{"UFID":"100035901090A00110100000004427002"},"geometry":{"type":"MultiPolygon","coordinates":[[[[129.2450063,35.7892816],[129.2449966,35.7892429],[129.2449671,35.7892452],[129.2449425,35.7892469],[129.2449589,35.7892941],[129.2450063,35.7892816]]]]}},{"type":"Feature","properties":{"UFID":"100035901090A00110100000004427003"},"geometry":{"type":"MultiPolygon","coordinates":[[[[129.2445944,35.7932059],[129.2445194,35.7932104],[129.244528,35.7932369],[129.2445323,35.7932598],[129.2446017,35.7932593],[129.2445944,35.7932059]]]]}},{"type":"Feature","properties":{"UFID":"100035901090A00110100000004427004"},"geometry":{"type":"MultiPolygon","coordinates":[[[[129.2445944,35.7932059],[129.2445846,35.793194],[129.2445661,35.7931515],[129.2445503,35.793088],[129.2444782,35.793116],[129.2444888,35.7931204],[129.2444923,35.7931267],[129.2445194,35.7932104],[129.2445944,35.7932059]]]]}},{"type":"Feature","properties":{"UFID":"100035901090A00110100000004427005"},"geometry":{"type":"MultiPolygon","coordinates":[[[[129.2445503,35.793088],[129.2445393,35.793044],[129.244538,35.793025],[129.244472,35.7930308],[129.2444782,35.793116],[129.2445503,35.793088]]]]}},{"type":"Feature","properties":{"UFID":"100035901090A00110100000004427006"},"geometry":{"type":"MultiPolygon","coordinates":[[[[129.2445276,35.7939559],[129.2445267,35.793903],[129.2445259,35.7937757],[129.2445342,35.7936719],[129.2445409,35.7936163],[129.2445765,35.7934814],[129.244596,35.7933923],[129.2445999,35.7933602],[129.2446011,35.7933379],[129.2446005,35.7933007],[129.2445995,35.7932703],[129.2445999,35.7932618],[129.2446017,35.7932593],[129.2445323,35.7932598],[129.2445364,35.7932818],[129.2445387,35.7933028],[129.244538,35.7933348],[129.2445284,35.793414],[129.2445149,35.7934671],[129.2444874,35.7935671],[129.2444749,35.7936076],[129.2444678,35.7936608],[129.2444586,35.7937534],[129.2444559,35.7938148],[129.2444541,35.7939094],[129.2444536,35.7939361],[129.2444504,35.7939632],[129.2444373,35.7939882],[129.2445276,35.7939559]]]]}},{"type":"Feature","properties":{"UFID":"100035901090A00110100000004427007"},"geometry":{"type":"MultiPolygon","coordinates":[[[[129.2444879,35.7878609],[129.2444866,35.7878285],[129.2444484,35.7878271],[129.2444218,35.787823],[129.2444167,35.7878712],[129.2444879,35.7878609]]]]}},{"type":"Feature","properties":{"UFID":"100035901090A00110100000004427008"},"geometry":{"type":"MultiPolygon","coordinates":[[[[129.2444218,35.787823],[129.2441305,35.7877537],[129.2441197,35.7877512],[129.2440833,35.7877326],[129.2440874,35.7877736],[129.2440939,35.7877734],[129.2441213,35.7877797],[129.2443806,35.7878414],[129.2444023,35.7878569],[129.2444167,35.7878712],[129.2444218,35.787823]]]]}},{"type":"Feature","properties":{"UFID":"100035901090A00110100000004427009"},"geometry":{"type":"MultiPolygon","coordinates":[[[[129.2440874,35.7877736],[129.2440833,35.7877326],[129.2440476,35.7877388],[129.2439897,35.7877827],[129.2440874,35.7877736]]]]}},{"type":"Feature","properties":{"UFID":"100035901090A00110100000004427010"},"geometry":{"type":"MultiPolygon","coordinates":[[[[129.2440874,35.7877736],[129.2439897,35.7877827],[129.2440064,35.7878118],[129.24401,35.7878415],[129.2439052,35.7881069],[129.243903,35.7881092],[129.2439394,35.7881144],[129.2440456,35.7878453],[129.2440665,35.7877894],[129.2440674,35.7877869],[129.2440874,35.7877736]]]]}},{"type":"Feature","properties":{"UFID":"100035901090A00110100000004427011"},"geometry":{"type":"MultiPolygon","coordinates":[[[[129.243903,35.7881092],[129.2439003,35.7881097],[129.243893,35.78811],[129.2436197,35.7880525],[129.2436017,35.7880474],[129.2435232,35.7880239],[129.2435118,35.7880493],[129.2435905,35.7880729],[129.2436101,35.7880784],[129.2438824,35.7881356],[129.2438886,35.7881395],[129.2438901,35.7881417],[129.243903,35.7881092]]]]}},{"type":"Feature","properties":{"UFID":"100035901090A00110100000004427012"},"geometry":{"type":"MultiPolygon","coordinates":[[[[129.2439394,35.7881144],[129.243903,35.7881092],[129.2438901,35.7881417],[129.2439264,35.7881472],[129.2439394,35.7881144]]]]}},{"type":"Feature","properties":{"UFID":"100035901090A00110100000004427013"},"geometry":{"type":"MultiPolygon","coordinates":[[[[129.2449995,35.7894146],[129.2449958,35.7893867],[129.2449872,35.7893881],[129.2449529,35.7893934],[129.2445342,35.7894644],[129.2438658,35.7895834],[129.24386,35.7895819],[129.24387,35.7896112],[129.243872,35.7896109],[129.2445414,35.7894918],[129.2449596,35.7894208],[129.2449936,35.7894155],[129.2449995,35.7894146]]]]}},{"type":"Feature","properties":{"UFID":"100035901090A00110100000004427014"},"geometry":{"type":"MultiPolygon","coordinates":[[[[129.2443608,35.7901809],[129.2443536,35.7901789],[129.2443422,35.7901704],[129.2442981,35.7901319],[129.2442792,35.7901153],[129.244136,35.7900208],[129.244023,35.7899555],[129.2439202,35.7898992],[129.2438929,35.7898695],[129.2438425,35.7899179],[129.2438671,35.7899176],[129.2439143,35.7899306],[129.2440029,35.7899793],[129.2441146,35.7900439],[129.2442644,35.7901426],[129.2443033,35.7901694],[129.2442869,35.7901967],[129.2443608,35.7901809]]]]}},{"type":"Feature","properties":{"UFID":"100035901090A00110100000004427015"},"geometry":{"type":"MultiPolygon","coordinates":[[[[129.2439264,35.7881472],[129.2438901,35.7881417],[129.2438893,35.7881472],[129.2438706,35.7881946],[129.2437908,35.7883991],[129.243783,35.7884425],[129.243781,35.7884705],[129.243781,35.7884994],[129.2437817,35.7885304],[129.2437811,35.7885471],[129.2438253,35.7885521],[129.2438168,35.7885165],[129.2438164,35.7884992],[129.2438164,35.7884713],[129.2438183,35.7884455],[129.2438254,35.7884056],[129.2439043,35.7882034],[129.2439264,35.7881472]]]]}},{"type":"Feature","properties":{"UFID":"100035901090A00110100000004427016"},"geometry":{"type":"MultiPolygon","coordinates":[[[[129.2438253,35.7885521],[129.243814,35.7886015],[129.2438244,35.7885957],[129.2438356,35.7885938],[129.2438537,35.788594],[129.2440866,35.7886383],[129.2441445,35.7886536],[129.2441556,35.7886609],[129.2441751,35.7886758],[129.2442119,35.7887063],[129.2442356,35.7886873],[129.2442021,35.7886596],[129.2441796,35.7886234],[129.2440955,35.7886122],[129.2438447,35.7885645],[129.2438253,35.7885521]]]]}},{"type":"Feature","properties":{"UFID":"100035901090A00110100000004427017"},"geometry":{"type":"MultiPolygon","coordinates":[[[[129.2438929,35.7898695],[129.2438408,35.7898126],[129.2437926,35.7898885],[129.2438425,35.7899179],[129.2438929,35.7898695]]]]}},{"type":"Feature","properties":{"UFID":"100035901090A00110100000004427018"},"geometry":{"type":"MultiPolygon","coordinates":[[[[129.2438253,35.7885521],[129.2437811,35.7885471],[129.2437805,35.7885659],[129.243778,35.7885922],[129.243814,35.7886015],[129.2438253,35.7885521]]]]}},{"type":"Feature","properties":{"UFID":"100035901090A00110100000004427019"},"geometry":{"type":"MultiPolygon","coordinates":[[[[129.24387,35.7896112],[129.24386,35.7895819],[129.2437891,35.7895918],[129.2437726,35.789626],[129.24387,35.7896112]]]]}},{"type":"Feature","properties":{"UFID":"100035901090A00110100000004427020"},"geometry":{"type":"MultiPolygon","coordinates":[[[[129.2438408,35.7898126],[129.2438369,35.7897906],[129.2438358,35.7897529],[129.2438443,35.7896723],[129.243845,35.7896349],[129.243851,35.7896259],[129.24387,35.7896112],[129.2437726,35.789626],[129.243809,35.789668],[129.2438088,35.7896708],[129.2438004,35.789752],[129.2438015,35.7897931],[129.2437926,35.7898885],[129.2438408,35.7898126]]]]}},{"type":"Feature","properties":{"UFID":"100035901090A00110100000004427021"},"geometry":{"type":"MultiPolygon","coordinates":[[[[129.2439897,35.7877827],[129.2440476,35.7877388],[129.2438959,35.7877449],[129.2437547,35.7877633],[129.2434944,35.7878088],[129.2435041,35.7878348],[129.2437607,35.7877899],[129.2438994,35.7877719],[129.243942,35.7877702],[129.2439731,35.7877751],[129.2439897,35.7877827]]]]}},{"type":"Feature","properties":{"UFID":"100035901090A00110100000004427022"},"geometry":{"type":"MultiPolygon","coordinates":[[[[129.2437448,35.7931973],[129.2437419,35.7931767],[129.243743,35.793141],[129.2437462,35.793132],[129.2437994,35.7930114],[129.243848,35.7929275],[129.2438752,35.7928971],[129.2438942,35.7928855],[129.2439222,35.7928798],[129.2439583,35.7928797],[129.2439879,35.7928843],[129.2440116,35.7928927],[129.244122,35.7929647],[129.2442241,35.7930611],[129.244271,35.7930969],[129.2442877,35.793105],[129.2443037,35.7931071],[129.2443185,35.7931085],[129.244359,35.793109],[129.2444587,35.793112],[129.2444782,35.793116],[129.244472,35.7930308],[129.2443966,35.7930555],[129.244347,35.7930611],[129.2443152,35.7930608],[129.2443069,35.7930579],[129.244277,35.7930408],[129.2441604,35.792932],[129.2440403,35.7928537],[129.2440043,35.792841],[129.2439635,35.7928346],[129.2439153,35.7928347],[129.2438699,35.792844],[129.2438354,35.792865],[129.2438002,35.7929045],[129.2437482,35.7929941],[129.2436935,35.7931182],[129.2436819,35.7931514],[129.2436488,35.7932038],[129.24364,35.7932302],[129.2437448,35.7931973]]]]}},{"type":"Feature","properties":{"UFID":"100035901090A00110100000004427023"},"geometry":{"type":"MultiPolygon","coordinates":[[[[129.2437867,35.7932702],[129.2437544,35.7932264],[129.2437448,35.7931973],[129.24364,35.7932302],[129.2437175,35.7933072],[129.2437867,35.7932702]]]]}},{"type":"Feature","properties":{"UFID":"100035901090A00110100000004427024"},"geometry":{"type":"MultiPolygon","coordinates":[[[[129.2437175,35.7933072],[129.24364,35.7932302],[129.2436325,35.7932527],[129.2436291,35.7932631],[129.2436729,35.7933189],[129.2436909,35.7933098],[129.2437018,35.7933074],[129.2437175,35.7933072]]]]}},{"type":"Feature","properties":{"UFID":"100035901090A00110100000004427025"},"geometry":{"type":"MultiPolygon","coordinates":[[[[129.2435387,35.7911909],[129.2434931,35.7911838],[129.2434843,35.7912099],[129.2435325,35.7912194],[129.2435329,35.7912169],[129.2435331,35.7912152],[129.2435349,35.7912035],[129.2435387,35.7911909]]]]}},{"type":"Feature","properties":{"UFID":"100035901090A00110100000004427026"},"geometry":{"type":"MultiPolygon","coordinates":[[[[129.2434678,35.7969794],[129.2434271,35.7969845],[129.2434283,35.7970611],[129.2434344,35.7972548],[129.2434365,35.7973489],[129.243443,35.7974156],[129.2434717,35.7974996],[129.2435161,35.7976028],[129.2435621,35.7976783],[129.2436091,35.7977225],[129.2436944,35.7977649],[129.2437853,35.7978156],[129.2438563,35.7978353],[129.2439332,35.7978454],[129.2440097,35.7978484],[129.2440888,35.7978444],[129.2442302,35.7978399],[129.2444292,35.7978252],[129.2445978,35.797813],[129.2447472,35.7978037],[129.2448728,35.7977944],[129.2449981,35.7977924],[129.2451336,35.7977929],[129.2452545,35.7977944],[129.2453928,35.7978061],[129.2454623,35.79781],[129.2454648,35.7977803],[129.245396,35.7977765],[129.2452567,35.7977647],[129.245134,35.7977632],[129.2449978,35.7977626],[129.2448707,35.7977647],[129.2447441,35.797774],[129.2445948,35.7977833],[129.2444259,35.7977956],[129.2442278,35.7978102],[129.244087,35.7978147],[129.2440094,35.7978186],[129.243937,35.7978158],[129.2438652,35.7978063],[129.2438018,35.7977888],[129.2437142,35.7977399],[129.2436329,35.7976995],[129.2435927,35.7976617],[129.2435498,35.7975912],[129.2435066,35.7974907],[129.2434791,35.7974104],[129.243473,35.7973475],[129.2434709,35.7972542],[129.2434648,35.7970605],[129.2434637,35.7969924],[129.2434651,35.7969834],[129.2434678,35.7969794]]]]}},{"type":"Feature","properties":{"UFID":"100035901090A00110100000004427027"},"geometry":{"type":"MultiPolygon","coordinates":[[[[129.2434678,35.7969794],[129.2434769,35.7969465],[129.2434264,35.796935],[129.2434268,35.7969649],[129.2434271,35.7969845],[129.2434678,35.7969794]]]]}},{"type":"Feature","properties":{"UFID":"100035901090A00110100000004427028"},"geometry":{"type":"MultiPolygon","coordinates":[[[[129.243452,35.7959614],[129.2434148,35.795963],[129.2434138,35.7959686],[129.2434099,35.7960062],[129.24341,35.796128],[129.2434104,35.7961955],[129.2434118,35.7962958],[129.2434247,35.7968455],[129.2434254,35.7968712],[129.2434264,35.796935],[129.2434769,35.7969465],[129.243473,35.7969423],[129.2434628,35.7969279],[129.2434619,35.7968707],[129.2434612,35.7968448],[129.2434483,35.7962954],[129.2434469,35.7961953],[129.2434465,35.7961279],[129.2434464,35.7960075],[129.2434501,35.7959721],[129.2434515,35.7959642],[129.243452,35.7959614]]]]}},{"type":"Feature","properties":{"UFID":"100035901090A00110100000004427029"},"geometry":{"type":"MultiPolygon","coordinates":[[[[129.2434402,35.7921263],[129.2434073,35.7921226],[129.2433971,35.7921742],[129.2434297,35.7921791],[129.2434316,35.7921699],[129.2434402,35.7921263]]]]}},{"type":"Feature","properties":{"UFID":"100035901090A00110100000004427030"},"geometry":{"type":"MultiPolygon","coordinates":[[[[129.2434931,35.7911838],[129.2432776,35.7911354],[129.2432455,35.7911282],[129.243228,35.7911245],[129.2427777,35.790997],[129.2427669,35.7910226],[129.2432182,35.7911503],[129.2432365,35.7911543],[129.2432534,35.791158],[129.2432702,35.7911617],[129.2434843,35.7912099],[129.2434931,35.7911838]]]]}},{"type":"Feature","properties":{"UFID":"100035901090A00110100000004427031"},"geometry":{"type":"MultiPolygon","coordinates":[[[[129.2438129,35.7902203],[129.2437752,35.7902156],[129.2436236,35.790188],[129.2434921,35.7901757],[129.2434549,35.7901744],[129.2433508,35.7901766],[129.2432996,35.7901823],[129.2432582,35.7901918],[129.2432742,35.7902162],[129.2433063,35.7902088],[129.2433534,35.7902037],[129.2434546,35.7902015],[129.2434897,35.7902027],[129.2436181,35.7902147],[129.243769,35.7902421],[129.2438227,35.790249],[129.2438129,35.7902203]]]]}},{"type":"Feature","properties":{"UFID":"100035901090A00110100000004427032"},"geometry":{"type":"MultiPolygon","coordinates":[[[[129.243345,35.7969861],[129.2433439,35.7969663],[129.24334,35.7969483],[129.2433301,35.7969185],[129.2432069,35.796907],[129.2432087,35.796999],[129.243345,35.7969861]]]]}},{"type":"Feature","properties":{"UFID":"100035901090A00110100000004427033"},"geometry":{"type":"MultiPolygon","coordinates":[[[[129.2432582,35.7901918],[129.2432307,35.790189],[129.2431874,35.7901738],[129.2432039,35.7902154],[129.2432742,35.7902162],[129.2432582,35.7901918]]]]}},{"type":"Feature","properties":{"UFID":"100035901090A00110100000004427034"},"geometry":{"type":"MultiPolygon","coordinates":[[[[129.2433199,35.7958588],[129.2431724,35.796034],[129.2431821,35.7960492],[129.2431869,35.7960792],[129.2431877,35.796084],[129.2432069,35.796907],[129.2433301,35.7969185],[129.2433264,35.7967215],[129.2433259,35.7964503],[129.2433263,35.796362],[129.243333,35.7963219],[129.2433318,35.7962952],[129.243323,35.7962487],[129.2433207,35.7960322],[129.2433237,35.7959814],[129.2433389,35.7958689],[129.2433199,35.7958588]]]]}},{"type":"Feature","properties":{"UFID":"100035901090A00110100000004427035"},"geometry":{"type":"MultiPolygon","coordinates":[[[[129.2433199,35.7958588],[129.2432112,35.7958127],[129.2431428,35.7959468],[129.2431002,35.7960017],[129.2431724,35.796034],[129.2433199,35.7958588]]]]}},{"type":"Feature","properties":{"UFID":"100035901090A00110100000004427036"},"geometry":{"type":"MultiPolygon","coordinates":[[[[129.2427925,35.7969261],[129.2427878,35.796923],[129.2427855,35.7969173],[129.2427854,35.7968816],[129.2428012,35.7967713],[129.2428216,35.796693],[129.2428439,35.7966288],[129.2428661,35.796579],[129.2428961,35.7965196],[129.2431449,35.7960658],[129.2431724,35.796034],[129.2431002,35.7960017],[129.2430826,35.7960242],[129.2430773,35.7960346],[129.2428249,35.7964946],[129.2427938,35.7965563],[129.2427701,35.7966095],[129.2427463,35.7966779],[129.2427247,35.796761],[129.2427087,35.796872],[129.2426859,35.7969263],[129.2426801,35.7969313],[129.2427925,35.7969261]]]]}},{"type":"Feature","properties":{"UFID":"100035901090A00110100000004427037"},"geometry":{"type":"MultiPolygon","coordinates":[[[[129.2434297,35.7921791],[129.2433971,35.7921742],[129.2433949,35.7921846],[129.2433929,35.7921936],[129.2433806,35.7922308],[129.2432399,35.7926516],[129.2431308,35.7930011],[129.2430533,35.7932251],[129.2430384,35.7932625],[129.2430318,35.7932793],[129.2430259,35.7932839],[129.2430094,35.7932967],[129.2429861,35.7933176],[129.2429673,35.7933311],[129.2429365,35.7933481],[129.2429042,35.7933648],[129.2428871,35.793373],[129.242823,35.7933993],[129.2427849,35.793422],[129.2427677,35.7934361],[129.2427532,35.7934638],[129.2427387,35.7934972],[129.2427316,35.7935141],[129.2427239,35.7935182],[129.2427809,35.7935395],[129.2427703,35.7935054],[129.2427841,35.7934736],[129.2427924,35.7934579],[129.2428308,35.7934308],[129.2428937,35.7934011],[129.2429215,35.7933879],[129.2429548,35.7933707],[129.2429876,35.7933525],[129.2430094,35.7933369],[129.2430331,35.7933156],[129.2430487,35.7933036],[129.2430608,35.7932942],[129.24307,35.7932708],[129.243085,35.7932329],[129.2431628,35.7930081],[129.243272,35.7926585],[129.2434127,35.7922378],[129.2434254,35.7921995],[129.2434276,35.7921892],[129.2434297,35.7921791]]]]}},{"type":"Feature","properties":{"UFID":"100035901090A00110100000004427038"},"geometry":{"type":"MultiPolygon","coordinates":[[[[129.2432069,35.796907],[129.2431914,35.7969206],[129.2430901,35.7969251],[129.2428082,35.7969255],[129.2427925,35.7969261],[129.2427818,35.7969609],[129.2427913,35.7969604],[129.2428092,35.7969597],[129.24304,35.7969595],[129.243175,35.7969657],[129.2431892,35.79697],[129.243198,35.7969775],[129.2432053,35.796988],[129.2432087,35.796999],[129.2432069,35.796907]]]]}},{"type":"Feature","properties":{"UFID":"100035901090A00110100000004427039"},"geometry":{"type":"MultiPolygon","coordinates":[[[[129.2428466,35.790152],[129.2428247,35.7901517],[129.2428034,35.7901511],[129.2427606,35.790149],[129.2427554,35.7901762],[129.2428455,35.790179],[129.2428466,35.790152]]]]}},{"type":"Feature","properties":{"UFID":"100035901090A00110100000004427040"},"geometry":{"type":"MultiPolygon","coordinates":[[[[129.2428455,35.790179],[129.2427554,35.7901762],[129.2427663,35.7901879],[129.2427814,35.7902129],[129.242786,35.7903149],[129.2428192,35.7903139],[129.2428149,35.7902171],[129.2428158,35.7902032],[129.2428455,35.790179]]]]}},{"type":"Feature","properties":{"UFID":"100035901090A00110100000004427041"},"geometry":{"type":"MultiPolygon","coordinates":[[[[129.2437726,35.789626],[129.2437891,35.7895918],[129.2437777,35.7895941],[129.2433206,35.789662],[129.2430037,35.7897084],[129.2429642,35.7897127],[129.2429067,35.7897201],[129.2428629,35.7897274],[129.2428049,35.7897428],[129.2427509,35.7897606],[129.2427221,35.7897766],[129.242718,35.7897793],[129.2426962,35.7897937],[129.2426748,35.7898077],[129.2426617,35.7898161],[129.2426852,35.7898401],[129.2426983,35.7898316],[129.2427198,35.7898176],[129.2427414,35.7898032],[129.2427444,35.7898014],[129.2427688,35.7897877],[129.2428178,35.7897716],[129.2428725,35.7897571],[129.2429134,35.7897503],[129.2429696,35.789743],[129.2430095,35.7897387],[129.2433273,35.7896922],[129.2437726,35.789626]]]]}},{"type":"Feature","properties":{"UFID":"100035901090A00110100000004427042"},"geometry":{"type":"MultiPolygon","coordinates":[[[[129.2427818,35.7969609],[129.2426889,35.7969666],[129.2426922,35.7969714],[129.2426938,35.796991],[129.2426928,35.7969961],[129.2426904,35.7970078],[129.2427031,35.7973115],[129.2427074,35.7973743],[129.2427737,35.7973712],[129.2427694,35.7973091],[129.2427569,35.7970113],[129.2427582,35.7970052],[129.2427647,35.7969745],[129.2427673,35.7969702],[129.2427746,35.796964],[129.2427818,35.7969609]]]]}},{"type":"Feature","properties":{"UFID":"100035901090A00110100000004427043"},"geometry":{"type":"MultiPolygon","coordinates":[[[[129.2427818,35.7969609],[129.2427925,35.7969261],[129.2426801,35.7969313],[129.2426889,35.7969666],[129.2427818,35.7969609]]]]}},{"type":"Feature","properties":{"UFID":"100035901090A00110100000004427044"},"geometry":{"type":"MultiPolygon","coordinates":[[[[129.2424065,35.7937167],[129.2423915,35.7936903],[129.2423494,35.793704],[129.2423695,35.7937312],[129.2424065,35.7937167]]]]}},{"type":"Feature","properties":{"UFID":"100035901090A00110100000004427045"},"geometry":{"type":"MultiPolygon","coordinates":[[[[129.2423695,35.7937312],[129.2423494,35.793704],[129.2423361,35.79371],[129.2422575,35.7937369],[129.24218,35.7937636],[129.2421929,35.7937885],[129.2422704,35.7937618],[129.2423566,35.7937323],[129.2423641,35.7937313],[129.2423695,35.7937312]]]]}},{"type":"Feature","properties":{"UFID":"100035901090A00110100000004427046"},"geometry":{"type":"MultiPolygon","coordinates":[[[[129.2426889,35.7969666],[129.2426801,35.7969313],[129.2426719,35.7969336],[129.2426571,35.7969363],[129.2423112,35.7969524],[129.2422851,35.7969537],[129.2422375,35.7969485],[129.2423146,35.7969793],[129.2426739,35.7969626],[129.2426818,35.7969637],[129.2426889,35.7969666]]]]}},{"type":"Feature","properties":{"UFID":"100035901090A00110100000004427047"},"geometry":{"type":"MultiPolygon","coordinates":[[[[129.2423146,35.7969793],[129.2422375,35.7969485],[129.2422145,35.796972],[129.2422467,35.7969918],[129.2422665,35.7969852],[129.2423146,35.7969793]]]]}},{"type":"Feature","properties":{"UFID":"100035901090A00110100000004427048"},"geometry":{"type":"MultiPolygon","coordinates":[[[[129.2422359,35.7972977],[129.2422047,35.7973073],[129.2422525,35.7973866],[129.242283,35.7973759],[129.2422359,35.7972977]]]]}},{"type":"Feature","properties":{"UFID":"100035901090A00110100000004427049"},"geometry":{"type":"MultiPolygon","coordinates":[[[[129.2427606,35.790149],[129.2427497,35.7901485],[129.2427224,35.790146],[129.2425658,35.7901151],[129.2425124,35.7901111],[129.2424568,35.7900989],[129.2424041,35.7900916],[129.2423609,35.790081],[129.2423001,35.7900646],[129.242242,35.7900478],[129.242204,35.7900328],[129.2422002,35.7900314],[129.242181,35.7900204],[129.2421542,35.7900524],[129.2421663,35.7900539],[129.2421935,35.7900587],[129.2422292,35.7900728],[129.2422894,35.7900902],[129.2423509,35.7901067],[129.2423964,35.7901179],[129.2424513,35.7901256],[129.2425065,35.7901378],[129.2425603,35.7901419],[129.2427166,35.7901727],[129.2427554,35.7901762],[129.2427606,35.790149]]]]}},{"type":"Feature","properties":{"UFID":"100035901090A00110100000004427050"},"geometry":{"type":"MultiPolygon","coordinates":[[[[129.242181,35.7900204],[129.2421463,35.7900004],[129.2421074,35.7900446],[129.2421542,35.7900524],[129.242181,35.7900204]]]]}},{"type":"Feature","properties":{"UFID":"100035901090A00110100000004427051"},"geometry":{"type":"MultiPolygon","coordinates":[[[[129.2421542,35.7900524],[129.2421074,35.7900446],[129.2420582,35.7901097],[129.2420865,35.7901239],[129.2421278,35.7900692],[129.2421542,35.7900524]]]]}},{"type":"Feature","properties":{"UFID":"100035901090A00110100000004427052"},"geometry":{"type":"MultiPolygon","coordinates":[[[[129.2438405,35.7894887],[129.2438269,35.7894438],[129.2437146,35.7894744],[129.2437696,35.7894986],[129.2438405,35.7894887]]]]}},{"type":"Feature","properties":{"UFID":"100035901090A00110100000004427053"},"geometry":{"type":"MultiPolygon","coordinates":[[[[129.2437999,35.7888098],[129.2437574,35.7888175],[129.2437631,35.7888222],[129.2437669,35.7888425],[129.2437881,35.7889102],[129.2438001,35.7889887],[129.2438073,35.789024],[129.2438131,35.789084],[129.2438121,35.7891136],[129.2438114,35.7891317],[129.2438072,35.7891705],[129.2437801,35.7892741],[129.2438259,35.7892932],[129.2438457,35.789174],[129.24385,35.7891336],[129.2438508,35.7891146],[129.2438519,35.7890832],[129.2438458,35.7890201],[129.2438384,35.7889841],[129.2438262,35.7889043],[129.2438048,35.7888362],[129.2438001,35.7888108],[129.2437999,35.7888098]]]]}},{"type":"Feature","properties":{"UFID":"100035901090A00110100000004427054"},"geometry":{"type":"MultiPolygon","coordinates":[[[[129.2437801,35.7892741],[129.2436594,35.7892924],[129.243643,35.7892931],[129.2434505,35.7892845],[129.2434487,35.7893115],[129.2436429,35.7893202],[129.2436633,35.7893193],[129.2436745,35.7893176],[129.2437267,35.789313],[129.2437325,35.7893151],[129.2437362,35.7893197],[129.2437801,35.7892741]]]]}},{"type":"Feature","properties":{"UFID":"100035901090A00110100000004427055"},"geometry":{"type":"MultiPolygon","coordinates":[[[[129.2437696,35.7894986],[129.2437146,35.7894744],[129.243662,35.7894811],[129.2435182,35.7895004],[129.243503,35.789505],[129.2430972,35.789548],[129.2431015,35.7895748],[129.2435082,35.7895317],[129.2435245,35.7895315],[129.2436681,35.7895122],[129.243762,35.7895003],[129.2437696,35.7894986]]]]}},{"type":"Feature","properties":{"UFID":"100035901090A00110100000004427056"},"geometry":{"type":"MultiPolygon","coordinates":[[[[129.2449589,35.7892941],[129.2449425,35.7892469],[129.2449309,35.7892477],[129.2449175,35.7892485],[129.2448883,35.7892546],[129.2445421,35.789327],[129.2441491,35.7893989],[129.2438446,35.7894503],[129.2438404,35.7894512],[129.2438269,35.7894438],[129.2438405,35.7894887],[129.2438426,35.7894866],[129.2438468,35.7894841],[129.2438552,35.7894807],[129.2441573,35.7894298],[129.2445512,35.7893577],[129.2448979,35.7892852],[129.2449013,35.7892849],[129.2449589,35.7892941]]]]}},{"type":"Feature","properties":{"UFID":"100035901090A00110100000004427057"},"geometry":{"type":"MultiPolygon","coordinates":[[[[129.2438269,35.7894438],[129.2438213,35.7894221],[129.2438201,35.7894003],[129.2438217,35.7893597],[129.2437362,35.7893197],[129.2437423,35.7893637],[129.2437146,35.7894396],[129.2437146,35.7894744],[129.2438269,35.7894438]]]]}},{"type":"Feature","properties":{"UFID":"100035901090A00110100000004427058"},"geometry":{"type":"MultiPolygon","coordinates":[[[[129.2438259,35.7892932],[129.2437801,35.7892741],[129.2437362,35.7893197],[129.2438217,35.7893597],[129.2438231,35.7893118],[129.2438259,35.7892932]]]]}},{"type":"Feature","properties":{"UFID":"100035901090A00110100000004427059"},"geometry":{"type":"MultiPolygon","coordinates":[[[[129.2434402,35.7921263],[129.2434316,35.7921699],[129.2434297,35.7921791],[129.2434553,35.7921802],[129.2435056,35.7921841],[129.2435392,35.7921891],[129.2436068,35.7922011],[129.2437948,35.7922223],[129.2438315,35.7922245],[129.2438775,35.7922262],[129.2439173,35.7922271],[129.2439586,35.7922271],[129.2441334,35.7922351],[129.2441375,35.7922355],[129.2441474,35.7922364],[129.2441595,35.7922104],[129.2441414,35.7922086],[129.2441363,35.7922082],[129.2439596,35.7922001],[129.2439177,35.7922001],[129.2438787,35.7921992],[129.243834,35.7921985],[129.2437983,35.7921954],[129.2436126,35.7921744],[129.2435456,35.7921625],[129.2435101,35.7921573],[129.2434646,35.7921537],[129.2434544,35.7921496],[129.2434402,35.7921263]]]]}},{"type":"Feature","properties":{"UFID":"100035901090A00110100000004427060"},"geometry":{"type":"MultiPolygon","coordinates":[[[[129.2435325,35.7912194],[129.2434843,35.7912099],[129.243489,35.7912134],[129.2434931,35.79122],[129.2434953,35.7912301],[129.243493,35.7912446],[129.2434912,35.7912695],[129.2434852,35.7913585],[129.2434809,35.7913983],[129.2434752,35.7914451],[129.243475,35.7914465],[129.2434731,35.7914616],[129.2434723,35.7914697],[129.2434708,35.7914836],[129.2434688,35.7915019],[129.243468,35.7915147],[129.2434669,35.7915363],[129.2434667,35.7915464],[129.2434689,35.7916265],[129.2434774,35.7917077],[129.243488,35.7917683],[129.2434905,35.7917833],[129.2434899,35.7918153],[129.243486,35.79185],[129.2434853,35.7918564],[129.2434782,35.7918826],[129.24347,35.7919109],[129.2434587,35.7919413],[129.2434366,35.7920088],[129.2434138,35.7920914],[129.2434082,35.7921174],[129.2434073,35.7921226],[129.2434402,35.7921263],[129.243441,35.7921218],[129.2434464,35.7920966],[129.2434688,35.7920153],[129.2434906,35.7919487],[129.2435021,35.7919179],[129.2435106,35.7918886],[129.2435219,35.7918463],[129.2435253,35.7918169],[129.243526,35.7917816],[129.2435231,35.7917644],[129.2435126,35.7917044],[129.2435042,35.7916249],[129.2435021,35.7915462],[129.2435023,35.7915371],[129.2435034,35.791516],[129.2435041,35.7915038],[129.243506,35.7914862],[129.2435075,35.7914722],[129.2435084,35.7914644],[129.2435102,35.7914498],[129.2435104,35.7914484],[129.2435162,35.791401],[129.2435205,35.7913605],[129.2435265,35.7912712],[129.2435283,35.7912473],[129.2435325,35.7912194]]]]}},{"type":"Feature","properties":{"UFID":"100035901090A00110100000004427061"},"geometry":{"type":"MultiPolygon","coordinates":[[[[129.2457484,35.7918247],[129.2456642,35.7917995],[129.2456064,35.7917863],[129.2453019,35.7917399],[129.2449345,35.791694],[129.2449295,35.7917207],[129.2452963,35.7917666],[129.2455779,35.7918057],[129.245654,35.7918253],[129.2457277,35.7918473],[129.2457484,35.7918247]]]]}},{"type":"Feature","properties":{"UFID":"100035901090A00110100000004427062"},"geometry":{"type":"MultiPolygon","coordinates":[[[[129.245366,35.7843309],[129.2453349,35.7843213],[129.2452891,35.7844394],[129.2452304,35.7845855],[129.2451645,35.7847149],[129.2452089,35.7847291],[129.2452102,35.7847222],[129.2453206,35.7844477],[129.245366,35.7843309]]]]}},{"type":"Feature","properties":{"UFID":"100035901090A00110100000004427063"},"geometry":{"type":"MultiPolygon","coordinates":[[[[129.2455711,35.783777],[129.2455404,35.7837668],[129.2455314,35.7837846],[129.245516,35.7838183],[129.2455035,35.7838679],[129.2454346,35.7840644],[129.2453624,35.7842504],[129.2453933,35.7842606],[129.2454665,35.7840721],[129.2455357,35.7838744],[129.245548,35.7838258],[129.2455623,35.7837944],[129.2455711,35.783777]]]]}},{"type":"Feature","properties":{"UFID":"100035901090A00110100000004427064"},"geometry":{"type":"MultiPolygon","coordinates":[[[[129.2453933,35.7842606],[129.2453624,35.7842504],[129.2453349,35.7843213],[129.245366,35.7843309],[129.2453933,35.7842606]]]]}},{"type":"Feature","properties":{"UFID":"100035901090A00110100000004427065"},"geometry":{"type":"MultiPolygon","coordinates":[[[[129.2452089,35.7847291],[129.2451645,35.7847149],[129.2451488,35.7847457],[129.2451642,35.7847499],[129.2451823,35.7847549],[129.2452089,35.7847291]]]]}},{"type":"Feature","properties":{"UFID":"100035901090A00110100000004427066"},"geometry":{"type":"MultiPolygon","coordinates":[[[[129.2451823,35.7847549],[129.2451642,35.7847499],[129.2451488,35.7847457],[129.2451255,35.7847914],[129.2450472,35.7849408],[129.2449345,35.785129],[129.2449287,35.7851332],[129.2449639,35.7851483],[129.2450194,35.7850595],[129.2450872,35.7849423],[129.2451311,35.7848559],[129.2451553,35.7848042],[129.2451751,35.784762],[129.2451783,35.7847576],[129.2451823,35.7847549]]]]}},{"type":"Feature","properties":{"UFID":"100035901090A00110100000004427067"},"geometry":{"type":"MultiPolygon","coordinates":[[[[129.2448967,35.7852544],[129.2449535,35.785165],[129.2449639,35.7851483],[129.2449287,35.7851332],[129.2448402,35.7852771],[129.2448404,35.7852772],[129.2448967,35.7852544]]]]}},{"type":"Feature","properties":{"UFID":"100035901090A00110100000004427068"},"geometry":{"type":"MultiPolygon","coordinates":[[[[129.2449287,35.7851332],[129.2449218,35.7851337],[129.2449172,35.7851306],[129.2449154,35.7851236],[129.2449136,35.7850097],[129.2449172,35.7849589],[129.244919,35.7849493],[129.2449358,35.7848867],[129.244957,35.7848183],[129.2449872,35.7847252],[129.2450121,35.7846476],[129.2450506,35.7845612],[129.2450766,35.7844931],[129.2450888,35.7844358],[129.2450989,35.7843531],[129.2451097,35.7843057],[129.2451251,35.7842882],[129.2451528,35.7842818],[129.2451841,35.7842804],[129.2452207,35.7842805],[129.2452674,35.7842844],[129.2452967,35.78429],[129.2453111,35.7842979],[129.2453349,35.7843213],[129.2453624,35.7842504],[129.2453329,35.7842494],[129.245266,35.7842395],[129.2452032,35.7842343],[129.2451479,35.7842327],[129.2451111,35.7842352],[129.2450834,35.7842443],[129.2450666,35.7842528],[129.2450606,35.7842602],[129.2450542,35.7842687],[129.245051,35.7842733],[129.2450488,35.7842899],[129.2450495,35.7843646],[129.2450511,35.7844319],[129.2450482,35.7844645],[129.2450417,35.7844973],[129.2450142,35.7845653],[129.2449816,35.7846481],[129.2449595,35.7847197],[129.2449244,35.7848313],[129.2448963,35.784922],[129.2448865,35.7849708],[129.2448853,35.785021],[129.2448822,35.7851038],[129.2448768,35.7851373],[129.244867,35.7851744],[129.2448504,35.7852475],[129.2448402,35.7852771],[129.2449287,35.7851332]]]]}},{"type":"Feature","properties":{"UFID":"100035901090A00110100000004427069"},"geometry":{"type":"MultiPolygon","coordinates":[[[[129.2436364,35.7954288],[129.2436185,35.7954159],[129.2431064,35.7946435],[129.2430731,35.7946794],[129.2435775,35.7954394],[129.2435821,35.7954539],[129.2436364,35.7954288]]]]}},{"type":"Feature","properties":{"UFID":"100035901090A00110100000004427070"},"geometry":{"type":"MultiPolygon","coordinates":[[[[129.2430797,35.7946067],[129.243071,35.7945924],[129.243067,35.794582],[129.2430654,35.7945645],[129.2430633,35.7945303],[129.2430609,35.7945061],[129.2430561,35.794489],[129.2430486,35.7944721],[129.2430337,35.7944518],[129.2429842,35.7943857],[129.2429273,35.7943075],[129.2428696,35.7942347],[129.2428243,35.794176],[129.2427745,35.7941159],[129.2427207,35.7940569],[129.2426706,35.7939956],[129.2426301,35.7939475],[129.2426013,35.7939144],[129.2425686,35.7938834],[129.2425306,35.7938531],[129.24252,35.7938442],[129.2424971,35.7939035],[129.2425058,35.7939026],[129.2425154,35.7939026],[129.2425253,35.7939043],[129.2425274,35.7939045],[129.2425413,35.7939117],[129.2425993,35.7939727],[129.2426599,35.794041],[129.2427396,35.7941307],[129.2428078,35.7942084],[129.2428237,35.7942367],[129.2428744,35.7942957],[129.2429115,35.7943362],[129.2429413,35.7943788],[129.2429624,35.7944128],[129.2429824,35.7944468],[129.2429997,35.7944782],[129.2430095,35.7945034],[129.2430178,35.7945338],[129.2430238,35.7945671],[129.2430286,35.7945965],[129.243034,35.7946182],[129.2430432,35.7946399],[129.2430797,35.7946067]]]]}},{"type":"Feature","properties":{"UFID":"100035901090A00110100000004427071"},"geometry":{"type":"MultiPolygon","coordinates":[[[[129.2419332,35.7931697],[129.2419623,35.7931526],[129.2420052,35.7931328],[129.2420578,35.7931123],[129.2420971,35.7931016],[129.2420176,35.7930648],[129.2420163,35.7930711],[129.2420098,35.7930751],[129.241925,35.7931148],[129.2418876,35.793137],[129.2418507,35.7931712],[129.2419332,35.7931697]]]]}},{"type":"Feature","properties":{"UFID":"100035901090A00110100000004427072"},"geometry":{"type":"MultiPolygon","coordinates":[[[[129.2450431,35.7893741],[129.2450063,35.7892816],[129.2449589,35.7892941],[129.244991,35.7893746],[129.2449958,35.7893867],[129.2450431,35.7893741]]]]}},{"type":"Feature","properties":{"UFID":"100035901090A00110100000004427073"},"geometry":{"type":"MultiPolygon","coordinates":[[[[129.24386,35.7895819],[129.2438405,35.7894887],[129.2437696,35.7894986],[129.243771,35.7895053],[129.2437891,35.7895918],[129.24386,35.7895819]]]]}},{"type":"Feature","properties":{"UFID":"100035901090A00110100000004427074"},"geometry":{"type":"MultiPolygon","coordinates":[[[[129.2431064,35.7946435],[129.2430797,35.7946067],[129.2430432,35.7946399],[129.2430731,35.7946794],[129.2431064,35.7946435]]]]}},{"type":"Feature","properties":{"UFID":"100035901090A00110100000004427075"},"geometry":{"type":"MultiPolygon","coordinates":[[[[129.2419347,35.7932206],[129.2419332,35.7931697],[129.2418507,35.7931712],[129.2418514,35.7932218],[129.2418485,35.7932244],[129.2418439,35.7932288],[129.2419347,35.7932206]]]]}},{"type":"Feature","properties":{"UFID":"100035901090A00110100000004427076"},"geometry":{"type":"MultiPolygon","coordinates":[[[[129.2419508,35.7951463],[129.2419392,35.7951201],[129.2419353,35.7951115],[129.2419235,35.7950798],[129.2419195,35.7950697],[129.2419102,35.7950441],[129.2419001,35.7950297],[129.2418771,35.7950061],[129.2418522,35.7949871],[129.2417684,35.7949393],[129.2416961,35.7948965],[129.2415942,35.7948417],[129.241577,35.7948256],[129.2415036,35.7947947],[129.2414322,35.7948189],[129.2414532,35.7948235],[129.2414698,35.7948295],[129.2415493,35.7948561],[129.2415686,35.7948643],[129.2415914,35.7948762],[129.2417497,35.7949617],[129.2418313,35.7950082],[129.2418526,35.7950244],[129.2418725,35.7950449],[129.2418794,35.7950548],[129.2418878,35.7950777],[129.2418918,35.7950879],[129.2419038,35.7951201],[129.241908,35.7951294],[129.2419109,35.795174],[129.2419508,35.7951463]]]]}},{"type":"Feature","properties":{"UFID":"100035901090A00110100000004427077"},"geometry":{"type":"MultiPolygon","coordinates":[[[[129.2415036,35.7947947],[129.2415225,35.7947685],[129.2414329,35.7947236],[129.2413922,35.7947828],[129.2414322,35.7948189],[129.2415036,35.7947947]]]]}},{"type":"Feature","properties":{"UFID":"100035901090A00110100000004427078"},"geometry":{"type":"MultiPolygon","coordinates":[[[[129.2414023,35.794719],[129.2413794,35.7947103],[129.2413375,35.794647],[129.2413276,35.7946387],[129.2413148,35.7946306],[129.2412899,35.7946221],[129.2412518,35.7946133],[129.2412089,35.7946104],[129.2410669,35.794608],[129.2409881,35.7946108],[129.2409639,35.7946135],[129.2409419,35.7946177],[129.2409209,35.7946225],[129.2408989,35.7946336],[129.2408551,35.7946615],[129.2408755,35.7946828],[129.240918,35.7946558],[129.2409344,35.7946475],[129.2409501,35.7946438],[129.2409699,35.7946401],[129.2409911,35.7946377],[129.2410673,35.794635],[129.2412072,35.7946374],[129.2412458,35.79464],[129.2412789,35.7946476],[129.2412979,35.7946541],[129.2413054,35.7946589],[129.2413106,35.7946633],[129.24136,35.7947353],[129.2413729,35.7947512],[129.2414023,35.794719]]]]}},{"type":"Feature","properties":{"UFID":"100035901090A00110100000004427079"},"geometry":{"type":"MultiPolygon","coordinates":[[[[129.2414023,35.794719],[129.2414329,35.7947236],[129.2414602,35.7946913],[129.241431,35.79468],[129.241411,35.7947089],[129.2414023,35.794719]]]]}},{"type":"Feature","properties":{"UFID":"100035901090A00110100000004427080"},"geometry":{"type":"MultiPolygon","coordinates":[[[[129.2414329,35.7947236],[129.2414023,35.794719],[129.2413729,35.7947512],[129.2413825,35.7947631],[129.2413914,35.7947747],[129.2413922,35.7947828],[129.2414329,35.7947236]]]]}},{"type":"Feature","properties":{"UFID":"100035901090A00110100000004427081"},"geometry":{"type":"MultiPolygon","coordinates":[[[[129.2438007,35.7887828],[129.2438014,35.7887741],[129.2438046,35.7887352],[129.2438079,35.78865],[129.243812,35.7886072],[129.243814,35.7886015],[129.243778,35.7885922],[129.2437725,35.7886484],[129.2437746,35.7887114],[129.2437557,35.7887837],[129.2438007,35.7887828]]]]}},{"type":"Feature","properties":{"UFID":"100035901090A00110100000004427082"},"geometry":{"type":"MultiPolygon","coordinates":[[[[129.2437999,35.7888098],[129.2437996,35.7888082],[129.2437993,35.7888],[129.2438007,35.7887828],[129.2437557,35.7887837],[129.2437574,35.7888175],[129.2437999,35.7888098]]]]}},{"type":"Feature","properties":{"UFID":"100035901090A00110100000004427083"},"geometry":{"type":"MultiPolygon","coordinates":[[[[129.2437574,35.7888175],[129.2437557,35.7887837],[129.2437437,35.7887886],[129.2437239,35.7887925],[129.2436783,35.7888011],[129.2434557,35.7888274],[129.2432236,35.7888531],[129.2432152,35.7888525],[129.2432017,35.7888461],[129.2431843,35.7888344],[129.2431809,35.7888302],[129.2431795,35.7888259],[129.2431792,35.7888124],[129.2431791,35.7887073],[129.2431772,35.7886727],[129.2431737,35.7886229],[129.2431546,35.7885585],[129.24315,35.7885351],[129.2431493,35.7885234],[129.2431499,35.7885093],[129.243152,35.7884943],[129.2431753,35.7883934],[129.2431876,35.7883415],[129.2431891,35.7883383],[129.243148,35.7883318],[129.2431484,35.7883449],[129.2431469,35.7883901],[129.2431353,35.7884429],[129.243118,35.788502],[129.2431165,35.7885096],[129.2431157,35.78852],[129.2431158,35.7885263],[129.243135,35.7885941],[129.2431452,35.7886298],[129.2431489,35.7886632],[129.2431493,35.7887035],[129.2431484,35.7887662],[129.2431499,35.7888163],[129.2431482,35.7888259],[129.2431449,35.7888314],[129.2431402,35.7888361],[129.2431405,35.7888838],[129.2431432,35.7888887],[129.2431548,35.7888913],[129.243184,35.7888897],[129.2432068,35.7888854],[129.2432131,35.7888838],[129.2436169,35.7888338],[129.2437516,35.7888162],[129.2437574,35.7888175]]]]}},{"type":"Feature","properties":{"UFID":"100035901090A00110100000004427084"},"geometry":{"type":"MultiPolygon","coordinates":[[[[129.2431868,35.7882377],[129.2431891,35.7883383],[129.2431954,35.7883366],[129.2432025,35.7883368],[129.2432637,35.7883527],[129.2433977,35.7883827],[129.2434135,35.7883068],[129.2432088,35.788251],[129.2431868,35.7882377]]]]}},{"type":"Feature","properties":{"UFID":"100035901090A00110100000004427085"},"geometry":{"type":"MultiPolygon","coordinates":[[[[129.2431868,35.7882377],[129.2431477,35.7882394],[129.2431467,35.788292],[129.243148,35.7883318],[129.2431891,35.7883383],[129.2431868,35.7882377]]]]}},{"type":"Feature","properties":{"UFID":"100035901090A00110100000004427086"},"geometry":{"type":"MultiPolygon","coordinates":[[[[129.2431868,35.7882377],[129.2431852,35.7882302],[129.2432138,35.7881183],[129.2432586,35.7879252],[129.2432599,35.7879221],[129.2432629,35.7879189],[129.2432852,35.787907],[129.2435041,35.7878348],[129.2434944,35.7878088],[129.2432654,35.7878832],[129.2432263,35.787897],[129.2432075,35.7879111],[129.2432005,35.7879227],[129.2431984,35.7879336],[129.2431976,35.7879425],[129.2431971,35.7879555],[129.2431969,35.7879718],[129.2431956,35.7880063],[129.2431537,35.7881892],[129.2431481,35.7882199],[129.2431477,35.7882394],[129.2431868,35.7882377]]]]}},{"type":"Feature","properties":{"UFID":"100035901090A00110100000004427087"},"geometry":{"type":"MultiPolygon","coordinates":[[[[129.244609,35.7919319],[129.2445112,35.7919083],[129.2444953,35.7919685],[129.2445667,35.7919907],[129.244609,35.7919319]]]]}},{"type":"Feature","properties":{"UFID":"100035901090A00110100000004427088"},"geometry":{"type":"MultiPolygon","coordinates":[[[[129.2445569,35.79156],[129.2444895,35.7915664],[129.2445058,35.7916224],[129.2445108,35.7916572],[129.2445131,35.7917023],[129.2445135,35.7917498],[129.244514,35.791787],[129.2445136,35.7918321],[129.2445146,35.7918819],[129.2445135,35.791902],[129.2445112,35.7919083],[129.244609,35.7919319],[129.2445918,35.7919125],[129.2445837,35.7918956],[129.2445798,35.7918757],[129.2445777,35.7917928],[129.2445781,35.7917135],[129.2445809,35.7917022],[129.2445835,35.7917007],[129.2445876,35.7916995],[129.2446107,35.7916992],[129.2446089,35.7916706],[129.2445791,35.7916662],[129.244578,35.7916639],[129.2445716,35.791628],[129.2445597,35.7915685],[129.2445569,35.79156]]]]}},{"type":"Feature","properties":{"UFID":"100035901090A00110100000004427089"},"geometry":{"type":"MultiPolygon","coordinates":[[[[129.2444645,35.7914931],[129.24446,35.7915013],[129.2444504,35.7915042],[129.2444415,35.7915043],[129.2442082,35.7914997],[129.244174,35.7915014],[129.2440817,35.7914841],[129.2440299,35.7914665],[129.244016,35.7914965],[129.2441213,35.7915275],[129.2441537,35.7915532],[129.2441582,35.7915547],[129.2441612,35.7915548],[129.2442222,35.7915213],[129.2442294,35.7915212],[129.244372,35.7915488],[129.2444895,35.7915664],[129.2444645,35.7914931]]]]}},{"type":"Feature","properties":{"UFID":"100035901090A00110100000004427090"},"geometry":{"type":"MultiPolygon","coordinates":[[[[129.2445569,35.79156],[129.2445492,35.7915358],[129.2445311,35.7914819],[129.2444645,35.7914931],[129.2444895,35.7915664],[129.2445569,35.79156]]]]}},{"type":"Feature","properties":{"UFID":"100035901090A00110100000004427091"},"geometry":{"type":"MultiPolygon","coordinates":[[[[129.2445311,35.7914819],[129.2445202,35.7914492],[129.2445101,35.7914138],[129.2445052,35.7913826],[129.2445027,35.7913614],[129.2445028,35.7913555],[129.2445044,35.7913163],[129.2445105,35.7912708],[129.2445235,35.7911876],[129.2445259,35.7911807],[129.2445276,35.7911771],[129.2444595,35.7911767],[129.2444457,35.7912616],[129.2444389,35.7913064],[129.2444373,35.7913394],[129.2444375,35.791364],[129.2444403,35.7913958],[129.2444452,35.7914244],[129.2444583,35.7914666],[129.2444645,35.7914931],[129.2445311,35.7914819]]]]}},{"type":"Feature","properties":{"UFID":"100035901090A00110100000004427092"},"geometry":{"type":"MultiPolygon","coordinates":[[[[129.2445323,35.7911337],[129.244467,35.7911289],[129.2444645,35.7911458],[129.2444595,35.7911767],[129.2445276,35.7911771],[129.2445323,35.7911337]]]]}},{"type":"Feature","properties":{"UFID":"100035901090A00110100000004427093"},"geometry":{"type":"MultiPolygon","coordinates":[[[[129.2452378,35.7906674],[129.2452071,35.7906414],[129.2451814,35.7906886],[129.2451632,35.7907237],[129.2451432,35.790748],[129.2451189,35.790767],[129.2450749,35.7907877],[129.2450388,35.7908016],[129.2449456,35.790834],[129.2449191,35.7908454],[129.2448875,35.7908656],[129.2448438,35.7909021],[129.2447031,35.7910209],[129.244656,35.7910568],[129.2445951,35.7911007],[129.2445551,35.791128],[129.244543,35.7911334],[129.2445323,35.7911337],[129.2445276,35.7911771],[129.2445335,35.7911716],[129.2445493,35.7911592],[129.2446155,35.7911168],[129.2446676,35.7910801],[129.2447167,35.7910407],[129.2448695,35.7909122],[129.2449061,35.7908815],[129.2449288,35.7908664],[129.2449592,35.7908524],[129.2450166,35.7908345],[129.2450833,35.7908122],[129.2451166,35.7907984],[129.2451375,35.790787],[129.2451585,35.7907715],[129.2451761,35.7907519],[129.2451923,35.7907239],[129.2452124,35.7906863],[129.2452175,35.7906761],[129.2452211,35.7906724],[129.2452257,35.7906698],[129.2452329,35.7906679],[129.2452378,35.7906674]]]]}},{"type":"Feature","properties":{"UFID":"100035901090A00110100000004427094"},"geometry":{"type":"MultiPolygon","coordinates":[[[[129.2452514,35.7906128],[129.2452205,35.790603],[129.2452071,35.7906414],[129.2452378,35.7906674],[129.2452514,35.7906128]]]]}},{"type":"Feature","properties":{"UFID":"100035901090A00110100000004427095"},"geometry":{"type":"MultiPolygon","coordinates":[[[[129.2444055,35.7904104],[129.2443441,35.7903975],[129.244338,35.7904502],[129.2443346,35.7905421],[129.2443316,35.7906174],[129.244331,35.7906544],[129.2443443,35.7906637],[129.2443535,35.7907044],[129.2443478,35.7907227],[129.2443483,35.7907277],[129.2443493,35.7907299],[129.2443831,35.7907719],[129.2444382,35.7908669],[129.2444648,35.7909151],[129.2444683,35.7909293],[129.2444825,35.7909892],[129.2444827,35.7909956],[129.2444756,35.7910708],[129.244467,35.7911289],[129.2445323,35.7911337],[129.2445391,35.7910811],[129.2445439,35.7910211],[129.244547,35.790967],[129.2445453,35.7909351],[129.2445407,35.7909168],[129.2445322,35.790892],[129.24451,35.7908523],[129.2444739,35.7907974],[129.244442,35.7907461],[129.2444253,35.7907067],[129.2444051,35.7906492],[129.2443937,35.7906046],[129.244382,35.7905111],[129.2444055,35.7904104]]]]}},{"type":"Feature","properties":{"UFID":"100035901090A00110100000004427096"},"geometry":{"type":"MultiPolygon","coordinates":[[[[129.2452205,35.790603],[129.2452165,35.7906042],[129.2452111,35.7906051],[129.2452065,35.7906049],[129.2450167,35.7905479],[129.2449989,35.7905424],[129.2447123,35.7904714],[129.2444664,35.7903974],[129.2444393,35.7903882],[129.2444311,35.7903836],[129.2444264,35.7903803],[129.2444233,35.7903769],[129.2444211,35.7903718],[129.2444071,35.7904098],[129.2444103,35.7904099],[129.2444531,35.7904238],[129.2450865,35.790596],[129.2452029,35.7906356],[129.2452065,35.7906389],[129.2452071,35.7906414],[129.2452205,35.790603]]]]}},{"type":"Feature","properties":{"UFID":"100035901090A00110100000004427097"},"geometry":{"type":"MultiPolygon","coordinates":[[[[129.2444071,35.7904098],[129.2444211,35.7903718],[129.2443514,35.7903557],[129.2443451,35.7903891],[129.2443441,35.7903975],[129.2444055,35.7904104],[129.2444071,35.7904098]]]]}},{"type":"Feature","properties":{"UFID":"100035901090A00110100000004427098"},"geometry":{"type":"MultiPolygon","coordinates":[[[[129.2444221,35.790206],[129.2442889,35.7902314],[129.2443278,35.7902535],[129.2443332,35.7902599],[129.2443475,35.7902926],[129.2443538,35.7903213],[129.2443529,35.7903476],[129.2443514,35.7903557],[129.2444211,35.7903718],[129.2444048,35.7902724],[129.2444047,35.7902654],[129.2444221,35.790206]]]]}},{"type":"Feature","properties":{"UFID":"100035901090A00110100000004427099"},"geometry":{"type":"MultiPolygon","coordinates":[[[[129.2444221,35.790206],[129.2443608,35.7901809],[129.2442869,35.7901967],[129.2442889,35.7902314],[129.2444221,35.790206]]]]}},{"type":"Feature","properties":{"UFID":"100035901090A00110100000004427100"},"geometry":{"type":"MultiPolygon","coordinates":[[[[129.2438892,35.7902375],[129.2438227,35.790249],[129.2438334,35.7902631],[129.2438259,35.7902875],[129.2438146,35.7903276],[129.2437991,35.7903598],[129.243783,35.7903822],[129.2437645,35.7904026],[129.2437349,35.7904342],[129.2437557,35.7904499],[129.243798,35.7904163],[129.2438443,35.7903415],[129.2438755,35.7902661],[129.243883,35.7902456],[129.2438892,35.7902375]]]]}},{"type":"Feature","properties":{"UFID":"100035901090A00110100000004427101"},"geometry":{"type":"MultiPolygon","coordinates":[[[[129.2438892,35.7902375],[129.24387,35.7901932],[129.2438516,35.7901967],[129.2438422,35.7902102],[129.2438129,35.7902203],[129.2438227,35.790249],[129.2438892,35.7902375]]]]}},{"type":"Feature","properties":{"UFID":"100035901090A00110100000004427102"},"geometry":{"type":"MultiPolygon","coordinates":[[[[129.2442889,35.7902314],[129.2442869,35.7901967],[129.2442669,35.790201],[129.2442248,35.7902086],[129.244171,35.7902145],[129.2441281,35.7902162],[129.2440865,35.7902138],[129.2440499,35.7902098],[129.2440321,35.7902081],[129.2440095,35.7902051],[129.2439776,35.7902015],[129.2439393,35.7901983],[129.24387,35.7901932],[129.2438892,35.7902375],[129.2438938,35.7902351],[129.2439,35.7902326],[129.2439085,35.7902304],[129.2439252,35.7902285],[129.2439449,35.7902285],[129.2439767,35.7902293],[129.2440192,35.7902356],[129.2440906,35.790246],[129.2441252,35.7902481],[129.2441351,35.7902483],[129.2441458,35.7902481],[129.2441944,35.7902423],[129.2442858,35.7902309],[129.2442889,35.7902314]]]]}},{"type":"Feature","properties":{"UFID":"100035901090A00110100000004427103"},"geometry":{"type":"MultiPolygon","coordinates":[[[[129.2434891,35.7957045],[129.2434908,35.7957024],[129.2433905,35.7956083],[129.2433394,35.7956511],[129.2434439,35.7957428],[129.2434891,35.7957045]]]]}},{"type":"Feature","properties":{"UFID":"100035901090A00110100000004427104"},"geometry":{"type":"MultiPolygon","coordinates":[[[[129.2434891,35.7957045],[129.2434439,35.7957428],[129.2434455,35.7957432],[129.2434305,35.7958538],[129.2434195,35.79593],[129.2434598,35.7959319],[129.2434586,35.7959273],[129.2434593,35.7959125],[129.2434774,35.7957897],[129.2434859,35.7957127],[129.2434891,35.7957045]]]]}},{"type":"Feature","properties":{"UFID":"100035901090A00110100000004427105"},"geometry":{"type":"MultiPolygon","coordinates":[[[[129.243452,35.7959614],[129.2434598,35.7959319],[129.2434195,35.79593],[129.2434192,35.7959321],[129.2434188,35.7959353],[129.2434174,35.7959476],[129.243417,35.7959509],[129.2434154,35.7959599],[129.2434148,35.795963],[129.243452,35.7959614]]]]}},{"type":"Feature","properties":{"UFID":"100035901090A00110100000004427106"},"geometry":{"type":"MultiPolygon","coordinates":[[[[129.2443634,35.7949744],[129.2442319,35.7949342],[129.2438272,35.7952907],[129.24368,35.7954109],[129.2436603,35.7954251],[129.2436364,35.7954288],[129.2435821,35.7954539],[129.2435708,35.7954899],[129.2435088,35.7955348],[129.2435021,35.7955405],[129.2433905,35.7956083],[129.2434908,35.7957024],[129.2435718,35.7956393],[129.2437013,35.7955411],[129.2438173,35.7954531],[129.2439475,35.7953504],[129.2440418,35.795279],[129.2441154,35.7952151],[129.2442387,35.7951034],[129.2442828,35.7950617],[129.2443219,35.7950201],[129.2443518,35.794987],[129.2443634,35.7949744]]]]}},{"type":"Feature","properties":{"UFID":"100035901090A00110100000004427107"},"geometry":{"type":"MultiPolygon","coordinates":[[[[129.2443834,35.7949385],[129.2442632,35.7948896],[129.24426,35.7948942],[129.2442319,35.7949342],[129.2443634,35.7949744],[129.2443834,35.7949385]]]]}},{"type":"Feature","properties":{"UFID":"100035901090A00110100000004427108"},"geometry":{"type":"MultiPolygon","coordinates":[[[[129.2446016,35.7940359],[129.2446037,35.7940166],[129.2446076,35.7939693],[129.2446082,35.7939632],[129.2446062,35.7939616],[129.2446022,35.7939606],[129.2445783,35.7939589],[129.2445276,35.7939559],[129.2444373,35.7939882],[129.2444564,35.7940692],[129.2446016,35.7940359]]]]}},{"type":"Feature","properties":{"UFID":"100035901090A00110100000004427109"},"geometry":{"type":"MultiPolygon","coordinates":[[[[129.2446016,35.7940359],[129.2444564,35.7940692],[129.2444576,35.7940765],[129.2444575,35.7940995],[129.2444493,35.7941692],[129.2444373,35.7942997],[129.2444325,35.794344],[129.2444224,35.7944366],[129.2444129,35.7945103],[129.2444012,35.7945575],[129.2443835,35.7946247],[129.2443685,35.7946721],[129.24435,35.794726],[129.2443346,35.7947666],[129.244316,35.7948091],[129.2443088,35.7948246],[129.2442632,35.7948896],[129.2443834,35.7949385],[129.2444561,35.794837],[129.2444923,35.7947728],[129.2445196,35.7947178],[129.2445288,35.7946872],[129.2445402,35.7945929],[129.2445481,35.7945071],[129.2445644,35.7943682],[129.2445778,35.7942386],[129.2445946,35.7941018],[129.2446016,35.7940359]]]]}},{"type":"Feature","properties":{"UFID":"100035901090A00110100000004427113"},"geometry":{"type":"MultiPolygon","coordinates":[[[[129.2416636,35.7972753],[129.241656,35.7972444],[129.2416512,35.7972462],[129.24164,35.7972483],[129.2413032,35.7972772],[129.2412481,35.7972817],[129.2412285,35.797282],[129.2412061,35.7972792],[129.2411815,35.7972747],[129.2411501,35.7972737],[129.2409745,35.7972847],[129.2409249,35.7972895],[129.2409075,35.7972916],[129.2408981,35.797295],[129.240893,35.7973002],[129.2408867,35.7973089],[129.240885,35.7973185],[129.2408812,35.7973299],[129.2408807,35.7973444],[129.2408935,35.7973629],[129.2409009,35.7973797],[129.2409313,35.7974454],[129.2409525,35.7974936],[129.2409589,35.79756],[129.2409539,35.7976212],[129.2409474,35.7977318],[129.2407958,35.7977315],[129.2407408,35.7977204],[129.2407325,35.7978147],[129.2407972,35.7978201],[129.2408069,35.7978092],[129.2409159,35.7978094],[129.2409833,35.797815],[129.240986,35.7978132],[129.2409921,35.7977563],[129.2409835,35.7977112],[129.2409801,35.7976883],[129.2409801,35.7976679],[129.240986,35.7976143],[129.2409886,35.7975639],[129.240989,35.7975214],[129.2409886,35.7975086],[129.2409865,35.7974955],[129.240981,35.7974789],[129.240964,35.7974423],[129.2409429,35.7973939],[129.2409318,35.7973624],[129.2409302,35.7973486],[129.2409306,35.7973362],[129.2409327,35.7973258],[129.2409386,35.7973175],[129.2409433,35.797314],[129.240948,35.7973127],[129.2409972,35.7973058],[129.2411168,35.7972941],[129.2411516,35.7972937],[129.2411796,35.7972951],[129.241183,35.7972951],[129.2412144,35.7972986],[129.2412513,35.7973],[129.2413034,35.7972991],[129.2416374,35.7972732],[129.2416636,35.7972753]]]]}},{"type":"Feature","properties":{"UFID":"100035901090A00110100000004427114"},"geometry":{"type":"MultiPolygon","coordinates":[[[[129.2407034,35.7978179],[129.2407024,35.7977903],[129.2406401,35.7977965],[129.2406387,35.7978252],[129.2407034,35.7978179]]]]}},{"type":"Feature","properties":{"UFID":"100035901090A00110100000004427115"},"geometry":{"type":"MultiPolygon","coordinates":[[[[129.2407408,35.7977204],[129.2407417,35.7976839],[129.2407331,35.7976087],[129.2406979,35.797608],[129.2407024,35.7977903],[129.2407408,35.7977204]]]]}},{"type":"Feature","properties":{"UFID":"100035901090A00110100000004427116"},"geometry":{"type":"MultiPolygon","coordinates":[[[[129.2407325,35.7978147],[129.2407408,35.7977204],[129.2407024,35.7977903],[129.2407034,35.7978179],[129.2407325,35.7978147]]]]}},{"type":"Feature","properties":{"UFID":"100035901090A00110100000004427119"},"geometry":{"type":"MultiPolygon","coordinates":[[[[129.2409987,35.7931331],[129.2409857,35.7931219],[129.2409564,35.7930928],[129.2409331,35.7930629],[129.2409043,35.7930239],[129.2408799,35.7929827],[129.2408618,35.7929446],[129.2408427,35.7929107],[129.2408267,35.7928847],[129.2408113,35.7928657],[129.2407932,35.7928487],[129.2407762,35.792837],[129.2407555,35.7928297],[129.2407241,35.7928245],[129.24069,35.7928236],[129.2406597,35.7928257],[129.2406177,35.7928387],[129.2405125,35.7928785],[129.2404654,35.792895],[129.2403929,35.7929038],[129.2403966,35.7929243],[129.2404044,35.7929286],[129.2404105,35.7929351],[129.2404163,35.792946],[129.2404176,35.7929596],[129.2404947,35.7929343],[129.2405438,35.7929108],[129.2406117,35.7928824],[129.2406544,35.7928693],[129.2406881,35.7928612],[129.2407123,35.7928619],[129.2407287,35.7928663],[129.240734,35.7928692],[129.2407682,35.7929001],[129.2407857,35.7928973],[129.2407905,35.7928998],[129.2407944,35.7929035],[129.240845,35.7929665],[129.2409021,35.7930589],[129.2409469,35.7931274],[129.2409689,35.7931526],[129.2409987,35.7931331]]]]}},{"type":"Feature","properties":{"UFID":"100035901090A00110100000004427120"},"geometry":{"type":"MultiPolygon","coordinates":[[[[129.2403966,35.7929243],[129.2403929,35.7929038],[129.2403795,35.7929054],[129.240337,35.7929116],[129.2402801,35.7929207],[129.2402233,35.7929223],[129.2401992,35.7929235],[129.2401645,35.79292],[129.2401471,35.7929145],[129.2401133,35.7928968],[129.2400973,35.7928892],[129.2400842,35.792874],[129.2400544,35.7928358],[129.2400209,35.7927838],[129.2399909,35.7927432],[129.2399408,35.7927146],[129.23991,35.792706],[129.2398971,35.7927069],[129.2398801,35.7927133],[129.2398752,35.7927334],[129.2398862,35.7927304],[129.2398934,35.7927293],[129.2399048,35.7927287],[129.2399143,35.7927298],[129.2399312,35.7927342],[129.239961,35.7927472],[129.2399697,35.792752],[129.2399754,35.7927564],[129.2399875,35.7927779],[129.2400157,35.7928287],[129.2400436,35.7928729],[129.2400596,35.7928888],[129.2400892,35.7929071],[129.2401054,35.7929171],[129.2401247,35.7929276],[129.2401443,35.7929352],[129.2401608,35.7929397],[129.2401766,35.7929415],[129.2401931,35.792942],[129.2402379,35.7929413],[129.2402702,35.7929364],[129.2403106,35.792933],[129.2403228,35.7929308],[129.2403647,35.7929234],[129.2403743,35.792922],[129.2403818,35.792922],[129.2403898,35.7929224],[129.2403966,35.7929243]]]]}},{"type":"Feature","properties":{"UFID":"100035901090A00110100000004427121"},"geometry":{"type":"MultiPolygon","coordinates":[[[[129.2431874,35.7901738],[129.2431373,35.7901643],[129.2431224,35.7901599],[129.2431179,35.7901583],[129.2430882,35.7901802],[129.2431054,35.7901814],[129.2431266,35.7901856],[129.2431774,35.7902036],[129.2432039,35.7902154],[129.2431874,35.7901738]]]]}},{"type":"Feature","properties":{"UFID":"100035901090A00110100000004427122"},"geometry":{"type":"MultiPolygon","coordinates":[[[[129.2432742,35.7902162],[129.2432039,35.7902154],[129.2432197,35.7902274],[129.2432245,35.7902338],[129.2432272,35.7902408],[129.2432306,35.7902569],[129.2432315,35.7902755],[129.2432335,35.7903143],[129.2432322,35.7903575],[129.2432281,35.7903966],[129.2432192,35.7904372],[129.2432094,35.7904724],[129.2432018,35.7905028],[129.2431981,35.7905212],[129.2431993,35.7905376],[129.2432018,35.7905601],[129.243203,35.7905721],[129.2432118,35.7906185],[129.2432262,35.7906521],[129.2432418,35.7906697],[129.2432734,35.7906893],[129.2433022,35.7907039],[129.243344,35.7907262],[129.2433481,35.7907334],[129.2433462,35.7907659],[129.2433736,35.7907995],[129.2434374,35.7908078],[129.2435313,35.7908255],[129.243543,35.7908358],[129.2435665,35.7908621],[129.2435734,35.7908747],[129.2435753,35.7908789],[129.243574,35.7908833],[129.2435663,35.7909131],[129.2435133,35.7911566],[129.2435085,35.7911701],[129.2435069,35.7911756],[129.2435064,35.7911771],[129.2435061,35.7911782],[129.2434931,35.7911838],[129.2435387,35.7911909],[129.2435407,35.7911844],[129.2435412,35.7911827],[129.2435427,35.7911775],[129.2435478,35.7911632],[129.2436011,35.7909186],[129.2436085,35.7908898],[129.2436123,35.7908774],[129.2436062,35.7908638],[129.2435973,35.7908476],[129.2435704,35.7908175],[129.2435395,35.7907902],[129.2435206,35.7907749],[129.2434915,35.7907568],[129.2434827,35.7907525],[129.2434436,35.7907343],[129.2434002,35.7907161],[129.2433859,35.7907101],[129.2433556,35.790695],[129.2433313,35.7906829],[129.2432815,35.7906621],[129.2432567,35.7906408],[129.2432369,35.7906055],[129.2432316,35.7905806],[129.2432296,35.7905646],[129.2432258,35.7905236],[129.2432304,35.7904956],[129.2432376,35.7904637],[129.2432484,35.7904226],[129.2432553,35.7903885],[129.2432611,35.7903443],[129.2432627,35.7903037],[129.2432607,35.7902671],[129.2432616,35.7902334],[129.2432742,35.7902162]]]]}},{"type":"Feature","properties":{"UFID":"100035901090A00110100000004427123"},"geometry":{"type":"MultiPolygon","coordinates":[[[[129.2445022,35.7879637],[129.2444764,35.7880017],[129.2444828,35.7880075],[129.2445075,35.7880413],[129.2445567,35.7881594],[129.2445205,35.7883816],[129.2445533,35.7883851],[129.2445907,35.7881568],[129.2445439,35.788042],[129.2445022,35.7879637]]]]}},{"type":"Feature","properties":{"UFID":"100035901090A00110100000004427124"},"geometry":{"type":"MultiPolygon","coordinates":[[[[129.2445022,35.7879637],[129.2444798,35.7879215],[129.2444507,35.7879569],[129.2444764,35.7880017],[129.2445022,35.7879637]]]]}},{"type":"Feature","properties":{"UFID":"100035901090A00110100000004427125"},"geometry":{"type":"MultiPolygon","coordinates":[[[[129.2444798,35.7879215],[129.2444769,35.7879146],[129.2444768,35.7878763],[129.2444879,35.7878609],[129.2444167,35.7878712],[129.2444364,35.7879013],[129.2444431,35.7879174],[129.2444507,35.7879569],[129.2444798,35.7879215]]]]}},{"type":"Feature","properties":{"UFID":"100035901090A00110100000004427126"},"geometry":{"type":"MultiPolygon","coordinates":[[[[129.2444373,35.7939882],[129.2444277,35.7939953],[129.2443622,35.7939864],[129.2442237,35.7939591],[129.2440681,35.7939259],[129.2440498,35.7939268],[129.2440166,35.7939309],[129.2440128,35.7939303],[129.243821,35.793891],[129.2435828,35.7938345],[129.2433496,35.7937883],[129.2433168,35.7937803],[129.2433179,35.7938303],[129.243336,35.7938318],[129.2435176,35.7938665],[129.2437121,35.7939058],[129.2438366,35.7939268],[129.2438566,35.7939313],[129.2439021,35.7939414],[129.2440316,35.7939681],[129.2441969,35.7940018],[129.2443536,35.7940362],[129.2443791,35.7940419],[129.2444564,35.7940692],[129.2444373,35.7939882]]]]}},{"type":"Feature","properties":{"UFID":"100035901090A00110100000004427127"},"geometry":{"type":"MultiPolygon","coordinates":[[[[129.2452089,35.7847291],[129.2451823,35.7847549],[129.2451985,35.7847541],[129.2451996,35.784754],[129.2452263,35.784758],[129.2452952,35.7847767],[129.2453274,35.7847925],[129.2453514,35.7848147],[129.2453841,35.7849282],[129.2453854,35.7849365],[129.24539,35.7849976],[129.245392,35.7850583],[129.2453908,35.7851197],[129.2453839,35.7852043],[129.2453751,35.7852608],[129.2453613,35.7853313],[129.2453506,35.7853785],[129.2453435,35.7854078],[129.2453348,35.7854365],[129.2453263,35.7854689],[129.2453241,35.7854911],[129.2453243,35.7855123],[129.2453309,35.7855287],[129.2453388,35.7855454],[129.2453482,35.7855671],[129.2453635,35.785613],[129.2453756,35.7856537],[129.2453898,35.7856961],[129.2454005,35.7857104],[129.2454131,35.7857209],[129.245428,35.785728],[129.2454503,35.7857348],[129.2454727,35.7857416],[129.2455251,35.7857562],[129.2455627,35.7857699],[129.2455802,35.7857788],[129.2455897,35.7857901],[129.2456,35.7858045],[129.2456061,35.7858179],[129.2456112,35.7858361],[129.2456121,35.7858558],[129.2456102,35.7858707],[129.245609,35.7858829],[129.245609,35.7858953],[129.245611,35.7859089],[129.2456162,35.7859201],[129.2456262,35.7859268],[129.2456459,35.7859327],[129.245666,35.7859373],[129.2456837,35.7859379],[129.245706,35.7859359],[129.2457261,35.785931],[129.2457436,35.7859214],[129.2457591,35.7859081],[129.2457746,35.7858888],[129.2457806,35.7858612],[129.2457832,35.7858339],[129.2457836,35.7857917],[129.2457824,35.7857534],[129.2457821,35.7856987],[129.2457795,35.7856376],[129.24577,35.7855378],[129.2457349,35.78554],[129.2457443,35.7856392],[129.2457469,35.7856993],[129.2457471,35.7857539],[129.2457484,35.7857919],[129.2457479,35.7858326],[129.2457456,35.7858576],[129.2457412,35.785878],[129.2457314,35.7858901],[129.2457207,35.7858993],[129.2457108,35.7859047],[129.2456989,35.7859076],[129.2456824,35.7859091],[129.2456716,35.7859088],[129.2456568,35.7859054],[129.2456477,35.7859027],[129.2456453,35.7859006],[129.2456442,35.7858935],[129.2456442,35.785884],[129.2456453,35.7858733],[129.2456474,35.7858567],[129.2456463,35.7858324],[129.24564,35.7858097],[129.2456319,35.7857922],[129.2456196,35.7857748],[129.2456051,35.7857576],[129.2455793,35.7857445],[129.245538,35.7857295],[129.2454845,35.7857146],[129.2454626,35.7857079],[129.2454432,35.7857019],[129.245435,35.7856981],[129.2454285,35.7856926],[129.2454225,35.7856846],[129.2454097,35.7856465],[129.2453976,35.7856059],[129.2453819,35.7855585],[129.2453719,35.7855355],[129.2453641,35.785519],[129.2453595,35.7855076],[129.2453593,35.7854922],[129.2453613,35.7854731],[129.2453691,35.7854429],[129.245378,35.785414],[129.2453852,35.7853838],[129.2453961,35.7853361],[129.24541,35.7852653],[129.2454145,35.7852271],[129.2454228,35.7851696],[129.2454297,35.7851068],[129.2454316,35.7850456],[129.2454312,35.7849963],[129.2454298,35.7849336],[129.2454217,35.7848597],[129.2454114,35.7848211],[129.2454028,35.7848029],[129.2453917,35.7847901],[129.2453818,35.7847824],[129.2453653,35.7847733],[129.2453436,35.7847645],[129.2453224,35.7847571],[129.2452842,35.7847486],[129.245213,35.7847324],[129.2452089,35.7847291]]]]}},{"type":"Feature","properties":{"UFID":"100035901090A00110100000004427128"},"geometry":{"type":"MultiPolygon","coordinates":[[[[129.2407634,35.7968075],[129.2407739,35.7967743],[129.240766,35.7967733],[129.2407636,35.7967729],[129.2407334,35.7967671],[129.2406849,35.7967567],[129.2406562,35.7967622],[129.2406457,35.7967673],[129.2406349,35.7967849],[129.2406001,35.7967908],[129.2404927,35.7968322],[129.240479,35.7968333],[129.2404673,35.7968314],[129.2404534,35.7968259],[129.2404411,35.7968155],[129.2404298,35.7968012],[129.2403982,35.7968083],[129.2404043,35.7968219],[129.2404059,35.7968315],[129.2404034,35.796848],[129.240392,35.796869],[129.2403737,35.7968873],[129.2403912,35.7969095],[129.2404384,35.7968895],[129.2406379,35.7968115],[129.240672,35.7968036],[129.240718,35.7968009],[129.2407494,35.7968009],[129.2407558,35.796802],[129.2407605,35.7968044],[129.2407634,35.7968075]]]]}},{"type":"Feature","properties":{"UFID":"100035901090A00110100000004427129"},"geometry":{"type":"MultiPolygon","coordinates":[[[[129.2450688,35.792144],[129.2450562,35.7921365],[129.2450358,35.7921191],[129.2449984,35.7920891],[129.2449745,35.7920775],[129.2449473,35.7920683],[129.2448298,35.7920267],[129.2447128,35.7919846],[129.2446797,35.7919708],[129.2446392,35.7919515],[129.244609,35.7919319],[129.2445667,35.7919907],[129.2445791,35.7919946],[129.2447708,35.7920617],[129.2448797,35.7921001],[129.2449208,35.7921207],[129.2449468,35.7921408],[129.2449686,35.7921676],[129.2450688,35.792144]]]]}},{"type":"Feature","properties":{"UFID":"100035901090A00110100000004427130"},"geometry":{"type":"MultiPolygon","coordinates":[[[[129.2444953,35.7919685],[129.2445112,35.7919083],[129.2444757,35.7919216],[129.2444333,35.7919307],[129.2443494,35.791948],[129.2442985,35.791981],[129.2442694,35.7920121],[129.2442398,35.7920562],[129.2442203,35.7920885],[129.2441946,35.7921328],[129.2441774,35.7921622],[129.2441575,35.7921919],[129.2441527,35.7921983],[129.2441943,35.7922154],[129.2442111,35.7921921],[129.2443192,35.7920055],[129.2443306,35.7919937],[129.2443496,35.7919812],[129.2443858,35.7919698],[129.2444241,35.7919632],[129.2444602,35.7919618],[129.2444871,35.791966],[129.2444953,35.7919685]]]]}},{"type":"Feature","properties":{"UFID":"100035901090A00110100000004427131"},"geometry":{"type":"MultiPolygon","coordinates":[[[[129.2448824,35.7926113],[129.2448252,35.7925775],[129.2447948,35.7926206],[129.2448626,35.7926396],[129.2448824,35.7926113]]]]}},{"type":"Feature","properties":{"UFID":"100035901090A00110100000004427132"},"geometry":{"type":"MultiPolygon","coordinates":[[[[129.2450923,35.7921986],[129.2449813,35.7922153],[129.2449724,35.7922458],[129.2449349,35.792347],[129.2448883,35.7924523],[129.2448252,35.7925775],[129.2448824,35.7926113],[129.2449106,35.7925552],[129.2449802,35.7923961],[129.2450407,35.7922789],[129.2450738,35.7922177],[129.2450923,35.7921986]]]]}},{"type":"Feature","properties":{"UFID":"100035901090A00110100000004427133"},"geometry":{"type":"MultiPolygon","coordinates":[[[[129.2448626,35.7926396],[129.2447948,35.7926206],[129.2447829,35.7926315],[129.2447072,35.792687],[129.244703,35.7926874],[129.2446997,35.7926873],[129.2447464,35.7927344],[129.2447594,35.7927259],[129.2448061,35.7926938],[129.2448356,35.7926673],[129.2448626,35.7926396]]]]}},{"type":"Feature","properties":{"UFID":"100035901090A00110100000004427134"},"geometry":{"type":"MultiPolygon","coordinates":[[[[129.244538,35.793025],[129.2445366,35.793004],[129.2445388,35.7929752],[129.2445458,35.7929412],[129.2445672,35.7928914],[129.2445953,35.7928452],[129.2446506,35.7927967],[129.2447097,35.7927583],[129.2445863,35.792682],[129.2445627,35.792791],[129.2445276,35.7928342],[129.2445057,35.7928733],[129.2444912,35.7929052],[129.2444801,35.7929367],[129.2444742,35.792958],[129.2444724,35.7929852],[129.244472,35.7930308],[129.244538,35.793025]]]]}},{"type":"Feature","properties":{"UFID":"100035901090A00110100000004427135"},"geometry":{"type":"MultiPolygon","coordinates":[[[[129.2450693,35.789505],[129.2450176,35.7894335],[129.2450135,35.7894728],[129.2449978,35.7894935],[129.2449612,35.7895351],[129.2449162,35.7895788],[129.2448871,35.789619],[129.2448508,35.7896877],[129.2448107,35.7897616],[129.2448004,35.7897763],[129.2447885,35.7897865],[129.2447603,35.7897958],[129.2447235,35.7898019],[129.2445424,35.7898285],[129.2445321,35.7898774],[129.2445276,35.7899112],[129.2445209,35.7899793],[129.2445172,35.7900145],[129.2445112,35.7900329],[129.2444967,35.7900718],[129.2444903,35.7900827],[129.2444642,35.790112],[129.244434,35.7901434],[129.2444134,35.7901616],[129.2443726,35.7901797],[129.2443608,35.7901809],[129.2444221,35.790206],[129.2444295,35.7901934],[129.2444797,35.7901425],[129.2445159,35.7900999],[129.2445351,35.790075],[129.2445482,35.790045],[129.2445507,35.7900338],[129.2445584,35.7899714],[129.2445673,35.7898772],[129.2445689,35.7898696],[129.2445768,35.7898542],[129.2445787,35.7898525],[129.2446208,35.7898413],[129.2447297,35.7898284],[129.2447699,35.7898219],[129.2448076,35.7898094],[129.2448272,35.7897925],[129.2448407,35.7897735],[129.2449008,35.7896518],[129.2449224,35.7896107],[129.2449331,35.7895956],[129.2449908,35.7895303],[129.2450139,35.7895115],[129.2450379,35.7895027],[129.2450536,35.7895021],[129.2450693,35.789505]]]]}},{"type":"Feature","properties":{"UFID":"100035901090A00110100000004427136"},"geometry":{"type":"MultiPolygon","coordinates":[[[[129.2444764,35.7880017],[129.2444507,35.7879569],[129.2443968,35.7880612],[129.2444351,35.7880781],[129.2444764,35.7880017]]]]}},{"type":"Feature","properties":{"UFID":"100035901089A00110100000004427137"},"geometry":{"type":"MultiPolygon","coordinates":[[[[129.2106146,35.7783336],[129.2105457,35.7783473],[129.2106244,35.7783729],[129.2106951,35.7784008],[129.2107157,35.7783799],[129.2106137,35.7783367],[129.2106123,35.7783355],[129.2106146,35.7783336]]]]}},{"type":"Feature","properties":{"UFID":"100035901090A00110100000004427138"},"geometry":{"type":"MultiPolygon","coordinates":[[[[129.2448252,35.7925775],[129.2448112,35.7925767],[129.244449,35.7924755],[129.2444433,35.7924954],[129.2447261,35.7925762],[129.2447727,35.7925933],[129.2447967,35.7926162],[129.2447948,35.7926206],[129.2448252,35.7925775]]]]}},{"type":"Feature","properties":{"UFID":"100035901090A00110100000004427148"},"geometry":{"type":"MultiPolygon","coordinates":[[[[129.2470873,35.7833562],[129.2471257,35.7833599],[129.2471266,35.7833541],[129.2471392,35.7832576],[129.2471519,35.7831961],[129.2471849,35.7830644],[129.2472307,35.7828814],[129.2472719,35.7827015],[129.2472934,35.7825957],[129.247301,35.7824914],[129.2473023,35.7823717],[129.2473051,35.7822776],[129.2473105,35.7822356],[129.2473219,35.7822113],[129.2473388,35.7821902],[129.2473629,35.7821721],[129.2473868,35.7821585],[129.2474559,35.7821271],[129.2475047,35.7821111],[129.2474902,35.7820818],[129.2474391,35.7820986],[129.2473662,35.7821318],[129.2473386,35.7821475],[129.2473091,35.7821697],[129.2472872,35.7821968],[129.2472725,35.7822283],[129.2472665,35.7822755],[129.2472636,35.7823712],[129.2472623,35.7824903],[129.2472548,35.7825921],[129.2472338,35.782696],[129.2471927,35.7828753],[129.247147,35.7830581],[129.2471138,35.7831903],[129.2471009,35.7832533],[129.2470881,35.7833506],[129.2470873,35.7833562]]]]}},{"type":"Feature","properties":{"UFID":"100035901090A00110100000004427149"},"geometry":{"type":"MultiPolygon","coordinates":[[[[129.2471257,35.7833599],[129.2470873,35.7833562],[129.2470786,35.7834166],[129.2470693,35.7835404],[129.2470576,35.7837172],[129.2470426,35.7838924],[129.2470366,35.7839868],[129.2470369,35.7840908],[129.2470462,35.7842047],[129.2470647,35.7843188],[129.2470874,35.7844189],[129.2471178,35.7845355],[129.2471896,35.7847594],[129.2472564,35.7849075],[129.2473177,35.7849899],[129.2473316,35.7850168],[129.2473327,35.7850306],[129.2473318,35.7850412],[129.2473302,35.7850447],[129.2473142,35.7850648],[129.247267,35.7851147],[129.2472585,35.7851259],[129.247256,35.7851292],[129.2472206,35.7851765],[129.2473127,35.7852112],[129.2472885,35.7851464],[129.2472915,35.7851424],[129.2472989,35.7851327],[129.2473458,35.7850831],[129.2473651,35.7850589],[129.2473701,35.7850479],[129.2473715,35.7850307],[129.2473698,35.7850095],[129.2473523,35.7849756],[129.2472915,35.7848938],[129.2472266,35.78475],[129.2471555,35.7845282],[129.2471254,35.7844128],[129.247103,35.7843139],[129.2470847,35.7842016],[129.2470756,35.7840897],[129.2470753,35.7839876],[129.2470813,35.7838944],[129.2470963,35.7837192],[129.2471079,35.7835422],[129.2471172,35.7834194],[129.2471257,35.7833599]]]]}},{"type":"Feature","properties":{"UFID":"100035901090A00110100000004427150"},"geometry":{"type":"MultiPolygon","coordinates":[[[[129.2475689,35.7879305],[129.2475242,35.787974],[129.2475471,35.7881623],[129.2475966,35.7881583],[129.2475689,35.7879305]]]]}},{"type":"Feature","properties":{"UFID":"100035901090A00110100000004427151"},"geometry":{"type":"MultiPolygon","coordinates":[[[[129.2464109,35.7906718],[129.2464069,35.790645],[129.246305,35.7906546],[129.2462469,35.7906559],[129.2461876,35.7906558],[129.2461876,35.7906829],[129.2462473,35.790683],[129.2463073,35.7906816],[129.2464109,35.7906718]]]]}},{"type":"Feature","properties":{"UFID":"100035901090A00110100000004427152"},"geometry":{"type":"MultiPolygon","coordinates":[[[[129.2465018,35.7906632],[129.2464958,35.7906366],[129.2464546,35.7906405],[129.2464069,35.790645],[129.2464109,35.7906718],[129.2465018,35.7906632]]]]}},{"type":"Feature","properties":{"UFID":"100035901090A00110100000004427153"},"geometry":{"type":"MultiPolygon","coordinates":[[[[129.2473257,35.7909552],[129.2472609,35.7905788],[129.2472265,35.7905414],[129.2471844,35.7905285],[129.2471245,35.7905328],[129.2470734,35.7905443],[129.2470133,35.7905597],[129.2469467,35.7905794],[129.2468958,35.7905917],[129.2468249,35.7906054],[129.2464958,35.7906366],[129.2465018,35.7906632],[129.2468307,35.7906321],[129.2469044,35.7906179],[129.2469571,35.790605],[129.247024,35.7905853],[129.2470829,35.7905703],[129.2471304,35.7905595],[129.2471798,35.790556],[129.2472058,35.7905639],[129.2472288,35.7905889],[129.247264,35.7909499],[129.2473139,35.7909557],[129.2473257,35.7909552]]]]}},{"type":"Feature","properties":{"UFID":"100035901090A00110100000004427154"},"geometry":{"type":"MultiPolygon","coordinates":[[[[129.2475044,35.7928783],[129.2474597,35.7928718],[129.2474618,35.7929082],[129.247557,35.7938038],[129.247603,35.7938183],[129.247506,35.7929057],[129.2475044,35.7928783]]]]}},{"type":"Feature","properties":{"UFID":"100035901090A00110100000004427155"},"geometry":{"type":"MultiPolygon","coordinates":[[[[129.2468254,35.7860952],[129.246873,35.7859835],[129.2471486,35.785325],[129.2471629,35.7852956],[129.2471758,35.7852782],[129.2471847,35.7852694],[129.2471888,35.7852667],[129.247222,35.7852572],[129.2471686,35.7852357],[129.2471279,35.7852678],[129.247123,35.7852741],[129.2470699,35.7853854],[129.2470009,35.7855597],[129.2469389,35.7856785],[129.2469175,35.7856593],[129.2468887,35.785679],[129.2468999,35.7856951],[129.2469143,35.7857186],[129.2469143,35.785741],[129.2469073,35.7857766],[129.246883,35.7858637],[129.2468365,35.7859733],[129.2467728,35.7861226],[129.2468254,35.7860952]]]]}},{"type":"Feature","properties":{"UFID":"100035901090A00110100000004427156"},"geometry":{"type":"MultiPolygon","coordinates":[[[[129.2463069,35.7875521],[129.246302,35.7875203],[129.246302,35.7875158],[129.2463017,35.7874821],[129.2463074,35.7874485],[129.2463164,35.7874123],[129.2463321,35.7873648],[129.2464193,35.7871123],[129.2465664,35.7867214],[129.2467025,35.7863834],[129.2468064,35.7861398],[129.2467542,35.7861662],[129.2466658,35.7863733],[129.2465295,35.7867119],[129.2463823,35.7871033],[129.2462828,35.787378],[129.2462593,35.787441],[129.2462516,35.7874614],[129.2462517,35.7874873],[129.2462596,35.7875154],[129.2462711,35.7875559],[129.2462718,35.7875585],[129.2463069,35.7875521]]]]}},{"type":"Feature","properties":{"UFID":"100035901090A00110100000004427157"},"geometry":{"type":"MultiPolygon","coordinates":[[[[129.2463764,35.7877918],[129.2463703,35.7877833],[129.2463412,35.78768],[129.2463073,35.7875548],[129.2463069,35.7875521],[129.2462718,35.7875585],[129.2462752,35.7875705],[129.2463448,35.7878004],[129.2463764,35.7877918]]]]}},{"type":"Feature","properties":{"UFID":"100035901090A00110100000004427158"},"geometry":{"type":"MultiPolygon","coordinates":[[[[129.2479698,35.7978133],[129.2479649,35.7976934],[129.2477141,35.7977126],[129.2465309,35.7978106],[129.2456955,35.7978797],[129.2455171,35.7978973],[129.24548,35.7978953],[129.2454931,35.7980131],[129.2455303,35.7980026],[129.2456917,35.797988],[129.2465441,35.7979182],[129.2479056,35.7978091],[129.2479367,35.7978074],[129.2479698,35.7978133]]]]}},{"type":"Feature","properties":{"UFID":"100035901090A00110100000004427159"},"geometry":{"type":"MultiPolygon","coordinates":[[[[129.2465018,35.7906632],[129.2464109,35.7906718],[129.2464153,35.7907208],[129.246361,35.7908105],[129.2462988,35.7909124],[129.2463332,35.7909288],[129.2463997,35.7908351],[129.2464639,35.790734],[129.2465018,35.7906632]]]]}},{"type":"Feature","properties":{"UFID":"100035901090A00110100000004427160"},"geometry":{"type":"MultiPolygon","coordinates":[[[[129.2468064,35.7861398],[129.2468254,35.7860952],[129.2467728,35.7861226],[129.2467542,35.7861662],[129.2468064,35.7861398]]]]}},{"type":"Feature","properties":{"UFID":"100035901090A00110100000004427161"},"geometry":{"type":"MultiPolygon","coordinates":[[[[129.2468254,35.7860952],[129.2468064,35.7861398],[129.2468451,35.7861169],[129.2468676,35.7861089],[129.2468828,35.7861074],[129.2470967,35.7861436],[129.2472101,35.7861572],[129.2472298,35.7861568],[129.2472483,35.786152],[129.2472649,35.7861428],[129.2472834,35.7861267],[129.2473248,35.7860839],[129.2472988,35.7860672],[129.2472583,35.7861091],[129.2472433,35.7861221],[129.2472337,35.7861274],[129.2472242,35.7861299],[129.2472121,35.7861301],[129.2471025,35.7861169],[129.2468842,35.78608],[129.2468587,35.7860825],[129.2468285,35.7860933],[129.2468254,35.7860952]]]]}},{"type":"Feature","properties":{"UFID":"100035901090A00110100000004427162"},"geometry":{"type":"MultiPolygon","coordinates":[[[[129.2479153,35.7966751],[129.2479042,35.7966381],[129.2478594,35.7966341],[129.2478502,35.7966805],[129.2479153,35.7966751]]]]}},{"type":"Feature","properties":{"UFID":"100035901090A00110100000004427163"},"geometry":{"type":"MultiPolygon","coordinates":[[[[129.2477995,35.795662],[129.2477554,35.7956651],[129.2478594,35.7966341],[129.2479042,35.7966381],[129.2477995,35.795662]]]]}},{"type":"Feature","properties":{"UFID":"100035901090A00110100000004427164"},"geometry":{"type":"MultiPolygon","coordinates":[[[[129.2477995,35.795662],[129.2477967,35.7956361],[129.2477525,35.7956382],[129.2477554,35.7956651],[129.2477995,35.795662]]]]}},{"type":"Feature","properties":{"UFID":"100035901090A00110100000004427165"},"geometry":{"type":"MultiPolygon","coordinates":[[[[129.2477967,35.7956361],[129.2477023,35.7947564],[129.24764,35.7947769],[129.2476637,35.7948114],[129.2477525,35.7956382],[129.2477967,35.7956361]]]]}},{"type":"Feature","properties":{"UFID":"100035901090A00110100000004427166"},"geometry":{"type":"MultiPolygon","coordinates":[[[[129.2475016,35.7928399],[129.2474569,35.7928361],[129.2474597,35.7928718],[129.2475044,35.7928783],[129.2475016,35.7928399]]]]}},{"type":"Feature","properties":{"UFID":"100035901090A00110100000004427167"},"geometry":{"type":"MultiPolygon","coordinates":[[[[129.2473258,35.790988],[129.2472646,35.7909861],[129.2472746,35.790997],[129.2474569,35.7928361],[129.2475016,35.7928399],[129.2473194,35.7910014],[129.2473258,35.790988]]]]}},{"type":"Feature","properties":{"UFID":"100035901090A00110100000004427168"},"geometry":{"type":"MultiPolygon","coordinates":[[[[129.2473257,35.7909552],[129.2473139,35.7909557],[129.247264,35.7909499],[129.2472646,35.7909861],[129.2473258,35.790988],[129.2473257,35.7909552]]]]}},{"type":"Feature","properties":{"UFID":"100035901090A00110100000004427169"},"geometry":{"type":"MultiPolygon","coordinates":[[[[129.2473127,35.7852112],[129.247222,35.7852572],[129.2472469,35.7852535],[129.2473454,35.7852375],[129.2473738,35.7852369],[129.2473963,35.7852371],[129.2474701,35.7852742],[129.2474875,35.7852512],[129.2474059,35.7852101],[129.2473735,35.7852099],[129.2473127,35.7852112]]]]}},{"type":"Feature","properties":{"UFID":"100035901090A00110100000004427170"},"geometry":{"type":"MultiPolygon","coordinates":[[[[129.2473127,35.7852112],[129.2472206,35.7851765],[129.2471985,35.7852061],[129.2471686,35.7852357],[129.247222,35.7852572],[129.2473127,35.7852112]]]]}},{"type":"Feature","properties":{"UFID":"100035901090A00110100000004427171"},"geometry":{"type":"MultiPolygon","coordinates":[[[[129.2480825,35.7987704],[129.2480796,35.7987435],[129.2463414,35.7988903],[129.2448719,35.7990111],[129.2433319,35.7991376],[129.2433353,35.7991644],[129.2448748,35.799038],[129.2463448,35.7989172],[129.2480825,35.7987704]]]]}},{"type":"Feature","properties":{"UFID":"100035901090A00110100000004427172"},"geometry":{"type":"MultiPolygon","coordinates":[[[[129.246346,35.7884545],[129.2463328,35.7884135],[129.2462993,35.7884156],[129.2463128,35.7884576],[129.246346,35.7884545]]]]}},{"type":"Feature","properties":{"UFID":"100035901090A00110100000004427173"},"geometry":{"type":"MultiPolygon","coordinates":[[[[129.2454429,35.7902252],[129.2454413,35.7903141],[129.2454499,35.790304],[129.2454722,35.7902826],[129.2455108,35.7902579],[129.245542,35.7902393],[129.2455464,35.7902372],[129.2455526,35.7902337],[129.2455885,35.7902077],[129.2456312,35.7901619],[129.2458544,35.7899122],[129.2458832,35.789906],[129.2461096,35.7898808],[129.2467255,35.7898175],[129.2467119,35.7897937],[129.2460529,35.789861],[129.2458767,35.7898794],[129.2458346,35.7898885],[129.2456046,35.7901458],[129.245564,35.7901892],[129.2455332,35.7902115],[129.2455283,35.7902138],[129.2454867,35.7902239],[129.2454429,35.7902252]]]]}},{"type":"Feature","properties":{"UFID":"100035901090A00110100000004427174"},"geometry":{"type":"MultiPolygon","coordinates":[[[[129.2472646,35.7909861],[129.247264,35.7909499],[129.2472042,35.790952],[129.2465538,35.7909998],[129.2465019,35.7910077],[129.2464572,35.7910198],[129.2464179,35.7910424],[129.246379,35.7910926],[129.2463541,35.7911299],[129.2463234,35.7911822],[129.2462858,35.7912313],[129.2462384,35.7912831],[129.2461837,35.7913319],[129.2461268,35.7913799],[129.246085,35.7914146],[129.2460313,35.7914595],[129.2459765,35.7915126],[129.2459387,35.7915543],[129.2458932,35.7916085],[129.2458539,35.7916641],[129.2458167,35.7917247],[129.2457884,35.7917687],[129.2457503,35.7918226],[129.2457484,35.7918247],[129.2457873,35.7918424],[129.2458271,35.791786],[129.2458561,35.7917411],[129.2458929,35.7916813],[129.2459306,35.7916277],[129.2459748,35.7915751],[129.2460113,35.791535],[129.2460641,35.7914838],[129.2461167,35.7914398],[129.2461586,35.791405],[129.2462159,35.7913565],[129.2462727,35.7913061],[129.2463224,35.7912516],[129.2463623,35.7911995],[129.2463934,35.7911463],[129.2464172,35.7911109],[129.2464506,35.7910677],[129.2464774,35.7910523],[129.246513,35.7910426],[129.2465599,35.7910356],[129.2472071,35.790988],[129.2472631,35.790986],[129.2472646,35.7909861]]]]}},{"type":"Feature","properties":{"UFID":"100035901090A00110100000004427175"},"geometry":{"type":"MultiPolygon","coordinates":[[[[129.2465682,35.7891302],[129.2465598,35.7890914],[129.2465539,35.7890929],[129.2465358,35.7890936],[129.2464243,35.7890772],[129.2463625,35.7890675],[129.2463021,35.7890577],[129.2462222,35.7890513],[129.2461633,35.7890486],[129.2460833,35.7890492],[129.2460139,35.7890521],[129.245956,35.7890563],[129.2458944,35.789063],[129.2455742,35.7891246],[129.2450254,35.7892406],[129.2450126,35.7892416],[129.2450036,35.7892424],[129.2449966,35.7892429],[129.2450063,35.7892816],[129.2450121,35.7892782],[129.2450276,35.7892731],[129.2450322,35.7892718],[129.2455835,35.7891552],[129.2459014,35.789094],[129.2459603,35.7890877],[129.2460166,35.7890835],[129.2460845,35.7890807],[129.2461624,35.7890801],[129.2462192,35.7890828],[129.2462965,35.789089],[129.246355,35.7890984],[129.2464171,35.7891082],[129.2465462,35.7891272],[129.2465523,35.7891281],[129.2465539,35.7891282],[129.2465682,35.7891302]]]]}},{"type":"Feature","properties":{"UFID":"100035901090A00110100000004427176"},"geometry":{"type":"MultiPolygon","coordinates":[[[[129.2478502,35.7966805],[129.2478594,35.7966341],[129.2478292,35.7966403],[129.2434921,35.7969479],[129.2434788,35.7969472],[129.2434769,35.7969465],[129.2434678,35.7969794],[129.2434743,35.7969753],[129.2435507,35.7969709],[129.2478161,35.7966683],[129.2478502,35.7966805]]]]}},{"type":"Feature","properties":{"UFID":"100035901090A00110100000004427177"},"geometry":{"type":"MultiPolygon","coordinates":[[[[129.2463944,35.7878511],[129.2463764,35.7877918],[129.2463448,35.7878004],[129.2463637,35.7878625],[129.2463944,35.7878511]]]]}},{"type":"Feature","properties":{"UFID":"100035901090A00110100000004427178"},"geometry":{"type":"MultiPolygon","coordinates":[[[[129.2474416,35.7879062],[129.2475447,35.7879259],[129.2475292,35.7878259],[129.2474949,35.7876201],[129.247481,35.7875276],[129.2474504,35.7873366],[129.2473864,35.7873471],[129.2474518,35.7877676],[129.2474644,35.7878459],[129.2474653,35.7878521],[129.2474646,35.7878608],[129.2474626,35.7878674],[129.2474416,35.7879062]]]]}},{"type":"Feature","properties":{"UFID":"100035901090A00110100000004427179"},"geometry":{"type":"MultiPolygon","coordinates":[[[[129.2475447,35.7879259],[129.2474416,35.7879062],[129.247424,35.7879563],[129.2475089,35.7879713],[129.2475447,35.7879259]]]]}},{"type":"Feature","properties":{"UFID":"100035901090A00110100000004427180"},"geometry":{"type":"MultiPolygon","coordinates":[[[[129.2475689,35.7879305],[129.2475447,35.7879259],[129.2475089,35.7879713],[129.2475242,35.787974],[129.2475689,35.7879305]]]]}},{"type":"Feature","properties":{"UFID":"100035901090A00110100000004427181"},"geometry":{"type":"MultiPolygon","coordinates":[[[[129.2474416,35.7879062],[129.247237,35.7878672],[129.2469414,35.7878155],[129.2467316,35.7877692],[129.2467037,35.7877657],[129.2464806,35.7877825],[129.2464114,35.7877911],[129.2463764,35.7877918],[129.2463944,35.7878511],[129.2464183,35.7878362],[129.2465738,35.7878262],[129.2467043,35.7878196],[129.2467147,35.7878207],[129.2469819,35.7878802],[129.2472256,35.7879213],[129.247424,35.7879563],[129.2474416,35.7879062]]]]}},{"type":"Feature","properties":{"UFID":"100035901090A00110100000004427182"},"geometry":{"type":"MultiPolygon","coordinates":[[[[129.2463061,35.7883303],[129.2461927,35.7879745],[129.2461606,35.7879812],[129.2462629,35.7883031],[129.246274,35.7883372],[129.2463061,35.7883303]]]]}},{"type":"Feature","properties":{"UFID":"100035901090A00110100000004427183"},"geometry":{"type":"MultiPolygon","coordinates":[[[[129.2463328,35.7884135],[129.2463313,35.7884088],[129.2463061,35.7883303],[129.246274,35.7883372],[129.2462993,35.7884156],[129.2463328,35.7884135]]]]}},{"type":"Feature","properties":{"UFID":"100035901090A00110100000004427184"},"geometry":{"type":"MultiPolygon","coordinates":[[[[129.2468963,35.7889687],[129.246792,35.7888796],[129.2467318,35.7888152],[129.2466903,35.7887467],[129.246627,35.788593],[129.2464916,35.7881722],[129.2463944,35.7878511],[129.2463637,35.7878625],[129.2464595,35.7881789],[129.2465952,35.7886007],[129.2466596,35.788757],[129.2467034,35.7888295],[129.2467668,35.7888973],[129.2468502,35.7889803],[129.2468561,35.7889892],[129.2468963,35.7889687]]]]}},{"type":"Feature","properties":{"UFID":"100035901090A00110100000004427185"},"geometry":{"type":"MultiPolygon","coordinates":[[[[129.248109,35.7892631],[129.2480882,35.7892632],[129.2480588,35.7892625],[129.247204,35.7891011],[129.2470543,35.7890532],[129.2469998,35.7890248],[129.2469654,35.789061],[129.2469921,35.7890657],[129.2470375,35.7890817],[129.2471925,35.7891314],[129.2480491,35.7892931],[129.2481019,35.7893054],[129.248109,35.7892631]]]]}},{"type":"Feature","properties":{"UFID":"100035901090A00110100000004427186"},"geometry":{"type":"MultiPolygon","coordinates":[[[[129.2469998,35.7890248],[129.2469768,35.7890128],[129.2469328,35.7889899],[129.2468963,35.7889687],[129.2468561,35.7889892],[129.2469654,35.789061],[129.2469998,35.7890248]]]]}},{"type":"Feature","properties":{"UFID":"100035901090A00110100000004427187"},"geometry":{"type":"MultiPolygon","coordinates":[[[[129.2469654,35.789061],[129.2468561,35.7889892],[129.2468558,35.788996],[129.2468478,35.789009],[129.2467602,35.7890871],[129.2467188,35.7890897],[129.2467119,35.7891528],[129.2467396,35.7891567],[129.2467642,35.7891568],[129.2467808,35.7891549],[129.2468037,35.7891461],[129.2469051,35.789059],[129.2469285,35.7890655],[129.2469654,35.789061]]]]}},{"type":"Feature","properties":{"UFID":"100035901090A00110100000004427188"},"geometry":{"type":"MultiPolygon","coordinates":[[[[129.246346,35.7884545],[129.2463128,35.7884576],[129.2463707,35.7886389],[129.2464448,35.7888272],[129.2465221,35.7889647],[129.2465701,35.7890355],[129.2465691,35.7890702],[129.2465598,35.7890914],[129.2467188,35.7890897],[129.2466917,35.7890731],[129.2466707,35.7890733],[129.2466616,35.7890731],[129.2466565,35.7890716],[129.2466351,35.7890578],[129.2466179,35.7890416],[129.2465517,35.7889524],[129.2464758,35.7888174],[129.2464026,35.7886314],[129.246346,35.7884545]]]]}},{"type":"Feature","properties":{"UFID":"100035901090A00110100000004427189"},"geometry":{"type":"MultiPolygon","coordinates":[[[[129.2467188,35.7890897],[129.2465598,35.7890914],[129.2465682,35.7891302],[129.2466426,35.7891403],[129.246704,35.7891513],[129.2467102,35.7891525],[129.2467119,35.7891528],[129.2467188,35.7890897]]]]}},{"type":"Feature","properties":{"UFID":"100035901090A00110100000004427192"},"geometry":{"type":"MultiPolygon","coordinates":[[[[129.2461876,35.7906829],[129.2461876,35.7906558],[129.2461799,35.7906558],[129.2461556,35.7906542],[129.2460938,35.7906542],[129.2454445,35.7907036],[129.245429,35.790702],[129.2454157,35.790697],[129.2452608,35.7906342],[129.2452514,35.7906128],[129.2452378,35.7906674],[129.2452624,35.790672],[129.2453911,35.7907215],[129.2454116,35.7907268],[129.2454415,35.79073],[129.2455946,35.7907245],[129.2457255,35.7907136],[129.2458598,35.7907035],[129.2459138,35.7907003],[129.2460087,35.7906888],[129.2460804,35.7906812],[129.2461542,35.7906812],[129.2461785,35.7906829],[129.2461876,35.7906829]]]]}},{"type":"Feature","properties":{"UFID":"100035901090A00110100000004427193"},"geometry":{"type":"MultiPolygon","coordinates":[[[[129.2477554,35.7956651],[129.2477525,35.7956382],[129.2460333,35.7957548],[129.2437829,35.7959161],[129.2435328,35.7959367],[129.2434625,35.7959332],[129.2434598,35.7959319],[129.243452,35.7959614],[129.246036,35.7957818],[129.2477554,35.7956651]]]]}},{"type":"Feature","properties":{"UFID":"100035901090A00110100000004427194"},"geometry":{"type":"MultiPolygon","coordinates":[[[[129.2477023,35.7947564],[129.2476993,35.7947295],[129.247658,35.7947407],[129.24764,35.7947769],[129.2477023,35.7947564]]]]}},{"type":"Feature","properties":{"UFID":"100035901090A00110100000004427195"},"geometry":{"type":"MultiPolygon","coordinates":[[[[129.2476993,35.7947295],[129.2476059,35.7938453],[129.2475594,35.7938457],[129.2476273,35.7944648],[129.247658,35.7947407],[129.2476993,35.7947295]]]]}},{"type":"Feature","properties":{"UFID":"100035901090A00110100000004427196"},"geometry":{"type":"MultiPolygon","coordinates":[[[[129.2475594,35.7938457],[129.247557,35.7938038],[129.2475343,35.7938179],[129.2475212,35.793819],[129.2472683,35.7938339],[129.2468995,35.793856],[129.2468983,35.7938819],[129.2471684,35.7938661],[129.247532,35.793844],[129.2475594,35.7938457]]]]}},{"type":"Feature","properties":{"UFID":"100035901090A00110100000004427197"},"geometry":{"type":"MultiPolygon","coordinates":[[[[129.247603,35.7938183],[129.247557,35.7938038],[129.2475594,35.7938457],[129.2476059,35.7938453],[129.247603,35.7938183]]]]}},{"type":"Feature","properties":{"UFID":"100035901090A00110100000004427198"},"geometry":{"type":"MultiPolygon","coordinates":[[[[129.24764,35.7947769],[129.247658,35.7947407],[129.2476294,35.7947456],[129.247307,35.7947672],[129.2466675,35.7948086],[129.2460703,35.7948491],[129.2458161,35.7948655],[129.2455623,35.7948804],[129.2452639,35.7949014],[129.2448566,35.7949217],[129.2445626,35.7949385],[129.2444558,35.7949448],[129.2444151,35.7949447],[129.2444033,35.7949439],[129.2443962,35.7949429],[129.2443898,35.7949419],[129.2443834,35.7949385],[129.2443634,35.7949744],[129.244413,35.7949754],[129.2446398,35.794959],[129.2454515,35.7949115],[129.2475909,35.7947686],[129.2476043,35.7947681],[129.24764,35.7947769]]]]}},{"type":"Feature","properties":{"UFID":"100035901090A00110100000004427200"},"geometry":{"type":"MultiPolygon","coordinates":[[[[129.2462993,35.7884156],[129.2459043,35.7883525],[129.2455531,35.7882961],[129.2453879,35.7882388],[129.2452837,35.7881848],[129.2452634,35.7881746],[129.2452392,35.788159],[129.2452008,35.7881336],[129.2451501,35.7880999],[129.2450847,35.788059],[129.2450045,35.7880099],[129.2449153,35.7879579],[129.2448346,35.7879166],[129.244773,35.7878842],[129.2447237,35.7878625],[129.2446705,35.7878461],[129.2446206,35.7878375],[129.24458,35.7878332],[129.2445109,35.7878293],[129.2444866,35.7878285],[129.2444879,35.7878609],[129.2446671,35.7878822],[129.2447183,35.7878939],[129.2447718,35.7879207],[129.2448492,35.7879684],[129.2449284,35.7880143],[129.2451026,35.7881111],[129.2452171,35.7881925],[129.2453734,35.7882631],[129.2455433,35.7883221],[129.2458978,35.788379],[129.2462895,35.7884416],[129.2463128,35.7884576],[129.2462993,35.7884156]]]]}},{"type":"Feature","properties":{"UFID":"100035901090A00110100000004427201"},"geometry":{"type":"MultiPolygon","coordinates":[[[[129.2467979,35.7893094],[129.2466537,35.7892831],[129.2466433,35.7893154],[129.2467907,35.7893423],[129.2467979,35.7893094]]]]}},{"type":"Feature","properties":{"UFID":"100035901090A00110100000004427202"},"geometry":{"type":"MultiPolygon","coordinates":[[[[129.2466537,35.7892831],[129.246558,35.7892657],[129.2463855,35.7892334],[129.2462661,35.7892182],[129.2461867,35.7892102],[129.2461592,35.7892087],[129.2460994,35.789207],[129.2460358,35.7892116],[129.2460011,35.789219],[129.2458803,35.7892366],[129.2458166,35.7892472],[129.2457451,35.7892576],[129.2457423,35.7892864],[129.245823,35.7892746],[129.2458867,35.789264],[129.2460069,35.7892465],[129.2460394,35.7892448],[129.2461005,35.7892404],[129.2461571,35.789242],[129.2461828,35.7892434],[129.2462605,35.7892513],[129.2463777,35.7892661],[129.2465489,35.7892982],[129.2466433,35.7893154],[129.2466537,35.7892831]]]]}},{"type":"Feature","properties":{"UFID":"100035901090A00110100000004427203"},"geometry":{"type":"MultiPolygon","coordinates":[[[[129.2472399,35.7893893],[129.2469292,35.7893334],[129.2467979,35.7893094],[129.2467907,35.7893423],[129.2469204,35.7893659],[129.2472304,35.7894218],[129.2472399,35.7893893]]]]}},{"type":"Feature","properties":{"UFID":"100035901090A00110100000004427204"},"geometry":{"type":"MultiPolygon","coordinates":[[[[129.24728,35.7893965],[129.2472727,35.7894294],[129.2476757,35.7894966],[129.247785,35.7895148],[129.247841,35.7895226],[129.247848,35.7894898],[129.2477926,35.789482],[129.2476872,35.7894643],[129.24728,35.7893965]]]]}},{"type":"Feature","properties":{"UFID":"100035901090A00110100000004427205"},"geometry":{"type":"MultiPolygon","coordinates":[[[[129.24728,35.7893965],[129.2472399,35.7893893],[129.2472304,35.7894218],[129.2472727,35.7894294],[129.24728,35.7893965]]]]}},{"type":"Feature","properties":{"UFID":"100035901090A00110100000004427206"},"geometry":{"type":"MultiPolygon","coordinates":[[[[129.2472727,35.7894294],[129.2472304,35.7894218],[129.2471972,35.7895842],[129.2471789,35.7896745],[129.2472235,35.7896798],[129.2472482,35.789552],[129.2472727,35.7894294]]]]}},{"type":"Feature","properties":{"UFID":"100035901090A00110100000004427207"},"geometry":{"type":"MultiPolygon","coordinates":[[[[129.2467907,35.7893423],[129.2466433,35.7893154],[129.2466347,35.7893391],[129.2467105,35.7893798],[129.2468101,35.7894399],[129.2468714,35.7894899],[129.2469434,35.7895176],[129.2469579,35.7894798],[129.2469033,35.7894568],[129.2468272,35.7893801],[129.2467907,35.7893423]]]]}},{"type":"Feature","properties":{"UFID":"100035901090A00110100000004427217"},"geometry":{"type":"MultiPolygon","coordinates":[[[[129.2447735,35.7932564],[129.2447567,35.793253],[129.2446888,35.7932401],[129.2446382,35.7932267],[129.2446097,35.793216],[129.2445944,35.7932059],[129.2446017,35.7932593],[129.2446059,35.793259],[129.2446604,35.7932659],[129.2447677,35.7932874],[129.2447735,35.7932564]]]]}},{"type":"Feature","properties":{"UFID":"100035901090A00110100000004427218"},"geometry":{"type":"MultiPolygon","coordinates":[[[[129.2448385,35.7932697],[129.2447735,35.7932564],[129.2447677,35.7932874],[129.2448333,35.7933004],[129.2448385,35.7932697]]]]}},{"type":"Feature","properties":{"UFID":"100035901090A00110100000004427226"},"geometry":{"type":"MultiPolygon","coordinates":[[[[129.2448333,35.7933004],[129.2447677,35.7932874],[129.2447822,35.793313],[129.244784,35.7933451],[129.2447792,35.7935522],[129.2447726,35.7935824],[129.2447761,35.7936289],[129.2448099,35.7936294],[129.2448055,35.7935793],[129.2448133,35.7935564],[129.2448217,35.7934013],[129.2448333,35.7933004]]]]}},{"type":"Feature","properties":{"UFID":"100035901090A00110100000004427231"},"geometry":{"type":"MultiPolygon","coordinates":[[[[129.2474597,35.7928718],[129.2474569,35.7928361],[129.2474394,35.792839],[129.245648,35.7929794],[129.2456032,35.7929879],[129.2455773,35.7930005],[129.2455566,35.7930162],[129.2455413,35.7930299],[129.2455059,35.7930704],[129.2454564,35.7931323],[129.2454073,35.7931819],[129.2453682,35.793217],[129.2453328,35.7932363],[129.2452804,35.7932543],[129.2452076,35.7932749],[129.2451448,35.7932894],[129.2451022,35.7932955],[129.2450614,35.7932959],[129.2449997,35.7932927],[129.2448836,35.7932789],[129.2448385,35.7932697],[129.2448333,35.7933004],[129.2449479,35.7933177],[129.2450192,35.7933243],[129.2450627,35.7933246],[129.2451074,35.7933216],[129.2451842,35.7933086],[129.2452524,35.7932916],[129.2453298,35.7932671],[129.2453687,35.7932516],[129.2453838,35.7932424],[129.2454118,35.7932209],[129.2454694,35.7931649],[129.2455507,35.7930647],[129.2455817,35.7930369],[129.2455974,35.7930221],[129.2456158,35.7930132],[129.2456532,35.7930061],[129.2474404,35.792866],[129.2474497,35.7928663],[129.2474597,35.7928718]]]]}},{"type":"Feature","properties":{"UFID":"100035902081A00110100000004427260"},"geometry":{"type":"MultiPolygon","coordinates":[[[[129.2502803,35.7889655],[129.2502696,35.7889516],[129.2501969,35.788864],[129.2500807,35.788767],[129.2500157,35.7886962],[129.250004,35.7886814],[129.25,35.7886753],[129.249997,35.7886707],[129.2499816,35.7886435],[129.2499674,35.78862],[129.2499474,35.7885812],[129.2499202,35.7885252],[129.2498804,35.7885322],[129.249901,35.7885677],[129.249927,35.7886196],[129.2499414,35.7886497],[129.2499556,35.7886743],[129.2499736,35.7887056],[129.2499933,35.7887338],[129.25,35.7887407],[129.2500224,35.7887638],[129.2501661,35.7888998],[129.2501967,35.7889644],[129.2502,35.7889766],[129.2502803,35.7889655]]]]}},{"type":"Feature","properties":{"UFID":"100035901090A00110100000004427261"},"geometry":{"type":"MultiPolygon","coordinates":[[[[129.2502502,35.7892471],[129.25024,35.789212],[129.2501767,35.7892233],[129.2501132,35.7892436],[129.25,35.7892975],[129.249988,35.7892996],[129.2499164,35.7893123],[129.2498641,35.7893179],[129.2498344,35.789321],[129.2498105,35.789321],[129.2498075,35.7893203],[129.2498045,35.7893195],[129.2498021,35.7893181],[129.249802,35.7893165],[129.2498164,35.7892906],[129.2497364,35.7892832],[129.2497241,35.7893227],[129.2496699,35.7893281],[129.2495189,35.7893887],[129.249372,35.7894387],[129.2492428,35.7894623],[129.2490352,35.7894873],[129.248776,35.7895009],[129.2486949,35.7895017],[129.2488068,35.7895746],[129.2488085,35.7895569],[129.2488211,35.7895462],[129.2491555,35.7895002],[129.2492488,35.7894889],[129.249382,35.7894645],[129.2495325,35.7894134],[129.2496796,35.7893543],[129.249711,35.7893512],[129.2498102,35.7893541],[129.2498226,35.7893544],[129.2498858,35.7893503],[129.2499295,35.7893432],[129.25,35.7893328],[129.2500195,35.7893268],[129.2501323,35.7892747],[129.2501896,35.7892564],[129.2502502,35.7892471]]]]}},{"type":"Feature","properties":{"UFID":"100035901090A00110100000004427262"},"geometry":{"type":"MultiPolygon","coordinates":[[[[129.2501773,35.7905993],[129.2500965,35.7905875],[129.2500939,35.7905948],[129.2500908,35.7905997],[129.2500682,35.7906092],[129.25,35.7906367],[129.249924,35.7906651],[129.2497186,35.7907489],[129.2497046,35.7907502],[129.249688,35.7907503],[129.2497241,35.790785],[129.2497294,35.7907798],[129.249941,35.7906935],[129.25,35.7906708],[129.2501773,35.7905993]]]]}},{"type":"Feature","properties":{"UFID":"100035902081A00110100000004427263"},"geometry":{"type":"MultiPolygon","coordinates":[[[[129.2505793,35.7919983],[129.2505683,35.7919842],[129.2504329,35.7917998],[129.2503092,35.7916286],[129.2501475,35.7913962],[129.2500775,35.7912969],[129.25,35.7911975],[129.2497843,35.7908946],[129.2497309,35.7908197],[129.2497255,35.790806],[129.2497235,35.7908007],[129.2497241,35.790785],[129.2496772,35.7908053],[129.2496874,35.7908196],[129.2497518,35.7909099],[129.2499794,35.7912296],[129.25,35.7912532],[129.2500395,35.7913154],[129.250109,35.7914141],[129.2502709,35.7916467],[129.2503948,35.7918182],[129.2504924,35.7919511],[129.2505317,35.7920118],[129.2505793,35.7919983]]]]}},{"type":"Feature","properties":{"UFID":"100035901090A00110100000004428041"},"geometry":{"type":"MultiPolygon","coordinates":[[[[129.247603,35.7938183],[129.2476059,35.7938453],[129.2484291,35.7937843],[129.2496312,35.7936955],[129.2496282,35.7936686],[129.2484261,35.7937574],[129.247603,35.7938183]]]]}},{"type":"Feature","properties":{"UFID":"100035901090A00110100000004428042"},"geometry":{"type":"MultiPolygon","coordinates":[[[[129.2497241,35.790785],[129.249688,35.7907503],[129.24965,35.7907672],[129.2496657,35.7907892],[129.2496772,35.7908053],[129.2497241,35.790785]]]]}},{"type":"Feature","properties":{"UFID":"100035901090A00110100000004428043"},"geometry":{"type":"MultiPolygon","coordinates":[[[[129.249688,35.7907503],[129.2496825,35.790746],[129.2496702,35.7907345],[129.2496598,35.79072],[129.2494685,35.7904584],[129.2492028,35.7900866],[129.2491059,35.7899487],[129.2489677,35.7897628],[129.2489469,35.789742],[129.248932,35.7897272],[129.2489131,35.7897029],[129.2488183,35.7896],[129.248813,35.7895934],[129.2488086,35.7895814],[129.2488068,35.7895746],[129.2487699,35.7895993],[129.2487788,35.789609],[129.2487829,35.7896128],[129.2487916,35.789622],[129.2488822,35.7897203],[129.2489015,35.7897451],[129.2489177,35.7897613],[129.2489368,35.7897805],[129.2490735,35.7899642],[129.2491703,35.790102],[129.2494361,35.7904739],[129.2496274,35.7907355],[129.2496458,35.7907613],[129.24965,35.7907672],[129.249688,35.7907503]]]]}},{"type":"Feature","properties":{"UFID":"100035901090A00110100000004428044"},"geometry":{"type":"MultiPolygon","coordinates":[[[[129.2488068,35.7895746],[129.2486949,35.7895017],[129.2486662,35.7895305],[129.2487084,35.7895518],[129.2487699,35.7895993],[129.2488068,35.7895746]]]]}},{"type":"Feature","properties":{"UFID":"100035901090A00110100000004428045"},"geometry":{"type":"MultiPolygon","coordinates":[[[[129.2486949,35.7895017],[129.2486251,35.789471],[129.2483326,35.7893258],[129.2483107,35.7893519],[129.2485488,35.78947],[129.2486375,35.789516],[129.2486662,35.7895305],[129.2486949,35.7895017]]]]}},{"type":"Feature","properties":{"UFID":"100035901090A00110100000004428046"},"geometry":{"type":"MultiPolygon","coordinates":[[[[129.2483326,35.7893258],[129.248273,35.789297],[129.2482597,35.789342],[129.2483107,35.7893519],[129.2483326,35.7893258]]]]}},{"type":"Feature","properties":{"UFID":"100035901090A00110100000004428047"},"geometry":{"type":"MultiPolygon","coordinates":[[[[129.248273,35.789297],[129.2482252,35.7893019],[129.2481756,35.78929],[129.2481729,35.7893222],[129.2482378,35.7893378],[129.2482597,35.789342],[129.248273,35.789297]]]]}},{"type":"Feature","properties":{"UFID":"100035901090A00110100000004428048"},"geometry":{"type":"MultiPolygon","coordinates":[[[[129.248109,35.7892631],[129.2481756,35.78929],[129.2479978,35.7884796],[129.2479785,35.7884265],[129.2479341,35.7884267],[129.2479651,35.7884844],[129.2481318,35.7892442],[129.2481256,35.7892579],[129.248109,35.7892631]]]]}},{"type":"Feature","properties":{"UFID":"100035901090A00110100000004428049"},"geometry":{"type":"MultiPolygon","coordinates":[[[[129.2481756,35.78929],[129.248109,35.7892631],[129.2481019,35.7893054],[129.2481374,35.7893137],[129.2481729,35.7893222],[129.2481756,35.78929]]]]}},{"type":"Feature","properties":{"UFID":"100035901090A00110100000004428050"},"geometry":{"type":"MultiPolygon","coordinates":[[[[129.2476993,35.7947295],[129.2477023,35.7947564],[129.2478176,35.7947481],[129.2492541,35.794659],[129.2497307,35.7946294],[129.2497282,35.7946024],[129.2492516,35.794632],[129.2478149,35.7947211],[129.2476993,35.7947295]]]]}},{"type":"Feature","properties":{"UFID":"100035901090A00110100000004428051"},"geometry":{"type":"MultiPolygon","coordinates":[[[[129.2475016,35.7928399],[129.2475044,35.7928783],[129.247517,35.7928735],[129.2475545,35.7928638],[129.2493345,35.7927333],[129.2493868,35.7927278],[129.2494453,35.7927211],[129.2496274,35.7926906],[129.2497147,35.792679],[129.2497085,35.7926525],[129.2494399,35.7926945],[129.2493823,35.792701],[129.2493309,35.7927065],[129.2475117,35.7928398],[129.2475016,35.7928399]]]]}},{"type":"Feature","properties":{"UFID":"100035901090A00110100000004428052"},"geometry":{"type":"MultiPolygon","coordinates":[[[[129.2473257,35.7909552],[129.2473258,35.790988],[129.2473378,35.7909818],[129.2489325,35.7908767],[129.2489498,35.7908898],[129.2490087,35.7909667],[129.2490372,35.7910099],[129.2490985,35.7910331],[129.2491065,35.7910103],[129.2490577,35.7909827],[129.2490136,35.7909252],[129.2489673,35.7908655],[129.2489335,35.7908494],[129.2473347,35.7909549],[129.2473257,35.7909552]]]]}},{"type":"Feature","properties":{"UFID":"100035901090A00110100000004428053"},"geometry":{"type":"MultiPolygon","coordinates":[[[[129.2480773,35.7879089],[129.2479872,35.7879148],[129.2481298,35.7885404],[129.2481434,35.7886136],[129.2481568,35.7886705],[129.248285,35.7892618],[129.2482851,35.7892846],[129.248273,35.789297],[129.2483326,35.7893258],[129.2481894,35.7886657],[129.2481849,35.7886365],[129.2481787,35.7885399],[129.2481816,35.7885327],[129.2482188,35.7885154],[129.2482202,35.7885126],[129.2482192,35.7885052],[129.2481479,35.7882315],[129.2480792,35.7879295],[129.2480773,35.7879089]]]]}},{"type":"Feature","properties":{"UFID":"100035901090A00110100000004428054"},"geometry":{"type":"MultiPolygon","coordinates":[[[[129.2480054,35.7877993],[129.2479929,35.7877797],[129.2479307,35.7875192],[129.2476966,35.7864805],[129.2476889,35.78645],[129.2476942,35.7864175],[129.2477062,35.7863906],[129.2477302,35.7863587],[129.2477582,35.7863302],[129.2477813,35.7863094],[129.2478147,35.7862866],[129.2478534,35.786269],[129.2479114,35.7862531],[129.2479873,35.7862358],[129.2480223,35.7862464],[129.248039,35.7862647],[129.2480828,35.7862773],[129.2482938,35.7862832],[129.24844,35.7862838],[129.2485126,35.7862878],[129.2485909,35.786297],[129.2486486,35.7863006],[129.2487192,35.7862924],[129.2487737,35.7862751],[129.2488305,35.7862529],[129.2488981,35.7862235],[129.2489335,35.7862097],[129.2489193,35.7861854],[129.248883,35.7861993],[129.2488154,35.7862287],[129.2487604,35.7862503],[129.2487108,35.7862661],[129.2486476,35.7862733],[129.2485946,35.78627],[129.248516,35.7862609],[129.2484412,35.7862567],[129.2482943,35.7862561],[129.248089,35.7862504],[129.2480596,35.7862419],[129.2480512,35.7862328],[129.2479781,35.7862097],[129.2479016,35.7862273],[129.2478399,35.7862443],[129.2477958,35.7862642],[129.2477582,35.7862899],[129.2477329,35.7863127],[129.2477031,35.7863431],[129.2476761,35.7863788],[129.2476618,35.786411],[129.2476553,35.7864509],[129.247664,35.7864856],[129.2478981,35.787524],[129.2479638,35.7878122],[129.2480054,35.7877993]]]]}},{"type":"Feature","properties":{"UFID":"100035901090A00110100000004428055"},"geometry":{"type":"MultiPolygon","coordinates":[[[[129.2480773,35.7879089],[129.2480054,35.7877993],[129.2479638,35.7878122],[129.2479872,35.7879148],[129.2480773,35.7879089]]]]}},{"type":"Feature","properties":{"UFID":"100035901090A00110100000004428056"},"geometry":{"type":"MultiPolygon","coordinates":[[[[129.2493275,35.7877876],[129.2492987,35.7877828],[129.249304,35.7878061],[129.2493207,35.7878087],[129.2493885,35.7878216],[129.2495819,35.7878684],[129.2495961,35.7878716],[129.2496081,35.7878732],[129.2496389,35.7878735],[129.2496926,35.7878753],[129.2499583,35.78788],[129.2499616,35.7878543],[129.2496887,35.7878548],[129.2496516,35.7878544],[129.2496361,35.7878534],[129.2496053,35.7878473],[129.2494084,35.787802],[129.2493275,35.7877876]]]]}},{"type":"Feature","properties":{"UFID":"100035901090A00110100000004428057"},"geometry":{"type":"MultiPolygon","coordinates":[[[[129.2498291,35.7876103],[129.2498283,35.7875885],[129.2497583,35.7875903],[129.249635,35.7876045],[129.2493894,35.7876348],[129.2492679,35.7876479],[129.2492733,35.7876715],[129.2492835,35.7876705],[129.2495277,35.7876388],[129.2497267,35.7876171],[129.2498291,35.7876103]]]]}},{"type":"Feature","properties":{"UFID":"100035901090A00110100000004428058"},"geometry":{"type":"MultiPolygon","coordinates":[[[[129.2480054,35.7877993],[129.2480773,35.7879089],[129.248081,35.7878854],[129.2480839,35.7878804],[129.2480898,35.7878764],[129.2481101,35.7878678],[129.2483997,35.7878245],[129.2489787,35.7877414],[129.2489826,35.7877109],[129.24898,35.7877066],[129.2489808,35.7877045],[129.248962,35.7876788],[129.2489316,35.7876757],[129.2488896,35.7876796],[129.2485267,35.7877367],[129.248084,35.7878057],[129.2480589,35.7878069],[129.2480361,35.7878063],[129.2480244,35.7878051],[129.2480054,35.7877993]]]]}},{"type":"Feature","properties":{"UFID":"100035901090A00110100000004428125"},"geometry":{"type":"MultiPolygon","coordinates":[[[[129.2485094,35.8000852],[129.2485017,35.8000692],[129.2484777,35.8000328],[129.248454,35.8000001],[129.248243,35.7997651],[129.2481813,35.7997573],[129.248195,35.7997727],[129.2483991,35.8000001],[129.248472,35.8000816],[129.2484816,35.8001015],[129.2485094,35.8000852]]]]}},{"type":"Feature","properties":{"UFID":"100035902081A00110100000004428126"},"geometry":{"type":"MultiPolygon","coordinates":[[[[129.2502424,35.7976221],[129.2502225,35.797508],[129.25,35.7975386],[129.24977,35.7975552],[129.2497666,35.7975554],[129.2497812,35.7976584],[129.25,35.797642],[129.2502424,35.7976221]]]]}},{"type":"Feature","properties":{"UFID":"100035902081A00110100000004428127"},"geometry":{"type":"MultiPolygon","coordinates":[[[[129.2516669,35.8000553],[129.2516632,35.8000544],[129.2515346,35.8000002],[129.251181,35.7998487],[129.250818,35.7996986],[129.2507011,35.7996498],[129.250525,35.7995718],[129.2503837,35.7994899],[129.2502607,35.7993979],[129.2501605,35.7993029],[129.2501026,35.7992363],[129.2500546,35.7991758],[129.25,35.7990886],[129.2499819,35.7990635],[129.2499401,35.7989648],[129.249925,35.7989102],[129.2498907,35.7989091],[129.2498902,35.798922],[129.2498821,35.7989908],[129.2498824,35.7989948],[129.2499134,35.7990559],[129.2499433,35.7991179],[129.2499659,35.7991568],[129.2499967,35.7992018],[129.25,35.7992068],[129.2500135,35.7992219],[129.2500586,35.7992683],[129.2501222,35.7993255],[129.2502369,35.7994167],[129.2503628,35.7995109],[129.2505074,35.7995948],[129.2506856,35.7996737],[129.2508029,35.7997227],[129.2511658,35.7998727],[129.2514632,35.8000001],[129.2516523,35.8000802],[129.2516812,35.8000952],[129.2516669,35.8000553]]]]}},{"type":"Feature","properties":{"UFID":"100035901090A00110100000004428133"},"geometry":{"type":"MultiPolygon","coordinates":[[[[129.2500404,35.7943866],[129.2500005,35.7943825],[129.25,35.7943843],[129.2499718,35.7948648],[129.2499198,35.7953406],[129.249893,35.7957128],[129.249869,35.7960181],[129.2498605,35.7963334],[129.2498267,35.7967671],[129.2497649,35.7974287],[129.2497982,35.7974287],[129.2498599,35.796769],[129.2498937,35.7963346],[129.2499022,35.7960193],[129.2499261,35.7957146],[129.249953,35.7953425],[129.25,35.7950009],[129.2500404,35.7943866]]]]}},{"type":"Feature","properties":{"UFID":"100035901090A00110100000004428151"},"geometry":{"type":"MultiPolygon","coordinates":[[[[129.2497812,35.7976584],[129.249738,35.7976937],[129.2497578,35.7976916],[129.2497617,35.7977034],[129.249766,35.7977177],[129.2497702,35.7977381],[129.2497999,35.7980339],[129.2498517,35.7986098],[129.2498817,35.7988767],[129.2498907,35.7989091],[129.249925,35.7989102],[129.2499146,35.7988725],[129.2498848,35.7986077],[129.249833,35.7980318],[129.2498032,35.7977349],[129.2497985,35.7977123],[129.2497939,35.7976965],[129.2497812,35.7976584]]]]}},{"type":"Feature","properties":{"UFID":"100035901090A00110100000004428152"},"geometry":{"type":"MultiPolygon","coordinates":[[[[129.249738,35.7976937],[129.2496817,35.797667],[129.2496991,35.7976875],[129.249705,35.7976965],[129.2497057,35.7977047],[129.2497101,35.7977394],[129.2497111,35.7977599],[129.24971,35.7978192],[129.2497096,35.7978355],[129.2497107,35.7978503],[129.249733,35.7980732],[129.2497609,35.7983519],[129.2497795,35.7985278],[129.2497841,35.7985957],[129.2497838,35.7985971],[129.249783,35.7985986],[129.2497786,35.7986042],[129.2497498,35.7986282],[129.2497455,35.7986305],[129.2497433,35.7986312],[129.2494684,35.7986532],[129.2491326,35.7986791],[129.2491358,35.798706],[129.2494716,35.7986801],[129.2497511,35.7986577],[129.2497956,35.7986682],[129.2497979,35.7986718],[129.2498009,35.7986871],[129.2498224,35.7986857],[129.2498158,35.7986049],[129.2498175,35.7985974],[129.2498126,35.7985259],[129.249794,35.7983496],[129.249766,35.798071],[129.2497438,35.7978484],[129.2497428,35.7978349],[129.2497431,35.7978196],[129.2497443,35.7977596],[129.2497432,35.7977374],[129.2497387,35.7977024],[129.249738,35.7976937]]]]}},{"type":"Feature","properties":{"UFID":"100035901090A00110100000004428153"},"geometry":{"type":"MultiPolygon","coordinates":[[[[129.2497812,35.7976584],[129.2497666,35.7975554],[129.2496674,35.797562],[129.2496817,35.797667],[129.249738,35.7976937],[129.2497812,35.7976584]]]]}},{"type":"Feature","properties":{"UFID":"100035901090A00110100000004428154"},"geometry":{"type":"MultiPolygon","coordinates":[[[[129.2482287,35.7997202],[129.248243,35.7997651],[129.2482702,35.7997439],[129.2493187,35.799657],[129.2496719,35.799622],[129.2496694,35.7995951],[129.2493151,35.7996301],[129.2482287,35.7997202]]]]}},{"type":"Feature","properties":{"UFID":"100035901090A00110100000004428155"},"geometry":{"type":"MultiPolygon","coordinates":[[[[129.2482287,35.7997202],[129.2481758,35.7997213],[129.2481813,35.7997573],[129.248243,35.7997651],[129.2482287,35.7997202]]]]}},{"type":"Feature","properties":{"UFID":"100035901090A00110100000004428156"},"geometry":{"type":"MultiPolygon","coordinates":[[[[129.2482287,35.7997202],[129.2482252,35.7997018],[129.2481265,35.7987671],[129.2480825,35.7987704],[129.2481813,35.7997061],[129.2481823,35.7997116],[129.2481758,35.7997213],[129.2482287,35.7997202]]]]}},{"type":"Feature","properties":{"UFID":"100035901090A00110100000004428157"},"geometry":{"type":"MultiPolygon","coordinates":[[[[129.2481265,35.7987671],[129.2481236,35.7987396],[129.2480796,35.7987435],[129.2480825,35.7987704],[129.2481265,35.7987671]]]]}},{"type":"Feature","properties":{"UFID":"100035901090A00110100000004428158"},"geometry":{"type":"MultiPolygon","coordinates":[[[[129.2496817,35.797667],[129.2496674,35.797562],[129.2488045,35.7976227],[129.2483547,35.7976626],[129.2480253,35.7976859],[129.2480246,35.7978018],[129.2495411,35.7976789],[129.2496817,35.797667]]]]}},{"type":"Feature","properties":{"UFID":"100035901090A00110100000004428159"},"geometry":{"type":"MultiPolygon","coordinates":[[[[129.2481236,35.7987396],[129.2480246,35.7978018],[129.2479698,35.7978133],[129.2479765,35.7978222],[129.2479788,35.7978396],[129.2479868,35.797865],[129.2480796,35.7987435],[129.2481236,35.7987396]]]]}},{"type":"Feature","properties":{"UFID":"100035901090A00110100000004428160"},"geometry":{"type":"MultiPolygon","coordinates":[[[[129.2480246,35.7978018],[129.2480253,35.7976859],[129.2479649,35.7976934],[129.2479698,35.7978133],[129.2480246,35.7978018]]]]}},{"type":"Feature","properties":{"UFID":"100035901090A00110100000004428163"},"geometry":{"type":"MultiPolygon","coordinates":[[[[129.2480253,35.7976859],[129.2480229,35.7976849],[129.2480212,35.7976838],[129.2480197,35.7976814],[129.2480126,35.797617],[129.2480049,35.797574],[129.2479778,35.7973423],[129.2479366,35.7969525],[129.2479075,35.7966935],[129.2479081,35.7966824],[129.2479153,35.7966751],[129.2478502,35.7966805],[129.2478604,35.7966945],[129.2478656,35.7967148],[129.2478982,35.7969472],[129.2479282,35.7972562],[129.2479509,35.797507],[129.2479593,35.7976099],[129.2479649,35.7976934],[129.2480253,35.7976859]]]]}},{"type":"Feature","properties":{"UFID":"100035901090A00110100000004428164"},"geometry":{"type":"MultiPolygon","coordinates":[[[[129.2479042,35.7966381],[129.2479153,35.7966751],[129.2479324,35.7966693],[129.248094,35.7966524],[129.2486514,35.7966147],[129.2490906,35.796582],[129.2493791,35.7965673],[129.2497221,35.7965517],[129.2497213,35.7965306],[129.2493225,35.7965428],[129.2489407,35.7965673],[129.2485125,35.7965968],[129.2481667,35.7966197],[129.2479127,35.7966375],[129.2479042,35.7966381]]]]}}]}