{"type":"FeatureCollection","features":[{"type":"Feature","properties":{"UFID":"100035902095A00110100000004454233"},"geometry":{"type":"MultiPolygon","coordinates":[[[[129.3737295,35.7608115],[129.3724434,35.7602955],[129.3724322,35.7603133],[129.3719862,35.7601264],[129.3714325,35.7598885],[129.371083,35.7597347],[129.3710736,35.7597306],[129.3710471,35.7597189],[129.3710413,35.7597164],[129.3710343,35.7597132],[129.3706047,35.7595204],[129.3701378,35.7593061],[129.3695967,35.7590516],[129.3690633,35.7587941],[129.3683665,35.7584478],[129.3679164,35.7582178],[129.3673854,35.7579401],[129.3669772,35.757721],[129.3669453,35.7577039],[129.3669401,35.7577011],[129.3668102,35.7576314],[129.3661734,35.7572796],[129.3655006,35.7568963],[129.3647152,35.7564332],[129.3641096,35.7560642],[129.3633507,35.7555867],[129.3626479,35.7551287],[129.361895,35.7546209],[129.3614404,35.7543026],[129.3614073,35.7542795],[129.3611788,35.7541195],[129.3611534,35.7541017],[129.3611133,35.7540737],[129.3605752,35.7536847],[129.360198,35.753403],[129.3601659,35.753379],[129.360077,35.7533126],[129.3600199,35.75327],[129.3597759,35.7530877],[129.3591436,35.7526104],[129.358547,35.7521734],[129.3578631,35.7516876],[129.3573954,35.7513645],[129.3568421,35.7509915],[129.3562673,35.7506142],[129.3556924,35.750247],[129.3552878,35.75],[129.3544725,35.7495023],[129.3536586,35.7490277],[129.3527904,35.748541],[129.3520111,35.7481209],[129.3517496,35.7479856],[129.3510074,35.7476019],[129.35,35.7471054],[129.3493322,35.7467892],[129.3487105,35.7465039],[129.3479413,35.7461627],[129.3470361,35.7457772],[129.3379527,35.7419736],[129.3379518,35.7419732],[129.3379177,35.7419589],[129.337916,35.7419582],[129.3377896,35.7419053],[129.3377509,35.7418891],[129.337672,35.741856],[129.337659,35.7418506],[129.3374155,35.7417486],[129.3373842,35.7417355],[129.337349,35.7417208],[129.337122,35.7416257],[129.3370331,35.7415884],[129.336971,35.7415624],[129.336859,35.7415155],[129.3366822,35.7414415],[129.3349841,35.7407303],[129.3348659,35.7406808],[129.3346692,35.7405984],[129.334586,35.7405635],[129.3345772,35.7405598],[129.3345306,35.7405403],[129.3345253,35.7405381],[129.3344726,35.740516],[129.3341381,35.7403732],[129.3340957,35.740352],[129.3339056,35.740386],[129.3340921,35.7404571],[129.3344135,35.7406098],[129.3344765,35.7406362],[129.334484,35.7406394],[129.3345282,35.7406579],[129.3345381,35.740662],[129.3346101,35.7406922],[129.3348068,35.7407746],[129.3357681,35.7411772],[129.3357706,35.7411783],[129.3363648,35.7414271],[129.3363734,35.7414307],[129.3364657,35.7414694],[129.3364672,35.74147],[129.3371633,35.7417615],[129.3371662,35.7417627],[129.337167,35.7417631],[129.3372091,35.7417807],[129.3372301,35.7417895],[129.3372305,35.7417897],[129.3372306,35.7417897],[129.3372307,35.7417898],[129.3372509,35.7417982],[129.3373105,35.7418232],[129.3373681,35.7418473],[129.3378038,35.7420298],[129.337828,35.7420399],[129.3378413,35.7420455],[129.3378598,35.7420532],[129.346977,35.745871],[129.3478687,35.7462527],[129.3486419,35.7465976],[129.349249,35.7468776],[129.35,35.7472356],[129.3509337,35.7476989],[129.3514931,35.7479896],[129.3519334,35.7482184],[129.3527095,35.7486389],[129.3535742,35.7491258],[129.3543847,35.7496005],[129.3550421,35.75],[129.35523,35.7501142],[129.3555833,35.7503348],[129.3558237,35.750487],[129.3560402,35.7506256],[129.3562646,35.7507707],[129.3565866,35.7509817],[129.3569202,35.7512038],[129.357199,35.7513921],[129.3575505,35.7516331],[129.3578207,35.7518212],[129.3580127,35.7519563],[129.3582061,35.7520937],[129.3584422,35.7522632],[129.3586333,35.7524018],[129.3588609,35.7525685],[129.3591406,35.7527761],[129.3594213,35.7529872],[129.3597289,35.7532214],[129.3599284,35.7533722],[129.3599472,35.7533863],[129.3599856,35.7534151],[129.360102,35.753502],[129.3601369,35.7535281],[129.3601662,35.7535501],[129.3604373,35.7537502],[129.3606126,35.7538783],[129.3608574,35.7540553],[129.3610598,35.7541999],[129.3610856,35.7542183],[129.3611064,35.7542332],[129.3614064,35.7544446],[129.3614388,35.7544673],[129.3614395,35.7544678],[129.3616728,35.7546299],[129.3619177,35.7547982],[129.3621214,35.7549366],[129.3623852,35.7551139],[129.3626718,35.755304],[129.362906,35.7554574],[129.3631325,35.7556041],[129.3634097,35.7557816],[129.3636105,35.7559087],[129.3638728,35.756073],[129.3640334,35.7561726],[129.3643873,35.7563893],[129.3647712,35.7566204],[129.3650502,35.7567858],[129.3654064,35.7569937],[129.3657264,35.7571776],[129.3660099,35.7573382],[129.3661994,35.7574444],[129.3666708,35.7577044],[129.3668644,35.7578092],[129.3669014,35.7578292],[129.3669993,35.7578822],[129.3674024,35.7580967],[129.3676292,35.7582156],[129.3678976,35.7583547],[129.3681647,35.7584913],[129.3684792,35.75865],[129.3689047,35.758861],[129.369301,35.7590536],[129.3696835,35.7592361],[129.3701136,35.7594374],[129.3704149,35.7595759],[129.3707189,35.7597136],[129.3709167,35.7598016],[129.3709286,35.7598069],[129.3709594,35.7598205],[129.370966,35.7598235],[129.3711522,35.7599063],[129.3715073,35.7600612],[129.3719454,35.7602487],[129.3723633,35.7604237],[129.3727838,35.760598],[129.3731881,35.7607603],[129.3735792,35.7609143],[129.3739804,35.7610672],[129.3744887,35.7612586],[129.3748602,35.7613953],[129.3749999,35.7614456],[129.3752563,35.7615381],[129.3756362,35.7616722],[129.3758645,35.7617515],[129.3760615,35.7618191],[129.3765373,35.7619794],[129.3768685,35.7620885],[129.3773487,35.7622432],[129.3776759,35.7623461],[129.3780254,35.7624539],[129.3783385,35.7625487],[129.3786652,35.7626456],[129.3790993,35.7627716],[129.379549,35.7628986],[129.3798836,35.7629908],[129.3802877,35.7630995],[129.3807431,35.7632187],[129.3813258,35.7633661],[129.3818309,35.7634893],[129.3823766,35.7636175],[129.3827922,35.7637115],[129.3828547,35.7637256],[129.3829198,35.7637403],[129.3832651,35.7638158],[129.3838316,35.7639355],[129.3843274,35.764036],[129.384986,35.7641634],[129.3854729,35.764253],[129.3855146,35.7642606],[129.3855833,35.7642728],[129.3856574,35.7642859],[129.3857735,35.7643065],[129.3858276,35.7643161],[129.3861286,35.764368],[129.3866337,35.7644519],[129.3870789,35.7645226],[129.3876312,35.7646059],[129.3879897,35.7646575],[129.3883912,35.7647129],[129.3887697,35.7647629],[129.389343,35.7648346],[129.389967,35.7649143],[129.3904617,35.7649817],[129.3908217,35.7650331],[129.3911883,35.7650874],[129.3916876,35.7651647],[129.392269,35.7652595],[129.3926614,35.7653265],[129.3930775,35.7654001],[129.3934264,35.7654639],[129.3938225,35.7655386],[129.3943954,35.765651],[129.3949315,35.7657609],[129.3956153,35.7659078],[129.3960731,35.7660104],[129.3965264,35.7661152],[129.3970262,35.7662348],[129.3975689,35.7663692],[129.398115,35.7665094],[129.3984991,35.7666111],[129.3991385,35.7667858],[129.3998242,35.7669809],[129.4,35.7670326],[129.400186,35.7670872],[129.4005676,35.7672017],[129.4009522,35.7673198],[129.4014168,35.7674659],[129.4023003,35.7677544],[129.4076467,35.7695477],[129.4081216,35.7696996],[129.4081206,35.7696971],[129.408119,35.7696905],[129.4081184,35.7696838],[129.408119,35.7696731],[129.408122,35.7696606],[129.4081266,35.7696496],[129.4081322,35.7696401],[129.4081391,35.7696311],[129.408148,35.7696222],[129.4081567,35.7696155],[129.408164,35.7696109],[129.408174,35.7696064],[129.4081821,35.7696039],[129.4079563,35.7695282],[129.4064998,35.7690291],[129.4022564,35.7676059],[129.4012042,35.7672658],[129.4005792,35.7670731],[129.4002482,35.7669738],[129.4,35.7669009],[129.3998581,35.7668593],[129.3992648,35.7666901],[129.3987189,35.7665398],[129.3982758,35.7664215],[129.3977736,35.7662914],[129.3968319,35.7660587],[129.3959053,35.7658439],[129.3950568,35.7656594],[129.3942723,35.7654989],[129.393516,35.7653535],[129.3926804,35.7652031],[129.3919596,35.7650821],[129.3912069,35.7649642],[129.3904349,35.7648523],[129.3895227,35.7647316],[129.3885198,35.7646047],[129.3872166,35.7644177],[129.3864695,35.7642987],[129.3859732,35.7642121],[129.3859148,35.7642019],[129.3854045,35.7641129],[129.3853473,35.7641029],[129.3852905,35.764093],[129.3842985,35.7639027],[129.3833458,35.7637051],[129.3827848,35.7635799],[129.3827384,35.7635696],[129.3823866,35.7634911],[129.3815755,35.7632982],[129.3807291,35.7630852],[129.3797634,35.7628271],[129.378901,35.762583],[129.3783501,35.7624201],[129.3770658,35.7620193],[129.3760853,35.7616929],[129.3753111,35.7614224],[129.3749999,35.761309],[129.3745142,35.7611319],[129.373719,35.7608296],[129.3737295,35.7608115]]]]}},{"type":"Feature","properties":{"UFID":"100035902095A00110100000004454234"},"geometry":{"type":"MultiPolygon","coordinates":[[[[129.3743611,35.7614032],[129.3738854,35.7612221],[129.3735323,35.7610861],[129.3731694,35.7609437],[129.3727926,35.7607931],[129.3723463,35.7606109],[129.3718144,35.7603884],[129.3711335,35.7600966],[129.370783,35.7599403],[129.3707693,35.7599342],[129.3707379,35.7599201],[129.3707199,35.7599121],[129.3704098,35.7597737],[129.3699831,35.759578],[129.3697101,35.7594506],[129.3693336,35.7592721],[129.3688676,35.7590467],[129.3682456,35.758738],[129.3677791,35.7585004],[129.3673484,35.7582764],[129.3668134,35.7579917],[129.366724,35.7579431],[129.3666792,35.7579188],[129.366482,35.7578117],[129.3664726,35.7578065],[129.3664632,35.7578013],[129.3664388,35.7577878],[129.366436,35.7577863],[129.3660865,35.7575932],[129.3656302,35.7573361],[129.3654053,35.7572073],[129.3650599,35.7570068],[129.3647701,35.7568361],[129.3642229,35.7565074],[129.3638608,35.7562852],[129.3634696,35.7560409],[129.3630104,35.7557483],[129.362642,35.7555089],[129.3622558,35.7552535],[129.3618423,35.7549746],[129.3615095,35.7547462],[129.3614173,35.7546819],[129.3613916,35.7546641],[129.3611914,35.7545245],[129.3609746,35.7543711],[129.3609495,35.7543532],[129.3608735,35.7542995],[129.3605364,35.7540571],[129.3601891,35.7538024],[129.3601452,35.7537702],[129.3600725,35.7537169],[129.3599035,35.7535896],[129.3598412,35.7535427],[129.359438,35.7532389],[129.3590322,35.7529322],[129.3581381,35.7522775],[129.3574929,35.7518226],[129.3570848,35.7515421],[129.3561647,35.7509294],[129.3557009,35.7506306],[129.3554929,35.7504987],[129.3548893,35.7501234],[129.3546813,35.75],[129.3535817,35.7493478],[129.3527401,35.7488732],[129.3519862,35.7484637],[129.3512623,35.7480839],[129.351089,35.7479958],[129.3506591,35.7477773],[129.35,35.7474521],[129.3494533,35.7471901],[129.3489409,35.7469507],[129.3482811,35.746651],[129.347652,35.7463742],[129.3468265,35.7460236],[129.3378053,35.7422462],[129.3377958,35.7422422],[129.3377491,35.7422226],[129.3377362,35.7422172],[129.3371523,35.7419727],[129.3370298,35.7419214],[129.3369414,35.7418844],[129.3368668,35.7418531],[129.336848,35.7418452],[129.3368073,35.7418282],[129.3359901,35.741486],[129.3359792,35.7414814],[129.3359176,35.7414556],[129.335889,35.7414436],[129.335729,35.7413766],[129.3356953,35.7413625],[129.3356043,35.7413244],[129.3352557,35.7411784],[129.3348173,35.7409948],[129.3346941,35.7409432],[129.3344975,35.7408608],[129.3344056,35.7408224],[129.3343506,35.7407993],[129.334348,35.7407982],[129.3343008,35.7407785],[129.3339859,35.7406384],[129.3338935,35.7407176],[129.3342417,35.7408722],[129.3342624,35.7408809],[129.3342677,35.7408831],[129.3343187,35.7409045],[129.3343246,35.740907],[129.3344315,35.7409517],[129.3344384,35.7409546],[129.334635,35.741037],[129.3366224,35.7418693],[129.3366587,35.7418845],[129.3366803,35.7418936],[129.3367179,35.7419093],[129.3367898,35.7419394],[129.3369434,35.7420037],[129.338255,35.742553],[129.33828,35.7425635],[129.3467674,35.7461174],[129.3476147,35.7464797],[129.348191,35.7467349],[129.3487596,35.7469939],[129.349273,35.7472339],[129.3496756,35.7474264],[129.35,35.7475841],[129.3505853,35.7478751],[129.3508292,35.7479998],[129.351186,35.7481822],[129.3519069,35.7485625],[129.3526576,35.7489724],[129.3534955,35.7494474],[129.3544236,35.75],[129.3548271,35.7502403],[129.3553734,35.75058],[129.3557897,35.7508449],[129.3563092,35.751183],[129.3570157,35.7516564],[129.357483,35.7519785],[129.3582311,35.7525097],[129.3586662,35.7528277],[129.3591454,35.753186],[129.3598067,35.7536862],[129.3598646,35.75373],[129.3598835,35.7537439],[129.3601246,35.7539217],[129.3601617,35.7539491],[129.360305,35.7540548],[129.3607196,35.7543542],[129.3608382,35.7544383],[129.3608634,35.7544562],[129.3610886,35.7546158],[129.3612747,35.7547455],[129.3613051,35.7547667],[129.3614226,35.7548486],[129.3617387,35.7550655],[129.3620701,35.7552895],[129.3623985,35.7555079],[129.3627372,35.7557297],[129.363241,35.7560531],[129.3636323,35.7562991],[129.3640482,35.7565556],[129.3644737,35.7568129],[129.3648648,35.757045],[129.3652854,35.7572899],[129.36566,35.7575039],[129.3660868,35.7577433],[129.3663541,35.7578899],[129.3663903,35.7579098],[129.3664038,35.7579172],[129.3666312,35.7580419],[129.3671824,35.7583364],[129.3675756,35.758542],[129.3681339,35.7588274],[129.3688159,35.7591659],[129.3691736,35.7593391],[129.3696415,35.7595613],[129.3699305,35.7596961],[129.3702761,35.7598548],[129.3705116,35.759961],[129.3705353,35.7599716],[129.3705732,35.7599887],[129.3706047,35.7600029],[129.370704,35.7600477],[129.3710801,35.7602139],[129.3717085,35.7604849],[129.3716971,35.7605027],[129.3722742,35.7607442],[129.3726334,35.7608911],[129.3730085,35.7610417],[129.3733579,35.7611795],[129.3736638,35.761298],[129.3738341,35.7613632],[129.3738445,35.7613451],[129.3743954,35.7615521],[129.374828,35.7617105],[129.375,35.7617721],[129.3752443,35.7618596],[129.3758739,35.7620788],[129.3765049,35.7622911],[129.3770398,35.7624653],[129.3775342,35.7626217],[129.3784339,35.762895],[129.3792651,35.7631349],[129.3801207,35.7633692],[129.3807393,35.7635309],[129.3813605,35.7636867],[129.3820572,35.7638539],[129.3827328,35.7640083],[129.3834739,35.7641691],[129.3834876,35.7641719],[129.3835344,35.7641815],[129.3841701,35.7643121],[129.3848843,35.7644508],[129.3857586,35.7646095],[129.386314,35.7647041],[129.3870423,35.7648209],[129.3877063,35.7649202],[129.3885881,35.7650417],[129.3893153,35.7651332],[129.3898869,35.7652063],[129.3908289,35.7653375],[129.3913281,35.7654126],[129.3920235,35.7655235],[129.3926821,35.7656355],[129.3931858,35.7657257],[129.3936916,35.7658203],[129.3942029,35.7659201],[129.3947934,35.7660404],[129.3955884,35.7662113],[129.3960481,35.7663148],[129.396616,35.7664474],[129.3971639,35.7665804],[129.3977946,35.7667397],[129.3984864,35.7669221],[129.3990494,35.7670766],[129.3997087,35.7672644],[129.4,35.7673513],[129.4005638,35.7675194],[129.4013799,35.7677748],[129.4020464,35.7679924],[129.4026658,35.7681999],[129.4074452,35.7698031],[129.4078984,35.7699445],[129.4079393,35.7699581],[129.4079371,35.7699464],[129.4079369,35.7699379],[129.4079375,35.7699314],[129.4079396,35.7699199],[129.4079438,35.7699074],[129.4079486,35.7698973],[129.407956,35.7698854],[129.4079652,35.7698742],[129.407977,35.7698637],[129.4079838,35.7698591],[129.4079477,35.7698469],[129.4075697,35.7697109],[129.4023515,35.7679605],[129.4019315,35.7678207],[129.4014161,35.7676534],[129.4008279,35.7674682],[129.400307,35.7673094],[129.4,35.7672185],[129.3998589,35.7671767],[129.3993832,35.7670396],[129.3988628,35.766894],[129.3984459,35.7667808],[129.3977949,35.7666099],[129.3971716,35.7664529],[129.3966509,35.7663267],[129.3960497,35.7661865],[129.3955731,35.7660796],[129.3951218,35.7659817],[129.3945571,35.7658639],[129.3937038,35.7656954],[129.3931454,35.7655914],[129.3924073,35.7654614],[129.3916335,35.7653342],[129.3910292,35.7652413],[129.3902954,35.7651359],[129.3895366,35.7650355],[129.3888967,35.7649561],[129.3882935,35.7648769],[129.3877768,35.7648046],[129.3870938,35.7647028],[129.3865245,35.7646124],[129.3858729,35.7645027],[129.3853348,35.7644072],[129.3848018,35.764308],[129.3841962,35.7641898],[129.3837596,35.764101],[129.3834672,35.7640395],[129.3833847,35.7640222],[129.3829934,35.7639373],[129.3828863,35.763914],[129.3823721,35.7637981],[129.3817528,35.7636527],[129.3812521,35.7635305],[129.3807634,35.7634072],[129.3802928,35.7632847],[129.3797849,35.7631481],[129.3792221,35.7629917],[129.3787974,35.7628699],[129.378388,35.7627496],[129.3779848,35.7626282],[129.3775748,35.7625017],[129.3771298,35.762361],[129.3768365,35.7622664],[129.3764815,35.7621496],[129.376141,35.7620355],[129.3758138,35.7619238],[129.3754496,35.761797],[129.3750871,35.7616684],[129.375,35.7616369],[129.3747043,35.7615299],[129.3743611,35.7614032]]]]}},{"type":"Feature","properties":{"UFID":"100035906007A00110100000004454303"},"geometry":{"type":"MultiPolygon","coordinates":[[[[129.4077355,35.7505227],[129.4077082,35.750527],[129.4076844,35.7505259],[129.4076712,35.7505221],[129.4076231,35.7505054],[129.4075593,35.750473],[129.4074961,35.7504378],[129.4073817,35.7503959],[129.4073432,35.7503858],[129.4072488,35.7503688],[129.4071202,35.7503482],[129.4070707,35.7503397],[129.4070434,35.7503282],[129.4070355,35.7503233],[129.4070114,35.7502999],[129.4069872,35.7502637],[129.4069459,35.750171],[129.4069156,35.7501127],[129.4068865,35.750046],[129.4068725,35.7500005],[129.4068724,35.75],[129.4068585,35.7499548],[129.4068397,35.7498505],[129.4068369,35.7498254],[129.4068348,35.7497587],[129.406835,35.7497566],[129.4068359,35.7497553],[129.4068669,35.7497281],[129.4068819,35.7497183],[129.4069033,35.7497142],[129.4069301,35.7497148],[129.4069504,35.7497197],[129.4070078,35.7497441],[129.4070624,35.7497652],[129.4072702,35.7498384],[129.4074474,35.7498751],[129.407632,35.7499228],[129.4077436,35.7499502],[129.4077695,35.7499511],[129.4077892,35.7499502],[129.4078088,35.7499474],[129.4078244,35.749942],[129.4078608,35.7499136],[129.4078663,35.7499031],[129.4078805,35.7498591],[129.4078936,35.7497729],[129.407893,35.749687],[129.4078931,35.7496779],[129.4078856,35.7496333],[129.4078843,35.7496262],[129.4078826,35.7496185],[129.407854,35.7495479],[129.4078002,35.7494428],[129.4077803,35.7494063],[129.4077389,35.7493318],[129.4076913,35.7492727],[129.4076231,35.7492083],[129.4075355,35.749134],[129.4075111,35.749086],[129.4075105,35.7490827],[129.4075103,35.7490803],[129.4075177,35.7490312],[129.4075185,35.7490287],[129.4075608,35.7489663],[129.4076082,35.7488945],[129.407618,35.7488612],[129.4076181,35.7488553],[129.4076178,35.7488474],[129.4076112,35.748797],[129.4075844,35.7487312],[129.4075811,35.7487208],[129.407545,35.748653],[129.4074914,35.7485848],[129.4074336,35.7485313],[129.4073455,35.7484597],[129.4073001,35.7484039],[129.4072816,35.7483439],[129.4072811,35.7483295],[129.4072943,35.7482686],[129.4072963,35.7482569],[129.4073214,35.7481867],[129.4073423,35.7481063],[129.4073454,35.7480472],[129.4073455,35.7480425],[129.4073449,35.748028],[129.4073339,35.747976],[129.4073331,35.7479687],[129.4073309,35.7479594],[129.4073107,35.7479123],[129.4073087,35.7479065],[129.4072938,35.7478834],[129.4072515,35.747833],[129.4071893,35.7477661],[129.4070744,35.7476569],[129.407038,35.7476239],[129.4068773,35.7474678],[129.406796,35.7473917],[129.4067291,35.7473241],[129.4066947,35.7472745],[129.4066778,35.7472228],[129.4066757,35.7471991],[129.4066795,35.7471619],[129.406682,35.7471272],[129.4066832,35.7471113],[129.4066934,35.7470191],[129.4066963,35.7469929],[129.4066974,35.7469821],[129.4067104,35.7469013],[129.4067272,35.7468195],[129.4067337,35.7467751],[129.4067348,35.746766],[129.4067257,35.7467259],[129.4067221,35.7467142],[129.4067178,35.7467071],[129.406697,35.7466839],[129.4066905,35.7466802],[129.4066372,35.7466441],[129.4065502,35.7466052],[129.406457,35.7465814],[129.4063411,35.746559],[129.4062224,35.7465437],[129.4060918,35.7465231],[129.4057421,35.746448],[129.4056631,35.7464333],[129.4055381,35.7464164],[129.4054267,35.7463938],[129.4053379,35.7463689],[129.4052781,35.7463484],[129.4051893,35.7463166],[129.4051172,35.7462913],[129.4050692,35.7462748],[129.4050192,35.7462624],[129.4049212,35.746238],[129.4048539,35.7462274],[129.4048006,35.7462273],[129.4047334,35.7462357],[129.4046361,35.7462388],[129.4045793,35.746252],[129.404452,35.746278],[129.404331,35.7463104],[129.4042398,35.7463271],[129.4041061,35.7463501],[129.4040076,35.7463659],[129.4039762,35.746367],[129.4039624,35.7463637],[129.4039542,35.7463596],[129.4039607,35.7464092],[129.4040128,35.7464018],[129.4041149,35.7463855],[129.4042492,35.7463623],[129.4043428,35.7463452],[129.4044643,35.7463127],[129.4045908,35.7462868],[129.4046431,35.7462747],[129.4047376,35.7462717],[129.4048039,35.7462634],[129.4048497,35.7462634],[129.4049105,35.746273],[129.4050063,35.7462969],[129.4050542,35.7463088],[129.4050999,35.7463245],[129.4051716,35.7463497],[129.4052606,35.7463815],[129.4053221,35.7464026],[129.4054141,35.7464284],[129.4055291,35.7464518],[129.4056546,35.7464687],[129.4057377,35.7464842],[129.4060841,35.7465586],[129.4062148,35.7465792],[129.4063326,35.7465944],[129.4064453,35.7466161],[129.4065328,35.7466386],[129.4066122,35.746674],[129.4066637,35.7467089],[129.4066657,35.74671],[129.4066798,35.7467257],[129.4066803,35.7467266],[129.4066825,35.7467336],[129.4066902,35.7467676],[129.4066897,35.7467713],[129.4066834,35.7468144],[129.4066666,35.746896],[129.4066534,35.7469783],[129.4066523,35.7469898],[129.4066489,35.7470198],[129.4066391,35.7471087],[129.4066377,35.7471279],[129.4066354,35.7471593],[129.4066313,35.7471989],[129.406634,35.7472289],[129.4066535,35.7472883],[129.4066924,35.7473444],[129.4067621,35.7474149],[129.4068437,35.7474912],[129.4070046,35.7476475],[129.4070412,35.7476806],[129.4071549,35.7477888],[129.4072156,35.7478541],[129.4072559,35.747902],[129.4072674,35.74792],[129.4072686,35.7479232],[129.4072881,35.7479688],[129.4072892,35.7479737],[129.40729,35.7479806],[129.4073008,35.7480317],[129.4073013,35.7480429],[129.4073012,35.7480462],[129.4072983,35.7481017],[129.4072785,35.7481779],[129.407253,35.7482493],[129.4072506,35.748263],[129.4072368,35.7483268],[129.4072375,35.7483488],[129.4072591,35.7484187],[129.4073111,35.7484827],[129.4074013,35.748556],[129.407456,35.7486066],[129.4075058,35.74867],[129.4075392,35.7487326],[129.407542,35.7487414],[129.4075677,35.7488046],[129.4075736,35.7488499],[129.4075739,35.7488557],[129.4075739,35.7488567],[129.4075666,35.7488815],[129.4075219,35.748949],[129.407477,35.7490154],[129.4074742,35.7490246],[129.4074658,35.7490797],[129.4074666,35.7490868],[129.4074681,35.7490956],[129.4074978,35.7491541],[129.4075904,35.7492325],[129.4076559,35.7492944],[129.4077,35.7493492],[129.40774,35.749421],[129.4077596,35.749457],[129.4078125,35.7495605],[129.4078396,35.7496275],[129.4078407,35.7496322],[129.4078418,35.7496385],[129.4078489,35.7496801],[129.4078488,35.7496868],[129.4078493,35.7497708],[129.407837,35.7498523],[129.4078244,35.7498913],[129.4078237,35.7498926],[129.4077996,35.7499115],[129.4077962,35.7499126],[129.4077843,35.7499143],[129.4077691,35.749915],[129.407751,35.7499144],[129.4076451,35.7498883],[129.4074595,35.7498404],[129.4072845,35.7498042],[129.4070806,35.7497324],[129.4070283,35.7497122],[129.4069671,35.7496861],[129.4069371,35.7496789],[129.4068988,35.749678],[129.4068621,35.7496851],[129.4068367,35.7497016],[129.4068,35.7497338],[129.4067917,35.7497457],[129.4067905,35.7497577],[129.4067927,35.7498275],[129.4067958,35.7498548],[129.406815,35.7499611],[129.4068268,35.75],[129.406827,35.7500005],[129.4068437,35.7500556],[129.4068743,35.7501258],[129.4069047,35.7501842],[129.4069467,35.7502785],[129.4069747,35.7503204],[129.4070049,35.7503496],[129.4070197,35.7503588],[129.4070558,35.7503739],[129.4071114,35.7503835],[129.4072398,35.7504041],[129.4073317,35.7504206],[129.4073659,35.7504296],[129.4074744,35.7504694],[129.4075351,35.7505032],[129.4076027,35.7505375],[129.4076551,35.7505557],[129.4076752,35.7505615],[129.4077168,35.7505641],[129.4077604,35.7505638],[129.4077355,35.7505227]]]]}},{"type":"Feature","properties":{"UFID":"100035902097A00110100000004476919"},"geometry":{"type":"MultiPolygon","coordinates":[[[[129.4016419,35.7490881],[129.4015896,35.7490739],[129.4015985,35.7491356],[129.4016138,35.749185],[129.4016342,35.7493088],[129.4016375,35.7493258],[129.4016467,35.7493997],[129.4016481,35.7494999],[129.4016409,35.7496008],[129.4016248,35.7497264],[129.4016024,35.7497739],[129.4016009,35.7497758],[129.4015616,35.7498101],[129.4015446,35.7498219],[129.4015416,35.7498237],[129.4014776,35.7498543],[129.4014709,35.7498567],[129.4013656,35.7498918],[129.4013571,35.7498936],[129.4013494,35.7498954],[129.4012664,35.7499269],[129.4011319,35.7500001],[129.4010765,35.7500338],[129.4010569,35.7500515],[129.4010377,35.7500871],[129.4010169,35.7501232],[129.4010014,35.7501624],[129.4009789,35.7502375],[129.4009612,35.750299],[129.4009372,35.7503388],[129.4009189,35.7503635],[129.400891,35.7503909],[129.4008415,35.750428],[129.4007861,35.7504733],[129.4007256,35.7505203],[129.4006696,35.7505675],[129.4006217,35.7506121],[129.400576,35.7506599],[129.4004622,35.7507763],[129.4004176,35.7508144],[129.4003659,35.7508511],[129.4003221,35.7508698],[129.400275,35.7508873],[129.4002248,35.7509101],[129.4001584,35.7509366],[129.400096,35.7509556],[129.4000511,35.7509638],[129.4,35.7509694],[129.3999977,35.7509696],[129.3999229,35.7509682],[129.3999131,35.7509674],[129.3998453,35.7509559],[129.3997996,35.7509469],[129.3997481,35.75094],[129.3996887,35.7509377],[129.3996403,35.7509424],[129.3995674,35.750954],[129.3994784,35.7509691],[129.3992091,35.7510048],[129.3990773,35.7510244],[129.3989454,35.751046],[129.3988946,35.7510548],[129.3988096,35.7510741],[129.398748,35.7510943],[129.3986891,35.7511249],[129.3986292,35.7511525],[129.3985218,35.751199],[129.3984454,35.7512344],[129.3983709,35.7512773],[129.3983164,35.7513073],[129.3982612,35.7513324],[129.3982241,35.7513438],[129.3981878,35.7513492],[129.3982927,35.7513743],[129.3982964,35.7513594],[129.398309,35.7513443],[129.3983266,35.7513279],[129.3983554,35.7513117],[129.3984225,35.7512759],[129.3984913,35.7512412],[129.3986163,35.7511834],[129.3987048,35.7511443],[129.3987705,35.7511166],[129.3988202,35.7510997],[129.3989025,35.7510811],[129.3989522,35.7510725],[129.3990835,35.7510509],[129.3992147,35.7510314],[129.3994844,35.7509957],[129.399574,35.7509805],[129.3996455,35.7509692],[129.3996899,35.7509648],[129.3997446,35.7509669],[129.399793,35.7509734],[129.399838,35.7509823],[129.399908,35.7509942],[129.3999208,35.7509952],[129.4,35.7509967],[129.400057,35.7509904],[129.4001054,35.7509815],[129.4001715,35.7509614],[129.4002401,35.7509341],[129.40029,35.7509114],[129.4003367,35.7508941],[129.4003848,35.7508736],[129.4004405,35.7508339],[129.4004872,35.7507941],[129.400602,35.7506766],[129.4006472,35.7506294],[129.400694,35.7505858],[129.4007489,35.7505395],[129.4008093,35.7504926],[129.4008645,35.7504475],[129.4009151,35.7504096],[129.400946,35.7503792],[129.4009663,35.7503518],[129.4009926,35.7503082],[129.4010112,35.7502438],[129.4010334,35.7501698],[129.4010479,35.7501331],[129.4010679,35.7500983],[129.4010851,35.7500664],[129.401099,35.7500539],[129.4011873,35.75],[129.4012829,35.7499505],[129.401361,35.7499208],[129.4013659,35.7499197],[129.4013761,35.7499175],[129.4014838,35.7498816],[129.4014927,35.7498785],[129.4015596,35.7498464],[129.401565,35.7498433],[129.4015846,35.7498297],[129.4016271,35.7497925],[129.4016321,35.7497864],[129.4016573,35.7497328],[129.4016739,35.7496029],[129.4016812,35.7495006],[129.4016799,35.7493981],[129.4016704,35.7493222],[129.4016668,35.749304],[129.4016471,35.7492223],[129.4016391,35.7491763],[129.4016385,35.749169],[129.4016379,35.7491498],[129.4016419,35.7490881]]]]}},{"type":"Feature","properties":{"UFID":"100035906007A00110100000004476993"},"geometry":{"type":"MultiPolygon","coordinates":[[[[129.4087492,35.7500152],[129.40888,35.7500865],[129.4088799,35.7500829],[129.4088923,35.7500691],[129.4088939,35.7500666],[129.4088725,35.7500507],[129.4088694,35.7500463],[129.4088691,35.7500427],[129.4088784,35.750028],[129.4089133,35.7500006],[129.4089139,35.75],[129.4089843,35.7499329],[129.4090974,35.749887],[129.4091739,35.7498647],[129.4092048,35.7498566],[129.4092277,35.7498531],[129.4092597,35.7498525],[129.4092423,35.7497698],[129.4091314,35.7498043],[129.4090821,35.7498278],[129.4089673,35.7498976],[129.4089269,35.7499248],[129.4088832,35.7499748],[129.4087935,35.75],[129.4087914,35.7500006],[129.408774,35.7500097],[129.4087492,35.7500152]]]]}},{"type":"Feature","properties":{"UFID":"100035906008A00110100000004476994"},"geometry":{"type":"MultiPolygon","coordinates":[[[[129.4338208,35.7493977],[129.4337342,35.7493794],[129.4337003,35.7494381],[129.43366,35.7494971],[129.4336169,35.7495488],[129.4335744,35.7495979],[129.4335259,35.7496453],[129.4334597,35.7496976],[129.4333796,35.7497502],[129.4332865,35.7498043],[129.4331851,35.7498732],[129.4330925,35.7499273],[129.4330277,35.749952],[129.4330815,35.75],[129.4330955,35.7500125],[129.4331179,35.75],[129.4332649,35.7499178],[129.4333269,35.7498783],[129.4333972,35.7498355],[129.4334566,35.7497964],[129.4335239,35.7497553],[129.4335698,35.7497193],[129.4336169,35.7496788],[129.4336536,35.7496455],[129.4336963,35.749592],[129.4337338,35.7495421],[129.4337694,35.7494879],[129.4338208,35.7493977]]]]}},{"type":"Feature","properties":{"UFID":"100035906008A00110100000004476995"},"geometry":{"type":"MultiPolygon","coordinates":[[[[129.4314191,35.7495658],[129.4313498,35.7495114],[129.4313509,35.7495157],[129.4313504,35.7495242],[129.4313328,35.7495782],[129.4313209,35.7496084],[129.4313105,35.749666],[129.4313112,35.7498197],[129.4313228,35.7498881],[129.4313332,35.7499828],[129.4313339,35.75],[129.4313351,35.7500325],[129.4313355,35.7500493],[129.4313686,35.7500496],[129.4313683,35.7500316],[129.4313671,35.75],[129.4313664,35.7499817],[129.4313558,35.749885],[129.4313444,35.7498178],[129.4313437,35.7496679],[129.4313533,35.7496145],[129.4313577,35.7496034],[129.4313638,35.7495913],[129.4313702,35.7495813],[129.4313772,35.7495739],[129.4313835,35.7495696],[129.4313969,35.7495642],[129.4314107,35.7495638],[129.4314191,35.7495658]]]]}},{"type":"Feature","properties":{"UFID":"100035906008A00110100000004476996"},"geometry":{"type":"MultiPolygon","coordinates":[[[[129.432926,35.7499713],[129.4328178,35.7499637],[129.432707,35.7499507],[129.4325827,35.7499294],[129.4324627,35.7499054],[129.4323489,35.7498711],[129.4322297,35.7498304],[129.432125,35.7497937],[129.4320971,35.7497816],[129.4320581,35.7498458],[129.4321723,35.7498915],[129.4322904,35.7499341],[129.4325209,35.75],[129.4325894,35.7500196],[129.4326967,35.7500378],[129.4327842,35.7500434],[129.4328709,35.7500428],[129.4329231,35.7500451],[129.4329249,35.75],[129.432926,35.7499713]]]]}},{"type":"Feature","properties":{"UFID":"100035906008A00110100000004476997"},"geometry":{"type":"MultiPolygon","coordinates":[[[[129.4330955,35.7500125],[129.4330815,35.75],[129.4330277,35.749952],[129.43297,35.7499672],[129.4329597,35.7499688],[129.432926,35.7499713],[129.4329249,35.75],[129.4329231,35.7500451],[129.4330955,35.7500125]]]]}},{"type":"Feature","properties":{"UFID":"100035906008A00110100000004476998"},"geometry":{"type":"MultiPolygon","coordinates":[[[[129.4310825,35.7500885],[129.431065,35.7500857],[129.4310296,35.7500594],[129.4309833,35.75],[129.4309501,35.7499576],[129.4308982,35.7498726],[129.4308331,35.7498946],[129.4309241,35.75],[129.4309958,35.7500831],[129.4310372,35.7501138],[129.4310443,35.7501184],[129.4310825,35.7500885]]]]}},{"type":"Feature","properties":{"UFID":"100035906008A00110100000004476999"},"geometry":{"type":"MultiPolygon","coordinates":[[[[129.4394118,35.7497945],[129.4393532,35.7497536],[129.439267,35.749962],[129.4392459,35.75],[129.4392456,35.7500006],[129.4392275,35.7500444],[129.4392107,35.7500848],[129.4393358,35.7500932],[129.4393485,35.750046],[129.4393607,35.7500006],[129.439361,35.75],[129.4393714,35.7499748],[129.4394118,35.7497945]]]]}},{"type":"Feature","properties":{"UFID":"100035902097A00110100000004477007"},"geometry":{"type":"MultiPolygon","coordinates":[[[[129.4159939,35.7515455],[129.4159227,35.7515152],[129.4157192,35.7514132],[129.4154941,35.7513109],[129.4154306,35.7512533],[129.41543,35.7512447],[129.415434,35.7512245],[129.4154424,35.7512126],[129.415464,35.7511874],[129.4155832,35.7511264],[129.415605,35.7511163],[129.4156659,35.7510585],[129.4157272,35.7508937],[129.4157245,35.7508433],[129.4156588,35.7506985],[129.4156435,35.7506531],[129.415604,35.7505559],[129.4155471,35.7503456],[129.4155242,35.7502449],[129.4154835,35.7501601],[129.4154381,35.7500903],[129.4153772,35.7500006],[129.4153768,35.75],[129.4153666,35.749985],[129.4153395,35.7499946],[129.4153428,35.75],[129.4153432,35.7500006],[129.4153482,35.7500087],[129.4154009,35.7500854],[129.4154551,35.7501665],[129.4154903,35.7502378],[129.4154936,35.7502484],[129.4155071,35.7503062],[129.4155227,35.7503691],[129.4155413,35.7504474],[129.4155666,35.7505333],[129.4155949,35.7506231],[129.4156277,35.7507079],[129.4156916,35.7508487],[129.4156938,35.7508903],[129.4156362,35.7510452],[129.4155836,35.7510951],[129.4155662,35.7511032],[129.4154407,35.7511674],[129.4154143,35.7511981],[129.4154022,35.7512154],[129.4153967,35.7512433],[129.4153975,35.751256],[129.4154008,35.7512668],[129.4154731,35.7513323],[129.4157024,35.7514365],[129.4159032,35.7515372],[129.4159037,35.7515437],[129.4158974,35.7515499],[129.4159939,35.7515455]]]]}},{"type":"Feature","properties":{"UFID":"100035902098A00110100000004477011"},"geometry":{"type":"MultiPolygon","coordinates":[[[[129.4302561,35.7577239],[129.4302337,35.7577185],[129.4301649,35.7574386],[129.4300779,35.757135],[129.4299854,35.7568028],[129.4299059,35.7565332],[129.4298278,35.7562521],[129.4297339,35.7559231],[129.4296459,35.7556045],[129.4295643,35.7553172],[129.4294868,35.7550554],[129.4293967,35.7547355],[129.4293387,35.754563],[129.4292612,35.754394],[129.4291782,35.7542643],[129.4290652,35.7541068],[129.4287933,35.7538403],[129.4286885,35.7537303],[129.4286112,35.7536369],[129.4285168,35.7535081],[129.4284078,35.7533636],[129.4283051,35.7532196],[129.4282186,35.7530833],[129.4281339,35.7529399],[129.4280697,35.752833],[129.4280231,35.7527698],[129.4279556,35.752692],[129.4278481,35.7525864],[129.4277807,35.7525095],[129.4277343,35.7524446],[129.4277021,35.7523822],[129.4276908,35.7523296],[129.4276912,35.7522591],[129.427701,35.7521979],[129.4277316,35.7521261],[129.427777,35.7520657],[129.42798,35.7518589],[129.4281232,35.7516905],[129.4282232,35.7515272],[129.4282338,35.7515079],[129.4282683,35.7513976],[129.4283074,35.7512014],[129.4283173,35.7509584],[129.4283559,35.7507808],[129.4284202,35.7506273],[129.4285199,35.7504768],[129.4286254,35.7503721],[129.428698,35.750287],[129.4287876,35.7501712],[129.4288722,35.7500661],[129.4289289,35.75],[129.4290045,35.7499121],[129.4291645,35.7496841],[129.4292241,35.7496012],[129.429321,35.7494651],[129.4293993,35.7493498],[129.4294824,35.7492241],[129.4295568,35.7491088],[129.4296383,35.7489718],[129.4297152,35.7488434],[129.4297961,35.7487068],[129.4298757,35.7485748],[129.4299551,35.7484449],[129.4300254,35.7483265],[129.4300424,35.7482975],[129.4299472,35.7482716],[129.4298853,35.7483787],[129.4298355,35.7484689],[129.4297331,35.7486406],[129.4296249,35.7488258],[129.4295105,35.7490163],[129.4294204,35.7491608],[129.4293413,35.7492816],[129.4292657,35.7493947],[129.4291955,35.7494939],[129.4291469,35.7495675],[129.428955,35.7498287],[129.4288364,35.75],[129.42879,35.7500671],[129.4286598,35.7502262],[129.4285153,35.7504005],[129.4283931,35.750554],[129.428308,35.7507288],[129.4282477,35.7509347],[129.4282205,35.7511369],[129.4281863,35.751291],[129.4281248,35.7514589],[129.4280543,35.7516145],[129.4279742,35.7517374],[129.4278605,35.7518745],[129.4277324,35.7520152],[129.4276245,35.7521346],[129.4275916,35.7522118],[129.4275879,35.7522623],[129.4275881,35.7522776],[129.4275963,35.7523384],[129.4275996,35.7523574],[129.4276134,35.7523842],[129.4276213,35.7523958],[129.4276811,35.7524718],[129.4278269,35.7526416],[129.4278761,35.7526948],[129.4279217,35.7527482],[129.4280092,35.7528606],[129.4280551,35.7529253],[129.4281266,35.7530373],[129.4281891,35.7531393],[129.428254,35.753242],[129.4283149,35.7533308],[129.4283793,35.7534268],[129.4284338,35.7534987],[129.4285531,35.7536711],[129.4286076,35.7537399],[129.4286455,35.753786],[129.4287355,35.7538813],[129.4288353,35.7539846],[129.4289328,35.7540816],[129.4290314,35.7541951],[129.4291026,35.7542865],[129.4291564,35.7543686],[129.4292162,35.7544874],[129.4292937,35.7546738],[129.4293715,35.7549327],[129.4294915,35.7553556],[129.4295858,35.7556935],[129.4297718,35.7563439],[129.4298554,35.756647],[129.429943,35.7569505],[129.4300348,35.7572809],[129.4301092,35.7575458],[129.4301568,35.7577707],[129.4302561,35.7577239]]]]}},{"type":"Feature","properties":{"UFID":"100035906017A00110100000004543935"},"geometry":{"type":"MultiPolygon","coordinates":[[[[129.4133921,35.7249678],[129.4133771,35.7249675],[129.4133819,35.724861],[129.4133837,35.7248098],[129.4133893,35.724738],[129.4133971,35.7246728],[129.4134029,35.7246237],[129.4134051,35.7246122],[129.4134131,35.7245657],[129.4134314,35.7244817],[129.4134511,35.7244162],[129.4134721,35.7243652],[129.4134764,35.7243553],[129.4135024,35.7243097],[129.4135062,35.7243048],[129.4135502,35.7242435],[129.4135842,35.7241913],[129.4136276,35.7241245],[129.4136805,35.7240387],[129.4137274,35.7239637],[129.4137808,35.7238787],[129.4138342,35.7237875],[129.4138592,35.7237358],[129.4138751,35.7236915],[129.4138857,35.7236512],[129.413895,35.7236138],[129.4138963,35.7236031],[129.4138999,35.7235682],[129.4139,35.723558],[129.4139002,35.7235508],[129.4139,35.7235216],[129.4139,35.7235135],[129.4139003,35.7235072],[129.4139001,35.7234994],[129.4138999,35.7234927],[129.4139001,35.723485],[129.4139001,35.7234763],[129.4139,35.7234689],[129.4138997,35.7234625],[129.4138995,35.7234544],[129.4138993,35.7234487],[129.4138986,35.7234397],[129.4138982,35.7234297],[129.4138977,35.7234193],[129.4138967,35.723394],[129.4138958,35.7233746],[129.4138953,35.7233609],[129.413894,35.7232959],[129.4138925,35.7232394],[129.4138912,35.7232017],[129.4138906,35.7231891],[129.4138897,35.7231488],[129.4138894,35.7231338],[129.4138892,35.7231216],[129.4138883,35.7230691],[129.4138871,35.7230297],[129.4138867,35.7230148],[129.4138865,35.7230014],[129.4138853,35.7229344],[129.4138841,35.7228957],[129.4138837,35.722884],[129.4138828,35.7228332],[129.4138818,35.7227892],[129.4138817,35.7227761],[129.4138809,35.7227292],[129.4138789,35.7226629],[129.4138773,35.7225934],[129.4138754,35.7225415],[129.413875,35.7225301],[129.4138751,35.7224862],[129.4138747,35.722472],[129.4138746,35.7224475],[129.4138743,35.7224364],[129.4138737,35.7223928],[129.4138732,35.7223661],[129.4138729,35.7223578],[129.4138724,35.7223351],[129.4138714,35.7222857],[129.4138699,35.7222258],[129.4138683,35.7221661],[129.4138668,35.7221139],[129.4138655,35.7220756],[129.4138645,35.7220377],[129.4138632,35.7219984],[129.4138628,35.7219739],[129.4138625,35.721965],[129.413862,35.7219497],[129.4138685,35.7219386],[129.4138732,35.7219303],[129.4137916,35.7219334],[129.4137948,35.7220254],[129.4137989,35.7221895],[129.4137999,35.72228],[129.4138005,35.7223829],[129.413804,35.7224589],[129.4138066,35.722551],[129.4138091,35.7226241],[129.4138108,35.7227075],[129.4138126,35.7227795],[129.4138133,35.7228479],[129.4138163,35.7229289],[129.4138163,35.7230171],[129.4138159,35.7230376],[129.4138176,35.7231146],[129.4138188,35.7231301],[129.4138199,35.7231521],[129.4138216,35.723188],[129.4138223,35.7232115],[129.4138223,35.723229],[129.4138249,35.723339],[129.4138258,35.7233873],[129.4138263,35.7234064],[129.4138278,35.7234242],[129.4138277,35.7234891],[129.4138287,35.7235115],[129.4138296,35.7235319],[129.4138246,35.7236038],[129.4138218,35.7236205],[129.4138189,35.7236359],[129.4138044,35.7236807],[129.4137816,35.7237331],[129.4137541,35.7237884],[129.4137475,35.7237989],[129.4137091,35.7238661],[129.4136734,35.72393],[129.413636,35.7239902],[129.4135814,35.7240726],[129.4135372,35.7241445],[129.4135116,35.7241864],[129.4134599,35.7242684],[129.4134207,35.7243332],[129.413392,35.7243936],[129.4133889,35.7244018],[129.4133694,35.7244601],[129.4133671,35.7244704],[129.4133532,35.7245375],[129.4133383,35.7246112],[129.4133245,35.7247186],[129.4133153,35.724823],[129.4133083,35.7249163],[129.4133031,35.7250006],[129.4133002,35.725047],[129.4133921,35.7249678]]]]}},{"type":"Feature","properties":{"UFID":"100035906007A00110100000004543936"},"geometry":{"type":"MultiPolygon","coordinates":[[[[129.4133714,35.7250918],[129.4134326,35.7250134],[129.4134212,35.7250006],[129.4133921,35.7249678],[129.4133002,35.725047],[129.4133031,35.7251074],[129.4133714,35.7250918]]]]}},{"type":"Feature","properties":{"UFID":"100035906006A00110100000004543937"},"geometry":{"type":"MultiPolygon","coordinates":[[[[129.4001023,35.730156],[129.4000332,35.7301023],[129.400029,35.7301052],[129.4000057,35.7301081],[129.4,35.7301088],[129.3999647,35.7301125],[129.3999271,35.7301134],[129.3998575,35.7301114],[129.3997893,35.7301043],[129.3997337,35.7300903],[129.3996771,35.7300684],[129.3995578,35.7300123],[129.3994488,35.7299572],[129.3994455,35.7299524],[129.3993843,35.7300077],[129.3994933,35.7300636],[129.3995677,35.7301002],[129.3996194,35.7301246],[129.3996822,35.7301488],[129.3997415,35.7301682],[129.3998006,35.7301801],[129.3998398,35.7301841],[129.3998863,35.7301853],[129.3999273,35.7301847],[129.3999851,35.7301806],[129.4,35.7301781],[129.4000462,35.7301704],[129.4001023,35.730156]]]]}},{"type":"Feature","properties":{"UFID":"100035906027A00110100000004543938"},"geometry":{"type":"MultiPolygon","coordinates":[[[[129.4187122,35.6999387],[129.4186671,35.6998905],[129.4186325,35.6999169],[129.4185164,35.6999946],[129.4185245,35.7],[129.4185252,35.7000005],[129.4185706,35.7000306],[129.4185933,35.7000141],[129.4186145,35.7000005],[129.4186152,35.7],[129.4187041,35.6999429],[129.4187122,35.6999387]]]]}},{"type":"Feature","properties":{"UFID":"100035906017A00110100000004543939"},"geometry":{"type":"MultiPolygon","coordinates":[[[[129.4185706,35.7000306],[129.4185252,35.7000005],[129.4185245,35.7],[129.4185164,35.6999946],[129.4185095,35.7],[129.4185089,35.7000005],[129.418442,35.7000536],[129.4184943,35.7000876],[129.418513,35.7000725],[129.4185706,35.7000306]]]]}},{"type":"Feature","properties":{"UFID":"100035906006A00110100000004543941"},"geometry":{"type":"MultiPolygon","coordinates":[[[[129.4020716,35.7467343],[129.4020498,35.7467028],[129.4020265,35.7467122],[129.4019721,35.7467385],[129.4018725,35.7467832],[129.4017844,35.7468177],[129.401746,35.7468264],[129.4016969,35.7468318],[129.4016781,35.7468324],[129.4016237,35.7468309],[129.4016155,35.7468307],[129.4015288,35.7468249],[129.4014401,35.7468212],[129.4014105,35.7468222],[129.4014007,35.7468231],[129.4013296,35.7468343],[129.4012677,35.7468583],[129.401223,35.7468881],[129.4011815,35.746928],[129.4011703,35.7469431],[129.4011433,35.7469956],[129.4011199,35.7470507],[129.4011119,35.7470736],[129.4010938,35.7471077],[129.4010917,35.7471116],[129.4010909,35.747113],[129.4010895,35.7471141],[129.4010635,35.7471393],[129.4010509,35.7471474],[129.4010139,35.747164],[129.4009835,35.7471746],[129.4009521,35.7471803],[129.4009241,35.7471815],[129.4009172,35.7471814],[129.4009127,35.7471813],[129.4008629,35.747176],[129.4008401,35.7471696],[129.400799,35.7471471],[129.4007579,35.7471165],[129.4007543,35.7471131],[129.4007123,35.7470727],[129.4006241,35.7469981],[129.4005489,35.7469338],[129.4004597,35.7468537],[129.4003658,35.7467712],[129.4003258,35.7467357],[129.4003084,35.746706],[129.4003054,35.7466796],[129.4003073,35.746665],[129.4003081,35.7466622],[129.4003265,35.7466381],[129.4003673,35.7466006],[129.4004188,35.746571],[129.4004605,35.7465588],[129.4005239,35.7465525],[129.4005918,35.7465492],[129.4006612,35.7465413],[129.4007313,35.7465194],[129.4007984,35.7464664],[129.4008806,35.746386],[129.4009507,35.7463183],[129.4010302,35.7462442],[129.4010936,35.7461948],[129.4011803,35.7461356],[129.4012849,35.7460704],[129.4013485,35.7460229],[129.4014164,35.7459569],[129.4014606,35.7459059],[129.4014643,35.7458995],[129.4014658,35.7458971],[129.4014971,35.7458508],[129.4014985,35.7458454],[129.4015131,35.745822],[129.4015219,35.745782],[129.4015215,35.7457692],[129.4015001,35.7457165],[129.4014637,35.7456703],[129.4014274,35.74564],[129.4014092,35.745626],[129.4013489,35.7455874],[129.4012864,35.745549],[129.4012516,35.745525],[129.401211,35.7454935],[129.4011696,35.745456],[129.4011402,35.7454198],[129.4011288,35.7454022],[129.401097,35.7453383],[129.4010708,35.745285],[129.401051,35.7452255],[129.4010469,35.7451995],[129.4010427,35.7451517],[129.4010457,35.7450857],[129.4010565,35.7450156],[129.4010696,35.7449602],[129.4010795,35.7449174],[129.4010792,35.7449093],[129.4010789,35.7448683],[129.4010659,35.7448113],[129.4010415,35.7447642],[129.4010055,35.7447112],[129.4009884,35.7446888],[129.4009237,35.7446281],[129.400904,35.7446121],[129.4008447,35.7445716],[129.4007968,35.7445407],[129.4007823,35.7445307],[129.4007445,35.7445059],[129.4007142,35.7444718],[129.4007055,35.7444602],[129.4006898,35.7444235],[129.4006749,35.7443638],[129.4006491,35.7442814],[129.4006242,35.7442156],[129.4005962,35.7441551],[129.4005802,35.7441294],[129.4005378,35.7440768],[129.4004937,35.7440342],[129.400444,35.7439906],[129.4004243,35.7439729],[129.4003679,35.74394],[129.4002971,35.7439046],[129.4002751,35.7438953],[129.4001743,35.7438616],[129.4000989,35.7438439],[129.4000559,35.7438371],[129.4,35.743836],[129.3999408,35.7438386],[129.3998577,35.7438445],[129.3998309,35.7438476],[129.3997419,35.7438658],[129.39965,35.7438939],[129.3996184,35.7439043],[129.3995262,35.7439361],[129.3994995,35.7439439],[129.3994421,35.7439563],[129.3994344,35.7439569],[129.3994272,35.7439569],[129.3994011,35.7439579],[129.3993428,35.743958],[129.3992632,35.7439535],[129.399173,35.7439455],[129.3990882,35.7439476],[129.3990627,35.74395],[129.3989488,35.7439621],[129.3988319,35.7439828],[129.3987279,35.7440109],[129.3986564,35.7440413],[129.3985998,35.7440813],[129.3985625,35.7441287],[129.3985494,35.7441488],[129.3985189,35.7442151],[129.3984966,35.7442694],[129.398476,35.7443033],[129.3984499,35.7443343],[129.3984359,35.7443479],[129.3983972,35.7443744],[129.398371,35.744385],[129.39835,35.744389],[129.3982996,35.7443893],[129.3982913,35.7443888],[129.3982677,35.7443824],[129.3982467,35.7443723],[129.3981979,35.7443363],[129.3981832,35.7443221],[129.3981338,35.7442771],[129.3980727,35.744222],[129.3980226,35.7441817],[129.3979776,35.7441575],[129.3979499,35.7441499],[129.397895,35.7441404],[129.3978145,35.7441352],[129.3977808,35.7441356],[129.3977156,35.7441349],[129.3976345,35.7441411],[129.3975317,35.7441617],[129.3974222,35.744198],[129.3973532,35.7442153],[129.3973042,35.744221],[129.3972312,35.7442225],[129.397145,35.7442245],[129.397059,35.7442255],[129.3970084,35.7442242],[129.3969553,35.744219],[129.3969038,35.7442103],[129.3968825,35.7442048],[129.3968223,35.7441821],[129.396741,35.7441483],[129.3966271,35.7440929],[129.3965179,35.7440415],[129.3964428,35.7440106],[129.3964129,35.7440033],[129.396347,35.7439845],[129.3962673,35.7439745],[129.396229,35.7439736],[129.3962195,35.7439737],[129.3961928,35.7439741],[129.3961386,35.7439767],[129.396131,35.7439777],[129.3960952,35.7439867],[129.3960893,35.7439878],[129.3960762,35.7439904],[129.3960054,35.7440323],[129.3959553,35.7440749],[129.3959037,35.7441329],[129.3957889,35.7442609],[129.3956599,35.7444199],[129.3956244,35.7444628],[129.3955229,35.7445866],[129.395494,35.7446208],[129.3954213,35.7447098],[129.3953665,35.7447769],[129.3952982,35.7448363],[129.3952629,35.7448601],[129.3952348,35.7448732],[129.3952079,35.7448797],[129.3951993,35.7448812],[129.3951947,35.7448818],[129.3951652,35.7448834],[129.3951494,35.744882],[129.3950837,35.7448734],[129.3950714,35.7448708],[129.3950086,35.7448519],[129.3949824,35.7448406],[129.3948902,35.7448012],[129.394852,35.7447839],[129.3947509,35.7447407],[129.3946672,35.744704],[129.3946441,35.7446915],[129.3945982,35.7446617],[129.3945553,35.7446236],[129.3944861,35.7445442],[129.3944588,35.7445125],[129.3944511,35.7445022],[129.3944092,35.7445246],[129.3944245,35.7445354],[129.3944499,35.744565],[129.3945208,35.7446463],[129.394568,35.7446882],[129.3946181,35.7447207],[129.3946445,35.744735],[129.3947301,35.7447725],[129.394831,35.7448156],[129.3948691,35.7448329],[129.3949618,35.7448725],[129.3949905,35.7448849],[129.395058,35.7449052],[129.3950745,35.7449087],[129.3951436,35.7449178],[129.3951644,35.7449196],[129.3951997,35.7449176],[129.3952075,35.7449166],[129.3952188,35.7449146],[129.3952523,35.7449066],[129.3952881,35.7448898],[129.3953286,35.7448627],[129.3954013,35.7447994],[129.3954581,35.7447298],[129.3955307,35.744641],[129.3955595,35.7446068],[129.3956611,35.7444829],[129.3956967,35.7444399],[129.3958252,35.7442815],[129.3959394,35.7441541],[129.3959893,35.744098],[129.3960345,35.7440596],[129.3960952,35.7440237],[129.3960996,35.7440229],[129.3961068,35.7440215],[129.3961411,35.7440129],[129.3961434,35.7440126],[129.3961944,35.7440101],[129.3962203,35.7440098],[129.3962287,35.7440097],[129.3962632,35.7440105],[129.3963362,35.7440196],[129.3963993,35.7440376],[129.3964264,35.7440442],[129.3964969,35.7440732],[129.3966047,35.744124],[129.3967196,35.7441799],[129.396803,35.7442146],[129.3968664,35.7442385],[129.3968926,35.7442453],[129.3969482,35.7442546],[129.397005,35.7442602],[129.3970586,35.7442616],[129.3971459,35.7442605],[129.3972324,35.7442586],[129.3973079,35.744257],[129.3973629,35.7442506],[129.397437,35.744232],[129.3975454,35.7441961],[129.3976419,35.7441767],[129.3977174,35.744171],[129.3977808,35.7441716],[129.397813,35.7441713],[129.3978887,35.7441761],[129.3979382,35.7441848],[129.3979581,35.7441902],[129.3979947,35.7442098],[129.3980407,35.7442469],[129.3981009,35.7443012],[129.3981498,35.7443457],[129.398166,35.7443614],[129.3982204,35.7444015],[129.3982493,35.7444153],[129.3982825,35.7444244],[129.3982982,35.7444254],[129.3983553,35.744425],[129.398386,35.7444191],[129.3984216,35.7444049],[129.3984672,35.7443735],[129.3984851,35.7443562],[129.3985143,35.7443215],[129.3985376,35.7442831],[129.3985606,35.7442271],[129.3985898,35.7441637],[129.3986007,35.7441469],[129.3986336,35.7441052],[129.3986814,35.7440713],[129.3987452,35.7440442],[129.3988436,35.7440177],[129.3989564,35.7439976],[129.3990681,35.7439858],[129.3990914,35.7439836],[129.3991713,35.7439817],[129.3992593,35.7439894],[129.3993413,35.743994],[129.3994022,35.743994],[129.3994283,35.7439929],[129.3994364,35.7439929],[129.3994497,35.743992],[129.3995127,35.7439784],[129.3995423,35.7439697],[129.3996353,35.7439376],[129.3996661,35.7439275],[129.3997551,35.7439003],[129.3998394,35.743883],[129.3998627,35.7438804],[129.3999439,35.7438746],[129.4,35.7438721],[129.4000512,35.7438731],[129.4000886,35.7438789],[129.4001598,35.7438957],[129.4002565,35.743928],[129.4002752,35.743936],[129.4003434,35.7439701],[129.4003947,35.744],[129.4004115,35.744015],[129.4004606,35.7440581],[129.4005023,35.7440984],[129.4005419,35.7441475],[129.4005557,35.7441697],[129.4005824,35.7442273],[129.4006065,35.7442912],[129.4006318,35.7443718],[129.4006471,35.7444331],[129.4006653,35.7444757],[129.4006774,35.7444919],[129.4007122,35.7445309],[129.4007542,35.7445586],[129.4007689,35.7445687],[129.4008168,35.7445995],[129.4008742,35.7446388],[129.4008914,35.7446527],[129.4009527,35.7447103],[129.4009674,35.7447295],[129.4010017,35.74478],[129.4010233,35.7448218],[129.4010347,35.7448717],[129.4010349,35.74491],[129.4010351,35.7449145],[129.4010262,35.7449535],[129.4010128,35.7450099],[129.4010015,35.7450828],[129.4009984,35.7451523],[129.4010029,35.745203],[129.4010075,35.7452325],[129.4010288,35.7452964],[129.401056,35.7453518],[129.4010887,35.7454175],[129.4011021,35.7454382],[129.4011345,35.7454781],[129.4011793,35.7455187],[129.4012221,35.7455519],[129.4012588,35.7455772],[129.401322,35.745616],[129.4013803,35.7456533],[129.4013964,35.7456657],[129.4014289,35.7456929],[129.4014599,35.7457322],[129.4014775,35.7457755],[129.4014776,35.7457792],[129.4014708,35.7458105],[129.4014566,35.7458332],[129.4014553,35.745838],[129.4014269,35.74588],[129.4014247,35.7458834],[129.4014222,35.7458877],[129.4013813,35.7459349],[129.4013165,35.7459979],[129.4012564,35.7460427],[129.4011526,35.7461074],[129.401064,35.7461679],[129.4009982,35.7462193],[129.4009171,35.7462948],[129.4008467,35.7463629],[129.4007659,35.7464418],[129.400707,35.7464884],[129.4006501,35.7465061],[129.4005874,35.7465133],[129.4005199,35.7465166],[129.4004502,35.7465235],[129.4003982,35.7465387],[129.4003377,35.7465736],[129.400291,35.7466165],[129.4002669,35.7466481],[129.4002637,35.7466587],[129.4002609,35.7466794],[129.4002651,35.7467158],[129.4002888,35.7467561],[129.4003333,35.7467957],[129.4004271,35.7468781],[129.4005165,35.7469583],[129.4005922,35.747023],[129.4006795,35.7470968],[129.4006973,35.747114],[129.400726,35.7471416],[129.4007716,35.7471756],[129.4008202,35.7472021],[129.4008527,35.7472113],[129.400909,35.7472172],[129.4009162,35.7472175],[129.4009251,35.7472175],[129.4009581,35.7472162],[129.4009972,35.747209],[129.4010333,35.7471965],[129.4010754,35.7471775],[129.4010944,35.7471654],[129.4011215,35.747139],[129.4011272,35.7471348],[129.401132,35.7471264],[129.4011423,35.747107],[129.4011536,35.7470857],[129.4011621,35.7470615],[129.4011846,35.7470085],[129.4012099,35.7469595],[129.4012175,35.7469491],[129.4012541,35.7469139],[129.4012915,35.746889],[129.4013435,35.7468688],[129.4014075,35.7468587],[129.4014139,35.7468581],[129.4014399,35.7468573],[129.4015259,35.7468609],[129.401613,35.7468667],[129.4016222,35.7468669],[129.4016782,35.7468685],[129.4017007,35.7468678],[129.4017549,35.7468618],[129.4018,35.7468516],[129.4018928,35.7468152],[129.401994,35.7467698],[129.4020477,35.746744],[129.4020716,35.7467343]]]]}},{"type":"Feature","properties":{"UFID":"100035906007A00110100000004543955"},"geometry":{"type":"MultiPolygon","coordinates":[[[[129.4134586,35.7258315],[129.4133865,35.7258412],[129.4133861,35.7258419],[129.4133837,35.7258432],[129.4133811,35.7258447],[129.4134097,35.7260344],[129.4134186,35.7261102],[129.4134234,35.7261516],[129.4134235,35.7261609],[129.4134237,35.7261719],[129.4134122,35.7262716],[129.4133994,35.7263524],[129.4133875,35.7263903],[129.4133847,35.7263999],[129.4133825,35.7264078],[129.4133547,35.7264833],[129.4133275,35.7265616],[129.413292,35.7266421],[129.413285,35.7266629],[129.4132508,35.7267327],[129.4131926,35.7268257],[129.4131528,35.7268852],[129.4132454,35.7269291],[129.413298,35.7268274],[129.413326,35.7267434],[129.4133731,35.7266486],[129.413408,35.7265663],[129.4134374,35.7264826],[129.4134624,35.7264062],[129.4134826,35.7263255],[129.4134938,35.7262685],[129.4135,35.7262118],[129.4135014,35.7261528],[129.413502,35.7261392],[129.4134979,35.7260771],[129.4134908,35.7260253],[129.4134829,35.7259686],[129.4134759,35.7259249],[129.4134626,35.7258512],[129.4134586,35.7258315]]]]}},{"type":"Feature","properties":{"UFID":"100035906017A00110100000004543956"},"geometry":{"type":"MultiPolygon","coordinates":[[[[129.4160603,35.7071817],[129.4160273,35.7070966],[129.4159409,35.7068909],[129.4158718,35.7067265],[129.4158122,35.706575],[129.4157592,35.7064397],[129.4157018,35.7063054],[129.4156629,35.7062037],[129.4156205,35.7060962],[129.4155847,35.7059981],[129.4155007,35.7060178],[129.4155247,35.7060935],[129.4155503,35.7061685],[129.4155899,35.7062677],[129.4156237,35.7063555],[129.4156549,35.7064345],[129.415659,35.7064456],[129.4156749,35.7064807],[129.4157383,35.7066299],[129.4157899,35.7067672],[129.415854,35.7069272],[129.4159192,35.7071001],[129.4159628,35.7072065],[129.4160603,35.7071817]]]]}},{"type":"Feature","properties":{"UFID":"100035906017A00110100000004543957"},"geometry":{"type":"MultiPolygon","coordinates":[[[[129.4155728,35.7059625],[129.4155597,35.7059233],[129.4155613,35.7058905],[129.415465,35.7059001],[129.4154902,35.7059843],[129.4155728,35.7059625]]]]}},{"type":"Feature","properties":{"UFID":"100035906017A00110100000004543958"},"geometry":{"type":"MultiPolygon","coordinates":[[[[129.4155847,35.7059981],[129.4155728,35.7059625],[129.4154902,35.7059843],[129.4155007,35.7060178],[129.4155847,35.7059981]]]]}},{"type":"Feature","properties":{"UFID":"100035906017A00110100000004543959"},"geometry":{"type":"MultiPolygon","coordinates":[[[[129.4158773,35.7040501],[129.4158119,35.7040362],[129.4157848,35.7041076],[129.415845,35.7041233],[129.4158773,35.7040501]]]]}},{"type":"Feature","properties":{"UFID":"100035906017A00110100000004543960"},"geometry":{"type":"MultiPolygon","coordinates":[[[[129.4184943,35.7000876],[129.418442,35.7000536],[129.4183509,35.7001392],[129.4182682,35.7002324],[129.4182387,35.7002687],[129.4182105,35.7003112],[129.4181218,35.7004223],[129.418083,35.7004737],[129.4180191,35.7005609],[129.4179723,35.7006217],[129.4179025,35.7007103],[129.4178321,35.700801],[129.4177574,35.7008976],[129.4176843,35.7009841],[129.4176245,35.701059],[129.4175655,35.7011309],[129.4174916,35.70122],[129.417428,35.7012969],[129.4173755,35.7013604],[129.4173516,35.7013886],[129.4172806,35.7014761],[129.4172122,35.7015615],[129.4171389,35.7016469],[129.4170659,35.701738],[129.4169953,35.7018261],[129.4169363,35.7018984],[129.4168725,35.7019739],[129.4168172,35.7020439],[129.4167606,35.7021305],[129.4167178,35.702196],[129.4166797,35.702252],[129.4166414,35.7023081],[129.4166346,35.7023183],[129.4166095,35.7023544],[129.4165447,35.702454],[129.4164874,35.7025435],[129.4164249,35.7026407],[129.4163631,35.7027445],[129.4162962,35.7028553],[129.4162445,35.7029448],[129.4161912,35.7030348],[129.4161441,35.7031178],[129.4160961,35.7032038],[129.4160629,35.7032802],[129.4160361,35.7033453],[129.4159947,35.7034608],[129.4159542,35.7035875],[129.4159232,35.703695],[129.4158906,35.7038023],[129.4158502,35.7039238],[129.4158169,35.7040199],[129.4158119,35.7040362],[129.4158773,35.7040501],[129.4158983,35.7039937],[129.415921,35.7039312],[129.4159286,35.7039035],[129.4159311,35.703892],[129.4159589,35.703809],[129.415964,35.7037868],[129.4159875,35.7037027],[129.4160151,35.7036085],[129.416043,35.7035141],[129.416076,35.7034166],[129.4161056,35.7033342],[129.4161403,35.7032536],[129.416183,35.703172],[129.4162378,35.7030782],[129.416295,35.7029771],[129.4163408,35.7029015],[129.4163868,35.7028242],[129.416448,35.7027211],[129.416494,35.7026434],[129.4165474,35.7025549],[129.4166097,35.7024566],[129.4166682,35.7023676],[129.4167327,35.7022737],[129.416781,35.7022072],[129.4168333,35.7021333],[129.4168866,35.7020605],[129.4169585,35.7019691],[129.41703,35.7018735],[129.4170932,35.7017896],[129.4171618,35.7017038],[129.4172138,35.7016349],[129.4172916,35.7015396],[129.4173748,35.7014413],[129.4174566,35.7013437],[129.4175536,35.7012272],[129.4176245,35.7011421],[129.4176892,35.7010619],[129.4177602,35.7009749],[129.4178289,35.7008839],[129.4179011,35.700789],[129.4179699,35.7007018],[129.4180496,35.7005961],[129.4181081,35.7005227],[129.4181954,35.7004139],[129.4182786,35.7003061],[129.4183223,35.7002542],[129.4183793,35.7001863],[129.4184086,35.7001591],[129.418436,35.7001348],[129.4184943,35.7000876]]]]}},{"type":"Feature","properties":{"UFID":"100035906017A00110100000004543961"},"geometry":{"type":"MultiPolygon","coordinates":[[[[129.415845,35.7041233],[129.4157848,35.7041076],[129.415765,35.7041463],[129.4157253,35.70422],[129.4157198,35.7042287],[129.4156849,35.7042939],[129.4156823,35.7042981],[129.4156471,35.7043542],[129.4156209,35.7044016],[129.4156169,35.7044102],[129.4155797,35.7044945],[129.4155524,35.7045682],[129.415533,35.7046388],[129.4155105,35.7047143],[129.4154863,35.7048098],[129.4154617,35.7049096],[129.4154459,35.7049814],[129.4154179,35.7050886],[129.4153927,35.7051842],[129.4153683,35.7052512],[129.4154744,35.7052669],[129.4154797,35.7051834],[129.4154867,35.7051313],[129.4155061,35.7050272],[129.4155244,35.7049351],[129.4155464,35.7048501],[129.4155689,35.704755],[129.4155847,35.7046909],[129.41559,35.704671],[129.4156102,35.7046053],[129.4156268,35.704555],[129.4156524,35.70448],[129.4156835,35.7044209],[129.4157262,35.7043477],[129.4157731,35.704262],[129.4158105,35.7041933],[129.415845,35.7041233]]]]}},{"type":"Feature","properties":{"UFID":"100035906007A00110100000004543962"},"geometry":{"type":"MultiPolygon","coordinates":[[[[129.403562,35.7465412],[129.403553,35.7465059],[129.4034707,35.7465175],[129.4034599,35.7465194],[129.4033119,35.7465421],[129.4031847,35.7465677],[129.4032066,35.7466005],[129.4033213,35.7465773],[129.4034687,35.7465547],[129.4034791,35.7465529],[129.403562,35.7465412]]]]}},{"type":"Feature","properties":{"UFID":"100035906007A00110100000004543963"},"geometry":{"type":"MultiPolygon","coordinates":[[[[129.4032066,35.7466005],[129.4031847,35.7465677],[129.4031678,35.7465712],[129.4031532,35.7465755],[129.4031325,35.7465817],[129.4031599,35.7466119],[129.4032066,35.7466005]]]]}},{"type":"Feature","properties":{"UFID":"100035906007A00110100000004544033"},"geometry":{"type":"MultiPolygon","coordinates":[[[[129.4037299,35.7464524],[129.4036969,35.7464715],[129.4036744,35.7464774],[129.403682,35.7465132],[129.4036875,35.7465118],[129.4037163,35.7465101],[129.4037347,35.7465136],[129.4037424,35.7465182],[129.4037299,35.7464524]]]]}},{"type":"Feature","properties":{"UFID":"100035906007A00110100000004544034"},"geometry":{"type":"MultiPolygon","coordinates":[[[[129.403682,35.7465132],[129.4036744,35.7464774],[129.4035841,35.7465011],[129.4035734,35.746503],[129.403553,35.7465059],[129.403562,35.7465412],[129.403682,35.7465132]]]]}},{"type":"Feature","properties":{"UFID":"100035906007A00110100000004544035"},"geometry":{"type":"MultiPolygon","coordinates":[[[[129.4095724,35.7300481],[129.4094943,35.7300209],[129.4094173,35.7300129],[129.4094013,35.730013],[129.409394,35.730087],[129.4095538,35.7301119],[129.4095724,35.7300481]]]]}},{"type":"Feature","properties":{"UFID":"100035906007A00110100000004544036"},"geometry":{"type":"MultiPolygon","coordinates":[[[[129.4049283,35.7298807],[129.4048116,35.7297858],[129.4046961,35.7296885],[129.4045958,35.729767],[129.404834,35.7299553],[129.4049283,35.7298807]]]]}},{"type":"Feature","properties":{"UFID":"100035906007A00110100000004544037"},"geometry":{"type":"MultiPolygon","coordinates":[[[[129.4002453,35.7300939],[129.4001905,35.730038],[129.4000332,35.7301023],[129.4001023,35.730156],[129.4001597,35.7301348],[129.4002241,35.7301052],[129.4002453,35.7300939]]]]}},{"type":"Feature","properties":{"UFID":"100035906007A00110100000004544038"},"geometry":{"type":"MultiPolygon","coordinates":[[[[129.4026674,35.7466971],[129.4025895,35.7466815],[129.4025731,35.7467214],[129.4026462,35.7467408],[129.4026674,35.7466971]]]]}},{"type":"Feature","properties":{"UFID":"100035906007A00110100000004544039"},"geometry":{"type":"MultiPolygon","coordinates":[[[[129.4027174,35.7467171],[129.4026966,35.7467142],[129.4026674,35.7466971],[129.4026462,35.7467408],[129.4027061,35.7467568],[129.4027174,35.7467171]]]]}},{"type":"Feature","properties":{"UFID":"100035906007A00110100000004544040"},"geometry":{"type":"MultiPolygon","coordinates":[[[[129.4039607,35.7464092],[129.4039542,35.7463596],[129.4038803,35.7463656],[129.403908,35.7464166],[129.4039607,35.7464092]]]]}},{"type":"Feature","properties":{"UFID":"100035906007A00110100000004544041"},"geometry":{"type":"MultiPolygon","coordinates":[[[[129.403908,35.7464166],[129.4038803,35.7463656],[129.4037892,35.7464182],[129.4038358,35.7464523],[129.4038768,35.7464211],[129.403908,35.7464166]]]]}},{"type":"Feature","properties":{"UFID":"100035906007A00110100000004544042"},"geometry":{"type":"MultiPolygon","coordinates":[[[[129.4038358,35.7464523],[129.4037892,35.7464182],[129.4037299,35.7464524],[129.4037424,35.7465182],[129.4037885,35.7465288],[129.4038302,35.7464616],[129.4038358,35.7464523]]]]}},{"type":"Feature","properties":{"UFID":"100035906007A00110100000004544043"},"geometry":{"type":"MultiPolygon","coordinates":[[[[129.4027628,35.7467635],[129.4027174,35.7467171],[129.4027061,35.7467568],[129.4027321,35.746774],[129.4027628,35.7467635]]]]}},{"type":"Feature","properties":{"UFID":"100035906007A00110100000004544044"},"geometry":{"type":"MultiPolygon","coordinates":[[[[129.4123856,35.7287304],[129.4123171,35.7287282],[129.4123145,35.7287684],[129.4123043,35.7289078],[129.4122971,35.7290455],[129.4122953,35.7291326],[129.4122911,35.7291568],[129.4122868,35.7291706],[129.4122669,35.7292225],[129.4122191,35.7293143],[129.4122043,35.7293846],[129.4122046,35.7293924],[129.4122073,35.7293996],[129.4122726,35.7294735],[129.4122986,35.7295042],[129.4123143,35.7295313],[129.4123294,35.7296358],[129.4123462,35.7297954],[129.4123656,35.7299385],[129.4123831,35.7300746],[129.4123856,35.730101],[129.4124017,35.730219],[129.4124238,35.7303813],[129.4124438,35.7305176],[129.4124433,35.7306307],[129.4124367,35.7306694],[129.4124197,35.7307274],[129.4124103,35.7307419],[129.4123714,35.7307847],[129.4123611,35.7307961],[129.412353,35.7308053],[129.4122642,35.730883],[129.4121636,35.730966],[129.4120545,35.7310459],[129.4119612,35.731104],[129.4118798,35.7311425],[129.4117909,35.7311555],[129.4117706,35.7311556],[129.4117514,35.7311551],[129.411649,35.7311476],[129.4115532,35.7311367],[129.4114433,35.7311244],[129.4112922,35.7311091],[129.4111601,35.7310962],[129.411035,35.7310833],[129.4108981,35.7310712],[129.4108794,35.7310699],[129.4108377,35.7310716],[129.4107694,35.7310607],[129.4107464,35.7310549],[129.4106656,35.7310278],[129.4105816,35.730989],[129.410561,35.7309791],[129.4104971,35.7309309],[129.4104468,35.7308802],[129.4103814,35.7308029],[129.4103101,35.7307191],[129.4102477,35.7306427],[129.4101912,35.7305694],[129.41011,35.7304722],[129.4100554,35.730402],[129.4100033,35.730332],[129.4099522,35.73027],[129.4098992,35.7302202],[129.409832,35.7301782],[129.4097229,35.7301174],[129.4095924,35.7300551],[129.4095724,35.7300481],[129.4095538,35.7301119],[129.4096227,35.7301395],[129.4097306,35.7301953],[129.4098078,35.7302437],[129.4098852,35.7303064],[129.4099333,35.7303563],[129.410004,35.7304429],[129.410092,35.7305519],[129.4101703,35.7306546],[129.4102531,35.7307565],[129.4103156,35.7308263],[129.4103647,35.7308815],[129.4104211,35.73094],[129.4104784,35.7309864],[129.410502,35.7310052],[129.410561,35.7310392],[129.4106237,35.7310699],[129.4106456,35.731077],[129.4107289,35.7311022],[129.410826,35.7311201],[129.4109844,35.7311342],[129.4111319,35.7311464],[129.4112876,35.7311636],[129.4114306,35.7311787],[129.4114595,35.7311813],[129.4115701,35.7311915],[129.4115987,35.7311942],[129.4117045,35.7312045],[129.4117395,35.7312066],[129.4118118,35.731208],[129.4118341,35.7312076],[129.4118567,35.7312059],[129.4119379,35.7311838],[129.4119989,35.7311542],[129.4121133,35.7310759],[129.4122279,35.7309879],[129.4123278,35.7309054],[129.4124241,35.7308267],[129.4124331,35.7308199],[129.4124444,35.7308054],[129.412483,35.7307574],[129.4124945,35.7307284],[129.4125125,35.7306393],[129.412513,35.7306138],[129.4125122,35.730531],[129.4124949,35.7303885],[129.4124918,35.7303583],[129.4124872,35.7303292],[129.4124737,35.7302218],[129.4124652,35.7301608],[129.4124536,35.7300783],[129.4124506,35.7300491],[129.4124296,35.7299105],[129.41241,35.729761],[129.4124076,35.7297353],[129.4123877,35.7296011],[129.4123855,35.7295776],[129.4123706,35.7294603],[129.4123676,35.7294296],[129.412366,35.729398],[129.4123573,35.7292992],[129.4123597,35.7291695],[129.4123655,35.7290343],[129.4123724,35.728883],[129.4123737,35.7288609],[129.4123824,35.7287628],[129.4123856,35.7287304]]]]}},{"type":"Feature","properties":{"UFID":"100035906007A00110100000004544045"},"geometry":{"type":"MultiPolygon","coordinates":[[[[129.4123944,35.7286638],[129.4124084,35.7285738],[129.4124116,35.7285564],[129.412443,35.7284505],[129.4124471,35.7284331],[129.4124739,35.7283444],[129.4124787,35.7283239],[129.4125128,35.7282208],[129.412548,35.7281126],[129.4125905,35.7279807],[129.4126294,35.7278575],[129.4126705,35.7277334],[129.4127165,35.7276109],[129.4127222,35.7275953],[129.4127692,35.7274992],[129.4127741,35.7274983],[129.4127781,35.7274977],[129.4127042,35.7274626],[129.4126698,35.7275384],[129.412665,35.7275479],[129.4126354,35.7276328],[129.4125894,35.7277641],[129.4125532,35.7278796],[129.412511,35.7280095],[129.4124767,35.7281157],[129.4124274,35.7282662],[129.4123857,35.7283883],[129.4123529,35.7285136],[129.4123236,35.7286425],[129.4123213,35.7286651],[129.4123944,35.7286638]]]]}},{"type":"Feature","properties":{"UFID":"100035906007A00110100000004544046"},"geometry":{"type":"MultiPolygon","coordinates":[[[[129.4132114,35.7269878],[129.4131141,35.726943],[129.4131014,35.726962],[129.4130493,35.7270295],[129.4129399,35.7271568],[129.4128487,35.7272575],[129.4127768,35.7273464],[129.4127507,35.7273873],[129.4127061,35.7274586],[129.4127042,35.7274626],[129.4127781,35.7274977],[129.4127792,35.7274976],[129.4127911,35.7274966],[129.4128597,35.7274166],[129.4128829,35.7273936],[129.412952,35.7273155],[129.4130517,35.7272045],[129.4131052,35.7271297],[129.4131583,35.727055],[129.4132114,35.7269878]]]]}},{"type":"Feature","properties":{"UFID":"100035906007A00110100000004544047"},"geometry":{"type":"MultiPolygon","coordinates":[[[[129.4134586,35.7258315],[129.4134512,35.7257946],[129.4134499,35.7257856],[129.4134396,35.725724],[129.4134241,35.7256339],[129.4134083,35.7255221],[129.4133962,35.7254187],[129.4133839,35.7252891],[129.4133766,35.7251995],[129.4133751,35.7251628],[129.4133714,35.7250918],[129.4133031,35.7251074],[129.4133093,35.7252037],[129.4133156,35.7252909],[129.4133262,35.7253961],[129.4133399,35.7255182],[129.4133555,35.725629],[129.4133719,35.7257323],[129.4133881,35.7258387],[129.4133865,35.7258412],[129.4134586,35.7258315]]]]}},{"type":"Feature","properties":{"UFID":"100035906007A00110100000004544048"},"geometry":{"type":"MultiPolygon","coordinates":[[[[129.4132454,35.7269291],[129.4131528,35.7268852],[129.4131141,35.726943],[129.4132114,35.7269878],[129.4132454,35.7269291]]]]}},{"type":"Feature","properties":{"UFID":"100035906007A00110100000004544049"},"geometry":{"type":"MultiPolygon","coordinates":[[[[129.4123944,35.7286638],[129.4123213,35.7286651],[129.4123171,35.7287282],[129.4123856,35.7287304],[129.4123944,35.7286638]]]]}},{"type":"Feature","properties":{"UFID":"100035906017A00110100000004544050"},"geometry":{"type":"MultiPolygon","coordinates":[[[[129.4164926,35.7101657],[129.4164584,35.7101202],[129.4164078,35.7100374],[129.4163563,35.7099519],[129.4162901,35.7098295],[129.4162106,35.7096669],[129.4161547,35.7095534],[129.4161483,35.7095378],[129.4161217,35.7094701],[129.4160311,35.7094937],[129.4160526,35.7095329],[129.416101,35.7096269],[129.4161441,35.7097083],[129.4162006,35.7098135],[129.4162618,35.7099303],[129.4163174,35.7100342],[129.4163728,35.7101226],[129.4163821,35.7101299],[129.4164312,35.7102],[129.4164926,35.7101657]]]]}},{"type":"Feature","properties":{"UFID":"100035906017A00110100000004544051"},"geometry":{"type":"MultiPolygon","coordinates":[[[[129.4138732,35.7219303],[129.4139037,35.7216995],[129.4137851,35.7216987],[129.4137875,35.7217822],[129.4137906,35.7219046],[129.4137916,35.7219334],[129.4138732,35.7219303]]]]}},{"type":"Feature","properties":{"UFID":"100035906017A00110100000004544052"},"geometry":{"type":"MultiPolygon","coordinates":[[[[129.4160079,35.7158673],[129.4159266,35.7158386],[129.4159005,35.7158845],[129.4158682,35.7159451],[129.4158638,35.7159546],[129.4158336,35.7160131],[129.41583,35.7160191],[129.4157993,35.7160715],[129.4157697,35.7161333],[129.4157368,35.7161923],[129.4157157,35.7162326],[129.4156914,35.7162721],[129.4156883,35.7162786],[129.4156695,35.7163135],[129.4156655,35.7163202],[129.4157427,35.7163478],[129.415744,35.7163451],[129.4158628,35.7161222],[129.4160079,35.7158673]]]]}},{"type":"Feature","properties":{"UFID":"100035906017A00110100000004544053"},"geometry":{"type":"MultiPolygon","coordinates":[[[[129.4157074,35.716417],[129.4156247,35.7163941],[129.4156172,35.716408],[129.4155768,35.7164791],[129.4155427,35.7165419],[129.4155063,35.7166121],[129.4154836,35.7166535],[129.4155683,35.716682],[129.4156371,35.716555],[129.4157074,35.716417]]]]}},{"type":"Feature","properties":{"UFID":"100035906017A00110100000004544054"},"geometry":{"type":"MultiPolygon","coordinates":[[[[129.4157427,35.7163478],[129.4156655,35.7163202],[129.4156643,35.7163222],[129.4156598,35.7163319],[129.415644,35.7163585],[129.4156247,35.7163941],[129.4157074,35.716417],[129.4157427,35.7163478]]]]}},{"type":"Feature","properties":{"UFID":"100035906017A00110100000004544055"},"geometry":{"type":"MultiPolygon","coordinates":[[[[129.4154744,35.7052669],[129.4153683,35.7052512],[129.4153814,35.7053079],[129.4154714,35.7053213],[129.4154728,35.7052955],[129.4154736,35.7052788],[129.4154744,35.7052669]]]]}},{"type":"Feature","properties":{"UFID":"100035906017A00110100000004544056"},"geometry":{"type":"MultiPolygon","coordinates":[[[[129.4151701,35.7177438],[129.415054,35.7177106],[129.4150527,35.7177184],[129.4149711,35.7179706],[129.415076,35.7179986],[129.4151605,35.7177466],[129.4151701,35.7177438]]]]}},{"type":"Feature","properties":{"UFID":"100035906017A00110100000004544057"},"geometry":{"type":"MultiPolygon","coordinates":[[[[129.415076,35.7179986],[129.4149711,35.7179706],[129.4149359,35.7180601],[129.4150676,35.718115],[129.415076,35.7179986]]]]}},{"type":"Feature","properties":{"UFID":"100035906017A00110100000004544058"},"geometry":{"type":"MultiPolygon","coordinates":[[[[129.4152043,35.7176252],[129.4150712,35.7176078],[129.415054,35.7177106],[129.4151701,35.7177438],[129.4152043,35.7176252]]]]}},{"type":"Feature","properties":{"UFID":"100035906017A00110100000004544059"},"geometry":{"type":"MultiPolygon","coordinates":[[[[129.4150676,35.718115],[129.4149359,35.7180601],[129.4149284,35.7180793],[129.4149209,35.7180864],[129.4150311,35.7181547],[129.4150676,35.718115]]]]}},{"type":"Feature","properties":{"UFID":"100035906017A00110100000004544060"},"geometry":{"type":"MultiPolygon","coordinates":[[[[129.416171,35.7074844],[129.4161387,35.707384],[129.4160423,35.7073956],[129.4160883,35.7075409],[129.416171,35.7074844]]]]}},{"type":"Feature","properties":{"UFID":"100035906017A00110100000004544061"},"geometry":{"type":"MultiPolygon","coordinates":[[[[129.4165408,35.710221],[129.4164781,35.7102575],[129.4165677,35.7103534],[129.4166322,35.7104257],[129.4166763,35.7104814],[129.4167178,35.7105382],[129.4167541,35.7105961],[129.4167745,35.7106371],[129.4167793,35.7106508],[129.4167826,35.7106623],[129.416796,35.7107064],[129.4167997,35.7107282],[129.4168009,35.7107393],[129.4168019,35.7107511],[129.4168062,35.7107953],[129.4168062,35.7108084],[129.4168063,35.7108277],[129.4168033,35.7108877],[129.4167951,35.7109613],[129.4167814,35.7110455],[129.4167701,35.7111129],[129.4167518,35.711208],[129.4167338,35.7112927],[129.4167316,35.7113028],[129.4167178,35.7113807],[129.4167153,35.7113962],[129.4167133,35.711409],[129.4167031,35.7114593],[129.416701,35.7114742],[129.4166999,35.711488],[129.4166873,35.7115472],[129.4166729,35.7116189],[129.4166727,35.7116199],[129.416737,35.7116276],[129.4167625,35.7114842],[129.4167904,35.7113445],[129.4168163,35.7112109],[129.4168478,35.7110423],[129.4168701,35.7109238],[129.4168771,35.7108608],[129.4168783,35.7108416],[129.4168788,35.7108293],[129.4168797,35.7108116],[129.4168795,35.7108006],[129.4168799,35.7107883],[129.4168793,35.710777],[129.4168787,35.710763],[129.4168784,35.7107511],[129.416877,35.7107424],[129.4168757,35.7107265],[129.4168658,35.7106815],[129.4168394,35.710614],[129.4167932,35.710529],[129.4167172,35.710422],[129.416615,35.7103061],[129.4165555,35.7102378],[129.4165408,35.710221]]]]}},{"type":"Feature","properties":{"UFID":"100035906017A00110100000004544062"},"geometry":{"type":"MultiPolygon","coordinates":[[[[129.4165408,35.710221],[129.4164958,35.7101699],[129.4164926,35.7101657],[129.4164312,35.7102],[129.4164781,35.7102575],[129.4165408,35.710221]]]]}},{"type":"Feature","properties":{"UFID":"100035906017A00110100000004544063"},"geometry":{"type":"MultiPolygon","coordinates":[[[[129.416737,35.7116276],[129.4166727,35.7116199],[129.4166564,35.7117002],[129.416654,35.7117103],[129.4166455,35.7117444],[129.4167124,35.7117704],[129.416737,35.7116276]]]]}},{"type":"Feature","properties":{"UFID":"100035906017A00110100000004544064"},"geometry":{"type":"MultiPolygon","coordinates":[[[[129.4167124,35.7117704],[129.4166455,35.7117444],[129.4166307,35.7117919],[129.4167051,35.7118033],[129.4167104,35.7117746],[129.4167124,35.7117704]]]]}},{"type":"Feature","properties":{"UFID":"100035906017A00110100000004544065"},"geometry":{"type":"MultiPolygon","coordinates":[[[[129.4155621,35.7058392],[129.4155018,35.7056929],[129.4154875,35.7056249],[129.4154787,35.7055356],[129.415472,35.7054399],[129.4154697,35.7053533],[129.4154714,35.7053213],[129.4153814,35.7053079],[129.4153868,35.705314],[129.4153887,35.7053177],[129.4153929,35.7053291],[129.4153968,35.7053544],[129.4154014,35.7054587],[129.4154099,35.7055551],[129.415411,35.7056297],[129.4154167,35.7056911],[129.4154239,35.7057485],[129.4154513,35.7058467],[129.4155621,35.7058392]]]]}},{"type":"Feature","properties":{"UFID":"100035906017A00110100000004544066"},"geometry":{"type":"MultiPolygon","coordinates":[[[[129.4155613,35.7058905],[129.4155621,35.7058392],[129.4154513,35.7058467],[129.415465,35.7059001],[129.4155613,35.7058905]]]]}},{"type":"Feature","properties":{"UFID":"100035906017A00110100000004544067"},"geometry":{"type":"MultiPolygon","coordinates":[[[[129.4161387,35.707384],[129.4160603,35.7071817],[129.4159628,35.7072065],[129.4160417,35.7073917],[129.4160423,35.7073956],[129.4161387,35.707384]]]]}},{"type":"Feature","properties":{"UFID":"100035906017A00110100000004544068"},"geometry":{"type":"MultiPolygon","coordinates":[[[[129.4150311,35.7181547],[129.4149209,35.7180864],[129.414826,35.7181296],[129.4148244,35.7182634],[129.4149663,35.718293],[129.4149811,35.7182468],[129.4150085,35.7181927],[129.4150311,35.7181547]]]]}},{"type":"Feature","properties":{"UFID":"100035906017A00110100000004544069"},"geometry":{"type":"MultiPolygon","coordinates":[[[[129.4155683,35.716682],[129.4154836,35.7166535],[129.4154604,35.716696],[129.4154518,35.7167115],[129.4155361,35.7167419],[129.4155683,35.716682]]]]}},{"type":"Feature","properties":{"UFID":"100035906017A00110100000004544070"},"geometry":{"type":"MultiPolygon","coordinates":[[[[129.4153582,35.7171598],[129.4152124,35.7171411],[129.4151314,35.717377],[129.4150861,35.7175184],[129.4150712,35.7176078],[129.4152043,35.7176252],[129.415205,35.717603],[129.4152416,35.7174922],[129.4153496,35.7171839],[129.4153582,35.7171598]]]]}},{"type":"Feature","properties":{"UFID":"100035906017A00110100000004544071"},"geometry":{"type":"MultiPolygon","coordinates":[[[[129.4155361,35.7167419],[129.4154518,35.7167115],[129.4154189,35.7167706],[129.4153657,35.7168599],[129.4153021,35.7169618],[129.4152583,35.7170317],[129.4153952,35.7170573],[129.4154062,35.7170268],[129.415463,35.716885],[129.4155146,35.7167812],[129.4155361,35.7167419]]]]}},{"type":"Feature","properties":{"UFID":"100035906017A00110100000004544072"},"geometry":{"type":"MultiPolygon","coordinates":[[[[129.4153952,35.7170573],[129.4152583,35.7170317],[129.4152124,35.7171411],[129.4153582,35.7171598],[129.4153952,35.7170573]]]]}},{"type":"Feature","properties":{"UFID":"100035906017A00110100000004544073"},"geometry":{"type":"MultiPolygon","coordinates":[[[[129.4166426,35.7121296],[129.4166853,35.7119102],[129.4165837,35.7119637],[129.4165364,35.7121895],[129.4166426,35.7121296]]]]}},{"type":"Feature","properties":{"UFID":"100035906017A00110100000004544074"},"geometry":{"type":"MultiPolygon","coordinates":[[[[129.4166905,35.711882],[129.4167051,35.7118033],[129.4166307,35.7117919],[129.4166226,35.7118503],[129.4166126,35.7119103],[129.4166039,35.7119205],[129.416597,35.7119293],[129.4166905,35.711882]]]]}},{"type":"Feature","properties":{"UFID":"100035906017A00110100000004544075"},"geometry":{"type":"MultiPolygon","coordinates":[[[[129.4166853,35.7119102],[129.4166905,35.711882],[129.416597,35.7119293],[129.4165837,35.7119637],[129.4166853,35.7119102]]]]}},{"type":"Feature","properties":{"UFID":"100035906007A00110100000004544081"},"geometry":{"type":"MultiPolygon","coordinates":[[[[129.409394,35.730087],[129.4094013,35.730013],[129.4093925,35.7300131],[129.4093632,35.7300148],[129.4093293,35.7300209],[129.4092975,35.7300282],[129.4092229,35.7300586],[129.409199,35.7300698],[129.4091548,35.7301065],[129.4090875,35.7301736],[129.409023,35.7302382],[129.4089964,35.7302526],[129.4089674,35.7302684],[129.408949,35.7302763],[129.4089371,35.7302803],[129.4089208,35.7302851],[129.4089091,35.7302884],[129.4088899,35.7302935],[129.4088755,35.730296],[129.4088614,35.7302993],[129.4088128,35.7303042],[129.4087974,35.7303057],[129.4087827,35.7303066],[129.4087607,35.7303072],[129.408743,35.7303075],[129.4087198,35.7303078],[129.4086995,35.7303079],[129.4086838,35.7303064],[129.4086446,35.7303057],[129.4085567,35.7302995],[129.4085367,35.7302983],[129.4085129,35.7302969],[129.4084901,35.7302946],[129.4083605,35.730278],[129.4083417,35.7302767],[129.4082261,35.7302671],[129.4081823,35.7302613],[129.4081584,35.7302578],[129.4080361,35.7302434],[129.4080054,35.7302398],[129.4079811,35.7302382],[129.4078363,35.7302207],[129.4077079,35.730203],[129.4076871,35.730202],[129.4076642,35.7302],[129.4075869,35.7301882],[129.407564,35.7301829],[129.4075459,35.7301795],[129.407524,35.7301752],[129.4075037,35.730171],[129.407417,35.7301516],[129.4073974,35.7301462],[129.4073726,35.7301397],[129.407352,35.7301329],[129.4072402,35.7301025],[129.40721,35.7300935],[129.4071917,35.7300878],[129.4071653,35.7300827],[129.4071406,35.7300763],[129.4071184,35.7300693],[129.4070864,35.7300597],[129.4069127,35.7300161],[129.4067316,35.7299666],[129.4065638,35.729915],[129.4063631,35.7298631],[129.4061905,35.7298116],[129.4060755,35.7297869],[129.405998,35.7297847],[129.4059075,35.7297941],[129.4058867,35.7297982],[129.4057928,35.7298185],[129.4057007,35.7298503],[129.4056123,35.7298898],[129.4055576,35.7299293],[129.4054734,35.7299911],[129.4054035,35.7300298],[129.4053253,35.7300606],[129.4052648,35.7300709],[129.4052522,35.7300718],[129.4052018,35.7300699],[129.4051874,35.7300673],[129.4051497,35.7300517],[129.4050971,35.7300154],[129.4049536,35.7299013],[129.4049283,35.7298807],[129.404834,35.7299553],[129.4048473,35.7299604],[129.4049141,35.7300044],[129.4050025,35.7300637],[129.4050769,35.7300981],[129.4050972,35.7301068],[129.405173,35.7301319],[129.4051886,35.7301349],[129.405206,35.7301374],[129.405252,35.7301392],[129.4052701,35.7301385],[129.4053334,35.7301317],[129.4053514,35.7301285],[129.4054334,35.7300932],[129.4055151,35.7300492],[129.4056079,35.7299854],[129.4056885,35.7299383],[129.4057121,35.7299272],[129.4057849,35.7298947],[129.4058877,35.7298683],[129.405903,35.7298647],[129.4059901,35.7298531],[129.4060232,35.7298511],[129.4060447,35.7298514],[129.4061204,35.7298607],[129.4062761,35.7298982],[129.4064577,35.7299469],[129.4066358,35.7299939],[129.4068112,35.7300443],[129.4070478,35.7301184],[129.4073482,35.7301993],[129.4075975,35.7302512],[129.4082812,35.7303301],[129.4083933,35.7303291],[129.4085011,35.7303409],[129.4085289,35.7303429],[129.408646,35.7303574],[129.4086699,35.7303602],[129.4086946,35.7303618],[129.4087119,35.7303628],[129.4087368,35.7303627],[129.4087653,35.7303621],[129.4088299,35.7303604],[129.4088599,35.730359],[129.408879,35.730357],[129.4089384,35.7303461],[129.4090168,35.7303148],[129.4090463,35.7302946],[129.409146,35.7302171],[129.4091576,35.7302029],[129.4092196,35.7301465],[129.4092738,35.7301111],[129.4092861,35.7301065],[129.4093024,35.730103],[129.4093204,35.7300981],[129.4093474,35.7300933],[129.4093621,35.7300907],[129.4093748,35.7300886],[129.409394,35.730087]]]]}},{"type":"Feature","properties":{"UFID":"100035906017A00110100000004544082"},"geometry":{"type":"MultiPolygon","coordinates":[[[[129.4165508,35.7125848],[129.4164509,35.7125722],[129.4164374,35.712682],[129.4164435,35.7127868],[129.416425,35.7128827],[129.416404,35.7130076],[129.4163911,35.7131015],[129.4163871,35.7131945],[129.416388,35.7132106],[129.4163932,35.7132851],[129.4163953,35.713302],[129.4164134,35.7134137],[129.4164282,35.7135417],[129.4165351,35.7136011],[129.4164864,35.7134376],[129.4164733,35.7133457],[129.416463,35.7132614],[129.4164613,35.7132487],[129.4164588,35.7132044],[129.4164579,35.7131852],[129.4164573,35.7131743],[129.4164598,35.7131384],[129.4164594,35.7131207],[129.4164591,35.7131048],[129.416465,35.7130569],[129.4164664,35.7130372],[129.416467,35.7130229],[129.4164826,35.7129286],[129.4165072,35.7128017],[129.4165285,35.7126884],[129.416531,35.7126738],[129.4165491,35.712595],[129.4165508,35.7125848]]]]}},{"type":"Feature","properties":{"UFID":"100035906017A00110100000004544083"},"geometry":{"type":"MultiPolygon","coordinates":[[[[129.4165351,35.7136011],[129.4164282,35.7135417],[129.4164132,35.7136441],[129.4165268,35.7136511],[129.4165351,35.7136011]]]]}},{"type":"Feature","properties":{"UFID":"100035906017A00110100000004544084"},"geometry":{"type":"MultiPolygon","coordinates":[[[[129.4166064,35.7122986],[129.4166183,35.7122364],[129.4166426,35.7121296],[129.4165364,35.7121895],[129.416524,35.7122471],[129.4165209,35.7122619],[129.4165002,35.7122901],[129.4164928,35.7123384],[129.4166064,35.7122986]]]]}},{"type":"Feature","properties":{"UFID":"100035906007A00110100000004544085"},"geometry":{"type":"MultiPolygon","coordinates":[[[[129.4031599,35.7466119],[129.4031325,35.7465817],[129.403004,35.7466202],[129.4029915,35.7466242],[129.4028502,35.7466754],[129.4027534,35.7467111],[129.4027394,35.7467166],[129.4027174,35.7467171],[129.4027628,35.7467635],[129.4027633,35.7467553],[129.4027649,35.7467508],[129.4027696,35.7467449],[129.4028684,35.7467083],[129.4030086,35.7466574],[129.4030197,35.7466539],[129.4031599,35.7466119]]]]}},{"type":"Feature","properties":{"UFID":"100035906017A00110100000004544086"},"geometry":{"type":"MultiPolygon","coordinates":[[[[129.4166064,35.7122986],[129.4164928,35.7123384],[129.4164509,35.7125722],[129.4165508,35.7125848],[129.416565,35.7125142],[129.4165742,35.7124667],[129.4165833,35.7124189],[129.4166064,35.7122986]]]]}},{"type":"Feature","properties":{"UFID":"100035906007A00110100000004544087"},"geometry":{"type":"MultiPolygon","coordinates":[[[[129.401322,35.7298506],[129.4012422,35.7297223],[129.4006922,35.7298197],[129.400686,35.7298236],[129.4006815,35.7298272],[129.40068,35.7298295],[129.4006787,35.7298352],[129.4006767,35.7298465],[129.4007025,35.7299086],[129.4007332,35.7299014],[129.4008522,35.7298791],[129.4010169,35.7298568],[129.4011352,35.7298479],[129.401242,35.729846],[129.401322,35.7298506]]]]}},{"type":"Feature","properties":{"UFID":"100035906007A00110100000004544088"},"geometry":{"type":"MultiPolygon","coordinates":[[[[129.4016468,35.7297788],[129.4016057,35.7296677],[129.4014318,35.7296998],[129.4014258,35.7296897],[129.4012422,35.7297223],[129.401322,35.7298506],[129.4016468,35.7297788]]]]}},{"type":"Feature","properties":{"UFID":"100035906007A00110100000004544089"},"geometry":{"type":"MultiPolygon","coordinates":[[[[129.4031895,35.7293178],[129.4031281,35.7292105],[129.4030699,35.7292335],[129.4027087,35.7293801],[129.4024821,35.7294709],[129.4023067,35.7295303],[129.4021635,35.7295656],[129.4020254,35.7295979],[129.4017027,35.7296498],[129.4016057,35.7296677],[129.4016468,35.7297788],[129.401718,35.7297607],[129.401989,35.729723],[129.4021226,35.729697],[129.4022249,35.7296765],[129.4023153,35.7296538],[129.4024084,35.7296254],[129.4025544,35.7295761],[129.4029535,35.7294145],[129.4031046,35.7293523],[129.4031895,35.7293178]]]]}},{"type":"Feature","properties":{"UFID":"100035906007A00110100000004544090"},"geometry":{"type":"MultiPolygon","coordinates":[[[[129.4034002,35.7292489],[129.4033456,35.7291244],[129.4031281,35.7292105],[129.4031895,35.7293178],[129.4034002,35.7292489]]]]}},{"type":"Feature","properties":{"UFID":"100035906007A00110100000004544091"},"geometry":{"type":"MultiPolygon","coordinates":[[[[129.4036902,35.7291758],[129.4036489,35.7289746],[129.4035391,35.7290017],[129.4035322,35.7290095],[129.4035075,35.729057],[129.403506,35.7290609],[129.4033456,35.7291244],[129.4034002,35.7292489],[129.4034442,35.7292204],[129.4034896,35.7291989],[129.4035471,35.7291841],[129.4036126,35.7291766],[129.4036902,35.7291758]]]]}},{"type":"Feature","properties":{"UFID":"100035906007A00110100000004544092"},"geometry":{"type":"MultiPolygon","coordinates":[[[[129.4039171,35.7289704],[129.4036489,35.7289746],[129.4036902,35.7291758],[129.403754,35.7291807],[129.4038223,35.7291907],[129.4038993,35.729213],[129.4039171,35.7289704]]]]}},{"type":"Feature","properties":{"UFID":"100035906007A00110100000004544093"},"geometry":{"type":"MultiPolygon","coordinates":[[[[129.4007025,35.7299086],[129.4006767,35.7298465],[129.4005871,35.7298656],[129.4005122,35.7298784],[129.4004534,35.7299032],[129.4003067,35.7299788],[129.4001905,35.730038],[129.4002453,35.7300939],[129.4002855,35.7300726],[129.400357,35.7300333],[129.4004318,35.7299929],[129.400521,35.7299563],[129.4006186,35.7299282],[129.4007025,35.7299086]]]]}},{"type":"Feature","properties":{"UFID":"100035906007A00110100000004544094"},"geometry":{"type":"MultiPolygon","coordinates":[[[[129.4046961,35.7296885],[129.4046736,35.729665],[129.4046434,35.7296409],[129.4046705,35.7296017],[129.4046117,35.7295545],[129.40459,35.7295513],[129.4044629,35.7294516],[129.4044216,35.7294263],[129.4043692,35.7294117],[129.4043173,35.729367],[129.4042756,35.7293051],[129.4041359,35.7291643],[129.4039171,35.7289704],[129.4038993,35.729213],[129.4039889,35.729253],[129.4040937,35.72932],[129.4042986,35.7294732],[129.404376,35.7295318],[129.4044182,35.7295929],[129.4045578,35.7297121],[129.4045864,35.7297382],[129.4045958,35.729767],[129.4046961,35.7296885]]]]}},{"type":"Feature","properties":{"UFID":"100035906017A00110100000004544095"},"geometry":{"type":"MultiPolygon","coordinates":[[[[129.4165268,35.7136511],[129.4164132,35.7136441],[129.4164509,35.7138101],[129.4164552,35.7138793],[129.4164435,35.714013],[129.4164289,35.7141752],[129.4163891,35.7143993],[129.416366,35.7146054],[129.4164544,35.714613],[129.4164644,35.7145578],[129.4164691,35.7145242],[129.4164709,35.7145079],[129.4164821,35.7144331],[129.4164974,35.7143514],[129.4164987,35.7143431],[129.4165116,35.7142646],[129.4165327,35.7141275],[129.4165495,35.7140295],[129.4165566,35.7139648],[129.4165573,35.7139511],[129.4165555,35.7138998],[129.4165524,35.7138561],[129.416541,35.7137452],[129.4165248,35.7136562],[129.4165268,35.7136511]]]]}},{"type":"Feature","properties":{"UFID":"100035906017A00110100000004544096"},"geometry":{"type":"MultiPolygon","coordinates":[[[[129.4164544,35.714613],[129.416366,35.7146054],[129.4163712,35.7146424],[129.4163621,35.7147601],[129.416356,35.7147906],[129.4163322,35.7148624],[129.4163128,35.7149111],[129.4163083,35.7149222],[129.4162825,35.7149756],[129.4162441,35.7150406],[129.416198,35.715108],[129.4161496,35.7151741],[129.4161202,35.7152215],[129.4160946,35.7152692],[129.4160704,35.7153257],[129.4160498,35.7153906],[129.416033,35.7154715],[129.4160307,35.7154904],[129.4160166,35.7155813],[129.4160138,35.7156042],[129.4160009,35.7156619],[129.4159973,35.7156729],[129.4159798,35.7157231],[129.4159561,35.7157758],[129.4159279,35.7158362],[129.4159266,35.7158386],[129.4160079,35.7158673],[129.4160677,35.7157592],[129.4160857,35.7157156],[129.4161161,35.7155936],[129.4161459,35.7154173],[129.416161,35.7153165],[129.4161856,35.7152623],[129.4161905,35.715254],[129.4162171,35.7152053],[129.4162556,35.715144],[129.4163156,35.7150512],[129.4163746,35.7149578],[129.4163989,35.7149056],[129.4164133,35.7148564],[129.4164145,35.7148495],[129.4164221,35.714804],[129.4164234,35.7147937],[129.4164356,35.7147261],[129.4164367,35.7147162],[129.4164467,35.7146555],[129.4164544,35.714613]]]]}},{"type":"Feature","properties":{"UFID":"100035906017A00110100000004544097"},"geometry":{"type":"MultiPolygon","coordinates":[[[[129.4161217,35.7094701],[129.4161189,35.709463],[129.4161139,35.7094454],[129.4160862,35.7093492],[129.4160824,35.7093302],[129.416077,35.7093002],[129.4160615,35.7092332],[129.4160592,35.7092145],[129.416053,35.7091698],[129.4158755,35.7091548],[129.415875,35.7091561],[129.4158749,35.7091618],[129.4158765,35.7091657],[129.4158778,35.7091705],[129.4158798,35.709176],[129.4158816,35.709183],[129.4158972,35.7092238],[129.4158993,35.7092319],[129.4159167,35.7092746],[129.4159215,35.7092871],[129.4159382,35.7093208],[129.4159714,35.7093796],[129.4159887,35.7094154],[129.4159945,35.7094284],[129.4160101,35.7094552],[129.4160311,35.7094937],[129.4161217,35.7094701]]]]}},{"type":"Feature","properties":{"UFID":"100035906017A00110100000004544098"},"geometry":{"type":"MultiPolygon","coordinates":[[[[129.4160451,35.7091128],[129.4158902,35.7091036],[129.4158755,35.7091548],[129.416053,35.7091698],[129.4160451,35.7091128]]]]}},{"type":"Feature","properties":{"UFID":"100035906017A00110100000004544099"},"geometry":{"type":"MultiPolygon","coordinates":[[[[129.416171,35.7074844],[129.4160883,35.7075409],[129.416114,35.7075648],[129.4161186,35.7075731],[129.4161348,35.7076351],[129.4161538,35.7077173],[129.4161596,35.7077681],[129.4161615,35.7077866],[129.4161626,35.7078004],[129.4161638,35.7078128],[129.4161645,35.7078268],[129.4161653,35.7078414],[129.4161655,35.7078506],[129.4161663,35.707861],[129.4161667,35.7078708],[129.416167,35.7078791],[129.4161666,35.7078892],[129.4161666,35.7079069],[129.416167,35.7079208],[129.4161617,35.7079914],[129.4161603,35.7080208],[129.4161577,35.7080585],[129.4161562,35.7080678],[129.4161444,35.7081241],[129.4161426,35.7081375],[129.416129,35.7081867],[129.4161093,35.7082562],[129.4160838,35.7083331],[129.4160577,35.7084051],[129.4160295,35.7084935],[129.4160015,35.7085781],[129.4159632,35.7086793],[129.4159393,35.7087664],[129.4159205,35.7088496],[129.4159084,35.7089328],[129.4159013,35.7090165],[129.4158926,35.7090937],[129.4158902,35.7091036],[129.4160451,35.7091128],[129.416044,35.7091044],[129.4160423,35.7090839],[129.4160411,35.7090577],[129.4160407,35.7090214],[129.4160399,35.7089658],[129.4160464,35.7088734],[129.4160481,35.7088519],[129.4160602,35.7087339],[129.416083,35.7086161],[129.4161153,35.7085022],[129.4161526,35.7083637],[129.416192,35.7082466],[129.4162208,35.7081504],[129.4162251,35.7081295],[129.4162278,35.7081114],[129.4162316,35.7080907],[129.4162335,35.7080695],[129.416243,35.7080002],[129.4162457,35.7079767],[129.4162471,35.7079535],[129.4162488,35.7079329],[129.4162495,35.7079112],[129.4162496,35.7078915],[129.4162489,35.7078693],[129.4162485,35.7078503],[129.4162479,35.7078347],[129.4162462,35.707811],[129.416245,35.7077913],[129.416242,35.7077659],[129.4162399,35.7077479],[129.4162373,35.7077299],[129.4162202,35.7076415],[129.416194,35.7075535],[129.416171,35.7074844]]]]}},{"type":"Feature","properties":{"UFID":"100035906007A00110100000004544100"},"geometry":{"type":"MultiPolygon","coordinates":[[[[129.4025895,35.7466815],[129.4025751,35.7466822],[129.4025587,35.74668],[129.4025357,35.7466736],[129.4024382,35.746638],[129.4023343,35.7466225],[129.4022743,35.7466283],[129.4022637,35.7466296],[129.4021654,35.7466584],[129.4021809,35.7466921],[129.4022745,35.7466648],[129.4022802,35.7466641],[129.4023329,35.7466589],[129.4024251,35.7466727],[129.4025168,35.7467065],[129.4025731,35.7467214],[129.4025895,35.7466815]]]]}},{"type":"Feature","properties":{"UFID":"100035906007A00110100000004544101"},"geometry":{"type":"MultiPolygon","coordinates":[[[[129.4021809,35.7466921],[129.4021654,35.7466584],[129.4021516,35.7466624],[129.4021446,35.7466645],[129.4020498,35.7467028],[129.4020716,35.7467343],[129.4021809,35.7466921]]]]}},{"type":"Feature","properties":{"UFID":"100035906017A00110100000004544178"},"geometry":{"type":"MultiPolygon","coordinates":[[[[129.4144956,35.7191429],[129.4143631,35.7191025],[129.4143589,35.7191118],[129.4143258,35.7192113],[129.4142745,35.7193839],[129.4142438,35.7195201],[129.4141941,35.7197511],[129.4141409,35.7199945],[129.4141403,35.7199981],[129.4142189,35.7200094],[129.4142501,35.7199324],[129.4142661,35.7199181],[129.4143239,35.7196775],[129.4144132,35.7193592],[129.4144413,35.7192683],[129.4144564,35.719232],[129.4144956,35.7191429]]]]}},{"type":"Feature","properties":{"UFID":"100035906017A00110100000004544179"},"geometry":{"type":"MultiPolygon","coordinates":[[[[129.4149663,35.718293],[129.4148244,35.7182634],[129.4148291,35.7182739],[129.414831,35.7182873],[129.4148292,35.7182978],[129.4147512,35.7184323],[129.4146598,35.7185816],[129.4145261,35.7188075],[129.41445,35.7189332],[129.4143974,35.7190256],[129.4143631,35.7191025],[129.4144956,35.7191429],[129.4144997,35.7191335],[129.4145627,35.7190172],[129.4146146,35.7189358],[129.4147754,35.7186713],[129.4148229,35.7185861],[129.4148762,35.7184992],[129.4149052,35.7184364],[129.4149323,35.7183844],[129.4149558,35.7183255],[129.4149663,35.718293]]]]}},{"type":"Feature","properties":{"UFID":"100035906017A00110100000004544180"},"geometry":{"type":"MultiPolygon","coordinates":[[[[129.4142189,35.7200094],[129.4141403,35.7199981],[129.4141078,35.7201829],[129.4140924,35.7202798],[129.4140825,35.720375],[129.4140767,35.7204895],[129.4140664,35.7206215],[129.4140535,35.7207101],[129.4140357,35.7207799],[129.4140289,35.7208046],[129.4140137,35.720838],[129.4140099,35.7208455],[129.4140063,35.7208513],[129.4140014,35.7208569],[129.4139763,35.7208922],[129.4139307,35.7209523],[129.4138837,35.7210219],[129.4138429,35.7210978],[129.4138048,35.7211952],[129.4137835,35.7212686],[129.4137755,35.7213226],[129.4137734,35.7213566],[129.413774,35.7213669],[129.4137748,35.7213825],[129.4137753,35.7213966],[129.4137759,35.7214121],[129.413777,35.7214457],[129.4137772,35.7214485],[129.4137778,35.7214611],[129.4137796,35.7214839],[129.413781,35.721574],[129.4137818,35.7216013],[129.413782,35.7216369],[129.4137837,35.7216706],[129.4137851,35.7216987],[129.4139037,35.7216995],[129.4139037,35.7216937],[129.413907,35.7215508],[129.4138964,35.7215138],[129.4138697,35.7214661],[129.4138623,35.7214477],[129.4138655,35.7213554],[129.4138709,35.721286],[129.4138859,35.721184],[129.4139157,35.7211162],[129.4139192,35.7211065],[129.4139437,35.7210574],[129.41395,35.7210482],[129.4139831,35.7209976],[129.4140225,35.720943],[129.4140625,35.7208898],[129.4140862,35.7208499],[129.4141021,35.7208146],[129.414116,35.7207723],[129.4141183,35.7207629],[129.4141312,35.7207142],[129.4141322,35.7207005],[129.4141341,35.7206915],[129.4141403,35.7206526],[129.4141406,35.7206449],[129.4141408,35.7206366],[129.4141412,35.7206272],[129.4141417,35.7206184],[129.4141438,35.7205777],[129.4141441,35.7205681],[129.4141444,35.7205582],[129.4141444,35.7205461],[129.4141444,35.7205347],[129.4141448,35.7205138],[129.4141479,35.720466],[129.414148,35.7204504],[129.4141542,35.7203678],[129.4141554,35.7203518],[129.4141626,35.7202997],[129.4141645,35.7202786],[129.4141659,35.7202687],[129.414176,35.7202058],[129.4141774,35.7201968],[129.4141865,35.7201576],[129.4142175,35.7200128],[129.4142189,35.7200094]]]]}},{"type":"Feature","properties":{"UFID":"100035906016A00110100000004573400"},"geometry":{"type":"MultiPolygon","coordinates":[[[[129.4021436,35.7064216],[129.4022028,35.7063629],[129.4021897,35.7063618],[129.4021775,35.7063562],[129.402172,35.7063526],[129.4021651,35.7063443],[129.4021598,35.7063305],[129.4021455,35.7062836],[129.4021434,35.7062511],[129.4021446,35.7062073],[129.4021486,35.7061675],[129.4021454,35.7061487],[129.40214,35.7061312],[129.4021382,35.7061248],[129.4021336,35.7061161],[129.402101,35.7060963],[129.4020879,35.7060955],[129.4020774,35.7060954],[129.4020639,35.7060965],[129.4020423,35.7061047],[129.4020272,35.7061114],[129.4020194,35.7061154],[129.4019588,35.7061718],[129.401906,35.7062335],[129.4018542,35.7063036],[129.4018009,35.7063581],[129.4017934,35.7063635],[129.4017799,35.7063688],[129.4017776,35.7063696],[129.4017597,35.7063703],[129.4017479,35.7063678],[129.4017405,35.7063653],[129.4017307,35.706355],[129.4017244,35.7063283],[129.4017244,35.7063036],[129.4017265,35.7062833],[129.4017495,35.7062201],[129.4017524,35.7062134],[129.4017737,35.7061544],[129.4017753,35.7061474],[129.4017769,35.7061048],[129.4017768,35.7061002],[129.4017705,35.706065],[129.401768,35.7060538],[129.4017416,35.7060025],[129.4017278,35.7059879],[129.4016943,35.7059612],[129.4016472,35.7059324],[129.4015912,35.705913],[129.4015668,35.7059071],[129.4014823,35.7058887],[129.4014502,35.7058816],[129.4014128,35.705871],[129.4013692,35.7058545],[129.4013644,35.7058527],[129.4013157,35.7058256],[129.4012705,35.7057969],[129.4012216,35.7057645],[129.4011634,35.705723],[129.4010735,35.7056623],[129.4010084,35.7056206],[129.4009475,35.7055907],[129.4008944,35.7055743],[129.400818,35.7055634],[129.4007729,35.7055619],[129.4007204,35.7055647],[129.4006795,35.7055704],[129.4006346,35.7055861],[129.4006297,35.7055882],[129.4005654,35.7056229],[129.4005575,35.7056272],[129.4005063,35.7056573],[129.4004047,35.7057174],[129.4003458,35.7057574],[129.4002841,35.7058064],[129.4002804,35.7058112],[129.4002557,35.7058513],[129.4002255,35.7059097],[129.4001951,35.7059768],[129.4001729,35.7060322],[129.4001467,35.7060699],[129.4001419,35.7060747],[129.4001023,35.7060937],[129.4000993,35.7060943],[129.4000433,35.7061126],[129.4,35.7061239],[129.399959,35.7061344],[129.3998864,35.7061573],[129.3998662,35.7061653],[129.3998068,35.7061864],[129.3997869,35.7061874],[129.3997709,35.7061879],[129.399769,35.7061876],[129.3997318,35.7061741],[129.3997135,35.7061527],[129.3997043,35.7061273],[129.3996917,35.7060728],[129.3996727,35.7060152],[129.3996485,35.7059693],[129.3996186,35.7059311],[129.3995935,35.7059066],[129.3995641,35.7058919],[129.3995193,35.7058761],[129.3994857,35.7058711],[129.3994514,35.7058721],[129.399398,35.7058796],[129.3993358,35.7058963],[129.3992903,35.7059137],[129.3992454,35.7059381],[129.3992032,35.7059712],[129.3991862,35.7059837],[129.3991601,35.7060077],[129.3991555,35.7060092],[129.3991196,35.7060219],[129.3990839,35.7060166],[129.3990802,35.7060165],[129.3990574,35.7060064],[129.3990147,35.7059774],[129.3989783,35.7059465],[129.3989536,35.7059288],[129.3989347,35.7059214],[129.3989118,35.7059177],[129.3988981,35.7059171],[129.3988812,35.7059178],[129.3988741,35.7059191],[129.3988377,35.7059325],[129.3987913,35.7059591],[129.3987414,35.7059919],[129.3986866,35.7060297],[129.3986403,35.7060637],[129.3985898,35.7061041],[129.3985469,35.7061432],[129.3985099,35.7061733],[129.3984752,35.7061942],[129.3984696,35.7061973],[129.3984209,35.7062111],[129.3984024,35.7062129],[129.3983704,35.7062099],[129.3983537,35.7062071],[129.3982604,35.7061924],[129.3981845,35.7061861],[129.3981209,35.7061825],[129.3980709,35.7061829],[129.3980569,35.7061835],[129.3979305,35.706189],[129.3978896,35.7061945],[129.3978761,35.7061979],[129.3978702,35.7062008],[129.3978471,35.7062132],[129.3978007,35.706238],[129.3977579,35.7062641],[129.3977195,35.7062809],[129.3976241,35.7063105],[129.3976064,35.7063165],[129.397521,35.70636],[129.3974646,35.7063737],[129.3973945,35.7063823],[129.3972894,35.7063887],[129.3971979,35.7063886],[129.3971051,35.7063883],[129.3970759,35.7063871],[129.3970148,35.7063797],[129.3969321,35.7063619],[129.3968423,35.7063366],[129.396788,35.7063241],[129.3967683,35.7063217],[129.3967335,35.7063168],[129.3966519,35.706305],[129.3965999,35.7062996],[129.3965765,35.7063004],[129.3965679,35.7063028],[129.3965599,35.706308],[129.3965364,35.7063329],[129.3964885,35.7064026],[129.3964305,35.7064505],[129.3963933,35.7064708],[129.3963289,35.7064909],[129.3961422,35.7065238],[129.3959518,35.7065552],[129.3958603,35.7065736],[129.3957732,35.7065975],[129.395686,35.7066361],[129.39563,35.706657],[129.3955722,35.7066674],[129.3954562,35.7066857],[129.3953567,35.7066868],[129.3952904,35.7066859],[129.3952702,35.7066835],[129.3952021,35.7066723],[129.3951376,35.7066547],[129.3950697,35.7066311],[129.3950004,35.7065963],[129.3949124,35.7065521],[129.394844,35.7065635],[129.3948799,35.7065722],[129.394925,35.7065931],[129.3949854,35.7066272],[129.3950464,35.7066555],[129.3950989,35.7066746],[129.395146,35.7066899],[129.3951984,35.7067022],[129.3952493,35.7067105],[129.395312,35.7067141],[129.3953766,35.7067152],[129.3954489,35.7067132],[129.3955312,35.7067071],[129.3955638,35.7067058],[129.3955864,35.706705],[129.395601,35.7067036],[129.3956088,35.7067025],[129.3956223,35.7066977],[129.3956463,35.7066818],[129.3956936,35.7066564],[129.395747,35.7066348],[129.3958048,35.7066178],[129.3958779,35.7065989],[129.3959432,35.7065855],[129.3960228,35.7065716],[129.3961209,35.7065592],[129.3962392,35.7065434],[129.3963431,35.706526],[129.3963711,35.7065195],[129.3964297,35.7065008],[129.3964976,35.7064687],[129.3965092,35.706458],[129.3965257,35.7064449],[129.3965663,35.7063762],[129.3965748,35.7063683],[129.3965963,35.7063564],[129.3966033,35.7063535],[129.3966213,35.7063495],[129.3966698,35.7063493],[129.39676,35.7063563],[129.3968443,35.7063729],[129.3969476,35.7064015],[129.3970219,35.7064168],[129.3970964,35.7064232],[129.3971837,35.7064253],[129.3973058,35.706425],[129.3974444,35.7064219],[129.3974983,35.706413],[129.3975275,35.7064047],[129.3975619,35.7063883],[129.3976239,35.7063492],[129.3976644,35.7063306],[129.3976784,35.7063244],[129.3977182,35.7063104],[129.3977357,35.7063045],[129.3977758,35.706287],[129.3978197,35.7062602],[129.3978654,35.7062358],[129.3978879,35.7062237],[129.3978897,35.7062228],[129.3978973,35.7062208],[129.3979341,35.706216],[129.3980587,35.7062105],[129.3980719,35.70621],[129.3981199,35.7062095],[129.3981817,35.706213],[129.3982555,35.7062191],[129.3983473,35.7062337],[129.3983652,35.7062366],[129.3984024,35.7062402],[129.3984284,35.7062376],[129.3984847,35.7062217],[129.3984945,35.7062162],[129.3985315,35.7061939],[129.398571,35.7061618],[129.3986138,35.7061228],[129.398663,35.7060834],[129.3987084,35.7060501],[129.3987625,35.7060128],[129.3988113,35.7059807],[129.3988542,35.7059561],[129.3988846,35.7059449],[129.398898,35.7059442],[129.3989077,35.7059446],[129.3989241,35.7059473],[129.3989351,35.7059516],[129.3989554,35.705966],[129.3989921,35.7059972],[129.3990385,35.7060288],[129.3990685,35.7060424],[129.399077,35.7060434],[129.3990802,35.7060435],[129.3991236,35.70605],[129.3991684,35.7060341],[129.3991797,35.7060303],[129.3992097,35.7060028],[129.3992258,35.705991],[129.3992662,35.7059593],[129.3993066,35.7059374],[129.3993481,35.7059215],[129.399406,35.7059059],[129.3994548,35.7058991],[129.3994834,35.7058982],[129.3995096,35.7059021],[129.3995488,35.705916],[129.3995715,35.7059273],[129.3995918,35.7059471],[129.3996191,35.705982],[129.3996413,35.7060241],[129.3996594,35.7060788],[129.399672,35.7061336],[129.3996832,35.7061646],[129.3997099,35.7061957],[129.3997595,35.7062138],[129.3997688,35.706215],[129.3997885,35.7062145],[129.3998147,35.706213],[129.39988,35.7061899],[129.3998996,35.7061821],[129.39997,35.70616],[129.4,35.7061523],[129.4000545,35.7061381],[129.4001095,35.7061201],[129.4001149,35.706119],[129.4001639,35.7060956],[129.4001741,35.7060852],[129.4002034,35.7060432],[129.4002264,35.7059857],[129.4002564,35.7059197],[129.4002858,35.7058626],[129.4003092,35.7058246],[129.40031,35.7058236],[129.400368,35.7057775],[129.400425,35.7057387],[129.4005257,35.7056792],[129.4005764,35.7056494],[129.4005837,35.7056454],[129.4006467,35.7056115],[129.4006489,35.7056105],[129.400689,35.7055965],[129.4007243,35.7055916],[129.4007733,35.7055889],[129.4008144,35.7055903],[129.4008856,35.7056005],[129.400933,35.7056151],[129.4009895,35.7056429],[129.4010527,35.7056833],[129.4011419,35.7057436],[129.4012003,35.7057851],[129.4012499,35.7058181],[129.4012962,35.7058474],[129.401348,35.7058763],[129.4013554,35.705879],[129.4014004,35.7058961],[129.4014404,35.7059075],[129.4014738,35.7059148],[129.4015579,35.7059331],[129.40158,35.7059385],[129.4016417,35.7059578],[129.4017403,35.7060869],[129.4017438,35.7061047],[129.4017423,35.7061444],[129.4017414,35.706148],[129.4017208,35.7062051],[129.4017179,35.706212],[129.4016997,35.7062653],[129.4016874,35.7062979],[129.4016777,35.7063262],[129.4016685,35.7063635],[129.4016703,35.7063878],[129.4016756,35.706402],[129.4016914,35.7064114],[129.4017099,35.7064167],[129.401722,35.7064183],[129.4017365,35.7064189],[129.401778,35.7064141],[129.4017945,35.7064091],[129.4018092,35.7064028],[129.401835,35.7063825],[129.4018826,35.7063175],[129.4019338,35.7062482],[129.401985,35.7061885],[129.4020413,35.7061361],[129.402044,35.7061347],[129.4020573,35.7061288],[129.4020727,35.706123],[129.4020788,35.7061225],[129.4020865,35.7061226],[129.402089,35.7061227],[129.4021066,35.7061334],[129.4021078,35.7061376],[129.4021128,35.7061538],[129.4021153,35.7061683],[129.4021115,35.7062059],[129.4021102,35.7062515],[129.4021125,35.7062876],[129.4021278,35.7063378],[129.4021392,35.7063675],[129.4021456,35.706408],[129.4021436,35.7064216]]]]}},{"type":"Feature","properties":{"UFID":"100035906017A00110100000004574199"},"geometry":{"type":"MultiPolygon","coordinates":[[[[129.4021404,35.7065915],[129.4021338,35.7065427],[129.4021334,35.7065362],[129.4021334,35.706532],[129.4021378,35.7065049],[129.4021489,35.7064789],[129.4021711,35.7064457],[129.4021768,35.7064408],[129.4021436,35.7064216],[129.4021184,35.7064679],[129.4021054,35.7064986],[129.4021003,35.7065301],[129.4021002,35.7065368],[129.4021009,35.7065466],[129.4021074,35.7065941],[129.4021404,35.7065915]]]]}},{"type":"Feature","properties":{"UFID":"100035906017A00110100000004574200"},"geometry":{"type":"MultiPolygon","coordinates":[[[[129.4022204,35.7064025],[129.4022028,35.7063629],[129.4021436,35.7064216],[129.4021768,35.7064408],[129.4022204,35.7064025]]]]}},{"type":"Feature","properties":{"UFID":"100035906017A00110100000004574201"},"geometry":{"type":"MultiPolygon","coordinates":[[[[129.4021404,35.7065915],[129.4021074,35.7065941],[129.4021216,35.7066648],[129.4021342,35.706733],[129.40214,35.7067725],[129.4021402,35.706809],[129.4021245,35.7068723],[129.4021145,35.706918],[129.4021073,35.7069561],[129.4021114,35.7069974],[129.4021311,35.7070002],[129.4021302,35.7069481],[129.4021309,35.7069418],[129.4021376,35.7069026],[129.4021465,35.7068678],[129.4021496,35.7068595],[129.4021533,35.7068494],[129.4021619,35.7068281],[129.4021629,35.7068149],[129.4021618,35.7067284],[129.4021492,35.706635],[129.4021404,35.7065915]]]]}},{"type":"Feature","properties":{"UFID":"100035906017A00110100000004574204"},"geometry":{"type":"MultiPolygon","coordinates":[[[[129.405016,35.7054421],[129.4049982,35.705377],[129.4049671,35.7054367],[129.4049405,35.7054616],[129.4049141,35.7054764],[129.4049033,35.7054796],[129.4048797,35.7054799],[129.4046759,35.7054458],[129.404639,35.7054399],[129.4046254,35.7054396],[129.4045802,35.7054622],[129.4044776,35.7054853],[129.4043491,35.705519],[129.4041046,35.7055875],[129.4039897,35.7056102],[129.4038956,35.7056171],[129.4038043,35.7056111],[129.4036878,35.7055822],[129.4036427,35.705579],[129.4036099,35.7055806],[129.4035729,35.7055838],[129.4034669,35.705619],[129.4034578,35.7056209],[129.4033326,35.705624],[129.4031414,35.7056326],[129.4030034,35.7056384],[129.4029368,35.7056513],[129.402874,35.7056787],[129.4028082,35.705719],[129.4027116,35.7058149],[129.4026227,35.705914],[129.4025006,35.7060468],[129.4024566,35.7061113],[129.4024138,35.7061748],[129.402365,35.706245],[129.4022924,35.7063247],[129.4022702,35.7063404],[129.4022352,35.7063571],[129.4022028,35.7063629],[129.4022204,35.7064025],[129.4022895,35.7063625],[129.4023168,35.7063432],[129.4023928,35.7062598],[129.4024428,35.7061879],[129.4024856,35.7061244],[129.4025287,35.7060612],[129.402603,35.7059749],[129.4026587,35.7059214],[129.4027098,35.7058668],[129.402767,35.705801],[129.4028159,35.7057504],[129.402821,35.705746],[129.4028818,35.7057164],[129.4028967,35.7057108],[129.4029662,35.7056849],[129.4029854,35.705682],[129.403003,35.7056807],[129.4030889,35.7056823],[129.4031422,35.7056829],[129.4031868,35.7056824],[129.4032131,35.7056816],[129.4032939,35.7056776],[129.403317,35.7056755],[129.4033456,35.7056731],[129.4034461,35.705654],[129.4035153,35.7056383],[129.4035924,35.7056254],[129.403612,35.7056231],[129.4036788,35.7056232],[129.4037592,35.70563],[129.4038115,35.705636],[129.4038341,35.7056448],[129.4039445,35.7056495],[129.4040535,35.705642],[129.4040691,35.7056238],[129.4041395,35.7056094],[129.4042127,35.7055944],[129.4042878,35.7055689],[129.4043633,35.7055429],[129.4044488,35.7055165],[129.4045253,35.7054999],[129.4045467,35.7054957],[129.4045696,35.7054925],[129.4045906,35.7054894],[129.4046106,35.7054877],[129.4046336,35.705486],[129.4046547,35.7054857],[129.4046694,35.7054861],[129.4047094,35.7054872],[129.4047661,35.7054942],[129.404788,35.7054962],[129.4048477,35.705505],[129.4048682,35.7055077],[129.4049027,35.7055094],[129.4049179,35.7055098],[129.4049418,35.7055006],[129.4049573,35.7054887],[129.4049716,35.7054786],[129.4049869,35.7054598],[129.4050094,35.7054446],[129.405016,35.7054421]]]]}},{"type":"Feature","properties":{"UFID":"100035906018A00110100000004574548"},"geometry":{"type":"MultiPolygon","coordinates":[[[[129.424613,35.7171591],[129.4245223,35.7172919],[129.4246885,35.7174053],[129.4247349,35.7174211],[129.4247921,35.7174335],[129.424967,35.7174875],[129.425,35.7175027],[129.4252163,35.7176019],[129.4255008,35.7177385],[129.4256031,35.7177824],[129.4257885,35.7178922],[129.4259481,35.7180083],[129.4261527,35.7182226],[129.4261547,35.7182355],[129.4261491,35.7182528],[129.4261395,35.718263],[129.4261289,35.7182669],[129.4259585,35.7182634],[129.4259496,35.7183022],[129.4261443,35.718298],[129.4261874,35.7182971],[129.4262071,35.7182946],[129.4262265,35.7182882],[129.4262369,35.7182779],[129.4262412,35.7182633],[129.4262382,35.7182451],[129.4261076,35.7180958],[129.4259068,35.7179072],[129.425676,35.7177581],[129.4254484,35.717644],[129.4250914,35.7174847],[129.425,35.7174518],[129.424781,35.7173633],[129.4246654,35.7172447],[129.424613,35.7171591]]]]}},{"type":"Feature","properties":{"UFID":"100035906016A00110100000004574549"},"geometry":{"type":"MultiPolygon","coordinates":[[[[129.4002979,35.7228608],[129.4002675,35.7228567],[129.4002226,35.7228447],[129.4001714,35.7228331],[129.4,35.7228013],[129.3999898,35.7227993],[129.3998342,35.7227691],[129.3997096,35.7227444],[129.3996314,35.7227339],[129.3996195,35.7227323],[129.3995558,35.7227313],[129.3995337,35.7227317],[129.3995276,35.7227318],[129.3994074,35.7227384],[129.3992974,35.7227462],[129.3992244,35.7227486],[129.3991841,35.7227497],[129.3990774,35.7227503],[129.3990107,35.7227518],[129.3989882,35.7227505],[129.3989854,35.7227775],[129.39901,35.7227789],[129.399078,35.7227773],[129.3991848,35.7227768],[129.3992257,35.7227757],[129.3992995,35.7227731],[129.3994099,35.7227654],[129.3995293,35.7227588],[129.3995345,35.7227587],[129.3995558,35.7227584],[129.3996164,35.7227593],[129.399626,35.7227606],[129.399703,35.7227709],[129.3998265,35.7227953],[129.399982,35.7228256],[129.4,35.7228291],[129.4001632,35.7228593],[129.4002136,35.7228708],[129.4002571,35.7228824],[129.4002719,35.7228864],[129.4002765,35.7228926],[129.4002979,35.7228608]]]]}},{"type":"Feature","properties":{"UFID":"100035906017A00110100000004574551"},"geometry":{"type":"MultiPolygon","coordinates":[[[[129.4133921,35.7249678],[129.4134212,35.7250006],[129.4134326,35.7250134],[129.4134341,35.7250006],[129.413441,35.724941],[129.4133959,35.7249394],[129.4133921,35.7249678]]]]}},{"type":"Feature","properties":{"UFID":"100035906007A00110100000004574553"},"geometry":{"type":"MultiPolygon","coordinates":[[[[129.3997558,35.7299274],[129.3999474,35.730003],[129.3999411,35.7299826],[129.39994,35.7299494],[129.3999477,35.7299281],[129.3999923,35.7298796],[129.4,35.7298729],[129.4000748,35.729808],[129.4001664,35.7297326],[129.400226,35.7296924],[129.4003332,35.7296502],[129.400491,35.729615],[129.4007061,35.7295678],[129.4008379,35.7295455],[129.4010055,35.7294869],[129.4011416,35.7294226],[129.401131,35.7293973],[129.4012213,35.7293549],[129.4013253,35.7292988],[129.4014501,35.7292215],[129.4014723,35.7292001],[129.4014723,35.7291874],[129.4014358,35.7290337],[129.4014146,35.7288664],[129.4012947,35.7288798],[129.4013315,35.7291768],[129.400896,35.729446],[129.4008134,35.7294768],[129.4006101,35.7295154],[129.4004053,35.7295481],[129.4002801,35.7295778],[129.4001064,35.7296876],[129.4000473,35.7297331],[129.4,35.7297763],[129.3999346,35.729836],[129.3998446,35.7299],[129.3998075,35.7299136],[129.3997558,35.7299274]]]]}},{"type":"Feature","properties":{"UFID":"100035906007A00110100000004574554"},"geometry":{"type":"MultiPolygon","coordinates":[[[[129.4001905,35.730038],[129.4001686,35.730024],[129.4001114,35.7300354],[129.4000459,35.7300397],[129.4,35.730034],[129.399995,35.7300334],[129.3999645,35.73002],[129.3999474,35.730003],[129.3998685,35.7300922],[129.3999033,35.7300945],[129.3999729,35.730097],[129.4,35.7300984],[129.4000307,35.7301],[129.4000332,35.7301023],[129.4001905,35.730038]]]]}},{"type":"Feature","properties":{"UFID":"100035906027A00110100000004574555"},"geometry":{"type":"MultiPolygon","coordinates":[[[[129.4184583,35.6999729],[129.4184206,35.6999569],[129.4183601,35.6999911],[129.4183721,35.7],[129.4183727,35.7000005],[129.4184023,35.7000225],[129.4184271,35.7000005],[129.4184277,35.7],[129.4184583,35.6999729]]]]}},{"type":"Feature","properties":{"UFID":"100035906017A00110100000004574556"},"geometry":{"type":"MultiPolygon","coordinates":[[[[129.4184023,35.7000225],[129.4183727,35.7000005],[129.4183721,35.7],[129.4183601,35.6999911],[129.4183474,35.6999983],[129.4183443,35.7],[129.4183435,35.7000005],[129.4183247,35.7000108],[129.4183125,35.7000147],[129.4182995,35.7000164],[129.4182675,35.7000081],[129.418258,35.7000028],[129.4182566,35.7000005],[129.4182564,35.7],[129.4182485,35.6999864],[129.4182481,35.6999783],[129.4182495,35.6999723],[129.4182631,35.6999564],[129.4182019,35.6999429],[129.4181883,35.6999593],[129.4181855,35.6999716],[129.4181846,35.6999789],[129.4181862,35.6999861],[129.4181968,35.7],[129.4181971,35.7000005],[129.418207,35.7000085],[129.4182169,35.7000167],[129.4182446,35.7000368],[129.4182909,35.7000508],[129.4183203,35.7000528],[129.4183452,35.7000472],[129.4183689,35.7000372],[129.4184023,35.7000225]]]]}},{"type":"Feature","properties":{"UFID":"100035906017A00110100000004574557"},"geometry":{"type":"MultiPolygon","coordinates":[[[[129.4185164,35.6999946],[129.4185115,35.699997],[129.4185015,35.6999985],[129.4184927,35.6999973],[129.4184662,35.6999837],[129.4184623,35.6999793],[129.4184583,35.6999729],[129.4184277,35.7],[129.4184271,35.7000005],[129.4184023,35.7000225],[129.4184272,35.7000203],[129.4184342,35.7000208],[129.4184426,35.7000285],[129.418446,35.7000355],[129.4184462,35.7000424],[129.418442,35.7000536],[129.4185089,35.7000005],[129.4185095,35.7],[129.4185164,35.6999946]]]]}},{"type":"Feature","properties":{"UFID":"100035906027A00110100000004574558"},"geometry":{"type":"MultiPolygon","coordinates":[[[[129.4215219,35.7002018],[129.421519,35.7001781],[129.421521,35.7001258],[129.4215241,35.7001007],[129.4215246,35.700094],[129.4215405,35.7000402],[129.4215417,35.7000366],[129.4215617,35.7000003],[129.4215619,35.7],[129.4215673,35.69999],[129.4215794,35.6999748],[129.4216062,35.6999463],[129.4216544,35.6999035],[129.4217229,35.6998625],[129.4217915,35.6998369],[129.4218452,35.6998249],[129.4218623,35.6998224],[129.4219513,35.6998183],[129.4220794,35.699808],[129.4222563,35.6997732],[129.422004,35.6997667],[129.4220076,35.699769],[129.422008,35.6997765],[129.4220056,35.699779],[129.4220025,35.6997806],[129.4219976,35.6997823],[129.4219873,35.6997839],[129.4219483,35.6997913],[129.4218584,35.6997955],[129.4218379,35.6997985],[129.4217801,35.6998114],[129.421706,35.6998391],[129.4216321,35.6998833],[129.4215807,35.6999289],[129.4215523,35.6999592],[129.4215385,35.6999767],[129.4215255,35.7],[129.4215254,35.7000003],[129.4215104,35.7000274],[129.4215084,35.7000334],[129.4214917,35.70009],[129.421491,35.7000986],[129.4214879,35.700124],[129.4214859,35.7001764],[129.4214842,35.7001908],[129.4214788,35.7002049],[129.4215219,35.7002018]]]]}},{"type":"Feature","properties":{"UFID":"100035906028A00110100000004574559"},"geometry":{"type":"MultiPolygon","coordinates":[[[[129.4373361,35.6990389],[129.4373063,35.6990671],[129.4373078,35.6990681],[129.4373255,35.6990785],[129.4373599,35.6991047],[129.4374103,35.6991402],[129.4374586,35.6991691],[129.4375012,35.6991936],[129.4375381,35.699215],[129.4375664,35.6992343],[129.4375933,35.6992536],[129.4376131,35.6992722],[129.4376312,35.6992941],[129.4376469,35.6993168],[129.4376652,35.6993431],[129.4376909,35.6993804],[129.4377185,35.6994232],[129.4377428,35.6994603],[129.4377582,35.6994869],[129.4377681,35.69951],[129.4377737,35.6995383],[129.4377811,35.6995676],[129.437795,35.6996072],[129.4378096,35.6996407],[129.4378271,35.6996699],[129.4378495,35.6997019],[129.4378738,35.6997376],[129.4379034,35.6997824],[129.4379178,35.6998138],[129.4379289,35.6998377],[129.4379386,35.6998675],[129.4379437,35.6998907],[129.4379471,35.6999113],[129.4379493,35.6999323],[129.4379479,35.6999489],[129.4379436,35.6999677],[129.437938,35.6999856],[129.4379314,35.7],[129.4379311,35.7000007],[129.4379259,35.700012],[129.4379105,35.7000445],[129.4378973,35.7000807],[129.4378538,35.7001736],[129.4377953,35.7002628],[129.4377311,35.7003149],[129.4377562,35.7003488],[129.4378249,35.7002842],[129.4378746,35.7002233],[129.437907,35.7001435],[129.4379228,35.7000942],[129.4379388,35.7000567],[129.4379616,35.7000153],[129.437968,35.7000007],[129.4379683,35.7],[129.4379767,35.6999807],[129.4379825,35.6999524],[129.4379851,35.6999235],[129.4379802,35.6998835],[129.437973,35.699858],[129.4379549,35.6998138],[129.4379316,35.699765],[129.4379054,35.6997244],[129.4378724,35.6996735],[129.4378465,35.6996316],[129.4378305,35.6995998],[129.4378201,35.6995692],[129.4378147,35.6995431],[129.4378053,35.6995131],[129.4377894,35.6994777],[129.4377666,35.6994386],[129.4377391,35.6993954],[129.4377083,35.6993511],[129.4376766,35.6993054],[129.4376456,35.6992655],[129.4376187,35.6992395],[129.4375882,35.6992134],[129.4375556,35.6991903],[129.4375184,35.6991677],[129.437471,35.6991431],[129.4374306,35.6991186],[129.4373945,35.6990926],[129.4373616,35.699065],[129.4373361,35.6990389]]]]}},{"type":"Feature","properties":{"UFID":"100035906018A00110100000004574560"},"geometry":{"type":"MultiPolygon","coordinates":[[[[129.4426155,35.6999533],[129.4425617,35.699943],[129.4425683,35.6999655],[129.4425558,35.7],[129.4425556,35.7000005],[129.4425347,35.7000571],[129.4425201,35.7001387],[129.4424999,35.7002205],[129.4424719,35.7003055],[129.442451,35.7003534],[129.4424101,35.7004334],[129.4423636,35.7005146],[129.4422945,35.7006423],[129.4422188,35.7007846],[129.4421711,35.7008681],[129.4421223,35.7009702],[129.4421041,35.7010225],[129.4420913,35.7010809],[129.4420786,35.7011743],[129.4420726,35.7013161],[129.4420654,35.7014567],[129.4420608,35.701595],[129.4420606,35.7016555],[129.4420525,35.7017545],[129.4420408,35.7018435],[129.4420894,35.7018454],[129.4420873,35.701841],[129.4420938,35.7016565],[129.4420939,35.7015954],[129.4420985,35.7014576],[129.4421058,35.7013171],[129.4421117,35.7011762],[129.4421241,35.7010847],[129.4421364,35.7010286],[129.4421537,35.7009788],[129.4422016,35.7008787],[129.4422491,35.7007957],[129.4423249,35.7006532],[129.4423938,35.7005258],[129.4424404,35.7004444],[129.442482,35.7003631],[129.4425036,35.7003135],[129.4425322,35.7002267],[129.4425528,35.7001433],[129.4425671,35.700063],[129.4425869,35.7000094],[129.4425908,35.7000005],[129.4425911,35.7],[129.4426155,35.6999533]]]]}},{"type":"Feature","properties":{"UFID":"100035906007A00110100000004574565"},"geometry":{"type":"MultiPolygon","coordinates":[[[[129.3997082,35.7334251],[129.3997217,35.7334631],[129.3998264,35.7334395],[129.399869,35.7334332],[129.4000804,35.7333833],[129.4001949,35.7333293],[129.4003213,35.7332663],[129.4005221,35.7331973],[129.4006081,35.7331664],[129.4005851,35.7331402],[129.4003818,35.7332088],[129.400243,35.7332605],[129.4000683,35.7333538],[129.4,35.7333704],[129.3999407,35.7333771],[129.3997473,35.7334183],[129.3997082,35.7334251]]]]}},{"type":"Feature","properties":{"UFID":"100035906006A00110100000004574566"},"geometry":{"type":"MultiPolygon","coordinates":[[[[129.3991956,35.7337084],[129.3991642,35.733717],[129.3991787,35.7337473],[129.3991899,35.7337602],[129.3992265,35.7337947],[129.3992305,35.7337985],[129.3992956,35.7338445],[129.3993256,35.7338571],[129.3994051,35.7338813],[129.3994577,35.7338967],[129.3995117,35.7339155],[129.3995354,35.7339239],[129.3996264,35.7339546],[129.399652,35.7339639],[129.3997174,35.7339934],[129.3997383,35.7340043],[129.3997847,35.7340304],[129.3998566,35.7340709],[129.3999003,35.7340863],[129.3999537,35.734098],[129.4,35.7341019],[129.4000855,35.7341033],[129.4000944,35.734103],[129.4001264,35.7341052],[129.4001307,35.7341054],[129.4001381,35.7341066],[129.4001715,35.7341184],[129.4001848,35.7341286],[129.400191,35.7341561],[129.4001725,35.7341924],[129.4001065,35.7342741],[129.4000615,35.7343389],[129.4000065,35.7344018],[129.4,35.7344089],[129.3999855,35.7344204],[129.3999606,35.7344312],[129.3998689,35.7344539],[129.3997665,35.7344633],[129.3997455,35.734467],[129.3997044,35.7344739],[129.3996871,35.7344768],[129.3996585,35.734483],[129.3995355,35.734515],[129.3994116,35.7345405],[129.3993049,35.7345692],[129.3991909,35.7346131],[129.3991294,35.7346349],[129.3990845,35.7346457],[129.3990831,35.7346459],[129.3990727,35.7346464],[129.399056,35.7346467],[129.3989675,35.7346484],[129.3989498,35.7346481],[129.3988633,35.7346442],[129.3988286,35.7346422],[129.3987595,35.7346388],[129.3987418,35.7346389],[129.3987047,35.7346403],[129.3986893,35.7346413],[129.3986753,35.7346429],[129.3985845,35.7346568],[129.3985707,35.7346589],[129.3984579,35.7346851],[129.3983951,35.7347035],[129.3982337,35.7347524],[129.3980532,35.734821],[129.397993,35.734833],[129.3979246,35.7348404],[129.3979145,35.7348408],[129.3978703,35.73484],[129.3978654,35.7348397],[129.3978501,35.7348375],[129.3977596,35.7348236],[129.3977251,35.7348164],[129.3976112,35.7347829],[129.3974899,35.7347487],[129.3973084,35.7347027],[129.3972418,35.7346836],[129.3971665,35.7346653],[129.3971121,35.7346568],[129.3970507,35.7346575],[129.3969864,35.734667],[129.3968958,35.7346863],[129.3968177,35.7347038],[129.3967929,35.7347062],[129.3967887,35.7347065],[129.3967421,35.7347065],[129.3966834,35.7347057],[129.3966807,35.7347058],[129.3966501,35.7347069],[129.3965948,35.7347165],[129.3965453,35.7347376],[129.3964892,35.7347676],[129.3964464,35.7347953],[129.3964766,35.7348131],[129.3965094,35.7347891],[129.3965621,35.7347609],[129.3966061,35.7347422],[129.3966543,35.7347339],[129.3966818,35.7347328],[129.3966835,35.7347328],[129.3967418,35.7347335],[129.3967902,35.7347336],[129.3967964,35.7347331],[129.3968241,35.7347304],[129.3969044,35.7347124],[129.3969935,35.7346934],[129.3970539,35.7346845],[129.3971092,35.7346839],[129.3971587,35.7346916],[129.3972315,35.7347093],[129.397298,35.7347284],[129.3974796,35.7347744],[129.3976001,35.7348083],[129.3977153,35.7348423],[129.3977524,35.7348501],[129.3978441,35.7348641],[129.3978611,35.7348666],[129.3978686,35.7348671],[129.3979149,35.7348678],[129.3979275,35.7348674],[129.3979992,35.7348596],[129.3980642,35.7348466],[129.3982465,35.7347773],[129.3984065,35.7347289],[129.3984681,35.7347108],[129.3985783,35.7346852],[129.3985905,35.7346834],[129.3986807,35.7346696],[129.3986929,35.7346682],[129.3987068,35.7346673],[129.3987427,35.7346659],[129.3987586,35.7346659],[129.3988265,35.7346691],[129.3988612,35.7346711],[129.3989486,35.7346751],[129.3989676,35.7346754],[129.3990568,35.7346738],[129.3990742,35.7346734],[129.3990866,35.7346728],[129.3990917,35.7346722],[129.3991408,35.7346604],[129.3992046,35.7346377],[129.3993173,35.7345943],[129.3994209,35.7345664],[129.3995446,35.734541],[129.3996677,35.734509],[129.3996947,35.7345032],[129.3997111,35.7345004],[129.3997524,35.7344935],[129.3997714,35.7344901],[129.3998773,35.7344801],[129.3999732,35.7344563],[129.4,35.7344448],[129.4000125,35.7344378],[129.4000216,35.7344306],[129.4000334,35.7344177],[129.4000895,35.7343534],[129.4001349,35.7342882],[129.400202,35.7342052],[129.4002221,35.7341655],[129.400224,35.734161],[129.4002247,35.7341559],[129.4002163,35.7341186],[129.4002126,35.7341128],[129.40019,35.7340954],[129.400148,35.7340806],[129.4001348,35.7340785],[129.4001285,35.7340782],[129.4000952,35.734076],[129.4000852,35.7340763],[129.4,35.7340749],[129.3999597,35.7340713],[129.3999112,35.7340607],[129.3998727,35.7340471],[129.3998036,35.7340082],[129.3997567,35.7339818],[129.3997344,35.7339701],[129.3996668,35.7339396],[129.3996394,35.7339298],[129.3995484,35.733899],[129.3995249,35.7338906],[129.3994698,35.7338715],[129.3994165,35.7338559],[129.399339,35.7338323],[129.3993143,35.733822],[129.3992541,35.7337794],[129.3992516,35.733777],[129.399216,35.7337435],[129.399208,35.7337343],[129.3991956,35.7337084]]]]}},{"type":"Feature","properties":{"UFID":"100035906017A00110100000004574581"},"geometry":{"type":"MultiPolygon","coordinates":[[[[129.4193256,35.702626],[129.4192864,35.7026667],[129.4192948,35.7026634],[129.4193103,35.7026626],[129.4193286,35.702665],[129.4193476,35.7026792],[129.4194617,35.7027616],[129.4195055,35.7027928],[129.419628,35.7028768],[129.419733,35.7029502],[129.4198623,35.7030358],[129.4199867,35.7031204],[129.4201095,35.7031975],[129.4201466,35.7032214],[129.4202383,35.703277],[129.4203609,35.7033438],[129.4204841,35.7034075],[129.4206206,35.7034798],[129.4207426,35.7035486],[129.4208601,35.7036201],[129.4209083,35.7036508],[129.4210101,35.7037047],[129.4210619,35.7037354],[129.4212384,35.7038269],[129.4212701,35.7038472],[129.4213083,35.7038714],[129.4213174,35.7038771],[129.4213637,35.7039029],[129.4214029,35.7039179],[129.421417,35.7038934],[129.4213802,35.7038793],[129.4213369,35.7038552],[129.4213202,35.7038446],[129.4213051,35.7038351],[129.4212817,35.7038202],[129.4212575,35.7038048],[129.4210806,35.7037131],[129.4210288,35.7036824],[129.4209275,35.7036288],[129.4208802,35.7035986],[129.420762,35.7035266],[129.4206391,35.7034573],[129.420502,35.7033848],[129.420379,35.7033211],[129.4202574,35.7032549],[129.4201667,35.7031999],[129.4201299,35.7031762],[129.4200074,35.7030993],[129.4198834,35.7030149],[129.4197542,35.7029294],[129.4196494,35.7028562],[129.4195271,35.7027722],[129.4194836,35.7027413],[129.4193698,35.7026592],[129.4193256,35.702626]]]]}},{"type":"Feature","properties":{"UFID":"100035906017A00110100000004574582"},"geometry":{"type":"MultiPolygon","coordinates":[[[[129.4194357,35.7135555],[129.4194341,35.7136369],[129.4194417,35.7136376],[129.419474,35.7136698],[129.4196845,35.7137738],[129.4198423,35.7138338],[129.4200438,35.713916],[129.4201465,35.7139549],[129.420629,35.7141451],[129.4209063,35.7142635],[129.4210965,35.7143762],[129.4213691,35.714547],[129.4216974,35.7147324],[129.421841,35.7148267],[129.4218566,35.7148409],[129.4220044,35.7150375],[129.4221502,35.7152068],[129.4221896,35.715227],[129.4222335,35.7152441],[129.422245,35.7152525],[129.4222865,35.7154689],[129.4223734,35.7156551],[129.4225046,35.7159081],[129.4226005,35.7160582],[129.4226428,35.7160402],[129.4225225,35.7158435],[129.4223909,35.7155834],[129.4223246,35.7154494],[129.42229,35.7152188],[129.4222699,35.7152041],[129.4221891,35.7151823],[129.4220705,35.7150503],[129.4219705,35.7149067],[129.4219243,35.7148367],[129.4218794,35.7147871],[129.4216808,35.7146657],[129.4213336,35.7144598],[129.4211456,35.7143434],[129.4208384,35.7141873],[129.4204985,35.7140397],[129.4201082,35.7138846],[129.4200665,35.7138693],[129.4197861,35.7137699],[129.4195461,35.7136447],[129.4194357,35.7135555]]]]}},{"type":"Feature","properties":{"UFID":"100035906017A00110100000004574583"},"geometry":{"type":"MultiPolygon","coordinates":[[[[129.4194341,35.7136369],[129.4193312,35.7135963],[129.4193651,35.7136821],[129.4193656,35.7136868],[129.4193714,35.7136914],[129.4193826,35.7136985],[129.419437,35.7137424],[129.4195833,35.7138397],[129.4197176,35.7139205],[129.4197244,35.713928],[129.4197559,35.713995],[129.4197708,35.7140463],[129.4197749,35.7140632],[129.4197762,35.7140715],[129.4197778,35.7140884],[129.4197739,35.7141182],[129.4197597,35.7141724],[129.4197505,35.714293],[129.4197504,35.7143188],[129.4197618,35.7144342],[129.4197801,35.7146027],[129.4197828,35.7146649],[129.4198135,35.7146652],[129.4198129,35.714659],[129.4198084,35.7145379],[129.4197985,35.7144503],[129.4197918,35.7143541],[129.4197891,35.7142503],[129.4197991,35.7141613],[129.4198105,35.7141174],[129.4198117,35.7141025],[129.4198092,35.7140404],[129.4197719,35.7138869],[129.4197668,35.7138791],[129.4197587,35.7138715],[129.4197427,35.7138581],[129.4197295,35.7138479],[129.4197027,35.7138283],[129.4195201,35.713731],[129.4194287,35.7136636],[129.419426,35.7136595],[129.4194245,35.7136475],[129.4194263,35.7136431],[129.4194341,35.7136369]]]]}},{"type":"Feature","properties":{"UFID":"100035906007A00110100000004574584"},"geometry":{"type":"MultiPolygon","coordinates":[[[[129.4034002,35.7292489],[129.4031895,35.7293178],[129.4032001,35.7293178],[129.403212,35.7293209],[129.4032153,35.7293246],[129.4032601,35.7293821],[129.4032953,35.7294449],[129.4033252,35.7295389],[129.4033518,35.7296413],[129.4033562,35.7296603],[129.4033693,35.7297598],[129.4033695,35.7297741],[129.4033695,35.7297881],[129.4033678,35.7298029],[129.4033666,35.7298174],[129.4033515,35.729861],[129.403342,35.7298776],[129.4033106,35.7299144],[129.403263,35.7299461],[129.403246,35.7299524],[129.4032204,35.7299601],[129.4031991,35.7299646],[129.4031815,35.7299673],[129.4030595,35.7299783],[129.4029481,35.7299823],[129.4029219,35.7299843],[129.4028341,35.7299978],[129.4028216,35.7300004],[129.4027372,35.7300417],[129.4026225,35.7301319],[129.4025232,35.7302171],[129.4024485,35.7302698],[129.402426,35.7302809],[129.4023576,35.730305],[129.4023368,35.7303094],[129.4023081,35.7303123],[129.4022825,35.7303143],[129.4022584,35.730315],[129.4022308,35.7303148],[129.4021491,35.7303128],[129.4021347,35.7303111],[129.4020228,35.7302772],[129.4019633,35.7302345],[129.4018884,35.7301684],[129.4018321,35.7301057],[129.4017573,35.7300116],[129.4016814,35.7299256],[129.401649,35.7298967],[129.4015936,35.729859],[129.4015929,35.7298405],[129.4015974,35.7298203],[129.4016149,35.7297982],[129.4016468,35.7297788],[129.401322,35.7298506],[129.401413,35.7298729],[129.4014945,35.7298983],[129.4015696,35.7299376],[129.401615,35.7299727],[129.4016984,35.730066],[129.4018364,35.7302111],[129.4018659,35.7302403],[129.4019373,35.7302975],[129.4020211,35.7303457],[129.40203,35.7303493],[129.4020527,35.7303569],[129.4021111,35.7303724],[129.4021332,35.7303773],[129.4022001,35.7303816],[129.4022212,35.7303812],[129.4022972,35.7303793],[129.4023187,35.7303774],[129.4024031,35.7303617],[129.4024255,35.730356],[129.4025087,35.730315],[129.4026058,35.7302409],[129.4027052,35.7301577],[129.4027968,35.73009],[129.4028074,35.7300843],[129.4028286,35.7300758],[129.4028696,35.730061],[129.4028862,35.7300571],[129.4029042,35.7300549],[129.403006,35.7300485],[129.4030255,35.7300475],[129.4031348,35.7300433],[129.4031601,35.7300422],[129.4032468,35.7300351],[129.4032596,35.7300324],[129.4032821,35.7300243],[129.4033254,35.7300042],[129.4033815,35.7299504],[129.4033925,35.7299396],[129.4034264,35.7298888],[129.4034294,35.7298824],[129.4034358,35.7298668],[129.4034506,35.7298145],[129.4034515,35.729792],[129.403452,35.7297743],[129.4034517,35.7297503],[129.4034417,35.7296737],[129.4033967,35.7295222],[129.4033851,35.7294863],[129.4033663,35.7294209],[129.4033644,35.7293724],[129.4033692,35.729319],[129.4033806,35.7292757],[129.4034002,35.7292489]]]]}},{"type":"Feature","properties":{"UFID":"100035906007A00110100000004574585"},"geometry":{"type":"MultiPolygon","coordinates":[[[[129.4029914,35.7455333],[129.4029911,35.745578],[129.4030625,35.7455511],[129.4031227,35.7455223],[129.4032023,35.7454829],[129.4032168,35.7454811],[129.4032326,35.7454808],[129.4032406,35.7454812],[129.4032564,35.7454844],[129.4032935,35.7454979],[129.40335,35.7455368],[129.4033725,35.7455414],[129.4034227,35.7455582],[129.4035638,35.745605],[129.4035763,35.7455799],[129.4034352,35.7455332],[129.4033649,35.7455096],[129.4033527,35.7455044],[129.4032568,35.7454402],[129.4032543,35.7454398],[129.4032438,35.7454388],[129.4032305,35.7454414],[129.4032091,35.74545],[129.4031378,35.7454846],[129.4031063,35.7454988],[129.4030487,35.7455264],[129.4030397,35.7455288],[129.403019,35.7455332],[129.4029914,35.7455333]]]]}},{"type":"Feature","properties":{"UFID":"100035906007A00110100000004574586"},"geometry":{"type":"MultiPolygon","coordinates":[[[[129.4074354,35.7311155],[129.4074273,35.7311039],[129.4074263,35.7310771],[129.4075446,35.7310011],[129.4076305,35.7309458],[129.4077263,35.7308828],[129.4078224,35.730834],[129.4079051,35.7308038],[129.407991,35.7307903],[129.4080974,35.7307823],[129.4082943,35.7307272],[129.4081347,35.7307163],[129.4081322,35.7307216],[129.4081196,35.7307298],[129.4080829,35.7307425],[129.4079427,35.730754],[129.4078313,35.7307815],[129.4077387,35.7308216],[129.4076072,35.7309046],[129.4075528,35.7309428],[129.4074224,35.7310321],[129.4072868,35.7311183],[129.4072808,35.7311228],[129.407273,35.731126],[129.4072612,35.7311287],[129.4074354,35.7311155]]]]}},{"type":"Feature","properties":{"UFID":"100035906017A00110100000004574587"},"geometry":{"type":"MultiPolygon","coordinates":[[[[129.4148209,35.7131844],[129.4148317,35.7130771],[129.4147585,35.7131406],[129.4145785,35.71332],[129.4143924,35.7134862],[129.4141734,35.7136711],[129.4140704,35.7137621],[129.4139657,35.7138237],[129.4138279,35.7138919],[129.4137161,35.7139376],[129.413599,35.7139637],[129.4134581,35.7139845],[129.413341,35.7140201],[129.4132234,35.7140818],[129.4129809,35.7142298],[129.412804,35.7143603],[129.4126056,35.7145109],[129.412446,35.7146333],[129.4123119,35.7147335],[129.4122373,35.7147996],[129.4122077,35.7148184],[129.4121647,35.714845],[129.4121392,35.7148565],[129.4121901,35.7149196],[129.4122675,35.7148722],[129.4123425,35.7148195],[129.4124269,35.7147445],[129.4125392,35.7146572],[129.4126553,35.7145611],[129.4128004,35.7144552],[129.4129174,35.7143634],[129.4130457,35.7142722],[129.4133559,35.7141836],[129.4138042,35.7139918],[129.4138616,35.7139708],[129.4139642,35.7139173],[129.4140627,35.7138719],[129.4141463,35.7138047],[129.4142663,35.7137067],[129.4142803,35.7136749],[129.414385,35.7135831],[129.414528,35.713463],[129.4146421,35.7133574],[129.4147422,35.7132543],[129.4148209,35.7131844]]]]}},{"type":"Feature","properties":{"UFID":"100035906017A00110100000004574588"},"geometry":{"type":"MultiPolygon","coordinates":[[[[129.4083266,35.7145654],[129.4082197,35.7145607],[129.4082188,35.7145633],[129.408134,35.7145931],[129.4079457,35.7146719],[129.407787,35.7147425],[129.4076773,35.7147883],[129.407581,35.7148138],[129.4074294,35.7148426],[129.4073247,35.7148563],[129.4072148,35.7148617],[129.407059,35.7148732],[129.4069844,35.7148793],[129.406618,35.7149205],[129.4065533,35.7149275],[129.4063936,35.7149412],[129.4062739,35.7149431],[129.4061595,35.7149281],[129.4059235,35.7148675],[129.4058642,35.7148621],[129.4056768,35.7148649],[129.4055313,35.7148644],[129.4053678,35.7148515],[129.4053023,35.7148444],[129.405262,35.7148335],[129.4050513,35.7147334],[129.4050194,35.7147803],[129.4051715,35.7148497],[129.4052979,35.714892],[129.405404,35.7149012],[129.4056057,35.7149115],[129.4058174,35.7149024],[129.4059142,35.7149119],[129.4061582,35.7149714],[129.4062773,35.7149857],[129.4063993,35.7149837],[129.4065879,35.7149635],[129.406815,35.7149321],[129.4070685,35.7149016],[129.4072856,35.7148884],[129.4074979,35.7148588],[129.4076783,35.7148191],[129.4078635,35.7147408],[129.4080877,35.7146463],[129.4082519,35.7145807],[129.4082835,35.7145728],[129.4083266,35.7145654]]]]}},{"type":"Feature","properties":{"UFID":"100035906018A00110100000004574589"},"geometry":{"type":"MultiPolygon","coordinates":[[[[129.4401844,35.7048163],[129.4401471,35.704805],[129.4401204,35.7048192],[129.4400209,35.7048663],[129.4399563,35.7049094],[129.4398691,35.705008],[129.4398081,35.7051313],[129.4397894,35.7052102],[129.4397806,35.7052919],[129.4397767,35.7053769],[129.4397736,35.7054943],[129.4397731,35.7055483],[129.4397735,35.7056485],[129.4397656,35.7057397],[129.4397632,35.7057561],[129.4397541,35.7057847],[129.4397376,35.7058153],[129.4395958,35.7060048],[129.4395444,35.7060583],[129.4394427,35.706142],[129.439353,35.7062035],[129.4392699,35.706251],[129.4392345,35.7062825],[129.4392142,35.7063231],[129.4392082,35.7063367],[129.4391917,35.7063928],[129.439187,35.7064141],[129.4391558,35.7065057],[129.4391472,35.7065246],[129.4391006,35.7065984],[129.4390839,35.7066256],[129.4390259,35.7067177],[129.4390138,35.7067425],[129.4389949,35.7067815],[129.4389766,35.7068123],[129.4389674,35.7068215],[129.4389593,35.7068276],[129.4389478,35.7068335],[129.4389378,35.7068367],[129.4389275,35.7068393],[129.4389166,35.7068399],[129.4389054,35.7068399],[129.4388911,35.7068389],[129.4387713,35.7068235],[129.4387664,35.7068589],[129.4389069,35.7068692],[129.4389192,35.7068697],[129.4389308,35.7068697],[129.4389437,35.7068693],[129.438955,35.7068678],[129.4389655,35.7068645],[129.4389853,35.7068549],[129.4390315,35.706785],[129.4390895,35.7066821],[129.4391301,35.7066106],[129.4391775,35.7065356],[129.4391874,35.706514],[129.4392193,35.7064201],[129.4392241,35.7063983],[129.43924,35.7063445],[129.4392452,35.7063328],[129.4392629,35.7062972],[129.4392919,35.7062715],[129.4393732,35.706225],[129.4394652,35.706162],[129.4395693,35.7060763],[129.4396231,35.7060203],[129.439767,35.7058278],[129.4397855,35.7057936],[129.4397959,35.7057612],[129.4397986,35.7057423],[129.4398066,35.7056494],[129.4398063,35.7055483],[129.4398068,35.7054947],[129.4398099,35.7053777],[129.4398136,35.7052936],[129.4398177,35.7052255],[129.439826,35.705191],[129.43984,35.70514],[129.4398644,35.7050993],[129.4399962,35.7049589],[129.4401092,35.7048601],[129.4401844,35.7048163]]]]}},{"type":"Feature","properties":{"UFID":"100035906007A00110100000004574596"},"geometry":{"type":"MultiPolygon","coordinates":[[[[129.4133736,35.7327303],[129.4135924,35.7326747],[129.4135821,35.732644],[129.4134847,35.7326752],[129.4134043,35.7326885],[129.413394,35.7326884],[129.4133834,35.7326845],[129.4133835,35.7326567],[129.4133089,35.7326749],[129.4132972,35.7327133],[129.4133098,35.7327231],[129.4133414,35.7327332],[129.4133512,35.7327408],[129.4133719,35.7327444],[129.4133736,35.7327303]]]]}},{"type":"Feature","properties":{"UFID":"100035906017A00110100000004574598"},"geometry":{"type":"MultiPolygon","coordinates":[[[[129.4143819,35.7072043],[129.4143647,35.7071928],[129.4142648,35.7072341],[129.4142611,35.7072383],[129.4143819,35.7072043]]]]}},{"type":"Feature","properties":{"UFID":"100035906017A00110100000004574599"},"geometry":{"type":"MultiPolygon","coordinates":[[[[129.4117487,35.7183994],[129.4117703,35.7183716],[129.4117582,35.7183662],[129.4117124,35.7183454],[129.411711,35.7183447],[129.4116929,35.7183342],[129.411639,35.7183099],[129.4115614,35.7182905],[129.4115513,35.7182906],[129.4115295,35.7182916],[129.411485,35.7182988],[129.4114792,35.7183011],[129.4114748,35.7183027],[129.4114131,35.7183324],[129.41141,35.7183339],[129.4113165,35.7183844],[129.4112396,35.7184308],[129.4111607,35.7184808],[129.4110927,35.7185186],[129.4110534,35.7185346],[129.4109839,35.7185588],[129.4109731,35.7185621],[129.4109032,35.7185914],[129.4107855,35.7186642],[129.4107148,35.7187234],[129.4106936,35.7187434],[129.4107183,35.7187614],[129.4107392,35.7187417],[129.4108067,35.7186852],[129.4109211,35.7186143],[129.4109865,35.7185869],[129.4109961,35.718584],[129.4110673,35.7185591],[129.4111095,35.7185419],[129.4111802,35.7185026],[129.4112596,35.7184524],[129.4113355,35.7184066],[129.4114278,35.7183567],[129.4114301,35.7183556],[129.41149,35.7183268],[129.4114933,35.7183256],[129.4114957,35.7183246],[129.4115337,35.7183185],[129.4115525,35.7183176],[129.4115566,35.7183176],[129.4116259,35.718335],[129.4116753,35.7183572],[129.4116935,35.7183676],[129.4117329,35.7183893],[129.4117487,35.7183994]]]]}},{"type":"Feature","properties":{"UFID":"100035906007A00110100000004574600"},"geometry":{"type":"MultiPolygon","coordinates":[[[[129.4029187,35.7277736],[129.4029347,35.7277308],[129.4028888,35.7277324],[129.4027946,35.7277397],[129.4027164,35.7277406],[129.402701,35.7277382],[129.4026886,35.7277346],[129.402679,35.72773],[129.4026708,35.7277247],[129.4026645,35.7277183],[129.4026583,35.7277085],[129.4026542,35.7276997],[129.4026511,35.7276817],[129.4026637,35.7276245],[129.4026342,35.7276235],[129.4026207,35.7276695],[129.4026157,35.7277851],[129.4026187,35.7277994],[129.4026246,35.7278075],[129.4026338,35.7278104],[129.402645,35.727812],[129.4026539,35.7278124],[129.4026631,35.7278123],[129.4026837,35.7278102],[129.4028463,35.727767],[129.4028873,35.7277658],[129.4029187,35.7277736]]]]}},{"type":"Feature","properties":{"UFID":"100035906017A00110100000004574601"},"geometry":{"type":"MultiPolygon","coordinates":[[[[129.4155007,35.7060178],[129.4154902,35.7059843],[129.4154671,35.7059905],[129.4154619,35.7059932],[129.4154494,35.7060083],[129.4153917,35.7060776],[129.4153799,35.7061891],[129.415376,35.7061927],[129.4153703,35.7061961],[129.4154121,35.706212],[129.4154178,35.7061869],[129.4154188,35.7060841],[129.4154217,35.7060768],[129.4154305,35.706067],[129.4154691,35.7060252],[129.4155007,35.7060178]]]]}},{"type":"Feature","properties":{"UFID":"100035906017A00110100000004574602"},"geometry":{"type":"MultiPolygon","coordinates":[[[[129.4154121,35.706212],[129.4153703,35.7061961],[129.4153381,35.7062334],[129.4153787,35.706251],[129.4154121,35.706212]]]]}},{"type":"Feature","properties":{"UFID":"100035906017A00110100000004574603"},"geometry":{"type":"MultiPolygon","coordinates":[[[[129.4153787,35.706251],[129.4153381,35.7062334],[129.4153289,35.7062648],[129.4153613,35.7062712],[129.4153787,35.706251]]]]}},{"type":"Feature","properties":{"UFID":"100035906017A00110100000004574604"},"geometry":{"type":"MultiPolygon","coordinates":[[[[129.4153703,35.7061961],[129.4153664,35.7061924],[129.4153628,35.706177],[129.4153578,35.7061505],[129.4153538,35.706142],[129.4153433,35.7061411],[129.415231,35.7061587],[129.4151585,35.7061628],[129.4151664,35.706225],[129.4153322,35.7062312],[129.4153381,35.7062334],[129.4153703,35.7061961]]]]}},{"type":"Feature","properties":{"UFID":"100035906017A00110100000004574605"},"geometry":{"type":"MultiPolygon","coordinates":[[[[129.4157848,35.7041076],[129.4158119,35.7040362],[129.4157205,35.7040586],[129.4156923,35.7040719],[129.4155895,35.7041771],[129.4156149,35.7042371],[129.4157165,35.7041362],[129.4157484,35.7041161],[129.4157612,35.7041103],[129.4157691,35.7041088],[129.4157848,35.7041076]]]]}},{"type":"Feature","properties":{"UFID":"100035906017A00110100000004574606"},"geometry":{"type":"MultiPolygon","coordinates":[[[[129.4190662,35.7022666],[129.4189952,35.7022613],[129.4187922,35.7021546],[129.4187333,35.7021798],[129.4188211,35.7022168],[129.4188173,35.7022259],[129.4189677,35.7023067],[129.4189886,35.7023583],[129.4190662,35.7022666]]]]}},{"type":"Feature","properties":{"UFID":"100035906017A00110100000004574607"},"geometry":{"type":"MultiPolygon","coordinates":[[[[129.4190972,35.7022899],[129.4190662,35.7022666],[129.4189886,35.7023583],[129.4190068,35.7023945],[129.4190972,35.7022899]]]]}},{"type":"Feature","properties":{"UFID":"100035906017A00110100000004574608"},"geometry":{"type":"MultiPolygon","coordinates":[[[[129.4191251,35.7022819],[129.4190935,35.7022311],[129.4190662,35.7022666],[129.4190972,35.7022899],[129.4191132,35.702284],[129.4191251,35.7022819]]]]}},{"type":"Feature","properties":{"UFID":"100035906017A00110100000004574609"},"geometry":{"type":"MultiPolygon","coordinates":[[[[129.4164132,35.7136441],[129.4164282,35.7135417],[129.4163326,35.7137168],[129.4163599,35.7137314],[129.4164132,35.7136441]]]]}},{"type":"Feature","properties":{"UFID":"100035906017A00110100000004574610"},"geometry":{"type":"MultiPolygon","coordinates":[[[[129.4149086,35.7131112],[129.4149322,35.7130203],[129.4148317,35.7130771],[129.4148209,35.7131844],[129.4149086,35.7131112]]]]}},{"type":"Feature","properties":{"UFID":"100035906017A00110100000004574611"},"geometry":{"type":"MultiPolygon","coordinates":[[[[129.4149322,35.7130203],[129.4149285,35.7130118],[129.414928,35.7130059],[129.4149292,35.7129983],[129.4149315,35.7129849],[129.4149608,35.7129322],[129.4150166,35.7128836],[129.4149642,35.7128737],[129.4148995,35.712957],[129.4148569,35.7130404],[129.4148317,35.7130771],[129.4149322,35.7130203]]]]}},{"type":"Feature","properties":{"UFID":"100035906017A00110100000004574612"},"geometry":{"type":"MultiPolygon","coordinates":[[[[129.416191,35.71237],[129.4162074,35.7123032],[129.4161927,35.7123047],[129.4161108,35.7123077],[129.4160877,35.7122774],[129.4157888,35.7124587],[129.4156554,35.7125348],[129.415385,35.7127261],[129.4152321,35.7128329],[129.4150876,35.7129272],[129.4149322,35.7130203],[129.4149086,35.7131112],[129.4149986,35.713056],[129.4151079,35.71299],[129.4151977,35.7129327],[129.415352,35.71282],[129.4154807,35.7127366],[129.4155907,35.7126613],[129.4157427,35.7125617],[129.4159361,35.7124754],[129.416134,35.7123874],[129.416191,35.71237]]]]}},{"type":"Feature","properties":{"UFID":"100035906017A00110100000004574613"},"geometry":{"type":"MultiPolygon","coordinates":[[[[129.4164928,35.7123384],[129.4164611,35.7123553],[129.416455,35.7123547],[129.4164406,35.7123517],[129.4163217,35.7123107],[129.4162483,35.7123692],[129.4162986,35.7123815],[129.4163895,35.7124674],[129.4164509,35.7125722],[129.4164928,35.7123384]]]]}},{"type":"Feature","properties":{"UFID":"100035906017A00110100000004574614"},"geometry":{"type":"MultiPolygon","coordinates":[[[[129.4163217,35.7123107],[129.4162074,35.7123032],[129.416191,35.71237],[129.4162483,35.7123692],[129.4163217,35.7123107]]]]}},{"type":"Feature","properties":{"UFID":"100035906017A00110100000004574615"},"geometry":{"type":"MultiPolygon","coordinates":[[[[129.4162074,35.7123032],[129.4163217,35.7123107],[129.4163586,35.712253],[129.4163813,35.7122333],[129.4163475,35.7122006],[129.4162074,35.7123032]]]]}},{"type":"Feature","properties":{"UFID":"100035906017A00110100000004574616"},"geometry":{"type":"MultiPolygon","coordinates":[[[[129.4076436,35.7064592],[129.4076212,35.7064541],[129.4075625,35.7064246],[129.4074982,35.7063881],[129.4074426,35.706348],[129.4074073,35.7063071],[129.4073805,35.7062673],[129.4073362,35.7062155],[129.4072938,35.706184],[129.4072316,35.7061576],[129.4071599,35.7061369],[129.4071153,35.706127],[129.4070905,35.7061277],[129.4070382,35.7061289],[129.4070178,35.7061279],[129.4069947,35.706125],[129.4069525,35.70611],[129.4069375,35.7061014],[129.4068671,35.7060396],[129.4068502,35.7060729],[129.4069179,35.7061238],[129.4069366,35.7061339],[129.4069854,35.7061512],[129.4070143,35.7061548],[129.4070376,35.706156],[129.4070915,35.7061547],[129.4071114,35.7061542],[129.40715,35.7061627],[129.4072184,35.7061825],[129.4072747,35.7062063],[129.4073111,35.7062334],[129.4073523,35.7062816],[129.4073792,35.7063215],[129.4074178,35.7063662],[129.4074781,35.7064097],[129.4075558,35.7064513],[129.4076123,35.7064769],[129.4076347,35.706483],[129.4076436,35.7064592]]]]}},{"type":"Feature","properties":{"UFID":"100035906017A00110100000004574617"},"geometry":{"type":"MultiPolygon","coordinates":[[[[129.4077352,35.7064691],[129.4076436,35.7064592],[129.4076347,35.706483],[129.4077297,35.7064962],[129.4077352,35.7064691]]]]}},{"type":"Feature","properties":{"UFID":"100035906017A00110100000004574618"},"geometry":{"type":"MultiPolygon","coordinates":[[[[129.4076436,35.7064592],[129.4077352,35.7064691],[129.4077254,35.7064633],[129.4077138,35.7064051],[129.4077137,35.7063836],[129.4077244,35.7063668],[129.4076977,35.7063544],[129.4076725,35.7063932],[129.4076469,35.7064554],[129.4076436,35.7064592]]]]}},{"type":"Feature","properties":{"UFID":"100035906017A00110100000004574619"},"geometry":{"type":"MultiPolygon","coordinates":[[[[129.4068003,35.7060035],[129.4068671,35.7060396],[129.4068765,35.7059969],[129.4069012,35.7059272],[129.4069067,35.7058836],[129.406891,35.705827],[129.4068467,35.7057296],[129.4068276,35.7057335],[129.4068379,35.7057542],[129.4068344,35.7057932],[129.4068688,35.705853],[129.4068748,35.7059001],[129.4068321,35.7059897],[129.4068003,35.7060035]]]]}},{"type":"Feature","properties":{"UFID":"100035906017A00110100000004574620"},"geometry":{"type":"MultiPolygon","coordinates":[[[[129.4007277,35.7227912],[129.4007391,35.7227555],[129.4005991,35.7227936],[129.400603,35.7228221],[129.4006684,35.7228023],[129.4006759,35.7228006],[129.4007049,35.7227937],[129.4007115,35.7227926],[129.4007277,35.7227912]]]]}},{"type":"Feature","properties":{"UFID":"100035906017A00110100000004574621"},"geometry":{"type":"MultiPolygon","coordinates":[[[[129.400603,35.7228221],[129.4005991,35.7227936],[129.4004874,35.7228372],[129.4004778,35.7228401],[129.4004021,35.7228598],[129.4003839,35.722864],[129.4003759,35.7228649],[129.4003666,35.7228648],[129.4003674,35.7229016],[129.4003907,35.7228905],[129.4004117,35.7228857],[129.4004886,35.7228657],[129.4005004,35.7228621],[129.400603,35.7228221]]]]}},{"type":"Feature","properties":{"UFID":"100035906017A00110100000004574622"},"geometry":{"type":"MultiPolygon","coordinates":[[[[129.4005991,35.7227936],[129.4007391,35.7227555],[129.4006705,35.7227515],[129.4006411,35.7227503],[129.4004817,35.7227805],[129.4004432,35.7227821],[129.4003012,35.7227759],[129.4002966,35.7228199],[129.4004158,35.7228221],[129.4004597,35.722817],[129.4005889,35.7227864],[129.4005991,35.7227936]]]]}},{"type":"Feature","properties":{"UFID":"100035906007A00110100000004574639"},"geometry":{"type":"MultiPolygon","coordinates":[[[[129.4086851,35.7362466],[129.4086835,35.7362101],[129.4086255,35.7362129],[129.4085988,35.7362158],[129.4085792,35.7362202],[129.4085703,35.736227],[129.4085649,35.7362365],[129.4085634,35.7362549],[129.4085653,35.736277],[129.4085837,35.7363092],[129.4086755,35.736422],[129.4087004,35.7364085],[129.4086411,35.7363177],[129.408631,35.7362796],[129.4086347,35.7362663],[129.4086395,35.7362575],[129.4086851,35.7362466]]]]}},{"type":"Feature","properties":{"UFID":"100035906017A00110100000004574641"},"geometry":{"type":"MultiPolygon","coordinates":[[[[129.4088239,35.7066813],[129.4087918,35.7066786],[129.4087671,35.7066714],[129.4087599,35.7066689],[129.4087339,35.7066563],[129.4087043,35.7066372],[129.4086681,35.7066102],[129.4086275,35.7065795],[129.4085401,35.7065106],[129.4084701,35.7064641],[129.4084079,35.7064567],[129.4083899,35.7064575],[129.4083505,35.7064628],[129.4083324,35.7064654],[129.4083241,35.7064669],[129.4082588,35.7064711],[129.4082451,35.7064708],[129.4082049,35.7064692],[129.4080176,35.7064688],[129.4077352,35.7064691],[129.4077297,35.7064962],[129.4078719,35.7064993],[129.4078995,35.7065211],[129.408012,35.7065155],[129.4080342,35.7064964],[129.4080547,35.706495],[129.408204,35.7064962],[129.4082439,35.7064978],[129.4082597,35.7064982],[129.408329,35.7064937],[129.4083388,35.7064919],[129.4083561,35.7064895],[129.4083935,35.7064844],[129.4084064,35.7064838],[129.4084562,35.7064898],[129.408518,35.7065308],[129.4086047,35.7065991],[129.4086456,35.7066301],[129.4086828,35.7066579],[129.4087151,35.7066786],[129.4087449,35.7066931],[129.4087552,35.7066966],[129.4087844,35.7067051],[129.4088221,35.7067084],[129.4088239,35.7066813]]]]}},{"type":"Feature","properties":{"UFID":"100035906007A00110100000004574646"},"geometry":{"type":"MultiPolygon","coordinates":[[[[129.4032066,35.7466005],[129.4031599,35.7466119],[129.4031839,35.7466384],[129.4031537,35.74674],[129.403193,35.746752],[129.4032183,35.746618],[129.4032066,35.7466005]]]]}},{"type":"Feature","properties":{"UFID":"100035906007A00110100000004574647"},"geometry":{"type":"MultiPolygon","coordinates":[[[[129.4123249,35.732771],[129.412323,35.7327699],[129.412279,35.7327416],[129.4122784,35.732709],[129.4121772,35.7327444],[129.4122249,35.7327736],[129.4122608,35.7327916],[129.4122668,35.7327967],[129.4122665,35.7327993],[129.4123249,35.732771]]]]}},{"type":"Feature","properties":{"UFID":"100035906007A00110100000004574648"},"geometry":{"type":"MultiPolygon","coordinates":[[[[129.4084762,35.7306488],[129.4083162,35.7306364],[129.4081347,35.7307163],[129.4082943,35.7307272],[129.4084762,35.7306488]]]]}},{"type":"Feature","properties":{"UFID":"100035906007A00110100000004574649"},"geometry":{"type":"MultiPolygon","coordinates":[[[[129.4086417,35.7305768],[129.4086246,35.7305376],[129.4084826,35.7305697],[129.4083458,35.7306271],[129.4083162,35.7306364],[129.4084762,35.7306488],[129.4086417,35.7305768]]]]}},{"type":"Feature","properties":{"UFID":"100035906017A00110100000004574650"},"geometry":{"type":"MultiPolygon","coordinates":[[[[129.4081555,35.7145028],[129.4079162,35.7144716],[129.4077286,35.714425],[129.4075805,35.7143799],[129.4075159,35.7143383],[129.4074985,35.7143164],[129.4074905,35.7142955],[129.4074889,35.7142865],[129.4074964,35.7142633],[129.4077279,35.7141698],[129.4079678,35.7141005],[129.4080675,35.71409],[129.4081798,35.7140924],[129.4081736,35.7140407],[129.4080233,35.7140529],[129.4078203,35.7140913],[129.4076353,35.7141439],[129.4074633,35.7141626],[129.4074301,35.7141657],[129.4073973,35.7141678],[129.4073711,35.7141704],[129.4073506,35.7141747],[129.4073334,35.7141811],[129.4073167,35.7141963],[129.4073085,35.7142265],[129.4073109,35.714256],[129.4073212,35.7142883],[129.40741,35.7143826],[129.407449,35.7144099],[129.4074674,35.7144187],[129.4074956,35.7144271],[129.4077649,35.7145022],[129.4078659,35.7145242],[129.408209,35.7145578],[129.4082197,35.7145607],[129.4081555,35.7145028]]]]}},{"type":"Feature","properties":{"UFID":"100035906017A00110100000004574651"},"geometry":{"type":"MultiPolygon","coordinates":[[[[129.4091736,35.7144626],[129.4091179,35.7144489],[129.4089998,35.7146074],[129.4090279,35.714613],[129.409082,35.7146237],[129.4091736,35.7144626]]]]}},{"type":"Feature","properties":{"UFID":"100035906017A00110100000004574652"},"geometry":{"type":"MultiPolygon","coordinates":[[[[129.4091179,35.7144489],[129.4091736,35.7144626],[129.4091831,35.714446],[129.4092779,35.7142949],[129.4093037,35.7142366],[129.4093112,35.7141847],[129.4092968,35.7141265],[129.4092585,35.7140707],[129.4091711,35.7140116],[129.4091417,35.7140024],[129.4091007,35.713992],[129.4089855,35.7139766],[129.4088355,35.7139308],[129.4087501,35.7139017],[129.4085133,35.713824],[129.4084112,35.7137974],[129.4083182,35.7137931],[129.4082924,35.7137942],[129.4082681,35.7137953],[129.408252,35.7137979],[129.4082036,35.7138065],[129.4078735,35.7138768],[129.4076773,35.7138926],[129.4076794,35.7139302],[129.4078703,35.7139194],[129.4079972,35.7139119],[129.408023,35.7139096],[129.4080905,35.7139057],[129.4081264,35.7139006],[129.4081532,35.7138941],[129.4081976,35.713881],[129.4083074,35.7138485],[129.4083263,35.7138464],[129.4083464,35.7138452],[129.4083709,35.7138445],[129.4084719,35.7138534],[129.4087916,35.7139512],[129.4089174,35.7139934],[129.4090566,35.7140239],[129.4091283,35.7140445],[129.4091835,35.7140718],[129.4092225,35.7141024],[129.4092558,35.7141671],[129.4092598,35.7141947],[129.4092611,35.7142144],[129.4092582,35.7142368],[129.4092524,35.7142469],[129.409183,35.7143615],[129.4091179,35.7144489]]]]}},{"type":"Feature","properties":{"UFID":"100035906017A00110100000004574653"},"geometry":{"type":"MultiPolygon","coordinates":[[[[129.4245954,35.7169953],[129.4246126,35.7167689],[129.4246778,35.7165834],[129.4247479,35.7163821],[129.4247714,35.7161991],[129.4247933,35.7159268],[129.4247864,35.7158048],[129.4247708,35.7157808],[129.4247609,35.7157685],[129.424755,35.715745],[129.4247343,35.715604],[129.4247087,35.7155107],[129.4246846,35.7154709],[129.4245618,35.7153861],[129.4244407,35.7153176],[129.4241911,35.7152066],[129.4239535,35.7151335],[129.4239372,35.7151797],[129.4242498,35.7152787],[129.424499,35.7154126],[129.4245915,35.7155577],[129.4246534,35.7157597],[129.4246677,35.715959],[129.4246245,35.716311],[129.4245716,35.7165653],[129.4245428,35.7166031],[129.4245243,35.716615],[129.4245086,35.7166298],[129.424499,35.7166616],[129.4244816,35.7168668],[129.4244745,35.7171072],[129.4244687,35.7172445],[129.4245954,35.7169953]]]]}},{"type":"Feature","properties":{"UFID":"100035906017A00110100000004574654"},"geometry":{"type":"MultiPolygon","coordinates":[[[[129.424613,35.7171591],[129.4245954,35.7169953],[129.4244687,35.7172445],[129.4245223,35.7172919],[129.424613,35.7171591]]]]}},{"type":"Feature","properties":{"UFID":"100035906017A00110100000004574655"},"geometry":{"type":"MultiPolygon","coordinates":[[[[129.4245223,35.7172919],[129.4244687,35.7172445],[129.4244502,35.7173059],[129.4244459,35.7175073],[129.424487,35.7175116],[129.4245043,35.7172903],[129.4245223,35.7172919]]]]}},{"type":"Feature","properties":{"UFID":"100035906007A00110100000004574656"},"geometry":{"type":"MultiPolygon","coordinates":[[[[129.4098697,35.7343189],[129.4098493,35.734297],[129.4098423,35.7343004],[129.4097655,35.7343532],[129.4097131,35.7343991],[129.4096637,35.7344517],[129.4096256,35.7345064],[129.4095907,35.7345689],[129.4095641,35.7346187],[129.4095186,35.7346947],[129.4094683,35.7347863],[129.4094183,35.734873],[129.4093582,35.7349965],[129.4093458,35.735021],[129.4093766,35.7350311],[129.4093889,35.7350066],[129.4094488,35.7348837],[129.4094984,35.7347976],[129.4095487,35.7347061],[129.4095943,35.7346299],[129.4096217,35.7345787],[129.4096552,35.7345187],[129.4096914,35.7344667],[129.4097385,35.7344166],[129.4097884,35.7343728],[129.4098613,35.7343227],[129.4098697,35.7343189]]]]}},{"type":"Feature","properties":{"UFID":"100035906017A00110100000004574657"},"geometry":{"type":"MultiPolygon","coordinates":[[[[129.4083672,35.7145047],[129.4081555,35.7145028],[129.4082197,35.7145607],[129.4083266,35.7145654],[129.4083672,35.7145047]]]]}},{"type":"Feature","properties":{"UFID":"100035906017A00110100000004574658"},"geometry":{"type":"MultiPolygon","coordinates":[[[[129.4091179,35.7144489],[129.4090333,35.7144651],[129.4086749,35.7145074],[129.4083672,35.7145047],[129.4083266,35.7145654],[129.4083912,35.7145606],[129.4084196,35.7145602],[129.4086087,35.7145562],[129.4086608,35.714556],[129.4086886,35.714556],[129.4087654,35.714561],[129.4089998,35.7146074],[129.4091179,35.7144489]]]]}},{"type":"Feature","properties":{"UFID":"100035906007A00110100000004574785"},"geometry":{"type":"MultiPolygon","coordinates":[[[[129.403682,35.7465132],[129.403562,35.7465412],[129.403572,35.7465415],[129.4035775,35.7465452],[129.403581,35.7465502],[129.4035837,35.7465556],[129.4035942,35.7466284],[129.4035939,35.746656],[129.4035804,35.7467011],[129.403569,35.7467178],[129.4035592,35.7467263],[129.4035153,35.7467777],[129.403499,35.7468118],[129.4034904,35.7468359],[129.40349,35.7468512],[129.4034893,35.7468649],[129.4034903,35.7468845],[129.40349,35.7468925],[129.4034893,35.7469013],[129.4034751,35.7470209],[129.4034727,35.7470508],[129.4034738,35.7470695],[129.403474,35.7470701],[129.4034869,35.7471109],[129.4035023,35.7471651],[129.4035029,35.7471776],[129.4035032,35.7471852],[129.4035027,35.7471868],[129.4035014,35.7471903],[129.4034729,35.747231],[129.403431,35.7472791],[129.4034119,35.7473483],[129.4034075,35.7473829],[129.4034064,35.7473918],[129.403386,35.7474328],[129.4033783,35.747446],[129.4033745,35.7474508],[129.4033643,35.7474571],[129.4033385,35.7474634],[129.4032854,35.7474726],[129.4032373,35.7474806],[129.4032424,35.7475153],[129.4034046,35.7474875],[129.4034482,35.7474453],[129.4034475,35.747412],[129.4034336,35.747397],[129.4034446,35.7473526],[129.4034619,35.7472903],[129.4035009,35.7472456],[129.403532,35.7472011],[129.4035345,35.7471944],[129.4035365,35.7471884],[129.403536,35.7471771],[129.4035354,35.7471615],[129.4035191,35.7471045],[129.4035081,35.7470696],[129.4035068,35.7470654],[129.403506,35.747051],[129.4035082,35.7470231],[129.4035224,35.7469035],[129.4035232,35.7468937],[129.4035234,35.7468843],[129.4035225,35.7468649],[129.4035231,35.7468521],[129.4035235,35.7468401],[129.4035304,35.7468205],[129.4035448,35.7467906],[129.403585,35.7467434],[129.4035953,35.7467345],[129.4036014,35.7467262],[129.403605,35.7467202],[129.4036084,35.7467151],[129.4036153,35.7466907],[129.4036351,35.7466207],[129.403682,35.7465132]]]]}},{"type":"Feature","properties":{"UFID":"100035906007A00110100000004574786"},"geometry":{"type":"MultiPolygon","coordinates":[[[[129.4094007,35.7367132],[129.409464,35.7367523],[129.4094641,35.7367492],[129.4094645,35.7367436],[129.4094923,35.7367073],[129.4095238,35.7366702],[129.4095346,35.7366383],[129.4095357,35.736615],[129.409533,35.7365995],[129.4095121,35.7365436],[129.409476,35.7364591],[129.4094301,35.7363889],[129.4093763,35.7363146],[129.40936,35.7362804],[129.4093583,35.7362714],[129.4093579,35.7362612],[129.4093694,35.7362295],[129.4093748,35.7362223],[129.4093827,35.7362134],[129.4094034,35.7362],[129.4094114,35.7361974],[129.4094012,35.7361714],[129.4093523,35.7361935],[129.4093473,35.7362005],[129.4093322,35.7362354],[129.4093298,35.7362526],[129.4093307,35.7362746],[129.4093446,35.7363113],[129.4093936,35.7363845],[129.4094515,35.7364651],[129.4094803,35.7365367],[129.4095041,35.7366071],[129.4095012,35.7366444],[129.4094994,35.7366482],[129.4094653,35.7366938],[129.4094262,35.7367142],[129.4094173,35.7367148],[129.4094071,35.7367144],[129.4094007,35.7367132]]]]}},{"type":"Feature","properties":{"UFID":"100035906007A00110100000004574787"},"geometry":{"type":"MultiPolygon","coordinates":[[[[129.409464,35.7367523],[129.4094007,35.7367132],[129.4093745,35.7367395],[129.4093832,35.7367449],[129.4093836,35.7367452],[129.4094093,35.7367606],[129.4094391,35.7367785],[129.409464,35.7367523]]]]}},{"type":"Feature","properties":{"UFID":"100035906007A00110100000004574788"},"geometry":{"type":"MultiPolygon","coordinates":[[[[129.4037885,35.7465288],[129.4037424,35.7465182],[129.4037465,35.7465284],[129.4037413,35.7465452],[129.4037726,35.7465545],[129.4037885,35.7465288]]]]}},{"type":"Feature","properties":{"UFID":"100035906007A00110100000004574789"},"geometry":{"type":"MultiPolygon","coordinates":[[[[129.413857,35.730713],[129.4138279,35.7306755],[129.4138205,35.7306837],[129.4138071,35.7306905],[129.4138323,35.7307255],[129.413857,35.730713]]]]}},{"type":"Feature","properties":{"UFID":"100035906007A00110100000004574790"},"geometry":{"type":"MultiPolygon","coordinates":[[[[129.4123097,35.7328136],[129.4123249,35.732771],[129.4122665,35.7327993],[129.4122693,35.7328305],[129.4123097,35.7328136]]]]}},{"type":"Feature","properties":{"UFID":"100035906007A00110100000004574791"},"geometry":{"type":"MultiPolygon","coordinates":[[[[129.4113282,35.7333185],[129.4112493,35.7333274],[129.4112642,35.7333492],[129.4112666,35.7333934],[129.4113207,35.7333914],[129.4113183,35.7333479],[129.4113282,35.7333185]]]]}},{"type":"Feature","properties":{"UFID":"100035906007A00110100000004574792"},"geometry":{"type":"MultiPolygon","coordinates":[[[[129.4113282,35.7333185],[129.4113257,35.7332915],[129.4112883,35.7332956],[129.4112461,35.7333005],[129.4112493,35.7333274],[129.4113282,35.7333185]]]]}},{"type":"Feature","properties":{"UFID":"100035906007A00110100000004574793"},"geometry":{"type":"MultiPolygon","coordinates":[[[[129.4090509,35.7357434],[129.409019,35.7357356],[129.4090011,35.7357737],[129.4090327,35.735782],[129.4090417,35.7357627],[129.4090509,35.7357434]]]]}},{"type":"Feature","properties":{"UFID":"100035906007A00110100000004574794"},"geometry":{"type":"MultiPolygon","coordinates":[[[[129.409019,35.7357356],[129.408905,35.7357125],[129.4088933,35.7357519],[129.4090011,35.7357737],[129.409019,35.7357356]]]]}},{"type":"Feature","properties":{"UFID":"100035906007A00110100000004574795"},"geometry":{"type":"MultiPolygon","coordinates":[[[[129.4123097,35.7328136],[129.4122693,35.7328305],[129.412271,35.7328307],[129.4122721,35.732831],[129.4122729,35.7328318],[129.4122753,35.7328836],[129.4123084,35.7328801],[129.412306,35.7328208],[129.4123061,35.7328188],[129.4123097,35.7328136]]]]}},{"type":"Feature","properties":{"UFID":"100035906007A00110100000004574796"},"geometry":{"type":"MultiPolygon","coordinates":[[[[129.4144824,35.7307931],[129.4144634,35.7307521],[129.4144335,35.7307577],[129.414379,35.7307744],[129.4143462,35.7307845],[129.4143201,35.7307925],[129.4143196,35.7307926],[129.4143194,35.7307926],[129.4141875,35.7307326],[129.4141005,35.7306975],[129.4140067,35.7306694],[129.4139126,35.7306457],[129.4139105,35.7306924],[129.413989,35.7307121],[129.4140787,35.730739],[129.4141618,35.7307725],[129.4143041,35.7308373],[129.4143183,35.7308378],[129.4143255,35.7308376],[129.4143328,35.7308364],[129.4143377,35.7308352],[129.4143657,35.7308267],[129.4143985,35.7308165],[129.4144513,35.7308003],[129.4144746,35.7307946],[129.4144824,35.7307931]]]]}},{"type":"Feature","properties":{"UFID":"100035906007A00110100000004574797"},"geometry":{"type":"MultiPolygon","coordinates":[[[[129.4139105,35.7306924],[129.4139126,35.7306457],[129.4138279,35.7306755],[129.413857,35.730713],[129.4138661,35.7307084],[129.4138872,35.730696],[129.4139105,35.7306924]]]]}},{"type":"Feature","properties":{"UFID":"100035906007A00110100000004574798"},"geometry":{"type":"MultiPolygon","coordinates":[[[[129.4029914,35.7455333],[129.402952,35.7455334],[129.4029513,35.7455644],[129.4029911,35.745578],[129.4029914,35.7455333]]]]}},{"type":"Feature","properties":{"UFID":"100035906007A00110100000004574799"},"geometry":{"type":"MultiPolygon","coordinates":[[[[129.404834,35.7299553],[129.4045958,35.729767],[129.4046055,35.7298054],[129.4046147,35.7298494],[129.4046152,35.7298566],[129.4046168,35.7298843],[129.4046153,35.7298906],[129.4046075,35.7299173],[129.4044997,35.7299973],[129.4044456,35.7300763],[129.4043822,35.7301993],[129.4043187,35.7303051],[129.4043618,35.7303248],[129.4044013,35.7302686],[129.4044652,35.7301798],[129.4045227,35.7301294],[129.4046278,35.7300468],[129.4047457,35.7299805],[129.4048036,35.7299599],[129.4048245,35.7299558],[129.404834,35.7299553]]]]}},{"type":"Feature","properties":{"UFID":"100035906007A00110100000004574800"},"geometry":{"type":"MultiPolygon","coordinates":[[[[129.4099421,35.7342836],[129.4099234,35.7342611],[129.4099164,35.7342641],[129.4098493,35.734297],[129.4098697,35.7343189],[129.4099421,35.7342836]]]]}},{"type":"Feature","properties":{"UFID":"100035906007A00110100000004574801"},"geometry":{"type":"MultiPolygon","coordinates":[[[[129.4099421,35.7342836],[129.4098697,35.7343189],[129.4098739,35.7343202],[129.409878,35.7343222],[129.40992,35.7343606],[129.4099609,35.7343991],[129.4099674,35.7344056],[129.410007,35.7344317],[129.4100405,35.7344493],[129.4100736,35.7344612],[129.4101288,35.7344783],[129.4101811,35.7344966],[129.410191,35.7344686],[129.4100921,35.7344406],[129.4100794,35.7344386],[129.4100394,35.734423],[129.4100325,35.73442],[129.4100172,35.7344101],[129.4099805,35.7343788],[129.4099473,35.7343455],[129.4099421,35.7342836]]]]}},{"type":"Feature","properties":{"UFID":"100035906007A00110100000004574802"},"geometry":{"type":"MultiPolygon","coordinates":[[[[129.4130843,35.7305509],[129.4130679,35.7305059],[129.4129932,35.7305334],[129.4130226,35.730581],[129.4130843,35.7305509]]]]}},{"type":"Feature","properties":{"UFID":"100035906007A00110100000004574803"},"geometry":{"type":"MultiPolygon","coordinates":[[[[129.4130226,35.730581],[129.4129932,35.7305334],[129.4129922,35.730552],[129.4129617,35.7306266],[129.4129415,35.7306605],[129.4129815,35.7306713],[129.4129992,35.730647],[129.4130178,35.7305882],[129.4130193,35.7305832],[129.4130226,35.730581]]]]}},{"type":"Feature","properties":{"UFID":"100035906007A00110100000004574804"},"geometry":{"type":"MultiPolygon","coordinates":[[[[129.4130679,35.7305059],[129.4130118,35.730351],[129.4129289,35.7303746],[129.4129932,35.7305334],[129.4130679,35.7305059]]]]}},{"type":"Feature","properties":{"UFID":"100035906007A00110100000004574805"},"geometry":{"type":"MultiPolygon","coordinates":[[[[129.4122693,35.7328305],[129.4122665,35.7327993],[129.4120932,35.7328769],[129.4120007,35.7329234],[129.4118712,35.7329905],[129.4117961,35.7330334],[129.4117244,35.7330861],[129.4116596,35.7331406],[129.4115663,35.7332321],[129.4115238,35.7332584],[129.4115068,35.7332638],[129.4114737,35.733272],[129.4114675,35.7332732],[129.4114252,35.7332797],[129.4114156,35.7332812],[129.4113519,35.7332882],[129.4113257,35.7332915],[129.4113282,35.7333185],[129.4113304,35.7333182],[129.4113567,35.733315],[129.4114209,35.7333079],[129.4114313,35.7333063],[129.4114744,35.7332996],[129.4114824,35.7332981],[129.4115176,35.7332893],[129.4115401,35.7332823],[129.4115894,35.7332517],[129.4116843,35.7331587],[129.4117475,35.7331055],[129.4118168,35.7330546],[129.4118897,35.733013],[129.4120183,35.7329463],[129.4121099,35.7329003],[129.4122135,35.7328537],[129.4122693,35.7328305]]]]}},{"type":"Feature","properties":{"UFID":"100035906007A00110100000004574806"},"geometry":{"type":"MultiPolygon","coordinates":[[[[129.402952,35.7455334],[129.4028296,35.74553],[129.4027611,35.7455313],[129.4026788,35.7454861],[129.4025124,35.7454363],[129.4024822,35.7454677],[129.4026779,35.7455075],[129.4027393,35.7455405],[129.4027876,35.7455578],[129.4028294,35.745557],[129.4029436,35.7455602],[129.4029513,35.7455644],[129.402952,35.7455334]]]]}},{"type":"Feature","properties":{"UFID":"100035906007A00110100000004574807"},"geometry":{"type":"MultiPolygon","coordinates":[[[[129.4130843,35.7305509],[129.4130226,35.730581],[129.4130274,35.730583],[129.4130304,35.7305901],[129.4130585,35.7306629],[129.4131137,35.7308751],[129.4131379,35.7309681],[129.4131939,35.7309427],[129.4131786,35.730877],[129.4131718,35.7308576],[129.4131052,35.7306088],[129.4130843,35.7305509]]]]}},{"type":"Feature","properties":{"UFID":"100035906007A00110100000004574808"},"geometry":{"type":"MultiPolygon","coordinates":[[[[129.4093766,35.7350311],[129.4093633,35.7350559],[129.4093704,35.7350581],[129.4094221,35.7350865],[129.4094334,35.7350937],[129.4094628,35.7351191],[129.4094665,35.7351308],[129.4094708,35.7351464],[129.4094738,35.7351582],[129.4094823,35.7351789],[129.4094921,35.7351943],[129.4095045,35.7352094],[129.4095447,35.735232],[129.40955,35.7352337],[129.4095683,35.7352397],[129.4095877,35.7352439],[129.4096076,35.7352482],[129.4096276,35.7352495],[129.4097214,35.7352555],[129.4098052,35.7352622],[129.4099143,35.7352779],[129.409939,35.7352832],[129.4099506,35.7352876],[129.4099531,35.7352982],[129.4099764,35.7353614],[129.4099962,35.7354022],[129.4099983,35.7354068],[129.410012,35.7354241],[129.4100685,35.7354753],[129.4101049,35.7355226],[129.4101075,35.7355278],[129.4101336,35.7355685],[129.410135,35.7355725],[129.4101478,35.7356029],[129.4101559,35.7356221],[129.4101564,35.7356255],[129.410157,35.7356296],[129.4101576,35.7356334],[129.4101582,35.7356392],[129.4101598,35.7356595],[129.4101612,35.7356778],[129.4101636,35.7357038],[129.410164,35.7357087],[129.410168,35.7357227],[129.4101692,35.7357267],[129.4101782,35.7357427],[129.4101899,35.7357546],[129.4102005,35.7357622],[129.4102461,35.735781],[129.4103422,35.7358122],[129.4103545,35.735787],[129.4102597,35.7357563],[129.4102193,35.7357397],[129.410214,35.7357359],[129.4102066,35.7357284],[129.4102007,35.7357179],[129.4102003,35.7357166],[129.4101969,35.7357046],[129.4101967,35.7357018],[129.4101943,35.735676],[129.4101929,35.7356578],[129.4101912,35.7356371],[129.4101905,35.7356306],[129.4101899,35.7356264],[129.4101893,35.7356224],[129.4101884,35.7356161],[129.4101792,35.7355941],[129.4101666,35.7355644],[129.4101646,35.7355585],[129.4101376,35.7355164],[129.4101345,35.7355102],[129.4100951,35.735459],[129.4100384,35.7354076],[129.4100282,35.7353947],[129.4100272,35.7353926],[129.4100077,35.7353525],[129.4099854,35.7352918],[129.4099799,35.7352689],[129.4099503,35.7352577],[129.4099214,35.7352515],[129.4098097,35.7352354],[129.4097243,35.7352286],[129.4096302,35.7352226],[129.4096132,35.7352215],[129.4095963,35.7352178],[129.4095788,35.7352139],[129.4095623,35.7352086],[129.4095605,35.735208],[129.4095285,35.7351901],[129.4095207,35.7351805],[129.4095129,35.7351683],[129.4095058,35.7351512],[129.4095032,35.7351407],[129.4094987,35.7351244],[129.4094927,35.7351056],[129.4094559,35.7350737],[129.4094417,35.7350646],[129.4093856,35.7350338],[129.4093766,35.7350311]]]]}},{"type":"Feature","properties":{"UFID":"100035906007A00110100000004574809"},"geometry":{"type":"MultiPolygon","coordinates":[[[[129.4093766,35.7350311],[129.4093458,35.735021],[129.4093394,35.7350336],[129.4093327,35.7350453],[129.4093633,35.7350559],[129.4093766,35.7350311]]]]}},{"type":"Feature","properties":{"UFID":"100035906007A00110100000004574810"},"geometry":{"type":"MultiPolygon","coordinates":[[[[129.4093633,35.7350559],[129.4093327,35.7350453],[129.4093196,35.7350682],[129.4092757,35.7351599],[129.4092536,35.7352107],[129.4092044,35.7353294],[129.4091553,35.7354426],[129.409109,35.7355437],[129.4090549,35.73566],[129.409019,35.7357356],[129.4090509,35.7357434],[129.4090859,35.7356696],[129.40914,35.7355532],[129.4091865,35.7354518],[129.4092357,35.7353383],[129.409285,35.7352196],[129.4093068,35.7351693],[129.4093501,35.7350789],[129.4093633,35.7350559]]]]}},{"type":"Feature","properties":{"UFID":"100035906007A00110100000004574811"},"geometry":{"type":"MultiPolygon","coordinates":[[[[129.4039542,35.7463596],[129.4039495,35.7463546],[129.4039444,35.7463404],[129.4039442,35.7463267],[129.4039528,35.7463058],[129.4039862,35.7462228],[129.4040232,35.7461457],[129.4040622,35.7460791],[129.4040824,35.7460546],[129.4041354,35.746007],[129.4041939,35.7459717],[129.4042222,35.7459602],[129.4042909,35.7459323],[129.4043295,35.7459153],[129.4044434,35.7458794],[129.4045373,35.7458505],[129.4045441,35.7458484],[129.4045588,35.7458391],[129.4045682,35.745832],[129.4045754,35.7458253],[129.4046003,35.7457955],[129.4046024,35.7457905],[129.4046146,35.7457639],[129.4046163,35.7457593],[129.4046307,35.7457035],[129.4046326,35.7456943],[129.4046597,35.7456446],[129.404662,35.7456423],[129.4047204,35.7455884],[129.4047247,35.7455847],[129.4047278,35.7455814],[129.40473,35.7455792],[129.4047353,35.7455741],[129.4047521,35.7455417],[129.4047674,35.7454965],[129.4047684,35.7454912],[129.4047986,35.7453641],[129.404813,35.7453055],[129.4048434,35.7451943],[129.4048776,35.7450704],[129.4049023,35.7449654],[129.4049273,35.7448323],[129.4049296,35.7448195],[129.4049529,35.7447705],[129.4049546,35.7447668],[129.4049657,35.7447483],[129.4050283,35.7446624],[129.4050907,35.7445695],[129.4051558,35.7444928],[129.4052091,35.7444289],[129.4052121,35.7444241],[129.4052136,35.7444197],[129.4052322,35.7443726],[129.4052331,35.7443668],[129.4052412,35.7443171],[129.4052418,35.7443093],[129.4052534,35.744238],[129.4052544,35.7442325],[129.4052744,35.7441734],[129.4052769,35.7441694],[129.4053228,35.7441028],[129.4054004,35.7439924],[129.4054686,35.7438917],[129.4054926,35.7438414],[129.4055462,35.7437206],[129.4056022,35.7435995],[129.4056076,35.7435692],[129.4056079,35.7435532],[129.4056028,35.7435058],[129.4056044,35.7434738],[129.405631,35.7433976],[129.4056645,35.7433168],[129.4056915,35.7432282],[129.4057311,35.7431198],[129.4057344,35.7431049],[129.4057831,35.7429951],[129.4058067,35.7429518],[129.4058465,35.7428792],[129.4059023,35.7427883],[129.4059068,35.7427802],[129.4059621,35.7427046],[129.4060229,35.7426378],[129.4060964,35.7425567],[129.4061066,35.742546],[129.4061446,35.7424925],[129.4061523,35.7424802],[129.4061761,35.7424046],[129.4062045,35.7423359],[129.4062404,35.7422651],[129.4063191,35.7421514],[129.4063719,35.7421009],[129.4063763,35.7420977],[129.4064923,35.7420402],[129.4065465,35.7420192],[129.4066009,35.7419917],[129.4066325,35.7419698],[129.4066473,35.7419561],[129.4066071,35.7419398],[129.4065958,35.7419585],[129.4065181,35.7419987],[129.4064097,35.7420473],[129.4063566,35.7420759],[129.4063483,35.7420818],[129.4062918,35.7421358],[129.4062105,35.7422532],[129.4061734,35.7423264],[129.4061443,35.7423969],[129.4061211,35.7424706],[129.4061155,35.7424796],[129.4060791,35.7425308],[129.40607,35.7425403],[129.4059963,35.7426217],[129.4059345,35.7426896],[129.4058774,35.7427676],[129.4058724,35.7427767],[129.4058165,35.7428676],[129.4057764,35.7429408],[129.4057523,35.742985],[129.4057023,35.7430978],[129.4056988,35.7431135],[129.4056595,35.7432211],[129.4056327,35.7433091],[129.4055993,35.7433896],[129.4055714,35.7434695],[129.4055696,35.7435064],[129.4055747,35.7435541],[129.4055745,35.743567],[129.4055699,35.7435927],[129.4055151,35.7437112],[129.4054616,35.7438319],[129.4054385,35.7438802],[129.4053715,35.7439792],[129.405294,35.7440895],[129.4052475,35.7441567],[129.4052433,35.7441637],[129.4052218,35.7442269],[129.4052205,35.7442343],[129.4052087,35.7443067],[129.4052082,35.7443146],[129.4052003,35.7443632],[129.4051997,35.7443666],[129.4051819,35.7444118],[129.4051811,35.7444141],[129.4051805,35.744415],[129.4051285,35.7444775],[129.4050625,35.7445553],[129.4049995,35.744649],[129.4049364,35.7447354],[129.404924,35.7447562],[129.4049219,35.7447609],[129.4048973,35.7448126],[129.4048945,35.7448283],[129.4048697,35.7449608],[129.4048451,35.7450649],[129.4048111,35.7451884],[129.4047806,35.7452999],[129.4047661,35.7453589],[129.4047357,35.7454866],[129.4047349,35.7454908],[129.4047207,35.7455328],[129.4047068,35.7455597],[129.4047043,35.745562],[129.4047017,35.7455647],[129.4046994,35.7455671],[129.4046958,35.7455703],[129.4046369,35.7456246],[129.4046313,35.7456301],[129.4046006,35.7456864],[129.4045981,35.7456984],[129.4045841,35.7457526],[129.4045832,35.7457552],[129.4045711,35.7457814],[129.4045703,35.7457833],[129.4045491,35.7458087],[129.4045444,35.7458132],[129.4045373,35.7458185],[129.4045279,35.7458245],[129.4045257,35.7458251],[129.4044316,35.7458542],[129.4043155,35.7458907],[129.4042756,35.7459083],[129.4042074,35.745936],[129.4041766,35.7459485],[129.4041131,35.7459868],[129.4040562,35.7460379],[129.4040333,35.7460657],[129.4039927,35.746135],[129.403955,35.7462136],[129.4039214,35.7462972],[129.4039006,35.7463473],[129.4038803,35.7463656],[129.4039542,35.7463596]]]]}},{"type":"Feature","properties":{"UFID":"100035906007A00110100000004574812"},"geometry":{"type":"MultiPolygon","coordinates":[[[[129.4029911,35.745578],[129.4029513,35.7455644],[129.4029529,35.7455694],[129.4029522,35.7455789],[129.4029316,35.7456669],[129.4029289,35.745741],[129.4029311,35.7457752],[129.4029336,35.7457956],[129.4029478,35.7459094],[129.4029515,35.746024],[129.4029523,35.7461278],[129.4029446,35.7462092],[129.4029441,35.7462144],[129.4029355,35.7462535],[129.4029349,35.746255],[129.4029006,35.7463114],[129.4028763,35.7463337],[129.4028184,35.7463751],[129.4027728,35.7464111],[129.4027576,35.7464265],[129.402784,35.7464428],[129.4027974,35.7464293],[129.4028408,35.746395],[129.4028997,35.7463529],[129.4029283,35.7463267],[129.4029659,35.7462649],[129.4029678,35.7462597],[129.402977,35.7462178],[129.4029777,35.7462113],[129.4029855,35.7461287],[129.4029847,35.7460236],[129.4029809,35.7459076],[129.4029666,35.7457929],[129.4029641,35.7457731],[129.4029621,35.7457407],[129.4029646,35.7456698],[129.4029841,35.745587],[129.4029911,35.745578]]]]}},{"type":"Feature","properties":{"UFID":"100035906007A00110100000004574813"},"geometry":{"type":"MultiPolygon","coordinates":[[[[129.4028693,35.7475448],[129.4028634,35.7475163],[129.4028026,35.747533],[129.4028239,35.7475577],[129.4028422,35.7475499],[129.4028693,35.7475448]]]]}},{"type":"Feature","properties":{"UFID":"100035906007A00110100000004574814"},"geometry":{"type":"MultiPolygon","coordinates":[[[[129.4032373,35.7474806],[129.4032275,35.7474785],[129.4032243,35.747474],[129.4032215,35.7474514],[129.4032146,35.7473847],[129.4032089,35.7473765],[129.4031972,35.7473701],[129.4031548,35.7473581],[129.403078,35.7473485],[129.403073,35.7473753],[129.4031468,35.7473845],[129.4031823,35.7473946],[129.4031884,35.7474528],[129.4031884,35.7474556],[129.4031879,35.7474779],[129.403184,35.7474863],[129.4031762,35.747491],[129.4032373,35.7474806]]]]}},{"type":"Feature","properties":{"UFID":"100035906007A00110100000004574815"},"geometry":{"type":"MultiPolygon","coordinates":[[[[129.4016308,35.7490138],[129.4016265,35.7490138],[129.401637,35.7489544],[129.401632,35.7489469],[129.4016166,35.7489382],[129.4015418,35.7488932],[129.4014816,35.7488693],[129.4014298,35.7488563],[129.4014139,35.7488564],[129.4013211,35.7488756],[129.401233,35.7489032],[129.401097,35.7489707],[129.4011157,35.7490017],[129.4012651,35.7489298],[129.401338,35.7489087],[129.4014148,35.7488924],[129.4014615,35.7488975],[129.4015192,35.7489146],[129.4015765,35.7489458],[129.4015872,35.748964],[129.4015859,35.749014],[129.4015896,35.7490739],[129.4016308,35.7490138]]]]}},{"type":"Feature","properties":{"UFID":"100035906007A00110100000004574816"},"geometry":{"type":"MultiPolygon","coordinates":[[[[129.4028239,35.7475577],[129.4028026,35.747533],[129.4027911,35.747545],[129.4027526,35.7475707],[129.4026953,35.7476045],[129.4026338,35.7476316],[129.4025928,35.747645],[129.4025064,35.7476726],[129.4025013,35.7476747],[129.4024973,35.747677],[129.4024933,35.7476791],[129.4024705,35.7476939],[129.4024376,35.7477246],[129.4024181,35.7477499],[129.4023739,35.7478133],[129.4023321,35.7478798],[129.402295,35.7479579],[129.402293,35.7479653],[129.4022929,35.747974],[129.4022946,35.7479821],[129.4023076,35.748025],[129.4023441,35.748114],[129.4023491,35.7481615],[129.4023489,35.7481745],[129.4023487,35.7481787],[129.4023359,35.7482142],[129.402333,35.7482188],[129.4023153,35.7482501],[129.4023131,35.7482543],[129.4022755,35.7483024],[129.4022724,35.7483063],[129.4022698,35.7483092],[129.4022171,35.7483607],[129.4021921,35.7483827],[129.402159,35.7484081],[129.402087,35.7484671],[129.4020827,35.7484703],[129.4020784,35.7484733],[129.4019897,35.7485474],[129.4019851,35.7485521],[129.4019078,35.74863],[129.4018625,35.7486764],[129.4017906,35.7487636],[129.4016485,35.7489744],[129.4016308,35.7490138],[129.4016576,35.7490215],[129.401662,35.7490073],[129.4016877,35.7489645],[129.4017237,35.7489129],[129.4017581,35.7488579],[129.4017706,35.7488356],[129.401819,35.7487688],[129.4018888,35.7486929],[129.4019336,35.7486469],[129.402011,35.748569],[129.4020146,35.7485653],[129.4021011,35.748493],[129.4021047,35.7484905],[129.40211,35.7484866],[129.4021821,35.7484275],[129.4022156,35.7484018],[129.402242,35.7483785],[129.4022959,35.7483259],[129.4022997,35.7483216],[129.4023034,35.7483169],[129.4023425,35.748267],[129.4023456,35.7482611],[129.4023628,35.7482307],[129.4023668,35.7482243],[129.4023816,35.7481832],[129.4023821,35.7481753],[129.4023823,35.7481606],[129.4023768,35.7481084],[129.4023395,35.7480174],[129.4023271,35.7479765],[129.4023261,35.7479719],[129.4023262,35.7479684],[129.4023269,35.7479656],[129.4023624,35.7478909],[129.402403,35.7478261],[129.4024465,35.7477638],[129.4024643,35.7477408],[129.4024935,35.7477135],[129.4025128,35.747701],[129.4025157,35.7476994],[129.4025184,35.747698],[129.4025202,35.7476972],[129.402605,35.7476702],[129.4026479,35.7476561],[129.402713,35.7476275],[129.4027707,35.7475933],[129.4028239,35.7475577]]]]}},{"type":"Feature","properties":{"UFID":"100035906007A00110100000004574817"},"geometry":{"type":"MultiPolygon","coordinates":[[[[129.4016576,35.7490215],[129.4016308,35.7490138],[129.4015896,35.7490739],[129.4016419,35.7490881],[129.4016432,35.7490685],[129.4016576,35.7490215]]]]}},{"type":"Feature","properties":{"UFID":"100035906007A00110100000004574818"},"geometry":{"type":"MultiPolygon","coordinates":[[[[129.4031825,35.7475255],[129.4031762,35.747491],[129.4031591,35.7474936],[129.403141,35.7474964],[129.4030525,35.7475048],[129.4029417,35.7475109],[129.4028634,35.7475163],[129.4028693,35.7475448],[129.4028832,35.7475421],[129.4029443,35.7475379],[129.4030556,35.7475318],[129.4031825,35.7475255]]]]}},{"type":"Feature","properties":{"UFID":"100035906007A00110100000004574819"},"geometry":{"type":"MultiPolygon","coordinates":[[[[129.4032424,35.7475153],[129.4032373,35.7474806],[129.4031762,35.747491],[129.4031825,35.7475255],[129.4032424,35.7475153]]]]}},{"type":"Feature","properties":{"UFID":"100035906007A00110100000004574820"},"geometry":{"type":"MultiPolygon","coordinates":[[[[129.4141445,35.7281373],[129.4140767,35.728063],[129.4140774,35.7280732],[129.4140745,35.7280971],[129.4140483,35.7281629],[129.4140768,35.728178],[129.4141057,35.7281516],[129.41412,35.7281434],[129.4141445,35.7281373]]]]}},{"type":"Feature","properties":{"UFID":"100035906007A00110100000004574821"},"geometry":{"type":"MultiPolygon","coordinates":[[[[129.4141248,35.7280316],[129.4141009,35.728008],[129.4140128,35.7279069],[129.4139716,35.7278711],[129.4138728,35.727793],[129.4138396,35.7278214],[129.4138526,35.7278272],[129.4139401,35.7278964],[129.4139785,35.7279297],[129.4140658,35.72803],[129.4140738,35.7280497],[129.4140767,35.728063],[129.4141248,35.7280316]]]]}},{"type":"Feature","properties":{"UFID":"100035906007A00110100000004574822"},"geometry":{"type":"MultiPolygon","coordinates":[[[[129.4138728,35.727793],[129.4138475,35.727773],[129.4138356,35.7277599],[129.4137973,35.7277925],[129.4138396,35.7278214],[129.4138728,35.727793]]]]}},{"type":"Feature","properties":{"UFID":"100035906007A00110100000004574823"},"geometry":{"type":"MultiPolygon","coordinates":[[[[129.4138356,35.7277599],[129.4137995,35.7277202],[129.4137471,35.7276667],[129.413744,35.7276633],[129.4137211,35.7276258],[129.4137197,35.7276229],[129.4137138,35.7276081],[129.4136854,35.7275167],[129.4136599,35.7274368],[129.4136372,35.7273519],[129.4136073,35.7272436],[129.4135864,35.7271803],[129.413537,35.7270937],[129.4134915,35.7271361],[129.4135016,35.7271447],[129.4135445,35.7271919],[129.4135644,35.7272522],[129.413594,35.7273597],[129.4136169,35.7274452],[129.4136425,35.7275256],[129.4136713,35.7276182],[129.4136781,35.727635],[129.4136806,35.7276404],[129.4137063,35.7276824],[129.4137122,35.7276888],[129.4137645,35.7277423],[129.4137694,35.7277476],[129.4137973,35.7277925],[129.4138356,35.7277599]]]]}},{"type":"Feature","properties":{"UFID":"100035906007A00110100000004574824"},"geometry":{"type":"MultiPolygon","coordinates":[[[[129.4133031,35.7251074],[129.4133002,35.725047],[129.4132934,35.7250564],[129.4132882,35.7250614],[129.4132639,35.7250735],[129.4131898,35.7251106],[129.4131572,35.7251279],[129.4130765,35.7251781],[129.4130157,35.7252271],[129.4129712,35.7252679],[129.4129544,35.7252812],[129.4129226,35.7253182],[129.4129048,35.7253427],[129.4128667,35.7254169],[129.4128403,35.7254739],[129.4128374,35.7254829],[129.4128251,35.7255405],[129.4128129,35.7256325],[129.4128094,35.7256546],[129.4127913,35.7256967],[129.412787,35.7257074],[129.4127795,35.725721],[129.4127326,35.7258098],[129.4127631,35.7258205],[129.4128099,35.7257319],[129.4128179,35.7257172],[129.4128227,35.7257054],[129.4128418,35.7256609],[129.4128459,35.7256357],[129.412858,35.7255443],[129.4128698,35.7254887],[129.4128719,35.7254823],[129.4128975,35.7254269],[129.4129345,35.7253549],[129.4129505,35.7253329],[129.4129798,35.7252988],[129.4129952,35.7252866],[129.4130398,35.7252458],[129.4130984,35.7251985],[129.4131764,35.72515],[129.4132075,35.7251335],[129.4132725,35.7251009],[129.413287,35.7251001],[129.4132974,35.7251016],[129.4133031,35.7251074]]]]}},{"type":"Feature","properties":{"UFID":"100035906007A00110100000004574825"},"geometry":{"type":"MultiPolygon","coordinates":[[[[129.4036465,35.728615],[129.4037682,35.7286994],[129.4037475,35.7286343],[129.4037122,35.728514],[129.4036861,35.7284131],[129.4036544,35.7283014],[129.4036264,35.7281936],[129.4036031,35.728121],[129.403596,35.7281075],[129.4035778,35.7280747],[129.4035116,35.7279773],[129.4034036,35.7278549],[129.4034004,35.7278421],[129.4033996,35.727831],[129.4032897,35.7278734],[129.4033427,35.7279189],[129.4034196,35.7279989],[129.4034937,35.7280925],[129.4035205,35.7281372],[129.4035571,35.7282409],[129.4035875,35.7283647],[129.4036204,35.7284946],[129.4036547,35.7286109],[129.403653,35.7286127],[129.4036502,35.7286145],[129.4036465,35.728615]]]]}},{"type":"Feature","properties":{"UFID":"100035906007A00110100000004574826"},"geometry":{"type":"MultiPolygon","coordinates":[[[[129.4037682,35.7286994],[129.4035999,35.7287413],[129.4036179,35.7288159],[129.40363,35.7288697],[129.4036388,35.7288843],[129.4036442,35.728893],[129.4036607,35.7289355],[129.4036601,35.7289498],[129.4036539,35.7289676],[129.4036503,35.7289738],[129.4036489,35.7289746],[129.4039171,35.7289704],[129.4038821,35.7289394],[129.4038391,35.728876],[129.403784,35.728749],[129.4037682,35.7286994]]]]}},{"type":"Feature","properties":{"UFID":"100035906007A00110100000004574827"},"geometry":{"type":"MultiPolygon","coordinates":[[[[129.4037682,35.7286994],[129.4036465,35.728615],[129.4035854,35.7286813],[129.4035999,35.7287413],[129.4037682,35.7286994]]]]}},{"type":"Feature","properties":{"UFID":"100035906007A00110100000004574828"},"geometry":{"type":"MultiPolygon","coordinates":[[[[129.4124804,35.7286027],[129.4124477,35.7285973],[129.4124437,35.72861],[129.4124326,35.7286259],[129.4123944,35.7286638],[129.4123856,35.7287304],[129.4124205,35.7286963],[129.4124716,35.7286324],[129.4124804,35.7286027]]]]}},{"type":"Feature","properties":{"UFID":"100035906007A00110100000004574829"},"geometry":{"type":"MultiPolygon","coordinates":[[[[129.4124987,35.7285524],[129.4124804,35.7286027],[129.4125198,35.7285919],[129.4125368,35.7285901],[129.4125768,35.7285994],[129.412656,35.7286524],[129.4127213,35.7287095],[129.4127423,35.7286931],[129.4126025,35.7285901],[129.4125899,35.7285837],[129.412539,35.7285617],[129.4125246,35.7285587],[129.4125043,35.7285563],[129.4124987,35.7285524]]]]}},{"type":"Feature","properties":{"UFID":"100035906007A00110100000004574830"},"geometry":{"type":"MultiPolygon","coordinates":[[[[129.4124987,35.7285524],[129.4124635,35.7285476],[129.4124477,35.7285973],[129.4124804,35.7286027],[129.4124987,35.7285524]]]]}},{"type":"Feature","properties":{"UFID":"100035906007A00110100000004574831"},"geometry":{"type":"MultiPolygon","coordinates":[[[[129.4124635,35.7285476],[129.4124987,35.7285524],[129.4125012,35.728535],[129.4125117,35.7285063],[129.4124799,35.7284956],[129.4124635,35.7285476]]]]}},{"type":"Feature","properties":{"UFID":"100035906007A00110100000004574832"},"geometry":{"type":"MultiPolygon","coordinates":[[[[129.4139126,35.7306457],[129.4138745,35.7306342],[129.4138601,35.7306236],[129.4138558,35.7306139],[129.4138498,35.7305108],[129.4138533,35.7304059],[129.4138581,35.7302934],[129.4138637,35.7301984],[129.4138714,35.7301026],[129.4138812,35.7300096],[129.4138937,35.7299127],[129.4138999,35.7298237],[129.413901,35.7297718],[129.4139009,35.7297594],[129.4139007,35.7296194],[129.4138975,35.7295292],[129.4138902,35.7294263],[129.4138853,35.7293902],[129.4138706,35.7293232],[129.4138441,35.7292376],[129.4138158,35.7291739],[129.4137776,35.7291231],[129.4137346,35.7290842],[129.4136577,35.7290281],[129.4135817,35.7289757],[129.4135079,35.7289218],[129.4134266,35.7288651],[129.4133309,35.7287201],[129.413265,35.7285738],[129.413265,35.7285649],[129.413267,35.7285555],[129.4132757,35.7285378],[129.4133574,35.7284043],[129.4135204,35.7281833],[129.4136528,35.727997],[129.4136921,35.7279385],[129.4137412,35.7278928],[129.4138119,35.7278232],[129.4138291,35.7278211],[129.4138396,35.7278214],[129.4137973,35.7277925],[129.4137949,35.7277985],[129.413787,35.7278053],[129.4137154,35.7278759],[129.4136537,35.7279407],[129.4135922,35.7280196],[129.4135683,35.7280558],[129.4135147,35.7281335],[129.413458,35.7282137],[129.413431,35.7282474],[129.4133547,35.7283446],[129.4132888,35.7284312],[129.4132432,35.7285092],[129.4132239,35.7285362],[129.4132232,35.7285658],[129.413228,35.7285898],[129.4132567,35.7286586],[129.4132838,35.7287083],[129.4133323,35.7288086],[129.4133841,35.7288671],[129.413418,35.7289009],[129.4135889,35.7290154],[129.4137449,35.729131],[129.4137991,35.7292063],[129.4138548,35.7293803],[129.4138644,35.7295303],[129.4138676,35.7296198],[129.4138677,35.7297596],[129.4138679,35.7297717],[129.4138667,35.7298227],[129.4138606,35.7299105],[129.4138482,35.730007],[129.4138383,35.7301005],[129.4138306,35.7301969],[129.413825,35.7302923],[129.4138201,35.7304051],[129.4138166,35.730511],[129.4138229,35.7306192],[129.4138288,35.730668],[129.4138279,35.7306755],[129.4139126,35.7306457]]]]}},{"type":"Feature","properties":{"UFID":"100035906007A00110100000004574833"},"geometry":{"type":"MultiPolygon","coordinates":[[[[129.4138323,35.7307255],[129.4138071,35.7306905],[129.4135322,35.7308149],[129.4135545,35.7308512],[129.4138323,35.7307255]]]]}},{"type":"Feature","properties":{"UFID":"100035906007A00110100000004574834"},"geometry":{"type":"MultiPolygon","coordinates":[[[[129.4135545,35.7308512],[129.4135322,35.7308149],[129.413506,35.7308297],[129.4135016,35.7308379],[129.4134985,35.7308563],[129.4135033,35.7309012],[129.4135044,35.730905],[129.4135188,35.73098],[129.4135328,35.7310788],[129.4135379,35.7311357],[129.4135416,35.7312083],[129.413538,35.7312631],[129.4135329,35.7313367],[129.4135327,35.7313605],[129.4135352,35.7313837],[129.413537,35.731391],[129.4135499,35.7314404],[129.4135516,35.7314462],[129.413571,35.7315115],[129.4135739,35.7315199],[129.413602,35.7315988],[129.4136263,35.7316667],[129.4136445,35.7317385],[129.4136531,35.7317947],[129.4136626,35.7318695],[129.413666,35.7319129],[129.4136668,35.7319555],[129.41366,35.7320144],[129.413643,35.7320792],[129.4136158,35.7321331],[129.4136131,35.7321385],[129.4135566,35.7322227],[129.4135201,35.7322647],[129.413473,35.7323091],[129.4134215,35.732353],[129.4133694,35.732392],[129.4133148,35.7324268],[129.4132462,35.7324662],[129.4131749,35.7325087],[129.413109,35.7325475],[129.4130489,35.7325773],[129.4129988,35.732601],[129.4129392,35.7326157],[129.4128904,35.7326193],[129.4128742,35.732619],[129.412854,35.7326171],[129.4128314,35.7326157],[129.412768,35.7326112],[129.412748,35.7326103],[129.412721,35.7326111],[129.4126564,35.7326208],[129.4127028,35.7326546],[129.4127287,35.7326429],[129.4127476,35.7326374],[129.4127656,35.7326382],[129.4128287,35.7326427],[129.4128508,35.732644],[129.4128718,35.732646],[129.4128915,35.7326464],[129.4129455,35.7326424],[129.4130121,35.732626],[129.4130658,35.7326005],[129.4131274,35.73257],[129.4131943,35.7325305],[129.4132655,35.7324882],[129.4133346,35.7324485],[129.4133909,35.7324126],[129.4134447,35.7323723],[129.4134976,35.7323273],[129.4135462,35.7322814],[129.4135848,35.732237],[129.413643,35.7321502],[129.4136464,35.7321435],[129.413675,35.7320869],[129.4136928,35.7320188],[129.4137,35.7319565],[129.4136992,35.7319118],[129.4136956,35.7318672],[129.413686,35.7317916],[129.4136773,35.7317341],[129.4136585,35.7316602],[129.4136339,35.7315912],[129.4136057,35.7315125],[129.4136031,35.7315047],[129.4135839,35.7314398],[129.4135823,35.7314344],[129.4135695,35.7313855],[129.4135681,35.7313799],[129.4135659,35.7313594],[129.4135661,35.7313375],[129.4135711,35.7312646],[129.4135748,35.7312085],[129.413571,35.7311342],[129.4135659,35.7310763],[129.4135516,35.7309764],[129.413537,35.7308998],[129.4135361,35.7308969],[129.4135345,35.7308817],[129.4135376,35.7308658],[129.4135467,35.7308541],[129.4135545,35.7308512]]]]}},{"type":"Feature","properties":{"UFID":"100035906007A00110100000004574835"},"geometry":{"type":"MultiPolygon","coordinates":[[[[129.4127028,35.7326546],[129.4126564,35.7326208],[129.4124622,35.7327002],[129.4125144,35.7327332],[129.4127028,35.7326546]]]]}},{"type":"Feature","properties":{"UFID":"100035906007A00110100000004574836"},"geometry":{"type":"MultiPolygon","coordinates":[[[[129.4125144,35.7327332],[129.4124622,35.7327002],[129.4124616,35.732717],[129.412429,35.7327306],[129.4124023,35.7327392],[129.4123249,35.732771],[129.4123097,35.7328136],[129.4123287,35.7328053],[129.4124779,35.7327405],[129.4125144,35.7327332]]]]}},{"type":"Feature","properties":{"UFID":"100035906007A00110100000004574837"},"geometry":{"type":"MultiPolygon","coordinates":[[[[129.4095562,35.7368514],[129.4094849,35.736772],[129.4094618,35.7367921],[129.4095327,35.736871],[129.4095562,35.7368514]]]]}},{"type":"Feature","properties":{"UFID":"100035906007A00110100000004574838"},"geometry":{"type":"MultiPolygon","coordinates":[[[[129.4094849,35.736772],[129.4094799,35.7367694],[129.4094693,35.736763],[129.409464,35.7367523],[129.4094391,35.7367785],[129.4094612,35.7367917],[129.4094618,35.7367921],[129.4094849,35.736772]]]]}},{"type":"Feature","properties":{"UFID":"100035906007A00110100000004574839"},"geometry":{"type":"MultiPolygon","coordinates":[[[[129.402784,35.7464428],[129.4027576,35.7464265],[129.4027206,35.7464664],[129.4027484,35.7464838],[129.402784,35.7464428]]]]}},{"type":"Feature","properties":{"UFID":"100035906007A00110100000004574840"},"geometry":{"type":"MultiPolygon","coordinates":[[[[129.4027484,35.7464838],[129.4027206,35.7464664],[129.4026675,35.7465056],[129.4026157,35.7465533],[129.402611,35.7465593],[129.4025911,35.746601],[129.4025911,35.7466137],[129.4026055,35.7466654],[129.4026066,35.7466724],[129.4026025,35.746678],[129.4025895,35.7466815],[129.4026674,35.7466971],[129.4026381,35.7466605],[129.4026242,35.7466107],[129.4026242,35.746606],[129.4026407,35.7465717],[129.4026423,35.7465697],[129.4026911,35.7465246],[129.4027378,35.7464915],[129.4027484,35.7464838]]]]}},{"type":"Feature","properties":{"UFID":"100035906007A00110100000004574841"},"geometry":{"type":"MultiPolygon","coordinates":[[[[129.413537,35.7270937],[129.4132454,35.7269291],[129.4132114,35.7269878],[129.4134915,35.7271361],[129.413537,35.7270937]]]]}},{"type":"Feature","properties":{"UFID":"100035906017A00110100000004574858"},"geometry":{"type":"MultiPolygon","coordinates":[[[[129.4193289,35.7016878],[129.4192957,35.7016885],[129.419303,35.7019938],[129.4193041,35.7020585],[129.4193027,35.7020697],[129.4193351,35.7020771],[129.4193373,35.7020597],[129.4193361,35.7019934],[129.4193289,35.7016881],[129.4193289,35.7016878]]]]}},{"type":"Feature","properties":{"UFID":"100035906017A00110100000004574859"},"geometry":{"type":"MultiPolygon","coordinates":[[[[129.4193289,35.7016878],[129.41933,35.7016403],[129.4193341,35.7015865],[129.4193344,35.7015847],[129.4193376,35.70157],[129.4193513,35.7015311],[129.4193681,35.7015091],[129.4194073,35.7014717],[129.4194129,35.7014673],[129.4195082,35.7014091],[129.4195136,35.7014061],[129.4195262,35.7014045],[129.4195047,35.7013784],[129.419489,35.7013871],[129.4193915,35.7014466],[129.4193832,35.701453],[129.4193412,35.7014931],[129.4193208,35.7015201],[129.4193053,35.7015639],[129.4193018,35.7015803],[129.4193011,35.7015836],[129.4192969,35.7016392],[129.4192957,35.7016882],[129.4192957,35.7016885],[129.4193289,35.7016878]]]]}},{"type":"Feature","properties":{"UFID":"100035906017A00110100000004574860"},"geometry":{"type":"MultiPolygon","coordinates":[[[[129.4113819,35.7078908],[129.411364,35.7078668],[129.4112824,35.7077989],[129.4111802,35.7077555],[129.4111285,35.7077313],[129.4110301,35.7076899],[129.4109961,35.7076746],[129.4109359,35.7076405],[129.4108722,35.7075955],[129.410821,35.707549],[129.4107775,35.7075138],[129.4107495,35.7075002],[129.410688,35.7074731],[129.41057,35.7074271],[129.4104596,35.7073857],[129.410403,35.7073665],[129.4102802,35.7073227],[129.4101235,35.7072712],[129.4100371,35.7072433],[129.409978,35.7072182],[129.4099708,35.7072127],[129.4099696,35.7072102],[129.4099689,35.7072065],[129.4099694,35.707202],[129.409972,35.7071881],[129.4099722,35.7071877],[129.4099407,35.707179],[129.4099313,35.7071956],[129.4099299,35.7072074],[129.4099321,35.7072185],[129.4099381,35.7072308],[129.4099554,35.7072442],[129.410021,35.707272],[129.4101091,35.7073005],[129.4102652,35.7073518],[129.4103878,35.7073955],[129.4104441,35.7074146],[129.4105536,35.7074557],[129.4106705,35.7075012],[129.4107304,35.7075276],[129.4107536,35.7075389],[129.410793,35.7075707],[129.410845,35.7076181],[129.4109122,35.7076655],[129.4109757,35.7077014],[129.4110119,35.7077177],[129.4111111,35.7077595],[129.4111987,35.7077945],[129.4112659,35.7078303],[129.4112801,35.707843],[129.4113142,35.7078755],[129.411337,35.7079031],[129.411338,35.7079099],[129.4113819,35.7078908]]]]}},{"type":"Feature","properties":{"UFID":"100035906017A00110100000004574861"},"geometry":{"type":"MultiPolygon","coordinates":[[[[129.4091217,35.7067232],[129.4090853,35.7067545],[129.4091329,35.7067805],[129.409176,35.7068246],[129.4092016,35.7068434],[129.409284,35.7069062],[129.4093053,35.7069135],[129.4093265,35.7069163],[129.4094661,35.7069347],[129.4095274,35.7069424],[129.4096094,35.7069492],[129.4096892,35.7069606],[129.4097164,35.7069636],[129.4097748,35.7069621],[129.4098429,35.7069567],[129.4098732,35.7069564],[129.4098944,35.706959],[129.4099229,35.7069652],[129.4099334,35.7069682],[129.4099537,35.706982],[129.4099548,35.7069831],[129.4099641,35.7069942],[129.4099827,35.7070346],[129.4099847,35.7070661],[129.4099791,35.7070971],[129.4099743,35.7071105],[129.4099634,35.7071352],[129.4099409,35.7071786],[129.4099407,35.707179],[129.4099722,35.7071877],[129.4099943,35.7071451],[129.4100058,35.7071189],[129.4100116,35.7071029],[129.4100179,35.7070674],[129.4100155,35.707029],[129.4099937,35.7069817],[129.4099815,35.706967],[129.4099775,35.706963],[129.40995,35.7069443],[129.4099326,35.7069393],[129.4099011,35.7069325],[129.4098755,35.7069293],[129.4098411,35.7069297],[129.4097726,35.7069351],[129.4097181,35.7069365],[129.4096942,35.7069339],[129.4096139,35.7069224],[129.4095316,35.7069156],[129.4094713,35.706908],[129.4093318,35.7068896],[129.4093145,35.7068874],[129.4093023,35.7068831],[129.409224,35.7068235],[129.4092002,35.706806],[129.4091572,35.7067621],[129.4091301,35.7067352],[129.4091217,35.7067232]]]]}},{"type":"Feature","properties":{"UFID":"100035906017A00110100000004574862"},"geometry":{"type":"MultiPolygon","coordinates":[[[[129.4144382,35.7184023],[129.4144508,35.7183348],[129.4144359,35.7183432],[129.4144141,35.7183508],[129.4143741,35.7183647],[129.4143426,35.7183728],[129.4143104,35.7183787],[129.4142377,35.7183906],[129.4141623,35.7183923],[129.4140797,35.7183902],[129.4140183,35.7183865],[129.4138253,35.718366],[129.4137634,35.7183571],[129.4137127,35.7183481],[129.4134897,35.7182946],[129.413364,35.7182625],[129.4131569,35.7182095],[129.4130125,35.7181807],[129.4128867,35.7181635],[129.4127811,35.718155],[129.4126974,35.7181545],[129.4126552,35.7181569],[129.4126462,35.7181575],[129.4126347,35.7181581],[129.4125383,35.718168],[129.412429,35.7181899],[129.4123625,35.7182058],[129.4122529,35.7182489],[129.4121902,35.7182785],[129.4121548,35.718301],[129.4120737,35.7183598],[129.4120043,35.7184268],[129.4119555,35.7184644],[129.4120185,35.7185257],[129.4120174,35.7185145],[129.4120156,35.718505],[129.4120155,35.7184958],[129.4120163,35.7184828],[129.4120184,35.7184728],[129.4120213,35.7184656],[129.4120273,35.7184578],[129.4120969,35.7183871],[129.4121933,35.7183201],[129.4122021,35.7183141],[129.4122113,35.7183112],[129.4122193,35.7183103],[129.4122533,35.7183141],[129.4122809,35.7183014],[129.4123408,35.718258],[129.4123693,35.7182401],[129.4123894,35.7182332],[129.4124152,35.7182283],[129.4125278,35.7182037],[129.412633,35.7181922],[129.4126549,35.7181909],[129.4126729,35.7181898],[129.4127617,35.7181905],[129.4128568,35.7181956],[129.4129823,35.7182118],[129.4131157,35.7182373],[129.4133551,35.718297],[129.4136709,35.7183767],[129.4137746,35.7183952],[129.4139738,35.7184171],[129.4140988,35.7184247],[129.4141762,35.7184244],[129.4142448,35.7184217],[129.4142963,35.7184137],[129.4143629,35.7184015],[129.4144198,35.7183966],[129.4144303,35.7183969],[129.4144368,35.718399],[129.4144382,35.7184023]]]]}},{"type":"Feature","properties":{"UFID":"100035906017A00110100000004574863"},"geometry":{"type":"MultiPolygon","coordinates":[[[[129.4119655,35.7185478],[129.4119163,35.7185132],[129.4117474,35.7186953],[129.4116775,35.718784],[129.4116251,35.7188557],[129.411571,35.7189358],[129.4115136,35.7190242],[129.4113927,35.719254],[129.4113149,35.7194178],[129.411243,35.7196374],[129.4112198,35.7197258],[129.4112108,35.7197707],[129.411209,35.7197767],[129.4112557,35.7197808],[129.4112686,35.7197554],[129.4112968,35.7196479],[129.4113675,35.7194317],[129.4114439,35.719271],[129.4115635,35.7190436],[129.4116197,35.7189572],[129.411673,35.7188782],[129.4117245,35.7188077],[129.411788,35.7187272],[129.4118484,35.7186511],[129.4118866,35.7186056],[129.4119297,35.7185634],[129.4119428,35.7185532],[129.4119499,35.7185485],[129.4119655,35.7185478]]]]}},{"type":"Feature","properties":{"UFID":"100035906017A00110100000004574864"},"geometry":{"type":"MultiPolygon","coordinates":[[[[129.4131293,35.7186498],[129.4131305,35.7186858],[129.413157,35.7186925],[129.4131937,35.7187123],[129.413212,35.7186898],[129.4131713,35.7186678],[129.4131387,35.7186552],[129.4131293,35.7186498]]]]}},{"type":"Feature","properties":{"UFID":"100035906017A00110100000004574865"},"geometry":{"type":"MultiPolygon","coordinates":[[[[129.4199211,35.7050055],[129.419889,35.7050267],[129.4201823,35.7053084],[129.4202435,35.7053687],[129.4202686,35.7053499],[129.4199891,35.7050739],[129.4199211,35.7050055]]]]}},{"type":"Feature","properties":{"UFID":"100035906017A00110100000004574866"},"geometry":{"type":"MultiPolygon","coordinates":[[[[129.4199211,35.7050055],[129.4198393,35.7049233],[129.4198077,35.7048901],[129.4197787,35.7049035],[129.4197839,35.7049096],[129.419889,35.7050267],[129.4199211,35.7050055]]]]}},{"type":"Feature","properties":{"UFID":"100035906017A00110100000004574867"},"geometry":{"type":"MultiPolygon","coordinates":[[[[129.4145114,35.7183407],[129.4144508,35.7183348],[129.4144382,35.7184023],[129.4144792,35.7184029],[129.4144905,35.7183834],[129.4145114,35.7183407]]]]}},{"type":"Feature","properties":{"UFID":"100035906017A00110100000004574868"},"geometry":{"type":"MultiPolygon","coordinates":[[[[129.4131305,35.7186858],[129.4131293,35.7186498],[129.4130909,35.7186632],[129.4131055,35.7187192],[129.4131149,35.7186946],[129.4131198,35.7186893],[129.4131305,35.7186858]]]]}},{"type":"Feature","properties":{"UFID":"100035906017A00110100000004574869"},"geometry":{"type":"MultiPolygon","coordinates":[[[[129.4029224,35.7232728],[129.402918,35.7232718],[129.4028505,35.7232655],[129.4028402,35.7232657],[129.4028103,35.7232674],[129.4028079,35.7232679],[129.4028052,35.7232725],[129.4027336,35.7233149],[129.4026394,35.7233717],[129.4025902,35.7233956],[129.4025725,35.7234018],[129.4024952,35.7234261],[129.4024869,35.7234302],[129.4024807,35.723434],[129.4024312,35.7234672],[129.4023832,35.7235029],[129.4023303,35.7235553],[129.4022522,35.723634],[129.4022243,35.723659],[129.4022133,35.7236639],[129.4022052,35.7236658],[129.4021893,35.7236678],[129.4021788,35.723668],[129.4021219,35.7236663],[129.4021068,35.7236645],[129.4020953,35.723662],[129.4020885,35.7236601],[129.4020809,35.723657],[129.4020743,35.7236545],[129.4020647,35.7236461],[129.4020612,35.7236398],[129.4020585,35.7236328],[129.4020569,35.723624],[129.4020567,35.7236058],[129.4020567,35.7235944],[129.4020573,35.7235856],[129.4020586,35.7235713],[129.4020598,35.7235624],[129.4020633,35.7235526],[129.4020665,35.7235464],[129.402097,35.7234741],[129.4021098,35.7234474],[129.4020853,35.7234419],[129.4020395,35.7235447],[129.4020319,35.7235771],[129.4020302,35.7235966],[129.4020301,35.7236089],[129.4020303,35.7236199],[129.4020315,35.7236292],[129.4020338,35.7236395],[129.4020356,35.7236479],[129.4020383,35.723656],[129.4020432,35.7236635],[129.4020483,35.7236692],[129.4020561,35.7236745],[129.4020669,35.7236791],[129.4021119,35.7236891],[129.4021625,35.7236937],[129.4022017,35.7236909],[129.4022305,35.723683],[129.402235,35.723681],[129.4022437,35.7236769],[129.4022633,35.7236619],[129.402303,35.7236224],[129.4023753,35.723552],[129.4024154,35.723514],[129.4024507,35.7234886],[129.4024866,35.7234685],[129.4025351,35.7234485],[129.4025942,35.7234212],[129.4026648,35.7233873],[129.4027394,35.723343],[129.4028038,35.7233111],[129.4028613,35.7232883],[129.402911,35.7232743],[129.4029224,35.7232728]]]]}},{"type":"Feature","properties":{"UFID":"100035906017A00110100000004574870"},"geometry":{"type":"MultiPolygon","coordinates":[[[[129.4157427,35.7163478],[129.4157074,35.716417],[129.4157162,35.7164112],[129.4157647,35.7163776],[129.4158753,35.7163062],[129.4159172,35.7162685],[129.4160174,35.7161465],[129.4160298,35.7161301],[129.4161486,35.7160309],[129.4161245,35.7160094],[129.4159987,35.7161073],[129.415992,35.7161171],[129.4159823,35.7161289],[129.4158746,35.7162635],[129.4158661,35.7162708],[129.4157427,35.7163478]]]]}},{"type":"Feature","properties":{"UFID":"100035906017A00110100000004574871"},"geometry":{"type":"MultiPolygon","coordinates":[[[[129.4131293,35.7186498],[129.4131247,35.7186434],[129.4131241,35.7186378],[129.4131207,35.718539],[129.4131201,35.7185208],[129.4131149,35.7184204],[129.4131146,35.7183958],[129.4131145,35.7183829],[129.4131157,35.7183267],[129.4131162,35.7183139],[129.413119,35.7183063],[129.4131259,35.7183017],[129.4131475,35.7183005],[129.4131515,35.7182831],[129.4131368,35.7182732],[129.4131205,35.7182646],[129.4131115,35.7182622],[129.4131019,35.7182608],[129.4130951,35.7182615],[129.4130916,35.7182647],[129.4130831,35.7183416],[129.413082,35.7183541],[129.4130819,35.7183667],[129.4130928,35.7185078],[129.4130946,35.7185778],[129.4130937,35.7186479],[129.4130909,35.7186632],[129.4131293,35.7186498]]]]}},{"type":"Feature","properties":{"UFID":"100035906017A00110100000004574872"},"geometry":{"type":"MultiPolygon","coordinates":[[[[129.4120185,35.7185257],[129.4119555,35.7184644],[129.4119163,35.7185132],[129.4119655,35.7185478],[129.4120185,35.7185257]]]]}},{"type":"Feature","properties":{"UFID":"100035906017A00110100000004574873"},"geometry":{"type":"MultiPolygon","coordinates":[[[[129.405076,35.7054437],[129.405016,35.7054421],[129.4050238,35.7054434],[129.4050266,35.7054508],[129.4050226,35.7054661],[129.4049608,35.7055617],[129.4049394,35.7056158],[129.4049074,35.7056861],[129.4048857,35.7057017],[129.4049361,35.7057357],[129.4049483,35.7056896],[129.4049896,35.7055884],[129.4050312,35.7055108],[129.4050438,35.705482],[129.405064,35.7054509],[129.405076,35.7054437]]]]}},{"type":"Feature","properties":{"UFID":"100035906017A00110100000004574874"},"geometry":{"type":"MultiPolygon","coordinates":[[[[129.4193677,35.7045865],[129.419363,35.7045817],[129.4193346,35.7045393],[129.4193333,35.7045359],[129.4193224,35.7044982],[129.419319,35.7044739],[129.4193188,35.7044698],[129.4193192,35.7044578],[129.4193265,35.7043712],[129.4193338,35.7043379],[129.4193582,35.7042502],[129.4193912,35.7041469],[129.4194036,35.7041114],[129.4194232,35.7040212],[129.4194308,35.7039867],[129.4194505,35.7038886],[129.4194597,35.7038064],[129.4194638,35.7037671],[129.4194677,35.7036642],[129.4194682,35.7036564],[129.4194683,35.7036448],[129.4194679,35.7036126],[129.419467,35.703597],[129.4194662,35.7035895],[129.4194566,35.7035339],[129.4194217,35.7034501],[129.4193813,35.7033627],[129.4193725,35.7033386],[129.4193705,35.7033321],[129.4193353,35.7032326],[129.4193092,35.7031439],[129.4192987,35.7030965],[129.4192789,35.7029708],[129.4192626,35.7028415],[129.4192598,35.7027307],[129.4192608,35.7026989],[129.4192653,35.702686],[129.4192717,35.7026799],[129.4192795,35.7026716],[129.4192864,35.7026667],[129.4192327,35.7025682],[129.4192324,35.7026164],[129.419232,35.7026278],[129.4192278,35.7026887],[129.4192277,35.7026971],[129.4192266,35.7027307],[129.4192295,35.7028431],[129.4192459,35.7029739],[129.4192659,35.7031006],[129.4192767,35.7031494],[129.4193033,35.7032395],[129.4193385,35.7033392],[129.4193406,35.7033458],[129.4193499,35.7033713],[129.4193905,35.7034592],[129.4194242,35.7035402],[129.4194333,35.7035926],[129.4194339,35.7035989],[129.4194348,35.7036134],[129.4194352,35.7036448],[129.4194351,35.7036555],[129.4194346,35.7036631],[129.4194307,35.7037655],[129.4194267,35.703804],[129.4194176,35.7038852],[129.4193982,35.7039821],[129.4193905,35.7040164],[129.4193712,35.7041053],[129.4193592,35.7041398],[129.419326,35.7042438],[129.4193013,35.7043325],[129.4192935,35.7043679],[129.4192861,35.7044565],[129.4192857,35.70447],[129.419286,35.7044759],[129.4192897,35.7045029],[129.4193013,35.704543],[129.4193037,35.7045495],[129.4193285,35.704589],[129.4193351,35.7046059],[129.4193677,35.7045865]]]]}},{"type":"Feature","properties":{"UFID":"100035906017A00110100000004574875"},"geometry":{"type":"MultiPolygon","coordinates":[[[[129.4175405,35.7052726],[129.4175334,35.7052734],[129.4175249,35.7052704],[129.4174885,35.7052322],[129.417478,35.7052101],[129.4174551,35.7051568],[129.4174466,35.7051197],[129.417437,35.7050493],[129.4174364,35.7050447],[129.4174243,35.7049481],[129.4174198,35.7049089],[129.4173761,35.7049134],[129.4173799,35.7049193],[129.4173913,35.7049507],[129.4174034,35.7050476],[129.4174041,35.7050523],[129.4174138,35.7051237],[129.417423,35.7051638],[129.4174469,35.7052195],[129.4174581,35.705243],[129.4174839,35.7052864],[129.417521,35.7053495],[129.4175405,35.7052726]]]]}},{"type":"Feature","properties":{"UFID":"100035906017A00110100000004574876"},"geometry":{"type":"MultiPolygon","coordinates":[[[[129.4172181,35.7117567],[129.4170951,35.7117468],[129.4170906,35.7117758],[129.4171113,35.711777],[129.4171217,35.7117776],[129.4171352,35.7117784],[129.4171522,35.7117802],[129.4171876,35.7117885],[129.4171976,35.7117936],[129.4172181,35.7117567]]]]}},{"type":"Feature","properties":{"UFID":"100035906017A00110100000004574877"},"geometry":{"type":"MultiPolygon","coordinates":[[[[129.4172181,35.7117567],[129.4171976,35.7117936],[129.4172023,35.711796],[129.4173444,35.7119024],[129.4174936,35.7120393],[129.417545,35.7120925],[129.4175466,35.7121024],[129.4175416,35.7121844],[129.4174982,35.7123302],[129.4174836,35.7123849],[129.4174832,35.7123966],[129.4174826,35.7124021],[129.417483,35.7124173],[129.4174934,35.7124865],[129.4175125,35.712579],[129.4175237,35.7126768],[129.4175262,35.7127413],[129.4175286,35.712764],[129.4175297,35.7127995],[129.4175225,35.7128531],[129.4174968,35.7129507],[129.4174756,35.7130212],[129.4174755,35.7130326],[129.4174771,35.7130455],[129.4174919,35.7130669],[129.417502,35.7130771],[129.417521,35.7130847],[129.4175635,35.7130945],[129.4175842,35.7130973],[129.4176327,35.7131076],[129.4176538,35.7131144],[129.4176924,35.7131365],[129.4177417,35.7131807],[129.4177561,35.7131947],[129.4177849,35.7132419],[129.4178059,35.7132964],[129.4178155,35.7133273],[129.4178247,35.713349],[129.4178632,35.7134197],[129.417877,35.7134421],[129.4179047,35.7134693],[129.4179122,35.7134732],[129.4179599,35.7134912],[129.4180791,35.7134983],[129.4181238,35.7135032],[129.4181596,35.7135088],[129.4181681,35.7135103],[129.418176,35.7135114],[129.4182072,35.7135134],[129.4182203,35.7135132],[129.4182328,35.7135134],[129.4182682,35.7135126],[129.4183437,35.7135031],[129.4184227,35.7134891],[129.4184588,35.7134862],[129.4184746,35.7134908],[129.4184852,35.7135618],[129.4184937,35.7136498],[129.4185012,35.7137476],[129.4185014,35.71377],[129.4185019,35.7137843],[129.4185008,35.7137959],[129.4185001,35.7138021],[129.4184982,35.7138179],[129.4184801,35.7138782],[129.4184593,35.7139457],[129.4184466,35.7140151],[129.418446,35.7140234],[129.4184396,35.7140907],[129.4184316,35.7141815],[129.4184254,35.714266],[129.4184223,35.7143058],[129.418416,35.7143832],[129.4184025,35.7144645],[129.4183971,35.7144871],[129.4183706,35.7145816],[129.4183463,35.7146642],[129.4183195,35.7147497],[129.418293,35.7148452],[129.4182816,35.7148878],[129.418262,35.7149574],[129.4182498,35.7150023],[129.4182329,35.7150684],[129.4182183,35.7151205],[129.4181866,35.7152228],[129.4181611,35.7152934],[129.4181571,35.7153045],[129.4181278,35.7153977],[129.4181172,35.7154375],[129.4180883,35.7155474],[129.4180651,35.7156467],[129.4180449,35.7156949],[129.4180325,35.7157668],[129.4180146,35.7158312],[129.4180084,35.715855],[129.4179804,35.7159312],[129.4179786,35.7159359],[129.417967,35.7159612],[129.4179248,35.7160444],[129.4178776,35.7161242],[129.417826,35.7162036],[129.4177591,35.716295],[129.4176891,35.7163898],[129.4176163,35.7164847],[129.4176014,35.7165051],[129.4175632,35.7165602],[129.4175137,35.7166324],[129.4174725,35.7167008],[129.4174698,35.7167056],[129.4174514,35.7167392],[129.4173955,35.7168546],[129.4173502,35.7169505],[129.4173055,35.7170405],[129.4172888,35.7170758],[129.4172569,35.7171429],[129.4172552,35.7171469],[129.4172454,35.7171684],[129.4172431,35.7171721],[129.4171982,35.7172442],[129.4171809,35.7172696],[129.417118,35.7173444],[129.4170626,35.7174072],[129.4170358,35.7174359],[129.4169722,35.7174972],[129.4169081,35.7175541],[129.4168411,35.717607],[129.4167698,35.7176568],[129.4167068,35.7176939],[129.4166727,35.7177104],[129.4165783,35.7177525],[129.4164687,35.7178023],[129.416375,35.7178383],[129.4163669,35.7178406],[129.4163008,35.7178609],[129.4162917,35.7178632],[129.4162347,35.7178735],[129.4162164,35.7178759],[129.4161751,35.7178802],[129.4160852,35.7178908],[129.4159981,35.7178982],[129.4159892,35.717898],[129.4159484,35.7178987],[129.415911,35.7178984],[129.4158714,35.7178958],[129.4157807,35.7178861],[129.4156693,35.7178697],[129.4155751,35.7178476],[129.4154127,35.7178035],[129.4153419,35.7177731],[129.4152809,35.7177437],[129.4152363,35.7176985],[129.4152148,35.7176556],[129.4152043,35.7176252],[129.4151701,35.7177438],[129.4152666,35.717783],[129.4154002,35.7178286],[129.4155648,35.7178734],[129.4156617,35.717896],[129.4157756,35.7179128],[129.4158679,35.7179227],[129.4159094,35.7179255],[129.4159487,35.7179258],[129.415989,35.717925],[129.4159992,35.7179253],[129.4160893,35.7179176],[129.4161796,35.717907],[129.4162212,35.7179027],[129.4162409,35.7179],[129.4163002,35.7178894],[129.4163116,35.7178865],[129.4163781,35.717866],[129.4163874,35.7178635],[129.4164838,35.7178263],[129.4165943,35.7177762],[129.4166892,35.7177339],[129.4167251,35.7177165],[129.4167903,35.717678],[129.4168634,35.717627],[129.4169319,35.7175729],[129.4169971,35.7175151],[129.4170617,35.7174528],[129.4170892,35.7174233],[129.4171451,35.7173599],[129.4172092,35.7172839],[129.4172275,35.7172569],[129.4172727,35.7171842],[129.4172758,35.7171791],[129.4172864,35.7171561],[129.417288,35.7171523],[129.4173197,35.7170855],[129.4173364,35.7170505],[129.417381,35.7169604],[129.4174263,35.7168645],[129.417482,35.7167497],[129.4174999,35.7167169],[129.4175024,35.7167126],[129.4175431,35.716645],[129.4175921,35.7165734],[129.4176301,35.7165187],[129.4176445,35.7164988],[129.4177174,35.7164039],[129.4177875,35.7163089],[129.4178549,35.7162169],[129.4179072,35.7161364],[129.4179551,35.7160554],[129.4179979,35.7159711],[129.4180099,35.7159447],[129.418012,35.7159392],[129.4180406,35.7158617],[129.418047,35.715837],[129.4180651,35.7157717],[129.4180773,35.7157013],[129.4180972,35.7156536],[129.4181208,35.7155528],[129.4181496,35.7154432],[129.4181601,35.7154039],[129.418189,35.7153117],[129.4181929,35.715301],[129.4182186,35.7152299],[129.4182506,35.7151269],[129.4182653,35.7150742],[129.4182822,35.7150079],[129.4182944,35.7149633],[129.4183139,35.7148937],[129.4183254,35.7148511],[129.4183518,35.714756],[129.4183784,35.7146707],[129.4184028,35.7145878],[129.4184295,35.7144927],[129.4184352,35.714469],[129.418449,35.7143859],[129.4184554,35.7143076],[129.4184585,35.7142677],[129.4184647,35.7141833],[129.4184727,35.7140927],[129.4184791,35.7140252],[129.4184796,35.7140179],[129.4184918,35.713951],[129.4185123,35.7138847],[129.418531,35.7138224],[129.4185332,35.7138045],[129.4185338,35.7137981],[129.4185351,35.713785],[129.4185346,35.7137695],[129.4185344,35.7137467],[129.4185268,35.7136479],[129.4185182,35.7135591],[129.4185065,35.7134805],[129.4185041,35.7134748],[129.4184967,35.7134685],[129.4184629,35.7134587],[129.4184175,35.7134624],[129.4183376,35.7134765],[129.4182652,35.7134857],[129.4182328,35.7134864],[129.4182203,35.7134861],[129.418208,35.7134864],[129.4181802,35.7134846],[129.4181744,35.7134838],[129.4181661,35.7134823],[129.4181292,35.7134765],[129.4180826,35.7134714],[129.4179684,35.7134646],[129.4179281,35.7134494],[129.4179269,35.7134487],[129.4179049,35.7134272],[129.4178932,35.7134082],[129.4178556,35.7133391],[129.4178472,35.7133196],[129.4178378,35.7132891],[129.4178157,35.7132318],[129.417784,35.7131799],[129.4177667,35.7131629],[129.4177144,35.7131161],[129.4176697,35.7130904],[129.4176431,35.7130819],[129.4175911,35.7130708],[129.4175708,35.713068],[129.4175329,35.7130594],[129.4175232,35.7130555],[129.4175194,35.7130517],[129.4175094,35.7130371],[129.4175087,35.7130313],[129.4175087,35.7130246],[129.4175291,35.7129567],[129.4175553,35.7128574],[129.4175629,35.7128006],[129.4175617,35.7127625],[129.4175593,35.7127397],[129.4175568,35.7126751],[129.4175454,35.7125755],[129.4175262,35.7124826],[129.4175161,35.7124154],[129.4175158,35.712403],[129.4175163,35.7123981],[129.4175167,35.7123882],[129.4175305,35.7123363],[129.4175605,35.7122355],[129.4175868,35.7121104],[129.4175834,35.7121027],[129.4175657,35.7120706],[129.4174989,35.7120064],[129.4174248,35.7119346],[129.4173436,35.7118589],[129.4173065,35.7118277],[129.4172218,35.7117694],[129.4172181,35.7117567]]]]}},{"type":"Feature","properties":{"UFID":"100035906017A00110100000004574878"},"geometry":{"type":"MultiPolygon","coordinates":[[[[129.4170906,35.7117758],[129.4170951,35.7117468],[129.417063,35.7117445],[129.4170378,35.7117428],[129.4170196,35.7117429],[129.4169825,35.7117416],[129.416964,35.7117398],[129.4169446,35.7117383],[129.416921,35.711734],[129.4168643,35.7117167],[129.4168109,35.711691],[129.4167643,35.7116586],[129.4167574,35.7116544],[129.4167406,35.7116367],[129.416737,35.7116276],[129.4167124,35.7117704],[129.4167143,35.7117685],[129.4167238,35.7117651],[129.4167315,35.7117647],[129.4167368,35.7117645],[129.4167454,35.7117645],[129.4167949,35.7117678],[129.4168298,35.7117708],[129.4168404,35.7117717],[129.4169699,35.711781],[129.4169938,35.7117792],[129.4170193,35.711777],[129.4170434,35.7117756],[129.4170673,35.7117753],[129.4170906,35.7117758]]]]}},{"type":"Feature","properties":{"UFID":"100035906017A00110100000004574879"},"geometry":{"type":"MultiPolygon","coordinates":[[[[129.4173497,35.7067266],[129.4173424,35.7067216],[129.4173363,35.706709],[129.4173341,35.7066931],[129.4173336,35.7066071],[129.4173309,35.7065058],[129.4173294,35.7064654],[129.4173272,35.7063587],[129.4173274,35.7063545],[129.4173339,35.7062646],[129.4173489,35.7061884],[129.4173504,35.7061816],[129.4173522,35.7061708],[129.4173763,35.7060962],[129.4174162,35.7059942],[129.4174332,35.7059478],[129.4175978,35.7055577],[129.4175998,35.7055455],[129.4176016,35.7055278],[129.4176015,35.7055136],[129.4175998,35.7054957],[129.4175959,35.7054767],[129.4175875,35.7054551],[129.4175735,35.7053808],[129.417521,35.7053495],[129.417533,35.7053815],[129.4175429,35.705425],[129.4175557,35.7054811],[129.4175532,35.7055043],[129.4175518,35.7055184],[129.4175514,35.705522],[129.4175395,35.7055613],[129.4175239,35.7056127],[129.41749,35.7057033],[129.4174521,35.7058006],[129.4174144,35.7059049],[129.4173846,35.7059862],[129.4173444,35.7060887],[129.4173196,35.7061656],[129.4173177,35.7061774],[129.4173162,35.7061837],[129.4173009,35.7062617],[129.4172943,35.7063532],[129.417294,35.7063584],[129.4172963,35.7064661],[129.4172977,35.7065065],[129.4173005,35.7066075],[129.417301,35.7066947],[129.4172923,35.7067628],[129.4173497,35.7067266]]]]}},{"type":"Feature","properties":{"UFID":"100035906017A00110100000004574880"},"geometry":{"type":"MultiPolygon","coordinates":[[[[129.4175802,35.705297],[129.4175405,35.7052726],[129.417521,35.7053495],[129.4175735,35.7053808],[129.4175701,35.7053629],[129.41757,35.7053459],[129.4175701,35.7053298],[129.4175721,35.7053135],[129.4175751,35.7053046],[129.4175802,35.705297]]]]}},{"type":"Feature","properties":{"UFID":"100035906017A00110100000004574881"},"geometry":{"type":"MultiPolygon","coordinates":[[[[129.4129683,35.7189046],[129.4129024,35.7188897],[129.4127986,35.7188695],[129.4126862,35.7188536],[129.412641,35.7188506],[129.4125678,35.7188535],[129.4125586,35.7188534],[129.4125491,35.7188527],[129.4125445,35.718852],[129.4124885,35.718834],[129.4123979,35.7187942],[129.4123165,35.7187522],[129.4122561,35.718717],[129.4121989,35.7186783],[129.4121346,35.7186291],[129.4120854,35.7185908],[129.4120655,35.7185755],[129.412031,35.7185424],[129.4120185,35.7185257],[129.4119655,35.7185478],[129.4119817,35.71855],[129.4119942,35.7185587],[129.4120474,35.7185988],[129.4120626,35.7186104],[129.4121118,35.7186488],[129.4121769,35.7186986],[129.4122359,35.7187384],[129.412298,35.7187747],[129.4123811,35.7188176],[129.4124745,35.7188586],[129.4125351,35.718878],[129.4125455,35.7188797],[129.4126767,35.718898],[129.4127874,35.7189137],[129.4128886,35.7189333],[129.4129775,35.7189535],[129.4129683,35.7189046]]]]}},{"type":"Feature","properties":{"UFID":"100035906017A00110100000004574882"},"geometry":{"type":"MultiPolygon","coordinates":[[[[129.4148244,35.7182634],[129.414826,35.7181296],[129.4148015,35.7181494],[129.4147594,35.7181672],[129.4147055,35.7181844],[129.4146456,35.718198],[129.4145559,35.71823],[129.4145141,35.7182595],[129.4144768,35.7183096],[129.4144508,35.7183348],[129.4145114,35.7183407],[129.4145233,35.7183162],[129.4145472,35.7182829],[129.4145634,35.7182705],[129.414601,35.7182434],[129.414656,35.7182238],[129.4146819,35.718219],[129.414708,35.7182168],[129.414756,35.7182342],[129.4147996,35.7182486],[129.414815,35.7182559],[129.4148244,35.7182634]]]]}},{"type":"Feature","properties":{"UFID":"100035906017A00110100000004574883"},"geometry":{"type":"MultiPolygon","coordinates":[[[[129.4131055,35.7187192],[129.4130909,35.7186632],[129.413085,35.7186821],[129.4130633,35.7187385],[129.4130469,35.7188177],[129.413026,35.7188681],[129.4130252,35.7188695],[129.4130016,35.7188929],[129.4129948,35.7188999],[129.4129833,35.7189038],[129.4129683,35.7189046],[129.4130221,35.7189153],[129.4130274,35.7189099],[129.4130533,35.7188841],[129.4130568,35.7188783],[129.4130791,35.7188243],[129.4130956,35.7187449],[129.4131055,35.7187192]]]]}},{"type":"Feature","properties":{"UFID":"100035906017A00110100000004574884"},"geometry":{"type":"MultiPolygon","coordinates":[[[[129.4029427,35.7232496],[129.4029246,35.7232452],[129.402852,35.7232384],[129.4028386,35.7232387],[129.4028257,35.7232395],[129.4028079,35.7232679],[129.4028103,35.7232674],[129.4028402,35.7232657],[129.4028505,35.7232655],[129.402918,35.7232718],[129.4029224,35.7232728],[129.4029427,35.7232496]]]]}},{"type":"Feature","properties":{"UFID":"100035906017A00110100000004574885"},"geometry":{"type":"MultiPolygon","coordinates":[[[[129.4193256,35.702626],[129.4192901,35.7025993],[129.4192847,35.7025947],[129.4192655,35.7025642],[129.4192327,35.7025682],[129.4192864,35.7026667],[129.4193256,35.702626]]]]}},{"type":"Feature","properties":{"UFID":"100035906017A00110100000004574886"},"geometry":{"type":"MultiPolygon","coordinates":[[[[129.4032042,35.7233737],[129.4031461,35.7233318],[129.4030747,35.7232912],[129.4029919,35.7232614],[129.4029427,35.7232496],[129.4029224,35.7232728],[129.4029805,35.7232869],[129.4030584,35.7233149],[129.4031256,35.7233531],[129.4031788,35.7233915],[129.4032042,35.7233737]]]]}},{"type":"Feature","properties":{"UFID":"100035906017A00110100000004574887"},"geometry":{"type":"MultiPolygon","coordinates":[[[[129.41565,35.707569],[129.4156158,35.7075336],[129.4155755,35.7075578],[129.4155601,35.7075669],[129.4155943,35.7076024],[129.41565,35.707569]]]]}},{"type":"Feature","properties":{"UFID":"100035906017A00110100000004574888"},"geometry":{"type":"MultiPolygon","coordinates":[[[[129.4164346,35.7184276],[129.4164158,35.7184316],[129.4164083,35.7184298],[129.4163973,35.7184553],[129.4164015,35.7184642],[129.4164017,35.7184724],[129.4164346,35.7184276]]]]}},{"type":"Feature","properties":{"UFID":"100035906017A00110100000004574889"},"geometry":{"type":"MultiPolygon","coordinates":[[[[129.4157232,35.7078375],[129.4156924,35.7078275],[129.4156431,35.7079269],[129.4155699,35.7080871],[129.4155418,35.7081481],[129.4154956,35.7082447],[129.4154918,35.7082469],[129.4154865,35.7082473],[129.4155237,35.7082674],[129.4155229,35.7082619],[129.4155728,35.7081578],[129.4156009,35.7080965],[129.415674,35.7079367],[129.4157232,35.7078375]]]]}},{"type":"Feature","properties":{"UFID":"100035906017A00110100000004574890"},"geometry":{"type":"MultiPolygon","coordinates":[[[[129.4157079,35.7077931],[129.4157011,35.7077935],[129.415582,35.7077538],[129.4154478,35.7077141],[129.4154329,35.7077094],[129.4154309,35.7077051],[129.4154332,35.7076973],[129.4153729,35.7077327],[129.4153885,35.7077294],[129.4154107,35.7077314],[129.4154362,35.7077394],[129.4155701,35.707779],[129.4156886,35.7078185],[129.4156919,35.7078227],[129.4156924,35.7078275],[129.4157079,35.7077931]]]]}},{"type":"Feature","properties":{"UFID":"100035906017A00110100000004574891"},"geometry":{"type":"MultiPolygon","coordinates":[[[[129.4156911,35.7109099],[129.4156716,35.7108615],[129.4156682,35.710876],[129.4156591,35.7108883],[129.4156465,35.7108981],[129.4156086,35.7109352],[129.4155761,35.7109835],[129.4155477,35.7110315],[129.4155371,35.7110451],[129.4155357,35.7110461],[129.4155306,35.7110475],[129.4155187,35.71105],[129.4155268,35.7110762],[129.4155402,35.7110735],[129.4155521,35.71107],[129.4155623,35.7110633],[129.4155767,35.7110446],[129.4156056,35.7109959],[129.4156361,35.7109505],[129.4156708,35.7109166],[129.4156774,35.7109114],[129.4156911,35.7109099]]]]}},{"type":"Feature","properties":{"UFID":"100035906017A00110100000004574892"},"geometry":{"type":"MultiPolygon","coordinates":[[[[129.4160296,35.7114775],[129.4159949,35.7114238],[129.4159935,35.7114302],[129.4159903,35.7114348],[129.4159838,35.711437],[129.4158985,35.7114276],[129.4158159,35.7114213],[129.4157925,35.7114197],[129.4157531,35.7114208],[129.4157082,35.7114285],[129.4156996,35.7114304],[129.4156773,35.7114386],[129.4156433,35.7114544],[129.4155925,35.711485],[129.4155244,35.7115416],[129.4154703,35.7115727],[129.4154529,35.7115838],[129.4154476,35.7115989],[129.4154565,35.7116252],[129.4154885,35.7116179],[129.4154822,35.7115994],[129.4154901,35.7115944],[129.4155459,35.7115623],[129.4156144,35.7115055],[129.4156614,35.7114771],[129.4156923,35.7114627],[129.4157108,35.711456],[129.4157159,35.7114548],[129.4157572,35.7114478],[129.4157916,35.7114467],[129.4158129,35.7114483],[129.4158947,35.7114545],[129.4159931,35.7114653],[129.4160124,35.7114705],[129.4160296,35.7114775]]]]}},{"type":"Feature","properties":{"UFID":"100035906017A00110100000004574893"},"geometry":{"type":"MultiPolygon","coordinates":[[[[129.4155237,35.7082674],[129.4155098,35.7082955],[129.415546,35.7083066],[129.4156026,35.7083263],[129.4156156,35.7083015],[129.415559,35.7082818],[129.4155251,35.7082699],[129.4155237,35.7082674]]]]}},{"type":"Feature","properties":{"UFID":"100035906017A00110100000004574894"},"geometry":{"type":"MultiPolygon","coordinates":[[[[129.4155943,35.7076024],[129.4155601,35.7075669],[129.4154662,35.7076223],[129.4154026,35.7076597],[129.4154332,35.7076973],[129.4154986,35.7076588],[129.4155943,35.7076024]]]]}},{"type":"Feature","properties":{"UFID":"100035906017A00110100000004574895"},"geometry":{"type":"MultiPolygon","coordinates":[[[[129.4113679,35.7079546],[129.411338,35.7079099],[129.411334,35.7079149],[129.4112995,35.7079329],[129.4111619,35.7079976],[129.4110859,35.7080365],[129.4109815,35.7081313],[129.4109273,35.708178],[129.4109196,35.7081799],[129.4109065,35.7081808],[129.4108804,35.7081791],[129.410875,35.7081784],[129.4107462,35.7081587],[129.4106819,35.708152],[129.4106446,35.7081529],[129.4106006,35.7081617],[129.4105385,35.7081811],[129.4105023,35.7081922],[129.4104844,35.7081955],[129.4104817,35.7081955],[129.4104755,35.7081946],[129.410475,35.708236],[129.4104896,35.7082316],[129.4105151,35.7082267],[129.4105541,35.7082149],[129.4106138,35.7081962],[129.4106506,35.7081888],[129.4106797,35.7081881],[129.4107393,35.7081943],[129.4108672,35.7082139],[129.4108748,35.7082149],[129.4109068,35.708217],[129.410928,35.7082155],[129.4109513,35.7082097],[129.411014,35.7081557],[129.4111146,35.7080643],[129.4111847,35.7080286],[129.4113225,35.7079637],[129.4113679,35.7079546]]]]}},{"type":"Feature","properties":{"UFID":"100035906017A00110100000004574896"},"geometry":{"type":"MultiPolygon","coordinates":[[[[129.4091217,35.7067232],[129.4090589,35.7067088],[129.4090456,35.7067427],[129.4090853,35.7067545],[129.4091217,35.7067232]]]]}},{"type":"Feature","properties":{"UFID":"100035906017A00110100000004574897"},"geometry":{"type":"MultiPolygon","coordinates":[[[[129.4104755,35.7081946],[129.4104651,35.708193],[129.4104552,35.7081882],[129.4104315,35.7082219],[129.410475,35.708236],[129.4104755,35.7081946]]]]}},{"type":"Feature","properties":{"UFID":"100035906017A00110100000004574898"},"geometry":{"type":"MultiPolygon","coordinates":[[[[129.4090589,35.7067088],[129.4091217,35.7067232],[129.4091203,35.7067142],[129.4091238,35.7067017],[129.4091375,35.7066877],[129.4091474,35.7066804],[129.4091939,35.7066511],[129.4091737,35.7066297],[129.4091261,35.7066596],[129.4091133,35.7066691],[129.4090863,35.7066966],[129.40907,35.7067063],[129.4090589,35.7067088]]]]}},{"type":"Feature","properties":{"UFID":"100035906017A00110100000004574899"},"geometry":{"type":"MultiPolygon","coordinates":[[[[129.410475,35.708236],[129.4104315,35.7082219],[129.410431,35.708227],[129.410423,35.7082395],[129.4104032,35.708276],[129.4104437,35.7082905],[129.4104628,35.7082551],[129.410475,35.708236]]]]}},{"type":"Feature","properties":{"UFID":"100035906017A00110100000004574900"},"geometry":{"type":"MultiPolygon","coordinates":[[[[129.4151474,35.7079452],[129.4151419,35.7079473],[129.4151351,35.7079476],[129.4148848,35.7078653],[129.4148109,35.70784],[129.4147981,35.707865],[129.4148722,35.7078903],[129.4151226,35.7079726],[129.4151274,35.7079772],[129.4151294,35.7079826],[129.4151474,35.7079452]]]]}},{"type":"Feature","properties":{"UFID":"100035906017A00110100000004574901"},"geometry":{"type":"MultiPolygon","coordinates":[[[[129.415181,35.7079987],[129.4151294,35.7079826],[129.4150998,35.7080461],[129.4150775,35.7080941],[129.4151258,35.7081174],[129.4151515,35.7080621],[129.415181,35.7079987]]]]}},{"type":"Feature","properties":{"UFID":"100035906017A00110100000004574902"},"geometry":{"type":"MultiPolygon","coordinates":[[[[129.4151989,35.7079615],[129.4151474,35.7079452],[129.4151294,35.7079826],[129.415181,35.7079987],[129.4151899,35.7079794],[129.4151989,35.7079615]]]]}},{"type":"Feature","properties":{"UFID":"100035906017A00110100000004574903"},"geometry":{"type":"MultiPolygon","coordinates":[[[[129.4150775,35.7080941],[129.4150711,35.7080969],[129.4150603,35.7080977],[129.4148066,35.708019],[129.4146716,35.7079755],[129.4143309,35.7078674],[129.4143089,35.7078616],[129.4142887,35.7078628],[129.4142747,35.7078651],[129.4142374,35.7078848],[129.4142311,35.7078912],[129.4142276,35.7078951],[129.4142725,35.7079214],[129.414275,35.7079186],[129.4142958,35.7079076],[129.414296,35.7079076],[129.4143023,35.7079072],[129.4143125,35.7079099],[129.4146514,35.7080174],[129.4147867,35.708061],[129.4150433,35.7081406],[129.4150482,35.7081462],[129.4150496,35.7081536],[129.4150775,35.7080941]]]]}},{"type":"Feature","properties":{"UFID":"100035906017A00110100000004574904"},"geometry":{"type":"MultiPolygon","coordinates":[[[[129.4151258,35.7081174],[129.4150775,35.7080941],[129.4150496,35.7081536],[129.4150992,35.7081737],[129.4151258,35.7081174]]]]}},{"type":"Feature","properties":{"UFID":"100035906017A00110100000004574905"},"geometry":{"type":"MultiPolygon","coordinates":[[[[129.4149961,35.7082656],[129.4149892,35.7082702],[129.41498,35.7082705],[129.4147069,35.7081826],[129.4144601,35.7080991],[129.4142433,35.7080244],[129.4141924,35.7080403],[129.4142042,35.7080655],[129.4142427,35.7080535],[129.4144473,35.708124],[129.4146944,35.7082077],[129.4149697,35.7082962],[129.4149733,35.7083012],[129.4149741,35.7083079],[129.4149961,35.7082656]]]]}},{"type":"Feature","properties":{"UFID":"100035906017A00110100000004574906"},"geometry":{"type":"MultiPolygon","coordinates":[[[[129.4150992,35.7081737],[129.4150496,35.7081536],[129.4150233,35.7082086],[129.4149961,35.7082656],[129.4150472,35.7082827],[129.4150748,35.708225],[129.4150992,35.7081737]]]]}},{"type":"Feature","properties":{"UFID":"100035906017A00110100000004574907"},"geometry":{"type":"MultiPolygon","coordinates":[[[[129.4150472,35.7082827],[129.4149961,35.7082656],[129.4149741,35.7083079],[129.4150249,35.7083257],[129.4150297,35.7083172],[129.4150423,35.7082932],[129.4150472,35.7082827]]]]}},{"type":"Feature","properties":{"UFID":"100035906017A00110100000004574908"},"geometry":{"type":"MultiPolygon","coordinates":[[[[129.4150249,35.7083257],[129.4149741,35.7083079],[129.4149529,35.7083453],[129.4149221,35.7084038],[129.4149719,35.7084219],[129.4149741,35.7084191],[129.4150033,35.7083637],[129.4150249,35.7083257]]]]}},{"type":"Feature","properties":{"UFID":"100035906017A00110100000004574909"},"geometry":{"type":"MultiPolygon","coordinates":[[[[129.4149221,35.7084038],[129.4149092,35.708412],[129.4148961,35.708412],[129.4146834,35.7083437],[129.4145319,35.7082951],[129.4145198,35.7083203],[129.4146713,35.7083688],[129.4149017,35.7084429],[129.4149081,35.7084501],[129.4149221,35.7084038]]]]}},{"type":"Feature","properties":{"UFID":"100035906017A00110100000004574910"},"geometry":{"type":"MultiPolygon","coordinates":[[[[129.4149719,35.7084219],[129.4149221,35.7084038],[129.4149081,35.7084501],[129.4149452,35.7084621],[129.4149524,35.7084473],[129.4149719,35.7084219]]]]}},{"type":"Feature","properties":{"UFID":"100035906017A00110100000004574911"},"geometry":{"type":"MultiPolygon","coordinates":[[[[129.4154865,35.7082473],[129.4154744,35.7082435],[129.4153435,35.7081947],[129.4151672,35.7081401],[129.4151303,35.7081276],[129.4151272,35.708124],[129.4151258,35.7081174],[129.4150992,35.7081737],[129.4151048,35.7081706],[129.4151119,35.7081702],[129.4151468,35.708182],[129.4153222,35.7082363],[129.415453,35.7082851],[129.4154682,35.7082874],[129.4154865,35.7082473]]]]}},{"type":"Feature","properties":{"UFID":"100035906017A00110100000004574912"},"geometry":{"type":"MultiPolygon","coordinates":[[[[129.4154332,35.7076973],[129.4154026,35.7076597],[129.4153568,35.7076868],[129.4153403,35.7076964],[129.4153729,35.7077327],[129.4154332,35.7076973]]]]}},{"type":"Feature","properties":{"UFID":"100035906017A00110100000004574913"},"geometry":{"type":"MultiPolygon","coordinates":[[[[129.4151678,35.7052128],[129.4152323,35.7052293],[129.4152105,35.7051537],[129.415187,35.7050327],[129.4151839,35.7050195],[129.4151083,35.7048965],[129.4150918,35.7048554],[129.4150756,35.7047816],[129.4150769,35.7046999],[129.4150755,35.7046452],[129.4150489,35.70457],[129.4149879,35.7044698],[129.4149745,35.7044509],[129.4149413,35.7044664],[129.4149651,35.7045064],[129.4150231,35.7045973],[129.4150386,35.7046575],[129.4150344,35.7047016],[129.4150341,35.7047567],[129.4150611,35.7048767],[129.4151055,35.7049637],[129.4151418,35.7050229],[129.4151575,35.7050893],[129.4151678,35.7052128]]]]}},{"type":"Feature","properties":{"UFID":"100035906017A00110100000004574914"},"geometry":{"type":"MultiPolygon","coordinates":[[[[129.4151678,35.7052128],[129.4150479,35.7051885],[129.4150397,35.7052147],[129.4151563,35.7052389],[129.4151678,35.7052128]]]]}},{"type":"Feature","properties":{"UFID":"100035906017A00110100000004574915"},"geometry":{"type":"MultiPolygon","coordinates":[[[[129.4152323,35.7052293],[129.4151678,35.7052128],[129.4151563,35.7052389],[129.4152234,35.7052568],[129.4152323,35.7052293]]]]}},{"type":"Feature","properties":{"UFID":"100035906017A00110100000004574916"},"geometry":{"type":"MultiPolygon","coordinates":[[[[129.4153683,35.7052512],[129.4153618,35.7052541],[129.4153542,35.7052549],[129.4152843,35.7052447],[129.4152323,35.7052293],[129.4152234,35.7052568],[129.4152747,35.7052706],[129.4153705,35.7052994],[129.4153814,35.7053079],[129.4153683,35.7052512]]]]}},{"type":"Feature","properties":{"UFID":"100035906017A00110100000004574917"},"geometry":{"type":"MultiPolygon","coordinates":[[[[129.4155237,35.7082674],[129.4154865,35.7082473],[129.4154682,35.7082874],[129.4154972,35.7082916],[129.4155098,35.7082955],[129.4155237,35.7082674]]]]}},{"type":"Feature","properties":{"UFID":"100035906017A00110100000004574918"},"geometry":{"type":"MultiPolygon","coordinates":[[[[129.4103069,35.7190693],[129.410293,35.7190447],[129.4102344,35.7190692],[129.4101305,35.7191154],[129.4100528,35.7191508],[129.4100197,35.7191653],[129.4099271,35.7192009],[129.4098308,35.7192339],[129.4097221,35.7192734],[129.4096276,35.7193127],[129.4095338,35.7193472],[129.4094847,35.7193624],[129.4094152,35.7193872],[129.4093696,35.7194052],[129.4092752,35.7194398],[129.4091797,35.719483],[129.409062,35.7195351],[129.4089768,35.7195762],[129.4088814,35.719639],[129.4087984,35.7196943],[129.4087151,35.719742],[129.4087103,35.7197445],[129.4086852,35.7197571],[129.4086313,35.7197803],[129.4086042,35.7197915],[129.4085411,35.7198183],[129.4084994,35.7198355],[129.4083553,35.7199068],[129.4082642,35.7199628],[129.4081876,35.7200129],[129.4081122,35.720062],[129.4080404,35.7201073],[129.4080349,35.7201102],[129.4080112,35.7201235],[129.407963,35.7201486],[129.4079356,35.7201593],[129.4078519,35.7201988],[129.4077954,35.7202291],[129.4077867,35.7202337],[129.4077455,35.7202659],[129.4076664,35.7203556],[129.4075806,35.7204578],[129.4075022,35.7205575],[129.4074232,35.7206554],[129.4073418,35.7207552],[129.4072802,35.720832],[129.4072283,35.7208879],[129.40721,35.7209057],[129.407166,35.7209431],[129.4071415,35.7209608],[129.4071234,35.7209722],[129.4070937,35.7209861],[129.4070574,35.721001],[129.4070177,35.7210154],[129.4070324,35.7210397],[129.4070716,35.7210255],[129.4071094,35.7210099],[129.4071419,35.7209948],[129.4071627,35.7209816],[129.407189,35.7209626],[129.4072346,35.7209238],[129.4072542,35.7209048],[129.4073074,35.7208476],[129.4073695,35.7207701],[129.4074508,35.7206703],[129.40753,35.7205723],[129.4076082,35.7204727],[129.4076935,35.7203711],[129.4077706,35.7202837],[129.4078074,35.720255],[129.4078135,35.7202517],[129.4078693,35.7202218],[129.407951,35.7201833],[129.4079791,35.7201723],[129.4080296,35.720146],[129.4080531,35.7201327],[129.4080594,35.7201295],[129.4081327,35.7200833],[129.4082083,35.720034],[129.4082845,35.7199842],[129.4083739,35.7199292],[129.4085155,35.7198592],[129.4085562,35.7198423],[129.4086194,35.7198156],[129.4086466,35.7198043],[129.4087017,35.7197806],[129.4087279,35.7197674],[129.4087336,35.7197644],[129.4088184,35.7197159],[129.4089023,35.71966],[129.4089957,35.7195985],[129.4090784,35.7195586],[129.4091957,35.7195067],[129.40929,35.719464],[129.4093836,35.7194297],[129.4094291,35.7194117],[129.4094972,35.7193875],[129.4095462,35.7193723],[129.4096419,35.719337],[129.4097364,35.7192979],[129.409844,35.7192587],[129.4099406,35.7192256],[129.4100346,35.7191894],[129.4100687,35.7191745],[129.4101465,35.7191391],[129.4102499,35.7190931],[129.4103069,35.7190693]]]]}},{"type":"Feature","properties":{"UFID":"100035906017A00110100000004574919"},"geometry":{"type":"MultiPolygon","coordinates":[[[[129.4070324,35.7210397],[129.4070177,35.7210154],[129.4069474,35.7210447],[129.4069638,35.7210682],[129.4069918,35.7210544],[129.4070324,35.7210397]]]]}},{"type":"Feature","properties":{"UFID":"100035906017A00110100000004574920"},"geometry":{"type":"MultiPolygon","coordinates":[[[[129.4070177,35.7210154],[129.4070093,35.7210146],[129.4070037,35.7210124],[129.4069984,35.7210076],[129.4069879,35.7209636],[129.4069874,35.7209597],[129.4069808,35.7209179],[129.406937,35.7209225],[129.4069435,35.7209638],[129.4069441,35.7209689],[129.4069572,35.721024],[129.4069545,35.7210344],[129.4069474,35.7210447],[129.4070177,35.7210154]]]]}},{"type":"Feature","properties":{"UFID":"100035906017A00110100000004574921"},"geometry":{"type":"MultiPolygon","coordinates":[[[[129.4107183,35.7187614],[129.4106936,35.7187434],[129.4106233,35.7188113],[129.4106482,35.7188292],[129.4106771,35.7188004],[129.4107183,35.7187614]]]]}},{"type":"Feature","properties":{"UFID":"100035906017A00110100000004574922"},"geometry":{"type":"MultiPolygon","coordinates":[[[[129.4106482,35.7188292],[129.4106233,35.7188113],[129.4106012,35.7188333],[129.4105426,35.7188908],[129.4105385,35.7188952],[129.4104718,35.7189497],[129.4104672,35.7189526],[129.4104122,35.7189868],[129.4103686,35.7190115],[129.4103903,35.7190355],[129.4104319,35.7190085],[129.4104873,35.7189741],[129.4104937,35.7189701],[129.4105636,35.718913],[129.4105686,35.7189076],[129.4106267,35.7188505],[129.4106482,35.7188292]]]]}},{"type":"Feature","properties":{"UFID":"100035906017A00110100000004574923"},"geometry":{"type":"MultiPolygon","coordinates":[[[[129.4103903,35.7190355],[129.4103069,35.7190693],[129.41031,35.7190699],[129.4103113,35.7190716],[129.4103107,35.7190738],[129.4102865,35.7190919],[129.4102104,35.7191641],[129.4101677,35.7192141],[129.4101949,35.7192295],[129.4102367,35.7191807],[129.4103104,35.7191107],[129.4103352,35.7190921],[129.4103673,35.7190583],[129.4103903,35.7190355]]]]}},{"type":"Feature","properties":{"UFID":"100035906017A00110100000004574924"},"geometry":{"type":"MultiPolygon","coordinates":[[[[129.4103903,35.7190355],[129.4103686,35.7190115],[129.4103571,35.719018],[129.410323,35.7190321],[129.410293,35.7190447],[129.4103069,35.7190693],[129.4103903,35.7190355]]]]}},{"type":"Feature","properties":{"UFID":"100035906017A00110100000004574925"},"geometry":{"type":"MultiPolygon","coordinates":[[[[129.4106936,35.7187434],[129.4106883,35.7187409],[129.41069,35.7187312],[129.4106906,35.7187296],[129.410714,35.71868],[129.4107501,35.7186057],[129.4107677,35.71855],[129.4107852,35.7184856],[129.4108041,35.7184041],[129.4107716,35.7183991],[129.4107528,35.7184802],[129.4107354,35.7185437],[129.4107185,35.7185973],[129.4106831,35.7186702],[129.410659,35.7187212],[129.4106392,35.7187651],[129.4106233,35.7188113],[129.4106936,35.7187434]]]]}},{"type":"Feature","properties":{"UFID":"100035906017A00110100000004574926"},"geometry":{"type":"MultiPolygon","coordinates":[[[[129.4130381,35.718949],[129.4130221,35.7189153],[129.4129683,35.7189046],[129.4129775,35.7189535],[129.4130381,35.718949]]]]}},{"type":"Feature","properties":{"UFID":"100035906017A00110100000004574927"},"geometry":{"type":"MultiPolygon","coordinates":[[[[129.4130221,35.7189153],[129.4130381,35.718949],[129.4130388,35.7189469],[129.4130759,35.7189551],[129.4131151,35.718963],[129.4131231,35.7189368],[129.4130842,35.7189289],[129.4130221,35.7189153]]]]}},{"type":"Feature","properties":{"UFID":"100035906017A00110100000004574928"},"geometry":{"type":"MultiPolygon","coordinates":[[[[129.4142821,35.7186505],[129.4142467,35.7186416],[129.4142468,35.7186431],[129.4142298,35.7186603],[129.4141906,35.7187116],[129.4141588,35.7187678],[129.4141327,35.7188237],[129.4141228,35.7188495],[129.4141213,35.7188543],[129.4140935,35.7189193],[129.4140925,35.7189229],[129.4140711,35.7189527],[129.4140698,35.718955],[129.4140377,35.7189911],[129.4140333,35.7189951],[129.4140199,35.719006],[129.413994,35.7190195],[129.4139874,35.7190217],[129.4139118,35.7190398],[129.4138497,35.719049],[129.4137239,35.7190588],[129.4136003,35.7190633],[129.4134881,35.7190654],[129.4134753,35.7190656],[129.4134091,35.7190665],[129.413393,35.7190669],[129.4133817,35.7190671],[129.413256,35.7190724],[129.4132144,35.7190749],[129.4131554,35.7190791],[129.4131428,35.7190781],[129.4131303,35.7190731],[129.4131185,35.719063],[129.4130671,35.7189918],[129.4130381,35.718949],[129.4129775,35.7189535],[129.4129917,35.7189616],[129.4130275,35.718992],[129.4130387,35.7190057],[129.4130918,35.7190794],[129.4131103,35.7190952],[129.4131335,35.7191046],[129.4131552,35.7191063],[129.4132171,35.7191018],[129.4132581,35.7190994],[129.4133833,35.7190942],[129.413394,35.7190939],[129.4134098,35.7190935],[129.4134758,35.7190926],[129.4134887,35.7190924],[129.4136014,35.7190903],[129.4137262,35.7190858],[129.4138542,35.7190758],[129.4139195,35.7190661],[129.4139984,35.7190473],[129.4140093,35.7190436],[129.4140408,35.7190272],[129.4140573,35.7190137],[129.4140636,35.7190081],[129.4140987,35.7189686],[129.4141006,35.718965],[129.4141236,35.718933],[129.4141254,35.7189268],[129.4141531,35.7188621],[129.4141547,35.7188569],[129.414164,35.7188325],[129.4141894,35.7187783],[129.4142198,35.7187245],[129.4142569,35.7186759],[129.4142821,35.7186505]]]]}},{"type":"Feature","properties":{"UFID":"100035906017A00110100000004574929"},"geometry":{"type":"MultiPolygon","coordinates":[[[[129.4149209,35.7180864],[129.4149181,35.7180865],[129.4149144,35.7180846],[129.4149133,35.7180833],[129.4149125,35.7180807],[129.4149152,35.7180631],[129.4149253,35.7179657],[129.4148472,35.7179402],[129.4148133,35.7179346],[129.4147676,35.7179482],[129.4147783,35.717956],[129.4148367,35.7179742],[129.4148613,35.7179965],[129.4148655,35.7180203],[129.4148632,35.7180505],[129.4148457,35.7180962],[129.414826,35.7181296],[129.4149209,35.7180864]]]]}},{"type":"Feature","properties":{"UFID":"100035906017A00110100000004574930"},"geometry":{"type":"MultiPolygon","coordinates":[[[[129.4058594,35.7216692],[129.4058314,35.7216547],[129.405826,35.7216612],[129.4058233,35.7216645],[129.4057846,35.7217193],[129.4057301,35.7217971],[129.405725,35.7218022],[129.405669,35.721863],[129.4056164,35.7219137],[129.405547,35.7219861],[129.4054769,35.7220663],[129.4054066,35.7221451],[129.4053487,35.722212],[129.4052743,35.7222949],[129.4052243,35.722337],[129.4051788,35.7223699],[129.4050955,35.7224243],[129.4050621,35.7224476],[129.4049741,35.7225056],[129.4048817,35.7225674],[129.404809,35.7226147],[129.404745,35.7226525],[129.4046724,35.722695],[129.4046005,35.7227452],[129.4045133,35.7228018],[129.4044319,35.7228676],[129.4043579,35.7229256],[129.4042919,35.7229697],[129.4042301,35.7230072],[129.404136,35.7230574],[129.4041041,35.7230741],[129.4040692,35.7230933],[129.4039381,35.7231638],[129.4038832,35.7231934],[129.4037906,35.7232373],[129.4036989,35.7232851],[129.4036134,35.7233367],[129.4034969,35.7234139],[129.4034488,35.723438],[129.4034257,35.723442],[129.403407,35.723443],[129.4033878,35.7234435],[129.4033435,35.7234375],[129.403335,35.7234366],[129.4033207,35.7234336],[129.4032733,35.7234145],[129.4032587,35.7234388],[129.4033092,35.7234591],[129.4033286,35.7234631],[129.4033386,35.7234643],[129.4033857,35.7234706],[129.4034087,35.72347],[129.4034302,35.7234688],[129.4034613,35.7234634],[129.4035161,35.723436],[129.4036337,35.723358],[129.4037177,35.7233074],[129.4038079,35.7232604],[129.4039007,35.7232164],[129.4039564,35.7231864],[129.4040876,35.7231158],[129.4041223,35.7230967],[129.404154,35.7230801],[129.4042491,35.7230293],[129.4043123,35.722991],[129.4043799,35.7229458],[129.4044551,35.7228869],[129.4045353,35.722822],[129.4046216,35.722766],[129.4046929,35.7227162],[129.4047644,35.7226744],[129.4048291,35.7226362],[129.4049026,35.7225884],[129.404995,35.7225266],[129.4050833,35.7224684],[129.4051167,35.7224451],[129.4052002,35.7223906],[129.4052472,35.7223565],[129.4052997,35.7223124],[129.4053756,35.7222278],[129.4054336,35.7221608],[129.4055038,35.7220821],[129.4055735,35.7220023],[129.4056421,35.7219307],[129.4056949,35.7218799],[129.4057512,35.7218189],[129.4057576,35.7218124],[129.4058134,35.7217328],[129.4058514,35.7216788],[129.4058535,35.7216763],[129.4058594,35.7216692]]]]}},{"type":"Feature","properties":{"UFID":"100035906017A00110100000004574931"},"geometry":{"type":"MultiPolygon","coordinates":[[[[129.4031788,35.7233915],[129.4031787,35.7233937],[129.4031779,35.7233949],[129.4031753,35.7233957],[129.403086,35.7233796],[129.4029944,35.7233693],[129.4029899,35.7233961],[129.4030802,35.7234063],[129.4031804,35.7234242],[129.403229,35.7234321],[129.4032587,35.7234388],[129.4031788,35.7233915]]]]}},{"type":"Feature","properties":{"UFID":"100035906017A00110100000004574932"},"geometry":{"type":"MultiPolygon","coordinates":[[[[129.4032733,35.7234145],[129.4032428,35.7233998],[129.4032042,35.7233737],[129.4031788,35.7233915],[129.4032587,35.7234388],[129.4032733,35.7234145]]]]}},{"type":"Feature","properties":{"UFID":"100035906017A00110100000004574933"},"geometry":{"type":"MultiPolygon","coordinates":[[[[129.405893,35.7216409],[129.405871,35.7216184],[129.4058314,35.7216547],[129.4058594,35.7216692],[129.4058663,35.7216609],[129.405893,35.7216409]]]]}},{"type":"Feature","properties":{"UFID":"100035906017A00110100000004574934"},"geometry":{"type":"MultiPolygon","coordinates":[[[[129.405871,35.7216184],[129.4058663,35.7216179],[129.4058626,35.7216154],[129.4058609,35.7216127],[129.4058672,35.7215921],[129.4058803,35.7215396],[129.4058841,35.721502],[129.4058863,35.7214663],[129.4058865,35.7214084],[129.4058533,35.7214083],[129.4058532,35.7214656],[129.405851,35.7215002],[129.4058474,35.7215358],[129.4058349,35.7215861],[129.405828,35.7216085],[129.4058272,35.7216196],[129.4058278,35.7216248],[129.4058316,35.7216333],[129.4058328,35.721643],[129.4058314,35.7216547],[129.405871,35.7216184]]]]}},{"type":"Feature","properties":{"UFID":"100035906017A00110100000004574935"},"geometry":{"type":"MultiPolygon","coordinates":[[[[129.4069638,35.7210682],[129.4069474,35.7210447],[129.4069124,35.721062],[129.4069081,35.7210635],[129.4068992,35.7210661],[129.4068874,35.7210704],[129.4068528,35.7210793],[129.4068447,35.7210806],[129.4068308,35.7210822],[129.4068235,35.7210824],[129.4067943,35.7210853],[129.4067644,35.7210895],[129.4067043,35.7211049],[129.406633,35.7211353],[129.4065418,35.7211838],[129.4065147,35.7212017],[129.406462,35.7212389],[129.4064373,35.72126],[129.4063871,35.7213057],[129.4063395,35.7213426],[129.4062732,35.7213898],[129.4062099,35.7214353],[129.406162,35.7214662],[129.4061066,35.7214917],[129.4060373,35.7215215],[129.405977,35.7215505],[129.4059174,35.721585],[129.4058829,35.7216143],[129.4058773,35.7216171],[129.405871,35.7216184],[129.405893,35.7216409],[129.4059038,35.7216355],[129.4059391,35.7216056],[129.4059951,35.7215732],[129.4060534,35.7215452],[129.4061225,35.7215154],[129.4061805,35.7214887],[129.4062311,35.7214561],[129.4062951,35.7214101],[129.4063619,35.7213625],[129.4064109,35.7213245],[129.4064617,35.7212783],[129.4064849,35.7212585],[129.406536,35.7212224],[129.4065613,35.7212057],[129.4066498,35.7211586],[129.406717,35.72113],[129.4067723,35.7211158],[129.4067991,35.721112],[129.406826,35.7211094],[129.4068337,35.7211092],[129.4068503,35.7211073],[129.406861,35.7211056],[129.4068993,35.7210957],[129.4069116,35.7210911],[129.4069201,35.7210887],[129.4069275,35.7210861],[129.4069638,35.7210682]]]]}},{"type":"Feature","properties":{"UFID":"100035906017A00110100000004574936"},"geometry":{"type":"MultiPolygon","coordinates":[[[[129.41565,35.707569],[129.4155943,35.7076024],[129.4156053,35.7076012],[129.415618,35.7076025],[129.4157724,35.7076594],[129.4157748,35.7076619],[129.4157753,35.7076651],[129.4157224,35.7077716],[129.4157119,35.7077905],[129.4157079,35.7077931],[129.4157402,35.707805],[129.4157529,35.7077823],[129.41581,35.7076672],[129.4158116,35.7076578],[129.4158072,35.7076426],[129.4156479,35.7075839],[129.4156455,35.7075799],[129.4156455,35.7075759],[129.41565,35.707569]]]]}},{"type":"Feature","properties":{"UFID":"100035906017A00110100000004574937"},"geometry":{"type":"MultiPolygon","coordinates":[[[[129.4158653,35.7074841],[129.4158401,35.7074382],[129.4158318,35.7074446],[129.4157982,35.7074557],[129.4157156,35.7074867],[129.4156356,35.7075216],[129.4156158,35.7075336],[129.41565,35.707569],[129.4156652,35.7075598],[129.4157403,35.7075271],[129.4158202,35.7074971],[129.4158546,35.7074856],[129.4158579,35.7074847],[129.4158653,35.7074841]]]]}},{"type":"Feature","properties":{"UFID":"100035906017A00110100000004574938"},"geometry":{"type":"MultiPolygon","coordinates":[[[[129.4203106,35.7020953],[129.4201953,35.7019732],[129.4201083,35.7018886],[129.419989,35.7017738],[129.4198926,35.7016838],[129.4197844,35.7015806],[129.4196619,35.7014652],[129.4196051,35.7014144],[129.4195954,35.7014039],[129.4195848,35.701384],[129.4195849,35.7013749],[129.4195262,35.7014045],[129.4195382,35.7014082],[129.4195725,35.7014388],[129.4196289,35.7014891],[129.4197509,35.7016041],[129.4198591,35.7017074],[129.4199555,35.7017973],[129.4200745,35.7019119],[129.4201608,35.7019958],[129.420269,35.7021104],[129.4202731,35.70212],[129.4203106,35.7020953]]]]}},{"type":"Feature","properties":{"UFID":"100035906017A00110100000004574939"},"geometry":{"type":"MultiPolygon","coordinates":[[[[129.4214931,35.700263],[129.4214788,35.7002049],[129.4214722,35.7002168],[129.4214516,35.7002376],[129.421378,35.7002992],[129.4213011,35.7003697],[129.4212197,35.7004356],[129.4211401,35.7004924],[129.4210476,35.7005559],[129.4210441,35.7005579],[129.4209524,35.7006108],[129.4208469,35.7006683],[129.4207155,35.7007372],[129.4205871,35.7008048],[129.4204659,35.7008672],[129.4203533,35.7009278],[129.4202503,35.700985],[129.4201291,35.7010512],[129.4200008,35.7011225],[129.4199454,35.7011522],[129.4198247,35.7012133],[129.4196874,35.7012805],[129.4195764,35.7013395],[129.4195626,35.7013469],[129.4195849,35.7013749],[129.4195897,35.7013647],[129.4195945,35.7013621],[129.419705,35.7013034],[129.419842,35.7012364],[129.4199632,35.701175],[129.4200192,35.701145],[129.4201476,35.7010736],[129.4202689,35.7010074],[129.4203718,35.7009503],[129.4204838,35.7008899],[129.4206049,35.7008276],[129.4207334,35.70076],[129.4208651,35.7006909],[129.4209712,35.700633],[129.4210632,35.70058],[129.4210678,35.7005773],[129.4211617,35.7005129],[129.4212423,35.7004554],[129.4213252,35.7003883],[129.4214023,35.7003176],[129.4214686,35.7002621],[129.4214794,35.7002602],[129.4214865,35.7002608],[129.4214931,35.700263]]]]}},{"type":"Feature","properties":{"UFID":"100035906017A00110100000004574940"},"geometry":{"type":"MultiPolygon","coordinates":[[[[129.4198077,35.7048901],[129.4197916,35.7048718],[129.4196793,35.7048008],[129.4195105,35.7046918],[129.4194476,35.7046497],[129.4193855,35.7046043],[129.4193645,35.7046274],[129.4193686,35.7046282],[129.4194261,35.7046702],[129.4194897,35.7047128],[129.4196588,35.704822],[129.4197675,35.7048908],[129.4197787,35.7049035],[129.4198077,35.7048901]]]]}},{"type":"Feature","properties":{"UFID":"100035906017A00110100000004574941"},"geometry":{"type":"MultiPolygon","coordinates":[[[[129.419291,35.7021257],[129.4192703,35.7021044],[129.4192554,35.7021163],[129.4192536,35.7021172],[129.4192714,35.7021402],[129.4192764,35.7021374],[129.419291,35.7021257]]]]}},{"type":"Feature","properties":{"UFID":"100035906017A00110100000004574942"},"geometry":{"type":"MultiPolygon","coordinates":[[[[129.4193351,35.7020771],[129.4193027,35.7020697],[129.4192934,35.7020859],[129.4192703,35.7021044],[129.419291,35.7021257],[129.4193351,35.7020771]]]]}},{"type":"Feature","properties":{"UFID":"100035906017A00110100000004574943"},"geometry":{"type":"MultiPolygon","coordinates":[[[[129.4195849,35.7013749],[129.4195626,35.7013469],[129.4195251,35.701367],[129.4195047,35.7013784],[129.4195262,35.7014045],[129.4195849,35.7013749]]]]}},{"type":"Feature","properties":{"UFID":"100035906017A00110100000004574944"},"geometry":{"type":"MultiPolygon","coordinates":[[[[129.4193855,35.7046043],[129.4193677,35.7045865],[129.4193351,35.7046059],[129.4193645,35.7046274],[129.4193855,35.7046043]]]]}},{"type":"Feature","properties":{"UFID":"100035906017A00110100000004574945"},"geometry":{"type":"MultiPolygon","coordinates":[[[[129.4175952,35.7067805],[129.4175803,35.7067812],[129.4175719,35.7067779],[129.4175377,35.7067633],[129.4174842,35.7067459],[129.417413,35.7067354],[129.4173776,35.7067321],[129.4173603,35.7067298],[129.4173497,35.7067266],[129.4173545,35.7067588],[129.4173754,35.7067591],[129.4174081,35.7067622],[129.417475,35.7067721],[129.4175238,35.7067879],[129.417557,35.7068021],[129.4175628,35.7068181],[129.4175952,35.7067805]]]]}},{"type":"Feature","properties":{"UFID":"100035906017A00110100000004574946"},"geometry":{"type":"MultiPolygon","coordinates":[[[[129.4175941,35.7068333],[129.4175628,35.7068181],[129.4175595,35.7068268],[129.4175418,35.7068794],[129.4175281,35.706929],[129.4175604,35.7069349],[129.417574,35.7068859],[129.4175902,35.7068376],[129.4175941,35.7068333]]]]}},{"type":"Feature","properties":{"UFID":"100035906017A00110100000004574947"},"geometry":{"type":"MultiPolygon","coordinates":[[[[129.4176265,35.7068015],[129.4175952,35.7067805],[129.4175628,35.7068181],[129.4175941,35.7068333],[129.4176121,35.7068133],[129.4176265,35.7068015]]]]}},{"type":"Feature","properties":{"UFID":"100035906017A00110100000004574948"},"geometry":{"type":"MultiPolygon","coordinates":[[[[129.4173545,35.7067588],[129.4173497,35.7067266],[129.4172923,35.7067628],[129.4173305,35.7067721],[129.417341,35.706763],[129.4173545,35.7067588]]]]}},{"type":"Feature","properties":{"UFID":"100035906017A00110100000004574949"},"geometry":{"type":"MultiPolygon","coordinates":[[[[129.4173305,35.7067721],[129.4172923,35.7067628],[129.4172723,35.7068263],[129.4172651,35.7068438],[129.4172625,35.7068452],[129.4172936,35.7068595],[129.4173036,35.706835],[129.4173305,35.7067721]]]]}},{"type":"Feature","properties":{"UFID":"100035906017A00110100000004574950"},"geometry":{"type":"MultiPolygon","coordinates":[[[[129.4172936,35.7068595],[129.4172625,35.7068452],[129.4172311,35.7068767],[129.4172752,35.7068961],[129.4172866,35.7068768],[129.4172936,35.7068595]]]]}},{"type":"Feature","properties":{"UFID":"100035906017A00110100000004574951"},"geometry":{"type":"MultiPolygon","coordinates":[[[[129.4172752,35.7068961],[129.4172311,35.7068767],[129.4172227,35.7069179],[129.4171949,35.7069527],[129.4171453,35.7070103],[129.4170674,35.7070975],[129.4170098,35.7071558],[129.417003,35.7071598],[129.416973,35.7071732],[129.4169319,35.7071828],[129.4166779,35.7072543],[129.4164,35.707334],[129.4163184,35.7073544],[129.4161782,35.7073926],[129.4161387,35.707384],[129.416171,35.7074844],[129.4161711,35.7074663],[129.4161717,35.7074475],[129.4161915,35.7074175],[129.4163285,35.7073802],[129.4164104,35.7073597],[129.4166889,35.7072798],[129.4169419,35.7072086],[129.4169857,35.7071984],[129.4170207,35.7071827],[129.4170328,35.7071756],[129.4170937,35.7071139],[129.4171722,35.7070261],[129.4172223,35.7069678],[129.4172515,35.7069315],[129.4172674,35.7069093],[129.4172752,35.7068961]]]]}},{"type":"Feature","properties":{"UFID":"100035906017A00110100000004574952"},"geometry":{"type":"MultiPolygon","coordinates":[[[[129.4160423,35.7073956],[129.4160388,35.7074034],[129.4160288,35.7074098],[129.4159837,35.7074156],[129.4159192,35.7074148],[129.4158964,35.7074116],[129.415916,35.7074823],[129.4159352,35.7074836],[129.4159745,35.7074907],[129.4160407,35.707511],[129.4160883,35.7075409],[129.4160423,35.7073956]]]]}},{"type":"Feature","properties":{"UFID":"100035906017A00110100000004574953"},"geometry":{"type":"MultiPolygon","coordinates":[[[[129.4157402,35.707805],[129.4157079,35.7077931],[129.4156924,35.7078275],[129.4157232,35.7078375],[129.4157318,35.70782],[129.4157402,35.707805]]]]}},{"type":"Feature","properties":{"UFID":"100035906017A00110100000004574954"},"geometry":{"type":"MultiPolygon","coordinates":[[[[129.415916,35.7074823],[129.4158964,35.7074116],[129.4158401,35.7074382],[129.4158653,35.7074841],[129.4158884,35.7074821],[129.415916,35.7074823]]]]}},{"type":"Feature","properties":{"UFID":"100035906017A00110100000004574955"},"geometry":{"type":"MultiPolygon","coordinates":[[[[129.4193645,35.7046274],[129.4193351,35.7046059],[129.4193349,35.7046106],[129.4193225,35.7046263],[129.4192455,35.704747],[129.4191574,35.7048898],[129.4190741,35.7050251],[129.4190067,35.7051374],[129.4189325,35.7052788],[129.4189128,35.7053161],[129.4189098,35.7053191],[129.4188429,35.7053834],[129.4187644,35.7054415],[129.4186552,35.7055186],[129.4185618,35.7055744],[129.418526,35.7055978],[129.4184458,35.7056559],[129.4183769,35.7057278],[129.4182949,35.705839],[129.4182173,35.7059334],[129.4181532,35.7060236],[129.4181335,35.7060618],[129.418085,35.7061456],[129.4180353,35.7062292],[129.4179933,35.7062986],[129.4179564,35.706353],[129.4179496,35.7063625],[129.4179468,35.7063664],[129.4178957,35.7064347],[129.4178417,35.7065078],[129.4177901,35.7065777],[129.4177451,35.706638],[129.417728,35.7066595],[129.4176807,35.7067123],[129.417664,35.7067284],[129.417635,35.7067548],[129.4176117,35.7067751],[129.4175952,35.7067805],[129.4176265,35.7068015],[129.4176322,35.7067968],[129.4176594,35.7067731],[129.417689,35.7067462],[129.4177068,35.706729],[129.4177553,35.7066748],[129.4177732,35.7066524],[129.4178185,35.7065917],[129.4178701,35.7065218],[129.4179241,35.7064487],[129.4179753,35.7063802],[129.4179782,35.7063761],[129.4179852,35.7063664],[129.4180227,35.7063111],[129.4180651,35.7062411],[129.4181149,35.7061572],[129.4181638,35.7060728],[129.4181829,35.7060356],[129.4182454,35.7059477],[129.4183229,35.7058535],[129.4184042,35.7057432],[129.4184701,35.7056745],[129.4185473,35.7056185],[129.418582,35.7055959],[129.4186759,35.7055397],[129.4187863,35.7054617],[129.4188668,35.7054023],[129.4189353,35.7053364],[129.4189414,35.7053303],[129.4189629,35.7052895],[129.4190368,35.7051487],[129.4191038,35.7050371],[129.419187,35.7049019],[129.4192751,35.7047593],[129.4193512,35.7046399],[129.4193604,35.7046282],[129.4193645,35.7046274]]]]}},{"type":"Feature","properties":{"UFID":"100035906017A00110100000004574956"},"geometry":{"type":"MultiPolygon","coordinates":[[[[129.4172625,35.7068452],[129.4172608,35.7068451],[129.4172584,35.7068433],[129.4172506,35.706799],[129.4172439,35.7067289],[129.4172427,35.7066813],[129.4172428,35.7066671],[129.4172436,35.7065233],[129.4172414,35.7064109],[129.4172352,35.7062267],[129.4172326,35.7061398],[129.4172284,35.7060056],[129.4172201,35.7058912],[129.41721,35.705711],[129.4172049,35.7055749],[129.4172004,35.7054302],[129.4171946,35.7052843],[129.4171924,35.7051452],[129.4171925,35.7050945],[129.4171956,35.7050643],[129.4172041,35.7050302],[129.4172081,35.7050185],[129.4172264,35.7049967],[129.4172558,35.7049734],[129.4172724,35.7049609],[129.4173188,35.7049326],[129.4173527,35.7049112],[129.417357,35.7049088],[129.4173637,35.7049081],[129.4173689,35.7049089],[129.4173716,35.7049103],[129.4173761,35.7049134],[129.41737,35.7048498],[129.4173633,35.7048626],[129.4173429,35.7048828],[129.4173394,35.7048854],[129.4172987,35.7049111],[129.4172513,35.7049401],[129.417233,35.7049537],[129.4172009,35.7049792],[129.4171776,35.705007],[129.4171719,35.705024],[129.4171627,35.7050604],[129.4171593,35.7050934],[129.4171593,35.7051453],[129.4171615,35.7052849],[129.4171673,35.705431],[129.4171717,35.7055756],[129.4171769,35.705712],[129.417187,35.7058926],[129.4171952,35.7060067],[129.4171994,35.7061405],[129.4172021,35.7062275],[129.4172082,35.7064115],[129.4172105,35.7065234],[129.4172097,35.706667],[129.4172096,35.7066815],[129.4172108,35.7067302],[129.4172176,35.7068019],[129.4172281,35.7068615],[129.4172311,35.7068767],[129.4172625,35.7068452]]]]}},{"type":"Feature","properties":{"UFID":"100035906017A00110100000004574957"},"geometry":{"type":"MultiPolygon","coordinates":[[[[129.4174198,35.7049089],[129.4174127,35.704846],[129.41737,35.7048498],[129.4173761,35.7049134],[129.4174198,35.7049089]]]]}},{"type":"Feature","properties":{"UFID":"100035906017A00110100000004574958"},"geometry":{"type":"MultiPolygon","coordinates":[[[[129.4174127,35.704846],[129.4174097,35.7048198],[129.4174077,35.7047397],[129.4174084,35.7047317],[129.4173753,35.7047299],[129.4173745,35.7047391],[129.4173766,35.704821],[129.41737,35.7048498],[129.4174127,35.704846]]]]}},{"type":"Feature","properties":{"UFID":"100035906017A00110100000004574959"},"geometry":{"type":"MultiPolygon","coordinates":[[[[129.415984,35.7108007],[129.4159474,35.7108306],[129.4159547,35.7108312],[129.4159614,35.7108349],[129.4159705,35.7108484],[129.4160624,35.7109711],[129.4161379,35.7110632],[129.4161654,35.7110482],[129.4160903,35.7109565],[129.4159992,35.7108349],[129.4159858,35.7108149],[129.4159834,35.710806],[129.415984,35.7108007]]]]}},{"type":"Feature","properties":{"UFID":"100035906017A00110100000004574960"},"geometry":{"type":"MultiPolygon","coordinates":[[[[129.4164781,35.7102575],[129.4164312,35.7102],[129.4164321,35.7102128],[129.4164295,35.7102219],[129.4164212,35.7102375],[129.4163859,35.7102657],[129.416339,35.7103016],[129.4162569,35.710356],[129.4161839,35.7104162],[129.4161357,35.7104615],[129.4161017,35.7105107],[129.4160986,35.7105175],[129.4160787,35.7105675],[129.4160518,35.7106429],[129.4160235,35.7107034],[129.4159975,35.7107449],[129.4159934,35.7107496],[129.4159622,35.710776],[129.4159582,35.7107792],[129.415984,35.7108007],[129.4159875,35.7107936],[129.4160201,35.7107659],[129.4160255,35.7107596],[129.4160539,35.7107144],[129.4160832,35.7106515],[129.4161104,35.7105755],[129.4161299,35.7105263],[129.4161319,35.710522],[129.4161629,35.7104771],[129.4162082,35.7104346],[129.4162793,35.710376],[129.4163608,35.710322],[129.4164088,35.7102852],[129.4164428,35.7102581],[129.4164611,35.7102543],[129.4164781,35.7102575]]]]}},{"type":"Feature","properties":{"UFID":"100035906017A00110100000004574961"},"geometry":{"type":"MultiPolygon","coordinates":[[[[129.415984,35.7108007],[129.4159582,35.7107792],[129.4159416,35.7107926],[129.4159221,35.7108081],[129.4159474,35.7108306],[129.415984,35.7108007]]]]}},{"type":"Feature","properties":{"UFID":"100035906017A00110100000004574962"},"geometry":{"type":"MultiPolygon","coordinates":[[[[129.4166455,35.7117444],[129.4166358,35.7117488],[129.4166156,35.7117494],[129.4166053,35.7117469],[129.4164442,35.7116826],[129.4164003,35.7116624],[129.4163406,35.7116408],[129.416235,35.7116054],[129.4161814,35.7115863],[129.4161519,35.7115707],[129.4161442,35.7115653],[129.4161356,35.7115578],[129.416096,35.7115161],[129.4160669,35.7114753],[129.4160587,35.7114644],[129.4160296,35.7114775],[129.4160384,35.7114892],[129.4160684,35.7115312],[129.4161103,35.7115753],[129.4161212,35.7115848],[129.4161319,35.7115924],[129.4161657,35.7116102],[129.4162221,35.7116303],[129.4163275,35.7116657],[129.4163854,35.7116865],[129.4164287,35.7117065],[129.4165932,35.7117722],[129.4166219,35.7117841],[129.4166307,35.7117919],[129.4166455,35.7117444]]]]}},{"type":"Feature","properties":{"UFID":"100035906017A00110100000004574963"},"geometry":{"type":"MultiPolygon","coordinates":[[[[129.4159474,35.7108306],[129.4159221,35.7108081],[129.4159109,35.7108171],[129.415855,35.710876],[129.4158038,35.710931],[129.4157925,35.7109377],[129.4157837,35.7109389],[129.4157791,35.7109381],[129.415805,35.710984],[129.4158071,35.7109741],[129.4158208,35.7109575],[129.4158814,35.7108924],[129.4159357,35.7108351],[129.4159393,35.7108322],[129.4159474,35.7108306]]]]}},{"type":"Feature","properties":{"UFID":"100035906017A00110100000004574964"},"geometry":{"type":"MultiPolygon","coordinates":[[[[129.415966,35.7112142],[129.4159647,35.7112117],[129.4158851,35.7110904],[129.4158303,35.7110194],[129.4158134,35.7109979],[129.415805,35.710984],[129.4157764,35.7109978],[129.4157845,35.7110112],[129.4158023,35.7110339],[129.4158564,35.711104],[129.4159332,35.711221],[129.415966,35.7112142]]]]}},{"type":"Feature","properties":{"UFID":"100035906017A00110100000004574965"},"geometry":{"type":"MultiPolygon","coordinates":[[[[129.415805,35.710984],[129.4157791,35.7109381],[129.4157489,35.7109567],[129.4157636,35.7109767],[129.4157764,35.7109978],[129.415805,35.710984]]]]}},{"type":"Feature","properties":{"UFID":"100035906017A00110100000004574966"},"geometry":{"type":"MultiPolygon","coordinates":[[[[129.415966,35.7112142],[129.4159802,35.7112527],[129.415982,35.7112478],[129.4159866,35.7112439],[129.4160426,35.7112326],[129.4160347,35.7112064],[129.4159766,35.7112181],[129.415971,35.7112172],[129.415966,35.7112142]]]]}},{"type":"Feature","properties":{"UFID":"100035906017A00110100000004574967"},"geometry":{"type":"MultiPolygon","coordinates":[[[[129.4159802,35.7112527],[129.415966,35.7112142],[129.4159332,35.711221],[129.4159469,35.7112548],[129.4159475,35.7112574],[129.4159802,35.7112527]]]]}},{"type":"Feature","properties":{"UFID":"100035906017A00110100000004574968"},"geometry":{"type":"MultiPolygon","coordinates":[[[[129.4160316,35.7114166],[129.4160201,35.7113946],[129.4159881,35.7112867],[129.4159802,35.7112527],[129.4159475,35.7112574],[129.4159557,35.7112924],[129.4159885,35.7114032],[129.4159949,35.7114238],[129.4160316,35.7114166]]]]}},{"type":"Feature","properties":{"UFID":"100035906017A00110100000004574969"},"geometry":{"type":"MultiPolygon","coordinates":[[[[129.4160587,35.7114644],[129.4160446,35.7114456],[129.4160316,35.7114166],[129.4159949,35.7114238],[129.4160296,35.7114775],[129.4160587,35.7114644]]]]}},{"type":"Feature","properties":{"UFID":"100035906017A00110100000004574970"},"geometry":{"type":"MultiPolygon","coordinates":[[[[129.4157204,35.7108884],[129.4157106,35.7108738],[129.4157045,35.7108575],[129.4156716,35.7108615],[129.4156911,35.7109099],[129.4157204,35.7108884]]]]}},{"type":"Feature","properties":{"UFID":"100035906017A00110100000004574971"},"geometry":{"type":"MultiPolygon","coordinates":[[[[129.4157791,35.7109381],[129.4157734,35.7109343],[129.4157658,35.7109272],[129.4157356,35.7109003],[129.4157234,35.710891],[129.4157204,35.7108884],[129.4156911,35.7109099],[129.4157041,35.7109132],[129.415712,35.7109193],[129.4157391,35.7109435],[129.4157489,35.7109567],[129.4157791,35.7109381]]]]}},{"type":"Feature","properties":{"UFID":"100035906017A00110100000004574972"},"geometry":{"type":"MultiPolygon","coordinates":[[[[129.42093,35.7024815],[129.4208685,35.7024739],[129.4208579,35.7024724],[129.4207896,35.7024635],[129.4207781,35.7025134],[129.4208262,35.7025048],[129.4208506,35.7025079],[129.4208613,35.7025095],[129.420923,35.7025171],[129.42093,35.7024815]]]]}},{"type":"Feature","properties":{"UFID":"100035906017A00110100000004574973"},"geometry":{"type":"MultiPolygon","coordinates":[[[[129.4207896,35.7024635],[129.4207696,35.702461],[129.4207397,35.7024537],[129.4207062,35.7024388],[129.4206733,35.7024633],[129.4207781,35.7025134],[129.4207896,35.7024635]]]]}},{"type":"Feature","properties":{"UFID":"100035906017A00110100000004574974"},"geometry":{"type":"MultiPolygon","coordinates":[[[[129.4213584,35.7029366],[129.4212492,35.7029102],[129.4212075,35.7028994],[129.4211857,35.7028897],[129.4211759,35.7028813],[129.4211043,35.7028056],[129.4211014,35.7028028],[129.4210803,35.7027724],[129.4210793,35.7027701],[129.4210785,35.7027664],[129.4210742,35.7027439],[129.421073,35.7027389],[129.4210509,35.7026558],[129.4210189,35.7025808],[129.4209903,35.7025368],[129.4209916,35.7025297],[129.4209943,35.7025256],[129.4210022,35.7025218],[129.420923,35.7025171],[129.420935,35.7025226],[129.4209509,35.7025357],[129.420958,35.7025449],[129.4209884,35.7025916],[129.4210189,35.7026632],[129.4210405,35.7027445],[129.4210416,35.7027487],[129.4210458,35.7027709],[129.4210471,35.7027769],[129.42105,35.7027836],[129.421074,35.7028182],[129.4210784,35.7028225],[129.4211507,35.7028989],[129.4211653,35.7029113],[129.4211944,35.7029244],[129.4212395,35.702936],[129.421349,35.7029625],[129.4213584,35.7029366]]]]}},{"type":"Feature","properties":{"UFID":"100035906017A00110100000004574975"},"geometry":{"type":"MultiPolygon","coordinates":[[[[129.4210073,35.7024901],[129.4209473,35.7024837],[129.42093,35.7024815],[129.420923,35.7025171],[129.4210022,35.7025218],[129.4210073,35.7024901]]]]}},{"type":"Feature","properties":{"UFID":"100035906017A00110100000004574976"},"geometry":{"type":"MultiPolygon","coordinates":[[[[129.4203403,35.7021813],[129.4202731,35.70212],[129.4202734,35.7021331],[129.4202708,35.7021556],[129.420269,35.7021609],[129.4202613,35.7021728],[129.4202144,35.7022098],[129.4201382,35.7022569],[129.4200996,35.7022807],[129.4200832,35.7022962],[129.420079,35.7023023],[129.4200754,35.7023141],[129.4200769,35.702332],[129.4201434,35.7024105],[129.4202101,35.7024715],[129.4202348,35.7024535],[129.4201696,35.7023938],[129.4201094,35.7023227],[129.4201089,35.7023165],[129.4201101,35.7023123],[129.4201105,35.7023118],[129.4201224,35.7023006],[129.4201582,35.7022785],[129.420236,35.7022303],[129.4203096,35.7021825],[129.4203403,35.7021813]]]]}},{"type":"Feature","properties":{"UFID":"100035906017A00110100000004574977"},"geometry":{"type":"MultiPolygon","coordinates":[[[[129.4207062,35.7024388],[129.4206687,35.7024131],[129.4206587,35.702405],[129.4206095,35.7023627],[129.4205717,35.7023303],[129.4204825,35.702256],[129.4204023,35.7021858],[129.4203732,35.7021572],[129.4203403,35.7021813],[129.420369,35.7022096],[129.4204505,35.7022809],[129.4205399,35.7023553],[129.4206261,35.7024294],[129.4206389,35.7024397],[129.4206733,35.7024633],[129.4207062,35.7024388]]]]}},{"type":"Feature","properties":{"UFID":"100035906017A00110100000004574978"},"geometry":{"type":"MultiPolygon","coordinates":[[[[129.4203732,35.7021572],[129.4203146,35.7020996],[129.4203106,35.7020953],[129.4202731,35.70212],[129.4203403,35.7021813],[129.4203732,35.7021572]]]]}},{"type":"Feature","properties":{"UFID":"100035906017A00110100000004574979"},"geometry":{"type":"MultiPolygon","coordinates":[[[[129.4215333,35.7002553],[129.4214931,35.700263],[129.4214984,35.7002731],[129.4215081,35.700312],[129.4215135,35.7003345],[129.4215344,35.7004258],[129.4215444,35.7004758],[129.4215449,35.700482],[129.4215472,35.700596],[129.4215473,35.7006079],[129.4215386,35.7007263],[129.4215372,35.7007341],[129.4215143,35.7008322],[129.4214878,35.7009238],[129.4214639,35.7010012],[129.421455,35.7010503],[129.4214534,35.7010581],[129.4214386,35.7011774],[129.4214304,35.7012859],[129.4214297,35.7014508],[129.4214285,35.7015382],[129.4214232,35.7016974],[129.4214227,35.701757],[129.4214179,35.7018698],[129.4214026,35.7019991],[129.4213965,35.7020508],[129.4213862,35.7021183],[129.421377,35.7022379],[129.4213764,35.7022477],[129.4213752,35.702343],[129.4213698,35.7024565],[129.4213696,35.702457],[129.4213575,35.7024756],[129.4213249,35.7024946],[129.4213234,35.7024951],[129.4213079,35.7024989],[129.421295,35.7025012],[129.4212314,35.7025037],[129.4212073,35.7025033],[129.4211195,35.7024993],[129.4211105,35.7024991],[129.421014,35.7024909],[129.4210073,35.7024901],[129.4210022,35.7025218],[129.4210105,35.7025223],[129.4211079,35.7025305],[129.4211177,35.7025308],[129.4212058,35.7025348],[129.4212319,35.7025353],[129.4213001,35.7025325],[129.4213176,35.7025294],[129.4213366,35.7025248],[129.421344,35.7025222],[129.4213873,35.702497],[129.4214046,35.7024705],[129.4214082,35.7024635],[129.4214139,35.7023438],[129.4214151,35.7022486],[129.4214156,35.7022396],[129.4214247,35.7021213],[129.4214349,35.7020542],[129.4214411,35.7020022],[129.4214565,35.7018719],[129.4214614,35.7017577],[129.4214619,35.7016979],[129.4214671,35.7015388],[129.4214683,35.701451],[129.421469,35.7012869],[129.4214772,35.70118],[129.4214917,35.7010624],[129.4214932,35.7010553],[129.4215019,35.7010074],[129.4215254,35.7009313],[129.4215521,35.7008387],[129.4215753,35.7007394],[129.4215771,35.7007296],[129.421586,35.7006088],[129.4215859,35.7005956],[129.4215836,35.7004807],[129.4215829,35.7004723],[129.4215725,35.7004204],[129.4215515,35.7003286],[129.4215461,35.7003059],[129.4215355,35.7002636],[129.4215333,35.7002553]]]]}},{"type":"Feature","properties":{"UFID":"100035906017A00110100000004574980"},"geometry":{"type":"MultiPolygon","coordinates":[[[[129.4215333,35.7002553],[129.4215244,35.7002221],[129.4215219,35.7002018],[129.4214788,35.7002049],[129.4214931,35.700263],[129.4215333,35.7002553]]]]}},{"type":"Feature","properties":{"UFID":"100035906017A00110100000004574981"},"geometry":{"type":"MultiPolygon","coordinates":[[[[129.4172975,35.7178656],[129.4172703,35.7178363],[129.4172524,35.7178428],[129.4172456,35.7178459],[129.417249,35.717891],[129.4172975,35.7178656]]]]}},{"type":"Feature","properties":{"UFID":"100035906017A00110100000004574982"},"geometry":{"type":"MultiPolygon","coordinates":[[[[129.4172703,35.7178363],[129.4172975,35.7178656],[129.4172991,35.7178621],[129.4173125,35.7178495],[129.4172855,35.7178308],[129.4172703,35.7178363]]]]}},{"type":"Feature","properties":{"UFID":"100035906017A00110100000004574983"},"geometry":{"type":"MultiPolygon","coordinates":[[[[129.4173735,35.718099],[129.4173683,35.7180873],[129.4172975,35.7178656],[129.417249,35.717891],[129.417256,35.7179029],[129.4172649,35.7179263],[129.4173004,35.7180372],[129.4173083,35.7181165],[129.4173735,35.718099]]]]}},{"type":"Feature","properties":{"UFID":"100035906017A00110100000004574984"},"geometry":{"type":"MultiPolygon","coordinates":[[[[129.4173735,35.718099],[129.4173083,35.7181165],[129.4173158,35.7181644],[129.4173559,35.7181785],[129.4173735,35.718099]]]]}},{"type":"Feature","properties":{"UFID":"100035906017A00110100000004574985"},"geometry":{"type":"MultiPolygon","coordinates":[[[[129.4173735,35.718099],[129.4173559,35.7181785],[129.417359,35.7181768],[129.4173985,35.718157],[129.4177411,35.7179632],[129.4179789,35.717832],[129.4179451,35.7177817],[129.4175691,35.7179945],[129.4174002,35.7180874],[129.4173735,35.718099]]]]}},{"type":"Feature","properties":{"UFID":"100035906017A00110100000004574986"},"geometry":{"type":"MultiPolygon","coordinates":[[[[129.417249,35.717891],[129.4172456,35.7178459],[129.4171832,35.7178896],[129.4170885,35.7179528],[129.4170545,35.7179752],[129.4170807,35.7179927],[129.4171094,35.7179737],[129.417145,35.7179464],[129.4171952,35.7179052],[129.4172338,35.7178886],[129.417243,35.7178886],[129.417249,35.717891]]]]}},{"type":"Feature","properties":{"UFID":"100035906017A00110100000004574987"},"geometry":{"type":"MultiPolygon","coordinates":[[[[129.4129344,35.707795],[129.4128926,35.7077761],[129.4128444,35.7078143],[129.412885,35.7078324],[129.4129001,35.7078199],[129.412921,35.7078038],[129.4129344,35.707795]]]]}},{"type":"Feature","properties":{"UFID":"100035906017A00110100000004574988"},"geometry":{"type":"MultiPolygon","coordinates":[[[[129.4100351,35.7083381],[129.4099939,35.7083196],[129.4099781,35.708331],[129.409869,35.7084079],[129.4097886,35.7084566],[129.4097263,35.7084882],[129.4095804,35.7085747],[129.4095254,35.7085887],[129.4094,35.708597],[129.4092898,35.7086019],[129.4092726,35.7086102],[129.4092713,35.7086113],[129.4092273,35.7086443],[129.4091514,35.7087106],[129.4090965,35.7087715],[129.4090199,35.7088665],[129.4090601,35.7088918],[129.4091369,35.7088259],[129.4091989,35.7087637],[129.4092505,35.7087184],[129.4092583,35.7087142],[129.4095304,35.7086938],[129.4095433,35.7086566],[129.4096045,35.7086049],[129.409751,35.7085181],[129.4098135,35.7084864],[129.4098967,35.7084361],[129.4100072,35.7083582],[129.4100351,35.7083381]]]]}},{"type":"Feature","properties":{"UFID":"100035906017A00110100000004574989"},"geometry":{"type":"MultiPolygon","coordinates":[[[[129.4100762,35.7082967],[129.410034,35.7082829],[129.4099939,35.7083196],[129.4100351,35.7083381],[129.4100591,35.7083163],[129.4100762,35.7082967]]]]}},{"type":"Feature","properties":{"UFID":"100035906017A00110100000004574990"},"geometry":{"type":"MultiPolygon","coordinates":[[[[129.4104315,35.7082219],[129.4104552,35.7081882],[129.4103963,35.7081585],[129.4103701,35.7081412],[129.4102932,35.7081029],[129.4102735,35.7080946],[129.410258,35.708091],[129.4102407,35.7080888],[129.4102286,35.7080892],[129.4102172,35.7080903],[129.4102067,35.708092],[129.4101962,35.7080969],[129.4101866,35.708106],[129.4101131,35.7081922],[129.410034,35.7082829],[129.4100762,35.7082967],[129.4101493,35.7082129],[129.4102216,35.7081281],[129.4102239,35.708126],[129.4102241,35.7081259],[129.4102321,35.7081252],[129.4102384,35.7081249],[129.4102485,35.7081262],[129.4102571,35.7081282],[129.4102715,35.7081343],[129.4103446,35.7081708],[129.4103706,35.7081879],[129.410428,35.7082169],[129.4104315,35.7082219]]]]}},{"type":"Feature","properties":{"UFID":"100035906017A00110100000004574991"},"geometry":{"type":"MultiPolygon","coordinates":[[[[129.4090589,35.7067088],[129.4090403,35.7067054],[129.4089503,35.7066922],[129.4089133,35.7066876],[129.4089083,35.7067145],[129.40898,35.7067254],[129.4090363,35.70674],[129.4090456,35.7067427],[129.4090589,35.7067088]]]]}},{"type":"Feature","properties":{"UFID":"100035906017A00110100000004574992"},"geometry":{"type":"MultiPolygon","coordinates":[[[[129.4089133,35.7066876],[129.4088239,35.7066813],[129.4088221,35.7067084],[129.4088283,35.7067089],[129.4089009,35.7067134],[129.4089083,35.7067145],[129.4089133,35.7066876]]]]}},{"type":"Feature","properties":{"UFID":"100035906017A00110100000004574993"},"geometry":{"type":"MultiPolygon","coordinates":[[[[129.4170807,35.7179927],[129.4170545,35.7179752],[129.4170484,35.7179792],[129.4170206,35.7180007],[129.4169825,35.7180304],[129.4170103,35.7180461],[129.4170807,35.7179927]]]]}},{"type":"Feature","properties":{"UFID":"100035906017A00110100000004574994"},"geometry":{"type":"MultiPolygon","coordinates":[[[[129.4213584,35.7029366],[129.421349,35.7029625],[129.4213588,35.7029732],[129.4213642,35.7029903],[129.4213787,35.7030321],[129.4213767,35.7030358],[129.4213741,35.7030379],[129.4213645,35.703038],[129.4213516,35.7030502],[129.4213912,35.703079],[129.4214001,35.703093],[129.4214036,35.7031052],[129.421408,35.703117],[129.4214091,35.7031282],[129.4214093,35.7031427],[129.4214087,35.7031593],[129.4214061,35.7031758],[129.4214027,35.7031904],[129.4213966,35.7032149],[129.4213946,35.7032284],[129.4213945,35.7032363],[129.4213952,35.703242],[129.4214307,35.7032434],[129.4214364,35.703192],[129.4214389,35.7031723],[129.4214412,35.7031533],[129.4214424,35.703136],[129.4214424,35.7031217],[129.4214406,35.7031054],[129.4214269,35.7030533],[129.4214178,35.7030341],[129.421414,35.7030236],[129.4213993,35.7029759],[129.4213831,35.7029529],[129.4213584,35.7029366]]]]}},{"type":"Feature","properties":{"UFID":"100035906017A00110100000004574995"},"geometry":{"type":"MultiPolygon","coordinates":[[[[129.410034,35.7082829],[129.4099914,35.7082794],[129.4098783,35.7082632],[129.409871,35.7082933],[129.4099696,35.7083093],[129.4099755,35.7083107],[129.4099858,35.7083138],[129.4099911,35.7083157],[129.4099939,35.7083196],[129.410034,35.7082829]]]]}},{"type":"Feature","properties":{"UFID":"100035906017A00110100000004574996"},"geometry":{"type":"MultiPolygon","coordinates":[[[[129.4088239,35.7066813],[129.4089133,35.7066876],[129.408898,35.7066789],[129.4088908,35.7066675],[129.4088895,35.7066588],[129.4088897,35.7066516],[129.4088969,35.7066292],[129.4089033,35.7066202],[129.4089416,35.7065626],[129.4089967,35.7065023],[129.4090567,35.7064614],[129.4090651,35.7064604],[129.4090779,35.7064581],[129.4090682,35.7064244],[129.4090228,35.7064412],[129.4089538,35.706499],[129.4089033,35.7065563],[129.4088595,35.7066265],[129.4088342,35.7066715],[129.4088307,35.7066759],[129.4088239,35.7066813]]]]}},{"type":"Feature","properties":{"UFID":"100035906017A00110100000004574997"},"geometry":{"type":"MultiPolygon","coordinates":[[[[129.4125729,35.7076507],[129.4125589,35.7076454],[129.4125292,35.707642],[129.4125122,35.7076719],[129.4125536,35.7076784],[129.4125729,35.7076507]]]]}},{"type":"Feature","properties":{"UFID":"100035906017A00110100000004574998"},"geometry":{"type":"MultiPolygon","coordinates":[[[[129.4128926,35.7077761],[129.412779,35.7077463],[129.4127559,35.7077781],[129.412836,35.7078003],[129.4128444,35.7078143],[129.4128926,35.7077761]]]]}},{"type":"Feature","properties":{"UFID":"100035906017A00110100000004574999"},"geometry":{"type":"MultiPolygon","coordinates":[[[[129.4125536,35.7076784],[129.4125122,35.7076719],[129.4125127,35.707674],[129.4125112,35.7076821],[129.4124892,35.7077086],[129.4125096,35.7077208],[129.4125536,35.7076784]]]]}},{"type":"Feature","properties":{"UFID":"100035906017A00110100000004575000"},"geometry":{"type":"MultiPolygon","coordinates":[[[[129.4157045,35.7108575],[129.4156967,35.7108282],[129.4156761,35.7107525],[129.4156666,35.7107283],[129.4156635,35.7107194],[129.4156624,35.7107103],[129.4156641,35.710683],[129.4156761,35.7106268],[129.4156945,35.7105599],[129.4156964,35.7105429],[129.4156971,35.7105363],[129.4156965,35.7105266],[129.4156961,35.7105231],[129.4156888,35.7104865],[129.4156875,35.7104822],[129.415681,35.7104636],[129.4156516,35.7103871],[129.4156407,35.7103618],[129.4156092,35.7102952],[129.4155652,35.7102211],[129.415529,35.71017],[129.415514,35.7101475],[129.4154755,35.7100895],[129.4154278,35.7100178],[129.4153762,35.7099429],[129.415324,35.7098704],[129.4152965,35.7098245],[129.4152738,35.7097811],[129.4152684,35.7097625],[129.4152529,35.7097068],[129.4152395,35.709648],[129.415231,35.7096159],[129.4152277,35.7095993],[129.4152138,35.7095393],[129.4151958,35.7094843],[129.415176,35.7094221],[129.4151706,35.7094008],[129.4151699,35.7093908],[129.4151704,35.7093618],[129.4151701,35.7093568],[129.415164,35.709313],[129.4151635,35.709306],[129.4151509,35.7092485],[129.4151322,35.7091855],[129.4151303,35.7091796],[129.415122,35.7091562],[129.4151078,35.7091244],[129.4150995,35.70911],[129.415058,35.709059],[129.415031,35.7090747],[129.4150705,35.7091233],[129.4150771,35.7091348],[129.4150905,35.7091645],[129.4150983,35.7091867],[129.4151,35.7091921],[129.4151185,35.709254],[129.4151305,35.7093091],[129.4151309,35.7093152],[129.415137,35.709359],[129.4151372,35.7093623],[129.4151368,35.7093913],[129.4151376,35.7094043],[129.4151437,35.7094283],[129.4151637,35.7094912],[129.4151815,35.7095453],[129.415195,35.709604],[129.4151984,35.7096209],[129.415207,35.7096533],[129.4152204,35.7097122],[129.4152361,35.7097686],[129.4152422,35.7097896],[129.4152664,35.7098357],[129.4152948,35.7098832],[129.4153475,35.7099564],[129.4153987,35.7100309],[129.4154464,35.7101024],[129.4154848,35.7101604],[129.4155001,35.7101832],[129.4155359,35.7102338],[129.4155787,35.710306],[129.4156096,35.7103711],[129.4156201,35.7103956],[129.4156492,35.7104714],[129.4156555,35.7104892],[129.4156563,35.7104919],[129.4156632,35.7105264],[129.4156634,35.7105284],[129.4156639,35.7105359],[129.4156634,35.7105406],[129.4156617,35.7105557],[129.4156435,35.7106215],[129.415631,35.71068],[129.4156293,35.7107111],[129.4156348,35.710736],[129.4156441,35.7107596],[129.4156644,35.710834],[129.4156716,35.7108615],[129.4157045,35.7108575]]]]}},{"type":"Feature","properties":{"UFID":"100035906017A00110100000004575001"},"geometry":{"type":"MultiPolygon","coordinates":[[[[129.415058,35.709059],[129.4150045,35.7090012],[129.414978,35.7089757],[129.4149243,35.7089276],[129.414904,35.7089093],[129.4148935,35.7088967],[129.4148631,35.7088191],[129.4148444,35.7087517],[129.4148435,35.708747],[129.4148426,35.7087427],[129.4148414,35.7087322],[129.4148415,35.7087113],[129.4148414,35.7087071],[129.4148424,35.7087022],[129.4148427,35.7086976],[129.4148471,35.7086689],[129.4148503,35.7086592],[129.4148522,35.7086534],[129.4148701,35.7086107],[129.4148794,35.7085942],[129.4148808,35.7085909],[129.4149104,35.7085342],[129.4149452,35.7084621],[129.4149081,35.7084501],[129.41491,35.7084613],[129.4148798,35.7085239],[129.4148499,35.7085811],[129.4148486,35.708584],[129.4148393,35.7086007],[129.4148205,35.7086456],[129.4148183,35.7086522],[129.4148145,35.7086637],[129.4148097,35.7086951],[129.4148094,35.7086993],[129.4148083,35.7087051],[129.4148083,35.7087113],[129.4148082,35.7087334],[129.4148097,35.7087462],[129.4148108,35.7087514],[129.4148118,35.7087568],[129.4148311,35.7088262],[129.4148634,35.7089087],[129.4148778,35.708926],[129.4148998,35.7089458],[129.414953,35.7089935],[129.4149786,35.7090181],[129.415031,35.7090747],[129.415058,35.709059]]]]}},{"type":"Feature","properties":{"UFID":"100035906017A00110100000004575002"},"geometry":{"type":"MultiPolygon","coordinates":[[[[129.4155683,35.716682],[129.4155361,35.7167419],[129.4156347,35.7167179],[129.4157538,35.716564],[129.4157076,35.7165437],[129.4156185,35.7166661],[129.4156074,35.716681],[129.4155742,35.7166888],[129.4155683,35.716682]]]]}},{"type":"Feature","properties":{"UFID":"100035906017A00110100000004575003"},"geometry":{"type":"MultiPolygon","coordinates":[[[[129.4166897,35.7182832],[129.4166431,35.7183161],[129.4166617,35.7183175],[129.4167563,35.7184466],[129.4168624,35.7185971],[129.416892,35.7185855],[129.4167238,35.7183588],[129.4166918,35.7182957],[129.4166897,35.7182832]]]]}},{"type":"Feature","properties":{"UFID":"100035906017A00110100000004575004"},"geometry":{"type":"MultiPolygon","coordinates":[[[[129.4125122,35.7076719],[129.4125292,35.707642],[129.4124996,35.7076386],[129.4124187,35.707635],[129.4123953,35.7076349],[129.4123213,35.7076419],[129.4122489,35.7076647],[129.4121151,35.7077059],[129.4121304,35.7077314],[129.4122747,35.7076832],[129.4123636,35.7076644],[129.4124947,35.7076626],[129.412505,35.7076626],[129.4125122,35.7076719]]]]}},{"type":"Feature","properties":{"UFID":"100035906017A00110100000004575005"},"geometry":{"type":"MultiPolygon","coordinates":[[[[129.414682,35.7066336],[129.4146506,35.7066311],[129.4145678,35.7066022],[129.4145464,35.7066323],[129.4145822,35.7066369],[129.4146428,35.70666],[129.4146527,35.7066701],[129.4146572,35.7066816],[129.414682,35.7066336]]]]}},{"type":"Feature","properties":{"UFID":"100035906017A00110100000004575006"},"geometry":{"type":"MultiPolygon","coordinates":[[[[129.414682,35.7066336],[129.4147271,35.7066657],[129.4147269,35.7066566],[129.4147905,35.7065573],[129.4147573,35.7065466],[129.4147036,35.7066234],[129.4146937,35.7066298],[129.414682,35.7066336]]]]}},{"type":"Feature","properties":{"UFID":"100035906017A00110100000004575007"},"geometry":{"type":"MultiPolygon","coordinates":[[[[129.4147271,35.7066657],[129.4147083,35.7067071],[129.4147189,35.7067067],[129.414789,35.706734],[129.4148027,35.7067038],[129.4147353,35.7066817],[129.4147296,35.7066757],[129.4147271,35.7066657]]]]}},{"type":"Feature","properties":{"UFID":"100035906017A00110100000004575008"},"geometry":{"type":"MultiPolygon","coordinates":[[[[129.4147271,35.7066657],[129.414682,35.7066336],[129.4146572,35.7066816],[129.4147083,35.7067071],[129.4147271,35.7066657]]]]}},{"type":"Feature","properties":{"UFID":"100035906017A00110100000004575009"},"geometry":{"type":"MultiPolygon","coordinates":[[[[129.4155621,35.7058392],[129.4155613,35.7058905],[129.4155653,35.7058822],[129.4155713,35.7058765],[129.4155803,35.7058746],[129.4155917,35.705874],[129.4156695,35.7058761],[129.4157591,35.7058635],[129.4158364,35.7058297],[129.4158936,35.7057891],[129.4159446,35.7057328],[129.4159933,35.7056667],[129.4160452,35.7055803],[129.4160935,35.7054704],[129.4160527,35.7054549],[129.4159682,35.7056417],[129.4159167,35.7057104],[129.4158494,35.7057726],[129.4158037,35.705804],[129.4157616,35.7058232],[129.4157115,35.7058418],[129.4156712,35.7058516],[129.4156221,35.7058544],[129.4155898,35.7058519],[129.4155621,35.7058392]]]]}},{"type":"Feature","properties":{"UFID":"100035906017A00110100000004575010"},"geometry":{"type":"MultiPolygon","coordinates":[[[[129.4165351,35.7136011],[129.4165268,35.7136511],[129.4165323,35.7136489],[129.4165398,35.7136489],[129.4165443,35.7136504],[129.416549,35.7136526],[129.4165542,35.7136724],[129.4165825,35.7138271],[129.4166067,35.713893],[129.4166308,35.714029],[129.4166705,35.7140211],[129.4166378,35.7138781],[129.4166223,35.713836],[129.4166121,35.7137728],[129.4166144,35.7137118],[129.4166176,35.7136852],[129.4166195,35.7136818],[129.4166282,35.7136814],[129.4166401,35.7136839],[129.4166332,35.7136466],[129.4165606,35.7136275],[129.4165482,35.7136205],[129.4165408,35.713614],[129.4165351,35.7136011]]]]}},{"type":"Feature","properties":{"UFID":"100035906017A00110100000004575011"},"geometry":{"type":"MultiPolygon","coordinates":[[[[129.4149654,35.7172672],[129.4149657,35.7172645],[129.4150203,35.7171869],[129.4149866,35.7171723],[129.4149436,35.7172143],[129.4149171,35.7172409],[129.4149001,35.7172565],[129.4148675,35.7172966],[129.4149654,35.7172672]]]]}},{"type":"Feature","properties":{"UFID":"100035906017A00110100000004575012"},"geometry":{"type":"MultiPolygon","coordinates":[[[[129.4152124,35.7171411],[129.4152583,35.7170317],[129.4152534,35.7170345],[129.41525,35.7170362],[129.4152397,35.7170399],[129.4152338,35.7170429],[129.4152288,35.7170462],[129.4151852,35.7170936],[129.4151306,35.717149],[129.4150748,35.7172067],[129.4150301,35.7172386],[129.4149768,35.7172685],[129.4149723,35.7172687],[129.4149676,35.7172687],[129.4149654,35.7172672],[129.4149671,35.7173384],[129.4149795,35.7173176],[129.4149796,35.7173175],[129.4150199,35.7172852],[129.4150893,35.7172377],[129.4151162,35.7172104],[129.4151554,35.7171717],[129.4151621,35.7171642],[129.4151848,35.7171467],[129.4152124,35.7171411]]]]}},{"type":"Feature","properties":{"UFID":"100035906017A00110100000004575013"},"geometry":{"type":"MultiPolygon","coordinates":[[[[129.4149671,35.7173384],[129.4149654,35.7172672],[129.4148675,35.7172966],[129.4148906,35.7174177],[129.4149244,35.7174095],[129.4149671,35.7173384]]]]}},{"type":"Feature","properties":{"UFID":"100035906017A00110100000004575014"},"geometry":{"type":"MultiPolygon","coordinates":[[[[129.4148906,35.7174177],[129.4148675,35.7172966],[129.4148377,35.7173333],[129.4147922,35.7173711],[129.4147522,35.7173858],[129.4147336,35.7173895],[129.4147181,35.7173905],[129.4147064,35.7173918],[129.4146949,35.7173917],[129.4146819,35.7173912],[129.414678,35.7173906],[129.4142896,35.7173255],[129.4142421,35.7173262],[129.4141717,35.7173399],[129.4139907,35.7173874],[129.4137402,35.7174533],[129.4137358,35.7174783],[129.4141243,35.7173759],[129.4142257,35.7173608],[129.4142797,35.7173593],[129.4145954,35.7174101],[129.414724,35.7174434],[129.4147402,35.717431],[129.4147509,35.7174238],[129.4148068,35.7174394],[129.4148231,35.7174395],[129.4148719,35.7174223],[129.4148906,35.7174177]]]]}},{"type":"Feature","properties":{"UFID":"100035906017A00110100000004575015"},"geometry":{"type":"MultiPolygon","coordinates":[[[[129.4084178,35.722194],[129.408366,35.7221864],[129.4083676,35.7221907],[129.4083379,35.7223151],[129.4083225,35.7224032],[129.4083278,35.722461],[129.4083545,35.7224533],[129.4083522,35.7224084],[129.4083534,35.7223855],[129.4083958,35.7222257],[129.4084178,35.722194]]]]}},{"type":"Feature","properties":{"UFID":"100035906017A00110100000004575016"},"geometry":{"type":"MultiPolygon","coordinates":[[[[129.408366,35.7221864],[129.408377,35.7221427],[129.4083332,35.7221452],[129.4082286,35.7221414],[129.40791,35.7221161],[129.4075543,35.7220923],[129.4074963,35.7220986],[129.4074824,35.7220982],[129.4074709,35.7220958],[129.4074549,35.7220923],[129.4074179,35.7220796],[129.4073968,35.7220775],[129.4071499,35.7220581],[129.4071551,35.722081],[129.4073191,35.7220932],[129.4074263,35.7221062],[129.4074646,35.722115],[129.4074772,35.7221161],[129.4074921,35.722116],[129.4075111,35.7221144],[129.4075656,35.7221099],[129.4075937,35.7221122],[129.4076601,35.7221177],[129.4079334,35.7221392],[129.4083015,35.7221719],[129.4083026,35.7221922],[129.4083606,35.7221859],[129.408366,35.7221864]]]]}},{"type":"Feature","properties":{"UFID":"100035906017A00110100000004575017"},"geometry":{"type":"MultiPolygon","coordinates":[[[[129.408377,35.7221427],[129.4084137,35.7221603],[129.4084113,35.7221544],[129.4084271,35.7221121],[129.4083774,35.7221109],[129.408377,35.7221427]]]]}},{"type":"Feature","properties":{"UFID":"100035906017A00110100000004575018"},"geometry":{"type":"MultiPolygon","coordinates":[[[[129.4084137,35.7221603],[129.408377,35.7221427],[129.408366,35.7221864],[129.4084178,35.722194],[129.4084137,35.7221603]]]]}},{"type":"Feature","properties":{"UFID":"100035906017A00110100000004575019"},"geometry":{"type":"MultiPolygon","coordinates":[[[[129.4143932,35.7072395],[129.4143819,35.7072043],[129.4142611,35.7072383],[129.4142739,35.7072728],[129.4143639,35.7072495],[129.4143932,35.7072395]]]]}},{"type":"Feature","properties":{"UFID":"100035906017A00110100000004575020"},"geometry":{"type":"MultiPolygon","coordinates":[[[[129.4158964,35.7074116],[129.4158775,35.7074033],[129.4158571,35.7073836],[129.4158049,35.7073347],[129.4157927,35.7073239],[129.4157549,35.7072905],[129.4157291,35.7072679],[129.4156277,35.7071748],[129.415549,35.7071076],[129.4154845,35.7070563],[129.415428,35.7070207],[129.4153712,35.7069995],[129.4153023,35.7069855],[129.4152545,35.7069815],[129.4152272,35.7069817],[129.4152203,35.7069819],[129.4151921,35.7069851],[129.4151874,35.7069859],[129.4151785,35.706988],[129.415154,35.7069949],[129.4150915,35.7070125],[129.4150083,35.7070373],[129.4149394,35.7070565],[129.4148876,35.7070683],[129.4148443,35.7070797],[129.4147094,35.7071124],[129.4146089,35.7071396],[129.4145133,35.7071644],[129.4143916,35.707201],[129.4143819,35.7072043],[129.4143932,35.7072395],[129.4144077,35.7072346],[129.4145277,35.7071985],[129.4146226,35.7071739],[129.4147227,35.7071468],[129.4148574,35.7071141],[129.4149004,35.7071028],[129.4149525,35.7070909],[129.4150231,35.7070713],[129.4151063,35.7070465],[129.4151684,35.707029],[129.4151919,35.7070224],[129.4151981,35.7070209],[129.4151997,35.7070206],[129.4152239,35.7070179],[129.415228,35.7070178],[129.4152525,35.7070176],[129.4152947,35.7070211],[129.4153565,35.7070337],[129.415405,35.7070517],[129.4154554,35.7070836],[129.4155176,35.7071329],[129.4155952,35.7071992],[129.4156964,35.7072922],[129.4157225,35.707315],[129.4157603,35.7073484],[129.415772,35.7073587],[129.4158235,35.707407],[129.4158417,35.7074246],[129.4158427,35.7074332],[129.4158401,35.7074382],[129.4158964,35.7074116]]]]}},{"type":"Feature","properties":{"UFID":"100035906017A00110100000004575021"},"geometry":{"type":"MultiPolygon","coordinates":[[[[129.4193351,35.7020771],[129.419291,35.7021257],[129.4192917,35.702126],[129.4193671,35.702236],[129.41938,35.7022503],[129.4194128,35.7022353],[129.4193442,35.7021299],[129.4193351,35.7020771]]]]}},{"type":"Feature","properties":{"UFID":"100035906017A00110100000004575022"},"geometry":{"type":"MultiPolygon","coordinates":[[[[129.4207781,35.7025134],[129.4206733,35.7024633],[129.4206576,35.7025155],[129.4205946,35.7026836],[129.4205385,35.7028507],[129.4205275,35.7028755],[129.4204965,35.7029174],[129.4204121,35.7030204],[129.4203778,35.70306],[129.4203572,35.7030801],[129.4203463,35.7030818],[129.4203221,35.7030784],[129.4202834,35.703066],[129.4201844,35.7030135],[129.420131,35.7029811],[129.4199786,35.7028912],[129.4199667,35.7028829],[129.4199433,35.7029035],[129.4199586,35.7029128],[129.4201114,35.7030029],[129.4201655,35.7030357],[129.4202682,35.7030901],[129.4203131,35.7031045],[129.4203466,35.7031093],[129.4203685,35.7031058],[129.4203767,35.7031032],[129.4204041,35.7030765],[129.4204394,35.7030357],[129.4205245,35.7029319],[129.4205575,35.7028872],[129.4205701,35.7028589],[129.4206264,35.7026911],[129.4206881,35.7025268],[129.4207495,35.7025276],[129.4207781,35.7025134]]]]}},{"type":"Feature","properties":{"UFID":"100035906017A00110100000004575023"},"geometry":{"type":"MultiPolygon","coordinates":[[[[129.4142739,35.7072728],[129.4142611,35.7072383],[129.41418,35.7072548],[129.4140962,35.7072668],[129.4140062,35.7072795],[129.4138764,35.7073081],[129.4137608,35.7073329],[129.4137117,35.7073471],[129.4136124,35.7073784],[129.4135135,35.7074125],[129.4134326,35.7074489],[129.4133321,35.707498],[129.4132849,35.7075263],[129.4131813,35.7075892],[129.4130718,35.7076583],[129.4129778,35.7077205],[129.4128926,35.7077761],[129.4129344,35.707795],[129.4130055,35.7077486],[129.4130993,35.7076866],[129.4132081,35.7076179],[129.4133112,35.7075553],[129.4133566,35.7075281],[129.4134546,35.7074801],[129.4135328,35.7074449],[129.413629,35.7074118],[129.4137271,35.7073809],[129.4137738,35.7073674],[129.4138878,35.707343],[129.4140158,35.7073147],[129.4141037,35.7073023],[129.4141892,35.7072901],[129.4142739,35.7072728]]]]}},{"type":"Feature","properties":{"UFID":"100035906017A00110100000004575024"},"geometry":{"type":"MultiPolygon","coordinates":[[[[129.4153729,35.7077327],[129.4153403,35.7076964],[129.4152774,35.7077332],[129.415254,35.7077445],[129.4152366,35.7077824],[129.4151697,35.7079009],[129.4151474,35.7079452],[129.4151989,35.7079615],[129.4152209,35.7079179],[129.4152762,35.707807],[129.4152946,35.7077817],[129.4153125,35.7077681],[129.4153729,35.7077327]]]]}},{"type":"Feature","properties":{"UFID":"100035906017A00110100000004575025"},"geometry":{"type":"MultiPolygon","coordinates":[[[[129.4114128,35.7079322],[129.4113819,35.7078908],[129.411338,35.7079099],[129.4113679,35.7079546],[129.4114128,35.7079322]]]]}},{"type":"Feature","properties":{"UFID":"100035906017A00110100000004575026"},"geometry":{"type":"MultiPolygon","coordinates":[[[[129.412885,35.7078324],[129.4128444,35.7078143],[129.4128034,35.7078463],[129.4127249,35.7079175],[129.4126585,35.7079675],[129.4126555,35.7079695],[129.4125949,35.7080014],[129.4125157,35.708032],[129.4124429,35.7080568],[129.4123757,35.7080718],[129.4123667,35.7080732],[129.4123147,35.7080761],[129.412305,35.7080764],[129.4121986,35.7080729],[129.4121367,35.7080711],[129.4119804,35.7080644],[129.4118185,35.7080554],[129.411781,35.7080531],[129.4116552,35.7080445],[129.4115394,35.708034],[129.4115149,35.7080309],[129.4114991,35.7080277],[129.4114577,35.7080465],[129.4114786,35.7080606],[129.4115061,35.7080663],[129.4115337,35.7080697],[129.4116509,35.7080804],[129.4117776,35.7080891],[129.4118153,35.7080913],[129.4119777,35.7081004],[129.4121348,35.7081071],[129.412197,35.708109],[129.4123049,35.7081125],[129.4123171,35.7081121],[129.4123723,35.708109],[129.4123856,35.708107],[129.4124573,35.7080909],[129.4125337,35.708065],[129.4126165,35.7080329],[129.4126815,35.7079987],[129.4126896,35.7079933],[129.4127562,35.7079431],[129.4128351,35.7078714],[129.4128816,35.7078351],[129.412885,35.7078324]]]]}},{"type":"Feature","properties":{"UFID":"100035906017A00110100000004575027"},"geometry":{"type":"MultiPolygon","coordinates":[[[[129.4166897,35.7182832],[129.416672,35.718262],[129.4166229,35.7182946],[129.4166431,35.7183161],[129.4166897,35.7182832]]]]}},{"type":"Feature","properties":{"UFID":"100035906017A00110100000004575028"},"geometry":{"type":"MultiPolygon","coordinates":[[[[129.4166431,35.7183161],[129.4166229,35.7182946],[129.4166113,35.7183023],[129.4165825,35.7183175],[129.4165122,35.7183656],[129.4164572,35.7184161],[129.4164346,35.7184276],[129.4164727,35.7184513],[129.416536,35.7183846],[129.4166022,35.7183393],[129.4166309,35.7183242],[129.4166431,35.7183161]]]]}},{"type":"Feature","properties":{"UFID":"100035906017A00110100000004575029"},"geometry":{"type":"MultiPolygon","coordinates":[[[[129.4170103,35.7180461],[129.4169825,35.7180304],[129.4169778,35.7180341],[129.41691,35.7180848],[129.4168752,35.7181105],[129.416778,35.7181824],[129.4166774,35.7182583],[129.416672,35.718262],[129.4166897,35.7182832],[129.4168004,35.7182023],[129.4168975,35.7181306],[129.4169323,35.7181048],[129.4170005,35.7180539],[129.4170103,35.7180461]]]]}},{"type":"Feature","properties":{"UFID":"100035906017A00110100000004575030"},"geometry":{"type":"MultiPolygon","coordinates":[[[[129.4113189,35.72004],[129.4112758,35.7200334],[129.4112842,35.7200415],[129.4112909,35.7200538],[129.4112913,35.7201418],[129.4112863,35.7201758],[129.4112743,35.7202362],[129.4112733,35.7202457],[129.4112686,35.7203048],[129.4112693,35.7203157],[129.4112781,35.7203724],[129.4112829,35.7203818],[129.4112886,35.7203862],[129.4112947,35.7203898],[129.4113009,35.7203935],[129.4113069,35.7203965],[129.4113242,35.7204047],[129.4113336,35.7204063],[129.4113853,35.7204084],[129.4113869,35.7203814],[129.4113379,35.7203794],[129.4113363,35.7203791],[129.4113237,35.7203732],[129.4113194,35.720371],[129.4113143,35.720368],[129.4113106,35.7203658],[129.4113105,35.7203655],[129.4113024,35.7203132],[129.4113018,35.7203049],[129.4113064,35.7202478],[129.4113073,35.7202396],[129.4113194,35.7201781],[129.4113198,35.7201439],[129.4113195,35.7200956],[129.411319,35.7200885],[129.4113181,35.7200815],[129.4113135,35.7200462],[129.4113154,35.7200421],[129.4113189,35.72004]]]]}},{"type":"Feature","properties":{"UFID":"100035906017A00110100000004575031"},"geometry":{"type":"MultiPolygon","coordinates":[[[[129.4113199,35.720009],[129.4113002,35.7200047],[129.4112789,35.7199976],[129.4112758,35.7200334],[129.4113189,35.72004],[129.4113199,35.720009]]]]}},{"type":"Feature","properties":{"UFID":"100035906017A00110100000004575032"},"geometry":{"type":"MultiPolygon","coordinates":[[[[129.4113199,35.720009],[129.4113189,35.72004],[129.4113304,35.7200388],[129.4114529,35.7200594],[129.4114596,35.720033],[129.4113398,35.7200128],[129.4113277,35.7200108],[129.4113199,35.720009]]]]}},{"type":"Feature","properties":{"UFID":"100035906017A00110100000004575033"},"geometry":{"type":"MultiPolygon","coordinates":[[[[129.4143018,35.7071131],[129.4142966,35.7070687],[129.4142986,35.7070411],[129.4143063,35.7070179],[129.4143149,35.7070043],[129.4143847,35.706961],[129.4145147,35.7069155],[129.4145509,35.7069015],[129.4145663,35.7068915],[129.4146669,35.7067401],[129.4146823,35.7067217],[129.4146969,35.7067116],[129.4147083,35.7067071],[129.4146572,35.7066816],[129.4146576,35.7066916],[129.4146028,35.7067822],[129.4145845,35.7068103],[129.414574,35.7068232],[129.4145611,35.7068339],[129.4145018,35.7068685],[129.4143144,35.7069468],[129.4142892,35.7069618],[129.4142682,35.7069912],[129.414241,35.7070542],[129.4142328,35.7070992],[129.4142395,35.7071306],[129.4143018,35.7071131]]]]}},{"type":"Feature","properties":{"UFID":"100035906017A00110100000004575034"},"geometry":{"type":"MultiPolygon","coordinates":[[[[129.412779,35.7077463],[129.4127653,35.7077409],[129.4126998,35.7077116],[129.4126178,35.7076678],[129.4125729,35.7076507],[129.4125536,35.7076784],[129.4125594,35.7076762],[129.4125646,35.7076758],[129.4125807,35.7076792],[129.4126386,35.7077079],[129.4127025,35.707753],[129.4127559,35.7077781],[129.412779,35.7077463]]]]}},{"type":"Feature","properties":{"UFID":"100035906017A00110100000004575035"},"geometry":{"type":"MultiPolygon","coordinates":[[[[129.4114991,35.7080277],[129.4114261,35.7079501],[129.4113799,35.7079622],[129.4114577,35.7080465],[129.4114991,35.7080277]]]]}},{"type":"Feature","properties":{"UFID":"100035906017A00110100000004575036"},"geometry":{"type":"MultiPolygon","coordinates":[[[[129.4114261,35.7079501],[129.4114128,35.7079322],[129.4113679,35.7079546],[129.4113799,35.7079622],[129.4114261,35.7079501]]]]}},{"type":"Feature","properties":{"UFID":"100035906017A00110100000004575037"},"geometry":{"type":"MultiPolygon","coordinates":[[[[129.4161117,35.7183323],[129.4160373,35.7183041],[129.4159145,35.7182577],[129.4157976,35.7182155],[129.4156675,35.7181716],[129.4154991,35.7181158],[129.415335,35.7180571],[129.4152384,35.7180261],[129.4151479,35.7180103],[129.4150862,35.7180026],[129.415076,35.7179986],[129.4150676,35.718115],[129.415111,35.7180804],[129.4151594,35.7180639],[129.4152089,35.7180632],[129.4153229,35.7180823],[129.4154858,35.7181405],[129.4156549,35.7181966],[129.4157846,35.7182403],[129.4159008,35.7182823],[129.4160233,35.7183287],[129.4160985,35.7183571],[129.4161117,35.7183323]]]]}},{"type":"Feature","properties":{"UFID":"100035906017A00110100000004575038"},"geometry":{"type":"MultiPolygon","coordinates":[[[[129.4164083,35.7184298],[129.4161117,35.7183323],[129.4160985,35.7183571],[129.4163973,35.7184553],[129.4164083,35.7184298]]]]}},{"type":"Feature","properties":{"UFID":"100035906017A00110100000004575039"},"geometry":{"type":"MultiPolygon","coordinates":[[[[129.4192714,35.7021402],[129.4192536,35.7021172],[129.4191915,35.7021438],[129.4192062,35.702168],[129.4192714,35.7021402]]]]}},{"type":"Feature","properties":{"UFID":"100035906017A00110100000004575040"},"geometry":{"type":"MultiPolygon","coordinates":[[[[129.4119555,35.7184644],[129.4119247,35.7184667],[129.4117703,35.7183716],[129.4117487,35.7183994],[129.4119174,35.7185067],[129.4119163,35.7185132],[129.4119555,35.7184644]]]]}},{"type":"Feature","properties":{"UFID":"100035906018A00110100000004575041"},"geometry":{"type":"MultiPolygon","coordinates":[[[[129.4425302,35.7018371],[129.4425312,35.7018981],[129.4426279,35.7018966],[129.4426285,35.7018945],[129.4426525,35.7018616],[129.4426251,35.7018349],[129.4426244,35.7018348],[129.4425302,35.7018371]]]]}},{"type":"Feature","properties":{"UFID":"100035906018A00110100000004575042"},"geometry":{"type":"MultiPolygon","coordinates":[[[[129.4425312,35.7018981],[129.4425302,35.7018371],[129.4424782,35.7018384],[129.4424842,35.7019018],[129.4425312,35.7018981]]]]}},{"type":"Feature","properties":{"UFID":"100035906018A00110100000004575043"},"geometry":{"type":"MultiPolygon","coordinates":[[[[129.4423261,35.7019019],[129.4423234,35.7018422],[129.4421187,35.7018472],[129.4420946,35.7018473],[129.4420894,35.7018454],[129.442096,35.7019169],[129.4420972,35.7019162],[129.442141,35.7019011],[129.4421494,35.7018997],[129.4423177,35.7019005],[129.4423261,35.7019019]]]]}},{"type":"Feature","properties":{"UFID":"100035906018A00110100000004575044"},"geometry":{"type":"MultiPolygon","coordinates":[[[[129.4424782,35.7018384],[129.4423658,35.7018411],[129.4423649,35.7019031],[129.4423695,35.7019023],[129.4424467,35.7019015],[129.4424842,35.7019018],[129.4424782,35.7018384]]]]}},{"type":"Feature","properties":{"UFID":"100035906018A00110100000004575045"},"geometry":{"type":"MultiPolygon","coordinates":[[[[129.4423658,35.7018411],[129.4423234,35.7018422],[129.4423261,35.7019019],[129.4423649,35.7019031],[129.4423658,35.7018411]]]]}},{"type":"Feature","properties":{"UFID":"100035906018A00110100000004575046"},"geometry":{"type":"MultiPolygon","coordinates":[[[[129.4425312,35.7018981],[129.4424842,35.7019018],[129.44249,35.7019043],[129.4425043,35.7019705],[129.4425411,35.7019647],[129.4425299,35.7018994],[129.4425312,35.7018981]]]]}},{"type":"Feature","properties":{"UFID":"100035906018A00110100000004575047"},"geometry":{"type":"MultiPolygon","coordinates":[[[[129.4423649,35.7019031],[129.4423261,35.7019019],[129.4423314,35.7019046],[129.442334,35.7019282],[129.4423556,35.7019271],[129.4423554,35.7019159],[129.4423581,35.7019079],[129.442361,35.7019049],[129.4423649,35.7019031]]]]}},{"type":"Feature","properties":{"UFID":"100035906018A00110100000004575048"},"geometry":{"type":"MultiPolygon","coordinates":[[[[129.4410334,35.7035463],[129.4410484,35.7035052],[129.4410165,35.7035186],[129.4410056,35.7035217],[129.4409593,35.7035324],[129.4408976,35.7035466],[129.4408893,35.7035484],[129.4408466,35.7035578],[129.440751,35.703573],[129.4407574,35.7035995],[129.4408541,35.7035841],[129.4408979,35.7035745],[129.4409063,35.7035727],[129.4409684,35.7035585],[129.4410137,35.7035479],[129.4410285,35.703545],[129.4410334,35.7035463]]]]}},{"type":"Feature","properties":{"UFID":"100035906018A00110100000004575049"},"geometry":{"type":"MultiPolygon","coordinates":[[[[129.4413396,35.7033576],[129.44132,35.7033282],[129.4412958,35.7033341],[129.4412514,35.7033471],[129.4412162,35.7033599],[129.441162,35.7033932],[129.4410902,35.703464],[129.4410484,35.7035052],[129.4410909,35.7035212],[129.4411171,35.7034798],[129.441185,35.7034129],[129.4412331,35.7033833],[129.4412637,35.7033723],[129.4412776,35.7033682],[129.4413396,35.7033576]]]]}},{"type":"Feature","properties":{"UFID":"100035906018A00110100000004575050"},"geometry":{"type":"MultiPolygon","coordinates":[[[[129.4410909,35.7035212],[129.4410484,35.7035052],[129.4410334,35.7035463],[129.4410671,35.703559],[129.441069,35.7035557],[129.4410909,35.7035212]]]]}},{"type":"Feature","properties":{"UFID":"100035906018A00110100000004575051"},"geometry":{"type":"MultiPolygon","coordinates":[[[[129.4418078,35.7032935],[129.4417816,35.7032684],[129.4417483,35.7032882],[129.4417229,35.7033021],[129.441744,35.703337],[129.4418078,35.7032935]]]]}},{"type":"Feature","properties":{"UFID":"100035906018A00110100000004575052"},"geometry":{"type":"MultiPolygon","coordinates":[[[[129.4418078,35.7032935],[129.441744,35.703337],[129.4417535,35.7033392],[129.4417967,35.703396],[129.4418701,35.7034987],[129.441961,35.7036149],[129.4419889,35.7036003],[129.4418984,35.7034846],[129.441826,35.7033833],[129.4418025,35.7033298],[129.4418078,35.7032935]]]]}},{"type":"Feature","properties":{"UFID":"100035906018A00110100000004575053"},"geometry":{"type":"MultiPolygon","coordinates":[[[[129.4419406,35.7022458],[129.4419483,35.702183],[129.4419268,35.7021995],[129.4418897,35.7022183],[129.4418809,35.7022211],[129.4418027,35.7022406],[129.4417406,35.7022543],[129.4417193,35.7022623],[129.4417145,35.7022661],[129.4417109,35.7022709],[129.4417068,35.7022779],[129.4416793,35.7023566],[129.4417154,35.7023628],[129.4417315,35.7023234],[129.441744,35.7023011],[129.4417641,35.702283],[129.4417937,35.7022706],[129.4418043,35.7022682],[129.4418118,35.7022666],[129.4418917,35.7022467],[129.4418934,35.7022462],[129.4419325,35.7022409],[129.441936,35.7022423],[129.4419406,35.7022458]]]]}},{"type":"Feature","properties":{"UFID":"100035906018A00110100000004575054"},"geometry":{"type":"MultiPolygon","coordinates":[[[[129.4419887,35.7021907],[129.4419483,35.702183],[129.4419406,35.7022458],[129.4419669,35.7022505],[129.4419887,35.7021907]]]]}},{"type":"Feature","properties":{"UFID":"100035906018A00110100000004575055"},"geometry":{"type":"MultiPolygon","coordinates":[[[[129.4419669,35.7022505],[129.4419406,35.7022458],[129.4419384,35.7022528],[129.4419336,35.7022637],[129.4419314,35.7022685],[129.4419648,35.7022767],[129.4419615,35.7022696],[129.4419612,35.7022663],[129.4419669,35.7022505]]]]}},{"type":"Feature","properties":{"UFID":"100035906018A00110100000004575056"},"geometry":{"type":"MultiPolygon","coordinates":[[[[129.4405762,35.7045384],[129.4405265,35.7046012],[129.4405691,35.7046086],[129.4405905,35.7045803],[129.4407526,35.7044101],[129.4408456,35.7043149],[129.4408315,35.7042894],[129.44081,35.7042487],[129.440695,35.704425],[129.4405899,35.7045428],[129.4405762,35.7045384]]]]}},{"type":"Feature","properties":{"UFID":"100035906018A00110100000004575057"},"geometry":{"type":"MultiPolygon","coordinates":[[[[129.4405762,35.7045384],[129.4405467,35.7045259],[129.440517,35.704563],[129.4404961,35.7045898],[129.4405265,35.7046012],[129.4405762,35.7045384]]]]}},{"type":"Feature","properties":{"UFID":"100035906018A00110100000004575058"},"geometry":{"type":"MultiPolygon","coordinates":[[[[129.4410671,35.703559],[129.4410334,35.7035463],[129.4410328,35.7035496],[129.4410263,35.7035609],[129.4410047,35.7036055],[129.4409934,35.7036267],[129.4409347,35.7037862],[129.4409106,35.7038712],[129.4408847,35.7039544],[129.4408625,35.7040211],[129.440835,35.7040814],[129.4408005,35.7041464],[129.4407354,35.7042486],[129.4406914,35.704321],[129.4406646,35.704375],[129.4406488,35.7043956],[129.4405691,35.7044978],[129.4405467,35.7045259],[129.4405762,35.7045384],[129.440597,35.7045124],[129.4406768,35.7044101],[129.4406943,35.7043874],[129.4407216,35.7043321],[129.4407649,35.7042608],[129.4408304,35.7041581],[129.4408658,35.7040915],[129.4408941,35.7040294],[129.4409168,35.7039612],[129.4409428,35.7038776],[129.4409667,35.7037931],[129.4410246,35.703636],[129.441049,35.7035902],[129.4410671,35.703559]]]]}},{"type":"Feature","properties":{"UFID":"100035906018A00110100000004575059"},"geometry":{"type":"MultiPolygon","coordinates":[[[[129.4419648,35.7022767],[129.4419165,35.7023832],[129.4419217,35.7023808],[129.4419463,35.7023707],[129.4419678,35.7023675],[129.4419808,35.7023672],[129.4421436,35.7024025],[129.4421488,35.7024047],[129.4421702,35.702426],[129.442176,35.7024383],[129.442145,35.7025498],[129.4421385,35.7025703],[129.4421328,35.7025732],[129.4421235,35.702574],[129.4421009,35.7025723],[129.4420925,35.7026027],[129.4421758,35.7026136],[129.4421793,35.7026123],[129.4422505,35.7024054],[129.4422512,35.7023967],[129.44225,35.7023881],[129.4422451,35.7023768],[129.4422382,35.702371],[129.4419964,35.7023109],[129.4419648,35.7022767]]]]}},{"type":"Feature","properties":{"UFID":"100035906018A00110100000004575060"},"geometry":{"type":"MultiPolygon","coordinates":[[[[129.4420894,35.7018454],[129.4420408,35.7018435],[129.4420394,35.7018547],[129.442027,35.7019124],[129.442096,35.7019169],[129.4420894,35.7018454]]]]}},{"type":"Feature","properties":{"UFID":"100035906018A00110100000004575061"},"geometry":{"type":"MultiPolygon","coordinates":[[[[129.442096,35.7019169],[129.442027,35.7019124],[129.4420153,35.7019665],[129.4419907,35.7020578],[129.4419636,35.7021585],[129.4419634,35.7021597],[129.4419483,35.702183],[129.4419887,35.7021907],[129.4419913,35.7021833],[129.4420609,35.7020875],[129.4421059,35.7020166],[129.4421081,35.7020066],[129.4421091,35.7020005],[129.442096,35.7019169]]]]}},{"type":"Feature","properties":{"UFID":"100035906018A00110100000004575062"},"geometry":{"type":"MultiPolygon","coordinates":[[[[129.4419648,35.7022767],[129.4419314,35.7022685],[129.4419244,35.7022846],[129.4418945,35.7023404],[129.441878,35.7023682],[129.4419165,35.7023832],[129.4419648,35.7022767]]]]}},{"type":"Feature","properties":{"UFID":"100035906007A00110100000004575063"},"geometry":{"type":"MultiPolygon","coordinates":[[[[129.4087523,35.7362062],[129.4086835,35.7362101],[129.4086851,35.7362466],[129.4087519,35.736247],[129.4087523,35.7362062]]]]}},{"type":"Feature","properties":{"UFID":"100035906007A00110100000004575064"},"geometry":{"type":"MultiPolygon","coordinates":[[[[129.4134326,35.7250134],[129.4133714,35.7250918],[129.4134456,35.7250949],[129.4134711,35.7251014],[129.4135005,35.7251201],[129.4135979,35.7251192],[129.4136515,35.7251111],[129.413723,35.7250878],[129.4137522,35.7250791],[129.4137778,35.7250745],[129.4137888,35.7250751],[129.4137909,35.7250316],[129.4137586,35.7250322],[129.4136566,35.7250656],[129.4136161,35.7250753],[129.4135845,35.7250794],[129.4135494,35.7250797],[129.4135126,35.7250726],[129.4134326,35.7250134]]]]}},{"type":"Feature","properties":{"UFID":"100035906017A00110100000004575065"},"geometry":{"type":"MultiPolygon","coordinates":[[[[129.4143647,35.7071928],[129.4143287,35.7071819],[129.4143018,35.7071131],[129.4142395,35.7071306],[129.4142736,35.7072063],[129.4142648,35.7072341],[129.4143647,35.7071928]]]]}},{"type":"Feature","properties":{"UFID":"100035906017A00110100000004575066"},"geometry":{"type":"MultiPolygon","coordinates":[[[[129.4170807,35.7179927],[129.4170103,35.7180461],[129.4170374,35.7180398],[129.4170437,35.7180394],[129.4170541,35.7180394],[129.417093,35.7180428],[129.4171035,35.7180468],[129.41714,35.7180758],[129.4171493,35.7180851],[129.4171723,35.7181264],[129.417199,35.7181188],[129.4171837,35.7180834],[129.4171522,35.7180476],[129.4171083,35.718011],[129.4170807,35.7179927]]]]}},{"type":"Feature","properties":{"UFID":"100035906007A00110100000004575067"},"geometry":{"type":"MultiPolygon","coordinates":[[[[129.4036465,35.728615],[129.403643,35.728615],[129.4036225,35.7285543],[129.4035866,35.7284296],[129.4035543,35.7282974],[129.4035164,35.7281798],[129.40349,35.7281337],[129.403438,35.7280672],[129.4033344,35.7279538],[129.4032463,35.727876],[129.4031119,35.7277908],[129.4030113,35.727749],[129.4029347,35.7277308],[129.4029187,35.7277736],[129.4030214,35.7277991],[129.4031329,35.7278491],[129.403232,35.7279078],[129.4033053,35.7279714],[129.4033903,35.7280523],[129.4034278,35.7281025],[129.4034701,35.7282226],[129.403494,35.7283236],[129.403493,35.7283415],[129.403491,35.7283671],[129.403492,35.7284131],[129.4034976,35.7284306],[129.4035448,35.7285825],[129.4035854,35.7286813],[129.4036465,35.728615]]]]}},{"type":"Feature","properties":{"UFID":"100035906018A00110100000004575068"},"geometry":{"type":"MultiPolygon","coordinates":[[[[129.441744,35.703337],[129.4417229,35.7033021],[129.4416066,35.70336],[129.4415381,35.7033804],[129.4415202,35.7033817],[129.4415024,35.7033822],[129.4414714,35.7033773],[129.4414033,35.7033375],[129.4414013,35.7033322],[129.4414,35.7033256],[129.4414023,35.7033117],[129.4413396,35.7033576],[129.4413648,35.7033626],[129.4414077,35.7033867],[129.4414407,35.7034075],[129.4414743,35.7034226],[129.4414939,35.7034278],[129.4415046,35.7034267],[129.4416391,35.7033812],[129.4417202,35.7033405],[129.441744,35.703337]]]]}},{"type":"Feature","properties":{"UFID":"100035906017A00110100000004575069"},"geometry":{"type":"MultiPolygon","coordinates":[[[[129.419889,35.7050267],[129.4197839,35.7049096],[129.4198212,35.7049772],[129.4198458,35.7050328],[129.4198558,35.7050838],[129.4198554,35.7051275],[129.4198495,35.7051678],[129.4198432,35.7052144],[129.419841,35.7052644],[129.4198385,35.7053364],[129.4198412,35.7053996],[129.4198437,35.7054339],[129.4198528,35.7054563],[129.4198674,35.705472],[129.4199034,35.7054863],[129.4199468,35.7054857],[129.4199779,35.7054862],[129.4199935,35.7054891],[129.4200397,35.7055121],[129.4200711,35.7055337],[129.4201097,35.7055654],[129.4201518,35.7056106],[129.4202235,35.7056943],[129.4203263,35.7057925],[129.4203493,35.7058085],[129.4205289,35.7058923],[129.4205464,35.7058739],[129.420379,35.7057974],[129.4203578,35.7057844],[129.4202489,35.7056844],[129.420181,35.7056031],[129.4201348,35.7055566],[129.420086,35.7055182],[129.4200689,35.7055069],[129.4200152,35.7054751],[129.4200047,35.7054686],[129.4199143,35.7054395],[129.4198989,35.705433],[129.4198911,35.705428],[129.4198804,35.7054165],[129.419873,35.705403],[129.4198692,35.7053896],[129.4198667,35.7053711],[129.4198658,35.7053528],[129.4198793,35.7051851],[129.4198836,35.7050857],[129.4198833,35.7050755],[129.4198831,35.7050665],[129.4198829,35.7050561],[129.419881,35.7050452],[129.4198793,35.7050346],[129.4198791,35.7050281],[129.4198804,35.7050254],[129.4198831,35.705025],[129.419889,35.7050267]]]]}},{"type":"Feature","properties":{"UFID":"100035906017A00110100000004575070"},"geometry":{"type":"MultiPolygon","coordinates":[[[[129.4191687,35.7021961],[129.4191454,35.7021669],[129.4190935,35.7022311],[129.4191251,35.7022819],[129.4191687,35.7021961]]]]}},{"type":"Feature","properties":{"UFID":"100035906017A00110100000004575071"},"geometry":{"type":"MultiPolygon","coordinates":[[[[129.4190068,35.7023945],[129.4189886,35.7023583],[129.4188782,35.702502],[129.4188163,35.702598],[129.4187544,35.7026907],[129.4186621,35.7028496],[129.4186013,35.7029631],[129.4185124,35.7031297],[129.4184591,35.7032422],[129.4184142,35.7033449],[129.4183781,35.7034456],[129.4183443,35.703546],[129.4183421,35.7035543],[129.4183023,35.7036647],[129.4183001,35.703671],[129.4182581,35.7037827],[129.4181937,35.7039524],[129.4181429,35.704092],[129.4180941,35.7042132],[129.4180777,35.7042557],[129.4180342,35.7043755],[129.4180079,35.7044523],[129.4178401,35.704888],[129.4177823,35.7050153],[129.4177588,35.7050654],[129.4177039,35.7051264],[129.4176373,35.7051932],[129.4175405,35.7052726],[129.4175802,35.705297],[129.4175835,35.7052921],[129.4176681,35.7052181],[129.4177407,35.7051514],[129.4177891,35.7050944],[129.4178159,35.7050453],[129.4178439,35.7049819],[129.4178949,35.7048452],[129.4180137,35.7045475],[129.4181227,35.7042634],[129.4182602,35.7038973],[129.4183858,35.7035606],[129.4184211,35.7034428],[129.4184459,35.7033815],[129.4184992,35.703269],[129.4185719,35.7031195],[129.4186727,35.7029242],[129.4187752,35.7027391],[129.4188645,35.7025949],[129.4190068,35.7023945]]]]}},{"type":"Feature","properties":{"UFID":"100035906017A00110100000004575072"},"geometry":{"type":"MultiPolygon","coordinates":[[[[129.4068671,35.7060396],[129.4068003,35.7060035],[129.4067967,35.7060343],[129.4068174,35.7060472],[129.4068502,35.7060729],[129.4068671,35.7060396]]]]}},{"type":"Feature","properties":{"UFID":"100035906017A00110100000004575073"},"geometry":{"type":"MultiPolygon","coordinates":[[[[129.4068003,35.7060035],[129.4067282,35.7059708],[129.4066918,35.7059526],[129.4066733,35.7059434],[129.4066415,35.7059181],[129.4066234,35.7058977],[129.40655,35.705829],[129.406481,35.70579],[129.4064035,35.7057565],[129.4063043,35.7057215],[129.4062218,35.7057054],[129.4061962,35.7057047],[129.4061598,35.705707],[129.406111,35.7057153],[129.4061024,35.7057168],[129.4059608,35.7057382],[129.405889,35.7057435],[129.4058043,35.7057437],[129.4057726,35.7057434],[129.4057027,35.7057416],[129.4056245,35.7057369],[129.4055307,35.7057295],[129.4055148,35.7057262],[129.4054908,35.7057172],[129.4054415,35.7056935],[129.4054069,35.7056673],[129.405385,35.7056469],[129.4053598,35.7056186],[129.4053378,35.7055932],[129.4052599,35.7054905],[129.4052091,35.7054246],[129.4051745,35.7053808],[129.4051373,35.7053383],[129.4051239,35.7053346],[129.4051145,35.7053332],[129.4050994,35.7053318],[129.4050893,35.7053317],[129.4050735,35.7053326],[129.405064,35.7053343],[129.405076,35.7054437],[129.4050895,35.7054373],[129.4050985,35.7054345],[129.4051101,35.7054329],[129.4051238,35.7054332],[129.4051303,35.7054344],[129.4051406,35.7054387],[129.4051578,35.705446],[129.4051932,35.7054772],[129.4052226,35.7055127],[129.4052764,35.7055742],[129.4053008,35.7055972],[129.4053295,35.7056306],[129.405359,35.7056638],[129.4053831,35.7056862],[129.4054216,35.7057154],[129.4054754,35.7057412],[129.4055037,35.7057517],[129.405525,35.7057562],[129.4056217,35.7057639],[129.405701,35.7057686],[129.4057718,35.7057704],[129.4058042,35.7057708],[129.4058905,35.7057705],[129.4059653,35.705765],[129.4061087,35.7057433],[129.4061177,35.7057418],[129.4061646,35.7057338],[129.4061969,35.7057318],[129.4062174,35.7057323],[129.4062938,35.7057473],[129.4063891,35.7057809],[129.4064637,35.7058132],[129.4065277,35.7058493],[129.4065974,35.7059146],[129.4066163,35.7059359],[129.4066528,35.7059649],[129.4066746,35.7059757],[129.4067119,35.7059943],[129.4067686,35.7060185],[129.4067967,35.7060343],[129.4068003,35.7060035]]]]}},{"type":"Feature","properties":{"UFID":"100035906017A00110100000004575074"},"geometry":{"type":"MultiPolygon","coordinates":[[[[129.405064,35.7053343],[129.4050347,35.7053482],[129.4049982,35.705377],[129.405016,35.7054421],[129.405076,35.7054437],[129.405064,35.7053343]]]]}},{"type":"Feature","properties":{"UFID":"100035906017A00110100000004575075"},"geometry":{"type":"MultiPolygon","coordinates":[[[[129.4028079,35.7232679],[129.4028257,35.7232395],[129.4028053,35.7232406],[129.4027657,35.7232483],[129.4027159,35.7232611],[129.4026409,35.7232858],[129.4025646,35.7233076],[129.4025464,35.7233101],[129.4025396,35.7233105],[129.4025003,35.7233091],[129.4024879,35.7233061],[129.4024728,35.7232986],[129.4024396,35.7232679],[129.4024355,35.7232638],[129.4023963,35.7232146],[129.4023474,35.7231609],[129.4023075,35.7231364],[129.4022484,35.7231179],[129.4021734,35.723093],[129.4021073,35.7230688],[129.4020291,35.723035],[129.4019563,35.7230078],[129.401936,35.7230071],[129.4019175,35.7230111],[129.4018804,35.7230303],[129.4018777,35.7230318],[129.4017596,35.7230644],[129.4017258,35.7230674],[129.4017148,35.7230678],[129.4016646,35.7230661],[129.4016286,35.7230628],[129.40162,35.7230613],[129.4015741,35.7230508],[129.401556,35.7230465],[129.4015004,35.7230238],[129.4014239,35.7229871],[129.4013394,35.7229492],[129.4012488,35.7229108],[129.4011488,35.7228663],[129.4011041,35.7228475],[129.4009989,35.7228092],[129.400903,35.7227826],[129.4007901,35.7227647],[129.4007391,35.7227555],[129.4007277,35.7227912],[129.4007867,35.7227918],[129.4008945,35.7228088],[129.4009868,35.7228344],[129.4010897,35.7228719],[129.4011333,35.7228902],[129.4012332,35.7229346],[129.4013238,35.722973],[129.4014075,35.7230106],[129.4014845,35.7230476],[129.4015439,35.7230718],[129.401565,35.7230768],[129.4016119,35.7230875],[129.4016231,35.7230895],[129.4016621,35.7230931],[129.4017148,35.7230948],[129.4017283,35.7230944],[129.4017669,35.7230909],[129.4018924,35.7230563],[129.4018985,35.723053],[129.4019305,35.7230365],[129.4019408,35.7230343],[129.4019484,35.7230346],[129.4020144,35.7230593],[129.4020927,35.7230931],[129.4021603,35.7231179],[129.4022362,35.723143],[129.4022913,35.7231603],[129.4023237,35.7231801],[129.4023691,35.72323],[129.4024086,35.7232797],[129.4024143,35.7232854],[129.4024512,35.7233194],[129.4024742,35.7233311],[129.4024948,35.723336],[129.4025399,35.7233375],[129.4025502,35.723337],[129.4025729,35.7233339],[129.4026526,35.7233111],[129.4027272,35.7232865],[129.4027746,35.7232743],[129.4028079,35.7232679]]]]}},{"type":"Feature","properties":{"UFID":"100035906007A00110100000004575078"},"geometry":{"type":"MultiPolygon","coordinates":[[[[129.4104073,35.7341167],[129.4103735,35.7341088],[129.4103235,35.7341365],[129.4102513,35.7341498],[129.4102431,35.7341515],[129.410126,35.7341867],[129.410012,35.7342231],[129.4099234,35.7342611],[129.4099421,35.7342836],[129.4100258,35.7342477],[129.4101378,35.734212],[129.4102528,35.7341774],[129.4102653,35.7341727],[129.4103791,35.7341493],[129.4103911,35.7341406],[129.4104004,35.7341333],[129.4104073,35.7341167]]]]}},{"type":"Feature","properties":{"UFID":"100035906007A00110100000004575079"},"geometry":{"type":"MultiPolygon","coordinates":[[[[129.4104399,35.7339927],[129.410409,35.7339959],[129.4103735,35.7341088],[129.4104073,35.7341167],[129.4104399,35.7339927]]]]}},{"type":"Feature","properties":{"UFID":"100035906007A00110100000004575080"},"geometry":{"type":"MultiPolygon","coordinates":[[[[129.4095538,35.7301119],[129.409394,35.730087],[129.4094226,35.7301133],[129.409427,35.7301186],[129.4094305,35.7301271],[129.4094308,35.7301405],[129.4094297,35.7301511],[129.4094247,35.7301679],[129.4094039,35.730204],[129.4093448,35.7302736],[129.4092697,35.7303317],[129.409182,35.7303794],[129.4090752,35.7304264],[129.4089194,35.7304716],[129.4087782,35.7305034],[129.4086246,35.7305376],[129.4086417,35.7305768],[129.4087004,35.7305596],[129.4088696,35.7305182],[129.4090684,35.7304619],[129.4092044,35.7304207],[129.4093005,35.7303695],[129.4093936,35.7302974],[129.4094551,35.7302226],[129.4094945,35.7301445],[129.4095108,35.7301266],[129.4095153,35.730123],[129.4095218,35.7301193],[129.4095301,35.7301166],[129.4095538,35.7301119]]]]}},{"type":"Feature","properties":{"UFID":"100035906007A00110100000004575090"},"geometry":{"type":"MultiPolygon","coordinates":[[[[129.4094007,35.7367132],[129.4093891,35.7367099],[129.4093377,35.7366827],[129.4092877,35.7366512],[129.4091857,35.7365905],[129.4090598,35.7365204],[129.4089825,35.7364775],[129.4089176,35.7364371],[129.4088667,35.7363955],[129.40884,35.7363687],[129.4088338,35.7363607],[129.4088222,35.7363372],[129.4088123,35.7363147],[129.4088099,35.7363079],[129.4088048,35.7362771],[129.4088047,35.736272],[129.4088041,35.7362488],[129.4087746,35.736267],[129.4087773,35.7363134],[129.4087807,35.736323],[129.4087912,35.7363468],[129.4088042,35.7363731],[129.4088131,35.7363845],[129.408842,35.7364136],[129.4088957,35.7364575],[129.4089631,35.7364994],[129.4090411,35.7365427],[129.4091666,35.7366126],[129.4092677,35.7366728],[129.4093499,35.7367245],[129.4093556,35.7367279],[129.4093633,35.7367324],[129.4093745,35.7367395],[129.4094007,35.7367132]]]]}},{"type":"Feature","properties":{"UFID":"100035906007A00110100000004575091"},"geometry":{"type":"MultiPolygon","coordinates":[[[[129.4090327,35.735782],[129.4090011,35.7357737],[129.4089788,35.7358192],[129.4089683,35.7358375],[129.4089177,35.7359156],[129.408868,35.7359881],[129.4088166,35.736073],[129.4087826,35.7361792],[129.4088071,35.7362014],[129.4088076,35.7361975],[129.4088175,35.7361603],[129.4088475,35.7360832],[129.4088974,35.7360007],[129.4089469,35.7359286],[129.408998,35.7358495],[129.4090093,35.73583],[129.4090327,35.735782]]]]}},{"type":"Feature","properties":{"UFID":"100035906007A00110100000004575092"},"geometry":{"type":"MultiPolygon","coordinates":[[[[129.4088041,35.7362488],[129.4088036,35.7362284],[129.4088071,35.7362014],[129.4087826,35.7361792],[129.4087746,35.736267],[129.4088041,35.7362488]]]]}},{"type":"Feature","properties":{"UFID":"100035906007A00110100000004575093"},"geometry":{"type":"MultiPolygon","coordinates":[[[[129.4087826,35.7361792],[129.4087634,35.7361965],[129.4087523,35.7362062],[129.4087519,35.736247],[129.4087746,35.736267],[129.4087826,35.7361792]]]]}},{"type":"Feature","properties":{"UFID":"100035906007A00110100000004575094"},"geometry":{"type":"MultiPolygon","coordinates":[[[[129.4104399,35.7339927],[129.4104456,35.7339715],[129.4104505,35.7339344],[129.4104894,35.73381],[129.4105009,35.7337742],[129.410517,35.7337389],[129.4105495,35.733671],[129.4105846,35.7336178],[129.4106333,35.7335591],[129.4106894,35.7335086],[129.4107506,35.7334585],[129.4107862,35.7334337],[129.4108474,35.7333977],[129.4108544,35.7333952],[129.4109492,35.733365],[129.4110305,35.7333494],[129.4111726,35.7333307],[129.4112493,35.7333274],[129.4112461,35.7333005],[129.4111691,35.7333038],[129.411024,35.7333228],[129.4109393,35.7333391],[129.410842,35.7333702],[129.410831,35.7333739],[129.4107657,35.7334125],[129.410728,35.7334386],[129.4106654,35.73349],[129.4106072,35.7335424],[129.4105562,35.7336038],[129.4105193,35.7336597],[129.410486,35.7337293],[129.4104692,35.733766],[129.4104573,35.7338032],[129.4104178,35.7339296],[129.4104126,35.7339691],[129.410409,35.7339959],[129.4104399,35.7339927]]]]}},{"type":"Feature","properties":{"UFID":"100035906017A00110100000004575096"},"geometry":{"type":"MultiPolygon","coordinates":[[[[129.4084137,35.7221603],[129.4084178,35.722194],[129.408424,35.7221851],[129.4084674,35.7221599],[129.4085123,35.7221487],[129.408671,35.7221188],[129.4087803,35.7220962],[129.4088328,35.7220736],[129.4090006,35.7219752],[129.4089763,35.7219542],[129.4088386,35.7220398],[129.4087892,35.7220648],[129.408743,35.7220806],[129.4086717,35.7220926],[129.408463,35.722129],[129.4084524,35.7221325],[129.4084295,35.7221591],[129.4084137,35.7221603]]]]}},{"type":"Feature","properties":{"UFID":"100035906017A00110100000004575097"},"geometry":{"type":"MultiPolygon","coordinates":[[[[129.4165837,35.7119637],[129.416597,35.7119293],[129.4164985,35.7119888],[129.4162958,35.712101],[129.4160246,35.7122729],[129.4158357,35.7123881],[129.415746,35.7124411],[129.4157341,35.7124432],[129.4157239,35.7124445],[129.4157148,35.7124453],[129.4157043,35.7124457],[129.4156676,35.712444],[129.4156583,35.7124648],[129.4157146,35.712465],[129.415725,35.7124647],[129.4157378,35.7124637],[129.4157509,35.7124611],[129.4157977,35.7124395],[129.4159062,35.7123733],[129.4161009,35.7122482],[129.4163238,35.7121095],[129.4164826,35.712021],[129.4165837,35.7119637]]]]}},{"type":"Feature","properties":{"UFID":"100035906017A00110100000004575098"},"geometry":{"type":"MultiPolygon","coordinates":[[[[129.4192655,35.7025642],[129.41924,35.7024594],[129.4192294,35.7024147],[129.4192003,35.7023016],[129.4191952,35.7022801],[129.4191689,35.7022015],[129.4191687,35.7021961],[129.4191251,35.7022819],[129.4191425,35.7022843],[129.4191522,35.7022885],[129.4191705,35.7023233],[129.4191969,35.7024201],[129.4192075,35.7024646],[129.4192327,35.7025682],[129.4192655,35.7025642]]]]}},{"type":"Feature","properties":{"UFID":"100035906017A00110100000004575099"},"geometry":{"type":"MultiPolygon","coordinates":[[[[129.4003666,35.7228648],[129.400345,35.7228644],[129.4003213,35.722864],[129.4002979,35.7228608],[129.4002765,35.7228926],[129.4003674,35.7229016],[129.4003666,35.7228648]]]]}},{"type":"Feature","properties":{"UFID":"100035906017A00110100000004575100"},"geometry":{"type":"MultiPolygon","coordinates":[[[[129.4112789,35.7199976],[129.4112501,35.719988],[129.4112474,35.7199841],[129.4112456,35.7199768],[129.4112431,35.719956],[129.4112447,35.7199201],[129.4112451,35.719888],[129.4112489,35.7198462],[129.4112542,35.7197892],[129.4112557,35.7197808],[129.411209,35.7197767],[129.4112047,35.7199725],[129.4112051,35.719994],[129.4112075,35.7200038],[129.4112152,35.7200125],[129.4112246,35.7200185],[129.4112758,35.7200334],[129.4112789,35.7199976]]]]}},{"type":"Feature","properties":{"UFID":"100035906017A00110100000004575101"},"geometry":{"type":"MultiPolygon","coordinates":[[[[129.4003674,35.7229016],[129.4002765,35.7228926],[129.4003016,35.7229831],[129.4003111,35.7229981],[129.4003261,35.7230104],[129.4003362,35.7230161],[129.4003611,35.7230252],[129.4004016,35.7230269],[129.4004726,35.7230236],[129.400576,35.7230082],[129.4006345,35.7229994],[129.4006952,35.723002],[129.4007543,35.7230162],[129.4009237,35.723073],[129.4010803,35.7231339],[129.4011117,35.7231512],[129.4011991,35.7232179],[129.4012145,35.7232272],[129.401236,35.7232062],[129.4012333,35.7232042],[129.4011462,35.7231339],[129.4011106,35.7231119],[129.400991,35.7230642],[129.4007901,35.7229926],[129.4007247,35.7229777],[129.400678,35.722968],[129.4006151,35.7229697],[129.4005188,35.7229847],[129.4004811,35.7229905],[129.4004099,35.7229932],[129.4003873,35.7229908],[129.400365,35.7229829],[129.4003482,35.7229713],[129.4003412,35.7229558],[129.4003427,35.722935],[129.4003674,35.7229016]]]]}},{"type":"Feature","properties":{"UFID":"100035906017A00110100000004575102"},"geometry":{"type":"MultiPolygon","coordinates":[[[[129.4192062,35.702168],[129.4191915,35.7021438],[129.4191711,35.7021509],[129.4191454,35.7021669],[129.4191687,35.7021961],[129.4191752,35.7021848],[129.4191947,35.7021724],[129.4192062,35.702168]]]]}},{"type":"Feature","properties":{"UFID":"100035906018A00110100000004575103"},"geometry":{"type":"MultiPolygon","coordinates":[[[[129.4414023,35.7033117],[129.4413868,35.7032832],[129.4413542,35.7033086],[129.44132,35.7033282],[129.4413396,35.7033576],[129.4414023,35.7033117]]]]}},{"type":"Feature","properties":{"UFID":"100035906018A00110100000004575104"},"geometry":{"type":"MultiPolygon","coordinates":[[[[129.4405265,35.7046012],[129.4404961,35.7045898],[129.4404668,35.7046273],[129.4404428,35.7046581],[129.4404328,35.7046708],[129.4403875,35.7047233],[129.4403729,35.7047349],[129.4402705,35.7047664],[129.4402447,35.7047732],[129.4401826,35.7047862],[129.4401471,35.704805],[129.4401844,35.7048163],[129.4402534,35.7047993],[129.4402814,35.7047919],[129.4403876,35.7047593],[129.4404007,35.7047496],[129.44046,35.7046863],[129.4404707,35.7046726],[129.4404948,35.7046418],[129.4405265,35.7046012]]]]}},{"type":"Feature","properties":{"UFID":"100035906018A00110100000004575105"},"geometry":{"type":"MultiPolygon","coordinates":[[[[129.4419165,35.7023832],[129.441878,35.7023682],[129.4418129,35.7024777],[129.4417643,35.7025748],[129.441724,35.7026702],[129.4416906,35.7027595],[129.4416485,35.7028525],[129.4416172,35.7029235],[129.4415573,35.7030492],[129.4415386,35.7030858],[129.4414904,35.7031584],[129.4414692,35.703189],[129.4414089,35.7032624],[129.4413868,35.7032832],[129.4414023,35.7033117],[129.4414263,35.7032868],[129.4414973,35.7032034],[129.4415194,35.7031715],[129.4415686,35.7030975],[129.441588,35.7030593],[129.4416482,35.702933],[129.4416797,35.7028617],[129.4417221,35.7027681],[129.4417555,35.7026785],[129.4417831,35.7026132],[129.4419064,35.7023966],[129.4419165,35.7023832]]]]}},{"type":"Feature","properties":{"UFID":"100035906017A00110100000004575113"},"geometry":{"type":"MultiPolygon","coordinates":[[[[129.4193549,35.7134769],[129.419245,35.713356],[129.4191221,35.7131598],[129.4190143,35.7130166],[129.4188224,35.7128118],[129.4185468,35.7125248],[129.4183598,35.71228],[129.4181198,35.7120049],[129.4179257,35.7117814],[129.4177497,35.711602],[129.4176194,35.7115245],[129.4176023,35.7115165],[129.4175611,35.7114957],[129.4174994,35.7115592],[129.4175445,35.7115666],[129.4175838,35.7115788],[129.4176218,35.711601],[129.4176656,35.71164],[129.417788,35.7117611],[129.4179356,35.7119418],[129.4182627,35.7123059],[129.4184209,35.712504],[129.4185308,35.7127021],[129.4186292,35.7128705],[129.4186904,35.7130748],[129.4187016,35.7130843],[129.4187209,35.7130918],[129.4187354,35.713092],[129.4187504,35.7130859],[129.4187534,35.7129791],[129.4188583,35.712973],[129.4188636,35.7129755],[129.4190239,35.7131102],[129.4191429,35.7132695],[129.4191765,35.7133226],[129.4192097,35.7133759],[129.4192548,35.7134385],[129.419257,35.7134397],[129.4192829,35.7134959],[129.4193312,35.7135963],[129.4193549,35.7134769]]]]}},{"type":"Feature","properties":{"UFID":"100035906017A00110100000004575114"},"geometry":{"type":"MultiPolygon","coordinates":[[[[129.4175611,35.7114957],[129.4175493,35.7114897],[129.4174998,35.7114662],[129.4174316,35.711434],[129.4173829,35.7114772],[129.4174994,35.7115592],[129.4175611,35.7114957]]]]}},{"type":"Feature","properties":{"UFID":"100035906017A00110100000004575115"},"geometry":{"type":"MultiPolygon","coordinates":[[[[129.4174316,35.711434],[129.4173537,35.7113972],[129.4172435,35.7113079],[129.4171459,35.7111711],[129.417093,35.7111989],[129.4171431,35.7112604],[129.4172102,35.7113413],[129.4173191,35.711426],[129.4173811,35.7114754],[129.4173829,35.7114772],[129.4174316,35.711434]]]]}},{"type":"Feature","properties":{"UFID":"100035906017A00110100000004575116"},"geometry":{"type":"MultiPolygon","coordinates":[[[[129.4174994,35.7115592],[129.4173829,35.7114772],[129.4173829,35.7114863],[129.4173803,35.7114973],[129.4173707,35.7115114],[129.4171345,35.7117226],[129.4171167,35.7117371],[129.4170951,35.7117468],[129.4172181,35.7117567],[129.417218,35.7117485],[129.4172229,35.7117384],[129.4172997,35.711666],[129.4173915,35.7115878],[129.417437,35.7115617],[129.4174482,35.7115597],[129.417461,35.7115593],[129.4174994,35.7115592]]]]}},{"type":"Feature","properties":{"UFID":"100035906007A00110100000004575117"},"geometry":{"type":"MultiPolygon","coordinates":[[[[129.4025245,35.7319364],[129.4024492,35.7318632],[129.4023412,35.7319],[129.4023224,35.7319068],[129.4022976,35.73192],[129.4022538,35.7319556],[129.4023595,35.7320324],[129.4025245,35.7319364]]]]}},{"type":"Feature","properties":{"UFID":"100035906007A00110100000004575118"},"geometry":{"type":"MultiPolygon","coordinates":[[[[129.4081347,35.7307163],[129.4083162,35.7306364],[129.4082195,35.7306507],[129.4082086,35.7306519],[129.4078754,35.7306342],[129.4076816,35.7306376],[129.4074569,35.7306554],[129.4073718,35.7306682],[129.4073403,35.7306704],[129.4073074,35.7306703],[129.4072745,35.7306663],[129.4072421,35.7306594],[129.4072009,35.7306442],[129.4070698,35.730565],[129.4070474,35.7305569],[129.4070307,35.7305556],[129.4070105,35.7305597],[129.4069986,35.7305668],[129.4069888,35.7305764],[129.4069827,35.7305887],[129.406976,35.7306299],[129.4069373,35.7307366],[129.406929,35.7307636],[129.4069212,35.7307727],[129.4069061,35.7307808],[129.4068806,35.7307867],[129.4068545,35.7307894],[129.4068383,35.7307906],[129.4068127,35.7307901],[129.4067697,35.7307799],[129.4066112,35.7307184],[129.4065664,35.7307095],[129.4065372,35.7307069],[129.4065184,35.7307054],[129.4064209,35.7307082],[129.4063906,35.7307099],[129.4063642,35.7307149],[129.4063413,35.7307224],[129.4063152,35.730734],[129.4062768,35.7307549],[129.4061299,35.7307968],[129.4060007,35.7308344],[129.4058252,35.7309007],[129.4054943,35.7310421],[129.405291,35.731115],[129.4050692,35.7311678],[129.4048804,35.73121],[129.4048601,35.7312137],[129.4047989,35.731217],[129.4047693,35.7312183],[129.4046432,35.7312274],[129.4046065,35.7312335],[129.4045926,35.7312354],[129.4045573,35.7312503],[129.4044529,35.7312867],[129.404339,35.7313395],[129.4042261,35.7313994],[129.4040888,35.7314654],[129.4039416,35.731504],[129.4038081,35.7315454],[129.4037109,35.7315672],[129.403657,35.7315764],[129.4036414,35.7315784],[129.4036104,35.731581],[129.4034174,35.7316199],[129.4033313,35.7316375],[129.4032878,35.7316472],[129.403263,35.7316538],[129.4032211,35.7316792],[129.4031984,35.7316962],[129.4031802,35.7317028],[129.4031443,35.7317098],[129.4031275,35.7317114],[129.4030903,35.7317158],[129.4030144,35.7317291],[129.4028349,35.7317571],[129.4027608,35.7317585],[129.4027238,35.7317606],[129.402688,35.7317674],[129.4026485,35.7317769],[129.4025553,35.7318273],[129.4024492,35.7318632],[129.4025245,35.7319364],[129.4025598,35.7319102],[129.402753,35.7318421],[129.4030252,35.7317762],[129.4033113,35.7316952],[129.4035013,35.7316459],[129.4036571,35.7315971],[129.4037777,35.7315875],[129.4038054,35.7315845],[129.4038112,35.7315832],[129.4038313,35.7315793],[129.4039506,35.7315493],[129.4041059,35.7315063],[129.4043094,35.7314252],[129.4043831,35.7313809],[129.4044019,35.7313746],[129.4044169,35.7313736],[129.4044382,35.7313738],[129.4044778,35.7313813],[129.4045052,35.7313871],[129.4045146,35.7313889],[129.4045402,35.7313895],[129.4045737,35.7313789],[129.4045805,35.7313732],[129.4045896,35.7313651],[129.4045915,35.7313584],[129.4046116,35.7313023],[129.4046313,35.7312809],[129.4046718,35.7312665],[129.4047102,35.7312602],[129.4047252,35.7312593],[129.4048279,35.7312706],[129.40484,35.7312734],[129.4048476,35.7312734],[129.4049654,35.7312453],[129.4051568,35.731214],[129.4053063,35.7311762],[129.4054859,35.7310943],[129.4055083,35.7310916],[129.40553,35.7310935],[129.4055492,35.7310962],[129.4055746,35.7310958],[129.4055936,35.7310898],[129.4056121,35.7310822],[129.4056749,35.7310271],[129.4056907,35.7310225],[129.4057057,35.7310203],[129.4057307,35.731023],[129.4057481,35.7310283],[129.4057609,35.73103],[129.405838,35.7309963],[129.4058498,35.7309885],[129.4058538,35.7309757],[129.4058537,35.7309573],[129.4058522,35.7309446],[129.4058776,35.7309279],[129.4060733,35.7308584],[129.4062769,35.7308083],[129.4063013,35.730804],[129.406312,35.730796],[129.4063272,35.7307811],[129.4063364,35.7307696],[129.4063502,35.730763],[129.4064197,35.7307518],[129.4064573,35.7307501],[129.4064876,35.7307495],[129.4065272,35.730753],[129.4065905,35.7307632],[129.406784,35.7308363],[129.4068118,35.7308409],[129.406843,35.7308422],[129.4068678,35.7308389],[129.406896,35.7308322],[129.406936,35.7308143],[129.4070349,35.7306986],[129.4070595,35.7306732],[129.4070745,35.7306681],[129.4070935,35.7306649],[129.407114,35.7306642],[129.407227,35.7307179],[129.4072421,35.7307209],[129.4072858,35.7307243],[129.4074255,35.7307196],[129.4078359,35.7306939],[129.408108,35.7307088],[129.4081279,35.7307125],[129.4081347,35.7307163]]]]}},{"type":"Feature","properties":{"UFID":"100035906007A00110100000004575119"},"geometry":{"type":"MultiPolygon","coordinates":[[[[129.4098646,35.7315396],[129.4098593,35.7315394],[129.4098946,35.7314259],[129.409737,35.7315759],[129.4097511,35.7315769],[129.4097581,35.7315809],[129.4097609,35.7315898],[129.4097613,35.7316006],[129.4097566,35.7316183],[129.4098646,35.7315396]]]]}},{"type":"Feature","properties":{"UFID":"100035906007A00110100000004575120"},"geometry":{"type":"MultiPolygon","coordinates":[[[[129.40981,35.7316964],[129.4097566,35.7316183],[129.4096228,35.731841],[129.4093308,35.7322023],[129.4092319,35.7323068],[129.4091244,35.7323794],[129.4091184,35.7323825],[129.4091295,35.7324219],[129.4092185,35.7323632],[129.4092776,35.7323138],[129.4093529,35.732256],[129.4095137,35.7320502],[129.4097863,35.7317281],[129.40981,35.7316964]]]]}},{"type":"Feature","properties":{"UFID":"100035906007A00110100000004575121"},"geometry":{"type":"MultiPolygon","coordinates":[[[[129.4091184,35.7323825],[129.4091172,35.732377],[129.4091184,35.7323647],[129.4091269,35.7323188],[129.4091871,35.7322449],[129.4093908,35.731995],[129.4095789,35.731758],[129.4097302,35.731579],[129.409737,35.7315759],[129.4097034,35.7315484],[129.4093782,35.7319349],[129.4091011,35.7322961],[129.4090979,35.7322995],[129.4090914,35.7323205],[129.4090795,35.7323733],[129.409063,35.7324113],[129.4091184,35.7323825]]]]}},{"type":"Feature","properties":{"UFID":"100035906007A00110100000004575122"},"geometry":{"type":"MultiPolygon","coordinates":[[[[129.4062363,35.731927],[129.4062108,35.7319258],[129.4061898,35.7319202],[129.4061681,35.7319114],[129.4061512,35.731904],[129.4060931,35.7318537],[129.4060713,35.731815],[129.4060695,35.7317949],[129.4060743,35.7317693],[129.406077,35.7317649],[129.4059438,35.7318264],[129.4059812,35.7318328],[129.4060315,35.7318704],[129.4061061,35.7319255],[129.4061401,35.7319406],[129.4061556,35.7319606],[129.4062363,35.731927]]]]}},{"type":"Feature","properties":{"UFID":"100035906007A00110100000004575123"},"geometry":{"type":"MultiPolygon","coordinates":[[[[129.4068606,35.7317693],[129.4068917,35.7317035],[129.4068762,35.7317058],[129.4068516,35.7317077],[129.4068278,35.7317086],[129.4067961,35.7317091],[129.4067607,35.73171],[129.4066995,35.7317124],[129.4066473,35.7317188],[129.4065672,35.7317401],[129.4064932,35.7317715],[129.4064081,35.731819],[129.4063355,35.7318765],[129.4062537,35.7319233],[129.4062363,35.731927],[129.4062742,35.7319714],[129.4063119,35.731957],[129.4063261,35.7319466],[129.4063751,35.7319125],[129.4064226,35.7318696],[129.4064679,35.7318305],[129.4065398,35.7317805],[129.4065595,35.7317747],[129.4065687,35.7317718],[129.4066057,35.7317596],[129.4066342,35.7317515],[129.4066569,35.7317474],[129.4066767,35.731745],[129.406695,35.7317432],[129.4067266,35.731743],[129.4067604,35.7317442],[129.4067953,35.7317498],[129.4068606,35.7317693]]]]}},{"type":"Feature","properties":{"UFID":"100035906007A00110100000004575124"},"geometry":{"type":"MultiPolygon","coordinates":[[[[129.4072963,35.7312046],[129.4071583,35.7311797],[129.4071652,35.7311977],[129.4071655,35.7312134],[129.4071558,35.7312416],[129.4070972,35.7313733],[129.4070342,35.7314584],[129.4069966,35.7315277],[129.4069698,35.7315992],[129.4069316,35.7316644],[129.4069233,35.7316864],[129.4069083,35.7316971],[129.4068917,35.7317035],[129.4070516,35.7317551],[129.4070446,35.7317371],[129.4070386,35.7317236],[129.4070323,35.7317016],[129.4070268,35.7316759],[129.4070241,35.7316449],[129.4070234,35.7316199],[129.4070267,35.7315904],[129.4070529,35.7315191],[129.4071198,35.7314041],[129.407189,35.7312893],[129.4072283,35.7312223],[129.4072341,35.7312179],[129.4072452,35.7312123],[129.4072596,35.731207],[129.4072753,35.7312049],[129.4072963,35.7312046]]]]}},{"type":"Feature","properties":{"UFID":"100035906007A00110100000004575125"},"geometry":{"type":"MultiPolygon","coordinates":[[[[129.4071583,35.7311797],[129.4072612,35.7311287],[129.4072406,35.7311313],[129.4072302,35.7311315],[129.4071946,35.7311287],[129.4071451,35.7311257],[129.4071099,35.7311263],[129.4070685,35.7311305],[129.4069255,35.7311708],[129.4067977,35.7312083],[129.4067205,35.7312386],[129.4066418,35.7312768],[129.4065563,35.7313282],[129.4064821,35.7313862],[129.4064052,35.7314517],[129.406302,35.7315254],[129.4062163,35.7315969],[129.4060992,35.7316683],[129.4060399,35.7317007],[129.4060188,35.7317102],[129.406077,35.7317649],[129.4061809,35.7316961],[129.4062773,35.7316144],[129.406376,35.7315358],[129.4064836,35.7314373],[129.4065604,35.7313704],[129.4066355,35.7313223],[129.4067076,35.7312846],[129.4069545,35.7312051],[129.4070666,35.7311634],[129.4071049,35.7311613],[129.4071377,35.7311653],[129.4071583,35.7311797]]]]}},{"type":"Feature","properties":{"UFID":"100035906007A00110100000004575126"},"geometry":{"type":"MultiPolygon","coordinates":[[[[129.4061988,35.7320003],[129.4061556,35.7319606],[129.4061446,35.7319668],[129.4060929,35.7319918],[129.4058765,35.7320745],[129.4055816,35.7321903],[129.4053771,35.7322689],[129.405225,35.7323269],[129.4050664,35.7323569],[129.4046632,35.73243],[129.4043992,35.7324727],[129.4041957,35.7325001],[129.4039958,35.7325386],[129.4038728,35.7325585],[129.4038081,35.7325675],[129.4038277,35.732635],[129.4038834,35.732605],[129.4040407,35.7325786],[129.404286,35.7325461],[129.4046535,35.7324772],[129.404956,35.7324169],[129.4051034,35.7323882],[129.4053269,35.7323252],[129.4055213,35.7322571],[129.4057013,35.7321866],[129.4059254,35.7320922],[129.4061555,35.7320169],[129.4061988,35.7320003]]]]}},{"type":"Feature","properties":{"UFID":"100035906007A00110100000004575127"},"geometry":{"type":"MultiPolygon","coordinates":[[[[129.4038277,35.732635],[129.4038081,35.7325675],[129.4037745,35.7325705],[129.4037295,35.7325676],[129.4037345,35.7326387],[129.4038277,35.732635]]]]}},{"type":"Feature","properties":{"UFID":"100035906007A00110100000004575128"},"geometry":{"type":"MultiPolygon","coordinates":[[[[129.4037295,35.7325676],[129.4037041,35.7325599],[129.4036592,35.7325377],[129.4036194,35.7324975],[129.4035778,35.7324346],[129.4035615,35.7323657],[129.403547,35.732244],[129.4035454,35.7322281],[129.4035439,35.7322116],[129.4035424,35.7321555],[129.4034384,35.732135],[129.4034369,35.7322168],[129.4034523,35.7322736],[129.4034671,35.7323407],[129.4035226,35.7324695],[129.4036023,35.7325694],[129.4036649,35.7326037],[129.4037345,35.7326387],[129.4037295,35.7325676]]]]}},{"type":"Feature","properties":{"UFID":"100035906007A00110100000004575129"},"geometry":{"type":"MultiPolygon","coordinates":[[[[129.4035613,35.7321058],[129.4035029,35.7320799],[129.4034384,35.732135],[129.4035424,35.7321555],[129.4035484,35.732129],[129.4035613,35.7321058]]]]}},{"type":"Feature","properties":{"UFID":"100035906007A00110100000004575130"},"geometry":{"type":"MultiPolygon","coordinates":[[[[129.4036984,35.7319411],[129.4036302,35.7318981],[129.4036298,35.7319103],[129.4036203,35.7319239],[129.4035856,35.7319594],[129.4035239,35.7320627],[129.4035029,35.7320799],[129.4035613,35.7321058],[129.4035774,35.7320769],[129.4036636,35.7319722],[129.4036984,35.7319411]]]]}},{"type":"Feature","properties":{"UFID":"100035906007A00110100000004575131"},"geometry":{"type":"MultiPolygon","coordinates":[[[[129.4037848,35.7318803],[129.4037325,35.7318362],[129.4036302,35.7318981],[129.4036984,35.7319411],[129.4037412,35.7319029],[129.4037848,35.7318803]]]]}},{"type":"Feature","properties":{"UFID":"100035906007A00110100000004575132"},"geometry":{"type":"MultiPolygon","coordinates":[[[[129.4059438,35.7318264],[129.4059002,35.7317632],[129.4058479,35.7317866],[129.4056746,35.731853],[129.4055278,35.7318947],[129.4054816,35.7319043],[129.4054603,35.7319072],[129.4054497,35.7319077],[129.4050527,35.7319113],[129.4045864,35.7319214],[129.4044762,35.7319228],[129.4044366,35.7319214],[129.4043979,35.7319159],[129.4043879,35.7319148],[129.4043812,35.7319121],[129.4042172,35.7318627],[129.4040915,35.7318316],[129.4039898,35.7318162],[129.4039438,35.7318132],[129.4038858,35.7318148],[129.4038672,35.731816],[129.4037815,35.7318338],[129.4037325,35.7318362],[129.4037848,35.7318803],[129.4038201,35.731862],[129.4038662,35.7318551],[129.4038812,35.7318533],[129.4039217,35.7318518],[129.4039609,35.7318537],[129.4040239,35.7318605],[129.404103,35.7318756],[129.4042281,35.7319134],[129.4043563,35.7319543],[129.4045005,35.7319601],[129.4046219,35.7319566],[129.4047865,35.7319559],[129.4050407,35.7319536],[129.4052698,35.7319544],[129.4053144,35.7319539],[129.405402,35.7319492],[129.4055247,35.7319363],[129.4056743,35.7318916],[129.4058179,35.7318402],[129.4058579,35.7318337],[129.4058921,35.7318286],[129.4059438,35.7318264]]]]}},{"type":"Feature","properties":{"UFID":"100035906007A00110100000004575133"},"geometry":{"type":"MultiPolygon","coordinates":[[[[129.4076706,35.7314255],[129.4076257,35.7313861],[129.4075779,35.731402],[129.4076133,35.731443],[129.4076706,35.7314255]]]]}},{"type":"Feature","properties":{"UFID":"100035906007A00110100000004575134"},"geometry":{"type":"MultiPolygon","coordinates":[[[[129.4076257,35.7313861],[129.4075785,35.7313446],[129.4074721,35.7312495],[129.4074026,35.7311879],[129.4073957,35.7311807],[129.4073981,35.7311755],[129.4072963,35.7312046],[129.4073102,35.7312058],[129.4073348,35.7312108],[129.4073642,35.7312228],[129.4074577,35.731287],[129.4075779,35.731402],[129.4076257,35.7313861]]]]}},{"type":"Feature","properties":{"UFID":"100035906007A00110100000004575135"},"geometry":{"type":"MultiPolygon","coordinates":[[[[129.4074354,35.7311155],[129.4073981,35.7311755],[129.4074044,35.7311722],[129.4074119,35.731171],[129.4074276,35.731172],[129.4074621,35.73118],[129.407536,35.7312251],[129.4076515,35.7312751],[129.407753,35.7313112],[129.4077692,35.7313294],[129.4077727,35.731376],[129.4077881,35.7313876],[129.4078104,35.7313837],[129.4078261,35.7313691],[129.4078466,35.7313506],[129.4078948,35.7313263],[129.4079582,35.7313013],[129.4080048,35.7312942],[129.4080084,35.7312566],[129.4079966,35.7312556],[129.4079747,35.7312547],[129.4079492,35.7312554],[129.4079279,35.7312573],[129.4078741,35.7312615],[129.4078422,35.7312613],[129.4077823,35.7312524],[129.4076758,35.7312255],[129.4075916,35.7311898],[129.4075055,35.7311509],[129.4074791,35.7311435],[129.4074561,35.7311334],[129.4074354,35.7311155]]]]}},{"type":"Feature","properties":{"UFID":"100035906007A00110100000004575136"},"geometry":{"type":"MultiPolygon","coordinates":[[[[129.4098527,35.7313894],[129.4098946,35.7314259],[129.4100146,35.7312893],[129.4101264,35.73116],[129.4101692,35.7311159],[129.4101779,35.7311039],[129.4101864,35.7310865],[129.41019,35.7310731],[129.4101936,35.7310566],[129.4101991,35.7310283],[129.4102023,35.7309805],[129.4101654,35.7308691],[129.4101129,35.7307595],[129.4100329,35.73066],[129.4099293,35.7305594],[129.409854,35.7304881],[129.4098472,35.7304825],[129.4098282,35.7304737],[129.4098102,35.730468],[129.4097813,35.7304652],[129.4097492,35.7304653],[129.4097163,35.7304695],[129.4096693,35.730484],[129.4095988,35.7305411],[129.4095136,35.7306037],[129.4094386,35.730632],[129.4094617,35.7306986],[129.4094991,35.7306717],[129.4095875,35.7305853],[129.4096668,35.7305182],[129.4096763,35.7305128],[129.4097117,35.7304993],[129.4097551,35.7304961],[129.4097904,35.7305065],[129.409843,35.730539],[129.4099221,35.7306008],[129.409987,35.730658],[129.4100483,35.7307346],[129.4100935,35.7308068],[129.4101305,35.7308975],[129.4101498,35.7309598],[129.4101537,35.7309758],[129.4101561,35.7309967],[129.4101542,35.7310239],[129.4101442,35.7310817],[129.4100924,35.7311536],[129.4100013,35.7312371],[129.4098527,35.7313894]]]]}},{"type":"Feature","properties":{"UFID":"100035906007A00110100000004575137"},"geometry":{"type":"MultiPolygon","coordinates":[[[[129.4062742,35.7319714],[129.4062363,35.731927],[129.4061556,35.7319606],[129.4061988,35.7320003],[129.4062742,35.7319714]]]]}},{"type":"Feature","properties":{"UFID":"100035906007A00110100000004575138"},"geometry":{"type":"MultiPolygon","coordinates":[[[[129.4070516,35.7317551],[129.4068917,35.7317035],[129.4068606,35.7317693],[129.4068732,35.731773],[129.4069523,35.7318011],[129.4069966,35.7318327],[129.4070516,35.7317551]]]]}},{"type":"Feature","properties":{"UFID":"100035906007A00110100000004575139"},"geometry":{"type":"MultiPolygon","coordinates":[[[[129.4089517,35.7324884],[129.4089469,35.7324884],[129.408934,35.732488],[129.4089018,35.7324843],[129.4087991,35.7324405],[129.4086437,35.7323657],[129.4085565,35.732329],[129.4085073,35.7323153],[129.4084445,35.7323045],[129.4084099,35.7323022],[129.4083589,35.7323003],[129.4083258,35.7322999],[129.4082981,35.7322982],[129.4082634,35.7322953],[129.4082397,35.7322927],[129.4082031,35.7322873],[129.40816,35.7322797],[129.4081075,35.7322623],[129.4079821,35.7322311],[129.4078592,35.7321972],[129.4077465,35.7321659],[129.4077379,35.7321617],[129.4076982,35.7321485],[129.4076592,35.7321377],[129.4076108,35.7321107],[129.407509,35.732044],[129.4073898,35.7319883],[129.4072214,35.7319184],[129.407213,35.7319134],[129.4072021,35.7319078],[129.4071829,35.7318956],[129.4071555,35.7318715],[129.4071091,35.7318246],[129.4070516,35.7317551],[129.4069966,35.7318327],[129.40702,35.7318494],[129.4070902,35.7319088],[129.4071654,35.7319561],[129.4072564,35.7320072],[129.4073909,35.7320632],[129.4075101,35.7321179],[129.4076158,35.7321726],[129.407696,35.7322058],[129.4078062,35.7322366],[129.4079264,35.7322671],[129.4080384,35.7322891],[129.4081822,35.7323159],[129.4082885,35.7323299],[129.408448,35.7323447],[129.408494,35.7323492],[129.4085662,35.7323711],[129.4086243,35.7324011],[129.4087215,35.7324479],[129.4088626,35.7325141],[129.4089261,35.7325418],[129.4089517,35.7324884]]]]}},{"type":"Feature","properties":{"UFID":"100035906007A00110100000004575140"},"geometry":{"type":"MultiPolygon","coordinates":[[[[129.4090894,35.7325307],[129.4089517,35.7324884],[129.4089261,35.7325418],[129.4090293,35.7325869],[129.4090378,35.7325931],[129.4090894,35.7325307]]]]}},{"type":"Feature","properties":{"UFID":"100035906007A00110100000004575141"},"geometry":{"type":"MultiPolygon","coordinates":[[[[129.4092188,35.7326575],[129.4090378,35.7325931],[129.4090429,35.7326062],[129.4090478,35.7326291],[129.4090479,35.7326459],[129.4090339,35.7326745],[129.4090234,35.7326812],[129.4089961,35.7326871],[129.4089538,35.7326881],[129.4087696,35.7326215],[129.4087143,35.7325967],[129.4087054,35.7325909],[129.4086727,35.7325672],[129.4086531,35.7325599],[129.4086061,35.7325521],[129.4085927,35.7325872],[129.4086131,35.7325947],[129.4087048,35.7326348],[129.4088061,35.7326846],[129.4089366,35.7327271],[129.4089573,35.7327296],[129.4090237,35.7327316],[129.4091423,35.7327133],[129.4091509,35.7327122],[129.4091594,35.7327079],[129.4091734,35.7326983],[129.409181,35.7326899],[129.409192,35.7326715],[129.4092188,35.7326575]]]]}},{"type":"Feature","properties":{"UFID":"100035906007A00110100000004575142"},"geometry":{"type":"MultiPolygon","coordinates":[[[[129.4034384,35.732135],[129.4035029,35.7320799],[129.4034432,35.7320968],[129.4030895,35.7321616],[129.4030875,35.7321626],[129.4030772,35.7321737],[129.4030688,35.732189],[129.4030529,35.7322145],[129.4029576,35.7322957],[129.4028658,35.7323583],[129.402751,35.7324183],[129.4026275,35.7324618],[129.4024529,35.7324967],[129.4022121,35.7326028],[129.4018615,35.7327402],[129.4015399,35.7328473],[129.4015599,35.7328743],[129.4017888,35.7328026],[129.4020422,35.7327082],[129.4022637,35.7326245],[129.4025095,35.7325445],[129.4027559,35.7324755],[129.4028449,35.732418],[129.4029623,35.7323466],[129.4031106,35.7322272],[129.4031517,35.732187],[129.4031629,35.7321771],[129.4031754,35.732167],[129.4031844,35.7321642],[129.4033834,35.7321348],[129.4034239,35.7321329],[129.403436,35.7321333],[129.4034384,35.732135]]]]}},{"type":"Feature","properties":{"UFID":"100035906007A00110100000004575143"},"geometry":{"type":"MultiPolygon","coordinates":[[[[129.4036302,35.7318981],[129.4037325,35.7318362],[129.4037039,35.7318302],[129.4036688,35.7318205],[129.4036164,35.7318101],[129.4035722,35.7318027],[129.4035555,35.7318009],[129.4035162,35.7318003],[129.4034982,35.7318015],[129.4034686,35.7318051],[129.4034501,35.7318069],[129.4034427,35.7318078],[129.4032346,35.7318492],[129.4029761,35.7319048],[129.4026299,35.7319948],[129.4025895,35.7320024],[129.4025541,35.7320052],[129.4025359,35.7320003],[129.4025264,35.731991],[129.4025187,35.7319801],[129.4025167,35.7319722],[129.4025245,35.7319364],[129.4023595,35.7320324],[129.4024094,35.7320335],[129.4024422,35.7320352],[129.4024869,35.7320397],[129.4025365,35.7320426],[129.4025715,35.7320426],[129.4027537,35.731998],[129.4030945,35.731924],[129.4033237,35.7318642],[129.4034614,35.7318588],[129.4035825,35.731871],[129.4036029,35.7318762],[129.4036158,35.7318783],[129.4036248,35.7318871],[129.4036302,35.7318981]]]]}},{"type":"Feature","properties":{"UFID":"100035906007A00110100000004575144"},"geometry":{"type":"MultiPolygon","coordinates":[[[[129.406077,35.7317649],[129.4060188,35.7317102],[129.4059002,35.7317632],[129.4059438,35.7318264],[129.406077,35.7317649]]]]}},{"type":"Feature","properties":{"UFID":"100035906007A00110100000004575145"},"geometry":{"type":"MultiPolygon","coordinates":[[[[129.4076706,35.7314255],[129.4076133,35.731443],[129.4076251,35.7314472],[129.4076457,35.7314675],[129.4077529,35.7315781],[129.4078198,35.7316494],[129.4078405,35.7316461],[129.4078952,35.7316206],[129.407906,35.7316145],[129.4079126,35.7316062],[129.4079181,35.731591],[129.4079262,35.7315637],[129.4079487,35.7315464],[129.4079715,35.7315384],[129.4079828,35.7315351],[129.4080094,35.7315298],[129.4080247,35.7315251],[129.4080436,35.731519],[129.4080626,35.731498],[129.4080813,35.7314732],[129.4081064,35.7314432],[129.4081144,35.7314251],[129.4081185,35.7314078],[129.4081197,35.7313922],[129.4081215,35.7313731],[129.4081291,35.7313525],[129.4081417,35.7313281],[129.408154,35.7313191],[129.4081624,35.7313155],[129.4081819,35.7313082],[129.4082645,35.7312864],[129.408258,35.7312495],[129.4081432,35.7312684],[129.4081269,35.7312743],[129.4080934,35.7313015],[129.408074,35.7313467],[129.4080619,35.7313953],[129.4080355,35.7314439],[129.4080153,35.7314661],[129.4080031,35.7314764],[129.4079217,35.7315154],[129.4078737,35.731527],[129.4078319,35.7315302],[129.4078022,35.7315287],[129.4077764,35.7315231],[129.4077006,35.7314519],[129.4076706,35.7314255]]]]}},{"type":"Feature","properties":{"UFID":"100035906007A00110100000004575146"},"geometry":{"type":"MultiPolygon","coordinates":[[[[129.4098946,35.7314259],[129.4098527,35.7313894],[129.4097397,35.7315052],[129.4097034,35.7315484],[129.409737,35.7315759],[129.4098946,35.7314259]]]]}},{"type":"Feature","properties":{"UFID":"100035906007A00110100000004575147"},"geometry":{"type":"MultiPolygon","coordinates":[[[[129.4090925,35.7324544],[129.409063,35.7324113],[129.4090431,35.7324574],[129.4089517,35.7324884],[129.4090894,35.7325307],[129.4090826,35.7324955],[129.4090833,35.7324743],[129.4090925,35.7324544]]]]}},{"type":"Feature","properties":{"UFID":"100035906007A00110100000004575148"},"geometry":{"type":"MultiPolygon","coordinates":[[[[129.4075779,35.731402],[129.4075646,35.7314096],[129.4075357,35.7314097],[129.4075088,35.7314042],[129.4074299,35.7313955],[129.4074305,35.7314357],[129.4076133,35.731443],[129.4075779,35.731402]]]]}},{"type":"Feature","properties":{"UFID":"100035906007A00110100000004575149"},"geometry":{"type":"MultiPolygon","coordinates":[[[[129.4113012,35.7318284],[129.4112328,35.7319155],[129.4112515,35.7319154],[129.4112827,35.7319189],[129.4112952,35.7319223],[129.4113091,35.7319257],[129.4113305,35.7319397],[129.4113657,35.7319701],[129.4114052,35.7320129],[129.4114371,35.732071],[129.4114516,35.7320944],[129.4114555,35.7321078],[129.4114581,35.7321177],[129.4114618,35.7321362],[129.4114628,35.7321529],[129.4114633,35.7321659],[129.4114623,35.7321869],[129.4114597,35.732199],[129.4114524,35.7322108],[129.4114436,35.7322177],[129.4114316,35.7322232],[129.4115075,35.7322502],[129.4115258,35.7321963],[129.41153,35.7321627],[129.4114948,35.7320536],[129.4114194,35.7319492],[129.4113012,35.7318284]]]]}},{"type":"Feature","properties":{"UFID":"100035906007A00110100000004575150"},"geometry":{"type":"MultiPolygon","coordinates":[[[[129.4114316,35.7322232],[129.4114147,35.7322273],[129.4113745,35.7322284],[129.4113507,35.7322264],[129.4113209,35.732221],[129.4111938,35.7321921],[129.4111636,35.7321866],[129.4111439,35.7321804],[129.4111343,35.7321737],[129.4111144,35.7322261],[129.4111333,35.732226],[129.4111842,35.7322337],[129.4112953,35.73226],[129.4113728,35.7322999],[129.4114089,35.7323386],[129.4114297,35.7323671],[129.4114316,35.7322232]]]]}},{"type":"Feature","properties":{"UFID":"100035906007A00110100000004575151"},"geometry":{"type":"MultiPolygon","coordinates":[[[[129.4111343,35.7321737],[129.4111243,35.7321611],[129.4111108,35.7321351],[129.4110564,35.7321834],[129.4111144,35.7322261],[129.4111343,35.7321737]]]]}},{"type":"Feature","properties":{"UFID":"100035906007A00110100000004575152"},"geometry":{"type":"MultiPolygon","coordinates":[[[[129.4111108,35.7321351],[129.4111035,35.7321213],[129.4110835,35.7320568],[129.4110594,35.7320097],[129.4110421,35.731986],[129.4110323,35.7319765],[129.4110268,35.7319686],[129.411027,35.7319648],[129.4109389,35.7319808],[129.410985,35.7319986],[129.4110091,35.7320277],[129.4110271,35.7320604],[129.4110499,35.7320995],[129.4110551,35.7321239],[129.4110583,35.7321478],[129.4110564,35.7321834],[129.4111108,35.7321351]]]]}},{"type":"Feature","properties":{"UFID":"100035906007A00110100000004575153"},"geometry":{"type":"MultiPolygon","coordinates":[[[[129.4112328,35.7319155],[129.4110794,35.7318204],[129.4110806,35.7318374],[129.4110762,35.7318695],[129.4110666,35.7318811],[129.4110305,35.7318996],[129.4109895,35.7319174],[129.411027,35.7319648],[129.4110315,35.7319596],[129.4110403,35.7319557],[129.4110979,35.731939],[129.4111607,35.7319303],[129.4112328,35.7319155]]]]}},{"type":"Feature","properties":{"UFID":"100035906007A00110100000004575154"},"geometry":{"type":"MultiPolygon","coordinates":[[[[129.4112798,35.7325588],[129.4112185,35.7325977],[129.4112254,35.7326017],[129.4112275,35.7326109],[129.4112308,35.7326409],[129.4112295,35.7326694],[129.411219,35.7326891],[129.4112068,35.7326969],[129.4111856,35.7327054],[129.4110542,35.7327315],[129.4110545,35.7327752],[129.4112151,35.7327429],[129.4112576,35.7327264],[129.4112754,35.7327102],[129.4112822,35.7326978],[129.411286,35.7326862],[129.4112878,35.7326705],[129.4112878,35.7326556],[129.4112827,35.7326178],[129.4112784,35.7325962],[129.4112798,35.7325588]]]]}},{"type":"Feature","properties":{"UFID":"100035906007A00110100000004575155"},"geometry":{"type":"MultiPolygon","coordinates":[[[[129.4113888,35.7325452],[129.4113931,35.7324491],[129.4112543,35.7325133],[129.4112798,35.7325588],[129.4112882,35.7325565],[129.4113106,35.7325469],[129.4113345,35.732542],[129.411356,35.7325416],[129.4113888,35.7325452]]]]}},{"type":"Feature","properties":{"UFID":"100035906007A00110100000004575156"},"geometry":{"type":"MultiPolygon","coordinates":[[[[129.4122655,35.7326774],[129.4122552,35.7326718],[129.412203,35.7326489],[129.4121208,35.7326024],[129.4120468,35.7325861],[129.4119565,35.7325784],[129.4118244,35.7325768],[129.411694,35.7325788],[129.4116702,35.7325788],[129.4116411,35.7325761],[129.4116233,35.7325726],[129.4116016,35.7325652],[129.4115105,35.7325223],[129.4114963,35.7325005],[129.4113888,35.7325452],[129.4114232,35.7325563],[129.4114679,35.7325729],[129.4115378,35.7325953],[129.4115765,35.7326061],[129.4116091,35.7326111],[129.4116851,35.7326151],[129.4117853,35.7326228],[129.4118819,35.7326226],[129.4119215,35.732623],[129.4119866,35.7326247],[129.4120555,35.7326331],[129.41214,35.7326694],[129.4121665,35.7326853],[129.4121727,35.7326944],[129.4121778,35.7327101],[129.4122655,35.7326774]]]]}},{"type":"Feature","properties":{"UFID":"100035906007A00110100000004575157"},"geometry":{"type":"MultiPolygon","coordinates":[[[[129.4121772,35.7327444],[129.4121778,35.7327101],[129.4121668,35.7327178],[129.4121276,35.7327223],[129.4120952,35.7327276],[129.4120126,35.7327543],[129.4119848,35.7327562],[129.4119429,35.7327539],[129.4118614,35.7327454],[129.4118171,35.732743],[129.4116818,35.7327485],[129.4115316,35.7327601],[129.4114986,35.732762],[129.4114678,35.7327604],[129.4114332,35.7327577],[129.4114296,35.7327816],[129.4114386,35.7327845],[129.4114488,35.7327863],[129.4115002,35.7327842],[129.4115964,35.7327766],[129.4116671,35.7327753],[129.4117747,35.7327741],[129.4118665,35.7327715],[129.4118935,35.7327734],[129.4119211,35.7327774],[129.4119457,35.7327812],[129.4119645,35.7327906],[129.4119845,35.7327991],[129.411995,35.7328019],[129.4120121,35.7327999],[129.4120292,35.732795],[129.4120904,35.7327585],[129.4121106,35.7327469],[129.4121159,35.7327456],[129.4121514,35.7327435],[129.4121772,35.7327444]]]]}},{"type":"Feature","properties":{"UFID":"100035906007A00110100000004575158"},"geometry":{"type":"MultiPolygon","coordinates":[[[[129.4114879,35.7324352],[129.4114869,35.7324151],[129.4114869,35.7323573],[129.4114297,35.7323671],[129.4114297,35.7323713],[129.4114301,35.732384],[129.4114273,35.7324068],[129.4114214,35.7324195],[129.4113931,35.7324491],[129.4114879,35.7324352]]]]}},{"type":"Feature","properties":{"UFID":"100035906007A00110100000004575159"},"geometry":{"type":"MultiPolygon","coordinates":[[[[129.4112798,35.7325588],[129.4112543,35.7325133],[129.4112016,35.7325377],[129.4112185,35.7325977],[129.4112798,35.7325588]]]]}},{"type":"Feature","properties":{"UFID":"100035906007A00110100000004575160"},"geometry":{"type":"MultiPolygon","coordinates":[[[[129.4112185,35.7325977],[129.4112016,35.7325377],[129.4110397,35.7325909],[129.4110575,35.73264],[129.4111932,35.7325978],[129.4112048,35.7325972],[129.4112185,35.7325977]]]]}},{"type":"Feature","properties":{"UFID":"100035906007A00110100000004575161"},"geometry":{"type":"MultiPolygon","coordinates":[[[[129.4109389,35.7319808],[129.4109132,35.7319292],[129.4108549,35.7319384],[129.4107698,35.7319489],[129.4107096,35.7319557],[129.4106524,35.7319599],[129.4106216,35.7319604],[129.4105838,35.7319572],[129.4105625,35.7319501],[129.4105303,35.7319433],[129.4104995,35.7319351],[129.4104685,35.7319274],[129.4104318,35.731917],[129.4103997,35.7319088],[129.4103584,35.7319012],[129.4103208,35.7318989],[129.4102767,35.7319025],[129.4102223,35.7319119],[129.4101794,35.7319266],[129.4101076,35.7319673],[129.4100096,35.7320359],[129.4099263,35.7321156],[129.4098854,35.7321906],[129.4098628,35.7322343],[129.4098602,35.7322444],[129.4098478,35.7322864],[129.4098369,35.7323802],[129.4098291,35.7324384],[129.4098163,35.7324722],[129.4097808,35.7325267],[129.4097224,35.7325717],[129.4096425,35.7326035],[129.4095955,35.7326171],[129.4095692,35.7326229],[129.4095315,35.7326324],[129.4094918,35.732641],[129.4094567,35.7326484],[129.4094336,35.7326513],[129.4094076,35.7326535],[129.4093557,35.7326517],[129.4093267,35.7326471],[129.4092374,35.7326193],[129.4092188,35.7326575],[129.4093408,35.7326906],[129.4093591,35.732692],[129.409389,35.7326933],[129.4094154,35.7326929],[129.4095039,35.7326736],[129.4096219,35.7326453],[129.4097144,35.7326069],[129.4098114,35.7325633],[129.4098848,35.7324963],[129.4099367,35.7324319],[129.4099413,35.7324225],[129.4099456,35.7324104],[129.4099529,35.7323855],[129.409957,35.7323541],[129.409958,35.7323166],[129.4099945,35.732192],[129.4101737,35.7319945],[129.410241,35.7319584],[129.4103162,35.7319414],[129.4104315,35.7319596],[129.4105735,35.7319937],[129.410582,35.7319939],[129.4106003,35.731995],[129.4106425,35.731995],[129.4107285,35.7319891],[129.4108564,35.7319799],[129.410905,35.7319795],[129.4109389,35.7319808]]]]}},{"type":"Feature","properties":{"UFID":"100035906007A00110100000004575162"},"geometry":{"type":"MultiPolygon","coordinates":[[[[129.4111144,35.7322261],[129.4110564,35.7321834],[129.4110514,35.7321976],[129.4110298,35.7322371],[129.4109541,35.7323179],[129.4109779,35.7323438],[129.4110681,35.7322411],[129.4110886,35.7322346],[129.4111144,35.7322261]]]]}},{"type":"Feature","properties":{"UFID":"100035906007A00110100000004575163"},"geometry":{"type":"MultiPolygon","coordinates":[[[[129.4114963,35.7325005],[129.41149,35.7324758],[129.4114879,35.7324352],[129.4113931,35.7324491],[129.4113888,35.7325452],[129.4114963,35.7325005]]]]}},{"type":"Feature","properties":{"UFID":"100035906007A00110100000004575164"},"geometry":{"type":"MultiPolygon","coordinates":[[[[129.4114869,35.7323573],[129.4114914,35.7322976],[129.4115075,35.7322502],[129.4114316,35.7322232],[129.4114297,35.7323671],[129.4114869,35.7323573]]]]}},{"type":"Feature","properties":{"UFID":"100035906007A00110100000004575165"},"geometry":{"type":"MultiPolygon","coordinates":[[[[129.4113012,35.7318284],[129.4111668,35.7317492],[129.4110794,35.7318204],[129.4112328,35.7319155],[129.4113012,35.7318284]]]]}},{"type":"Feature","properties":{"UFID":"100035906007A00110100000004575166"},"geometry":{"type":"MultiPolygon","coordinates":[[[[129.4110794,35.7318204],[129.4111668,35.7317492],[129.4111113,35.7317272],[129.4111096,35.7317253],[129.4111088,35.7317159],[129.4111089,35.7317022],[129.4111146,35.731688],[129.4111242,35.7316768],[129.4111378,35.7316692],[129.4111497,35.7316664],[129.4111635,35.731668],[129.411188,35.7316804],[129.4113187,35.7317744],[129.4114076,35.7318468],[129.4114851,35.731921],[129.4115224,35.7319024],[129.4113623,35.7317619],[129.4113306,35.7317289],[129.4111883,35.7316482],[129.4111453,35.7316331],[129.411138,35.7316317],[129.411129,35.7316324],[129.4111225,35.7316339],[129.411097,35.7316557],[129.4110767,35.7316857],[129.4110708,35.7317049],[129.4110671,35.7317318],[129.411069,35.7317592],[129.4110757,35.7318007],[129.4110794,35.7318204]]]]}},{"type":"Feature","properties":{"UFID":"100035906007A00110100000004575167"},"geometry":{"type":"MultiPolygon","coordinates":[[[[129.411027,35.7319648],[129.4109895,35.7319174],[129.4109286,35.7319268],[129.4109132,35.7319292],[129.4109389,35.7319808],[129.411027,35.7319648]]]]}},{"type":"Feature","properties":{"UFID":"100035906007A00110100000004575168"},"geometry":{"type":"MultiPolygon","coordinates":[[[[129.4092374,35.7326193],[129.4091113,35.7325637],[129.4091014,35.7325516],[129.4090926,35.7325389],[129.4090894,35.7325307],[129.4090378,35.7325931],[129.4092188,35.7326575],[129.4092374,35.7326193]]]]}},{"type":"Feature","properties":{"UFID":"100035906007A00110100000004575169"},"geometry":{"type":"MultiPolygon","coordinates":[[[[129.4091295,35.7324219],[129.4091184,35.7323825],[129.409063,35.7324113],[129.4090925,35.7324544],[129.4091295,35.7324219]]]]}},{"type":"Feature","properties":{"UFID":"100035906007A00110100000004575170"},"geometry":{"type":"MultiPolygon","coordinates":[[[[129.4098886,35.7315913],[129.4098646,35.7315396],[129.4097566,35.7316183],[129.40981,35.7316964],[129.4098886,35.7315913]]]]}},{"type":"Feature","properties":{"UFID":"100035906007A00110100000004575171"},"geometry":{"type":"MultiPolygon","coordinates":[[[[129.4098646,35.7315396],[129.4098886,35.7315913],[129.4099984,35.7314446],[129.4100032,35.7314433],[129.4100114,35.7314301],[129.4100176,35.731406],[129.4100278,35.7313909],[129.4101112,35.7313342],[129.4101059,35.7313103],[129.4099444,35.7314326],[129.4098684,35.7315349],[129.4098646,35.7315396]]]]}},{"type":"Feature","properties":{"UFID":"100035906007A00110100000004575183"},"geometry":{"type":"MultiPolygon","coordinates":[[[[129.4038277,35.732635],[129.4037345,35.7326387],[129.4037531,35.73267],[129.4037673,35.7326908],[129.4037755,35.7327001],[129.4038746,35.7327597],[129.4039917,35.7327982],[129.404059,35.7327256],[129.4039839,35.7327295],[129.4039289,35.7327271],[129.4038699,35.7327056],[129.4038334,35.7326844],[129.403824,35.7326758],[129.4038215,35.7326693],[129.4038211,35.7326605],[129.4038238,35.7326455],[129.4038277,35.732635]]]]}},{"type":"Feature","properties":{"UFID":"100035906007A00110100000004575184"},"geometry":{"type":"MultiPolygon","coordinates":[[[[129.4027418,35.7470428],[129.4026857,35.7470202],[129.4025499,35.7469524],[129.4024107,35.7468804],[129.4023371,35.7468236],[129.4022534,35.7467811],[129.4022114,35.7467697],[129.4021866,35.7467571],[129.4021793,35.7467504],[129.4021749,35.7467394],[129.4021727,35.7467264],[129.4021737,35.7467085],[129.4021809,35.7466921],[129.4020716,35.7467343],[129.4021021,35.7467689],[129.4021321,35.7467981],[129.4021441,35.7468062],[129.4021552,35.7468114],[129.4021767,35.7468176],[129.4021872,35.7468208],[129.4022192,35.7468297],[129.4022439,35.7468356],[129.402308,35.7468614],[129.4024253,35.7469231],[129.4025775,35.7470011],[129.4027019,35.7470603],[129.4027035,35.7470634],[129.4027266,35.747109],[129.4027418,35.7470428]]]]}},{"type":"Feature","properties":{"UFID":"100035906017A00110100000004575185"},"geometry":{"type":"MultiPolygon","coordinates":[[[[129.4121901,35.7149196],[129.4121392,35.7148565],[129.4119881,35.7148679],[129.4116287,35.7148928],[129.4113518,35.7149256],[129.4113114,35.7149281],[129.4112604,35.7149283],[129.4112454,35.7149275],[129.411224,35.7149227],[129.4111717,35.7149016],[129.4111423,35.7148989],[129.4111114,35.7148975],[129.4109398,35.7148252],[129.4108694,35.7147767],[129.4107896,35.7147076],[129.410763,35.7146836],[129.4107304,35.7146722],[129.4106087,35.714631],[129.4104741,35.7145851],[129.4103408,35.7145566],[129.4101797,35.7145311],[129.41004,35.7145242],[129.4099774,35.7145237],[129.4096833,35.7145843],[129.4095164,35.7146119],[129.4094454,35.714613],[129.4094087,35.7146113],[129.4093609,35.7146076],[129.4093223,35.7146006],[129.4092884,35.7145876],[129.4092641,35.7145743],[129.4092374,35.7145574],[129.4092196,35.7145441],[129.4091736,35.7144626],[129.409082,35.7146237],[129.40934,35.7146748],[129.4093688,35.714678],[129.4093963,35.7146794],[129.4094294,35.7146784],[129.409513,35.714668],[129.4098976,35.7145832],[129.4099449,35.7145773],[129.4100069,35.7145756],[129.4100111,35.7145971],[129.4102243,35.7146241],[129.4103537,35.7146695],[129.4104511,35.7147263],[129.4106506,35.7148214],[129.4108413,35.7149175],[129.411073,35.7149888],[129.4113185,35.7150408],[129.4113253,35.7150389],[129.4113135,35.7149657],[129.4113153,35.7149578],[129.4113188,35.7149553],[129.4113591,35.7149505],[129.4115831,35.7149357],[129.4118043,35.7149207],[129.4118998,35.7149187],[129.4119393,35.7149184],[129.4119825,35.7149213],[129.4120327,35.7149294],[129.4120916,35.714942],[129.4121234,35.7149424],[129.4121608,35.7149294],[129.4121901,35.7149196]]]]}},{"type":"Feature","properties":{"UFID":"100035906007A00110100000004575186"},"geometry":{"type":"MultiPolygon","coordinates":[[[[129.4023595,35.7320324],[129.4022538,35.7319556],[129.4022276,35.7319861],[129.4021967,35.7320161],[129.4021656,35.7320322],[129.4021065,35.7320729],[129.4021374,35.7321204],[129.4022404,35.7320511],[129.4022538,35.7320475],[129.4022869,35.7320391],[129.4023172,35.7320331],[129.4023595,35.7320324]]]]}},{"type":"Feature","properties":{"UFID":"100035906017A00110100000004575187"},"geometry":{"type":"MultiPolygon","coordinates":[[[[129.4158902,35.7091036],[129.4158736,35.709099],[129.4158478,35.7090802],[129.4158442,35.7090727],[129.4158374,35.7089293],[129.4158355,35.7087312],[129.41578,35.7087307],[129.4157909,35.7089768],[129.4158072,35.7090809],[129.4158129,35.7091021],[129.4158162,35.7091072],[129.4158255,35.709116],[129.4158433,35.7091349],[129.4158755,35.7091548],[129.4158902,35.7091036]]]]}},{"type":"Feature","properties":{"UFID":"100035906007A00110100000004575188"},"geometry":{"type":"MultiPolygon","coordinates":[[[[129.4056315,35.7277969],[129.4057158,35.7277404],[129.4058205,35.7276775],[129.4059196,35.7276345],[129.4059841,35.7276017],[129.4060675,35.7275631],[129.4061276,35.727531],[129.4062024,35.7274787],[129.4062592,35.7274243],[129.4063083,35.7273517],[129.4063462,35.7272861],[129.4063767,35.7272037],[129.4063897,35.7271443],[129.4063923,35.7271053],[129.4063902,35.7270699],[129.4063853,35.7270473],[129.406377,35.7270247],[129.4063713,35.7270076],[129.4063307,35.7269549],[129.406276,35.7269042],[129.4062085,35.726839],[129.4061951,35.7268168],[129.406168,35.7267234],[129.4061472,35.7266145],[129.406151,35.7266014],[129.4061545,35.7265924],[129.4062384,35.7265247],[129.4062968,35.7265052],[129.4063545,35.726506],[129.4064224,35.7265094],[129.4064606,35.7265207],[129.406499,35.7265384],[129.4065293,35.7265645],[129.4065401,35.726579],[129.4065691,35.7265545],[129.4065193,35.7265198],[129.4064649,35.7264934],[129.4064233,35.7264428],[129.4064126,35.7264358],[129.4063879,35.7264318],[129.4063651,35.7264403],[129.4063567,35.7264495],[129.4063488,35.726459],[129.4063382,35.7264644],[129.4063281,35.7264686],[129.4062816,35.7264807],[129.4062097,35.7265125],[129.4061313,35.7265649],[129.4061273,35.7265697],[129.4061219,35.7266465],[129.4061329,35.7267262],[129.4061574,35.7267924],[129.4061611,35.7268034],[129.4062035,35.7268686],[129.4062746,35.72694],[129.4063171,35.7269919],[129.4063363,35.7270206],[129.4063558,35.7270608],[129.4063602,35.7271079],[129.4063601,35.7271362],[129.4063335,35.7272172],[129.4062796,35.7273221],[129.4061967,35.7274299],[129.4060998,35.7275012],[129.4059914,35.7275624],[129.4058946,35.7276093],[129.405787,35.7276629],[129.4056568,35.7277484],[129.4055857,35.72778],[129.4055512,35.7277825],[129.4055374,35.7277827],[129.4054859,35.7277809],[129.405466,35.7277786],[129.4054546,35.7277767],[129.4053362,35.7277605],[129.4052692,35.727758],[129.4052369,35.7277596],[129.4052034,35.7277657],[129.4051581,35.7277752],[129.405107,35.7277849],[129.405075,35.7277883],[129.4050372,35.7277893],[129.4050082,35.7277896],[129.4049817,35.7277878],[129.4049629,35.7277862],[129.4049431,35.7277832],[129.404908,35.7277774],[129.4047983,35.7277577],[129.4046765,35.7277065],[129.4044775,35.727607],[129.4044599,35.7275986],[129.404448,35.7276335],[129.4045791,35.7276998],[129.4048094,35.7277995],[129.4049019,35.7278152],[129.4049827,35.7278145],[129.4050409,35.7278117],[129.4051269,35.7278016],[129.4052298,35.7277886],[129.405283,35.7277855],[129.4053087,35.7277846],[129.4053488,35.7277859],[129.4053902,35.727789],[129.4054919,35.7278057],[129.4055437,35.727808],[129.4055842,35.7278069],[129.4056026,35.7278044],[129.4056204,35.7278006],[129.4056315,35.7277969]]]]}},{"type":"Feature","properties":{"UFID":"100035906017A00110100000004575192"},"geometry":{"type":"MultiPolygon","coordinates":[[[[129.4194357,35.7135555],[129.4194005,35.713527],[129.4193549,35.7134769],[129.4193312,35.7135963],[129.4194341,35.7136369],[129.4194357,35.7135555]]]]}},{"type":"Feature","properties":{"UFID":"100035906007A00110100000004575193"},"geometry":{"type":"MultiPolygon","coordinates":[[[[129.4122784,35.732709],[129.4122655,35.7326774],[129.4121778,35.7327101],[129.4121772,35.7327444],[129.4122784,35.732709]]]]}},{"type":"Feature","properties":{"UFID":"100035906007A00110100000004575194"},"geometry":{"type":"MultiPolygon","coordinates":[[[[129.4073981,35.7311755],[129.4074354,35.7311155],[129.4072612,35.7311287],[129.4071583,35.7311797],[129.4072963,35.7312046],[129.4073981,35.7311755]]]]}},{"type":"Feature","properties":{"UFID":"100035906007A00110100000004575196"},"geometry":{"type":"MultiPolygon","coordinates":[[[[129.4028634,35.7475163],[129.4028558,35.7475142],[129.4028508,35.7475116],[129.4028441,35.7475056],[129.4028418,35.7474978],[129.402829,35.7474412],[129.4028032,35.7473269],[129.4027775,35.7471891],[129.4027684,35.7471408],[129.4027674,35.7471328],[129.4027666,35.7471135],[129.4027266,35.747109],[129.4027284,35.7471329],[129.4027343,35.7471346],[129.4027355,35.7471442],[129.402744,35.7471896],[129.4027705,35.7473314],[129.4027964,35.7474461],[129.4028079,35.7474968],[129.4028063,35.7475235],[129.4028026,35.747533],[129.4028634,35.7475163]]]]}},{"type":"Feature","properties":{"UFID":"100035906007A00110100000004575197"},"geometry":{"type":"MultiPolygon","coordinates":[[[[129.4027729,35.7470554],[129.4027418,35.7470428],[129.4027266,35.747109],[129.4027666,35.7471135],[129.4027657,35.7470938],[129.402768,35.7470813],[129.4027713,35.7470631],[129.4027729,35.7470554]]]]}},{"type":"Feature","properties":{"UFID":"100035906007A00110100000004575198"},"geometry":{"type":"MultiPolygon","coordinates":[[[[129.4027628,35.7467635],[129.4027321,35.746774],[129.4027615,35.7468447],[129.4027682,35.7468732],[129.4027682,35.7468844],[129.4027613,35.7469475],[129.4027418,35.7470428],[129.4027729,35.7470554],[129.4027942,35.7469509],[129.4028013,35.7468856],[129.4028013,35.7468706],[129.4027937,35.7468378],[129.4027628,35.7467635]]]]}},{"type":"Feature","properties":{"UFID":"100035906017A00110100000004575222"},"geometry":{"type":"MultiPolygon","coordinates":[[[[129.4160704,35.7254739],[129.4160347,35.7254485],[129.4159974,35.7254335],[129.415964,35.7254333],[129.4159584,35.7254342],[129.4158891,35.7254458],[129.4158434,35.7254457],[129.4157909,35.7254424],[129.4156938,35.7254195],[129.4156485,35.7253937],[129.41564,35.7253874],[129.4156286,35.7253778],[129.4156191,35.725366],[129.4156152,35.7253552],[129.4156122,35.7253371],[129.4156118,35.7253154],[129.4156193,35.7252676],[129.4156294,35.725232],[129.4156875,35.7251286],[129.4157453,35.7250062],[129.4157467,35.7250006],[129.4157482,35.7249939],[129.4157489,35.7249836],[129.4157491,35.72497],[129.4157477,35.7249575],[129.4157472,35.7249447],[129.4157191,35.7248442],[129.4156874,35.724692],[129.4156633,35.724584],[129.4156593,35.7245655],[129.4156578,35.7245432],[129.4156579,35.7245261],[129.4156565,35.7243978],[129.4156518,35.7243413],[129.415649,35.7243308],[129.415642,35.7243112],[129.4156422,35.7243031],[129.4155956,35.7243192],[129.4156142,35.7243375],[129.4156171,35.7243444],[129.4156205,35.7243559],[129.4156238,35.7246105],[129.4156477,35.7247129],[129.4156845,35.7248476],[129.4157139,35.7249461],[129.4157162,35.7249837],[129.4157161,35.7249974],[129.415715,35.7250006],[129.4157091,35.7250189],[129.4156739,35.7251017],[129.4156062,35.7252354],[129.4155846,35.7253042],[129.4155827,35.7253242],[129.4155835,35.7253475],[129.4155902,35.7253672],[129.415596,35.7253814],[129.415603,35.7253926],[129.4156119,35.7254031],[129.4156543,35.7254309],[129.4157193,35.7254515],[129.4158028,35.7254648],[129.4158353,35.7254665],[129.415875,35.725468],[129.4159035,35.7254658],[129.4159629,35.7254545],[129.4159738,35.7254541],[129.4159881,35.7254553],[129.415997,35.7254577],[129.416026,35.7254712],[129.4160308,35.7254751],[129.4160362,35.7254856],[129.4160385,35.7254954],[129.4160704,35.7254739]]]]}},{"type":"Feature","properties":{"UFID":"100035906007A00110100000004575223"},"geometry":{"type":"MultiPolygon","coordinates":[[[[129.4160917,35.7255455],[129.4160385,35.7254954],[129.4160374,35.725504],[129.4160341,35.7255084],[129.4159895,35.7255361],[129.4159099,35.7255707],[129.4158261,35.7255942],[129.4157376,35.7256242],[129.4156782,35.72565],[129.4156234,35.7256942],[129.4155633,35.7257235],[129.4155459,35.7257289],[129.4155228,35.7257309],[129.4155084,35.7257309],[129.4154933,35.7257297],[129.4154854,35.7257277],[129.4154793,35.7257245],[129.415473,35.7257202],[129.4154683,35.7257124],[129.4154643,35.7256802],[129.4154772,35.7256392],[129.4154789,35.725632],[129.415484,35.7256135],[129.415486,35.7256012],[129.4154865,35.7255921],[129.4154865,35.7255833],[129.4154851,35.7255693],[129.4154839,35.7255633],[129.4154822,35.7255557],[129.4154419,35.7254923],[129.4153686,35.7253886],[129.4152997,35.7253272],[129.4151617,35.7252387],[129.4150344,35.7251397],[129.415024,35.7251291],[129.4150124,35.7251132],[129.4149955,35.7250809],[129.4149923,35.7250671],[129.4149886,35.7250431],[129.4149874,35.725027],[129.4149872,35.7250053],[129.4149873,35.7250006],[129.4149874,35.7249863],[129.4149887,35.7249668],[129.4149967,35.7249139],[129.4150132,35.7248589],[129.4150818,35.7246958],[129.4150904,35.7246786],[129.4151657,35.7245282],[129.4152357,35.7243873],[129.41524,35.7243733],[129.415245,35.7243519],[129.4152798,35.7241614],[129.4152805,35.7241551],[129.4152834,35.7241498],[129.4152344,35.7241412],[129.4152357,35.7241574],[129.4152338,35.7241764],[129.4152155,35.7242854],[129.4151957,35.7243649],[129.4151951,35.7243677],[129.4151904,35.7243786],[129.4151456,35.7244731],[129.4150862,35.7245998],[129.4150547,35.7246647],[129.4150425,35.7246898],[129.4150026,35.7247848],[129.4149794,35.7248561],[129.4149487,35.7249599],[129.4149442,35.724985],[129.4149436,35.7250006],[129.4149422,35.7250314],[129.4149462,35.7250546],[129.4149543,35.7250824],[129.4149618,35.725099],[129.4149769,35.7251205],[129.4150858,35.7252246],[129.4152394,35.7253331],[129.4153092,35.7253793],[129.4153181,35.725387],[129.4153337,35.7253995],[129.4154018,35.7254888],[129.4154456,35.7255589],[129.4154478,35.7255683],[129.4154483,35.7255771],[129.4154462,35.7256151],[129.4154338,35.7256645],[129.4154354,35.7256831],[129.4154389,35.7257028],[129.4154444,35.7257207],[129.4154505,35.7257306],[129.4154599,35.7257383],[129.4154795,35.7257446],[129.4155069,35.7257473],[129.4155277,35.7257472],[129.4155445,35.7257457],[129.4155592,35.7257436],[129.4155701,35.7257404],[129.4156408,35.7257143],[129.4157016,35.7256565],[129.4158024,35.7256193],[129.4159912,35.7255581],[129.4160357,35.7255451],[129.4160557,35.725544],[129.4160774,35.7255447],[129.4160917,35.7255455]]]]}},{"type":"Feature","properties":{"UFID":"100035906008A00110100000004575226"},"geometry":{"type":"MultiPolygon","coordinates":[[[[129.4445144,35.7259825],[129.444496,35.725953],[129.4444705,35.725927],[129.444386,35.7258395],[129.4442365,35.7256853],[129.4441945,35.7256458],[129.4441199,35.7255767],[129.4440562,35.725526],[129.4440327,35.7255116],[129.4439336,35.7254556],[129.4438818,35.7254366],[129.443859,35.7254312],[129.4437834,35.7254223],[129.4436565,35.7254266],[129.4435133,35.7254401],[129.4434075,35.7254476],[129.4433892,35.725448],[129.4433064,35.725449],[129.4432979,35.7254491],[129.4432854,35.7254491],[129.4431127,35.7254509],[129.4429972,35.725436],[129.44284,35.7253887],[129.4425575,35.7252701],[129.4422843,35.7251476],[129.4420818,35.7250285],[129.4420398,35.7250006],[129.4419483,35.7249279],[129.4419223,35.724945],[129.4419905,35.7250006],[129.4420195,35.7250242],[129.4422143,35.7251394],[129.4423329,35.7252055],[129.4426445,35.7253402],[129.442829,35.725418],[129.4429914,35.725458],[129.4431045,35.7254768],[129.4431895,35.7254838],[129.4433339,35.7254795],[129.443483,35.7254657],[129.4436591,35.7254536],[129.4437817,35.7254494],[129.4438519,35.7254577],[129.4438703,35.725462],[129.4439172,35.7254792],[129.4440133,35.7255335],[129.4440345,35.7255466],[129.4440959,35.7255953],[129.4441695,35.7256635],[129.444211,35.7257025],[129.44436,35.7258562],[129.4444445,35.7259439],[129.444468,35.7259678],[129.4444843,35.7259939],[129.4445144,35.7259825]]]]}},{"type":"Feature","properties":{"UFID":"100035906018A00110100000004575229"},"geometry":{"type":"MultiPolygon","coordinates":[[[[129.4473006,35.6998904],[129.4472281,35.6999157],[129.4472313,35.6999196],[129.4472386,35.6999499],[129.4472403,35.699975],[129.4472405,35.6999849],[129.4472405,35.6999954],[129.4472396,35.7],[129.4472396,35.7000003],[129.4472282,35.7000632],[129.4472085,35.7001397],[129.4471918,35.700186],[129.4472763,35.7002074],[129.447301,35.7000896],[129.4473112,35.7000003],[129.4473112,35.7],[129.4473128,35.6999859],[129.4473128,35.6999651],[129.4473119,35.6999527],[129.4473085,35.6999247],[129.4473006,35.6998904]]]]}},{"type":"Feature","properties":{"UFID":"100035906019A00110100000004575230"},"geometry":{"type":"MultiPolygon","coordinates":[[[[129.4531306,35.7189493],[129.4531441,35.7189245],[129.4530897,35.7188993],[129.4530098,35.7188562],[129.45296,35.718838],[129.4529426,35.718834],[129.4529185,35.7188321],[129.4528016,35.7188359],[129.4527842,35.7188374],[129.4526474,35.7188427],[129.4526122,35.7188422],[129.4525,35.7188319],[129.4524097,35.718823],[129.4523828,35.7188226],[129.452359,35.7188249],[129.4523038,35.7188378],[129.4521956,35.7188721],[129.4521807,35.7188761],[129.4520644,35.7188988],[129.4520436,35.7189021],[129.4518931,35.7189342],[129.4518684,35.7189434],[129.4517543,35.7189929],[129.4516522,35.7190251],[129.4514999,35.7190605],[129.4514853,35.7190631],[129.4514063,35.7190651],[129.4513799,35.7190631],[129.4512927,35.7190488],[129.4511604,35.7190277],[129.4511013,35.7190327],[129.4509078,35.7190688],[129.450691,35.7191066],[129.4505942,35.7191167],[129.4505026,35.7191296],[129.4503699,35.7191582],[129.4502438,35.7191977],[129.4501548,35.7192281],[129.4500721,35.7192505],[129.4500006,35.7192574],[129.45,35.7192572],[129.4499838,35.7192589],[129.4498071,35.7192608],[129.4497301,35.7192585],[129.4497155,35.7192573],[129.4496498,35.7192512],[129.4496352,35.7192505],[129.4496333,35.7192775],[129.449647,35.7192782],[129.449712,35.7192842],[129.4497279,35.7192855],[129.4498067,35.7192878],[129.4499861,35.7192859],[129.45,35.7192845],[129.4500141,35.7192834],[129.4500793,35.7192771],[129.4501664,35.7192535],[129.4502562,35.7192228],[129.4503801,35.719184],[129.4505099,35.719156],[129.4506263,35.7191366],[129.4507313,35.7191261],[129.4510632,35.719065],[129.4511506,35.7190585],[129.4511989,35.7190592],[129.4512859,35.7190753],[129.4513751,35.7190899],[129.4514052,35.7190922],[129.4514895,35.7190901],[129.4515081,35.7190867],[129.4516627,35.7190507],[129.4517681,35.7190175],[129.4518831,35.7189677],[129.4519043,35.7189598],[129.4520508,35.7189284],[129.4520714,35.7189253],[129.4521897,35.7189021],[129.4522067,35.7188976],[129.4523144,35.7188634],[129.4523656,35.7188515],[129.4523845,35.7188496],[129.4524074,35.71885],[129.4524961,35.7188587],[129.45261,35.7188692],[129.4526479,35.7188698],[129.4527868,35.7188644],[129.4528041,35.7188629],[129.4529175,35.7188592],[129.4529364,35.7188607],[129.4529487,35.7188635],[129.4529937,35.7188799],[129.4530724,35.7189224],[129.4531306,35.7189493]]]]}},{"type":"Feature","properties":{"UFID":"100035906018A00110100000004575231"},"geometry":{"type":"MultiPolygon","coordinates":[[[[129.4531165,35.7254339],[129.4531119,35.7254348],[129.4530984,35.725434],[129.4530289,35.7253962],[129.452919,35.7253357],[129.4529144,35.7253391],[129.4527018,35.7252346],[129.4524848,35.7251202],[129.452328,35.7250357],[129.4522638,35.7250002],[129.4521931,35.724964],[129.452059,35.7248959],[129.4519287,35.7248296],[129.4517955,35.7247601],[129.4516573,35.7246896],[129.451587,35.7246552],[129.4515431,35.7246346],[129.4514885,35.7246081],[129.4514512,35.7245884],[129.4514446,35.7245851],[129.4514407,35.724575],[129.4514455,35.7245592],[129.4514484,35.7245538],[129.4514737,35.7245003],[129.4514032,35.7244744],[129.4513823,35.7245207],[129.4513796,35.7245249],[129.4513607,35.7245295],[129.4513519,35.7245288],[129.4513416,35.7245269],[129.4513308,35.7245245],[129.4512939,35.7245115],[129.4512843,35.7245068],[129.4512056,35.7244703],[129.4511015,35.7244175],[129.4510383,35.7243871],[129.450961,35.7243467],[129.4509047,35.7243089],[129.450824,35.724255],[129.4507807,35.7242272],[129.4506748,35.7241621],[129.4505347,35.7240761],[129.4504866,35.7240498],[129.450435,35.7240201],[129.4503639,35.7239816],[129.4502612,35.7239316],[129.4502052,35.7239077],[129.4501516,35.7238787],[129.4500924,35.7238408],[129.45,35.7237735],[129.4499372,35.7237256],[129.4498545,35.7236619],[129.449778,35.7236047],[129.4497113,35.723554],[129.4496604,35.7235136],[129.4496236,35.72348],[129.4496156,35.7234712],[129.449566,35.7233989],[129.449532,35.7233514],[129.4494974,35.7233032],[129.4494627,35.723264],[129.4494258,35.7232298],[129.4493823,35.7231936],[129.4493383,35.723165],[129.4492806,35.7231344],[129.4492135,35.7231035],[129.4491373,35.7230742],[129.4490549,35.7230438],[129.4489661,35.7230195],[129.4489386,35.723014],[129.4488664,35.7229992],[129.4487814,35.7229872],[129.4487198,35.7229849],[129.4487107,35.7229849],[129.4486887,35.7229862],[129.4486039,35.722992],[129.4485109,35.7230025],[129.4484104,35.7230146],[129.4483103,35.7230242],[129.4482982,35.7230252],[129.4482785,35.7230262],[129.4481407,35.7230293],[129.4480389,35.7230332],[129.4479559,35.7230352],[129.4478948,35.7230361],[129.4478329,35.7230326],[129.4477369,35.7230222],[129.4476942,35.7230175],[129.4475595,35.7230035],[129.4475138,35.7229997],[129.4474677,35.722995],[129.4472539,35.722975],[129.4472043,35.7229696],[129.4471543,35.722965],[129.4469143,35.7229429],[129.4468661,35.722938],[129.4467422,35.7229257],[129.4466973,35.722921],[129.4466314,35.7229144],[129.4465414,35.7228942],[129.4464979,35.7228826],[129.4463769,35.7228501],[129.4462715,35.7228222],[129.4462284,35.7228101],[129.4461275,35.7227795],[129.44606,35.7227587],[129.4459784,35.7227326],[129.4459189,35.7227102],[129.4458392,35.7226792],[129.4457417,35.7226339],[129.4456869,35.7226059],[129.4455344,35.7225308],[129.445379,35.722451],[129.4452813,35.7224011],[129.4452578,35.7224317],[129.4453555,35.7224815],[129.4455112,35.7225615],[129.4456638,35.7226366],[129.445719,35.7226648],[129.4458187,35.7227111],[129.4459001,35.7227429],[129.445961,35.7227658],[129.4460441,35.7227924],[129.446112,35.7228133],[129.4462135,35.722844],[129.4462575,35.7228564],[129.4463631,35.7228844],[129.4464841,35.7229168],[129.4465286,35.7229288],[129.4466228,35.7229499],[129.4466918,35.7229568],[129.4467368,35.7229615],[129.4468607,35.7229737],[129.4469091,35.7229786],[129.4471494,35.7230008],[129.4471988,35.7230054],[129.4472484,35.7230108],[129.4474624,35.7230308],[129.4475088,35.7230355],[129.4475545,35.7230393],[129.4476885,35.7230532],[129.4477311,35.7230579],[129.4478284,35.7230685],[129.4478936,35.7230722],[129.447957,35.7230713],[129.4480406,35.7230692],[129.4481424,35.7230653],[129.4482805,35.7230622],[129.4483018,35.7230611],[129.4483152,35.72306],[129.4484162,35.7230504],[129.4485171,35.7230382],[129.4486088,35.7230279],[129.4486921,35.7230221],[129.4487124,35.7230209],[129.4487188,35.7230209],[129.4487766,35.7230231],[129.4488572,35.7230345],[129.448928,35.723049],[129.4489538,35.7230541],[129.4490387,35.7230774],[129.4491188,35.723107],[129.4491931,35.7231355],[129.4492577,35.7231653],[129.4493124,35.7231942],[129.4493526,35.7232204],[129.4493934,35.7232544],[129.4494281,35.7232865],[129.4494604,35.7233229],[129.4494938,35.7233695],[129.4495276,35.7234168],[129.4495784,35.7234908],[129.4495893,35.7235028],[129.4496285,35.7235386],[129.4496808,35.7235801],[129.4497479,35.7236312],[129.4498243,35.7236883],[129.449907,35.7237518],[129.4499839,35.7238106],[129.45,35.7238227],[129.4500641,35.7238685],[129.4501257,35.723908],[129.4501826,35.7239388],[129.4502396,35.7239631],[129.4503404,35.7240121],[129.45041,35.7240499],[129.4504616,35.7240796],[129.4505091,35.7241055],[129.4506483,35.7241909],[129.4507537,35.7242557],[129.4507963,35.7242831],[129.4508766,35.7243368],[129.450935,35.7243759],[129.4510152,35.7244178],[129.4510785,35.7244483],[129.451183,35.7245013],[129.451262,35.724538],[129.4514278,35.7246189],[129.4514651,35.7246387],[129.4515208,35.7246657],[129.4515646,35.7246863],[129.4516341,35.7247203],[129.4517719,35.7247906],[129.4519051,35.72486],[129.4520356,35.7249265],[129.4521849,35.7250002],[129.4523034,35.7250656],[129.4524606,35.7251504],[129.4526784,35.7252652],[129.4527698,35.7253101],[129.4528958,35.7253774],[129.4530767,35.7254754],[129.4531165,35.7254339]]]]}},{"type":"Feature","properties":{"UFID":"100035906008A00110100000004575232"},"geometry":{"type":"MultiPolygon","coordinates":[[[[129.4505355,35.7263034],[129.4505183,35.7262803],[129.4505067,35.7262864],[129.4503289,35.7263884],[129.45,35.726571],[129.4499783,35.726583],[129.4495845,35.7268005],[129.4492391,35.726993],[129.4488229,35.7272265],[129.448581,35.7273622],[129.4483491,35.7274912],[129.4478977,35.727741],[129.4476165,35.7278934],[129.4474176,35.7280007],[129.4472614,35.7280867],[129.4472242,35.7281048],[129.4472147,35.7281059],[129.4472114,35.7281059],[129.4472034,35.7281054],[129.4472618,35.728166],[129.4472588,35.7281467],[129.4472605,35.7281264],[129.4472742,35.7281127],[129.4472808,35.7281087],[129.447436,35.7280231],[129.4476348,35.7279159],[129.4479162,35.7277634],[129.4483677,35.7275135],[129.4485997,35.7273845],[129.4488417,35.7272488],[129.4492578,35.7270153],[129.4496031,35.7268228],[129.45,35.7266036],[129.4503478,35.7264106],[129.4505252,35.7263088],[129.4505355,35.7263034]]]]}},{"type":"Feature","properties":{"UFID":"100035906008A00110100000004575233"},"geometry":{"type":"MultiPolygon","coordinates":[[[[129.4510483,35.7269971],[129.4510015,35.7269504],[129.450773,35.727103],[129.4504975,35.7272868],[129.4503628,35.7273768],[129.4502863,35.7274238],[129.4501822,35.7274844],[129.4500848,35.7275304],[129.45,35.7275686],[129.4499401,35.7275957],[129.4498372,35.7276409],[129.4497269,35.7276898],[129.4496392,35.7277253],[129.4495516,35.7277592],[129.4494755,35.7277859],[129.4494081,35.7278082],[129.4493139,35.7278317],[129.4491266,35.7278812],[129.4490206,35.7279106],[129.4489376,35.7279294],[129.4488473,35.7279541],[129.4487237,35.727979],[129.4485702,35.7280058],[129.4485005,35.7280193],[129.4481949,35.7280987],[129.4480979,35.7281289],[129.4480582,35.7281389],[129.4480487,35.7281404],[129.448042,35.7281406],[129.4480368,35.7281396],[129.4479709,35.7281114],[129.4479204,35.7280971],[129.447883,35.7280976],[129.4478684,35.7280989],[129.447861,35.7281006],[129.4475096,35.7282083],[129.4474854,35.728228],[129.447476,35.7282495],[129.4474685,35.7282831],[129.4474646,35.7282971],[129.4474609,35.7283056],[129.4474563,35.7283097],[129.4475366,35.7283184],[129.4475487,35.7282765],[129.4475788,35.7282525],[129.4476737,35.7282212],[129.4478204,35.7281743],[129.4478544,35.7281667],[129.447875,35.7281635],[129.4478859,35.728163],[129.4478974,35.7281632],[129.4479076,35.7281645],[129.447916,35.7281674],[129.4479252,35.728171],[129.4479294,35.728172],[129.4480049,35.7281986],[129.4480364,35.7282009],[129.4480618,35.7281992],[129.4480663,35.7281982],[129.4482166,35.7281582],[129.4485483,35.7280754],[129.4488809,35.728002],[129.449137,35.7279397],[129.4493691,35.7278762],[129.4495175,35.7278357],[129.4496224,35.7277983],[129.4497279,35.7277523],[129.4499278,35.727667],[129.45,35.7276369],[129.4500598,35.7276121],[129.4501958,35.7275459],[129.4503423,35.7274658],[129.4504513,35.7273955],[129.4505936,35.727303],[129.4507456,35.7272024],[129.4509024,35.7270967],[129.4510483,35.7269971]]]]}},{"type":"Feature","properties":{"UFID":"100035906008A00110100000004575234"},"geometry":{"type":"MultiPolygon","coordinates":[[[[129.4479727,35.7285008],[129.4479945,35.7285212],[129.4480333,35.7284981],[129.4480784,35.7284799],[129.4481245,35.7284673],[129.4482843,35.7284395],[129.4486089,35.7283968],[129.4487476,35.7283792],[129.4488922,35.7283499],[129.4489521,35.7283356],[129.4489991,35.728324],[129.4492289,35.7282725],[129.4492906,35.7282597],[129.4494513,35.728221],[129.4495039,35.7282053],[129.4496712,35.7281466],[129.4497862,35.7281056],[129.449808,35.7280986],[129.4498154,35.7280984],[129.4498388,35.7281002],[129.4499516,35.7281399],[129.4499804,35.7281532],[129.45,35.7281679],[129.4500105,35.7281758],[129.4500459,35.7282214],[129.4500477,35.7282291],[129.4500477,35.7282366],[129.4500356,35.7282703],[129.4500246,35.7282944],[129.4500143,35.7283253],[129.4500066,35.7283594],[129.4500038,35.7283854],[129.4500029,35.7283994],[129.4500032,35.7284159],[129.4500046,35.7284539],[129.450016,35.7284833],[129.4500306,35.7285064],[129.4500347,35.7285125],[129.4501446,35.7286059],[129.4501766,35.7286375],[129.4502145,35.7287117],[129.4502437,35.7287646],[129.4503308,35.7288995],[129.4503601,35.7288869],[129.4502735,35.7287528],[129.450245,35.7287009],[129.4502053,35.7286233],[129.4501693,35.7285879],[129.4500617,35.7284963],[129.4500599,35.7284937],[129.4500468,35.7284729],[129.4500375,35.7284493],[129.4500363,35.7284153],[129.450036,35.7284],[129.4500369,35.7283873],[129.4500395,35.728363],[129.4500466,35.7283313],[129.4500561,35.7283027],[129.4500671,35.7282789],[129.4500809,35.7282404],[129.4500808,35.7282265],[129.4500773,35.7282113],[129.4500362,35.7281583],[129.45,35.7281312],[129.4499663,35.7281157],[129.4498471,35.7280737],[129.4498165,35.7280714],[129.4498013,35.7280717],[129.4497735,35.7280807],[129.449658,35.7281218],[129.4494917,35.7281802],[129.4494409,35.7281953],[129.4492818,35.7282336],[129.4492204,35.7282463],[129.44899,35.728298],[129.4489426,35.7283096],[129.4488835,35.7283238],[129.448741,35.7283526],[129.4486037,35.7283701],[129.4482782,35.7284129],[129.4481158,35.7284411],[129.4480657,35.7284549],[129.4480161,35.7284749],[129.4479727,35.7285008]]]]}},{"type":"Feature","properties":{"UFID":"100035906018A00110100000004575752"},"geometry":{"type":"MultiPolygon","coordinates":[[[[129.4419483,35.7249279],[129.4419254,35.7249079],[129.4419005,35.7249259],[129.4419223,35.724945],[129.4419483,35.7249279]]]]}},{"type":"Feature","properties":{"UFID":"100035906008A00110100000004575753"},"geometry":{"type":"MultiPolygon","coordinates":[[[[129.4384439,35.7364979],[129.4383586,35.7364738],[129.4383213,35.7365708],[129.4383055,35.7366309],[129.4382921,35.7367052],[129.438291,35.7367188],[129.4382906,35.736738],[129.4382972,35.7368129],[129.4383237,35.7370059],[129.4383344,35.7371155],[129.4383375,35.7371666],[129.4383362,35.7372025],[129.438326,35.7372717],[129.4383102,35.7373441],[129.4382919,35.7374227],[129.438262,35.7375023],[129.4382156,35.7376174],[129.4381559,35.7377663],[129.4381096,35.7378938],[129.4380683,35.7380212],[129.4380506,35.7380763],[129.4380459,35.7380835],[129.4381322,35.7381016],[129.4381355,35.7380879],[129.4381779,35.7379507],[129.438221,35.7378264],[129.4382742,35.7376876],[129.4383285,35.7375542],[129.4383658,35.7374593],[129.4383937,35.7373529],[129.4384133,35.7372479],[129.4384165,35.7372139],[129.4384171,35.7371956],[129.4384134,35.7371068],[129.4383976,35.7369422],[129.438387,35.7368206],[129.4383852,35.7367509],[129.4383845,35.7367256],[129.4383842,35.7367068],[129.438385,35.7366844],[129.4383926,35.7366432],[129.4384137,35.7365678],[129.4384439,35.7364979]]]]}},{"type":"Feature","properties":{"UFID":"100035906018A00110100000004575754"},"geometry":{"type":"MultiPolygon","coordinates":[[[[129.4414992,35.7191713],[129.4415219,35.7191223],[129.4415144,35.7191222],[129.4414356,35.7191123],[129.4413403,35.7190862],[129.4412905,35.7190749],[129.4411838,35.7190543],[129.4410959,35.7190373],[129.4410734,35.7190344],[129.4410301,35.7190303],[129.4409924,35.7190305],[129.4409552,35.7190334],[129.4408867,35.7190457],[129.4408535,35.7190508],[129.440769,35.7190689],[129.4407074,35.7190889],[129.4406417,35.7191217],[129.4405791,35.7191508],[129.4404494,35.7191893],[129.4403282,35.719221],[129.4402159,35.7192403],[129.4400907,35.7192537],[129.4399526,35.7192611],[129.4397945,35.719274],[129.4397177,35.7192781],[129.4395481,35.7192918],[129.4394892,35.7192966],[129.4393179,35.7193178],[129.4392551,35.719327],[129.439079,35.7193533],[129.4389723,35.719382],[129.4388964,35.7194056],[129.4388166,35.7194322],[129.438691,35.7194851],[129.4385337,35.7195522],[129.4384063,35.7195977],[129.4383046,35.719635],[129.4382621,35.7196475],[129.4381795,35.7196633],[129.4380752,35.7196713],[129.4380208,35.7196734],[129.4379833,35.7196729],[129.4379533,35.7196692],[129.437928,35.7196979],[129.4379801,35.7196999],[129.4380213,35.7197004],[129.4380775,35.7196983],[129.4381849,35.71969],[129.4382715,35.7196735],[129.438317,35.7196601],[129.4384198,35.7196224],[129.438548,35.7195766],[129.4387063,35.7195091],[129.4388305,35.7194567],[129.4389085,35.7194308],[129.4389834,35.7194075],[129.4390872,35.7193796],[129.439261,35.7193536],[129.4393233,35.7193445],[129.4394933,35.7193234],[129.4395513,35.7193188],[129.4397204,35.7193051],[129.4397973,35.719301],[129.4399553,35.719288],[129.4400939,35.7192806],[129.4402215,35.719267],[129.4403367,35.7192472],[129.4404601,35.7192149],[129.440593,35.7191754],[129.4406586,35.719145],[129.4407223,35.7191132],[129.4407793,35.7190947],[129.4408608,35.7190772],[129.4408933,35.7190722],[129.4409604,35.7190602],[129.4409941,35.7190575],[129.4410283,35.7190574],[129.4410689,35.7190611],[129.4410894,35.7190639],[129.4411761,35.7190806],[129.4412822,35.7191011],[129.4413305,35.7191121],[129.4414238,35.7191431],[129.4414992,35.7191713]]]]}},{"type":"Feature","properties":{"UFID":"100035906008A00110100000004575755"},"geometry":{"type":"MultiPolygon","coordinates":[[[[129.4447721,35.7268604],[129.4447547,35.726864],[129.4446974,35.7268159],[129.4446437,35.7267744],[129.4445964,35.7267117],[129.4445339,35.7265711],[129.4443663,35.7262356],[129.4443387,35.7262552],[129.4444725,35.7265169],[129.4445707,35.7267436],[129.4446198,35.7267939],[129.4446935,35.7268501],[129.4447566,35.7268868],[129.4448039,35.7269078],[129.4447721,35.7268604]]]]}},{"type":"Feature","properties":{"UFID":"100035906008A00110100000004575756"},"geometry":{"type":"MultiPolygon","coordinates":[[[[129.444664,35.7286724],[129.4445655,35.7286757],[129.4445975,35.7286972],[129.4446726,35.7286965],[129.444664,35.7286724]]]]}},{"type":"Feature","properties":{"UFID":"100035906008A00110100000004575757"},"geometry":{"type":"MultiPolygon","coordinates":[[[[129.4460582,35.7287618],[129.4460358,35.7287311],[129.4460134,35.7287378],[129.445975,35.7287427],[129.4457953,35.7287458],[129.4448283,35.7286817],[129.4446723,35.7286756],[129.444664,35.7286724],[129.4446726,35.7286965],[129.444737,35.7286959],[129.4448229,35.7287034],[129.4454752,35.7287483],[129.4458819,35.728771],[129.4459652,35.7287685],[129.4460582,35.7287618]]]]}},{"type":"Feature","properties":{"UFID":"100035906008A00110100000004575758"},"geometry":{"type":"MultiPolygon","coordinates":[[[[129.444664,35.7286724],[129.4446552,35.7286662],[129.4446453,35.7286556],[129.4446397,35.728641],[129.4446381,35.7286315],[129.4446398,35.7286242],[129.4447431,35.7284664],[129.4448008,35.7283648],[129.4448035,35.7283592],[129.4448038,35.7283532],[129.4447967,35.7283343],[129.4447558,35.7282871],[129.4447005,35.7282303],[129.4445694,35.7281459],[129.4444409,35.7280637],[129.4444399,35.7280578],[129.4444406,35.7280511],[129.444445,35.7280456],[129.4444673,35.7280356],[129.4446724,35.7279542],[129.444951,35.7278376],[129.4449324,35.7278154],[129.4446811,35.7279213],[129.4444885,35.7279962],[129.4444693,35.7280006],[129.4444435,35.7279995],[129.444409,35.7279971],[129.4443858,35.7279986],[129.444372,35.7280023],[129.4443613,35.7280093],[129.4443544,35.7280175],[129.4443517,35.7280267],[129.4443538,35.7280371],[129.4445155,35.7281418],[129.444687,35.7282552],[129.4447317,35.7283109],[129.444738,35.7283275],[129.4447398,35.7283516],[129.4447388,35.7283714],[129.4447362,35.7283932],[129.4447199,35.7284479],[129.4446381,35.7285793],[129.4445862,35.7286463],[129.4445818,35.7286547],[129.4445781,35.7286616],[129.4445655,35.7286757],[129.444664,35.7286724]]]]}},{"type":"Feature","properties":{"UFID":"100035906008A00110100000004575759"},"geometry":{"type":"MultiPolygon","coordinates":[[[[129.4445975,35.7286972],[129.4445655,35.7286757],[129.4445457,35.7286789],[129.4445299,35.7286849],[129.4444989,35.728697],[129.4444678,35.7287055],[129.4444322,35.7287099],[129.4444062,35.7287098],[129.4443323,35.7286984],[129.444279,35.7286804],[129.4442728,35.7287101],[129.4443961,35.7287351],[129.4444274,35.7287347],[129.4444602,35.7287323],[129.4444861,35.7287285],[129.4445427,35.7287097],[129.4445975,35.7286972]]]]}},{"type":"Feature","properties":{"UFID":"100035906008A00110100000004575760"},"geometry":{"type":"MultiPolygon","coordinates":[[[[129.4461321,35.7287446],[129.4461209,35.728715],[129.4460358,35.7287311],[129.4460582,35.7287618],[129.4461321,35.7287446]]]]}},{"type":"Feature","properties":{"UFID":"100035906008A00110100000004575761"},"geometry":{"type":"MultiPolygon","coordinates":[[[[129.4461209,35.728715],[129.4460899,35.7287041],[129.4460331,35.728649],[129.4459536,35.7285613],[129.4458135,35.7284144],[129.445672,35.728253],[129.445459,35.7280337],[129.4454528,35.7280154],[129.4454526,35.7280041],[129.445458,35.7279887],[129.4454332,35.727982],[129.4454238,35.7279986],[129.4454222,35.7280101],[129.4454239,35.728019],[129.445425,35.7280258],[129.4454335,35.7280434],[129.4454861,35.728095],[129.4456265,35.7282456],[129.4457803,35.7284175],[129.445899,35.7285471],[129.4459837,35.7286347],[129.4460465,35.7286946],[129.4460514,35.7287051],[129.4460514,35.7287104],[129.4460491,35.7287182],[129.4460438,35.7287255],[129.4460358,35.7287311],[129.4461209,35.728715]]]]}},{"type":"Feature","properties":{"UFID":"100035906008A00110100000004575762"},"geometry":{"type":"MultiPolygon","coordinates":[[[[129.4473559,35.7283923],[129.4473247,35.7283552],[129.44727,35.7283855],[129.447272,35.728408],[129.4472091,35.7284332],[129.446923,35.7285118],[129.4461667,35.728714],[129.446153,35.7287164],[129.4461209,35.728715],[129.4461321,35.7287446],[129.4461818,35.7287329],[129.4462991,35.7287011],[129.4464274,35.7286649],[129.4466152,35.7286151],[129.4468375,35.7285529],[129.4470466,35.7284989],[129.4471762,35.7284622],[129.447268,35.7284385],[129.4473559,35.7283923]]]]}},{"type":"Feature","properties":{"UFID":"100035906008A00110100000004575763"},"geometry":{"type":"MultiPolygon","coordinates":[[[[129.4316778,35.7304295],[129.4315816,35.7303526],[129.4315809,35.7303586],[129.4315617,35.7303886],[129.4315139,35.7304472],[129.4314685,35.7305357],[129.4313695,35.7305319],[129.4313702,35.7305538],[129.4313804,35.7305532],[129.4314972,35.7305812],[129.4315528,35.7304695],[129.4315957,35.7304264],[129.4316045,35.7304205],[129.4316116,35.7304192],[129.4316301,35.7304195],[129.4316778,35.7304295]]]]}},{"type":"Feature","properties":{"UFID":"100035906008A00110100000004575764"},"geometry":{"type":"MultiPolygon","coordinates":[[[[129.4313702,35.7305538],[129.4313695,35.7305319],[129.4313505,35.7305284],[129.4313415,35.7305586],[129.4313702,35.7305538]]]]}},{"type":"Feature","properties":{"UFID":"100035906008A00110100000004575765"},"geometry":{"type":"MultiPolygon","coordinates":[[[[129.4312849,35.7302221],[129.4312489,35.730189],[129.4312291,35.7302018],[129.4311097,35.7303703],[129.4310799,35.7304154],[129.4311064,35.7304261],[129.4311092,35.7304206],[129.4312625,35.7302212],[129.4312849,35.7302221]]]]}},{"type":"Feature","properties":{"UFID":"100035906008A00110100000004575766"},"geometry":{"type":"MultiPolygon","coordinates":[[[[129.4313329,35.7302088],[129.4312849,35.7302221],[129.4313525,35.7302517],[129.4313699,35.7302333],[129.4313329,35.7302088]]]]}},{"type":"Feature","properties":{"UFID":"100035906008A00110100000004575767"},"geometry":{"type":"MultiPolygon","coordinates":[[[[129.4313748,35.7301882],[129.4313483,35.7301671],[129.4312878,35.7301804],[129.4313329,35.7302088],[129.4313429,35.7302037],[129.4313663,35.730189],[129.4313748,35.7301882]]]]}},{"type":"Feature","properties":{"UFID":"100035906008A00110100000004575768"},"geometry":{"type":"MultiPolygon","coordinates":[[[[129.4313329,35.7302088],[129.4312878,35.7301804],[129.4312489,35.730189],[129.4312849,35.7302221],[129.4313329,35.7302088]]]]}},{"type":"Feature","properties":{"UFID":"100035906008A00110100000004575769"},"geometry":{"type":"MultiPolygon","coordinates":[[[[129.4311064,35.7304261],[129.4310799,35.7304154],[129.4310485,35.730463],[129.4310846,35.7304762],[129.4311064,35.7304261]]]]}},{"type":"Feature","properties":{"UFID":"100035906008A00110100000004575770"},"geometry":{"type":"MultiPolygon","coordinates":[[[[129.4310846,35.7304762],[129.4310485,35.730463],[129.4309371,35.7305679],[129.4310178,35.7305924],[129.4310846,35.7304762]]]]}},{"type":"Feature","properties":{"UFID":"100035906008A00110100000004575771"},"geometry":{"type":"MultiPolygon","coordinates":[[[[129.4313505,35.7305284],[129.4312654,35.7305132],[129.4311812,35.7304902],[129.4311153,35.7304479],[129.4311084,35.7304349],[129.4311064,35.7304261],[129.4310846,35.7304762],[129.4310883,35.7304772],[129.4311403,35.7305017],[129.4313415,35.7305586],[129.4313505,35.7305284]]]]}},{"type":"Feature","properties":{"UFID":"100035906008A00110100000004575772"},"geometry":{"type":"MultiPolygon","coordinates":[[[[129.4313702,35.7305538],[129.4313415,35.7305586],[129.4313079,35.7306433],[129.4313358,35.7306457],[129.4313702,35.7305538]]]]}},{"type":"Feature","properties":{"UFID":"100035906008A00110100000004575773"},"geometry":{"type":"MultiPolygon","coordinates":[[[[129.4389173,35.7387337],[129.4389439,35.7387532],[129.4389508,35.7386867],[129.4389807,35.7386192],[129.4390778,35.7384667],[129.4390912,35.7384299],[129.4390705,35.7384023],[129.4390544,35.7384241],[129.4390648,35.7384284],[129.4390463,35.7384704],[129.4389411,35.7386324],[129.4389233,35.7386823],[129.4389173,35.7387337]]]]}},{"type":"Feature","properties":{"UFID":"100035906008A00110100000004575774"},"geometry":{"type":"MultiPolygon","coordinates":[[[[129.4377379,35.7403504],[129.4377427,35.7403232],[129.4376639,35.7403279],[129.437659,35.7403551],[129.4377379,35.7403504]]]]}},{"type":"Feature","properties":{"UFID":"100035906008A00110100000004575775"},"geometry":{"type":"MultiPolygon","coordinates":[[[[129.4377427,35.7403232],[129.4377379,35.7403504],[129.437955,35.7403373],[129.4379494,35.7403111],[129.4377427,35.7403232]]]]}},{"type":"Feature","properties":{"UFID":"100035906008A00110100000004575776"},"geometry":{"type":"MultiPolygon","coordinates":[[[[129.4377427,35.7403232],[129.4377645,35.7401964],[129.4377875,35.7400603],[129.4378113,35.7399282],[129.4378396,35.7397978],[129.4377542,35.7398151],[129.4377418,35.7398978],[129.4377094,35.7400597],[129.437683,35.7402217],[129.4376639,35.7403279],[129.4377427,35.7403232]]]]}},{"type":"Feature","properties":{"UFID":"100035906008A00110100000004575777"},"geometry":{"type":"MultiPolygon","coordinates":[[[[129.4377379,35.7403504],[129.437659,35.7403551],[129.4376445,35.7404376],[129.4376292,35.7405287],[129.4376269,35.7405396],[129.437626,35.7405411],[129.4375921,35.740566],[129.4376961,35.7405792],[129.4377049,35.7405229],[129.4377379,35.7403504]]]]}},{"type":"Feature","properties":{"UFID":"100035906018A00110100000004575778"},"geometry":{"type":"MultiPolygon","coordinates":[[[[129.4419254,35.7249079],[129.4417654,35.7247649],[129.4415343,35.7245903],[129.4414775,35.7245496],[129.4413262,35.7244402],[129.4412368,35.7243883],[129.4410993,35.7243323],[129.4410016,35.7242778],[129.4409911,35.7242709],[129.4408182,35.7240939],[129.4407139,35.7239809],[129.4406777,35.7239137],[129.4406362,35.7238655],[129.4406174,35.7238523],[129.4404115,35.7237845],[129.4403573,35.7237634],[129.4402341,35.7236688],[129.4401627,35.7236099],[129.4401289,35.7235863],[129.4400841,35.7235696],[129.440032,35.7235587],[129.4399069,35.7235517],[129.4398817,35.7235492],[129.4398557,35.723546],[129.4398391,35.7235416],[129.4397615,35.7235066],[129.439641,35.7234505],[129.4396772,35.7235092],[129.4397982,35.7235619],[129.4398156,35.7235663],[129.4398337,35.7235694],[129.4398536,35.723573],[129.4399741,35.7235849],[129.4400456,35.7235918],[129.4400862,35.723602],[129.4401221,35.7236209],[129.4401914,35.7236717],[129.440335,35.7237835],[129.4403803,35.7238059],[129.4404234,35.7238166],[129.4406012,35.7238701],[129.4406176,35.7238855],[129.4406623,35.7239544],[129.4406758,35.723994],[129.4406833,35.724006],[129.4406963,35.7240234],[129.4409156,35.7242513],[129.4409899,35.7243225],[129.4410167,35.7243365],[129.4412008,35.7244021],[129.4413055,35.7244614],[129.4414556,35.7245699],[129.4415121,35.7246104],[129.4417419,35.7247839],[129.4419005,35.7249259],[129.4419254,35.7249079]]]]}},{"type":"Feature","properties":{"UFID":"100035906007A00110100000004575779"},"geometry":{"type":"MultiPolygon","coordinates":[[[[129.4098035,35.7379731],[129.4098028,35.7379475],[129.4098029,35.7379311],[129.4097991,35.7378356],[129.4097996,35.737817],[129.4098162,35.7377303],[129.4098181,35.7377222],[129.4098374,35.7376496],[129.4098382,35.7376365],[129.409838,35.7376271],[129.4098369,35.73762],[129.4098181,35.7375818],[129.4097734,35.7375496],[129.4097087,35.7375099],[129.4096666,35.7374744],[129.4096628,35.7374701],[129.4096246,35.7374016],[129.4096212,35.7373904],[129.4096036,35.7373287],[129.4096013,35.7373085],[129.4096034,35.7371691],[129.409611,35.7371221],[129.4096297,35.7370502],[129.4096328,35.7370373],[129.4096337,35.737031],[129.4096355,35.7370205],[129.4096369,35.7370032],[129.4096366,35.736996],[129.4096212,35.7369259],[129.40961,35.7369027],[129.4095562,35.7368514],[129.4095327,35.736871],[129.4095809,35.7369163],[129.4095891,35.7369333],[129.4096035,35.7369989],[129.4096037,35.7370027],[129.4096024,35.7370178],[129.4096008,35.7370276],[129.4096,35.7370331],[129.4095972,35.7370448],[129.4095783,35.7371175],[129.4095702,35.7371671],[129.4095681,35.7373095],[129.4095707,35.737333],[129.4095889,35.7373967],[129.4095932,35.7374105],[129.4096339,35.7374835],[129.4096409,35.7374917],[129.4096867,35.7375303],[129.4097524,35.7375706],[129.4097903,35.7375978],[129.4098045,35.7376268],[129.4098049,35.7376291],[129.4098051,35.7376361],[129.4098044,35.7376461],[129.4097857,35.7377167],[129.4097835,35.7377256],[129.4097665,35.7378146],[129.4097659,35.7378357],[129.4097698,35.7379315],[129.4097697,35.737947],[129.4097692,35.737959],[129.4097594,35.737975],[129.4098035,35.7379731]]]]}},{"type":"Feature","properties":{"UFID":"100035906007A00110100000004575780"},"geometry":{"type":"MultiPolygon","coordinates":[[[[129.414534,35.7307777],[129.4145239,35.7307449],[129.4144917,35.7307481],[129.4144634,35.7307521],[129.4144824,35.7307931],[129.414534,35.7307777]]]]}},{"type":"Feature","properties":{"UFID":"100035906007A00110100000004575781"},"geometry":{"type":"MultiPolygon","coordinates":[[[[129.415303,35.7294896],[129.4152817,35.7295103],[129.4153363,35.7295487],[129.4153977,35.7295861],[129.4154125,35.7295968],[129.4154737,35.729651],[129.4155043,35.7296808],[129.4155087,35.7296906],[129.4155089,35.7297068],[129.4154951,35.7297798],[129.4154917,35.7298023],[129.4154861,35.7298625],[129.4154869,35.7298859],[129.415495,35.7299416],[129.4154987,35.7299711],[129.4155006,35.7299838],[129.4154938,35.730016],[129.4154407,35.7301238],[129.4154231,35.7301577],[129.4153744,35.7302508],[129.4153295,35.7303366],[129.4152769,35.7304152],[129.4152536,35.7304477],[129.4152019,35.7305194],[129.4151482,35.730595],[129.4151166,35.7306553],[129.4150958,35.7306925],[129.4150888,35.7306982],[129.4150803,35.7307009],[129.4150666,35.7307035],[129.4150484,35.7307045],[129.4149796,35.7307045],[129.4149594,35.7307039],[129.4148991,35.7307023],[129.4148685,35.7307007],[129.4148175,35.7307015],[129.4147328,35.7307106],[129.4146314,35.7307286],[129.4145438,35.7307429],[129.4145239,35.7307449],[129.414534,35.7307777],[129.4145407,35.7307716],[129.4145513,35.7307693],[129.4146381,35.7307551],[129.4147386,35.7307373],[129.41482,35.7307285],[129.4148673,35.7307278],[129.414898,35.7307293],[129.4149583,35.730731],[129.414979,35.7307315],[129.4150495,35.7307315],[129.4150694,35.7307304],[129.4150989,35.730728],[129.4151119,35.7307225],[129.4151301,35.7307103],[129.4151366,35.7307012],[129.4151489,35.7306625],[129.4151779,35.7306071],[129.4152305,35.730533],[129.4152822,35.7304614],[129.4153058,35.7304285],[129.4153594,35.7303484],[129.4154049,35.7302614],[129.4154536,35.7301683],[129.4154714,35.7301342],[129.4155259,35.7300234],[129.4155341,35.7299845],[129.4155317,35.7299681],[129.4155279,35.7299386],[129.41552,35.7298839],[129.4155192,35.7298632],[129.4155247,35.729805],[129.4155279,35.7297835],[129.415542,35.7297087],[129.4155418,35.7296856],[129.4155334,35.7296671],[129.4154986,35.7296332],[129.4154358,35.7295775],[129.4154186,35.7295651],[129.415357,35.7295276],[129.415303,35.7294896]]]]}},{"type":"Feature","properties":{"UFID":"100035906007A00110100000004575782"},"geometry":{"type":"MultiPolygon","coordinates":[[[[129.414534,35.7307777],[129.4144824,35.7307931],[129.4144907,35.730794],[129.4144988,35.7307971],[129.4145319,35.7308278],[129.4145818,35.7308769],[129.4146073,35.7308596],[129.4145571,35.7308102],[129.4145347,35.7307895],[129.4145328,35.7307821],[129.414534,35.7307777]]]]}},{"type":"Feature","properties":{"UFID":"100035906007A00110100000004575783"},"geometry":{"type":"MultiPolygon","coordinates":[[[[129.4098082,35.7380315],[129.4098043,35.7379995],[129.4098035,35.7379731],[129.4097594,35.737975],[129.4097721,35.7380364],[129.4098082,35.7380315]]]]}},{"type":"Feature","properties":{"UFID":"100035906007A00110100000004575784"},"geometry":{"type":"MultiPolygon","coordinates":[[[[129.4152601,35.7294598],[129.4152445,35.7294491],[129.4151607,35.7293961],[129.4150965,35.7293605],[129.4150929,35.7293568],[129.4150726,35.72938],[129.4151412,35.729418],[129.4152237,35.7294701],[129.4152388,35.7294805],[129.4152601,35.7294598]]]]}},{"type":"Feature","properties":{"UFID":"100035906007A00110100000004575785"},"geometry":{"type":"MultiPolygon","coordinates":[[[[129.4150929,35.7293568],[129.4150488,35.7293355],[129.4150314,35.7293585],[129.4150543,35.7293698],[129.4150726,35.72938],[129.4150929,35.7293568]]]]}},{"type":"Feature","properties":{"UFID":"100035906007A00110100000004575786"},"geometry":{"type":"MultiPolygon","coordinates":[[[[129.415303,35.7294896],[129.4152601,35.7294598],[129.4152388,35.7294805],[129.4152628,35.729497],[129.4152817,35.7295103],[129.415303,35.7294896]]]]}},{"type":"Feature","properties":{"UFID":"100035906007A00110100000004575787"},"geometry":{"type":"MultiPolygon","coordinates":[[[[129.4152601,35.7294598],[129.415303,35.7294896],[129.415301,35.729484],[129.4153022,35.7294769],[129.4153737,35.7293818],[129.4153845,35.7293698],[129.4153905,35.7293691],[129.4153922,35.7293689],[129.4153982,35.7293688],[129.4153982,35.7293418],[129.4153889,35.7293418],[129.4153849,35.7293425],[129.4153661,35.7293446],[129.4153462,35.7293667],[129.4152783,35.729457],[129.4152715,35.7294597],[129.4152656,35.7294607],[129.4152601,35.7294598]]]]}},{"type":"Feature","properties":{"UFID":"100035906007A00110100000004575788"},"geometry":{"type":"MultiPolygon","coordinates":[[[[129.4097721,35.7380364],[129.4097594,35.737975],[129.4097523,35.7379835],[129.4097325,35.7379934],[129.409653,35.7380113],[129.409453,35.7380566],[129.4094296,35.7380619],[129.4094251,35.7380603],[129.4094109,35.7379782],[129.4093785,35.7379842],[129.4093937,35.7380733],[129.4094073,35.7380899],[129.4094349,35.7380888],[129.4094619,35.7380826],[129.4096618,35.7380373],[129.4097215,35.7380239],[129.4097342,35.7380246],[129.4097577,35.7380282],[129.4097721,35.7380364]]]]}},{"type":"Feature","properties":{"UFID":"100035906007A00110100000004575789"},"geometry":{"type":"MultiPolygon","coordinates":[[[[129.4066317,35.7419],[129.4066157,35.7418997],[129.4065986,35.7418965],[129.406574,35.7418871],[129.4065283,35.7418526],[129.4065218,35.7418411],[129.4065145,35.7418203],[129.4065104,35.7417971],[129.4065073,35.7417718],[129.4065074,35.7417446],[129.4065109,35.7417199],[129.4065179,35.7416926],[129.4065318,35.7416643],[129.4065609,35.741632],[129.4066873,35.7414928],[129.4067157,35.7414731],[129.4068372,35.7414053],[129.4070213,35.7413231],[129.4071488,35.7412889],[129.4071794,35.7412849],[129.4072038,35.7412848],[129.4072263,35.7412855],[129.4072518,35.7412899],[129.4072748,35.7412951],[129.4072998,35.7413032],[129.4073216,35.7413129],[129.4074017,35.7413759],[129.4074268,35.7414256],[129.4074565,35.7414565],[129.407473,35.7414432],[129.4074396,35.7414133],[129.4074105,35.7413687],[129.4074005,35.7413566],[129.4073696,35.7413253],[129.4073163,35.7412928],[129.4072454,35.7412684],[129.4072131,35.7412666],[129.4071772,35.7412657],[129.4071371,35.7412654],[129.4070995,35.7412657],[129.4070639,35.7412682],[129.4069634,35.7413107],[129.4067824,35.7413936],[129.4067438,35.7414168],[129.4066294,35.7414948],[129.4066076,35.7415157],[129.4065772,35.7415468],[129.4064933,35.7416292],[129.4064797,35.741649],[129.4064655,35.7416777],[129.4064611,35.7417154],[129.4064656,35.7417569],[129.4064725,35.7417911],[129.4064981,35.7418593],[129.4065083,35.7418738],[129.4065249,35.7418895],[129.4066036,35.7419283],[129.4066062,35.7419312],[129.4066071,35.7419398],[129.4066317,35.7419]]]]}},{"type":"Feature","properties":{"UFID":"100035906007A00110100000004575790"},"geometry":{"type":"MultiPolygon","coordinates":[[[[129.4066847,35.7419214],[129.4066317,35.7419],[129.4066071,35.7419398],[129.4066473,35.7419561],[129.4066847,35.7419214]]]]}},{"type":"Feature","properties":{"UFID":"100035906007A00110100000004575791"},"geometry":{"type":"MultiPolygon","coordinates":[[[[129.4098082,35.7380315],[129.4097721,35.7380364],[129.409777,35.7380465],[129.4097875,35.7380707],[129.4098055,35.738112],[129.409819,35.7381332],[129.4098829,35.738246],[129.4098995,35.7383096],[129.4099014,35.7383147],[129.4099018,35.7383663],[129.4099024,35.7383857],[129.409914,35.7384404],[129.4099216,35.7384556],[129.409929,35.7384664],[129.4099593,35.7385021],[129.4099648,35.7385068],[129.4100148,35.7385446],[129.4101145,35.7386068],[129.4101715,35.7386557],[129.4102103,35.7387082],[129.4102436,35.7387816],[129.4102465,35.7387905],[129.4102604,35.7388636],[129.4102651,35.7389225],[129.4102626,35.738959],[129.410256,35.7390032],[129.4102523,35.7390201],[129.4102496,35.7390303],[129.410222,35.7391086],[129.4102192,35.7391168],[129.4101824,35.7391872],[129.4101777,35.7391972],[129.4101337,35.7392821],[129.410127,35.7392931],[129.4100832,35.7393681],[129.4100562,35.7394071],[129.4100366,35.7394333],[129.4099859,35.739489],[129.4099163,35.7395638],[129.4098526,35.7396343],[129.4097839,35.7397152],[129.4097246,35.73979],[129.40966,35.7398631],[129.4096467,35.7399164],[129.4096439,35.7399231],[129.4096408,35.7399301],[129.4096335,35.7399823],[129.4096398,35.7400299],[129.4096495,35.7400698],[129.4096642,35.7401165],[129.4096667,35.7401528],[129.4096587,35.740194],[129.4096569,35.740204],[129.4096562,35.7402063],[129.4096387,35.7402413],[129.4096212,35.7402684],[129.4095766,35.7403181],[129.4095177,35.7403744],[129.4094629,35.7404234],[129.4094351,35.740444],[129.4094009,35.7404699],[129.4093192,35.7405226],[129.4092558,35.7405557],[129.4091375,35.7406143],[129.4090675,35.7406479],[129.4090144,35.7406876],[129.4089707,35.7407297],[129.408937,35.740762],[129.4088727,35.7408358],[129.4088362,35.740902],[129.4088225,35.7409397],[129.4088064,35.7409819],[129.4087921,35.7410386],[129.4087939,35.7410962],[129.4087693,35.7411721],[129.4087396,35.741262],[129.4087037,35.7413535],[129.4087014,35.7413569],[129.408675,35.7413826],[129.4086717,35.7413847],[129.4086042,35.7414189],[129.4086009,35.7414202],[129.4085346,35.7414402],[129.4084751,35.7414515],[129.4084224,35.741459],[129.4083302,35.7414694],[129.4083219,35.7414701],[129.4082611,35.741474],[129.4082508,35.7414741],[129.4081611,35.7414734],[129.4080962,35.7414717],[129.4080483,35.7414837],[129.40795,35.741505],[129.4078637,35.7415142],[129.4078093,35.7415166],[129.4077818,35.7415153],[129.4077628,35.7415135],[129.4077122,35.7415054],[129.4076181,35.7414877],[129.407607,35.7414881],[129.4075773,35.7414935],[129.4075726,35.7414938],[129.4075649,35.7414942],[129.4075566,35.7414954],[129.4074809,35.7415146],[129.4074753,35.7415164],[129.4073923,35.7415403],[129.4072579,35.7415794],[129.4071568,35.7416108],[129.4070479,35.741653],[129.4069593,35.7416869],[129.4068759,35.7417281],[129.4068059,35.7417797],[129.4067594,35.7418225],[129.4066884,35.7418769],[129.4066698,35.7418845],[129.4066317,35.7419],[129.4066847,35.7419214],[129.4067132,35.741895],[129.4067832,35.7418414],[129.4068295,35.7417988],[129.4068958,35.7417499],[129.406975,35.7417107],[129.4070621,35.7416775],[129.4071698,35.7416357],[129.4072694,35.7416048],[129.4074034,35.7415658],[129.4074871,35.7415417],[129.4074921,35.7415401],[129.4075644,35.7415217],[129.4075689,35.7415211],[129.407575,35.7415207],[129.4075821,35.7415203],[129.4076114,35.741515],[129.407615,35.7415149],[129.4077053,35.7415318],[129.4077576,35.7415402],[129.4077789,35.7415423],[129.4078093,35.7415436],[129.4078668,35.7415412],[129.4079564,35.7415315],[129.4080574,35.7415097],[129.4081006,35.7414988],[129.4081604,35.7415005],[129.408251,35.7415012],[129.4082627,35.741501],[129.408325,35.741497],[129.4083342,35.7414962],[129.4084275,35.7414857],[129.4084818,35.741478],[129.4085441,35.7414661],[129.4086139,35.7414451],[129.4086203,35.7414426],[129.4086909,35.7414068],[129.4086983,35.741402],[129.4087289,35.7413722],[129.4087343,35.7413642],[129.4087714,35.7412697],[129.4088013,35.741179],[129.4088272,35.7410994],[129.4088253,35.741041],[129.4088385,35.7409886],[129.4088542,35.7409476],[129.4088673,35.7409115],[129.4089016,35.7408493],[129.4089632,35.7407786],[129.4089959,35.7407472],[129.4090384,35.7407064],[129.4090874,35.7406698],[129.4091545,35.7406375],[129.4092733,35.7405786],[129.4093385,35.7405446],[129.4094225,35.7404904],[129.4094575,35.7404639],[129.4094863,35.7404426],[129.4095425,35.7403923],[129.4096027,35.7403349],[129.4096494,35.7402827],[129.4096688,35.7402528],[129.4096879,35.7402146],[129.4096895,35.7402092],[129.4096915,35.7401981],[129.4097,35.7401542],[129.4096972,35.7401123],[129.4096818,35.7400638],[129.4096726,35.7400258],[129.4096668,35.7399824],[129.4096733,35.7399363],[129.4096751,35.7399321],[129.4096788,35.7399235],[129.4096911,35.7398741],[129.4097519,35.7398053],[129.4098114,35.7397303],[129.4098796,35.73965],[129.4099429,35.73958],[129.4100125,35.7395052],[129.4100641,35.7394484],[129.4100848,35.7394208],[129.4101127,35.7393806],[129.4101569,35.7393049],[129.4101638,35.7392933],[129.4102085,35.7392072],[129.4102132,35.7391973],[129.4102506,35.7391258],[129.4102539,35.739116],[129.4102818,35.7390368],[129.4102848,35.7390253],[129.4102888,35.7390073],[129.4102956,35.7389614],[129.4102983,35.7389224],[129.4102934,35.7388606],[129.410279,35.7387851],[129.4102753,35.7387735],[129.4102404,35.7386964],[129.410198,35.7386392],[129.4101367,35.7385867],[129.4100362,35.7385239],[129.4099881,35.7384875],[129.4099851,35.738485],[129.4099572,35.7384521],[129.4099516,35.7384439],[129.4099461,35.7384329],[129.4099355,35.7383831],[129.409935,35.7383659],[129.4099345,35.7383106],[129.4099317,35.7383029],[129.4099146,35.7382374],[129.4098488,35.7381214],[129.409836,35.7381012],[129.4098187,35.7380617],[129.4098091,35.7380394],[129.4098082,35.7380315]]]]}},{"type":"Feature","properties":{"UFID":"100035906007A00110100000004575792"},"geometry":{"type":"MultiPolygon","coordinates":[[[[129.4161338,35.7255189],[129.4160917,35.7255455],[129.4161327,35.7255477],[129.4163344,35.7255783],[129.4165404,35.7256291],[129.4167227,35.7256748],[129.4168098,35.7257085],[129.4168204,35.7256882],[129.4167045,35.7256493],[129.4164556,35.7255834],[129.4162853,35.7255472],[129.4161557,35.7255307],[129.4161437,35.7255258],[129.4161338,35.7255189]]]]}},{"type":"Feature","properties":{"UFID":"100035906007A00110100000004575793"},"geometry":{"type":"MultiPolygon","coordinates":[[[[129.4161338,35.7255189],[129.416131,35.7255169],[129.4160704,35.7254739],[129.4160385,35.7254954],[129.4160917,35.7255455],[129.4161338,35.7255189]]]]}},{"type":"Feature","properties":{"UFID":"100035906007A00110100000004575794"},"geometry":{"type":"MultiPolygon","coordinates":[[[[129.4150443,35.7279589],[129.4150425,35.7279586],[129.415046,35.7279401],[129.415058,35.7278597],[129.4150724,35.727755],[129.4150817,35.7276643],[129.4150962,35.7275803],[129.4150975,35.727575],[129.4151004,35.7275618],[129.4151189,35.7275096],[129.415133,35.7274789],[129.4151626,35.7274096],[129.4151655,35.7274032],[129.415196,35.7273363],[129.4152151,35.727298],[129.415257,35.7272189],[129.4152966,35.7271566],[129.4153191,35.7271339],[129.4153203,35.7271332],[129.4153661,35.7271069],[129.4154029,35.727092],[129.4154152,35.727089],[129.4154638,35.7270846],[129.4154793,35.7270869],[129.4154839,35.7270894],[129.4154864,35.7270933],[129.4154935,35.7270471],[129.4154844,35.7270519],[129.4154075,35.7270627],[129.4153908,35.7270667],[129.4153491,35.7270836],[129.4153011,35.7271112],[129.4152961,35.7271141],[129.4152687,35.7271417],[129.415227,35.7272073],[129.4151845,35.7272876],[129.4151651,35.7273265],[129.4151344,35.7273938],[129.4151314,35.7274005],[129.4151018,35.7274697],[129.4150874,35.7275011],[129.4150681,35.7275556],[129.4150649,35.72757],[129.4150635,35.7275759],[129.4150488,35.7276612],[129.4150394,35.7277523],[129.415025,35.7278566],[129.4150163,35.7279152],[129.4150112,35.7279373],[129.4150042,35.7279578],[129.414983,35.727997],[129.4150443,35.7279589]]]]}},{"type":"Feature","properties":{"UFID":"100035906007A00110100000004575795"},"geometry":{"type":"MultiPolygon","coordinates":[[[[129.4148733,35.7283477],[129.4148716,35.7282871],[129.4147481,35.7283195],[129.4147916,35.728342],[129.4148276,35.7283728],[129.4148733,35.7283477]]]]}},{"type":"Feature","properties":{"UFID":"100035906007A00110100000004575796"},"geometry":{"type":"MultiPolygon","coordinates":[[[[129.415049,35.7280645],[129.414983,35.727997],[129.4149514,35.7280507],[129.4149329,35.7280975],[129.4149216,35.7281468],[129.4149035,35.7282083],[129.4148943,35.7282469],[129.4148904,35.7282607],[129.4148716,35.7282871],[129.4148733,35.7283477],[129.4149189,35.7283025],[129.4149535,35.7282683],[129.4150063,35.7282155],[129.4150101,35.7282077],[129.415013,35.7281988],[129.4150198,35.728157],[129.4150348,35.728103],[129.4150483,35.7280656],[129.415049,35.7280645]]]]}},{"type":"Feature","properties":{"UFID":"100035906007A00110100000004575797"},"geometry":{"type":"MultiPolygon","coordinates":[[[[129.4150911,35.7279942],[129.4150443,35.7279589],[129.414983,35.727997],[129.415049,35.7280645],[129.4150769,35.7280182],[129.4150911,35.7279942]]]]}},{"type":"Feature","properties":{"UFID":"100035906007A00110100000004575798"},"geometry":{"type":"MultiPolygon","coordinates":[[[[129.4154935,35.7270471],[129.4155737,35.7270507],[129.4155864,35.7269684],[129.4156072,35.7268468],[129.4156151,35.7268044],[129.4155767,35.7267885],[129.4155688,35.7268066],[129.4155529,35.7268503],[129.4155358,35.7268998],[129.4155155,35.7269722],[129.4155005,35.7270364],[129.4154972,35.7270431],[129.4154935,35.7270471]]]]}},{"type":"Feature","properties":{"UFID":"100035906007A00110100000004575799"},"geometry":{"type":"MultiPolygon","coordinates":[[[[129.4155737,35.7270507],[129.4154935,35.7270471],[129.4154864,35.7270933],[129.415566,35.7270999],[129.4155737,35.7270507]]]]}},{"type":"Feature","properties":{"UFID":"100035906007A00110100000004575800"},"geometry":{"type":"MultiPolygon","coordinates":[[[[129.415566,35.7270999],[129.4154864,35.7270933],[129.4154867,35.727097],[129.4154717,35.7271455],[129.4154296,35.7272411],[129.4153834,35.7273447],[129.4153645,35.7273908],[129.4153278,35.7274674],[129.4152712,35.7275725],[129.4152276,35.7276564],[129.4151904,35.7277212],[129.4151479,35.727789],[129.4150906,35.7278845],[129.4150478,35.7279558],[129.4150443,35.7279589],[129.4150911,35.7279942],[129.4151249,35.727937],[129.4152061,35.7278126],[129.4152842,35.7276858],[129.4153338,35.7276087],[129.4153633,35.7275602],[129.4154085,35.7274673],[129.4154811,35.7272945],[129.4155603,35.7271371],[129.415566,35.7270999]]]]}},{"type":"Feature","properties":{"UFID":"100035906007A00110100000004575801"},"geometry":{"type":"MultiPolygon","coordinates":[[[[129.4148716,35.7282871],[129.4147219,35.7282786],[129.4146864,35.7282735],[129.4146034,35.7282705],[129.4144963,35.7282811],[129.4144239,35.7282864],[129.4144176,35.7282862],[129.4143956,35.7282826],[129.4143898,35.7282813],[129.4143823,35.7282784],[129.4143386,35.7282427],[129.4142825,35.7281859],[129.4142212,35.728124],[129.4141939,35.7280982],[129.4141445,35.7281373],[129.4141639,35.7281377],[129.4141873,35.7281471],[129.4142481,35.7282085],[129.4143056,35.7282668],[129.4143565,35.7283083],[129.4143742,35.7283151],[129.414385,35.7283177],[129.4144124,35.7283222],[129.4144251,35.7283225],[129.4145009,35.728317],[129.4146051,35.7283066],[129.4146815,35.7283094],[129.4147452,35.7283187],[129.4147481,35.7283195],[129.4148716,35.7282871]]]]}},{"type":"Feature","properties":{"UFID":"100035906007A00110100000004575802"},"geometry":{"type":"MultiPolygon","coordinates":[[[[129.4150488,35.7293355],[129.4150457,35.7293339],[129.4149697,35.7293014],[129.4149645,35.7292969],[129.4149585,35.7292913],[129.4149537,35.7292827],[129.4149517,35.7292716],[129.4149553,35.7292533],[129.4149845,35.729168],[129.41501,35.7290906],[129.4150346,35.7290024],[129.4150599,35.7288957],[129.4150607,35.7288894],[129.4150607,35.7288842],[129.4150607,35.7288736],[129.415059,35.7288555],[129.4150587,35.7288505],[129.4150529,35.7288239],[129.4150376,35.7287875],[129.415034,35.7287821],[129.4150042,35.7287373],[129.4149775,35.7286926],[129.4149663,35.7286296],[129.4149698,35.7285674],[129.4149755,35.7285047],[129.4149736,35.7284826],[129.4149658,35.7284702],[129.4149548,35.728456],[129.4148984,35.7283935],[129.4148763,35.7283695],[129.4148678,35.7283586],[129.4148682,35.7283555],[129.4148733,35.7283477],[129.4148276,35.7283728],[129.4148451,35.7283878],[129.4148729,35.7284109],[129.4149274,35.7284712],[129.414937,35.7284836],[129.414941,35.72849],[129.4149423,35.7285046],[129.4149367,35.7285658],[129.414933,35.7286309],[129.4149455,35.7287007],[129.4149747,35.7287497],[129.4150049,35.7287949],[129.4150071,35.7287983],[129.4150207,35.7288307],[129.4150257,35.7288535],[129.4150259,35.7288572],[129.4150276,35.7288747],[129.4150276,35.7288841],[129.4150275,35.7288878],[129.415027,35.7288917],[129.4150021,35.7289969],[129.4149778,35.7290841],[129.4149526,35.7291609],[129.4149228,35.7292475],[129.4149152,35.7292869],[129.4149146,35.7292936],[129.4149191,35.7293051],[129.4149269,35.7293136],[129.4150293,35.7293575],[129.4150314,35.7293585],[129.4150488,35.7293355]]]]}},{"type":"Feature","properties":{"UFID":"100035906007A00110100000004575803"},"geometry":{"type":"MultiPolygon","coordinates":[[[[129.4150488,35.7293355],[129.4150929,35.7293568],[129.4150917,35.729352],[129.4150933,35.7293457],[129.4151467,35.7292933],[129.4152208,35.7292186],[129.4152657,35.7291663],[129.4152796,35.7291488],[129.4152935,35.7291383],[129.4153545,35.7290888],[129.4153963,35.7290655],[129.4154043,35.7290619],[129.4154061,35.7290613],[129.4155187,35.7290391],[129.4155514,35.7290363],[129.4155478,35.7290094],[129.415513,35.7290124],[129.4153953,35.7290356],[129.4153896,35.7290377],[129.4153789,35.7290424],[129.4153333,35.7290678],[129.4152706,35.7291188],[129.415254,35.7291312],[129.4152381,35.7291511],[129.4151943,35.7292023],[129.415121,35.7292761],[129.4150636,35.7293326],[129.4150574,35.7293348],[129.4150488,35.7293355]]]]}},{"type":"Feature","properties":{"UFID":"100035906007A00110100000004575804"},"geometry":{"type":"MultiPolygon","coordinates":[[[[129.4141939,35.7280982],[129.4141598,35.728066],[129.4141248,35.7280316],[129.4140767,35.728063],[129.4141445,35.7281373],[129.4141939,35.7280982]]]]}},{"type":"Feature","properties":{"UFID":"100035906008A00110100000004575805"},"geometry":{"type":"MultiPolygon","coordinates":[[[[129.443151,35.7317326],[129.4431386,35.7317208],[129.4430939,35.7316688],[129.4430494,35.7316714],[129.4431016,35.7317354],[129.443151,35.7317326]]]]}},{"type":"Feature","properties":{"UFID":"100035906008A00110100000004575806"},"geometry":{"type":"MultiPolygon","coordinates":[[[[129.4430939,35.7316688],[129.4430373,35.7316029],[129.4428663,35.7314168],[129.4428031,35.7313523],[129.4427856,35.7313294],[129.4427801,35.7313214],[129.4427805,35.7313199],[129.4427306,35.7313537],[129.4427467,35.7313497],[129.4427488,35.7313497],[129.4427498,35.7313503],[129.4427925,35.7313848],[129.4428401,35.7314334],[129.4430104,35.7316188],[129.4430471,35.7316615],[129.4430474,35.7316623],[129.4430493,35.731667],[129.4430494,35.7316714],[129.4430939,35.7316688]]]]}},{"type":"Feature","properties":{"UFID":"100035906008A00110100000004575807"},"geometry":{"type":"MultiPolygon","coordinates":[[[[129.4431016,35.7317354],[129.4430494,35.7316714],[129.4430456,35.7316737],[129.4428532,35.7316766],[129.4427961,35.7316946],[129.442808,35.7317235],[129.4428058,35.7317273],[129.4427692,35.7317652],[129.4427666,35.7317715],[129.4427582,35.7317966],[129.4427587,35.7318206],[129.4428037,35.7318144],[129.4427985,35.7317984],[129.4427973,35.7317933],[129.4427967,35.7317888],[129.442797,35.7317839],[129.4428749,35.7317196],[129.442885,35.7317176],[129.4430356,35.7317221],[129.4430534,35.7317234],[129.4431016,35.7317354]]]]}},{"type":"Feature","properties":{"UFID":"100035906008A00110100000004575808"},"geometry":{"type":"MultiPolygon","coordinates":[[[[129.4375921,35.740566],[129.437571,35.7405717],[129.4375649,35.7405723],[129.4375517,35.7405725],[129.4374999,35.7405689],[129.4374351,35.7405652],[129.4374333,35.7405652],[129.4374275,35.7405651],[129.4373044,35.7405651],[129.4372145,35.740571],[129.4371787,35.7405749],[129.4371294,35.7405762],[129.4370181,35.7405724],[129.4369451,35.7405712],[129.4368932,35.7405746],[129.4368154,35.7405811],[129.4366589,35.7405987],[129.4365623,35.7406072],[129.4365485,35.7406074],[129.4364835,35.7405944],[129.4364576,35.7405891],[129.4364348,35.7405833],[129.4364252,35.7405787],[129.4364101,35.7406028],[129.4364212,35.7406082],[129.4364486,35.7406152],[129.4364756,35.7406207],[129.4365449,35.7406346],[129.4365645,35.7406342],[129.436663,35.7406256],[129.4368194,35.7406079],[129.4368962,35.7406016],[129.4369461,35.7405983],[129.437017,35.7405994],[129.4371293,35.7406032],[129.4371814,35.7406019],[129.4372181,35.7405979],[129.4373057,35.7405921],[129.437427,35.7405921],[129.4374317,35.7405922],[129.4374627,35.7405938],[129.4374825,35.7405961],[129.4374957,35.7406011],[129.4375013,35.7406076],[129.4375079,35.7406166],[129.4375093,35.7406243],[129.43751,35.7406311],[129.4375111,35.7406436],[129.4375125,35.740655],[129.4375921,35.740566]]]]}},{"type":"Feature","properties":{"UFID":"100035906008A00110100000004575809"},"geometry":{"type":"MultiPolygon","coordinates":[[[[129.4397747,35.7388665],[129.4397432,35.7388757],[129.439744,35.7388771],[129.4397886,35.7389433],[129.4398239,35.738981],[129.4398787,35.7390161],[129.439949,35.739053],[129.4400412,35.739082],[129.4401473,35.7391178],[129.4402541,35.7391548],[129.4402671,35.7391299],[129.4401601,35.7390929],[129.4400535,35.7390569],[129.4399641,35.7390287],[129.4398979,35.738994],[129.4398477,35.7389619],[129.4398165,35.7389285],[129.4397747,35.7388665]]]]}},{"type":"Feature","properties":{"UFID":"100035906008A00110100000004575810"},"geometry":{"type":"MultiPolygon","coordinates":[[[[129.4302345,35.7413434],[129.4301955,35.7413394],[129.4301679,35.7413347],[129.4300913,35.74132],[129.4300627,35.7413123],[129.4300142,35.7412951],[129.4299868,35.7412804],[129.4299426,35.7412491],[129.429905,35.7412079],[129.429889,35.7411878],[129.4298539,35.7411341],[129.4298197,35.7410859],[129.4297791,35.7410375],[129.4297356,35.7410029],[129.4296905,35.7409771],[129.4296713,35.7409991],[129.4297144,35.7410238],[129.4297536,35.741055],[129.4297916,35.7411003],[129.4298249,35.7411472],[129.4298604,35.7412016],[129.4298778,35.7412234],[129.4299182,35.7412676],[129.4299667,35.741302],[129.4299984,35.7413189],[129.4300508,35.7413375],[129.4300823,35.7413461],[129.4301607,35.7413611],[129.4301773,35.7413639],[129.4302305,35.7413808],[129.4302345,35.7413434]]]]}},{"type":"Feature","properties":{"UFID":"100035906008A00110100000004575811"},"geometry":{"type":"MultiPolygon","coordinates":[[[[129.4307811,35.7415127],[129.4306948,35.7415049],[129.4306875,35.7415042],[129.430682,35.7415033],[129.4305972,35.7414755],[129.4305038,35.7414229],[129.4304749,35.7414067],[129.4304022,35.7413719],[129.4303353,35.7413537],[129.4303166,35.7413518],[129.4303099,35.741386],[129.4303191,35.7413848],[129.4303261,35.7413846],[129.4303465,35.7413852],[129.4303884,35.7413966],[129.4304571,35.7414295],[129.430485,35.7414452],[129.4305814,35.7414994],[129.4306726,35.7415294],[129.4306823,35.7415309],[129.4306909,35.7415318],[129.4307793,35.7415398],[129.4307811,35.7415127]]]]}},{"type":"Feature","properties":{"UFID":"100035906008A00110100000004575812"},"geometry":{"type":"MultiPolygon","coordinates":[[[[129.4303166,35.7413518],[129.4302695,35.741347],[129.4302345,35.7413434],[129.4302305,35.7413808],[129.4303099,35.741386],[129.4303166,35.7413518]]]]}},{"type":"Feature","properties":{"UFID":"100035906008A00110100000004575813"},"geometry":{"type":"MultiPolygon","coordinates":[[[[129.4303099,35.741386],[129.4302305,35.7413808],[129.4302358,35.7413835],[129.4302393,35.7413873],[129.4302404,35.7413924],[129.4302365,35.7414074],[129.4302251,35.7414628],[129.4302199,35.7414947],[129.430201,35.7415956],[129.4301876,35.7416745],[129.4302205,35.7416782],[129.4302339,35.7415995],[129.4302527,35.7414985],[129.4302579,35.7414669],[129.4302691,35.7414125],[129.4302705,35.7414068],[129.4302752,35.7414026],[129.4303099,35.741386]]]]}},{"type":"Feature","properties":{"UFID":"100035906008A00110100000004575814"},"geometry":{"type":"MultiPolygon","coordinates":[[[[129.4381043,35.7363673],[129.4381995,35.7364016],[129.4381709,35.736385],[129.4381478,35.7363632],[129.4381278,35.7363298],[129.4380947,35.7362669],[129.4380634,35.7362064],[129.438033,35.7361701],[129.4379931,35.7361325],[129.4379707,35.7361168],[129.43796,35.736112],[129.4379221,35.7361219],[129.437961,35.7361506],[129.4380129,35.7362029],[129.4380519,35.7362491],[129.438079,35.7362923],[129.4381103,35.7363598],[129.4381095,35.7363638],[129.438106,35.7363668],[129.4381043,35.7363673]]]]}},{"type":"Feature","properties":{"UFID":"100035906008A00110100000004575815"},"geometry":{"type":"MultiPolygon","coordinates":[[[[129.4381043,35.7363673],[129.4380927,35.7363631],[129.4380793,35.7363878],[129.438091,35.736392],[129.4381043,35.7363673]]]]}},{"type":"Feature","properties":{"UFID":"100035906008A00110100000004575816"},"geometry":{"type":"MultiPolygon","coordinates":[[[[129.4381995,35.7364016],[129.4381043,35.7363673],[129.438091,35.736392],[129.438189,35.7364274],[129.4381995,35.7364016]]]]}},{"type":"Feature","properties":{"UFID":"100035906008A00110100000004575817"},"geometry":{"type":"MultiPolygon","coordinates":[[[[129.4313483,35.7301671],[129.4313726,35.7301487],[129.4312552,35.7300554],[129.431137,35.7299631],[129.4311002,35.729936],[129.4310819,35.7299233],[129.4310372,35.7298907],[129.4310139,35.7298742],[129.4310074,35.7298728],[129.4309894,35.7298732],[129.4309569,35.7298756],[129.4309479,35.7298772],[129.4309234,35.7298905],[129.430853,35.7299592],[129.4307628,35.7300325],[129.4306506,35.7301299],[129.4306223,35.73017],[129.4306186,35.7301891],[129.4306168,35.7302328],[129.4306167,35.730257],[129.4306157,35.7303174],[129.4306488,35.7303192],[129.4306498,35.7302572],[129.43065,35.7302333],[129.4306517,35.7301917],[129.4306541,35.7301792],[129.4306774,35.7301462],[129.4307866,35.7300513],[129.4308471,35.7300021],[129.4309112,35.7299622],[129.4309704,35.7299346],[129.4309928,35.7299281],[129.4310043,35.7299264],[129.4310146,35.7299259],[129.4310197,35.7299261],[129.4310291,35.7299273],[129.431062,35.729945],[129.4310783,35.7299564],[129.4311145,35.7299829],[129.4312322,35.7300748],[129.4313483,35.7301671]]]]}},{"type":"Feature","properties":{"UFID":"100035906008A00110100000004575818"},"geometry":{"type":"MultiPolygon","coordinates":[[[[129.4316049,35.7303334],[129.431587,35.730319],[129.431558,35.7302948],[129.4315265,35.7302696],[129.4314003,35.7301707],[129.4313748,35.7301882],[129.4315034,35.7302889],[129.4315345,35.7303139],[129.4315636,35.730338],[129.4315816,35.7303526],[129.4316049,35.7303334]]]]}},{"type":"Feature","properties":{"UFID":"100035906008A00110100000004575819"},"geometry":{"type":"MultiPolygon","coordinates":[[[[129.4383744,35.7364398],[129.4383692,35.7364416],[129.4383664,35.7364417],[129.438336,35.736436],[129.4383168,35.7364317],[129.4382288,35.7364122],[129.4381995,35.7364016],[129.438189,35.7364274],[129.4382177,35.7364378],[129.4383029,35.7364566],[129.4383543,35.7364694],[129.4383575,35.7364711],[129.4383586,35.7364738],[129.4383744,35.7364398]]]]}},{"type":"Feature","properties":{"UFID":"100035906008A00110100000004575820"},"geometry":{"type":"MultiPolygon","coordinates":[[[[129.4320396,35.7306741],[129.4319911,35.7306677],[129.4319204,35.7305978],[129.4318526,35.7305291],[129.4317508,35.7304482],[129.4317018,35.7304108],[129.4316778,35.7304295],[129.4317279,35.7304678],[129.431828,35.7305473],[129.4318946,35.7306148],[129.4319682,35.7306894],[129.4319725,35.7306934],[129.4320141,35.7307351],[129.4320396,35.7306741]]]]}},{"type":"Feature","properties":{"UFID":"100035906008A00110100000004575821"},"geometry":{"type":"MultiPolygon","coordinates":[[[[129.4427306,35.7313537],[129.4426733,35.7312913],[129.442571,35.7313553],[129.442476,35.7314246],[129.4424189,35.7314706],[129.442367,35.7315193],[129.442334,35.7315583],[129.4422864,35.7316201],[129.4422327,35.7317028],[129.4421581,35.7318215],[129.4420798,35.7319304],[129.4420728,35.7319366],[129.442145,35.7319747],[129.4421681,35.7319442],[129.4422329,35.7318605],[129.4423576,35.7316637],[129.4424198,35.7315857],[129.4424926,35.731512],[129.4426029,35.7314312],[129.4427306,35.7313537]]]]}},{"type":"Feature","properties":{"UFID":"100035906008A00110100000004575822"},"geometry":{"type":"MultiPolygon","coordinates":[[[[129.4390003,35.735412],[129.4389177,35.7353305],[129.4388835,35.7353658],[129.4388558,35.735411],[129.4388247,35.7354872],[129.4387442,35.7357062],[129.4387029,35.7358099],[129.4386968,35.7358205],[129.4386909,35.735829],[129.4387591,35.7358527],[129.4388007,35.7357551],[129.4388334,35.7356618],[129.4388931,35.735515],[129.4389344,35.735461],[129.4389644,35.7354344],[129.43897,35.7354306],[129.4390003,35.735412]]]]}},{"type":"Feature","properties":{"UFID":"100035906008A00110100000004575823"},"geometry":{"type":"MultiPolygon","coordinates":[[[[129.4367454,35.7340145],[129.4368161,35.7340713],[129.4368101,35.7340522],[129.4368096,35.7340474],[129.4368105,35.7340406],[129.4368116,35.7340363],[129.4368132,35.7340338],[129.4368742,35.7339615],[129.4369781,35.7338374],[129.4370739,35.7337268],[129.4372388,35.7335331],[129.4372977,35.7334631],[129.4372673,35.7334542],[129.4370459,35.7337131],[129.4369047,35.7338754],[129.4367979,35.7339981],[129.4367887,35.7340078],[129.4367842,35.7340113],[129.4367825,35.7340123],[129.43678,35.7340131],[129.436775,35.7340129],[129.4367454,35.7340145]]]]}},{"type":"Feature","properties":{"UFID":"100035906008A00110100000004575824"},"geometry":{"type":"MultiPolygon","coordinates":[[[[129.4420243,35.7321103],[129.4419373,35.7320649],[129.4419384,35.7320841],[129.441937,35.7320879],[129.4418847,35.732147],[129.4418197,35.7322247],[129.4417731,35.7322807],[129.4417265,35.7323425],[129.4416833,35.7324064],[129.4416224,35.7325017],[129.4415498,35.732624],[129.4414688,35.7327641],[129.4414197,35.7328462],[129.4413618,35.7329422],[129.4413024,35.7330372],[129.4412446,35.733129],[129.4411899,35.7332136],[129.4411334,35.7332961],[129.4410749,35.7333797],[129.4410107,35.733466],[129.4409266,35.7335773],[129.4408635,35.7336584],[129.4408052,35.7337306],[129.4407518,35.733796],[129.440703,35.7338585],[129.4406601,35.7339259],[129.4406228,35.7339816],[129.4405873,35.7340372],[129.4405525,35.734097],[129.4405157,35.7341597],[129.4404848,35.7342191],[129.4404369,35.7343146],[129.440405,35.7343749],[129.4403669,35.7344374],[129.4403352,35.7344826],[129.4403035,35.7345239],[129.4402699,35.7345634],[129.4402326,35.7345978],[129.4401814,35.7346446],[129.4400924,35.7347201],[129.4399678,35.7348212],[129.4398662,35.7349002],[129.4397873,35.7349593],[129.4397109,35.7350117],[129.439627,35.7350534],[129.4395728,35.7350813],[129.4394961,35.7351187],[129.4392886,35.735212],[129.4392834,35.7352881],[129.4393798,35.7352652],[129.4394485,35.7352369],[129.4395781,35.7351617],[129.4396696,35.7351088],[129.4397737,35.7350443],[129.4399099,35.7349541],[129.4400587,35.7348289],[129.440266,35.734653],[129.4403393,35.7345872],[129.4404302,35.7344707],[129.4404531,35.7344258],[129.4404828,35.7343745],[129.4405123,35.7343103],[129.4405494,35.7342259],[129.4405952,35.7341414],[129.4406529,35.734044],[129.4407285,35.7339392],[129.4407882,35.7338549],[129.440876,35.733741],[129.4409586,35.7336454],[129.4410539,35.7335148],[129.4411402,35.7334024],[129.4412055,35.7333149],[129.4412634,35.7332307],[129.4413197,35.733143],[129.4413843,35.7330376],[129.4414336,35.7329551],[129.4414901,35.7328555],[129.4415817,35.7327014],[129.4416835,35.7325337],[129.4417601,35.7324072],[129.4418275,35.7323151],[129.4419283,35.7322046],[129.4420141,35.7321211],[129.4420243,35.7321103]]]]}},{"type":"Feature","properties":{"UFID":"100035906008A00110100000004575825"},"geometry":{"type":"MultiPolygon","coordinates":[[[[129.4420728,35.7319366],[129.4420634,35.7319374],[129.4420583,35.7319371],[129.4420535,35.7319365],[129.4420494,35.7319356],[129.4420464,35.7319341],[129.4420424,35.7319315],[129.4420343,35.7319268],[129.442028,35.7319214],[129.442023,35.7319143],[129.4420163,35.7319013],[129.4420083,35.7318419],[129.4419591,35.7318411],[129.4419649,35.7318848],[129.4419731,35.731945],[129.4419725,35.7319562],[129.4419709,35.7319631],[129.4419648,35.7319793],[129.4420728,35.7319366]]]]}},{"type":"Feature","properties":{"UFID":"100035906008A00110100000004575826"},"geometry":{"type":"MultiPolygon","coordinates":[[[[129.4417031,35.731899],[129.4416034,35.7318914],[129.4416099,35.7319295],[129.4416652,35.7319391],[129.4417031,35.731899]]]]}},{"type":"Feature","properties":{"UFID":"100035906008A00110100000004575827"},"geometry":{"type":"MultiPolygon","coordinates":[[[[129.4419595,35.7319837],[129.4419396,35.7319796],[129.4419183,35.7320212],[129.4419373,35.7320649],[129.4419595,35.7319837]]]]}},{"type":"Feature","properties":{"UFID":"100035906008A00110100000004575828"},"geometry":{"type":"MultiPolygon","coordinates":[[[[129.4368161,35.7340713],[129.4367454,35.7340145],[129.4367242,35.7340353],[129.436754,35.7340578],[129.4367882,35.7340862],[129.4367909,35.7340889],[129.4368161,35.7340713]]]]}},{"type":"Feature","properties":{"UFID":"100035906008A00110100000004575829"},"geometry":{"type":"MultiPolygon","coordinates":[[[[129.4367242,35.7340353],[129.4367454,35.7340145],[129.4367162,35.733997],[129.4366924,35.7339853],[129.4366636,35.7339717],[129.436561,35.7339262],[129.4364384,35.7338751],[129.4363214,35.7338233],[129.4362547,35.7337992],[129.4362124,35.7337887],[129.4362058,35.7337881],[129.4361998,35.7337877],[129.436184,35.7337867],[129.4361611,35.7337867],[129.4361236,35.7337889],[129.4360476,35.7338136],[129.4359784,35.7338532],[129.4359144,35.7338877],[129.435851,35.7339176],[129.4357909,35.7339449],[129.4357116,35.7339801],[129.4356589,35.7340038],[129.4355948,35.7340406],[129.4355391,35.7340717],[129.4355066,35.7340861],[129.4355296,35.7341146],[129.4355377,35.7341091],[129.4356007,35.7340701],[129.4356137,35.7340628],[129.4356765,35.7340268],[129.4357276,35.7340038],[129.4358069,35.7339686],[129.4358673,35.7339412],[129.4359319,35.7339107],[129.4359971,35.7338755],[129.4360635,35.7338375],[129.4361311,35.7338156],[129.4361623,35.7338138],[129.4361828,35.7338137],[129.4361972,35.7338146],[129.4362026,35.733815],[129.4362056,35.7338153],[129.4362431,35.7338246],[129.4363067,35.7338476],[129.436423,35.7338991],[129.4365455,35.7339501],[129.4366474,35.7339953],[129.4366755,35.7340086],[129.4366978,35.7340195],[129.4367242,35.7340353]]]]}},{"type":"Feature","properties":{"UFID":"100035906008A00110100000004575830"},"geometry":{"type":"MultiPolygon","coordinates":[[[[129.4355296,35.7341146],[129.4355066,35.7340861],[129.4354941,35.7340862],[129.4354847,35.7340862],[129.4354747,35.7340861],[129.4354643,35.734086],[129.4354489,35.7340855],[129.4354412,35.7340848],[129.4354143,35.7341303],[129.4354649,35.7341578],[129.4355296,35.7341146]]]]}},{"type":"Feature","properties":{"UFID":"100035906008A00110100000004575831"},"geometry":{"type":"MultiPolygon","coordinates":[[[[129.4352944,35.733957],[129.4352421,35.7339374],[129.4352044,35.7339904],[129.4352467,35.7340137],[129.4352944,35.733957]]]]}},{"type":"Feature","properties":{"UFID":"100035906008A00110100000004575832"},"geometry":{"type":"MultiPolygon","coordinates":[[[[129.4354412,35.7340848],[129.4354304,35.7340821],[129.4354243,35.7340779],[129.4353618,35.7340339],[129.4353056,35.7339926],[129.4353001,35.7339808],[129.4352956,35.733967],[129.4352944,35.733957],[129.4352467,35.7340137],[129.4352488,35.734013],[129.4352523,35.7340126],[129.4352553,35.7340125],[129.4352578,35.7340136],[129.4352761,35.7340256],[129.4353289,35.7340643],[129.4353805,35.7341007],[129.4353857,35.7341046],[129.4354092,35.7341251],[129.4354143,35.7341303],[129.4354412,35.7340848]]]]}},{"type":"Feature","properties":{"UFID":"100035906008A00110100000004575833"},"geometry":{"type":"MultiPolygon","coordinates":[[[[129.4354649,35.7341578],[129.4354143,35.7341303],[129.4354147,35.7341329],[129.4354136,35.7341346],[129.435412,35.7341355],[129.4354104,35.7341357],[129.4354099,35.7341358],[129.4353776,35.7341667],[129.4353874,35.734173],[129.4353888,35.734174],[129.4354114,35.7341853],[129.4354126,35.7341861],[129.4354147,35.7341859],[129.4354179,35.7341853],[129.4354649,35.7341578]]]]}},{"type":"Feature","properties":{"UFID":"100035906008A00110100000004575834"},"geometry":{"type":"MultiPolygon","coordinates":[[[[129.437105,35.7343775],[129.4370373,35.7343324],[129.4370703,35.7343888],[129.4370724,35.7343932],[129.4370834,35.7344185],[129.4370948,35.7344441],[129.4371319,35.7345201],[129.4371658,35.7345931],[129.4371968,35.7345835],[129.4371628,35.7345104],[129.4371258,35.7344345],[129.4371146,35.7344094],[129.4371017,35.7343795],[129.4371019,35.7343782],[129.4371032,35.7343776],[129.437105,35.7343775]]]]}},{"type":"Feature","properties":{"UFID":"100035906008A00110100000004575835"},"geometry":{"type":"MultiPolygon","coordinates":[[[[129.437067,35.7343097],[129.4370446,35.7342905],[129.4370127,35.7342601],[129.4369441,35.7341964],[129.4368967,35.7341508],[129.4368479,35.7341032],[129.4368161,35.7340713],[129.4367909,35.7340889],[129.4368223,35.7341204],[129.4368713,35.7341683],[129.436919,35.734214],[129.436973,35.7342643],[129.4370373,35.7343324],[129.437067,35.7343097]]]]}},{"type":"Feature","properties":{"UFID":"100035906008A00110100000004575836"},"geometry":{"type":"MultiPolygon","coordinates":[[[[129.437128,35.7343578],[129.437079,35.7343199],[129.437067,35.7343097],[129.4370373,35.7343324],[129.437105,35.7343775],[129.437128,35.7343578]]]]}},{"type":"Feature","properties":{"UFID":"100035906008A00110100000004575837"},"geometry":{"type":"MultiPolygon","coordinates":[[[[129.4390547,35.7353786],[129.4390264,35.7353035],[129.4389177,35.7353305],[129.4390003,35.735412],[129.4390547,35.7353786]]]]}},{"type":"Feature","properties":{"UFID":"100035906008A00110100000004575838"},"geometry":{"type":"MultiPolygon","coordinates":[[[[129.4390264,35.7353035],[129.4390194,35.7353013],[129.4390179,35.7352999],[129.4389599,35.7352434],[129.4389128,35.7352061],[129.4388612,35.7351766],[129.4388308,35.7351642],[129.4387212,35.7351287],[129.4386508,35.7351089],[129.4384732,35.7350545],[129.4383572,35.7350151],[129.4383196,35.7350007],[129.4381874,35.7349484],[129.4380005,35.7348698],[129.437907,35.7348338],[129.4378307,35.7348047],[129.4378064,35.7347936],[129.4377553,35.7347685],[129.4376945,35.734735],[129.4376316,35.7346945],[129.4376045,35.7346774],[129.4375388,35.7346386],[129.4374741,35.7346003],[129.4374085,35.7345601],[129.4373829,35.7345445],[129.4373229,35.7345038],[129.4372583,35.7344595],[129.4372373,35.734444],[129.4371757,35.7343948],[129.4371347,35.734363],[129.437128,35.7343578],[129.437105,35.7343775],[129.4371064,35.734378],[129.4371114,35.7343822],[129.4371526,35.7344143],[129.4372146,35.7344637],[129.4372365,35.7344798],[129.4373016,35.7345246],[129.4373624,35.7345657],[129.4373886,35.7345817],[129.4374544,35.7346221],[129.4375193,35.7346605],[129.4375846,35.7346991],[129.4376112,35.7347159],[129.4376749,35.7347569],[129.4377375,35.7347913],[129.4377897,35.734817],[129.4378156,35.7348288],[129.4378929,35.7348582],[129.4379859,35.7348941],[129.4381725,35.7349726],[129.4383053,35.735025],[129.4383437,35.7350399],[129.438461,35.7350796],[129.4386395,35.7351343],[129.4387097,35.7351541],[129.4388173,35.7351889],[129.4388441,35.7351998],[129.4388916,35.735227],[129.4389257,35.735254],[129.4389346,35.7352661],[129.438937,35.7352708],[129.438938,35.7352733],[129.4389376,35.7352962],[129.4389332,35.7353048],[129.4389177,35.7353305],[129.4390264,35.7353035]]]]}},{"type":"Feature","properties":{"UFID":"100035906008A00110100000004575839"},"geometry":{"type":"MultiPolygon","coordinates":[[[[129.4386336,35.7391736],[129.4385994,35.7391725],[129.4385995,35.739222],[129.4385824,35.7393006],[129.4385662,35.7393512],[129.4385581,35.7393697],[129.4385976,35.7393796],[129.4385979,35.7393592],[129.4386149,35.7393064],[129.4386326,35.7392244],[129.4386326,35.7391862],[129.4386336,35.7391736]]]]}},{"type":"Feature","properties":{"UFID":"100035906008A00110100000004575840"},"geometry":{"type":"MultiPolygon","coordinates":[[[[129.4378138,35.7393249],[129.4378064,35.7393245],[129.4378005,35.739322],[129.437789,35.7393144],[129.437786,35.7393121],[129.4377743,35.7393001],[129.4377476,35.7392651],[129.4377268,35.7392291],[129.437717,35.7391958],[129.4377154,35.7391852],[129.4377144,35.7391617],[129.4377145,35.7391582],[129.4377166,35.7391426],[129.4377319,35.7390954],[129.4377539,35.7390301],[129.4377603,35.7389926],[129.4377614,35.738986],[129.4377628,35.7389798],[129.4377634,35.7389647],[129.4377628,35.738942],[129.4377591,35.7389166],[129.4377479,35.7388766],[129.4377168,35.7388103],[129.4376858,35.73882],[129.437716,35.7388845],[129.4377264,35.7389212],[129.4377297,35.738944],[129.4377302,35.7389645],[129.4377297,35.7389769],[129.4377286,35.7389818],[129.4377274,35.7389889],[129.4377213,35.7390246],[129.4376999,35.7390884],[129.4376839,35.7391377],[129.4376815,35.7391562],[129.4376812,35.7391616],[129.4376823,35.7391874],[129.4376844,35.7392007],[129.4376953,35.7392381],[129.4377185,35.739278],[129.4377471,35.7393157],[129.4377615,35.7393304],[129.4377663,35.7393341],[129.4377874,35.7393536],[129.4377916,35.7393596],[129.4377931,35.7393633],[129.4377943,35.7393717],[129.4378138,35.7393249]]]]}},{"type":"Feature","properties":{"UFID":"100035906008A00110100000004575841"},"geometry":{"type":"MultiPolygon","coordinates":[[[[129.4380459,35.7380835],[129.4380402,35.7380866],[129.438036,35.7380877],[129.4380035,35.7380905],[129.4379277,35.7380729],[129.437799,35.7380318],[129.4377502,35.7380225],[129.4377434,35.7380225],[129.437731,35.7380232],[129.4377043,35.73803],[129.4376672,35.7380457],[129.4376247,35.7380807],[129.4376164,35.7380874],[129.4375663,35.7381059],[129.4375799,35.7381306],[129.4376356,35.73811],[129.4376482,35.7380998],[129.4376871,35.7380677],[129.437717,35.7380551],[129.4377372,35.7380499],[129.4377445,35.7380495],[129.4377463,35.7380495],[129.4377892,35.7380577],[129.4379171,35.7380985],[129.4380204,35.7381225],[129.4380366,35.7381358],[129.4380402,35.7381386],[129.4380412,35.7381403],[129.4380459,35.7380835]]]]}},{"type":"Feature","properties":{"UFID":"100035906008A00110100000004575842"},"geometry":{"type":"MultiPolygon","coordinates":[[[[129.4389023,35.7387647],[129.4388439,35.7387229],[129.4388467,35.7387372],[129.4388454,35.7387512],[129.4387847,35.7388212],[129.4387217,35.7389046],[129.4386686,35.7389748],[129.4386339,35.7390343],[129.4386067,35.7390926],[129.4385892,35.7391153],[129.4386406,35.7391285],[129.4386463,35.7390989],[129.4386644,35.7390449],[129.4386978,35.7389877],[129.4387499,35.7389188],[129.4388124,35.7388361],[129.4388721,35.7387672],[129.4388893,35.7387639],[129.4389023,35.7387647]]]]}},{"type":"Feature","properties":{"UFID":"100035906008A00110100000004575843"},"geometry":{"type":"MultiPolygon","coordinates":[[[[129.4383538,35.7385634],[129.4382857,35.7385535],[129.4382935,35.7385593],[129.4382944,35.738566],[129.4382944,35.7385736],[129.4382698,35.7387069],[129.438306,35.7387134],[129.4383399,35.7385713],[129.4383538,35.7385634]]]]}},{"type":"Feature","properties":{"UFID":"100035906008A00110100000004575844"},"geometry":{"type":"MultiPolygon","coordinates":[[[[129.4386406,35.7391285],[129.4385892,35.7391153],[129.4385994,35.7391725],[129.4386336,35.7391736],[129.4386347,35.7391589],[129.4386406,35.7391285]]]]}},{"type":"Feature","properties":{"UFID":"100035906008A00110100000004575845"},"geometry":{"type":"MultiPolygon","coordinates":[[[[129.4385892,35.7391153],[129.4385864,35.7391182],[129.4385832,35.7391196],[129.4385743,35.7391201],[129.4385475,35.7391194],[129.4384462,35.7390873],[129.4384342,35.7391125],[129.4385451,35.7391476],[129.4385931,35.7391679],[129.4385994,35.7391725],[129.4385892,35.7391153]]]]}},{"type":"Feature","properties":{"UFID":"100035906008A00110100000004575846"},"geometry":{"type":"MultiPolygon","coordinates":[[[[129.4383551,35.7385364],[129.438336,35.7385359],[129.4383034,35.7385298],[129.4382947,35.7385274],[129.4382857,35.7385535],[129.4383538,35.7385634],[129.4383551,35.7385364]]]]}},{"type":"Feature","properties":{"UFID":"100035906008A00110100000004575847"},"geometry":{"type":"MultiPolygon","coordinates":[[[[129.4381196,35.7381549],[129.4380412,35.7381403],[129.4380412,35.738143],[129.4380279,35.7382023],[129.4380089,35.7382833],[129.4380076,35.7382931],[129.4380063,35.7383051],[129.4380067,35.7383425],[129.4379979,35.7384153],[129.4380781,35.7384228],[129.4380766,35.7384178],[129.4380901,35.7383005],[129.4381126,35.7381846],[129.4381196,35.7381549]]]]}},{"type":"Feature","properties":{"UFID":"100035906008A00110100000004575848"},"geometry":{"type":"MultiPolygon","coordinates":[[[[129.4381322,35.7381016],[129.4380459,35.7380835],[129.4380412,35.7381403],[129.4381196,35.7381549],[129.4381322,35.7381016]]]]}},{"type":"Feature","properties":{"UFID":"100035906008A00110100000004575849"},"geometry":{"type":"MultiPolygon","coordinates":[[[[129.4384592,35.7364635],[129.4383744,35.7364398],[129.4383586,35.7364738],[129.4384439,35.7364979],[129.4384488,35.7364865],[129.4384592,35.7364635]]]]}},{"type":"Feature","properties":{"UFID":"100035906008A00110100000004575850"},"geometry":{"type":"MultiPolygon","coordinates":[[[[129.4387591,35.7358527],[129.4386909,35.735829],[129.4386735,35.735854],[129.4387474,35.73588],[129.4387591,35.7358527]]]]}},{"type":"Feature","properties":{"UFID":"100035906008A00110100000004575851"},"geometry":{"type":"MultiPolygon","coordinates":[[[[129.4387474,35.73588],[129.4386735,35.735854],[129.4386083,35.7359481],[129.4385466,35.7360721],[129.4384775,35.7362158],[129.4384115,35.7363596],[129.4383812,35.7364309],[129.4383744,35.7364398],[129.4384592,35.7364635],[129.4385275,35.7363127],[129.4386137,35.7361209],[129.4386881,35.7359821],[129.438744,35.735888],[129.4387474,35.73588]]]]}},{"type":"Feature","properties":{"UFID":"100035906008A00110100000004575852"},"geometry":{"type":"MultiPolygon","coordinates":[[[[129.4331973,35.7419581],[129.4331822,35.741934],[129.4331203,35.741956],[129.4331332,35.7419809],[129.4331753,35.7419668],[129.4331973,35.7419581]]]]}},{"type":"Feature","properties":{"UFID":"100035906008A00110100000004575853"},"geometry":{"type":"MultiPolygon","coordinates":[[[[129.4331822,35.741934],[129.4331723,35.7419304],[129.4331419,35.7418773],[129.4331412,35.7418752],[129.4331019,35.7418926],[129.4331322,35.7419456],[129.4331326,35.7419463],[129.4331203,35.741956],[129.4331822,35.741934]]]]}},{"type":"Feature","properties":{"UFID":"100035906008A00110100000004575854"},"geometry":{"type":"MultiPolygon","coordinates":[[[[129.4331822,35.741934],[129.4331973,35.7419581],[129.4332309,35.7419449],[129.433288,35.7419128],[129.433332,35.7418818],[129.4333704,35.7418397],[129.4334035,35.7418009],[129.4334184,35.7417851],[129.4334717,35.7417409],[129.4335439,35.7416852],[129.4336442,35.741617],[129.4336229,35.7415963],[129.4335219,35.741665],[129.4334484,35.7417216],[129.4333933,35.7417673],[129.4333767,35.741785],[129.4333435,35.7418239],[129.4333076,35.7418633],[129.4332677,35.7418914],[129.4332142,35.7419214],[129.4331822,35.741934]]]]}},{"type":"Feature","properties":{"UFID":"100035906008A00110100000004575855"},"geometry":{"type":"MultiPolygon","coordinates":[[[[129.4331412,35.7418752],[129.4331247,35.7418506],[129.4331062,35.7418593],[129.4330867,35.7418665],[129.4331019,35.7418926],[129.4331412,35.7418752]]]]}},{"type":"Feature","properties":{"UFID":"100035906008A00110100000004575856"},"geometry":{"type":"MultiPolygon","coordinates":[[[[129.4342042,35.7410166],[129.4341868,35.7409934],[129.4341471,35.7410167],[129.4341381,35.7410223],[129.4340262,35.7410892],[129.4340462,35.7411113],[129.4341861,35.7410265],[129.4342042,35.7410166]]]]}},{"type":"Feature","properties":{"UFID":"100035906008A00110100000004575857"},"geometry":{"type":"MultiPolygon","coordinates":[[[[129.434306,35.7409598],[129.4342844,35.7409348],[129.4341868,35.7409934],[129.4342042,35.7410166],[129.4342821,35.740974],[129.4342867,35.7409712],[129.4342895,35.7409699],[129.434306,35.7409598]]]]}},{"type":"Feature","properties":{"UFID":"100035906008A00110100000004575858"},"geometry":{"type":"MultiPolygon","coordinates":[[[[129.4345276,35.74083],[129.4345156,35.7408044],[129.4345026,35.7408102],[129.4344905,35.7408156],[129.4344206,35.7408519],[129.4343969,35.7408669],[129.4343311,35.7409108],[129.4343187,35.7409183],[129.4342844,35.7409348],[129.434306,35.7409598],[129.4343515,35.7409321],[129.4344175,35.740888],[129.4344397,35.7408741],[129.4345074,35.7408389],[129.4345185,35.7408339],[129.4345264,35.7408304],[129.4345276,35.74083]]]]}},{"type":"Feature","properties":{"UFID":"100035906008A00110100000004575859"},"geometry":{"type":"MultiPolygon","coordinates":[[[[129.4345803,35.7408128],[129.4345716,35.7407867],[129.4345627,35.7407889],[129.4345292,35.7407984],[129.4345156,35.7408044],[129.4345276,35.74083],[129.4345803,35.7408128]]]]}},{"type":"Feature","properties":{"UFID":"100035906008A00110100000004575860"},"geometry":{"type":"MultiPolygon","coordinates":[[[[129.4345803,35.7408128],[129.4345276,35.74083],[129.4345287,35.7408307],[129.4345299,35.7408331],[129.4345303,35.7408351],[129.434531,35.740849],[129.4345171,35.7409273],[129.4344921,35.7409976],[129.4345489,35.741004],[129.4345653,35.7409062],[129.434578,35.7408147],[129.4345803,35.7408128]]]]}},{"type":"Feature","properties":{"UFID":"100035906008A00110100000004575861"},"geometry":{"type":"MultiPolygon","coordinates":[[[[129.4386924,35.739425],[129.4386832,35.7394253],[129.4386801,35.7394254],[129.4386696,35.7394239],[129.4386002,35.739387],[129.4385976,35.7393796],[129.4385552,35.7394248],[129.438573,35.739421],[129.4386425,35.7394579],[129.4386489,35.7394668],[129.438649,35.739469],[129.4386924,35.739425]]]]}},{"type":"Feature","properties":{"UFID":"100035906008A00110100000004575862"},"geometry":{"type":"MultiPolygon","coordinates":[[[[129.4386924,35.739425],[129.4387227,35.7394496],[129.43874,35.7394349],[129.4387938,35.739377],[129.4387673,35.7393607],[129.4387212,35.7394104],[129.4387026,35.7394224],[129.4386924,35.739425]]]]}},{"type":"Feature","properties":{"UFID":"100035906008A00110100000004575863"},"geometry":{"type":"MultiPolygon","coordinates":[[[[129.4387227,35.7394496],[129.4386924,35.739425],[129.438649,35.739469],[129.4386764,35.7394891],[129.4386831,35.7394833],[129.4387193,35.7394525],[129.4387227,35.7394496]]]]}},{"type":"Feature","properties":{"UFID":"100035906008A00110100000004575864"},"geometry":{"type":"MultiPolygon","coordinates":[[[[129.4386764,35.7394891],[129.438649,35.739469],[129.4386149,35.739504],[129.438575,35.7395403],[129.4384794,35.739618],[129.4385029,35.7396372],[129.4385991,35.7395589],[129.4386594,35.739504],[129.4386764,35.7394891]]]]}},{"type":"Feature","properties":{"UFID":"100035906008A00110100000004575865"},"geometry":{"type":"MultiPolygon","coordinates":[[[[129.4385976,35.7393796],[129.4385581,35.7393697],[129.438549,35.739385],[129.4385422,35.7393949],[129.4385376,35.7394002],[129.4385323,35.7394051],[129.4385552,35.7394248],[129.4385976,35.7393796]]]]}},{"type":"Feature","properties":{"UFID":"100035906008A00110100000004575866"},"geometry":{"type":"MultiPolygon","coordinates":[[[[129.4376961,35.7405792],[129.4375921,35.740566],[129.4375125,35.740655],[129.4376828,35.7406643],[129.4376961,35.7405792]]]]}},{"type":"Feature","properties":{"UFID":"100035906008A00110100000004575867"},"geometry":{"type":"MultiPolygon","coordinates":[[[[129.4306488,35.7303192],[129.4306092,35.7304285],[129.4306146,35.7304348],[129.4306108,35.7304744],[129.4305815,35.730544],[129.4305421,35.7306279],[129.4305197,35.7307015],[129.4304997,35.7307403],[129.4305399,35.7308131],[129.4306069,35.7308272],[129.4306489,35.7308748],[129.4306823,35.7308605],[129.4306175,35.7307782],[129.4305871,35.7307361],[129.4305764,35.7307035],[129.4305766,35.7306537],[129.4305945,35.7306067],[129.4306395,35.7305087],[129.4306535,35.7304697],[129.430658,35.7304147],[129.4306613,35.7303193],[129.4306488,35.7303192]]]]}},{"type":"Feature","properties":{"UFID":"100035906008A00110100000004575868"},"geometry":{"type":"MultiPolygon","coordinates":[[[[129.4306488,35.7303192],[129.4306157,35.7303174],[129.430608,35.7303614],[129.4305967,35.7303893],[129.4306092,35.7304285],[129.4306488,35.7303192]]]]}},{"type":"Feature","properties":{"UFID":"100035906008A00110100000004575869"},"geometry":{"type":"MultiPolygon","coordinates":[[[[129.442145,35.7319747],[129.4420728,35.7319366],[129.4419648,35.7319793],[129.4419595,35.7319837],[129.4419373,35.7320649],[129.4420243,35.7321103],[129.4420641,35.7320682],[129.4421124,35.7320176],[129.442145,35.7319747]]]]}},{"type":"Feature","properties":{"UFID":"100035906008A00110100000004575870"},"geometry":{"type":"MultiPolygon","coordinates":[[[[129.4456922,35.7294387],[129.44563,35.7293773],[129.4455731,35.7294139],[129.4454018,35.7295238],[129.4452371,35.7296281],[129.4449258,35.7298276],[129.4447174,35.7299614],[129.4444791,35.7301207],[129.4444092,35.7301659],[129.4444067,35.7301669],[129.4444656,35.7302266],[129.4447426,35.7300464],[129.4451337,35.7297976],[129.4455831,35.7295078],[129.4456922,35.7294387]]]]}},{"type":"Feature","properties":{"UFID":"100035906008A00110100000004575871"},"geometry":{"type":"MultiPolygon","coordinates":[[[[129.4458566,35.7305193],[129.4458113,35.7304819],[129.4458011,35.7304916],[129.445784,35.730503],[129.4457682,35.730511],[129.4455965,35.7305966],[129.4455097,35.7306415],[129.4454106,35.7307058],[129.4453261,35.7307613],[129.4452956,35.7307765],[129.4452489,35.7307967],[129.4452029,35.7308086],[129.4451616,35.730812],[129.4451174,35.7308107],[129.4450309,35.730798],[129.4450122,35.7308472],[129.4451115,35.7308556],[129.4451634,35.7308572],[129.4452142,35.730853],[129.4452704,35.7308384],[129.445323,35.7308157],[129.445358,35.7307982],[129.4454451,35.730741],[129.4455419,35.7306783],[129.4456257,35.7306349],[129.4457972,35.7305494],[129.4458566,35.7305193]]]]}},{"type":"Feature","properties":{"UFID":"100035906008A00110100000004575872"},"geometry":{"type":"MultiPolygon","coordinates":[[[[129.4450122,35.7308472],[129.4449497,35.7308513],[129.4449358,35.730895],[129.4449158,35.7309272],[129.4448457,35.7310154],[129.4447912,35.7310866],[129.4447307,35.7311501],[129.4446683,35.7312222],[129.4446336,35.7312668],[129.4446123,35.7313091],[129.444608,35.7313358],[129.4445997,35.7314408],[129.4445879,35.7315666],[129.4446212,35.7315678],[129.4446215,35.7315628],[129.4446328,35.7314427],[129.4446411,35.7313384],[129.4446446,35.7313161],[129.4446621,35.7312815],[129.4446856,35.7312898],[129.4447098,35.7312384],[129.4447496,35.731182],[129.4448185,35.7311021],[129.4448737,35.7310299],[129.4449428,35.7309429],[129.4449536,35.7309374],[129.4449855,35.7308853],[129.4450122,35.7308472]]]]}},{"type":"Feature","properties":{"UFID":"100035906008A00110100000004575873"},"geometry":{"type":"MultiPolygon","coordinates":[[[[129.4441695,35.7317166],[129.4441353,35.7317335],[129.4441387,35.7317335],[129.4441427,35.7317401],[129.444167,35.7317899],[129.4441978,35.7317799],[129.444173,35.7317292],[129.4441695,35.7317233],[129.4441694,35.731719],[129.4441695,35.7317166]]]]}},{"type":"Feature","properties":{"UFID":"100035906008A00110100000004575874"},"geometry":{"type":"MultiPolygon","coordinates":[[[[129.4446193,35.7316136],[129.4446188,35.7316021],[129.4446212,35.7315678],[129.4445879,35.7315666],[129.4445862,35.7316168],[129.4446193,35.7316136]]]]}},{"type":"Feature","properties":{"UFID":"100035906008A00110100000004575875"},"geometry":{"type":"MultiPolygon","coordinates":[[[[129.4445862,35.7316168],[129.4445879,35.7315666],[129.4445267,35.7315891],[129.4444918,35.7316033],[129.4444318,35.7316192],[129.4443619,35.7316341],[129.4443312,35.7316411],[129.444205,35.7316757],[129.4441772,35.7316831],[129.4441615,35.7316867],[129.4441424,35.7316836],[129.4441695,35.7317166],[129.4441787,35.7317108],[129.4441868,35.731709],[129.4442154,35.7317014],[129.4443409,35.731667],[129.4443706,35.7316602],[129.4444411,35.7316452],[129.4445045,35.7316284],[129.4445415,35.7316133],[129.444559,35.7316097],[129.4445862,35.7316168]]]]}},{"type":"Feature","properties":{"UFID":"100035906008A00110100000004575876"},"geometry":{"type":"MultiPolygon","coordinates":[[[[129.4440783,35.7315427],[129.4440561,35.7314967],[129.4440203,35.7314167],[129.4440199,35.731416],[129.4440114,35.7313968],[129.4439797,35.7314133],[129.4439901,35.7314281],[129.4440251,35.7315063],[129.4440369,35.7315309],[129.4440426,35.7315497],[129.4440426,35.7315555],[129.4440783,35.7315427]]]]}},{"type":"Feature","properties":{"UFID":"100035906008A00110100000004575877"},"geometry":{"type":"MultiPolygon","coordinates":[[[[129.4427805,35.7313199],[129.4427225,35.7312604],[129.4426976,35.7312761],[129.4426733,35.7312913],[129.4427306,35.7313537],[129.4427805,35.7313199]]]]}},{"type":"Feature","properties":{"UFID":"100035906008A00110100000004575878"},"geometry":{"type":"MultiPolygon","coordinates":[[[[129.443473,35.7308681],[129.4434154,35.7308122],[129.4433589,35.7308495],[129.4431658,35.7309739],[129.4430134,35.7310769],[129.4428172,35.7312005],[129.4427225,35.7312604],[129.4427805,35.7313199],[129.4429969,35.7311782],[129.443335,35.7309595],[129.443473,35.7308681]]]]}},{"type":"Feature","properties":{"UFID":"100035906008A00110100000004575879"},"geometry":{"type":"MultiPolygon","coordinates":[[[[129.4441695,35.7317166],[129.4441424,35.7316836],[129.4441028,35.7317008],[129.4441353,35.7317335],[129.4441695,35.7317166]]]]}},{"type":"Feature","properties":{"UFID":"100035906008A00110100000004575880"},"geometry":{"type":"MultiPolygon","coordinates":[[[[129.4441353,35.7317335],[129.4441028,35.7317008],[129.4440965,35.7317209],[129.4440811,35.7317413],[129.4440366,35.7317795],[129.444033,35.7317822],[129.4440222,35.7317895],[129.444012,35.7317929],[129.4439901,35.7317946],[129.4439484,35.7317935],[129.4439319,35.7317931],[129.4438075,35.731791],[129.44379,35.7317902],[129.4437833,35.7317899],[129.4437775,35.7317891],[129.4437736,35.731788],[129.4437324,35.7317693],[129.4436904,35.7317539],[129.4436669,35.73175],[129.4436579,35.7317495],[129.4436061,35.7317499],[129.4435044,35.7317621],[129.4434304,35.7317679],[129.4433936,35.7317699],[129.443282,35.7317744],[129.4432374,35.7317746],[129.4432333,35.7317744],[129.4432078,35.7317698],[129.4432025,35.7317689],[129.4431783,35.7317585],[129.443151,35.7317326],[129.4431016,35.7317354],[129.4431269,35.7317512],[129.4431573,35.73178],[129.4431912,35.7317946],[129.4432008,35.7317962],[129.4432289,35.7318013],[129.4432367,35.7318016],[129.4432829,35.7318014],[129.4433955,35.7317969],[129.443433,35.7317949],[129.4435084,35.731789],[129.4436087,35.7317769],[129.4436569,35.7317765],[129.4436624,35.7317769],[129.4436801,35.7317798],[129.4437175,35.7317935],[129.44376,35.7318127],[129.443769,35.7318153],[129.4437794,35.7318168],[129.4437881,35.7318172],[129.4438062,35.7318181],[129.4439311,35.7318202],[129.4439474,35.7318205],[129.4439911,35.7318217],[129.4440202,35.7318195],[129.4440395,35.7318129],[129.4440549,35.7318026],[129.44406,35.7317987],[129.4441152,35.7317514],[129.4441251,35.7317417],[129.4441353,35.7317335]]]]}},{"type":"Feature","properties":{"UFID":"100035906008A00110100000004575881"},"geometry":{"type":"MultiPolygon","coordinates":[[[[129.444097,35.7315816],[129.4440783,35.7315427],[129.4440426,35.7315555],[129.4440664,35.731592],[129.444097,35.7315816]]]]}},{"type":"Feature","properties":{"UFID":"100035906008A00110100000004575882"},"geometry":{"type":"MultiPolygon","coordinates":[[[[129.4441424,35.7316836],[129.4441366,35.7316811],[129.4441348,35.7316794],[129.4441321,35.7316742],[129.444111,35.7316106],[129.444097,35.7315816],[129.4440664,35.731592],[129.4440795,35.7316191],[129.4441007,35.7316829],[129.4441008,35.7316833],[129.4441018,35.7316867],[129.4441026,35.7316942],[129.4441028,35.7317008],[129.4441424,35.7316836]]]]}},{"type":"Feature","properties":{"UFID":"100035906008A00110100000004575883"},"geometry":{"type":"MultiPolygon","coordinates":[[[[129.4440664,35.731592],[129.4440426,35.7315555],[129.4440407,35.7315588],[129.4440121,35.7315751],[129.4439223,35.7315976],[129.4439313,35.7316249],[129.4440632,35.7315919],[129.4440664,35.731592]]]]}},{"type":"Feature","properties":{"UFID":"100035906008A00110100000004575884"},"geometry":{"type":"MultiPolygon","coordinates":[[[[129.4444656,35.7302266],[129.4444067,35.7301669],[129.4443577,35.7301982],[129.4444177,35.7302575],[129.4444556,35.7302331],[129.4444656,35.7302266]]]]}},{"type":"Feature","properties":{"UFID":"100035906008A00110100000004575885"},"geometry":{"type":"MultiPolygon","coordinates":[[[[129.4450122,35.7308472],[129.4450309,35.730798],[129.4449661,35.7307943],[129.4449497,35.7308513],[129.4450122,35.7308472]]]]}},{"type":"Feature","properties":{"UFID":"100035906008A00110100000004575886"},"geometry":{"type":"MultiPolygon","coordinates":[[[[129.4440114,35.7313968],[129.4439598,35.7313396],[129.4439341,35.7313567],[129.4439722,35.7314026],[129.4439797,35.7314133],[129.4440114,35.7313968]]]]}},{"type":"Feature","properties":{"UFID":"100035906008A00110100000004575887"},"geometry":{"type":"MultiPolygon","coordinates":[[[[129.4449497,35.7308513],[129.4449661,35.7307943],[129.4449555,35.7307944],[129.444951,35.7307946],[129.4449444,35.7307952],[129.4449344,35.7307977],[129.4448551,35.7308395],[129.4447104,35.7309219],[129.4444486,35.7310598],[129.4443326,35.73112],[129.4442757,35.7311525],[129.444161,35.7312207],[129.444085,35.7312719],[129.444013,35.7313299],[129.443996,35.7313403],[129.4439801,35.7313423],[129.4439763,35.7313422],[129.4439728,35.7313416],[129.4439598,35.7313396],[129.4440114,35.7313968],[129.4440113,35.7313939],[129.4440117,35.7313917],[129.4440127,35.731389],[129.4440146,35.7313861],[129.4440492,35.7313641],[129.4441221,35.7313054],[129.4441949,35.7312563],[129.4443078,35.7311892],[129.4443633,35.7311575],[129.4444785,35.7310977],[129.4447412,35.7309593],[129.4448859,35.7308769],[129.4449497,35.7308513]]]]}},{"type":"Feature","properties":{"UFID":"100035906008A00110100000004575888"},"geometry":{"type":"MultiPolygon","coordinates":[[[[129.4435149,35.7308378],[129.4434595,35.7307831],[129.4434154,35.7308122],[129.443473,35.7308681],[129.4435149,35.7308378]]]]}},{"type":"Feature","properties":{"UFID":"100035906008A00110100000004575889"},"geometry":{"type":"MultiPolygon","coordinates":[[[[129.4444177,35.7302575],[129.4443577,35.7301982],[129.444174,35.7303171],[129.4438131,35.7305542],[129.4437086,35.7306221],[129.4435999,35.7306922],[129.4434813,35.7307687],[129.4434595,35.7307831],[129.4435149,35.7308378],[129.4435169,35.7308354],[129.4435689,35.7308041],[129.4438996,35.7305899],[129.4439764,35.7305457],[129.4442144,35.7303882],[129.4444177,35.7302575]]]]}},{"type":"Feature","properties":{"UFID":"100035906008A00110100000004575890"},"geometry":{"type":"MultiPolygon","coordinates":[[[[129.4439598,35.7313396],[129.443913,35.7312858],[129.443882,35.7312475],[129.4438166,35.7311737],[129.4435657,35.7309087],[129.4435379,35.730877],[129.4435154,35.7308414],[129.4435149,35.7308378],[129.443473,35.7308681],[129.4434782,35.7308669],[129.4434806,35.7308679],[129.443539,35.7309248],[129.4437901,35.7311898],[129.4438547,35.7312629],[129.4438856,35.731301],[129.4439341,35.7313567],[129.4439598,35.7313396]]]]}},{"type":"Feature","properties":{"UFID":"100035906008A00110100000004575891"},"geometry":{"type":"MultiPolygon","coordinates":[[[[129.4463499,35.7301657],[129.4463195,35.730124],[129.4463126,35.7301317],[129.4462855,35.730146],[129.4461734,35.730206],[129.446138,35.730224],[129.44604,35.7302804],[129.4460184,35.7302944],[129.4459633,35.7303407],[129.4458826,35.7304141],[129.4458735,35.7304228],[129.445918,35.7304529],[129.4459269,35.7304413],[129.4460037,35.7303714],[129.4460556,35.7303279],[129.4460732,35.7303165],[129.4461685,35.7302616],[129.4462032,35.730244],[129.4463156,35.7301837],[129.4463499,35.7301657]]]]}},{"type":"Feature","properties":{"UFID":"100035906008A00110100000004575892"},"geometry":{"type":"MultiPolygon","coordinates":[[[[129.445918,35.7304529],[129.4458735,35.7304228],[129.4458113,35.7304819],[129.4458566,35.7305193],[129.445918,35.7304529]]]]}},{"type":"Feature","properties":{"UFID":"100035906008A00110100000004575893"},"geometry":{"type":"MultiPolygon","coordinates":[[[[129.4464165,35.7301373],[129.4463871,35.7300947],[129.4463195,35.730124],[129.4463499,35.7301657],[129.4463573,35.7301618],[129.4464165,35.7301373]]]]}},{"type":"Feature","properties":{"UFID":"100035906008A00110100000004575894"},"geometry":{"type":"MultiPolygon","coordinates":[[[[129.4463871,35.7300947],[129.4464165,35.7301373],[129.4464328,35.7301305],[129.4466991,35.73002],[129.446674,35.7299798],[129.4464095,35.7300897],[129.4463951,35.7300947],[129.4463871,35.7300947]]]]}},{"type":"Feature","properties":{"UFID":"100035906008A00110100000004575895"},"geometry":{"type":"MultiPolygon","coordinates":[[[[129.4463871,35.7300947],[129.4463838,35.7300947],[129.4463793,35.7300945],[129.4463739,35.7300937],[129.4463423,35.730071],[129.4461661,35.7298812],[129.4460145,35.7297241],[129.4458147,35.7295131],[129.4457404,35.7294294],[129.4457365,35.7294176],[129.4457363,35.7294158],[129.4457363,35.7294143],[129.4457365,35.7294126],[129.4457368,35.7294104],[129.4456922,35.7294387],[129.4456946,35.7294382],[129.4456976,35.7294378],[129.4457132,35.7294448],[129.4457881,35.7295293],[129.4459883,35.7297407],[129.4461398,35.7298977],[129.4463163,35.7300878],[129.4463248,35.7301039],[129.4463226,35.7301188],[129.4463195,35.730124],[129.4463871,35.7300947]]]]}},{"type":"Feature","properties":{"UFID":"100035906008A00110100000004575896"},"geometry":{"type":"MultiPolygon","coordinates":[[[[129.4474644,35.7288332],[129.4474137,35.7287733],[129.4474093,35.728776],[129.4472008,35.7288294],[129.4468606,35.7289184],[129.4466183,35.7289892],[129.446301,35.7290724],[129.4461419,35.7291139],[129.4460578,35.7291393],[129.4459643,35.7291789],[129.4458466,35.7292419],[129.4457149,35.7293227],[129.4456748,35.7293486],[129.4457368,35.7294104],[129.4457383,35.7294078],[129.4459114,35.7293018],[129.4459753,35.7292618],[129.4460355,35.729236],[129.4461666,35.7291925],[129.4461678,35.7291904],[129.446168,35.7291862],[129.4461667,35.7291723],[129.4462532,35.7291457],[129.4464786,35.7290866],[129.4467054,35.7290274],[129.4469867,35.7289556],[129.4473696,35.7288621],[129.4474336,35.7288397],[129.4474644,35.7288332]]]]}},{"type":"Feature","properties":{"UFID":"100035906008A00110100000004575897"},"geometry":{"type":"MultiPolygon","coordinates":[[[[129.4457368,35.7294104],[129.4456748,35.7293486],[129.44563,35.7293773],[129.4456922,35.7294387],[129.4457368,35.7294104]]]]}},{"type":"Feature","properties":{"UFID":"100035906008A00110100000004575898"},"geometry":{"type":"MultiPolygon","coordinates":[[[[129.4475307,35.7287927],[129.4475013,35.7287478],[129.4474137,35.7287733],[129.4474644,35.7288332],[129.4475307,35.7287927]]]]}},{"type":"Feature","properties":{"UFID":"100035906008A00110100000004575899"},"geometry":{"type":"MultiPolygon","coordinates":[[[[129.4480336,35.7289075],[129.4480259,35.7288515],[129.4479871,35.7288578],[129.4479961,35.7288895],[129.4479983,35.7289093],[129.4480336,35.7289075]]]]}},{"type":"Feature","properties":{"UFID":"100035906008A00110100000004575900"},"geometry":{"type":"MultiPolygon","coordinates":[[[[129.4480336,35.7289075],[129.4479983,35.7289093],[129.4479995,35.7289254],[129.4479996,35.7289279],[129.4480002,35.7289321],[129.4480339,35.7289897],[129.4480638,35.728978],[129.4480327,35.7289248],[129.4480327,35.7289242],[129.4480317,35.7289116],[129.4480336,35.7289075]]]]}},{"type":"Feature","properties":{"UFID":"100035906008A00110100000004575901"},"geometry":{"type":"MultiPolygon","coordinates":[[[[129.4481654,35.7288946],[129.4481706,35.7288677],[129.4481506,35.7288669],[129.4481077,35.7288771],[129.4480773,35.7288748],[129.4480259,35.7288515],[129.4480336,35.7289075],[129.448072,35.7289015],[129.4481109,35.7289044],[129.4481545,35.7288941],[129.4481654,35.7288946]]]]}},{"type":"Feature","properties":{"UFID":"100035906008A00110100000004575902"},"geometry":{"type":"MultiPolygon","coordinates":[[[[129.4481706,35.7288677],[129.4481654,35.7288946],[129.4481668,35.7288949],[129.4482219,35.7289782],[129.4482468,35.7290465],[129.4482641,35.7291213],[129.4482996,35.7292802],[129.4483186,35.7293267],[129.4483233,35.7293337],[129.4483255,35.729337],[129.4483369,35.7293515],[129.4483734,35.7293723],[129.448454,35.7293942],[129.4484734,35.7293989],[129.4485301,35.7294161],[129.4485458,35.7294227],[129.4485861,35.7294426],[129.4486347,35.7294792],[129.4486977,35.7295371],[129.4487287,35.7295697],[129.4488324,35.7296772],[129.4488979,35.729738],[129.4489245,35.7297577],[129.4489883,35.7298074],[129.4490168,35.7298258],[129.449087,35.7298683],[129.4491601,35.7299095],[129.4491906,35.7299271],[129.4492642,35.7299627],[129.4493549,35.7300057],[129.4494099,35.7300354],[129.4494545,35.7300659],[129.4494929,35.7301017],[129.4495388,35.7301558],[129.4495883,35.7302168],[129.4496115,35.730241],[129.4496664,35.7302953],[129.4497915,35.730406],[129.4498148,35.7304272],[129.4498606,35.730478],[129.449893,35.730528],[129.4499032,35.7305471],[129.4499176,35.7305978],[129.4499492,35.7305893],[129.4499348,35.7305386],[129.4499229,35.7305163],[129.4498888,35.7304636],[129.4498406,35.7304102],[129.449816,35.7303878],[129.4496914,35.7302775],[129.4496373,35.7302241],[129.4496152,35.730201],[129.4495663,35.7301407],[129.4495191,35.7300851],[129.4494778,35.7300465],[129.4494298,35.7300137],[129.4493724,35.7299828],[129.449281,35.7299394],[129.4492087,35.7299044],[129.4491791,35.7298873],[129.4491063,35.7298463],[129.449037,35.7298044],[129.4490101,35.7297869],[129.4489471,35.7297379],[129.4489215,35.729719],[129.4488579,35.7296599],[129.4487548,35.7295531],[129.4487232,35.7295198],[129.4486584,35.7294603],[129.4486062,35.7294209],[129.4485619,35.7293991],[129.4485435,35.7293914],[129.4484839,35.7293732],[129.4484639,35.7293684],[129.4483885,35.7293479],[129.4483613,35.7293324],[129.4483539,35.7293231],[129.4483523,35.7293207],[129.4483492,35.7293159],[129.4483318,35.7292734],[129.4482967,35.7291164],[129.4482791,35.7290401],[129.4482527,35.7289678],[129.4481909,35.7288745],[129.4481833,35.728871],[129.4481766,35.7288691],[129.4481706,35.7288677]]]]}},{"type":"Feature","properties":{"UFID":"100035906008A00110100000004575903"},"geometry":{"type":"MultiPolygon","coordinates":[[[[129.4460973,35.7308459],[129.4460211,35.7307439],[129.4459916,35.7306699],[129.4459663,35.7305709],[129.4459612,35.7305528],[129.4459578,35.7305356],[129.4459561,35.7305246],[129.4459504,35.7305123],[129.4459447,35.7305036],[129.4459241,35.7304748],[129.445918,35.7304529],[129.4458566,35.7305193],[129.4458837,35.7305116],[129.4458955,35.7305113],[129.4459007,35.7305137],[129.4459038,35.730515],[129.4459084,35.7305183],[129.4459212,35.7305363],[129.4459286,35.730558],[129.4459339,35.7305767],[129.4459595,35.7306769],[129.4459908,35.7307553],[129.4460702,35.7308615],[129.4460973,35.7308459]]]]}},{"type":"Feature","properties":{"UFID":"100035906008A00110100000004575904"},"geometry":{"type":"MultiPolygon","coordinates":[[[[129.4460973,35.7308459],[129.4460702,35.7308615],[129.4461185,35.7309103],[129.4461628,35.7309614],[129.4461744,35.730978],[129.446302,35.7310717],[129.4463242,35.7310516],[129.4462006,35.7309608],[129.4461908,35.7309468],[129.4461449,35.730894],[129.4460973,35.7308459]]]]}},{"type":"Feature","properties":{"UFID":"100035906008A00110100000004575905"},"geometry":{"type":"MultiPolygon","coordinates":[[[[129.4306092,35.7304285],[129.4305967,35.7303893],[129.4305633,35.7304421],[129.4305041,35.7305173],[129.4304419,35.7305924],[129.4304186,35.7306164],[129.4303458,35.7306777],[129.4303015,35.7307087],[129.430234,35.7307542],[129.4301704,35.7307924],[129.4299758,35.7308957],[129.4297515,35.7310371],[129.4297727,35.731058],[129.4299951,35.7309177],[129.4301894,35.7308147],[129.4302544,35.7307755],[129.4303228,35.7307294],[129.4303686,35.7306974],[129.4304436,35.7306343],[129.4304687,35.7306084],[129.430532,35.7305319],[129.430592,35.7304556],[129.4306092,35.7304285]]]]}},{"type":"Feature","properties":{"UFID":"100035906008A00110100000004575906"},"geometry":{"type":"MultiPolygon","coordinates":[[[[129.4297727,35.731058],[129.4297515,35.7310371],[129.4296193,35.7311332],[129.4295745,35.7311665],[129.4295172,35.7312031],[129.4294895,35.7312132],[129.4294478,35.7312194],[129.429392,35.731224],[129.4293678,35.7312303],[129.4293202,35.73125],[129.4293044,35.7312602],[129.4292648,35.731294],[129.4292312,35.7313325],[129.4291833,35.731407],[129.429151,35.7314527],[129.4291139,35.7314987],[129.4290788,35.7315322],[129.4290301,35.7315652],[129.4289897,35.7315817],[129.4289558,35.7315866],[129.4289074,35.7315882],[129.4288372,35.7315841],[129.4287679,35.7315762],[129.4287406,35.7315742],[129.4286934,35.7315733],[129.4286583,35.7315747],[129.4286051,35.7315867],[129.4285538,35.7316231],[129.4285413,35.7316381],[129.4285087,35.731705],[129.428501,35.731722],[129.4284779,35.7317738],[129.4284574,35.731806],[129.4284146,35.7318544],[129.4283984,35.7318717],[129.4283631,35.7319033],[129.4283152,35.7319435],[129.4282732,35.7319845],[129.4282447,35.7320239],[129.4282324,35.7320422],[129.4282088,35.7320876],[129.4281881,35.7321362],[129.4281654,35.7322013],[129.4281435,35.7322304],[129.4281051,35.7322613],[129.4280507,35.7323053],[129.4280143,35.7323411],[129.4279995,35.7323766],[129.4279989,35.7323832],[129.4280002,35.7324052],[129.4280025,35.7324196],[129.4280277,35.7324714],[129.4280414,35.7324939],[129.4280631,35.7325405],[129.4280711,35.7325707],[129.4280719,35.7325761],[129.4280735,35.732598],[129.428074,35.7326102],[129.4280741,35.7326284],[129.4280702,35.7326544],[129.4280634,35.7326785],[129.4280502,35.7327053],[129.4280308,35.732739],[129.4280608,35.7327505],[129.4280806,35.7327161],[129.4280952,35.7326866],[129.4281029,35.7326591],[129.4281073,35.73263],[129.4281071,35.7326097],[129.4281066,35.7325967],[129.4281049,35.7325736],[129.4281038,35.7325661],[129.4280949,35.7325328],[129.4280718,35.7324831],[129.428058,35.7324603],[129.4280348,35.7324128],[129.4280333,35.7324029],[129.4280321,35.7323836],[129.4280323,35.7323821],[129.4280437,35.7323545],[129.4280752,35.7323236],[129.4281284,35.7322805],[129.4281696,35.7322474],[129.4281961,35.7322123],[129.4282198,35.7321443],[129.4282397,35.7320973],[129.4282623,35.732054],[129.4282735,35.7320373],[129.4283004,35.7320001],[129.4283399,35.7319616],[129.4283872,35.7319218],[129.4284239,35.731889],[129.4284412,35.7318705],[129.4284857,35.7318202],[129.4285083,35.7317847],[129.4285322,35.7317313],[129.4285396,35.7317146],[129.4285708,35.7316508],[129.4285788,35.7316412],[129.4286212,35.7316111],[129.4286636,35.7316016],[129.4286939,35.7316003],[129.4287387,35.7316012],[129.4287642,35.731603],[129.4288337,35.731611],[129.4289069,35.7316153],[129.4289593,35.7316135],[129.4290003,35.7316077],[129.4290484,35.7315879],[129.4291022,35.7315515],[129.4291405,35.731515],[129.4291792,35.7314669],[129.4292124,35.7314201],[129.4292595,35.7313467],[129.4292904,35.7313112],[129.4293268,35.7312803],[129.4293382,35.7312729],[129.4293804,35.7312554],[129.4293987,35.7312507],[129.4294525,35.7312462],[129.4294993,35.7312392],[129.4295344,35.7312264],[129.4295959,35.7311872],[129.4296415,35.7311533],[129.4297727,35.731058]]]]}},{"type":"Feature","properties":{"UFID":"100035906008A00110100000004575907"},"geometry":{"type":"MultiPolygon","coordinates":[[[[129.4320396,35.7306741],[129.4320761,35.7307207],[129.4320789,35.7307093],[129.4320848,35.7306955],[129.4320961,35.7306802],[129.4321861,35.7305739],[129.4322135,35.730534],[129.4321763,35.7305281],[129.4321212,35.7306005],[129.4320721,35.7306658],[129.4320585,35.7306707],[129.4320396,35.7306741]]]]}},{"type":"Feature","properties":{"UFID":"100035906008A00110100000004575908"},"geometry":{"type":"MultiPolygon","coordinates":[[[[129.4400728,35.7344211],[129.4400196,35.734456],[129.4399977,35.7345039],[129.4399199,35.7346269],[129.4399034,35.7346432],[129.4399268,35.7346515],[129.4399934,35.7345816],[129.4400156,35.7345404],[129.4400728,35.7344211]]]]}},{"type":"Feature","properties":{"UFID":"100035906008A00110100000004575909"},"geometry":{"type":"MultiPolygon","coordinates":[[[[129.4314465,35.7416764],[129.4314335,35.7416578],[129.4313562,35.7416487],[129.431387,35.7416715],[129.4313897,35.7416768],[129.4313894,35.741684],[129.431384,35.7416932],[129.4314465,35.7416764]]]]}},{"type":"Feature","properties":{"UFID":"100035906008A00110100000004575910"},"geometry":{"type":"MultiPolygon","coordinates":[[[[129.4314102,35.7417251],[129.431384,35.7416932],[129.4313338,35.7417202],[129.4311476,35.7417943],[129.4310906,35.7418344],[129.4310238,35.7418938],[129.4310846,35.7419219],[129.431177,35.7418385],[129.431269,35.7417866],[129.4314102,35.7417251]]]]}},{"type":"Feature","properties":{"UFID":"100035906008A00110100000004575911"},"geometry":{"type":"MultiPolygon","coordinates":[[[[129.4314423,35.7417158],[129.4314465,35.7416764],[129.431384,35.7416932],[129.4314102,35.7417251],[129.4314375,35.7417133],[129.4314423,35.7417158]]]]}},{"type":"Feature","properties":{"UFID":"100035906008A00110100000004575912"},"geometry":{"type":"MultiPolygon","coordinates":[[[[129.4400196,35.734456],[129.4400111,35.7344272],[129.4399348,35.7344756],[129.4397686,35.7345777],[129.4397886,35.7345993],[129.439955,35.734497],[129.4400196,35.734456]]]]}},{"type":"Feature","properties":{"UFID":"100035906008A00110100000004575913"},"geometry":{"type":"MultiPolygon","coordinates":[[[[129.4400728,35.7344211],[129.4400462,35.7344047],[129.4400438,35.7344064],[129.4400111,35.7344272],[129.4400196,35.734456],[129.4400728,35.7344211]]]]}},{"type":"Feature","properties":{"UFID":"100035906008A00110100000004575914"},"geometry":{"type":"MultiPolygon","coordinates":[[[[129.4416652,35.7319391],[129.4416099,35.7319295],[129.4416187,35.731953],[129.4416144,35.7319621],[129.4415632,35.7320682],[129.4415011,35.7321839],[129.4414106,35.7323505],[129.4413241,35.7325075],[129.4412363,35.7326747],[129.4411706,35.7327886],[129.4411094,35.7328842],[129.4410413,35.7329782],[129.4409855,35.7330507],[129.4409152,35.7331351],[129.440804,35.733261],[129.4406854,35.7333962],[129.4405786,35.7335167],[129.4405075,35.7336061],[129.4404435,35.7336981],[129.4403388,35.7338523],[129.4402693,35.7339627],[129.4402197,35.7340629],[129.4401375,35.7342309],[129.4400787,35.7343492],[129.4400475,35.7344029],[129.4400462,35.7344047],[129.4400728,35.7344211],[129.4400769,35.7344154],[129.4401091,35.7343601],[129.4401683,35.734241],[129.4402505,35.7340729],[129.4402994,35.7339739],[129.4403681,35.733865],[129.4404724,35.7337114],[129.4405359,35.7336202],[129.440606,35.733532],[129.4407123,35.7334119],[129.440831,35.7332768],[129.4409423,35.7331506],[129.4410133,35.7330654],[129.4410696,35.7329922],[129.4411384,35.7328973],[129.4412003,35.7328006],[129.4412666,35.7326858],[129.4413544,35.7325184],[129.4414409,35.7323615],[129.4415314,35.7321948],[129.4415939,35.7320786],[129.4416453,35.7319719],[129.441657,35.731947],[129.4416652,35.7319391]]]]}},{"type":"Feature","properties":{"UFID":"100035906008A00110100000004575915"},"geometry":{"type":"MultiPolygon","coordinates":[[[[129.4314153,35.7416124],[129.4313759,35.7416198],[129.4313701,35.7416202],[129.4313686,35.7416202],[129.4313562,35.7416487],[129.4314335,35.7416578],[129.4314153,35.7416124]]]]}},{"type":"Feature","properties":{"UFID":"100035906008A00110100000004575916"},"geometry":{"type":"MultiPolygon","coordinates":[[[[129.4313686,35.7416202],[129.4312506,35.7415601],[129.4312131,35.7415397],[129.4311434,35.7415078],[129.4311222,35.7415003],[129.4310667,35.7414905],[129.431051,35.7414906],[129.4310211,35.7414946],[129.4309991,35.7414976],[129.4309352,35.7415091],[129.4309034,35.7415121],[129.4308953,35.7415124],[129.4308824,35.7415127],[129.4307811,35.7415127],[129.4307793,35.7415398],[129.4308828,35.7415397],[129.4308965,35.7415394],[129.4309061,35.7415391],[129.4309407,35.7415358],[129.4310054,35.7415242],[129.4310266,35.7415213],[129.4310539,35.7415176],[129.4310633,35.7415175],[129.431112,35.7415262],[129.4311287,35.7415321],[129.4311957,35.7415627],[129.4312326,35.7415828],[129.4312742,35.741604],[129.4313562,35.7416487],[129.4313686,35.7416202]]]]}},{"type":"Feature","properties":{"UFID":"100035906008A00110100000004575917"},"geometry":{"type":"MultiPolygon","coordinates":[[[[129.432095,35.7307721],[129.4320849,35.7307596],[129.4320761,35.7307207],[129.4320396,35.7306741],[129.4320141,35.7307351],[129.4320701,35.73079],[129.432095,35.7307721]]]]}},{"type":"Feature","properties":{"UFID":"100035906008A00110100000004575918"},"geometry":{"type":"MultiPolygon","coordinates":[[[[129.4324837,35.7419822],[129.4324681,35.7419801],[129.4323877,35.7419541],[129.4323218,35.7419238],[129.432225,35.741875],[129.4321847,35.7418533],[129.4320777,35.7417923],[129.4319587,35.7417147],[129.4318864,35.7416649],[129.4318067,35.7416191],[129.4318027,35.7416182],[129.4318015,35.7416179],[129.4317989,35.7416172],[129.4317952,35.7416167],[129.4317069,35.7416124],[129.4316564,35.7416098],[129.4315275,35.7416022],[129.4314682,35.7416055],[129.4314485,35.7416062],[129.4314153,35.7416124],[129.4314335,35.7416578],[129.431471,35.7416328],[129.4314777,35.7416321],[129.4315274,35.7416293],[129.4316209,35.7416349],[129.4317935,35.741642],[129.4320143,35.7417858],[129.4322864,35.7419373],[129.4323702,35.7419751],[129.4324584,35.7419986],[129.4324805,35.7420112],[129.4324837,35.7419822]]]]}},{"type":"Feature","properties":{"UFID":"100035906008A00110100000004575919"},"geometry":{"type":"MultiPolygon","coordinates":[[[[129.4331019,35.7418926],[129.4330867,35.7418665],[129.4330661,35.7418741],[129.4329743,35.7419033],[129.4329502,35.7419105],[129.4328546,35.7419376],[129.432829,35.7419452],[129.4327762,35.7419573],[129.4327548,35.7419621],[129.4326959,35.7419694],[129.4326255,35.7419781],[129.4325646,35.741983],[129.4325498,35.7420262],[129.4326222,35.7420188],[129.432682,35.7420085],[129.4327065,35.7420036],[129.4327622,35.7419884],[129.432785,35.7419834],[129.4328391,35.741971],[129.4328657,35.7419631],[129.4329614,35.741936],[129.4329861,35.7419286],[129.433059,35.7419054],[129.4331001,35.7418929],[129.4331019,35.7418926]]]]}},{"type":"Feature","properties":{"UFID":"100035906008A00110100000004575920"},"geometry":{"type":"MultiPolygon","coordinates":[[[[129.4325646,35.741983],[129.4325527,35.7419839],[129.4325075,35.7419852],[129.4324837,35.7419822],[129.4324805,35.7420112],[129.4325498,35.7420262],[129.4325646,35.741983]]]]}},{"type":"Feature","properties":{"UFID":"100035906008A00110100000004575921"},"geometry":{"type":"MultiPolygon","coordinates":[[[[129.4364101,35.7406028],[129.4364252,35.7405787],[129.436418,35.7405691],[129.4364071,35.7405495],[129.4363485,35.7404503],[129.4363,35.740385],[129.4362758,35.7403529],[129.4362215,35.7402923],[129.4361887,35.7402559],[129.436151,35.7401977],[129.4361441,35.7401888],[129.4361167,35.7401492],[129.4361111,35.7401461],[129.436104,35.7401447],[129.4360921,35.740143],[129.4360487,35.7401586],[129.436014,35.740176],[129.4358863,35.7402442],[129.4358554,35.740262],[129.4358297,35.740278],[129.4357982,35.7402976],[129.4356574,35.7403915],[129.4356234,35.7404161],[129.4355317,35.740478],[129.4354686,35.7405209],[129.4354006,35.740565],[129.4353372,35.7405957],[129.4352504,35.7406284],[129.4351516,35.7406598],[129.4350617,35.740691],[129.4349823,35.7407125],[129.4349589,35.7407189],[129.4348617,35.7407358],[129.4348232,35.7407429],[129.4347207,35.740759],[129.4346114,35.7407772],[129.4345937,35.7407813],[129.4345716,35.7407867],[129.4345803,35.7408128],[129.434603,35.7408073],[129.4346193,35.7408035],[129.4347271,35.7407855],[129.43483,35.7407694],[129.4348689,35.7407622],[129.4349677,35.7407451],[129.4349928,35.7407382],[129.4350734,35.7407163],[129.4351641,35.7406849],[129.4352634,35.7406533],[129.4353527,35.7406197],[129.4354195,35.7405873],[129.4354896,35.7405418],[129.4355529,35.7404989],[129.435645,35.7404366],[129.4356789,35.7404121],[129.4358187,35.7403188],[129.4358498,35.7402995],[129.435875,35.7402838],[129.4359049,35.7402666],[129.4360318,35.7401988],[129.4360523,35.7401885],[129.436059,35.740187],[129.4360719,35.7401858],[129.4360863,35.7401856],[129.4361013,35.7401881],[129.4361233,35.7402128],[129.4361605,35.7402703],[129.4361948,35.7403083],[129.4362483,35.740368],[129.4362717,35.740399],[129.4363193,35.7404632],[129.436377,35.740561],[129.4363887,35.7405818],[129.4364012,35.7405985],[129.4364101,35.7406028]]]]}},{"type":"Feature","properties":{"UFID":"100035906008A00110100000004575922"},"geometry":{"type":"MultiPolygon","coordinates":[[[[129.4448009,35.7268469],[129.4447444,35.7267717],[129.444698,35.7267011],[129.4446627,35.7266376],[129.4446403,35.7265825],[129.444621,35.7265124],[129.444617,35.7264675],[129.4446175,35.7264343],[129.444621,35.7263917],[129.4446285,35.7263509],[129.4446308,35.7263335],[129.4446197,35.7262899],[129.4445915,35.7261963],[129.4445649,35.7261049],[129.4445411,35.7260329],[129.4445279,35.7260042],[129.4445144,35.7259825],[129.4444843,35.7259939],[129.4444975,35.7260151],[129.4445095,35.7260412],[129.4445328,35.7261115],[129.4445592,35.7262023],[129.4445873,35.7262959],[129.4445973,35.7263348],[129.4445956,35.7263474],[129.444588,35.7263888],[129.4445843,35.7264333],[129.4445838,35.7264683],[129.4445881,35.7265163],[129.4446083,35.7265897],[129.4446318,35.7266475],[129.4446683,35.7267131],[129.4447156,35.7267851],[129.4447721,35.7268604],[129.4448009,35.7268469]]]]}},{"type":"Feature","properties":{"UFID":"100035906008A00110100000004575923"},"geometry":{"type":"MultiPolygon","coordinates":[[[[129.4454758,35.7271207],[129.4453817,35.7271154],[129.4453782,35.7271423],[129.4454719,35.7271476],[129.4454758,35.7271207]]]]}},{"type":"Feature","properties":{"UFID":"100035906008A00110100000004575924"},"geometry":{"type":"MultiPolygon","coordinates":[[[[129.4454719,35.7271476],[129.4453782,35.7271423],[129.4453809,35.727144],[129.4453686,35.7271625],[129.4453498,35.727176],[129.4453717,35.7271963],[129.4454137,35.7271662],[129.4454719,35.7271476]]]]}},{"type":"Feature","properties":{"UFID":"100035906008A00110100000004575925"},"geometry":{"type":"MultiPolygon","coordinates":[[[[129.4448326,35.7268941],[129.4448248,35.7268843],[129.4448069,35.7268549],[129.4448009,35.7268469],[129.4447721,35.7268604],[129.4448039,35.7269078],[129.4448326,35.7268941]]]]}},{"type":"Feature","properties":{"UFID":"100035906008A00110100000004575926"},"geometry":{"type":"MultiPolygon","coordinates":[[[[129.4453817,35.7271154],[129.4453619,35.7271142],[129.4452522,35.7271145],[129.4451852,35.7271104],[129.4451019,35.7270953],[129.4450342,35.7270809],[129.4449862,35.7270582],[129.444969,35.727047],[129.4449274,35.7270157],[129.4448861,35.7269612],[129.4448326,35.7268941],[129.4448039,35.7269078],[129.4448581,35.7269757],[129.4449016,35.727033],[129.4449473,35.7270675],[129.4449675,35.7270806],[129.4450215,35.7271061],[129.4450941,35.7271216],[129.4451803,35.7271373],[129.4452511,35.7271415],[129.4453608,35.7271413],[129.4453782,35.7271423],[129.4453817,35.7271154]]]]}},{"type":"Feature","properties":{"UFID":"100035906008A00110100000004575927"},"geometry":{"type":"MultiPolygon","coordinates":[[[[129.4472034,35.7281054],[129.4471826,35.728086],[129.4471229,35.7280249],[129.4469592,35.7278684],[129.4467994,35.7277096],[129.4467609,35.7276739],[129.4467367,35.7276567],[129.4465046,35.727472],[129.4463808,35.7273675],[129.4462938,35.727284],[129.4462748,35.7272652],[129.4462425,35.7272295],[129.4462394,35.7272257],[129.4462288,35.7271906],[129.4461807,35.7272138],[129.4461965,35.7272258],[129.4462154,35.7272451],[129.4462487,35.7272819],[129.4462683,35.7273012],[129.4463562,35.7273857],[129.4464811,35.7274911],[129.4467142,35.7276766],[129.4467375,35.7276931],[129.4467741,35.7277271],[129.4469337,35.7278858],[129.4470973,35.7280421],[129.4471571,35.7281033],[129.4471783,35.7281232],[129.4472034,35.7281054]]]]}},{"type":"Feature","properties":{"UFID":"100035906008A00110100000004575928"},"geometry":{"type":"MultiPolygon","coordinates":[[[[129.4462075,35.7271284],[129.4461867,35.7271003],[129.4461572,35.7270733],[129.4461152,35.7270419],[129.4460561,35.7270058],[129.4459934,35.7269784],[129.4459777,35.7270022],[129.4460383,35.7270287],[129.446094,35.7270627],[129.4461316,35.7270908],[129.4461371,35.7271135],[129.4461329,35.7271429],[129.4462075,35.7271284]]]]}},{"type":"Feature","properties":{"UFID":"100035906008A00110100000004575929"},"geometry":{"type":"MultiPolygon","coordinates":[[[[129.4460288,35.7271647],[129.4460196,35.7271647],[129.4459872,35.7271628],[129.4458267,35.7271443],[129.4456636,35.7271308],[129.4455334,35.727124],[129.445488,35.7271214],[129.4454758,35.7271207],[129.4454719,35.7271476],[129.4454857,35.7271483],[129.4455312,35.7271509],[129.4456608,35.7271578],[129.4458227,35.7271712],[129.4459837,35.7271897],[129.4460094,35.7271937],[129.4460133,35.7271944],[129.4460181,35.7271953],[129.4460288,35.7271647]]]]}},{"type":"Feature","properties":{"UFID":"100035906008A00110100000004575930"},"geometry":{"type":"MultiPolygon","coordinates":[[[[129.446072,35.7271917],[129.4460709,35.7271639],[129.4460487,35.7271649],[129.4460288,35.7271647],[129.4460181,35.7271953],[129.446072,35.7271917]]]]}},{"type":"Feature","properties":{"UFID":"100035906008A00110100000004575931"},"geometry":{"type":"MultiPolygon","coordinates":[[[[129.446072,35.7271917],[129.4460181,35.7271953],[129.4460206,35.7271988],[129.4460224,35.7272022],[129.4460226,35.7272053],[129.4459991,35.7272362],[129.4460273,35.7272504],[129.446072,35.7271917]]]]}},{"type":"Feature","properties":{"UFID":"100035906008A00110100000004575932"},"geometry":{"type":"MultiPolygon","coordinates":[[[[129.4462288,35.7271906],[129.4462075,35.7271284],[129.4461329,35.7271429],[129.4461807,35.7272138],[129.4462288,35.7271906]]]]}},{"type":"Feature","properties":{"UFID":"100035906008A00110100000004575933"},"geometry":{"type":"MultiPolygon","coordinates":[[[[129.4461329,35.7271429],[129.4461179,35.7271618],[129.4460709,35.7271639],[129.446072,35.7271917],[129.4460757,35.7271907],[129.4461118,35.7271891],[129.4461404,35.7271936],[129.4461807,35.7272138],[129.4461329,35.7271429]]]]}},{"type":"Feature","properties":{"UFID":"100035906008A00110100000004575934"},"geometry":{"type":"MultiPolygon","coordinates":[[[[129.4472618,35.728166],[129.4472034,35.7281054],[129.4471783,35.7281232],[129.4471836,35.7281281],[129.4472204,35.7281676],[129.4472366,35.7281836],[129.4472618,35.728166]]]]}},{"type":"Feature","properties":{"UFID":"100035906008A00110100000004575935"},"geometry":{"type":"MultiPolygon","coordinates":[[[[129.4474563,35.7283097],[129.4474507,35.72831],[129.4474452,35.7283099],[129.447421,35.7283056],[129.4473366,35.7282383],[129.4472766,35.7281805],[129.4472618,35.728166],[129.4472366,35.7281836],[129.4472512,35.7281979],[129.4473746,35.7283166],[129.4473789,35.7283218],[129.4473797,35.7283238],[129.4473778,35.7283292],[129.4474563,35.7283097]]]]}},{"type":"Feature","properties":{"UFID":"100035906008A00110100000004575936"},"geometry":{"type":"MultiPolygon","coordinates":[[[[129.4475366,35.7283184],[129.4474563,35.7283097],[129.4473778,35.7283292],[129.4474011,35.7283741],[129.4475319,35.7283815],[129.4475366,35.7283184]]]]}},{"type":"Feature","properties":{"UFID":"100035906008A00110100000004575937"},"geometry":{"type":"MultiPolygon","coordinates":[[[[129.4478541,35.7286481],[129.4478272,35.7286272],[129.447812,35.7286388],[129.4477896,35.728653],[129.4477802,35.7286563],[129.4477957,35.7286846],[129.4478541,35.7286481]]]]}},{"type":"Feature","properties":{"UFID":"100035906008A00110100000004575938"},"geometry":{"type":"MultiPolygon","coordinates":[[[[129.4479945,35.7285212],[129.4479727,35.7285008],[129.4479133,35.7285506],[129.4478557,35.7286013],[129.4478336,35.7286223],[129.4478272,35.7286272],[129.4478541,35.7286481],[129.4478752,35.7286244],[129.4478805,35.7286193],[129.4479373,35.7285692],[129.4479945,35.7285212]]]]}},{"type":"Feature","properties":{"UFID":"100035906008A00110100000004575939"},"geometry":{"type":"MultiPolygon","coordinates":[[[[129.4475013,35.7287478],[129.447501,35.7287473],[129.4474925,35.7287425],[129.4474263,35.7287389],[129.4474147,35.7287699],[129.4474137,35.7287733],[129.4475013,35.7287478]]]]}},{"type":"Feature","properties":{"UFID":"100035906008A00110100000004575940"},"geometry":{"type":"MultiPolygon","coordinates":[[[[129.4475189,35.7284188],[129.4474527,35.7284152],[129.4474263,35.7287389],[129.4474925,35.7287425],[129.4475189,35.7284188]]]]}},{"type":"Feature","properties":{"UFID":"100035906008A00110100000004575941"},"geometry":{"type":"MultiPolygon","coordinates":[[[[129.4475319,35.7283815],[129.4474011,35.7283741],[129.4474121,35.7283794],[129.447438,35.7283946],[129.4474428,35.7283971],[129.447446,35.7284018],[129.4474468,35.7284029],[129.4474527,35.7284152],[129.4475189,35.7284188],[129.4475319,35.7283815]]]]}},{"type":"Feature","properties":{"UFID":"100035906008A00110100000004575942"},"geometry":{"type":"MultiPolygon","coordinates":[[[[129.4315339,35.7417007],[129.4314701,35.7416834],[129.4314465,35.7416764],[129.4314423,35.7417158],[129.4315045,35.7417303],[129.4315339,35.7417007]]]]}},{"type":"Feature","properties":{"UFID":"100035906008A00110100000004575943"},"geometry":{"type":"MultiPolygon","coordinates":[[[[129.4315339,35.7417007],[129.4315045,35.7417303],[129.4315973,35.7417419],[129.4316547,35.7417565],[129.4317037,35.741782],[129.4317349,35.7418103],[129.4317555,35.7418365],[129.4317936,35.7418228],[129.4317686,35.7417854],[129.4317342,35.7417555],[129.4316879,35.7417328],[129.4316123,35.7417133],[129.4315339,35.7417007]]]]}},{"type":"Feature","properties":{"UFID":"100035906008A00110100000004575944"},"geometry":{"type":"MultiPolygon","coordinates":[[[[129.4338891,35.7411091],[129.4338635,35.7410758],[129.4338046,35.7411658],[129.4338188,35.7412115],[129.4338891,35.7411091]]]]}},{"type":"Feature","properties":{"UFID":"100035906008A00110100000004575945"},"geometry":{"type":"MultiPolygon","coordinates":[[[[129.4338188,35.7412115],[129.4338046,35.7411658],[129.4337786,35.7412179],[129.4337736,35.7412406],[129.4337656,35.7412924],[129.4337594,35.7413096],[129.4337402,35.7413468],[129.4337076,35.7413823],[129.4336981,35.7413902],[129.4336373,35.7414376],[129.4336106,35.7414579],[129.4335283,35.7415186],[129.4335175,35.7415261],[129.4334939,35.7415419],[129.4334369,35.7415876],[129.4333838,35.7416395],[129.4333554,35.7416683],[129.4332928,35.7417336],[129.433232,35.7417876],[129.4332269,35.7417918],[129.4331756,35.7418236],[129.4331339,35.7418461],[129.4331284,35.7418488],[129.4331247,35.7418506],[129.4331412,35.7418752],[129.4331517,35.741869],[129.4331948,35.7418456],[129.4332487,35.7418122],[129.4332559,35.7418064],[129.4333182,35.7417511],[129.4333814,35.7416851],[129.4334095,35.7416566],[129.4334614,35.7416059],[129.4335161,35.741562],[129.4335388,35.7415469],[129.4335502,35.7415389],[129.4336331,35.7414778],[129.4336601,35.7414572],[129.4337214,35.7414094],[129.4337329,35.7413999],[129.4337692,35.7413604],[129.4337908,35.7413186],[129.4337981,35.7412978],[129.4338064,35.7412447],[129.4338105,35.7412257],[129.4338188,35.7412115]]]]}},{"type":"Feature","properties":{"UFID":"100035906008A00110100000004575946"},"geometry":{"type":"MultiPolygon","coordinates":[[[[129.4341868,35.7409934],[129.4342844,35.7409348],[129.434242,35.7409477],[129.4341681,35.7409703],[129.4340449,35.7410057],[129.4338981,35.7410534],[129.4338635,35.7410758],[129.4338891,35.7411091],[129.4339185,35.7410825],[129.4340565,35.741031],[129.4341794,35.7409957],[129.4341868,35.7409934]]]]}},{"type":"Feature","properties":{"UFID":"100035906008A00110100000004575947"},"geometry":{"type":"MultiPolygon","coordinates":[[[[129.4290945,35.7407836],[129.4290266,35.7407612],[129.4289497,35.740747],[129.4289084,35.740741],[129.4288459,35.7407364],[129.4287793,35.7407262],[129.4287513,35.740721],[129.4286725,35.7407066],[129.4286176,35.7406944],[129.4285763,35.7406802],[129.4285483,35.7406641],[129.4285372,35.7406552],[129.4285063,35.7406225],[129.428476,35.7405815],[129.4284439,35.7405334],[129.4284186,35.7405065],[129.4284114,35.7405015],[129.4283872,35.7404932],[129.4283646,35.7404901],[129.4283394,35.7404919],[129.4282641,35.7405005],[129.4282281,35.7405074],[129.4281063,35.7405263],[129.427916,35.7405365],[129.4278905,35.7405363],[129.427844,35.7405284],[129.4277022,35.7404761],[129.4276267,35.7404294],[129.4274692,35.7403088],[129.4274495,35.7403279],[129.4276135,35.7404651],[129.4278228,35.7405587],[129.4278539,35.740563],[129.427872,35.7405636],[129.4279523,35.7405593],[129.428173,35.7405458],[129.4282702,35.7405271],[129.4283431,35.7405188],[129.4283633,35.7405173],[129.4283779,35.7405193],[129.4283937,35.7405248],[129.4283944,35.7405253],[129.4284161,35.7405482],[129.4284472,35.740595],[129.4284789,35.7406378],[129.4285123,35.7406731],[129.428527,35.7406849],[129.4285601,35.740704],[129.4286068,35.7407201],[129.4286645,35.7407328],[129.428744,35.7407474],[129.4287726,35.7407526],[129.4288414,35.7407632],[129.428904,35.7407679],[129.4289432,35.7407735],[129.4289918,35.7407825],[129.4290515,35.7408075],[129.4290945,35.7407836]]]]}},{"type":"Feature","properties":{"UFID":"100035906008A00110100000004575948"},"geometry":{"type":"MultiPolygon","coordinates":[[[[129.4392834,35.7352881],[129.4392886,35.735212],[129.4390571,35.7352975],[129.4390342,35.7353036],[129.4390264,35.7353035],[129.4390547,35.7353786],[129.4392834,35.7352881]]]]}},{"type":"Feature","properties":{"UFID":"100035906008A00110100000004575949"},"geometry":{"type":"MultiPolygon","coordinates":[[[[129.4352457,35.734022],[129.4352455,35.7340179],[129.435246,35.7340145],[129.4352467,35.7340137],[129.4352044,35.7339904],[129.4351998,35.7339981],[129.435197,35.7340052],[129.4351953,35.7340136],[129.4351958,35.7340252],[129.435199,35.7340387],[129.4352134,35.7340529],[129.4352457,35.734022]]]]}},{"type":"Feature","properties":{"UFID":"100035906008A00110100000004575950"},"geometry":{"type":"MultiPolygon","coordinates":[[[[129.4354099,35.7341358],[129.4352457,35.734022],[129.4352134,35.7340529],[129.4353776,35.7341667],[129.4354099,35.7341358]]]]}},{"type":"Feature","properties":{"UFID":"100035906008A00110100000004575951"},"geometry":{"type":"MultiPolygon","coordinates":[[[[129.4341424,35.7330017],[129.4341334,35.7329418],[129.434084,35.7329467],[129.4340931,35.7330067],[129.4341424,35.7330017]]]]}},{"type":"Feature","properties":{"UFID":"100035906008A00110100000004575952"},"geometry":{"type":"MultiPolygon","coordinates":[[[[129.4341424,35.7330017],[129.4340931,35.7330067],[129.4341117,35.733036],[129.4341168,35.7330444],[129.4341434,35.7330676],[129.4341603,35.733075],[129.4341692,35.7330767],[129.4341822,35.7330786],[129.4341905,35.7330785],[129.4342158,35.733078],[129.4342275,35.733077],[129.434306,35.7330655],[129.43437,35.733055],[129.4343947,35.7330528],[129.4344257,35.7330515],[129.4344606,35.7330509],[129.4344701,35.7330506],[129.4344903,35.73305],[129.4345123,35.7330491],[129.434537,35.7330472],[129.4345606,35.7330438],[129.4345768,35.7330398],[129.434607,35.7330304],[129.4346968,35.732996],[129.4347708,35.7329714],[129.434776,35.7329702],[129.4347956,35.7329678],[129.4348,35.7329672],[129.4348042,35.7329671],[129.4348271,35.7329671],[129.4348417,35.7329677],[129.434858,35.7329699],[129.4348715,35.7329743],[129.4349141,35.7330105],[129.4349495,35.7330565],[129.434994,35.7331379],[129.4350612,35.7332601],[129.4351054,35.7333225],[129.4351537,35.7333839],[129.4352042,35.7334356],[129.435257,35.7334837],[129.4353076,35.7335299],[129.4353501,35.7335692],[129.4353826,35.7336045],[129.4353924,35.7336245],[129.4353951,35.7336361],[129.4353963,35.7336443],[129.4353962,35.7336491],[129.4353972,35.7336617],[129.4353972,35.733677],[129.4353896,35.733708],[129.4353435,35.7337871],[129.4352986,35.7338561],[129.4352778,35.7338871],[129.4352421,35.7339374],[129.4352944,35.733957],[129.4352943,35.7339447],[129.435295,35.7339344],[129.4353045,35.7339039],[129.4353071,35.7338997],[129.4353278,35.7338689],[129.4353731,35.7337993],[129.4354214,35.7337166],[129.4354303,35.7336797],[129.4354304,35.7336608],[129.4354294,35.7336484],[129.4354295,35.7336429],[129.4354279,35.733632],[129.4354244,35.7336169],[129.4354118,35.7335911],[129.4353758,35.7335521],[129.4353324,35.733512],[129.4352817,35.7334656],[129.4352295,35.7334182],[129.4351807,35.7333682],[129.4351338,35.7333084],[129.4350908,35.7332478],[129.4350243,35.7331269],[129.4349789,35.7330437],[129.4349404,35.7329938],[129.4348904,35.7329514],[129.4348669,35.7329437],[129.4348453,35.7329408],[129.434828,35.73294],[129.4348038,35.73294],[129.4347965,35.7329402],[129.4347901,35.7329412],[129.4347691,35.7329437],[129.43476,35.7329458],[129.4346835,35.7329712],[129.434594,35.7330055],[129.4345661,35.7330142],[129.4345529,35.7330174],[129.4345325,35.7330204],[129.4345099,35.7330221],[129.4344889,35.733023],[129.434469,35.7330236],[129.4344597,35.7330238],[129.4344245,35.7330244],[129.434392,35.7330258],[129.4343649,35.7330283],[129.4342998,35.7330389],[129.4342228,35.7330502],[129.4342137,35.733051],[129.4341899,35.7330514],[129.4341849,35.7330515],[129.4341759,35.7330502],[129.4341722,35.7330495],[129.4341639,35.7330458],[129.4341444,35.7330289],[129.434143,35.7330266],[129.4341424,35.7330017]]]]}},{"type":"Feature","properties":{"UFID":"100035906008A00110100000004575953"},"geometry":{"type":"MultiPolygon","coordinates":[[[[129.4341334,35.7329418],[129.4341241,35.7329129],[129.4341248,35.7329123],[129.4341272,35.7329104],[129.4341708,35.7328811],[129.4342323,35.7328447],[129.4342953,35.7328071],[129.4343096,35.7327966],[129.4343512,35.7327668],[129.4343889,35.7327322],[129.4344197,35.7326974],[129.4344539,35.7326457],[129.4344831,35.7325852],[129.4345063,35.7325286],[129.434518,35.7324834],[129.4345187,35.7324693],[129.4345189,35.7324448],[129.4345182,35.7324325],[129.4345164,35.7324187],[129.4345153,35.7324122],[129.43451,35.7323864],[129.4344945,35.7323475],[129.4344696,35.7323039],[129.4344348,35.7322615],[129.4343809,35.7322153],[129.4343214,35.7321671],[129.4342708,35.7321251],[129.4342219,35.7320756],[129.4341702,35.7320176],[129.43411,35.731956],[129.4340535,35.7319033],[129.4340205,35.731868],[129.4339988,35.7318356],[129.4339922,35.7318219],[129.4339826,35.7318007],[129.4339794,35.7317916],[129.433962,35.73172],[129.4339518,35.7316889],[129.4339227,35.7316383],[129.4338934,35.7315783],[129.4338807,35.7315221],[129.4338799,35.7315149],[129.4338792,35.7315],[129.4338791,35.7314932],[129.4338792,35.7314775],[129.4338797,35.7314712],[129.4338885,35.7314141],[129.4339064,35.7313511],[129.433916,35.7312684],[129.4339145,35.731237],[129.4339143,35.7312306],[129.4339119,35.7312097],[129.4339112,35.7312031],[129.433903,35.7311731],[129.4338849,35.7311224],[129.4338538,35.7310642],[129.4338401,35.7310401],[129.4338066,35.7309913],[129.433767,35.7309455],[129.4337209,35.7308994],[129.4336722,35.7308538],[129.4336244,35.7308008],[129.4335794,35.730744],[129.4335277,35.7306792],[129.4334566,35.7305843],[129.4334054,35.7305229],[129.4333594,35.7304767],[129.4333423,35.7304619],[129.4332927,35.7304254],[129.4332687,35.7304126],[129.433252,35.7304058],[129.4332233,35.7303952],[129.4331664,35.7303787],[129.4330846,35.7303638],[129.4330519,35.7303613],[129.4330321,35.7303606],[129.4330157,35.7303599],[129.4329996,35.7303603],[129.4329752,35.7303615],[129.4329132,35.7303704],[129.4328255,35.7303939],[129.4328024,35.7304019],[129.4327211,35.7304328],[129.4326901,35.730445],[129.4326397,35.7304699],[129.4325945,35.730496],[129.4325521,35.7305269],[129.43252,35.7305619],[129.4324947,35.730598],[129.4324704,35.7306463],[129.4324674,35.7306531],[129.4324638,35.7306615],[129.432442,35.7307116],[129.432421,35.7307466],[129.4324124,35.7307571],[129.4323734,35.7307881],[129.4323378,35.7308024],[129.4323031,35.73081],[129.43226,35.7308146],[129.4322541,35.7308147],[129.4322221,35.7308156],[129.4321728,35.7308134],[129.4321449,35.7308073],[129.4321322,35.7308023],[129.432114,35.7307892],[129.4321007,35.7307775],[129.432095,35.7307721],[129.4320701,35.73079],[129.4320759,35.7307955],[129.4320908,35.7308085],[129.4321137,35.7308251],[129.4321334,35.7308327],[129.4321676,35.7308403],[129.4322218,35.7308427],[129.4322552,35.7308418],[129.4322628,35.7308415],[129.4323096,35.7308366],[129.4323496,35.7308279],[129.4323928,35.7308104],[129.432438,35.7307745],[129.4324498,35.7307602],[129.4324726,35.7307221],[129.432495,35.7306705],[129.4324987,35.7306621],[129.4325014,35.730656],[129.4325246,35.7306098],[129.4325478,35.7305768],[129.4325767,35.7305453],[129.4326152,35.7305171],[129.4326579,35.7304926],[129.4327059,35.7304687],[129.4327353,35.7304572],[129.4328159,35.7304266],[129.4328371,35.7304192],[129.4329213,35.7303967],[129.4329791,35.7303884],[129.4330012,35.7303874],[129.4330154,35.730387],[129.4330305,35.7303876],[129.4330496,35.7303883],[129.4330795,35.7303905],[129.4331572,35.7304047],[129.4332109,35.7304203],[129.4332377,35.7304302],[129.4332522,35.7304361],[129.4332724,35.7304469],[129.4333191,35.7304813],[129.4333344,35.7304945],[129.4333788,35.7305391],[129.4334287,35.7305989],[129.4334996,35.7306936],[129.4335515,35.7307587],[129.4335971,35.7308162],[129.4336463,35.7308707],[129.4336955,35.7309168],[129.4337406,35.7309618],[129.4337785,35.7310057],[129.4338106,35.7310524],[129.4338235,35.7310753],[129.4338536,35.7311317],[129.4338708,35.7311798],[129.4338783,35.7312073],[129.4338789,35.7312122],[129.4338812,35.7312323],[129.4338814,35.731238],[129.4338828,35.7312676],[129.4338736,35.7313467],[129.4338558,35.7314094],[129.4338466,35.7314686],[129.433846,35.7314766],[129.433846,35.7314934],[129.4338461,35.7315006],[129.4338468,35.7315166],[129.4338478,35.7315258],[129.4338614,35.7315858],[129.4338923,35.7316491],[129.4339206,35.7316982],[129.4339297,35.7317262],[129.4339471,35.731798],[129.4339511,35.7318091],[129.4339612,35.7318315],[129.4339687,35.7318471],[129.4339926,35.7318828],[129.4340278,35.7319204],[129.4340845,35.7319733],[129.4341438,35.732034],[129.4341956,35.7320921],[129.434246,35.7321431],[129.4342979,35.7321861],[129.4343572,35.7322342],[129.4344088,35.7322784],[129.4344406,35.7323172],[129.4344636,35.7323574],[129.4344777,35.7323929],[129.4344826,35.7324163],[129.4344835,35.732422],[129.4344852,35.7324345],[129.4344857,35.7324453],[129.4344855,35.7324687],[129.434485,35.7324801],[129.4344743,35.7325215],[129.434452,35.7325759],[129.4344238,35.7326342],[129.4343915,35.732683],[129.4343629,35.7327152],[129.4343278,35.7327476],[129.4342876,35.7327764],[129.4342743,35.7327861],[129.4342128,35.7328229],[129.4341505,35.7328597],[129.4341052,35.7328901],[129.4341006,35.7328937],[129.4340949,35.7328992],[129.4340916,35.7329059],[129.434084,35.7329467],[129.4341334,35.7329418]]]]}},{"type":"Feature","properties":{"UFID":"100035906008A00110100000004575954"},"geometry":{"type":"MultiPolygon","coordinates":[[[[129.4417152,35.7319032],[129.4417031,35.731899],[129.4416652,35.7319391],[129.4416738,35.7319379],[129.4416939,35.7319448],[129.4417152,35.7319032]]]]}},{"type":"Feature","properties":{"UFID":"100035906008A00110100000004575955"},"geometry":{"type":"MultiPolygon","coordinates":[[[[129.4419396,35.7319796],[129.4417152,35.7319032],[129.4416939,35.7319448],[129.4419183,35.7320212],[129.4419396,35.7319796]]]]}},{"type":"Feature","properties":{"UFID":"100035906017A00110100000004575956"},"geometry":{"type":"MultiPolygon","coordinates":[[[[129.4154739,35.7227859],[129.415409,35.7227855],[129.4154094,35.7227882],[129.4153718,35.7229145],[129.4153699,35.7229209],[129.4153414,35.7229814],[129.4153409,35.7229841],[129.415322,35.7231261],[129.4153013,35.7233013],[129.4152887,35.7233825],[129.4152789,35.723446],[129.4152705,35.7234957],[129.4152604,35.7235556],[129.4152433,35.7236691],[129.4152224,35.7238078],[129.4151984,35.7239769],[129.4151983,35.7239855],[129.4151987,35.7240025],[129.41522,35.7240798],[129.4152781,35.724088],[129.4152735,35.7240783],[129.4152695,35.7240598],[129.4152643,35.7239761],[129.415286,35.7238164],[129.4153087,35.7236804],[129.4153313,35.7235412],[129.4153517,35.7234054],[129.4153575,35.7233656],[129.4153751,35.7232457],[129.4153919,35.7231065],[129.415405,35.7230157],[129.4154072,35.723005],[129.4154513,35.7228893],[129.4154739,35.7227859]]]]}},{"type":"Feature","properties":{"UFID":"100035906017A00110100000004575957"},"geometry":{"type":"MultiPolygon","coordinates":[[[[129.4154613,35.7226059],[129.415407,35.722614],[129.4154202,35.7226678],[129.4154227,35.7226793],[129.4154222,35.722682],[129.4154807,35.7226831],[129.4154613,35.7226059]]]]}},{"type":"Feature","properties":{"UFID":"100035906017A00110100000004575958"},"geometry":{"type":"MultiPolygon","coordinates":[[[[129.4154485,35.722535],[129.4154341,35.7224648],[129.4154121,35.7223997],[129.4154089,35.7223954],[129.4153341,35.7223267],[129.4153107,35.7222976],[129.4152727,35.7223066],[129.4152684,35.722308],[129.415212,35.7223165],[129.4152032,35.7223172],[129.4152414,35.7223233],[129.4152542,35.7223269],[129.4152604,35.7223302],[129.4153441,35.7224035],[129.4153529,35.7224123],[129.4153578,35.7224217],[129.4153853,35.7225258],[129.4153896,35.7225436],[129.4154485,35.722535]]]]}},{"type":"Feature","properties":{"UFID":"100035906017A00110100000004575959"},"geometry":{"type":"MultiPolygon","coordinates":[[[[129.4156188,35.7242451],[129.4155476,35.7242152],[129.415436,35.7241767],[129.4153424,35.7241469],[129.4153288,35.7241418],[129.4153152,35.7241333],[129.4152824,35.7240933],[129.4152781,35.724088],[129.4152824,35.7241385],[129.4152834,35.7241498],[129.4153522,35.7241902],[129.4154785,35.7242232],[129.4154868,35.7242276],[129.4154958,35.7242337],[129.4155487,35.724276],[129.4156188,35.7242451]]]]}},{"type":"Feature","properties":{"UFID":"100035906017A00110100000004575960"},"geometry":{"type":"MultiPolygon","coordinates":[[[[129.4156188,35.7242451],[129.4156422,35.7243031],[129.4156471,35.7242967],[129.4156566,35.7242928],[129.4156796,35.7242904],[129.415773,35.724284],[129.4157792,35.7242829],[129.4158685,35.7242647],[129.4158795,35.7242594],[129.4158928,35.724252],[129.4159006,35.7242438],[129.4159078,35.7242306],[129.415929,35.7241564],[129.4159449,35.724051],[129.4159636,35.7239552],[129.415995,35.7238182],[129.4160221,35.7237211],[129.416047,35.7236172],[129.4160723,35.7235134],[129.416096,35.723398],[129.4161032,35.7233016],[129.4161026,35.7232293],[129.4161126,35.7231546],[129.4161325,35.723086],[129.4161397,35.7230698],[129.4160885,35.7230583],[129.4160749,35.7231402],[129.4160693,35.7232075],[129.4160658,35.7233146],[129.4160565,35.7234063],[129.4160395,35.7235056],[129.4160108,35.7236455],[129.4159757,35.7237769],[129.4159387,35.7239085],[129.4159077,35.7240504],[129.4158777,35.7241985],[129.4158722,35.7242098],[129.4158673,35.7242195],[129.4158607,35.7242264],[129.4158534,35.7242313],[129.4158453,35.724236],[129.4158351,35.7242398],[129.4158039,35.7242454],[129.415743,35.7242495],[129.415716,35.7242507],[129.4156933,35.7242513],[129.4156602,35.7242496],[129.4156453,35.7242486],[129.4156188,35.7242451]]]]}},{"type":"Feature","properties":{"UFID":"100035906017A00110100000004575961"},"geometry":{"type":"MultiPolygon","coordinates":[[[[129.4156422,35.7243031],[129.4156188,35.7242451],[129.4155487,35.724276],[129.4155652,35.7242893],[129.4155956,35.7243192],[129.4156422,35.7243031]]]]}},{"type":"Feature","properties":{"UFID":"100035906017A00110100000004575962"},"geometry":{"type":"MultiPolygon","coordinates":[[[[129.4152781,35.724088],[129.41522,35.7240798],[129.4152331,35.7241275],[129.4152342,35.7241382],[129.4152344,35.7241412],[129.4152834,35.7241498],[129.4152824,35.7241385],[129.4152781,35.724088]]]]}},{"type":"Feature","properties":{"UFID":"100035906017A00110100000004575963"},"geometry":{"type":"MultiPolygon","coordinates":[[[[129.4154807,35.7226831],[129.4154222,35.722682],[129.415409,35.7227855],[129.4154739,35.7227859],[129.4154753,35.7227796],[129.4154777,35.7227642],[129.4154811,35.7227424],[129.4154837,35.722695],[129.4154807,35.7226831]]]]}},{"type":"Feature","properties":{"UFID":"100035906017A00110100000004575964"},"geometry":{"type":"MultiPolygon","coordinates":[[[[129.4154613,35.7226059],[129.4154485,35.722535],[129.4153896,35.7225436],[129.415407,35.722614],[129.4154613,35.7226059]]]]}},{"type":"Feature","properties":{"UFID":"100035906017A00110100000004575965"},"geometry":{"type":"MultiPolygon","coordinates":[[[[129.4164382,35.7184875],[129.4164017,35.7184724],[129.4163972,35.7184792],[129.4163389,35.7185442],[129.4163171,35.718565],[129.4162355,35.7186396],[129.4161967,35.7186722],[129.4161243,35.7187365],[129.4160775,35.7187847],[129.415913,35.7189435],[129.4158139,35.7190669],[129.4156455,35.7192918],[129.4153703,35.7196484],[129.4152703,35.7197735],[129.415163,35.7199172],[129.4148876,35.7202963],[129.4147904,35.7204318],[129.4145878,35.7206902],[129.4145509,35.7207273],[129.414549,35.72073],[129.4145452,35.7207326],[129.4145284,35.7207452],[129.4144858,35.7207803],[129.4144503,35.7208224],[129.4144349,35.7208466],[129.4143895,35.7209341],[129.4143649,35.7209757],[129.4143295,35.7210548],[129.4143095,35.7211206],[129.4143084,35.7211322],[129.4143059,35.7211457],[129.4143048,35.7211719],[129.4143044,35.7211785],[129.4143071,35.7212003],[129.4143101,35.7212157],[129.414318,35.7212313],[129.4143476,35.7212189],[129.4143422,35.7212084],[129.41434,35.7211968],[129.4143377,35.7211778],[129.4143379,35.721173],[129.4143389,35.7211482],[129.4143413,35.7211352],[129.4143423,35.7211249],[129.4143613,35.7210627],[129.4143955,35.7209862],[129.4144197,35.7209452],[129.4144649,35.7208582],[129.4144788,35.7208363],[129.4145114,35.7207976],[129.4145513,35.7207647],[129.4145672,35.7207529],[129.4145748,35.7207476],[129.4145783,35.7207427],[129.4146148,35.720706],[129.4148187,35.7204459],[129.4149162,35.72031],[129.4151914,35.7199312],[129.4152983,35.7197879],[129.4153982,35.719663],[129.4156739,35.7193057],[129.4158419,35.7190813],[129.4159396,35.7189597],[129.4161032,35.7188018],[129.4161495,35.718754],[129.4162208,35.7186907],[129.4162597,35.718658],[129.4163421,35.7185828],[129.4163643,35.7185616],[129.4164288,35.7184975],[129.4164382,35.7184875]]]]}},{"type":"Feature","properties":{"UFID":"100035906017A00110100000004575966"},"geometry":{"type":"MultiPolygon","coordinates":[[[[129.4177552,35.7187885],[129.417693,35.7187393],[129.417648,35.7186856],[129.4176272,35.718652],[129.4175569,35.718569],[129.4175123,35.7185061],[129.4174747,35.7184451],[129.4174269,35.7183514],[129.4173956,35.7182706],[129.4173724,35.7182172],[129.4173559,35.7181785],[129.4173158,35.7181644],[129.4173235,35.718185],[129.4173412,35.7182262],[129.4173642,35.7182792],[129.4173957,35.7183607],[129.4174445,35.7184563],[129.4174832,35.7185189],[129.4175288,35.7185835],[129.4175991,35.7186664],[129.4176277,35.7187024],[129.4176952,35.7187838],[129.4177089,35.7188112],[129.4177552,35.7187885]]]]}},{"type":"Feature","properties":{"UFID":"100035906017A00110100000004575967"},"geometry":{"type":"MultiPolygon","coordinates":[[[[129.4144792,35.7184029],[129.4144382,35.7184023],[129.4144383,35.7184099],[129.414428,35.7184274],[129.4143863,35.7184863],[129.4143476,35.7185338],[129.4142757,35.718585],[129.4143268,35.7186061],[129.414375,35.718549],[129.4144144,35.7185005],[129.4144574,35.7184401],[129.4144741,35.7184115],[129.4144792,35.7184029]]]]}},{"type":"Feature","properties":{"UFID":"100035906017A00110100000004575968"},"geometry":{"type":"MultiPolygon","coordinates":[[[[129.415341,35.7222595],[129.4153055,35.7222465],[129.4152816,35.7222645],[129.4153107,35.7222976],[129.415341,35.7222595]]]]}},{"type":"Feature","properties":{"UFID":"100035906017A00110100000004575969"},"geometry":{"type":"MultiPolygon","coordinates":[[[[129.4150722,35.7222606],[129.4150015,35.7222581],[129.4149982,35.7223136],[129.4150662,35.7223164],[129.4150722,35.7222606]]]]}},{"type":"Feature","properties":{"UFID":"100035906017A00110100000004575970"},"geometry":{"type":"MultiPolygon","coordinates":[[[[129.416568,35.7212928],[129.4165424,35.7212645],[129.416523,35.7212779],[129.4164449,35.7213344],[129.416392,35.7213868],[129.416352,35.7214166],[129.4162943,35.7214313],[129.4162883,35.7214323],[129.4162704,35.7214328],[129.4162513,35.7214328],[129.4162457,35.721433],[129.4162252,35.7214321],[129.4161348,35.7214247],[129.4160096,35.7214184],[129.4159123,35.7214183],[129.4158556,35.7214247],[129.4158363,35.7214296],[129.4158287,35.721432],[129.4158223,35.721434],[129.4157891,35.7214484],[129.4157692,35.721462],[129.4157661,35.7214649],[129.4157467,35.721483],[129.4156869,35.7215649],[129.4156696,35.7215917],[129.4156539,35.7216206],[129.4156122,35.7216988],[129.4155807,35.721774],[129.4155545,35.7218287],[129.4155452,35.7218458],[129.4155376,35.7218551],[129.4154644,35.7219207],[129.4153917,35.7219935],[129.41535,35.7220402],[129.4153295,35.7220802],[129.4153174,35.7221449],[129.4153127,35.7222204],[129.4153109,35.7222344],[129.4153055,35.7222465],[129.415341,35.7222595],[129.4153458,35.7222225],[129.4153504,35.7221476],[129.4153616,35.7220875],[129.4153791,35.7220535],[129.415418,35.72201],[129.4154895,35.7219383],[129.4155637,35.7218718],[129.4155744,35.7218589],[129.4155851,35.7218391],[129.4156119,35.7217833],[129.4156431,35.7217086],[129.4156843,35.7216314],[129.4156994,35.7216034],[129.4157158,35.7215782],[129.4157736,35.721499],[129.415791,35.7214828],[129.4157924,35.7214815],[129.4158078,35.721471],[129.415836,35.7214586],[129.4158405,35.7214573],[129.4158472,35.7214552],[129.4158629,35.7214511],[129.4159145,35.7214453],[129.4160085,35.7214454],[129.4161321,35.7214517],[129.4162227,35.7214591],[129.4162457,35.7214601],[129.4162522,35.7214598],[129.416271,35.7214598],[129.4162922,35.7214593],[129.4163026,35.7214575],[129.4163689,35.7214406],[129.4164161,35.7214055],[129.4164688,35.7213532],[129.4165439,35.7212989],[129.4165518,35.7212942],[129.416568,35.7212928]]]]}},{"type":"Feature","properties":{"UFID":"100035906017A00110100000004575971"},"geometry":{"type":"MultiPolygon","coordinates":[[[[129.4142467,35.7186416],[129.4142757,35.718585],[129.4142073,35.7186201],[129.4141317,35.7186499],[129.4141572,35.7186895],[129.4142212,35.7186535],[129.4142431,35.7186409],[129.4142454,35.7186409],[129.4142467,35.7186416]]]]}},{"type":"Feature","properties":{"UFID":"100035906017A00110100000004575972"},"geometry":{"type":"MultiPolygon","coordinates":[[[[129.4143268,35.7186061],[129.4142757,35.718585],[129.4142467,35.7186416],[129.4142821,35.7186505],[129.4142986,35.7186343],[129.4143268,35.7186061]]]]}},{"type":"Feature","properties":{"UFID":"100035906017A00110100000004575973"},"geometry":{"type":"MultiPolygon","coordinates":[[[[129.4159992,35.7221384],[129.4159932,35.7221366],[129.4159921,35.7221307],[129.4159928,35.7221272],[129.4160215,35.7220961],[129.4160384,35.7220537],[129.4160069,35.7220453],[129.4159916,35.7220834],[129.4159613,35.7221164],[129.4159383,35.7221405],[129.4159255,35.7221482],[129.4159992,35.7221384]]]]}},{"type":"Feature","properties":{"UFID":"100035906017A00110100000004575974"},"geometry":{"type":"MultiPolygon","coordinates":[[[[129.4166453,35.7213454],[129.4166349,35.7213219],[129.4166083,35.7212858],[129.4166034,35.7212791],[129.4166033,35.7212648],[129.416568,35.7212928],[129.4165767,35.7212953],[129.4165798,35.7212997],[129.4166044,35.7213331],[129.416612,35.7213524],[129.4166453,35.7213454]]]]}},{"type":"Feature","properties":{"UFID":"100035906017A00110100000004575975"},"geometry":{"type":"MultiPolygon","coordinates":[[[[129.4166033,35.7212648],[129.416574,35.7212408],[129.4165549,35.7212558],[129.4165424,35.7212645],[129.416568,35.7212928],[129.4166033,35.7212648]]]]}},{"type":"Feature","properties":{"UFID":"100035906017A00110100000004575976"},"geometry":{"type":"MultiPolygon","coordinates":[[[[129.4166643,35.721406],[129.4166589,35.7213797],[129.4166511,35.7213584],[129.4166453,35.7213454],[129.416612,35.7213524],[129.41663,35.7214249],[129.4166643,35.721406]]]]}},{"type":"Feature","properties":{"UFID":"100035906017A00110100000004575977"},"geometry":{"type":"MultiPolygon","coordinates":[[[[129.4166643,35.721406],[129.41663,35.7214249],[129.4166283,35.7214548],[129.4166283,35.7214605],[129.4166288,35.721467],[129.4166619,35.7214653],[129.4166614,35.7214596],[129.4166614,35.7214554],[129.4166643,35.721406]]]]}},{"type":"Feature","properties":{"UFID":"100035906017A00110100000004575978"},"geometry":{"type":"MultiPolygon","coordinates":[[[[129.41663,35.7214249],[129.416612,35.7213524],[129.4166099,35.7213827],[129.4165857,35.7214429],[129.4165612,35.7215006],[129.4165436,35.7215206],[129.4165292,35.7215368],[129.4165085,35.7215705],[129.4164808,35.721632],[129.4164786,35.7216344],[129.4164707,35.7216381],[129.4164672,35.7216394],[129.4163858,35.7216624],[129.4163967,35.7216879],[129.4164796,35.7216645],[129.4164858,35.7216621],[129.4165012,35.7216551],[129.4165103,35.7216448],[129.4165389,35.7215813],[129.4165576,35.7215509],[129.4165705,35.7215364],[129.4165909,35.7215131],[129.4166172,35.7214515],[129.416628,35.7214246],[129.4166287,35.7214243],[129.41663,35.7214249]]]]}},{"type":"Feature","properties":{"UFID":"100035906017A00110100000004575979"},"geometry":{"type":"MultiPolygon","coordinates":[[[[129.4164727,35.7184513],[129.4164346,35.7184276],[129.4164017,35.7184724],[129.4164382,35.7184875],[129.4164727,35.7184513]]]]}},{"type":"Feature","properties":{"UFID":"100035906017A00110100000004575980"},"geometry":{"type":"MultiPolygon","coordinates":[[[[129.4178135,35.7188269],[129.4177552,35.7187885],[129.4177089,35.7188112],[129.4177851,35.7188569],[129.4178135,35.7188269]]]]}},{"type":"Feature","properties":{"UFID":"100035906017A00110100000004575981"},"geometry":{"type":"MultiPolygon","coordinates":[[[[129.4177851,35.7188569],[129.4177089,35.7188112],[129.4177101,35.718821],[129.4177101,35.7188807],[129.4177013,35.719059],[129.4177083,35.7190878],[129.4177212,35.7191094],[129.4177488,35.7191552],[129.4177852,35.7192055],[129.4178123,35.719244],[129.4178136,35.7192457],[129.4178174,35.719262],[129.4178169,35.7192717],[129.4178161,35.7192742],[129.4178149,35.7192784],[129.417793,35.7193129],[129.4177376,35.719396],[129.417677,35.7194883],[129.4176565,35.7195161],[129.4176529,35.7195353],[129.4176508,35.7195528],[129.4176428,35.7196085],[129.417634,35.7196649],[129.4176126,35.7197362],[129.4175846,35.7198011],[129.4175458,35.719867],[129.4175429,35.7198724],[129.4175137,35.7199169],[129.4175112,35.7199223],[129.4174904,35.7199702],[129.4174855,35.7199886],[129.4174796,35.7200033],[129.4174538,35.7200492],[129.4174253,35.7200944],[129.4174211,35.7201007],[129.4173849,35.7201426],[129.4173368,35.7201872],[129.4173328,35.7201903],[129.4172924,35.7202148],[129.417233,35.7202452],[129.4171758,35.7202769],[129.4171239,35.7203272],[129.4170893,35.72037],[129.4170646,35.7204103],[129.4170239,35.7204895],[129.4169689,35.7206004],[129.4169665,35.7206075],[129.4169576,35.7206606],[129.4169567,35.7206874],[129.4169609,35.7207154],[129.4169609,35.7207182],[129.4169606,35.7207215],[129.4169601,35.7207327],[129.4169534,35.7207624],[129.4169287,35.7208142],[129.4169111,35.7208406],[129.4168617,35.7209083],[129.4168065,35.7209826],[129.4167477,35.7210514],[129.4166835,35.7211221],[129.4166296,35.7211862],[129.4165798,35.7212363],[129.416574,35.7212408],[129.4166033,35.7212648],[129.4166076,35.7212512],[129.4166562,35.7212023],[129.4167105,35.7211378],[129.4167747,35.7210671],[129.4168343,35.7209974],[129.4168901,35.7209222],[129.4169399,35.720854],[129.4169588,35.7208256],[129.4169854,35.7207698],[129.4169932,35.7207357],[129.4169938,35.7207228],[129.416994,35.7207191],[129.4169941,35.7207138],[129.4169896,35.7206841],[129.4169907,35.720663],[129.416999,35.7206129],[129.4170003,35.7206091],[129.4170546,35.7204998],[129.4170948,35.7204216],[129.417118,35.7203835],[129.4171505,35.7203435],[129.4171983,35.7202972],[129.4172512,35.7202679],[129.4173112,35.7202371],[129.4173542,35.720211],[129.4173607,35.720206],[129.417411,35.7201594],[129.4174492,35.7201151],[129.4174546,35.7201072],[129.4174836,35.720061],[129.4175105,35.7200132],[129.4175175,35.7199956],[129.4175223,35.7199777],[129.4175424,35.7199316],[129.417544,35.7199281],[129.4175728,35.7198842],[129.417576,35.7198783],[129.4176153,35.7198115],[129.4176445,35.7197439],[129.4176667,35.7196698],[129.4176757,35.7196118],[129.4176838,35.7195557],[129.4176858,35.7195386],[129.417692,35.7195214],[129.4177055,35.7195021],[129.4177668,35.7194088],[129.4178223,35.7193256],[129.4178461,35.7192879],[129.4178482,35.7192809],[129.4178499,35.7192758],[129.4178507,35.71926],[129.417845,35.7192357],[129.4178407,35.7192301],[129.4178138,35.7191919],[129.417778,35.7191423],[129.4177443,35.7190946],[129.4177429,35.7189686],[129.4177474,35.7188697],[129.4177666,35.7188588],[129.4177851,35.7188569]]]]}},{"type":"Feature","properties":{"UFID":"100035906017A00110100000004575982"},"geometry":{"type":"MultiPolygon","coordinates":[[[[129.4159296,35.7221716],[129.4159255,35.7221482],[129.4159073,35.7221506],[129.4158857,35.7221526],[129.4158154,35.7221553],[129.4157817,35.7221547],[129.4157154,35.7221502],[129.4156836,35.7221478],[129.4156478,35.7221491],[129.4156308,35.7221519],[129.4155693,35.7221722],[129.4155561,35.7221791],[129.4155132,35.7222054],[129.4154689,35.7222473],[129.4154276,35.7222871],[129.4154126,35.7222986],[129.415408,35.7223008],[129.4153928,35.7222987],[129.4153713,35.7222927],[129.41535,35.7222825],[129.415344,35.7222737],[129.415341,35.7222595],[129.4153107,35.7222976],[129.4153206,35.7222999],[129.4153574,35.7223173],[129.4153846,35.722325],[129.4154143,35.722329],[129.4154415,35.7223273],[129.4155164,35.72225],[129.415562,35.7222058],[129.4155992,35.7221943],[129.4156447,35.7221809],[129.4156877,35.7221804],[129.4158312,35.7221786],[129.4159296,35.7221716]]]]}},{"type":"Feature","properties":{"UFID":"100035906017A00110100000004575983"},"geometry":{"type":"MultiPolygon","coordinates":[[[[129.4154485,35.722535],[129.4154613,35.7226059],[129.4154792,35.7225957],[129.4156614,35.7225766],[129.4157396,35.7225644],[129.4159543,35.7224972],[129.4160882,35.7224706],[129.4162513,35.7224435],[129.4164156,35.7224222],[129.4164812,35.7224229],[129.416544,35.7224349],[129.4165945,35.7224556],[129.4167243,35.7225502],[129.4167536,35.722511],[129.4166525,35.7224425],[129.4165825,35.7224149],[129.4165163,35.7224003],[129.4164398,35.7223926],[129.4163678,35.7223989],[129.4162259,35.7224225],[129.4159386,35.7224782],[129.4157101,35.7225511],[129.4155042,35.7225486],[129.4154485,35.722535]]]]}},{"type":"Feature","properties":{"UFID":"100035906017A00110100000004575984"},"geometry":{"type":"MultiPolygon","coordinates":[[[[129.4160026,35.7221664],[129.4159992,35.7221384],[129.4159255,35.7221482],[129.4159296,35.7221716],[129.4159508,35.7221701],[129.4160026,35.7221664]]]]}},{"type":"Feature","properties":{"UFID":"100035906017A00110100000004575985"},"geometry":{"type":"MultiPolygon","coordinates":[[[[129.4159992,35.7221384],[129.4160026,35.7221664],[129.4160371,35.7221639],[129.4161186,35.7221476],[129.4161927,35.7221241],[129.4162617,35.7221076],[129.4163084,35.7221023],[129.4163655,35.7221036],[129.41644,35.7221129],[129.4165231,35.7221195],[129.4166237,35.7221066],[129.4167084,35.7220784],[129.4166995,35.7220551],[129.4166314,35.722081],[129.4165983,35.7220889],[129.416525,35.7220975],[129.4164142,35.7220895],[129.4163307,35.7220829],[129.4162604,35.7220871],[129.4161841,35.7221048],[129.4160869,35.7221324],[129.4159992,35.7221384]]]]}},{"type":"Feature","properties":{"UFID":"100035906017A00110100000004575986"},"geometry":{"type":"MultiPolygon","coordinates":[[[[129.4153107,35.7222976],[129.4152816,35.7222645],[129.415279,35.7222664],[129.4152692,35.7222676],[129.4152047,35.7222653],[129.4152032,35.7223172],[129.415212,35.7223165],[129.4152684,35.722308],[129.4152727,35.7223066],[129.4153107,35.7222976]]]]}},{"type":"Feature","properties":{"UFID":"100035906017A00110100000004575987"},"geometry":{"type":"MultiPolygon","coordinates":[[[[129.4152047,35.7222653],[129.4150722,35.7222606],[129.4150662,35.7223164],[129.4150928,35.722316],[129.4152032,35.7223172],[129.4152047,35.7222653]]]]}},{"type":"Feature","properties":{"UFID":"100035906017A00110100000004575988"},"geometry":{"type":"MultiPolygon","coordinates":[[[[129.4150662,35.7223164],[129.4149982,35.7223136],[129.4150002,35.7223484],[129.4150602,35.7223529],[129.4150662,35.7223164]]]]}},{"type":"Feature","properties":{"UFID":"100035906017A00110100000004575989"},"geometry":{"type":"MultiPolygon","coordinates":[[[[129.4154222,35.722682],[129.4153926,35.7227065],[129.4153887,35.7227075],[129.4151088,35.7227075],[129.4150846,35.7226899],[129.4150856,35.72255],[129.4150938,35.7224128],[129.4150938,35.722404],[129.4150602,35.7223529],[129.4150002,35.7223484],[129.4150029,35.722353],[129.4150495,35.7224086],[129.4150495,35.722413],[129.4150449,35.7225991],[129.4150442,35.7227409],[129.4153694,35.7227432],[129.4153741,35.7227462],[129.415409,35.7227855],[129.4154222,35.722682]]]]}},{"type":"Feature","properties":{"UFID":"100035906017A00110100000004575990"},"geometry":{"type":"MultiPolygon","coordinates":[[[[129.4142626,35.7219511],[129.4139633,35.7217847],[129.4139256,35.7217279],[129.4139037,35.7216995],[129.4138732,35.7219303],[129.4139256,35.7218962],[129.4139534,35.7218751],[129.414256,35.7220447],[129.4142626,35.7219511]]]]}},{"type":"Feature","properties":{"UFID":"100035906018A00110100000004575991"},"geometry":{"type":"MultiPolygon","coordinates":[[[[129.4476297,35.7021557],[129.4475918,35.7021058],[129.447592,35.7021132],[129.4475768,35.7021704],[129.4475767,35.7021789],[129.4476209,35.7023397],[129.4476749,35.7023224],[129.4476132,35.7021836],[129.4476122,35.7021756],[129.4476127,35.7021711],[129.4476201,35.7021555],[129.4476245,35.7021549],[129.4476297,35.7021557]]]]}},{"type":"Feature","properties":{"UFID":"100035906018A00110100000004575992"},"geometry":{"type":"MultiPolygon","coordinates":[[[[129.439641,35.7234505],[129.4395715,35.7234253],[129.4395533,35.7234205],[129.4395027,35.7234038],[129.4394906,35.7234285],[129.4395324,35.7234494],[129.4395355,35.7234544],[129.4395354,35.7234596],[129.439641,35.7234505]]]]}},{"type":"Feature","properties":{"UFID":"100035906018A00110100000004575993"},"geometry":{"type":"MultiPolygon","coordinates":[[[[129.439641,35.7234505],[129.4395354,35.7234596],[129.4395559,35.7234973],[129.4395639,35.7234951],[129.439577,35.7234927],[129.4395902,35.7234921],[129.4396065,35.7234924],[129.4396664,35.7235044],[129.4396772,35.7235092],[129.439641,35.7234505]]]]}},{"type":"Feature","properties":{"UFID":"100035906018A00110100000004575994"},"geometry":{"type":"MultiPolygon","coordinates":[[[[129.4476664,35.7021266],[129.4476297,35.7021557],[129.4476799,35.7022093],[129.4477442,35.702336],[129.4477792,35.702324],[129.4477207,35.7022027],[129.447698,35.7021644],[129.4476664,35.7021266]]]]}},{"type":"Feature","properties":{"UFID":"100035906018A00110100000004575995"},"geometry":{"type":"MultiPolygon","coordinates":[[[[129.4476664,35.7021266],[129.4476597,35.7021187],[129.4476171,35.7020795],[129.4475918,35.7021058],[129.4476297,35.7021557],[129.4476664,35.7021266]]]]}},{"type":"Feature","properties":{"UFID":"100035906018A00110100000004575996"},"geometry":{"type":"MultiPolygon","coordinates":[[[[129.4476171,35.7020795],[129.4476026,35.7020662],[129.447565,35.7020127],[129.4475598,35.7019932],[129.4475588,35.7019844],[129.4475576,35.7019756],[129.4475579,35.7019559],[129.4475655,35.7019231],[129.447587,35.7018729],[129.4476259,35.7018012],[129.447629,35.7017914],[129.4476329,35.7017813],[129.4476409,35.7017441],[129.44765,35.7016818],[129.4476607,35.7015608],[129.4476521,35.7015601],[129.4476594,35.7014419],[129.4476656,35.7014421],[129.4476723,35.7012767],[129.4476735,35.7012713],[129.4476771,35.7012668],[129.4476821,35.7012635],[129.4476885,35.7012628],[129.4476975,35.7012633],[129.4478269,35.7013],[129.4477619,35.701272],[129.4477124,35.7012434],[129.4476706,35.7012137],[129.4476504,35.7011793],[129.447641,35.7011678],[129.4476422,35.7011759],[129.4476428,35.7011842],[129.447614,35.7014051],[129.447613,35.7014693],[129.4476004,35.7016691],[129.4475871,35.7017773],[129.4475829,35.701794],[129.4475775,35.7018134],[129.4475704,35.7018285],[129.4475224,35.7019222],[129.4475181,35.7019373],[129.4475145,35.7019641],[129.4475142,35.7019735],[129.4475147,35.7019888],[129.4475284,35.7020222],[129.4475918,35.7021058],[129.4476171,35.7020795]]]]}},{"type":"Feature","properties":{"UFID":"100035906018A00110100000004575997"},"geometry":{"type":"MultiPolygon","coordinates":[[[[129.4379029,35.7196575],[129.4379011,35.7196571],[129.4378523,35.7196436],[129.437824,35.7196305],[129.4377902,35.7196137],[129.4377722,35.7196364],[129.4378072,35.7196538],[129.4378378,35.719668],[129.4378813,35.7196884],[129.4379029,35.7196575]]]]}},{"type":"Feature","properties":{"UFID":"100035906018A00110100000004575998"},"geometry":{"type":"MultiPolygon","coordinates":[[[[129.4478512,35.7012761],[129.4478269,35.7013],[129.4478718,35.7013292],[129.4479059,35.7013545],[129.4479443,35.7013962],[129.4479785,35.701442],[129.4479962,35.701493],[129.4480187,35.7015701],[129.4480435,35.7016707],[129.448058,35.701702],[129.4480893,35.7017408],[129.4481326,35.7017882],[129.448158,35.7018254],[129.4482124,35.7019194],[129.4482495,35.7020076],[129.4482632,35.702064],[129.4482629,35.7020866],[129.448261,35.7021104],[129.4482396,35.7022124],[129.4482208,35.702284],[129.448246,35.7022951],[129.4482805,35.7021426],[129.4482932,35.7020736],[129.4482885,35.702041],[129.4482399,35.7019213],[129.4481823,35.7018149],[129.4481474,35.7017679],[129.4481133,35.7017292],[129.4480798,35.7016903],[129.4480683,35.701663],[129.4480503,35.7015861],[129.4480277,35.7014896],[129.4480028,35.7014116],[129.4479758,35.7013732],[129.4479324,35.7013323],[129.4478638,35.7012811],[129.4478512,35.7012761]]]]}},{"type":"Feature","properties":{"UFID":"100035906018A00110100000004575999"},"geometry":{"type":"MultiPolygon","coordinates":[[[[129.4478512,35.7012761],[129.4477852,35.7012503],[129.4477394,35.7012202],[129.4476792,35.7011666],[129.4476706,35.7011558],[129.447641,35.7011678],[129.4476504,35.7011793],[129.4476706,35.7012137],[129.4477124,35.7012434],[129.4477619,35.701272],[129.4478269,35.7013],[129.4478512,35.7012761]]]]}},{"type":"Feature","properties":{"UFID":"100035906018A00110100000004576000"},"geometry":{"type":"MultiPolygon","coordinates":[[[[129.4476706,35.7011558],[129.4476467,35.701126],[129.44758,35.7010637],[129.4475214,35.7010162],[129.4474487,35.7009656],[129.4473872,35.7009319],[129.4473441,35.7009118],[129.4473333,35.7009078],[129.447289,35.7008895],[129.4472764,35.7009167],[129.4472788,35.7009173],[129.447329,35.7009359],[129.4473697,35.7009549],[129.4474286,35.7009872],[129.447499,35.7010361],[129.4475558,35.7010822],[129.4476203,35.7011425],[129.447641,35.7011678],[129.4476706,35.7011558]]]]}},{"type":"Feature","properties":{"UFID":"100035906018A00110100000004576001"},"geometry":{"type":"MultiPolygon","coordinates":[[[[129.4472423,35.7008763],[129.4471991,35.7008683],[129.4471834,35.7008641],[129.4470893,35.7008251],[129.4470249,35.7007931],[129.4469669,35.7007574],[129.4469225,35.7007219],[129.4469088,35.7007075],[129.4468805,35.7006608],[129.4468751,35.7006431],[129.4468758,35.7006289],[129.446819,35.7007022],[129.4468412,35.7006991],[129.4468471,35.7007004],[129.4468639,35.7007043],[129.4468977,35.7007399],[129.4469452,35.7007779],[129.4470063,35.7008155],[129.4470731,35.7008488],[129.4471707,35.7008892],[129.4472173,35.7009017],[129.44723,35.700905],[129.4472423,35.7008763]]]]}},{"type":"Feature","properties":{"UFID":"100035906018A00110100000004576002"},"geometry":{"type":"MultiPolygon","coordinates":[[[[129.4472559,35.7002409],[129.4471786,35.7002154],[129.4471614,35.7002486],[129.4471361,35.7002769],[129.4471022,35.7003047],[129.4470505,35.7003388],[129.4469742,35.700395],[129.4469222,35.7004468],[129.4468377,35.7005579],[129.4468091,35.7005962],[129.4468758,35.7006289],[129.4468831,35.7006109],[129.4469007,35.7005822],[129.4469473,35.7005128],[129.4470261,35.7004342],[129.4470996,35.7003748],[129.4471732,35.7003254],[129.4472323,35.7002682],[129.4472559,35.7002409]]]]}},{"type":"Feature","properties":{"UFID":"100035906018A00110100000004576003"},"geometry":{"type":"MultiPolygon","coordinates":[[[[129.4472423,35.7008763],[129.447289,35.7008895],[129.4472876,35.7008875],[129.4472882,35.7008851],[129.4473038,35.700846],[129.4473078,35.7008377],[129.4473196,35.700811],[129.4473485,35.7007595],[129.4473527,35.7007533],[129.4474034,35.7006907],[129.4475321,35.7005575],[129.447506,35.7005407],[129.4473765,35.7006748],[129.4473243,35.7007393],[129.4473189,35.7007473],[129.4472888,35.7008007],[129.4472767,35.7008282],[129.4472654,35.7008518],[129.4472531,35.700871],[129.4472485,35.7008746],[129.4472423,35.7008763]]]]}},{"type":"Feature","properties":{"UFID":"100035906018A00110100000004576004"},"geometry":{"type":"MultiPolygon","coordinates":[[[[129.447289,35.7008895],[129.4472423,35.7008763],[129.44723,35.700905],[129.4472764,35.7009167],[129.447289,35.7008895]]]]}},{"type":"Feature","properties":{"UFID":"100035906018A00110100000004576005"},"geometry":{"type":"MultiPolygon","coordinates":[[[[129.4472763,35.7002074],[129.4472559,35.7002409],[129.4472619,35.7002398],[129.4472775,35.7002403],[129.447439,35.7002742],[129.4474472,35.700248],[129.4472797,35.7002129],[129.4472773,35.700211],[129.4472763,35.7002074]]]]}},{"type":"Feature","properties":{"UFID":"100035906018A00110100000004576006"},"geometry":{"type":"MultiPolygon","coordinates":[[[[129.4472763,35.7002074],[129.4471918,35.700186],[129.4471873,35.7001986],[129.4471786,35.7002154],[129.4472559,35.7002409],[129.4472763,35.7002074]]]]}},{"type":"Feature","properties":{"UFID":"100035906018A00110100000004576007"},"geometry":{"type":"MultiPolygon","coordinates":[[[[129.4460248,35.7015794],[129.4459885,35.7015581],[129.4459845,35.7015763],[129.445955,35.701603],[129.4459142,35.7016284],[129.4458625,35.7016565],[129.4458118,35.7016811],[129.4457679,35.7016988],[129.4457268,35.7017121],[129.4456746,35.7017232],[129.4456118,35.7017331],[129.44557,35.7017357],[129.4455178,35.7017366],[129.4454335,35.7017377],[129.4454089,35.7017385],[129.4453553,35.7017399],[129.4453065,35.7017428],[129.445246,35.7017519],[129.4451947,35.7017618],[129.4451375,35.7017745],[129.4450858,35.7017876],[129.4450362,35.7017992],[129.4449913,35.7018081],[129.4449832,35.7018095],[129.4449598,35.701816],[129.4449536,35.7018173],[129.4449378,35.7018227],[129.4448999,35.7018388],[129.4448591,35.7018669],[129.4448123,35.701905],[129.4447565,35.7019492],[129.444717,35.7019769],[129.444673,35.7020023],[129.4446361,35.7020218],[129.4445929,35.7020443],[129.4445541,35.7020662],[129.4445263,35.7020812],[129.4445062,35.7020897],[129.4444685,35.7021012],[129.444427,35.7021107],[129.4444167,35.7021137],[129.4444087,35.702116],[129.4443706,35.7021272],[129.444328,35.7021443],[129.4442847,35.7021703],[129.444274,35.7021791],[129.4442705,35.7021825],[129.4442467,35.7022109],[129.4442044,35.7022708],[129.4441934,35.7022826],[129.4441638,35.7023044],[129.4441258,35.7023275],[129.4440834,35.7023491],[129.4440381,35.7023698],[129.4439997,35.7023823],[129.4439654,35.7023903],[129.4439499,35.7023933],[129.4439117,35.7023981],[129.4438653,35.7024034],[129.4438506,35.7024047],[129.4438078,35.7024102],[129.4437857,35.7024142],[129.4437459,35.7024259],[129.4436993,35.702446],[129.4436551,35.7024673],[129.4436111,35.7024905],[129.4435685,35.7025197],[129.4435238,35.702555],[129.4434994,35.7025773],[129.4434864,35.7025888],[129.4434653,35.702601],[129.4434362,35.7026099],[129.4434085,35.7026143],[129.4433495,35.7026201],[129.443274,35.7026263],[129.443213,35.7026328],[129.4431522,35.7026398],[129.4431001,35.7026467],[129.4430462,35.7026572],[129.4430273,35.7026608],[129.4429722,35.7026735],[129.4429501,35.7026801],[129.4429323,35.702688],[129.4429026,35.7027166],[129.4428842,35.7027549],[129.4428774,35.7027742],[129.4428601,35.7028203],[129.4428427,35.7028589],[129.4428328,35.7028732],[129.4428239,35.7028793],[129.442782,35.7029035],[129.4427562,35.7029142],[129.4426574,35.7029566],[129.4425323,35.7030098],[129.4424129,35.7030419],[129.4423787,35.7030486],[129.4422291,35.703073],[129.4421003,35.703107],[129.442026,35.7031285],[129.4419671,35.7031467],[129.441957,35.7031516],[129.4419441,35.7031588],[129.4418475,35.7032209],[129.4418044,35.7032518],[129.4417816,35.7032684],[129.4418078,35.7032935],[129.4418263,35.7032721],[129.4418532,35.7032553],[129.4419016,35.7032237],[129.4419584,35.7031893],[129.4420229,35.7031618],[129.4420794,35.7031418],[129.4421358,35.7031246],[129.4421771,35.703115],[129.4422501,35.7030997],[129.4423804,35.7030763],[129.4424829,35.7030532],[129.4425418,35.7030375],[129.4425983,35.7030148],[129.4426728,35.7029806],[129.4427715,35.7029382],[129.4427992,35.7029267],[129.4428442,35.7029007],[129.4428588,35.7028907],[129.4428729,35.7028702],[129.4428915,35.702829],[129.4429092,35.7027819],[129.4429156,35.7027635],[129.4429314,35.7027307],[129.4429537,35.7027093],[129.4429638,35.7027048],[129.4429824,35.7026992],[129.4430356,35.702687],[129.4430538,35.7026835],[129.4431066,35.7026733],[129.4431572,35.7026666],[129.4432175,35.7026596],[129.4432779,35.7026531],[129.4433531,35.7026469],[129.4434136,35.702641],[129.4434452,35.702636],[129.443481,35.7026251],[129.4435085,35.7026092],[129.443524,35.7025954],[129.4435477,35.7025737],[129.4435907,35.7025398],[129.4436309,35.7025123],[129.4436725,35.7024903],[129.4437154,35.7024696],[129.4437593,35.7024507],[129.4437949,35.7024402],[129.4438139,35.7024367],[129.4438549,35.7024315],[129.4438693,35.7024303],[129.4439166,35.7024249],[129.4439563,35.7024199],[129.4439738,35.7024165],[129.4440104,35.7024079],[129.4440524,35.7023942],[129.4441002,35.7023724],[129.4441445,35.7023499],[129.4441848,35.7023253],[129.444218,35.7023009],[129.4442321,35.7022858],[129.4442748,35.7022253],[129.4442969,35.7021989],[129.4442985,35.7021974],[129.4443064,35.7021908],[129.4443453,35.7021675],[129.4443836,35.7021522],[129.4444201,35.7021415],[129.4444278,35.7021391],[129.4444369,35.7021365],[129.4444789,35.7021269],[129.4445197,35.7021144],[129.4445431,35.7021045],[129.4445726,35.7020886],[129.4446112,35.7020669],[129.4446541,35.7020446],[129.4446917,35.7020246],[129.4447374,35.7019982],[129.4447788,35.7019692],[129.4448355,35.7019243],[129.4448816,35.7018868],[129.4449185,35.7018614],[129.4449518,35.7018472],[129.4449643,35.701843],[129.4449694,35.7018418],[129.4449921,35.7018356],[129.4449987,35.7018344],[129.4450447,35.7018254],[129.4450953,35.7018135],[129.4451467,35.7018004],[129.4452029,35.701788],[129.4452529,35.7017784],[129.4453107,35.7017697],[129.4453571,35.7017669],[129.4454101,35.7017655],[129.4454344,35.7017647],[129.4455184,35.7017636],[129.4455716,35.7017627],[129.4456163,35.7017599],[129.4456819,35.7017496],[129.4457372,35.7017379],[129.4457814,35.7017235],[129.4458277,35.7017049],[129.4458801,35.7016793],[129.4459334,35.7016505],[129.4459776,35.701623],[129.4460248,35.7015794]]]]}},{"type":"Feature","properties":{"UFID":"100035906018A00110100000004576008"},"geometry":{"type":"MultiPolygon","coordinates":[[[[129.4416073,35.7191527],[129.4415219,35.7191223],[129.4414992,35.7191713],[129.4415158,35.7191775],[129.4415803,35.719203],[129.4416073,35.7191527]]]]}},{"type":"Feature","properties":{"UFID":"100035906018A00110100000004576009"},"geometry":{"type":"MultiPolygon","coordinates":[[[[129.4452813,35.7224011],[129.4452505,35.7223854],[129.4452366,35.722377],[129.4451243,35.7223174],[129.445001,35.7222528],[129.4449614,35.7222279],[129.4449184,35.7221957],[129.4449073,35.7222491],[129.4450031,35.7222993],[129.4451925,35.7223944],[129.4452251,35.722415],[129.4452578,35.7224317],[129.4452813,35.7224011]]]]}},{"type":"Feature","properties":{"UFID":"100035906018A00110100000004576010"},"geometry":{"type":"MultiPolygon","coordinates":[[[[129.4468758,35.7006289],[129.4468091,35.7005962],[129.4468067,35.7005993],[129.446769,35.7006347],[129.4467531,35.7006436],[129.446819,35.7007022],[129.4468758,35.7006289]]]]}},{"type":"Feature","properties":{"UFID":"100035906018A00110100000004576011"},"geometry":{"type":"MultiPolygon","coordinates":[[[[129.4449184,35.7221957],[129.4448702,35.722175],[129.4448583,35.7222282],[129.4449073,35.7222491],[129.4449184,35.7221957]]]]}},{"type":"Feature","properties":{"UFID":"100035906018A00110100000004576012"},"geometry":{"type":"MultiPolygon","coordinates":[[[[129.4448702,35.722175],[129.4448204,35.7221355],[129.4447961,35.7221067],[129.4447374,35.7220317],[129.4446649,35.7219426],[129.4445951,35.7218543],[129.4445241,35.7217699],[129.4444588,35.7216881],[129.4444352,35.7216567],[129.44439,35.7215913],[129.4443465,35.7215203],[129.444302,35.7214443],[129.4442777,35.7213907],[129.4442718,35.7213686],[129.4442592,35.7213047],[129.4442574,35.7212449],[129.4442569,35.7212288],[129.444264,35.7211352],[129.4442765,35.721031],[129.4442912,35.7208957],[129.4443039,35.7207735],[129.4443166,35.7206578],[129.4443363,35.7205187],[129.4443458,35.7204458],[129.4443551,35.7203676],[129.4443526,35.7203111],[129.44434,35.7202589],[129.444318,35.7202135],[129.4442887,35.7201691],[129.4442567,35.7201236],[129.4442108,35.7200466],[129.4441863,35.7200061],[129.4441392,35.7199197],[129.4441005,35.7198364],[129.4440556,35.7197397],[129.4440093,35.7196442],[129.44397,35.7195595],[129.443931,35.7194867],[129.443918,35.7194637],[129.4438805,35.7194172],[129.4438427,35.7193826],[129.4438003,35.7193564],[129.4437144,35.7193223],[129.4436356,35.7193064],[129.4435686,35.7192987],[129.4434572,35.7192955],[129.4433978,35.7192938],[129.443207,35.7192882],[129.4430373,35.7192831],[129.4429141,35.719279],[129.4428263,35.7192673],[129.4427412,35.7192637],[129.4426737,35.7192682],[129.4426324,35.719273],[129.4425777,35.7192872],[129.4424637,35.7193184],[129.442348,35.719335],[129.4423357,35.7193352],[129.4422463,35.7193302],[129.4421237,35.719311],[129.4420267,35.7192909],[129.4419366,35.7192647],[129.4417736,35.7192149],[129.4417122,35.7191974],[129.4416095,35.7191553],[129.4416073,35.7191527],[129.4415803,35.719203],[129.4415878,35.719206],[129.4416849,35.7192281],[129.4417584,35.7192487],[129.4419214,35.7192986],[129.4420138,35.7193254],[129.4421141,35.7193462],[129.4422406,35.719366],[129.4423344,35.7193712],[129.4423521,35.719371],[129.4424747,35.7193535],[129.4425915,35.7193215],[129.4426423,35.7193082],[129.4426786,35.7193041],[129.4427419,35.7192998],[129.4428216,35.7193032],[129.4429097,35.719315],[129.4430356,35.7193191],[129.4432054,35.7193242],[129.4433962,35.7193298],[129.4434557,35.7193316],[129.4435647,35.7193347],[129.4436272,35.7193419],[129.4436993,35.7193564],[129.443777,35.7193873],[129.4438126,35.7194092],[129.4438453,35.7194392],[129.4438793,35.7194812],[129.4438907,35.7195015],[129.4439291,35.7195731],[129.4439681,35.7196572],[129.4440144,35.7197527],[129.4440591,35.7198492],[129.4440983,35.7199334],[129.4441463,35.7200214],[129.4441711,35.7200624],[129.4442176,35.7201405],[129.44425,35.7201866],[129.4442778,35.7202287],[129.4442974,35.7202691],[129.4443086,35.7203152],[129.4443108,35.7203665],[129.4443018,35.7204422],[129.4442924,35.7205147],[129.4442727,35.7206541],[129.4442599,35.7207704],[129.4442472,35.7208926],[129.4442325,35.7210277],[129.4442199,35.7211324],[129.4442127,35.7212282],[129.4442133,35.7212459],[129.444215,35.721308],[129.4442284,35.7213753],[129.4442352,35.7214009],[129.4442613,35.7214583],[129.4443068,35.7215361],[129.444351,35.7216082],[129.4443971,35.721675],[129.4444215,35.7217073],[129.4444873,35.7217899],[129.4445583,35.7218743],[129.4446279,35.7219623],[129.4447003,35.7220514],[129.4447592,35.7221266],[129.4447851,35.7221573],[129.4448333,35.7222047],[129.4448583,35.7222282],[129.4448702,35.722175]]]]}},{"type":"Feature","properties":{"UFID":"100035906018A00110100000004576013"},"geometry":{"type":"MultiPolygon","coordinates":[[[[129.4415523,35.7191115],[129.4416037,35.7191282],[129.44162,35.7190947],[129.4415687,35.719078],[129.4415523,35.7191115]]]]}},{"type":"Feature","properties":{"UFID":"100035906018A00110100000004576014"},"geometry":{"type":"MultiPolygon","coordinates":[[[[129.4416037,35.7191282],[129.4415523,35.7191115],[129.4415219,35.7191223],[129.4416073,35.7191527],[129.4416037,35.7191282]]]]}},{"type":"Feature","properties":{"UFID":"100035906018A00110100000004576015"},"geometry":{"type":"MultiPolygon","coordinates":[[[[129.4379533,35.7196692],[129.4379029,35.7196575],[129.4378813,35.7196884],[129.437928,35.7196979],[129.4379533,35.7196692]]]]}},{"type":"Feature","properties":{"UFID":"100035906018A00110100000004576016"},"geometry":{"type":"MultiPolygon","coordinates":[[[[129.4378813,35.7196884],[129.4378378,35.719668],[129.4378072,35.7196538],[129.4377722,35.7196364],[129.4377777,35.7196528],[129.4377783,35.7196629],[129.4377787,35.7196723],[129.4377788,35.7196805],[129.4377772,35.7196899],[129.4377751,35.7196965],[129.4377707,35.719703],[129.4377638,35.7197111],[129.437759,35.7197178],[129.4376461,35.7197908],[129.4374535,35.7198732],[129.4374383,35.7198764],[129.4374219,35.719878],[129.4374039,35.7198791],[129.4373954,35.7198795],[129.4373834,35.7198797],[129.4373697,35.7198793],[129.4373561,35.7198772],[129.437315,35.7198671],[129.4372828,35.7198575],[129.4371607,35.719796],[129.4371544,35.7197953],[129.4371494,35.7197961],[129.4371128,35.7198348],[129.43715,35.719856],[129.4371551,35.7198503],[129.4371604,35.719849],[129.4371649,35.719849],[129.4371806,35.7198499],[129.4372566,35.7198868],[129.4373101,35.719899],[129.4373745,35.7199105],[129.4374135,35.7199122],[129.4374495,35.7199089],[129.4374729,35.719903],[129.4374893,35.7198977],[129.4375659,35.7198596],[129.437644,35.7198242],[129.4377017,35.7197941],[129.4377338,35.7197765],[129.4377787,35.7197446],[129.4378505,35.7196903],[129.4378607,35.7196864],[129.4378655,35.719686],[129.4378813,35.7196884]]]]}},{"type":"Feature","properties":{"UFID":"100035906018A00110100000004576017"},"geometry":{"type":"MultiPolygon","coordinates":[[[[129.43715,35.719856],[129.4371128,35.7198348],[129.437065,35.7198868],[129.4371018,35.7199084],[129.43715,35.719856]]]]}},{"type":"Feature","properties":{"UFID":"100035906018A00110100000004576018"},"geometry":{"type":"MultiPolygon","coordinates":[[[[129.4460852,35.7015127],[129.4460764,35.701473],[129.4459959,35.7015237],[129.4459885,35.7015581],[129.4460852,35.7015127]]]]}},{"type":"Feature","properties":{"UFID":"100035906018A00110100000004576019"},"geometry":{"type":"MultiPolygon","coordinates":[[[[129.4460852,35.7015127],[129.4459885,35.7015581],[129.4460248,35.7015794],[129.4460671,35.7015345],[129.4460852,35.7015127]]]]}},{"type":"Feature","properties":{"UFID":"100035906018A00110100000004576020"},"geometry":{"type":"MultiPolygon","coordinates":[[[[129.4460764,35.701473],[129.4460814,35.7014673],[129.4461032,35.7014563],[129.4461271,35.7014455],[129.4462194,35.701406],[129.446248,35.7013944],[129.4463311,35.7013597],[129.4463453,35.7013543],[129.446424,35.7013512],[129.4464733,35.7013591],[129.4465606,35.7013014],[129.4466024,35.7012788],[129.4465433,35.7012017],[129.4465348,35.7011897],[129.4465319,35.7011829],[129.4465305,35.7011679],[129.4465284,35.7011169],[129.4465314,35.7010761],[129.4465322,35.7010396],[129.4465385,35.7009908],[129.4465597,35.7009053],[129.4465868,35.7008532],[129.4466269,35.7008006],[129.4466736,35.7007661],[129.446738,35.7007348],[129.446819,35.7007022],[129.4467531,35.7006436],[129.4467409,35.7006504],[129.4466504,35.7006917],[129.4466206,35.7007126],[129.4465484,35.700795],[129.4464991,35.7008898],[129.4464851,35.7009656],[129.4464745,35.7010484],[129.4464662,35.7011186],[129.4464553,35.7011682],[129.446439,35.701205],[129.4464138,35.7012519],[129.4463929,35.7012815],[129.4463623,35.7013148],[129.4463563,35.7013194],[129.4463498,35.7013228],[129.4463165,35.7013354],[129.446233,35.7013702],[129.4462043,35.7013819],[129.4461086,35.7014227],[129.4460389,35.7014462],[129.4460234,35.7014658],[129.4460183,35.7014887],[129.44601,35.7015054],[129.4459959,35.7015237],[129.4460764,35.701473]]]]}},{"type":"Feature","properties":{"UFID":"100035906008A00110100000004576021"},"geometry":{"type":"MultiPolygon","coordinates":[[[[129.4378396,35.7397978],[129.4378525,35.7397214],[129.4377574,35.7397458],[129.4377542,35.7398151],[129.4378396,35.7397978]]]]}},{"type":"Feature","properties":{"UFID":"100035906008A00110100000004576022"},"geometry":{"type":"MultiPolygon","coordinates":[[[[129.4291543,35.7408373],[129.4290945,35.7407836],[129.4290515,35.7408075],[129.429114,35.7408614],[129.4291543,35.7408373]]]]}},{"type":"Feature","properties":{"UFID":"100035906018A00110100000004576023"},"geometry":{"type":"MultiPolygon","coordinates":[[[[129.4395559,35.7234973],[129.4395354,35.7234596],[129.439529,35.723466],[129.4395108,35.7234757],[129.4394746,35.7234976],[129.4394606,35.7235062],[129.4393982,35.7235492],[129.4393382,35.7235939],[129.439247,35.7236812],[129.4392085,35.7237164],[129.4391505,35.7237574],[129.4390685,35.7238082],[129.4389715,35.7238629],[129.4389065,35.7238948],[129.4388425,35.7239187],[129.4387716,35.7239318],[129.4386899,35.7239367],[129.4383744,35.7239477],[129.438199,35.7239532],[129.4380726,35.7239562],[129.437993,35.7239672],[129.4379287,35.7239859],[129.4378244,35.72402],[129.4377505,35.724035],[129.4374678,35.7240631],[129.4371838,35.7240977],[129.4369528,35.7241254],[129.4369193,35.7241311],[129.4368027,35.7241619],[129.4366231,35.7242247],[129.4366411,35.7242467],[129.4368139,35.7241862],[129.4369276,35.7241562],[129.4369584,35.7241509],[129.4371881,35.7241234],[129.437472,35.7240888],[129.4377544,35.7240607],[129.4378341,35.7240448],[129.4379399,35.7240102],[129.4380011,35.7239924],[129.4380757,35.7239821],[129.4381991,35.7239791],[129.4383746,35.7239737],[129.4386921,35.7239625],[129.4387763,35.7239575],[129.4388527,35.7239434],[129.4389214,35.7239178],[129.4389879,35.7238851],[129.4390872,35.7238292],[129.4391697,35.7237781],[129.4392309,35.7237349],[129.4392708,35.7236984],[129.4393624,35.7236107],[129.4394115,35.7235731],[129.4394595,35.723543],[129.439517,35.7235118],[129.439553,35.7234981],[129.4395559,35.7234973]]]]}},{"type":"Feature","properties":{"UFID":"100035906018A00110100000004576024"},"geometry":{"type":"MultiPolygon","coordinates":[[[[129.4377902,35.7196137],[129.4377776,35.7196074],[129.4377551,35.7195944],[129.4376985,35.7195563],[129.4376785,35.71954],[129.4376214,35.7194911],[129.437558,35.7194259],[129.437529,35.7193992],[129.4374663,35.719346],[129.4374083,35.719304],[129.4373641,35.7192774],[129.4373578,35.7192755],[129.4373538,35.7192743],[129.4373479,35.7192733],[129.4373194,35.7192713],[129.4373106,35.719271],[129.4372857,35.719271],[129.4372244,35.7192738],[129.4370757,35.7192878],[129.4369722,35.7192874],[129.4369611,35.7192872],[129.4369555,35.7192869],[129.4368957,35.7192763],[129.4368818,35.7192717],[129.4368356,35.7192439],[129.4368155,35.7192148],[129.4368049,35.7191948],[129.4367778,35.7191422],[129.4367527,35.7191086],[129.436746,35.7191015],[129.4367233,35.7190829],[129.4367152,35.7190778],[129.4366955,35.7190697],[129.4366247,35.7190484],[129.4365576,35.7190431],[129.4364187,35.7190415],[129.4362961,35.7190391],[129.4362529,35.7190353],[129.4362271,35.7190294],[129.4362233,35.7190286],[129.4361965,35.7190172],[129.4361603,35.7189893],[129.4361026,35.7189284],[129.4360247,35.7188396],[129.4359611,35.7187732],[129.4359307,35.718748],[129.4358616,35.7186911],[129.4357834,35.7186353],[129.4357766,35.718631],[129.4357446,35.7186151],[129.4357185,35.7186051],[129.4356994,35.7185984],[129.4356627,35.7185902],[129.4356328,35.7185872],[129.4355845,35.7185831],[129.4355067,35.7185853],[129.4353068,35.7186072],[129.4351546,35.7186211],[129.435087,35.7186228],[129.435023,35.7186177],[129.4349571,35.7185985],[129.4349143,35.7185826],[129.4348296,35.7185469],[129.4347323,35.7184975],[129.4346857,35.718468],[129.4346373,35.7184213],[129.4346264,35.7184053],[129.4346066,35.7183494],[129.4346038,35.7183417],[129.4346009,35.7183299],[129.434587,35.7182831],[129.4345818,35.7182655],[129.4345349,35.7181661],[129.4344388,35.7180772],[129.4343331,35.7180057],[129.4342122,35.7179178],[129.4340956,35.7178426],[129.4339837,35.7178043],[129.4338935,35.7177988],[129.433891,35.7178257],[129.4339758,35.7178309],[129.4340786,35.7178661],[129.4341909,35.7179385],[129.4343115,35.7180262],[129.4344157,35.7180967],[129.4345061,35.7181804],[129.4345501,35.7182736],[129.4345547,35.7182894],[129.4345685,35.7183358],[129.4345716,35.7183482],[129.4345747,35.7183569],[129.4345887,35.7184116],[129.4346364,35.7184802],[129.4346441,35.7184869],[129.4347161,35.7185365],[129.4349374,35.7186336],[129.4350166,35.7186533],[129.435097,35.7186599],[129.4352206,35.7186509],[129.4354508,35.718627],[129.4355737,35.7186204],[129.4356474,35.7186284],[129.4356532,35.7186162],[129.4356884,35.718624],[129.4357049,35.7186298],[129.4357289,35.7186389],[129.4357578,35.7186533],[129.4357623,35.7186561],[129.4358388,35.7187108],[129.4359071,35.718767],[129.4359362,35.7187911],[129.4359981,35.7188558],[129.436076,35.7189445],[129.4361357,35.7190075],[129.4361771,35.7190394],[129.4362112,35.7190539],[129.4362183,35.7190555],[129.4362466,35.7190619],[129.4362939,35.7190662],[129.4364181,35.7190685],[129.4365558,35.7190701],[129.4366172,35.719075],[129.4366823,35.7190945],[129.4366974,35.7191007],[129.4367013,35.7191032],[129.436721,35.7191194],[129.4367253,35.719124],[129.4367482,35.7191546],[129.4367744,35.7192054],[129.4367858,35.7192268],[129.4368102,35.7192622],[129.4368654,35.7192955],[129.4368858,35.7193023],[129.4369508,35.7193137],[129.4369596,35.7193142],[129.4369717,35.7193144],[129.4370776,35.7193148],[129.4372272,35.7193007],[129.4372865,35.7192981],[129.43731,35.7192981],[129.4373174,35.7192983],[129.4373429,35.7193001],[129.4373448,35.7193004],[129.4373464,35.7193009],[129.4373481,35.7193014],[129.4373874,35.719325],[129.4374433,35.7193655],[129.4375046,35.7194175],[129.4375326,35.7194432],[129.4375963,35.7195088],[129.4376548,35.7195589],[129.4376762,35.7195763],[129.4377349,35.7196159],[129.4377594,35.71963],[129.4377722,35.7196364],[129.4377902,35.7196137]]]]}},{"type":"Feature","properties":{"UFID":"100035906017A00110100000004576025"},"geometry":{"type":"MultiPolygon","coordinates":[[[[129.4150015,35.7222581],[129.4149823,35.7222574],[129.4149617,35.7222539],[129.4149469,35.7222521],[129.4149344,35.72225],[129.4148115,35.7222246],[129.4146891,35.722197],[129.4145902,35.7221633],[129.4145268,35.7221333],[129.4144549,35.7220824],[129.4143593,35.7220164],[129.4142626,35.7219511],[129.414256,35.7220447],[129.4144213,35.7221539],[129.4145,35.7222028],[129.414563,35.7222319],[129.4146431,35.7222591],[129.4147487,35.7222851],[129.4147694,35.7222878],[129.4148578,35.7222996],[129.4149241,35.7223044],[129.4149942,35.7223095],[129.4149982,35.7223136],[129.4150015,35.7222581]]]]}},{"type":"Feature","properties":{"UFID":"100035906008A00110100000004576026"},"geometry":{"type":"MultiPolygon","coordinates":[[[[129.4444067,35.7301669],[129.444396,35.7301672],[129.4443938,35.7301667],[129.4443853,35.7301588],[129.4442912,35.7300661],[129.4441309,35.7298879],[129.4439493,35.7296963],[129.4437903,35.7295283],[129.4436566,35.7293963],[129.4436183,35.7293565],[129.4435446,35.7293957],[129.4435793,35.729416],[129.4436082,35.7293991],[129.4440474,35.7298593],[129.4443596,35.7301883],[129.4443577,35.7301982],[129.4444067,35.7301669]]]]}},{"type":"Feature","properties":{"UFID":"100035906008A00110100000004576027"},"geometry":{"type":"MultiPolygon","coordinates":[[[[129.4446193,35.7316136],[129.4445862,35.7316168],[129.4446027,35.731683],[129.4446154,35.7317207],[129.4446203,35.7317361],[129.444642,35.731802],[129.4446681,35.7318703],[129.4446964,35.7319383],[129.4447205,35.7320186],[129.4447524,35.7320121],[129.4447213,35.7319118],[129.444672,35.7317924],[129.4446524,35.7317293],[129.4446475,35.7317137],[129.4446349,35.7316767],[129.4446193,35.7316136]]]]}},{"type":"Feature","properties":{"UFID":"100035906008A00110100000004576028"},"geometry":{"type":"MultiPolygon","coordinates":[[[[129.4416034,35.7318914],[129.4417031,35.731899],[129.4417018,35.7318949],[129.4417359,35.7318358],[129.4417476,35.7317983],[129.4417505,35.7317848],[129.4417539,35.7317384],[129.4417677,35.7315135],[129.4417675,35.7314078],[129.4417685,35.7313831],[129.4417691,35.7313791],[129.4417716,35.7313698],[129.4417894,35.731294],[129.4418298,35.7311527],[129.4418845,35.7309596],[129.4419005,35.7309053],[129.441905,35.730862],[129.441975,35.7307288],[129.4420177,35.7306125],[129.4420389,35.7305708],[129.4419363,35.7305497],[129.4419131,35.730563],[129.4419062,35.7305797],[129.4417485,35.7306547],[129.4417047,35.7306776],[129.441719,35.7307065],[129.441865,35.7306333],[129.441933,35.7306122],[129.4419407,35.7306124],[129.4419509,35.7306142],[129.4419579,35.7306166],[129.4419601,35.7306216],[129.4419582,35.7306362],[129.4419327,35.7307139],[129.441882,35.7308151],[129.4418624,35.7308848],[129.4418682,35.730899],[129.4418522,35.7309534],[129.4417975,35.7311466],[129.441757,35.7312884],[129.4417391,35.7313644],[129.4417363,35.7313745],[129.4417354,35.731381],[129.4417343,35.7314074],[129.4417346,35.7315129],[129.4417208,35.7317363],[129.4417201,35.731741],[129.4417193,35.7317438],[129.4417181,35.7317476],[129.4416995,35.7317784],[129.441667,35.7318262],[129.4416351,35.7318662],[129.4416034,35.7318914]]]]}},{"type":"Feature","properties":{"UFID":"100035906008A00110100000004576029"},"geometry":{"type":"MultiPolygon","coordinates":[[[[129.4416099,35.7319295],[129.4416034,35.7318914],[129.4415745,35.731903],[129.4415641,35.7319039],[129.4415584,35.7319042],[129.441458,35.7319099],[129.441212,35.7319297],[129.4411961,35.7319296],[129.4411898,35.7319295],[129.4411835,35.7319291],[129.4411074,35.731918],[129.4410306,35.7318985],[129.4409671,35.7318775],[129.4409147,35.7318565],[129.4408419,35.7318177],[129.4407181,35.7317439],[129.4406654,35.7317139],[129.4405931,35.7316698],[129.440559,35.7316415],[129.4405458,35.7316284],[129.4405084,35.7315809],[129.4404738,35.731543],[129.4404602,35.7315299],[129.4404016,35.7314889],[129.4402626,35.7314013],[129.4402157,35.7313742],[129.4401104,35.7313175],[129.4399897,35.7312565],[129.4398525,35.7312],[129.4397384,35.7311606],[129.4396506,35.731126],[129.4395626,35.7310801],[129.439498,35.7310413],[129.4394338,35.7310021],[129.4393642,35.7309633],[129.4393056,35.7309365],[129.4392301,35.7309139],[129.4391732,35.7308902],[129.4391253,35.7308647],[129.4390763,35.7308332],[129.439019,35.7307897],[129.4389852,35.7307677],[129.4389258,35.730727],[129.4388875,35.7306956],[129.43886,35.7306675],[129.4388231,35.7306217],[129.4387909,35.7305744],[129.4387591,35.7305201],[129.4387105,35.7304534],[129.4386189,35.7303293],[129.4385939,35.7303471],[129.4386904,35.7304729],[129.4387303,35.7305336],[129.4387615,35.7305868],[129.4387947,35.7306357],[129.4388331,35.7306834],[129.4388627,35.7307136],[129.4389034,35.7307469],[129.4389642,35.7307887],[129.4389973,35.7308102],[129.4390547,35.7308538],[129.4391059,35.7308867],[129.4391565,35.7309136],[129.4392168,35.7309387],[129.4392917,35.7309611],[129.4393467,35.7309863],[129.4394145,35.7310241],[129.4394782,35.731063],[129.4395438,35.7311024],[129.4396343,35.7311497],[129.4397247,35.7311853],[129.4398386,35.7312245],[129.4399735,35.7312801],[129.4400926,35.7313403],[129.440197,35.7313965],[129.4402429,35.731423],[129.4403806,35.7315099],[129.4404366,35.731549],[129.4404478,35.7315598],[129.4404811,35.7315963],[129.440519,35.7316443],[129.4405343,35.7316596],[129.4405713,35.7316902],[129.4406459,35.7317358],[129.4406988,35.7317659],[129.440823,35.7318399],[129.4408983,35.7318801],[129.4409536,35.7319022],[129.4410195,35.731924],[129.4410996,35.7319443],[129.4411792,35.7319559],[129.441188,35.7319565],[129.4411955,35.7319566],[129.4412135,35.7319568],[129.4414608,35.7319368],[129.4415607,35.7319311],[129.4415967,35.7319292],[129.4416081,35.7319289],[129.4416099,35.7319295]]]]}},{"type":"Feature","properties":{"UFID":"100035906008A00110100000004576030"},"geometry":{"type":"MultiPolygon","coordinates":[[[[129.4387591,35.7358527],[129.4387474,35.73588],[129.4387558,35.7358796],[129.4387815,35.7358808],[129.4388232,35.7358858],[129.4388386,35.7358847],[129.4388544,35.7358824],[129.4389303,35.735858],[129.4389529,35.7358579],[129.4389695,35.7358581],[129.4389807,35.7358615],[129.4390361,35.7359764],[129.4391187,35.7361427],[129.4392283,35.7363543],[129.439313,35.7365187],[129.4393448,35.7365975],[129.4393564,35.7366419],[129.4393734,35.7367178],[129.4393765,35.7367336],[129.4393882,35.7367938],[129.4394074,35.7368931],[129.4394099,35.7369064],[129.4394156,35.7369366],[129.4394212,35.7369668],[129.4394237,35.7369799],[129.4394249,35.7369875],[129.4394259,35.7369981],[129.4394286,35.7370635],[129.4394198,35.7372051],[129.439416,35.7372608],[129.4394122,35.7373893],[129.439413,35.7374921],[129.4394155,35.7375339],[129.4394327,35.7376334],[129.4394583,35.7377059],[129.4394938,35.7377793],[129.4395542,35.7378721],[129.439602,35.7379387],[129.4396469,35.7379775],[129.4396615,35.7379911],[129.4397639,35.7380824],[129.4397847,35.73811],[129.439788,35.7381216],[129.4397913,35.7381325],[129.4397931,35.7381483],[129.4397928,35.7381644],[129.439787,35.7381878],[129.4397638,35.7382153],[129.4397145,35.7382545],[129.4395803,35.7383394],[129.4395196,35.7383779],[129.4393141,35.7385119],[129.4392479,35.7385553],[129.4392688,35.7385764],[129.4393348,35.7385329],[129.4395402,35.7383992],[129.4396007,35.7383608],[129.4397363,35.7382749],[129.439792,35.7382306],[129.4398159,35.7382027],[129.4398234,35.7381841],[129.4398227,35.7381351],[129.4398091,35.738097],[129.4397847,35.7380654],[129.4397367,35.7380198],[129.4396293,35.7379233],[129.4395832,35.737859],[129.4395239,35.737768],[129.4394898,35.7376972],[129.4394652,35.7376278],[129.4394486,35.7375314],[129.4394462,35.7374914],[129.4394454,35.7373896],[129.4394491,35.7372619],[129.4394529,35.7372065],[129.4394618,35.7370638],[129.4394591,35.7369966],[129.4394579,35.7369847],[129.4394565,35.7369762],[129.439454,35.7369627],[129.4394484,35.7369325],[129.4394427,35.7369023],[129.4394402,35.7368889],[129.439421,35.7367896],[129.4394092,35.7367294],[129.4393931,35.7366246],[129.4393673,35.7365416],[129.4392985,35.7363929],[129.4392145,35.7362364],[129.4391252,35.7360669],[129.4390474,35.7359046],[129.4390134,35.7358214],[129.4389755,35.7358187],[129.4389608,35.7358207],[129.4389349,35.7358275],[129.4388452,35.7358563],[129.4388343,35.7358579],[129.4388243,35.7358586],[129.4387849,35.7358539],[129.4387591,35.7358527]]]]}},{"type":"Feature","properties":{"UFID":"100035906008A00110100000004576031"},"geometry":{"type":"MultiPolygon","coordinates":[[[[129.4397747,35.7388665],[129.4397737,35.7388652],[129.4396836,35.7386951],[129.4396461,35.7386204],[129.4396313,35.7385962],[129.4396036,35.7385573],[129.4395775,35.738528],[129.4395721,35.7385257],[129.4395679,35.738525],[129.4395621,35.738525],[129.4395133,35.7385498],[129.4393807,35.7386359],[129.4391582,35.738795],[129.4391181,35.7388027],[129.4391032,35.7388045],[129.4390479,35.7388159],[129.4390421,35.7388161],[129.4390289,35.7388126],[129.4389788,35.738784],[129.4389638,35.7387716],[129.4389439,35.7387532],[129.4389023,35.7387647],[129.4389413,35.7387915],[129.4389573,35.7388047],[129.4390139,35.7388371],[129.4390376,35.7388434],[129.4390528,35.7388428],[129.4391098,35.7388311],[129.4391244,35.7388293],[129.4391739,35.7388197],[129.439402,35.7386566],[129.4395124,35.7385849],[129.4395218,35.7385826],[129.439543,35.7385828],[129.4395567,35.7385843],[129.4395713,35.7385874],[129.439581,35.7385907],[129.4395888,35.7385938],[129.4395893,35.7385942],[129.4396027,35.73861],[129.4396159,35.7386316],[129.4396531,35.7387055],[129.4397432,35.7388757],[129.4397747,35.7388665]]]]}},{"type":"Feature","properties":{"UFID":"100035906008A00110100000004576032"},"geometry":{"type":"MultiPolygon","coordinates":[[[[129.4389439,35.7387532],[129.4389173,35.7387337],[129.4388439,35.7387229],[129.4389023,35.7387647],[129.4389439,35.7387532]]]]}},{"type":"Feature","properties":{"UFID":"100035906008A00110100000004576033"},"geometry":{"type":"MultiPolygon","coordinates":[[[[129.4379079,35.7393922],[129.4377943,35.7393717],[129.4377859,35.7394135],[129.4377621,35.7394968],[129.4377363,35.7395778],[129.4378572,35.7395792],[129.4379079,35.7393922]]]]}},{"type":"Feature","properties":{"UFID":"100035906008A00110100000004576034"},"geometry":{"type":"MultiPolygon","coordinates":[[[[129.4380692,35.7385201],[129.4379822,35.7385286],[129.4379628,35.7386493],[129.4379377,35.7387771],[129.4379191,35.7388683],[129.437901,35.738939],[129.4378868,35.7390106],[129.4378685,35.7391043],[129.4378417,35.7392336],[129.4378266,35.7393082],[129.4378138,35.7393249],[129.4379235,35.7393347],[129.4379504,35.7391578],[129.4379963,35.7389213],[129.4380692,35.7385201]]]]}},{"type":"Feature","properties":{"UFID":"100035906008A00110100000004576035"},"geometry":{"type":"MultiPolygon","coordinates":[[[[129.4296905,35.7409771],[129.4296856,35.7409742],[129.42962,35.74095],[129.4295896,35.7409402],[129.4295186,35.740922],[129.4294112,35.7409008],[129.42929,35.7408788],[129.4292502,35.7408724],[129.4291884,35.7408586],[129.4291712,35.7408524],[129.4291543,35.7408373],[129.429114,35.7408614],[129.4291576,35.7408777],[129.4291782,35.7408844],[129.4292426,35.7408987],[129.4292832,35.7409053],[129.4294037,35.7409271],[129.4295098,35.740948],[129.4295785,35.7409657],[129.4296071,35.7409749],[129.4296691,35.7409978],[129.4296713,35.7409991],[129.4296905,35.7409771]]]]}},{"type":"Feature","properties":{"UFID":"100035906008A00110100000004576036"},"geometry":{"type":"MultiPolygon","coordinates":[[[[129.4314003,35.7301707],[129.4313953,35.7301668],[129.4313726,35.7301487],[129.4313483,35.7301671],[129.4313748,35.7301882],[129.4314003,35.7301707]]]]}},{"type":"Feature","properties":{"UFID":"100035906008A00110100000004576037"},"geometry":{"type":"MultiPolygon","coordinates":[[[[129.4317018,35.7304108],[129.4316842,35.7303972],[129.4316049,35.7303334],[129.4315816,35.7303526],[129.4316778,35.7304295],[129.4317018,35.7304108]]]]}},{"type":"Feature","properties":{"UFID":"100035906008A00110100000004576038"},"geometry":{"type":"MultiPolygon","coordinates":[[[[129.4383551,35.7385364],[129.4383538,35.7385634],[129.4383762,35.738564],[129.4383856,35.7385638],[129.4384277,35.738558],[129.4384733,35.7385428],[129.4385577,35.7385163],[129.4385639,35.738515],[129.4385939,35.7385096],[129.4386044,35.7385089],[129.4386203,35.7385092],[129.4386223,35.7385093],[129.4386289,35.7385101],[129.4386579,35.7385188],[129.4386897,35.7385354],[129.4387159,35.738561],[129.4387225,35.73857],[129.4387371,35.7386057],[129.43874,35.7386118],[129.4387575,35.7386425],[129.4388229,35.7387062],[129.4388439,35.7387229],[129.4389173,35.7387337],[129.4388675,35.7387038],[129.4388472,35.7386878],[129.4387857,35.7386279],[129.4387705,35.7386011],[129.4387682,35.7385964],[129.4387529,35.7385586],[129.4387429,35.7385452],[129.4387119,35.7385149],[129.4386727,35.7384944],[129.4386371,35.7384838],[129.4386264,35.7384825],[129.4386223,35.7384822],[129.4386034,35.7384818],[129.4385889,35.7384828],[129.4385563,35.7384887],[129.4385477,35.7384904],[129.4384611,35.7385176],[129.4384186,35.7385318],[129.4383824,35.7385368],[129.4383763,35.7385369],[129.4383551,35.7385364]]]]}},{"type":"Feature","properties":{"UFID":"100035906008A00110100000004576039"},"geometry":{"type":"MultiPolygon","coordinates":[[[[129.4380692,35.7385201],[129.4380781,35.7384228],[129.4379979,35.7384153],[129.4379961,35.7384298],[129.4379822,35.7385286],[129.4380692,35.7385201]]]]}},{"type":"Feature","properties":{"UFID":"100035906008A00110100000004576040"},"geometry":{"type":"MultiPolygon","coordinates":[[[[129.4382947,35.7385274],[129.438282,35.7385239],[129.4382006,35.7385009],[129.4381498,35.7384849],[129.4381135,35.738458],[129.4380883,35.7384378],[129.4380781,35.7384228],[129.4380692,35.7385201],[129.4380719,35.7385164],[129.4380866,35.7385119],[129.4380927,35.7385114],[129.4381377,35.7385101],[129.4381892,35.7385263],[129.4382712,35.7385495],[129.4382857,35.7385535],[129.4382947,35.7385274]]]]}},{"type":"Feature","properties":{"UFID":"100035906008A00110100000004576041"},"geometry":{"type":"MultiPolygon","coordinates":[[[[129.4385552,35.7394248],[129.4385323,35.7394051],[129.4385064,35.739429],[129.4384679,35.7394564],[129.4384348,35.7394741],[129.4383852,35.7394956],[129.4383318,35.7395152],[129.438275,35.7395324],[129.4382049,35.7395499],[129.4380927,35.7395731],[129.4380114,35.7395814],[129.4379283,35.7395834],[129.4378843,35.7395851],[129.4378572,35.7395792],[129.4378454,35.7396264],[129.4378483,35.7396221],[129.4378659,35.739613],[129.4379296,35.7396104],[129.4380139,35.7396084],[129.4380989,35.7395997],[129.4382138,35.7395759],[129.4382856,35.739558],[129.4383444,35.7395403],[129.4383998,35.7395199],[129.4384517,35.7394974],[129.4384879,35.739478],[129.4385299,35.7394482],[129.4385552,35.7394248]]]]}},{"type":"Feature","properties":{"UFID":"100035906008A00110100000004576042"},"geometry":{"type":"MultiPolygon","coordinates":[[[[129.4379235,35.7393347],[129.4378138,35.7393249],[129.4377943,35.7393717],[129.4379079,35.7393922],[129.4379235,35.7393347]]]]}},{"type":"Feature","properties":{"UFID":"100035906008A00110100000004576043"},"geometry":{"type":"MultiPolygon","coordinates":[[[[129.4378454,35.7396264],[129.4378572,35.7395792],[129.4377363,35.7395778],[129.437718,35.7396303],[129.4378454,35.7396264]]]]}},{"type":"Feature","properties":{"UFID":"100035906008A00110100000004576044"},"geometry":{"type":"MultiPolygon","coordinates":[[[[129.4320141,35.7307351],[129.4319551,35.730714],[129.4318994,35.7306883],[129.4318461,35.7306605],[129.4318104,35.730637],[129.4317909,35.7306589],[129.4318266,35.7306825],[129.4318822,35.7307115],[129.4319403,35.7307382],[129.4320701,35.73079],[129.4320141,35.7307351]]]]}},{"type":"Feature","properties":{"UFID":"100035906008A00110100000004576045"},"geometry":{"type":"MultiPolygon","coordinates":[[[[129.4378471,35.739674],[129.4378454,35.7396264],[129.437718,35.7396303],[129.4376924,35.7396995],[129.4376627,35.7397158],[129.4378471,35.739674]]]]}},{"type":"Feature","properties":{"UFID":"100035906008A00110100000004576046"},"geometry":{"type":"MultiPolygon","coordinates":[[[[129.4378525,35.7397214],[129.4378471,35.739674],[129.4376627,35.7397158],[129.4377574,35.7397458],[129.4378525,35.7397214]]]]}},{"type":"Feature","properties":{"UFID":"100035906017A00110100000004576047"},"geometry":{"type":"MultiPolygon","coordinates":[[[[129.4178135,35.7188269],[129.4177851,35.7188569],[129.4178066,35.7188637],[129.4178649,35.7188971],[129.4178917,35.7189192],[129.4179198,35.7189524],[129.4179563,35.719013],[129.4180449,35.7191279],[129.4181043,35.7191517],[129.4181222,35.7191581],[129.4182101,35.7191887],[129.4183142,35.7192208],[129.4183317,35.7192005],[129.418214,35.7191674],[129.4181511,35.719135],[129.4180734,35.7190755],[129.4179752,35.7189442],[129.4179215,35.7188977],[129.4178337,35.7188401],[129.4178135,35.7188269]]]]}},{"type":"Feature","properties":{"UFID":"100035906008A00110100000004576048"},"geometry":{"type":"MultiPolygon","coordinates":[[[[129.4474011,35.7283741],[129.4473778,35.7283292],[129.4473247,35.7283552],[129.4473559,35.7283923],[129.4473891,35.7283747],[129.4474011,35.7283741]]]]}},{"type":"Feature","properties":{"UFID":"100035906008A00110100000004576091"},"geometry":{"type":"MultiPolygon","coordinates":[[[[129.4476924,35.7286871],[129.4476617,35.7285585],[129.4476565,35.7285408],[129.4476455,35.7284823],[129.4476489,35.7283989],[129.4476599,35.7283625],[129.447686,35.7283132],[129.4475913,35.7283262],[129.44759,35.7283419],[129.4475892,35.7283945],[129.4475883,35.7284337],[129.4475869,35.7284777],[129.4475926,35.7285448],[129.4475935,35.7285654],[129.4475928,35.7285919],[129.4475916,35.7286118],[129.4475963,35.7286599],[129.4476057,35.7287174],[129.4476924,35.7286871]]]]}},{"type":"Feature","properties":{"UFID":"100035906008A00110100000004576092"},"geometry":{"type":"MultiPolygon","coordinates":[[[[129.4479455,35.7287673],[129.447884,35.7286904],[129.4478691,35.7287184],[129.4478668,35.7287218],[129.4477109,35.7287861],[129.4476355,35.7288023],[129.4476037,35.7288095],[129.4475928,35.72881],[129.4475806,35.7288097],[129.4475647,35.7288074],[129.4475573,35.7288059],[129.44754,35.7288008],[129.4475336,35.7287978],[129.4475307,35.7287927],[129.4474644,35.7288332],[129.4474789,35.7288329],[129.4474875,35.7288331],[129.4475517,35.7288374],[129.4475874,35.7288432],[129.4476245,35.7288446],[129.4476419,35.7288427],[129.4476554,35.7288404],[129.4476697,35.7288347],[129.4478801,35.7287669],[129.4479159,35.7287612],[129.447927,35.7287613],[129.4479324,35.7287623],[129.4479371,35.7287639],[129.4479455,35.7287673]]]]}},{"type":"Feature","properties":{"UFID":"100035906008A00110100000004576093"},"geometry":{"type":"MultiPolygon","coordinates":[[[[129.4372571,35.7397319],[129.4372798,35.7397107],[129.4372629,35.7397119],[129.4371558,35.7397231],[129.4369838,35.739737],[129.4367691,35.7397757],[129.4367662,35.7397773],[129.4367526,35.7397873],[129.4366981,35.739812],[129.4364708,35.73992],[129.4363084,35.7399936],[129.4363094,35.7400126],[129.4364243,35.7399767],[129.4365451,35.739909],[129.436759,35.7397997],[129.4368276,35.7397848],[129.4370189,35.7397485],[129.4370409,35.7397477],[129.4372304,35.7397453],[129.4372374,35.7397322],[129.4372386,35.7397308],[129.4372571,35.7397319]]]]}},{"type":"Feature","properties":{"UFID":"100035906008A00110100000004576094"},"geometry":{"type":"MultiPolygon","coordinates":[[[[129.4479739,35.7287534],[129.447949,35.7287139],[129.4479226,35.7286851],[129.4479067,35.7286712],[129.447884,35.7286904],[129.4479455,35.7287673],[129.4479739,35.7287534]]]]}},{"type":"Feature","properties":{"UFID":"100035906008A00110100000004576095"},"geometry":{"type":"MultiPolygon","coordinates":[[[[129.4479067,35.7286712],[129.4478742,35.7286567],[129.4478552,35.7286528],[129.4478543,35.7286519],[129.4478541,35.7286481],[129.4477957,35.7286846],[129.4478266,35.7286816],[129.4478557,35.7286821],[129.4478681,35.7286844],[129.447884,35.7286904],[129.4479067,35.7286712]]]]}},{"type":"Feature","properties":{"UFID":"100035906008A00110100000004576096"},"geometry":{"type":"MultiPolygon","coordinates":[[[[129.4476977,35.7287141],[129.4476924,35.7286871],[129.4476057,35.7287174],[129.4476132,35.7287446],[129.4476313,35.7287372],[129.4476977,35.7287141]]]]}},{"type":"Feature","properties":{"UFID":"100035906008A00110100000004576097"},"geometry":{"type":"MultiPolygon","coordinates":[[[[129.4477957,35.7286846],[129.4477802,35.7286563],[129.4477496,35.7286669],[129.4477275,35.7286744],[129.4476924,35.7286871],[129.4476977,35.7287141],[129.4477404,35.7286993],[129.4477625,35.7286918],[129.4477764,35.728687],[129.4477957,35.7286846]]]]}},{"type":"Feature","properties":{"UFID":"100035906008A00110100000004576098"},"geometry":{"type":"MultiPolygon","coordinates":[[[[129.4476132,35.7287446],[129.4476057,35.7287174],[129.4475066,35.7287473],[129.4475024,35.7287475],[129.4475013,35.7287478],[129.4475307,35.7287927],[129.4475324,35.7287906],[129.4475452,35.7287821],[129.4476085,35.7287465],[129.4476132,35.7287446]]]]}},{"type":"Feature","properties":{"UFID":"100035906008A00110100000004576099"},"geometry":{"type":"MultiPolygon","coordinates":[[[[129.4373043,35.7397105],[129.4372906,35.7397085],[129.4372849,35.7397084],[129.4372798,35.7397107],[129.4372571,35.7397319],[129.4372829,35.7397439],[129.4373043,35.7397105]]]]}},{"type":"Feature","properties":{"UFID":"100035906008A00110100000004576100"},"geometry":{"type":"MultiPolygon","coordinates":[[[[129.4376627,35.7397158],[129.4375338,35.7397219],[129.437375,35.7397213],[129.4373043,35.7397105],[129.4372829,35.7397439],[129.4374131,35.7397455],[129.4376423,35.7397414],[129.4377574,35.7397458],[129.4376627,35.7397158]]]]}},{"type":"Feature","properties":{"UFID":"100035906008A00110100000004576101"},"geometry":{"type":"MultiPolygon","coordinates":[[[[129.4372829,35.7397439],[129.4372571,35.7397319],[129.4372381,35.7397511],[129.4372612,35.7397605],[129.4372829,35.7397439]]]]}},{"type":"Feature","properties":{"UFID":"100035906008A00110100000004576102"},"geometry":{"type":"MultiPolygon","coordinates":[[[[129.4480259,35.7288515],[129.4480078,35.7288221],[129.4480049,35.728815],[129.4479788,35.7287611],[129.4479739,35.7287534],[129.4479455,35.7287673],[129.4479486,35.7287723],[129.4479737,35.7288241],[129.4479871,35.7288578],[129.4480259,35.7288515]]]]}},{"type":"Feature","properties":{"UFID":"100035906008A00110100000004576110"},"geometry":{"type":"MultiPolygon","coordinates":[[[[129.4488715,35.744262],[129.4488375,35.7442528],[129.4488371,35.7442584],[129.4488358,35.7442645],[129.4488257,35.744291],[129.4487951,35.7443846],[129.4487726,35.7444684],[129.4487576,35.7445421],[129.4487529,35.744569],[129.4487505,35.7446425],[129.4487565,35.7447195],[129.4487654,35.7448033],[129.4487767,35.7449039],[129.4487843,35.7450043],[129.4487944,35.7450768],[129.4487995,35.7451087],[129.4488159,35.7451754],[129.4488403,35.7452357],[129.4488791,35.7453073],[129.4489508,35.7454234],[129.4489712,35.7454483],[129.4490434,35.745501],[129.4490659,35.745515],[129.4491199,35.7455391],[129.449228,35.7455757],[129.4493064,35.7456089],[129.4493757,35.7456454],[129.4494388,35.7456806],[129.4494513,35.7456909],[129.4494741,35.7457152],[129.4494749,35.7457206],[129.4494756,35.7457329],[129.4494742,35.7457649],[129.4494587,35.7458335],[129.4494562,35.745847],[129.4494583,35.7458638],[129.4494717,35.7458836],[129.449495,35.7459037],[129.449518,35.7459249],[129.4495327,35.7459374],[129.4495691,35.7459643],[129.4496239,35.7459922],[129.4496865,35.7460113],[129.4497161,35.7460212],[129.4497935,35.7460481],[129.449858,35.7460808],[129.4499084,35.746114],[129.449939,35.7461342],[129.45,35.7461734],[129.4500194,35.7461858],[129.4500833,35.7462271],[129.4501363,35.7462675],[129.4501809,35.7463048],[129.4501966,35.7463215],[129.4502145,35.7463404],[129.4502484,35.7463841],[129.4502813,35.7464281],[129.4502827,35.7464298],[129.4503218,35.746475],[129.4503664,35.7465209],[129.4503813,35.7465345],[129.4504212,35.7465832],[129.450436,35.7466154],[129.450436,35.7466158],[129.4504369,35.7466248],[129.4504414,35.7466608],[129.4504445,35.7467253],[129.4504486,35.7467916],[129.450458,35.7468525],[129.4504687,35.7469202],[129.4504761,35.7469811],[129.4504817,35.7470368],[129.4504833,35.7471202],[129.4504834,35.7471217],[129.4504832,35.7471896],[129.4505387,35.7471745],[129.4505205,35.7471564],[129.4505192,35.7471548],[129.4505179,35.7471527],[129.4505165,35.7471206],[129.4505165,35.7471198],[129.4505148,35.7470355],[129.4505092,35.7469787],[129.4505017,35.7469171],[129.4504909,35.7468491],[129.4504817,35.7467892],[129.4504776,35.7467241],[129.4504745,35.7466589],[129.4504699,35.7466223],[129.4504735,35.7466061],[129.4504763,35.7465839],[129.450474,35.7465795],[129.4504444,35.746534],[129.4504312,35.7465183],[129.4504249,35.7465145],[129.4504084,35.7465118],[129.4503927,35.7465041],[129.4503913,35.746503],[129.4503484,35.7464588],[129.4503212,35.7464274],[129.4503104,35.7464149],[129.4502766,35.7463698],[129.4502417,35.7463249],[129.4502379,35.7463208],[129.450206,35.7462871],[129.4501595,35.7462482],[129.450105,35.7462066],[129.4500401,35.7461647],[129.45,35.746139],[129.4499597,35.7461131],[129.4499293,35.746093],[129.4498773,35.7460587],[129.4498089,35.746024],[129.4497289,35.7459962],[129.4496987,35.7459861],[129.4496387,35.7459678],[129.4495892,35.7459426],[129.4495558,35.745918],[129.4495424,35.7459066],[129.4495195,35.7458855],[129.4495018,35.7458501],[129.4494994,35.745845],[129.4495073,35.7457679],[129.4495088,35.7457327],[129.449508,35.7457183],[129.4495068,35.7457107],[129.4495054,35.7457041],[129.4494764,35.7456731],[129.4494601,35.7456597],[129.4493941,35.7456229],[129.4493231,35.7455855],[129.449242,35.7455512],[129.4491342,35.7455147],[129.449084,35.7454923],[129.4490646,35.7454802],[129.4489964,35.7454304],[129.4489795,35.7454098],[129.4489091,35.7452957],[129.4488713,35.7452259],[129.448848,35.7451685],[129.4488323,35.7451043],[129.4488273,35.7450735],[129.4488173,35.7450019],[129.4488097,35.7449019],[129.4487985,35.7448009],[129.4487896,35.7447175],[129.4487837,35.744642],[129.4487861,35.7445713],[129.4487903,35.7445462],[129.4488052,35.7444735],[129.4488273,35.7443909],[129.4488576,35.7442985],[129.4488715,35.744262]]]]}},{"type":"Feature","properties":{"UFID":"100035906008A00110100000004576227"},"geometry":{"type":"MultiPolygon","coordinates":[[[[129.4393305,35.7493144],[129.4392993,35.7494112],[129.4393148,35.749403],[129.4393334,35.7493984],[129.439358,35.7493979],[129.4393776,35.7493999],[129.4393979,35.7494064],[129.4394107,35.7494202],[129.4394166,35.7494347],[129.439437,35.7494787],[129.4394221,35.7495372],[129.4394166,35.7495451],[129.4394043,35.7495529],[129.4394625,35.7496259],[129.4395089,35.7495221],[129.4395106,35.7495139],[129.4395126,35.7494926],[129.4395095,35.7494712],[129.4395101,35.7494389],[129.4395141,35.7494095],[129.4395147,35.7493754],[129.4395108,35.7493612],[129.4394984,35.7493423],[129.4394855,35.7493356],[129.4394466,35.7493261],[129.4394197,35.7493241],[129.4393703,35.7493214],[129.4393305,35.7493144]]]]}},{"type":"Feature","properties":{"UFID":"100035906008A00110100000004576228"},"geometry":{"type":"MultiPolygon","coordinates":[[[[129.4488576,35.744198],[129.4487721,35.7441814],[129.4487557,35.7442342],[129.4488375,35.7442528],[129.4488576,35.744198]]]]}},{"type":"Feature","properties":{"UFID":"100035906008A00110100000004576229"},"geometry":{"type":"MultiPolygon","coordinates":[[[[129.4487557,35.7442342],[129.4487721,35.7441814],[129.4484901,35.7441658],[129.4484473,35.7441676],[129.4484194,35.7441747],[129.4483905,35.7441918],[129.4482225,35.7443275],[129.4481977,35.7443573],[129.4481894,35.7446302],[129.4481782,35.7446538],[129.4481681,35.7446634],[129.4480332,35.7447867],[129.4479911,35.7448362],[129.4479803,35.7448729],[129.4479768,35.7449053],[129.4479798,35.744919],[129.4480145,35.7449714],[129.4481051,35.7450732],[129.4481055,35.745087],[129.4480943,35.7452575],[129.4481185,35.7452635],[129.4481346,35.7450802],[129.4481315,35.7450695],[129.4480194,35.7449331],[129.4480177,35.7449292],[129.4480286,35.7448849],[129.448145,35.7447821],[129.4482257,35.7447052],[129.4482314,35.7446769],[129.4482319,35.7444499],[129.4482346,35.7444244],[129.4482761,35.7443417],[129.4483659,35.744256],[129.4483939,35.744234],[129.4484305,35.7442258],[129.4486572,35.7442284],[129.4487557,35.7442342]]]]}},{"type":"Feature","properties":{"UFID":"100035906008A00110100000004576230"},"geometry":{"type":"MultiPolygon","coordinates":[[[[129.4319945,35.749736],[129.4320971,35.7497816],[129.4320938,35.7497724],[129.432094,35.7497661],[129.4320979,35.7497557],[129.4321085,35.7497383],[129.4321287,35.7497187],[129.4321552,35.7497045],[129.4322361,35.7496771],[129.4323124,35.7496542],[129.4323448,35.7496339],[129.4323542,35.7496157],[129.4323584,35.7495902],[129.4323605,35.7495658],[129.4323594,35.7495535],[129.4323564,35.7495075],[129.4323402,35.74948],[129.4322807,35.749495],[129.4322948,35.7495129],[129.4323019,35.7495298],[129.4323047,35.7495517],[129.4323005,35.7495789],[129.4322868,35.7496058],[129.4322719,35.7496158],[129.4321132,35.7496734],[129.4320701,35.7496901],[129.4320508,35.749707],[129.4320163,35.7497306],[129.4319945,35.749736]]]]}},{"type":"Feature","properties":{"UFID":"100035906008A00110100000004576231"},"geometry":{"type":"MultiPolygon","coordinates":[[[[129.4381596,35.7449083],[129.4381106,35.744891],[129.4380953,35.7449272],[129.4381446,35.7449451],[129.4381596,35.7449083]]]]}},{"type":"Feature","properties":{"UFID":"100035906008A00110100000004576232"},"geometry":{"type":"MultiPolygon","coordinates":[[[[129.438548,35.7450205],[129.4384916,35.7450326],[129.438203,35.7449412],[129.4381596,35.7449083],[129.4381446,35.7449451],[129.4381591,35.7449503],[129.4381729,35.7449699],[129.4382375,35.7449932],[129.4382765,35.7449932],[129.4384986,35.7450672],[129.4385157,35.7450826],[129.438548,35.7450205]]]]}},{"type":"Feature","properties":{"UFID":"100035906008A00110100000004576233"},"geometry":{"type":"MultiPolygon","coordinates":[[[[129.4488938,35.7442037],[129.4488576,35.744198],[129.4488375,35.7442528],[129.4488715,35.744262],[129.4488938,35.7442037]]]]}},{"type":"Feature","properties":{"UFID":"100035906008A00110100000004576234"},"geometry":{"type":"MultiPolygon","coordinates":[[[[129.4488576,35.744198],[129.4488938,35.7442037],[129.4489033,35.7441694],[129.4489249,35.7440396],[129.4489434,35.7438832],[129.448954,35.7437753],[129.4489583,35.7436822],[129.4489487,35.7436049],[129.4489179,35.743541],[129.448878,35.7434666],[129.448866,35.7434475],[129.448838,35.7433857],[129.4488102,35.7433229],[129.4487814,35.7433472],[129.4488068,35.7433949],[129.4488356,35.7434585],[129.448848,35.7434782],[129.4488873,35.7435513],[129.4489162,35.7436113],[129.4489251,35.743683],[129.4489209,35.7437737],[129.4489103,35.7438808],[129.4488919,35.7440365],[129.4488707,35.7441646],[129.4488619,35.7441906],[129.4488576,35.744198]]]]}},{"type":"Feature","properties":{"UFID":"100035906008A00110100000004576235"},"geometry":{"type":"MultiPolygon","coordinates":[[[[129.4394043,35.7495529],[129.4393893,35.7495563],[129.439367,35.7495548],[129.4393549,35.7495473],[129.4392886,35.7494281],[129.4392993,35.7494112],[129.4391981,35.749418],[129.4392909,35.7495773],[129.4393465,35.7496651],[129.4393532,35.7497536],[129.4394043,35.7495529]]]]}},{"type":"Feature","properties":{"UFID":"100035906008A00110100000004576236"},"geometry":{"type":"MultiPolygon","coordinates":[[[[129.4319945,35.749736],[129.4319267,35.7497043],[129.4317014,35.749606],[129.4316052,35.7495606],[129.431543,35.7495227],[129.4314869,35.7494893],[129.4314191,35.7495658],[129.4314928,35.7495984],[129.4316137,35.7496569],[129.4318045,35.7497417],[129.4319515,35.7498026],[129.4319945,35.749736]]]]}},{"type":"Feature","properties":{"UFID":"100035906008A00110100000004576237"},"geometry":{"type":"MultiPolygon","coordinates":[[[[129.4320971,35.7497816],[129.4319945,35.749736],[129.4319515,35.7498026],[129.4319851,35.7498165],[129.4320581,35.7498458],[129.4320971,35.7497816]]]]}},{"type":"Feature","properties":{"UFID":"100035906008A00110100000004576238"},"geometry":{"type":"MultiPolygon","coordinates":[[[[129.4361967,35.747492],[129.4361137,35.7474515],[129.4360235,35.7475401],[129.4358483,35.7476782],[129.4357461,35.7477597],[129.4356077,35.7478742],[129.4354838,35.7479916],[129.4353656,35.7481033],[129.4352759,35.7481753],[129.4351879,35.7482393],[129.4351378,35.7482716],[129.4350402,35.7483253],[129.4349531,35.7483699],[129.4348011,35.7484429],[129.4346818,35.7484978],[129.4346385,35.748523],[129.4345125,35.7486057],[129.4344133,35.7486921],[129.4343176,35.748773],[129.4342093,35.7488678],[129.4341226,35.748941],[129.4340485,35.7490086],[129.4339735,35.7490798],[129.4339061,35.7491511],[129.4338445,35.749219],[129.4337878,35.7492903],[129.433772,35.7493162],[129.4338525,35.749353],[129.4338883,35.7493025],[129.4339507,35.7492217],[129.4340156,35.7491467],[129.4341251,35.7490416],[129.4342316,35.7489455],[129.4343483,35.7488453],[129.4344468,35.7487599],[129.4345368,35.7486901],[129.434608,35.7486378],[129.43469,35.7485876],[129.4348106,35.7485216],[129.4349191,35.7484717],[129.4350075,35.748429],[129.4350986,35.7483842],[129.4351646,35.7483477],[129.4352155,35.7483185],[129.4352784,35.7482698],[129.4353474,35.7482193],[129.4354155,35.7481592],[129.4355713,35.7480263],[129.4357417,35.7478894],[129.4359269,35.7477357],[129.4360306,35.7476424],[129.4361203,35.7475626],[129.4361967,35.747492]]]]}},{"type":"Feature","properties":{"UFID":"100035906008A00110100000004576239"},"geometry":{"type":"MultiPolygon","coordinates":[[[[129.4337342,35.7493794],[129.433772,35.7493162],[129.4334731,35.7493572],[129.4333986,35.7493541],[129.4332947,35.7493361],[129.4331126,35.7492409],[129.4330839,35.7492813],[129.4331988,35.7493444],[129.4332325,35.7493609],[129.4333335,35.7493936],[129.4333763,35.7493993],[129.4334224,35.7494003],[129.4334994,35.7493966],[129.4337135,35.7493709],[129.4337342,35.7493794]]]]}},{"type":"Feature","properties":{"UFID":"100035906008A00110100000004576240"},"geometry":{"type":"MultiPolygon","coordinates":[[[[129.4338525,35.749353],[129.433772,35.7493162],[129.4337342,35.7493794],[129.4338208,35.7493977],[129.4338525,35.749353]]]]}},{"type":"Feature","properties":{"UFID":"100035906008A00110100000004576241"},"geometry":{"type":"MultiPolygon","coordinates":[[[[129.4389318,35.7444479],[129.4388367,35.7444346],[129.438835,35.7444633],[129.4388321,35.744486],[129.4388091,35.7445461],[129.4387662,35.7446258],[129.4387048,35.7447321],[129.4386419,35.7448493],[129.4385854,35.7449519],[129.438548,35.7450205],[129.438618,35.7450479],[129.4386592,35.7449781],[129.4387642,35.7447997],[129.4388219,35.7447041],[129.4388702,35.7446089],[129.4388958,35.7445496],[129.4389155,35.7444874],[129.4389318,35.7444479]]]]}},{"type":"Feature","properties":{"UFID":"100035906008A00110100000004576242"},"geometry":{"type":"MultiPolygon","coordinates":[[[[129.438618,35.7450479],[129.438548,35.7450205],[129.4385157,35.7450826],[129.4385823,35.7451087],[129.438618,35.7450479]]]]}},{"type":"Feature","properties":{"UFID":"100035906008A00110100000004576243"},"geometry":{"type":"MultiPolygon","coordinates":[[[[129.4385823,35.7451087],[129.4385157,35.7450826],[129.4384843,35.7451448],[129.4384368,35.7452312],[129.4383915,35.7453092],[129.4383562,35.7453638],[129.4383228,35.7454165],[129.438293,35.7454596],[129.4382185,35.7455512],[129.4381361,35.7456592],[129.4380538,35.7457498],[129.4380321,35.7457732],[129.4381081,35.7458007],[129.4381551,35.7457482],[129.4382384,35.7456429],[129.4383404,35.745508],[129.4383523,35.7454866],[129.4384054,35.7454051],[129.4384727,35.7452908],[129.4385688,35.7451315],[129.4385823,35.7451087]]]]}},{"type":"Feature","properties":{"UFID":"100035906008A00110100000004576244"},"geometry":{"type":"MultiPolygon","coordinates":[[[[129.4376828,35.7406643],[129.4375125,35.740655],[129.4375265,35.7406995],[129.4375642,35.7407761],[129.4375712,35.7408011],[129.4375766,35.7408285],[129.437587,35.7409343],[129.4375881,35.7409806],[129.4375968,35.7410381],[129.4376029,35.7410718],[129.4376229,35.7411543],[129.4376393,35.7412171],[129.4376737,35.7413039],[129.4377231,35.7413963],[129.4377766,35.741499],[129.4378162,35.7415841],[129.437847,35.7416579],[129.4378668,35.7417214],[129.4378857,35.7417951],[129.4379066,35.7419006],[129.4379232,35.742021],[129.4379421,35.7421311],[129.4379579,35.742241],[129.4379723,35.7423383],[129.437989,35.7424246],[129.4380117,35.7425117],[129.4380318,35.7425887],[129.4380619,35.7426766],[129.4380957,35.7427618],[129.4381294,35.7428435],[129.4381737,35.7429306],[129.4382488,35.743077],[129.4382646,35.7431081],[129.4382844,35.7431468],[129.4383205,35.7432177],[129.4383324,35.7432441],[129.4384182,35.7432566],[129.438407,35.7432336],[129.4383479,35.7431164],[129.4383453,35.7431111],[129.4383259,35.7430716],[129.4382854,35.7429887],[129.438226,35.7428679],[129.4381757,35.7427439],[129.4381187,35.7425963],[129.4380879,35.7425104],[129.4380643,35.7424166],[129.4380357,35.7422677],[129.4380135,35.7421094],[129.4379984,35.7420163],[129.4379821,35.7419053],[129.4379646,35.7418116],[129.4379318,35.7416781],[129.437888,35.7415554],[129.4377714,35.7413202],[129.4377227,35.7412048],[129.4376938,35.7411167],[129.4376775,35.741],[129.4376732,35.7409365],[129.4376824,35.7408193],[129.4376828,35.7406643]]]]}},{"type":"Feature","properties":{"UFID":"100035906008A00110100000004576245"},"geometry":{"type":"MultiPolygon","coordinates":[[[[129.4394625,35.7496259],[129.4394043,35.7495529],[129.4393532,35.7497536],[129.4394118,35.7497945],[129.4394625,35.7496259]]]]}},{"type":"Feature","properties":{"UFID":"100035906008A00110100000004576246"},"geometry":{"type":"MultiPolygon","coordinates":[[[[129.4392993,35.7494112],[129.4393305,35.7493144],[129.4391283,35.7493383],[129.4391981,35.749418],[129.4392993,35.7494112]]]]}},{"type":"Feature","properties":{"UFID":"100035906008A00110100000004576247"},"geometry":{"type":"MultiPolygon","coordinates":[[[[129.4315685,35.7471525],[129.4314927,35.7470423],[129.4314765,35.7470261],[129.4313559,35.7469363],[129.4312945,35.7469556],[129.4313185,35.746965],[129.4313803,35.7470045],[129.4314716,35.7470805],[129.4315374,35.7472276],[129.4315685,35.7471525]]]]}},{"type":"Feature","properties":{"UFID":"100035906008A00110100000004576248"},"geometry":{"type":"MultiPolygon","coordinates":[[[[129.4311083,35.7469515],[129.4311102,35.7469134],[129.431056,35.7469171],[129.4310214,35.7469224],[129.4309585,35.7469281],[129.4308919,35.7469334],[129.4308224,35.746938],[129.4307011,35.7469376],[129.4306499,35.7469299],[129.4306351,35.7469249],[129.4306023,35.7469128],[129.4305183,35.7468498],[129.4303856,35.7467271],[129.4303738,35.74672],[129.4303559,35.7467139],[129.4303332,35.7467092],[129.4303059,35.7467075],[129.4302726,35.746708],[129.4302122,35.7467287],[129.430132,35.7467586],[129.430053,35.7467927],[129.4299892,35.7468233],[129.4299423,35.7468548],[129.429904,35.7468821],[129.4298687,35.7469102],[129.4298324,35.7469464],[129.4298684,35.7469496],[129.429911,35.7469076],[129.4299519,35.7468758],[129.429991,35.7468498],[129.4300317,35.7468267],[129.4300963,35.7467986],[129.4301621,35.7467712],[129.4302402,35.7467425],[129.4303104,35.7467325],[129.4303322,35.7467365],[129.4303482,35.7467409],[129.4303606,35.7467479],[129.4303746,35.7467582],[129.4305088,35.7468759],[129.4305849,35.7469434],[129.4306078,35.7469537],[129.4306352,35.7469634],[129.4306865,35.74697],[129.43072,35.7469723],[129.4307604,35.7469733],[129.4308013,35.7469721],[129.4309762,35.7469523],[129.4310838,35.7469461],[129.4310972,35.7469474],[129.4311083,35.7469515]]]]}},{"type":"Feature","properties":{"UFID":"100035906008A00110100000004576249"},"geometry":{"type":"MultiPolygon","coordinates":[[[[129.4312099,35.7469081],[129.4311464,35.746911],[129.4311102,35.7469134],[129.4311083,35.7469515],[129.4312085,35.7469509],[129.4312099,35.7469081]]]]}},{"type":"Feature","properties":{"UFID":"100035906008A00110100000004576250"},"geometry":{"type":"MultiPolygon","coordinates":[[[[129.4312607,35.7468996],[129.4312565,35.7469045],[129.4312301,35.7469071],[129.4312099,35.7469081],[129.4312085,35.7469509],[129.4312267,35.7469479],[129.4312641,35.7469499],[129.4312945,35.7469556],[129.4312607,35.7468996]]]]}},{"type":"Feature","properties":{"UFID":"100035906008A00110100000004576251"},"geometry":{"type":"MultiPolygon","coordinates":[[[[129.4313559,35.7469363],[129.4313367,35.746922],[129.431327,35.7469157],[129.4313135,35.7468857],[129.4312607,35.7468996],[129.4312945,35.7469556],[129.4313559,35.7469363]]]]}},{"type":"Feature","properties":{"UFID":"100035906008A00110100000004576252"},"geometry":{"type":"MultiPolygon","coordinates":[[[[129.4313135,35.7468857],[129.4311717,35.7465703],[129.431071,35.7463717],[129.4309602,35.746244],[129.4308627,35.746131],[129.4307855,35.745993],[129.430707,35.7458346],[129.4306514,35.7456752],[129.4306488,35.7456085],[129.4306589,35.7455924],[129.4306688,35.7455869],[129.4306921,35.745574],[129.43083,35.7454911],[129.4307944,35.745453],[129.4307918,35.7454613],[129.4307839,35.7454704],[129.4306685,35.7455441],[129.4306302,35.7455817],[129.4306231,35.7455901],[129.4306172,35.7456034],[129.4306159,35.7456207],[129.4306156,35.7456328],[129.4306166,35.7456855],[129.4306927,35.7458847],[129.4307899,35.7460803],[129.4308627,35.7461913],[129.4309838,35.7463284],[129.4310449,35.7464131],[129.4311131,35.7465774],[129.4312308,35.7468061],[129.4312607,35.7468996],[129.4313135,35.7468857]]]]}},{"type":"Feature","properties":{"UFID":"100035906008A00110100000004576253"},"geometry":{"type":"MultiPolygon","coordinates":[[[[129.4308468,35.7453873],[129.4308418,35.7453856],[129.4308343,35.7453782],[129.4308267,35.7452934],[129.4308276,35.7452893],[129.4308285,35.7452401],[129.4308216,35.7451848],[129.4308125,35.745137],[129.430795,35.7450793],[129.4307695,35.7450135],[129.4307398,35.7449568],[129.430704,35.7448955],[129.4306708,35.7448531],[129.4306458,35.7448202],[129.4306311,35.744799],[129.4306284,35.7447926],[129.4306282,35.7447876],[129.4306284,35.7447841],[129.43063,35.744775],[129.4305874,35.744795],[129.430595,35.744806],[129.4306241,35.7448385],[129.4306487,35.7448675],[129.430683,35.7449152],[129.4307116,35.7449623],[129.4307348,35.7450039],[129.4307578,35.7450549],[129.4307772,35.7451081],[129.430792,35.7451618],[129.4308009,35.7452111],[129.4308033,35.7452482],[129.4308013,35.7452899],[129.4307923,35.7453248],[129.4307892,35.7453305],[129.4307931,35.7453915],[129.4307941,35.7454033],[129.4307962,35.7454235],[129.4307962,35.7454431],[129.4307944,35.745453],[129.4308468,35.7453873]]]]}},{"type":"Feature","properties":{"UFID":"100035906008A00110100000004576254"},"geometry":{"type":"MultiPolygon","coordinates":[[[[129.4308854,35.7454191],[129.4308468,35.7453873],[129.4307944,35.745453],[129.43083,35.7454911],[129.4308369,35.745481],[129.4308629,35.7454488],[129.4308854,35.7454191]]]]}},{"type":"Feature","properties":{"UFID":"100035906008A00110100000004576255"},"geometry":{"type":"MultiPolygon","coordinates":[[[[129.4311717,35.7447695],[129.4311238,35.744743],[129.4310562,35.7449269],[129.4310215,35.7450314],[129.4310018,35.7450904],[129.4309743,35.7451514],[129.4309463,35.7452165],[129.4309196,35.7452696],[129.4309092,35.7452911],[129.4308647,35.7453785],[129.4308576,35.7453841],[129.4308468,35.7453873],[129.4308854,35.7454191],[129.4309053,35.7453927],[129.4309652,35.7452935],[129.4309743,35.7452686],[129.4309932,35.7452126],[129.4310201,35.7451462],[129.4310469,35.7450734],[129.4310745,35.7449956],[129.431105,35.7449247],[129.4311507,35.7448009],[129.4311717,35.7447695]]]]}},{"type":"Feature","properties":{"UFID":"100035906008A00110100000004576256"},"geometry":{"type":"MultiPolygon","coordinates":[[[[129.4316384,35.7472543],[129.4315685,35.7471525],[129.4315374,35.7472276],[129.4316084,35.7472924],[129.4316384,35.7472543]]]]}},{"type":"Feature","properties":{"UFID":"100035906008A00110100000004576257"},"geometry":{"type":"MultiPolygon","coordinates":[[[[129.4306017,35.7447168],[129.4305213,35.7446841],[129.4303957,35.7446123],[129.4302779,35.7445708],[129.4301732,35.7445345],[129.430094,35.7445068],[129.4300455,35.7444907],[129.4300043,35.7444812],[129.4299362,35.7444682],[129.4298398,35.7444372],[129.429732,35.7444017],[129.4296281,35.7443749],[129.4294984,35.7443264],[129.4293512,35.7442556],[129.4292179,35.7441758],[129.4291024,35.7441046],[129.429083,35.7440869],[129.4290652,35.744069],[129.42905,35.7440507],[129.4290364,35.7440358],[129.4289741,35.7439472],[129.4289102,35.7439815],[129.4289944,35.7440886],[129.4290491,35.7441484],[129.4290946,35.7441907],[129.4291299,35.7442118],[129.4291786,35.7442322],[129.4292404,35.7442531],[129.4294082,35.7443335],[129.4294407,35.7443488],[129.4294723,35.7443647],[129.4295026,35.7443789],[129.4295542,35.7443976],[129.4296235,35.7444232],[129.4296907,35.744446],[129.4297804,35.7444669],[129.4298733,35.7444878],[129.4299555,35.744509],[129.4300635,35.7445385],[129.4301426,35.7445621],[129.4302383,35.7445933],[129.4303266,35.7446281],[129.4304292,35.7446732],[129.4304959,35.7447101],[129.4305469,35.744744],[129.4306017,35.7447168]]]]}},{"type":"Feature","properties":{"UFID":"100035906008A00110100000004576258"},"geometry":{"type":"MultiPolygon","coordinates":[[[[129.43063,35.744775],[129.4306017,35.7447168],[129.4305469,35.744744],[129.4305713,35.7447717],[129.4305874,35.744795],[129.43063,35.744775]]]]}},{"type":"Feature","properties":{"UFID":"100035906008A00110100000004576259"},"geometry":{"type":"MultiPolygon","coordinates":[[[[129.4326133,35.7422104],[129.4325032,35.7422494],[129.4324629,35.7422846],[129.4324524,35.7422975],[129.4324094,35.742347],[129.4323772,35.7423807],[129.4323493,35.7423985],[129.4322918,35.7424231],[129.4322132,35.742453],[129.4321238,35.7424901],[129.4320691,35.7425138],[129.4320267,35.7425378],[129.4319791,35.7425727],[129.4319204,35.7426148],[129.4318645,35.7426615],[129.4317958,35.7427287],[129.4317129,35.7428185],[129.4316456,35.7428819],[129.4315804,35.7429319],[129.4315047,35.7429903],[129.4314282,35.7430492],[129.4313779,35.7430914],[129.4313267,35.7431313],[129.4312898,35.7431659],[129.4312564,35.7432001],[129.4312254,35.7432343],[129.4312015,35.7432674],[129.4311786,35.7433029],[129.4311566,35.7433401],[129.431135,35.7433791],[129.4311141,35.7434188],[129.4310922,35.743471],[129.4310766,35.7435204],[129.4310649,35.7435703],[129.4310545,35.7436205],[129.4310459,35.7436643],[129.4310335,35.743704],[129.4310124,35.7437461],[129.4309757,35.7438344],[129.4309453,35.7439155],[129.4309143,35.7439921],[129.4308905,35.7440645],[129.4308637,35.7441423],[129.430834,35.7442304],[129.4308022,35.744319],[129.4307725,35.7443942],[129.4307452,35.7444654],[129.4307113,35.7445364],[129.4306808,35.744603],[129.4306515,35.7446593],[129.430636,35.7446921],[129.4306309,35.7447006],[129.4306258,35.7447063],[129.4306191,35.7447119],[129.4306134,35.7447149],[129.430609,35.7447162],[129.4306017,35.7447168],[129.43063,35.744775],[129.430646,35.7447356],[129.4306757,35.7446893],[129.4307158,35.7446097],[129.4307626,35.7445031],[129.4308219,35.7443656],[129.4308746,35.7442389],[129.4309254,35.7441005],[129.4309765,35.7439447],[129.4310396,35.7437914],[129.4310831,35.7437002],[129.4310905,35.7436856],[129.4311108,35.7436242],[129.4311281,35.7435384],[129.4311466,35.7434702],[129.4311766,35.743397],[129.43121,35.7433353],[129.4312521,35.7432808],[129.4313135,35.7432071],[129.4313726,35.7431502],[129.4314372,35.7430955],[129.4315035,35.7430445],[129.4315584,35.7430056],[129.4315974,35.7429778],[129.4316417,35.7429384],[129.4316983,35.7428891],[129.4317457,35.742841],[129.4318108,35.7427687],[129.4318748,35.742704],[129.4319239,35.7426566],[129.4319652,35.7426208],[129.4320043,35.7425898],[129.4320434,35.7425628],[129.4320947,35.7425355],[129.4321609,35.7425105],[129.4322385,35.7424779],[129.4323136,35.7424455],[129.4323749,35.7424168],[129.4324103,35.7423944],[129.4324407,35.7423685],[129.432473,35.7423298],[129.4325109,35.7422819],[129.4325485,35.7422448],[129.4326133,35.7422104]]]]}},{"type":"Feature","properties":{"UFID":"100035906008A00110100000004576260"},"geometry":{"type":"MultiPolygon","coordinates":[[[[129.4325032,35.7422494],[129.4325001,35.7422253],[129.4323788,35.7422514],[129.4323299,35.7422621],[129.4322265,35.742269],[129.4322095,35.7422708],[129.4321456,35.7423049],[129.4321109,35.7423176],[129.4320391,35.7423325],[129.4319383,35.7423487],[129.4318473,35.7423544],[129.4318479,35.7423802],[129.4319488,35.7423734],[129.4320626,35.742359],[129.4321147,35.7423442],[129.4322042,35.7423016],[129.4322201,35.742293],[129.4323494,35.7422828],[129.4324177,35.7422663],[129.4325005,35.7422481],[129.4325032,35.7422494]]]]}},{"type":"Feature","properties":{"UFID":"100035906008A00110100000004576261"},"geometry":{"type":"MultiPolygon","coordinates":[[[[129.4312184,35.7447182],[129.4311717,35.7447695],[129.4311819,35.744769],[129.4311894,35.7447755],[129.431228,35.7448464],[129.4312795,35.7449047],[129.4313499,35.7449511],[129.4315072,35.7450297],[129.4316933,35.7450995],[129.4317275,35.7450584],[129.4316063,35.7450143],[129.4314358,35.7449459],[129.4313585,35.7449001],[129.431264,35.7448089],[129.431238,35.7447712],[129.4312225,35.7447389],[129.4312184,35.7447182]]]]}},{"type":"Feature","properties":{"UFID":"100035906008A00110100000004576262"},"geometry":{"type":"MultiPolygon","coordinates":[[[[129.4311542,35.7446624],[129.4312184,35.7447182],[129.4312236,35.7446417],[129.4312378,35.7446103],[129.4312559,35.7445844],[129.431284,35.744566],[129.4313237,35.7445504],[129.43136,35.7445416],[129.4313909,35.7445347],[129.4314719,35.7445445],[129.4316197,35.7446022],[129.4316612,35.7445582],[129.4315061,35.7444996],[129.431454,35.7444945],[129.4313957,35.7444934],[129.4313595,35.7444967],[129.431259,35.7445322],[129.4312332,35.7445467],[129.4311703,35.7446197],[129.4311542,35.7446624]]]]}},{"type":"Feature","properties":{"UFID":"100035906008A00110100000004576263"},"geometry":{"type":"MultiPolygon","coordinates":[[[[129.4312184,35.7447182],[129.4311542,35.7446624],[129.4311287,35.7447296],[129.4311238,35.744743],[129.4311717,35.7447695],[129.4312184,35.7447182]]]]}},{"type":"Feature","properties":{"UFID":"100035906008A00110100000004576264"},"geometry":{"type":"MultiPolygon","coordinates":[[[[129.4326133,35.7422104],[129.4325992,35.7421441],[129.4325173,35.7421881],[129.4325001,35.7422253],[129.4325032,35.7422494],[129.4326133,35.7422104]]]]}},{"type":"Feature","properties":{"UFID":"100035906008A00110100000004576265"},"geometry":{"type":"MultiPolygon","coordinates":[[[[129.4331332,35.7419809],[129.4331203,35.741956],[129.4331038,35.7419616],[129.4330366,35.7419848],[129.432925,35.7420298],[129.4327781,35.7420948],[129.4326904,35.742133],[129.432613,35.7421436],[129.4326059,35.7421444],[129.4325992,35.7421441],[129.4326133,35.7422104],[129.432705,35.7421573],[129.4327939,35.7421186],[129.4329403,35.7420538],[129.4330505,35.7420094],[129.4331166,35.7419865],[129.4331332,35.7419809]]]]}},{"type":"Feature","properties":{"UFID":"100035906008A00110100000004576266"},"geometry":{"type":"MultiPolygon","coordinates":[[[[129.4388816,35.7441865],[129.4388561,35.7441138],[129.4387751,35.7441327],[129.4387761,35.7441348],[129.4387987,35.7442067],[129.4388816,35.7441865]]]]}},{"type":"Feature","properties":{"UFID":"100035906008A00110100000004576267"},"geometry":{"type":"MultiPolygon","coordinates":[[[[129.4389142,35.7443107],[129.4388863,35.7441998],[129.4388816,35.7441865],[129.4387987,35.7442067],[129.4388016,35.7442158],[129.438822,35.7442795],[129.4388332,35.7443449],[129.4389142,35.7443107]]]]}},{"type":"Feature","properties":{"UFID":"100035906008A00110100000004576268"},"geometry":{"type":"MultiPolygon","coordinates":[[[[129.4388561,35.7441138],[129.4388816,35.7441865],[129.4388842,35.7441718],[129.4388875,35.7441682],[129.4388943,35.7441654],[129.4389178,35.744163],[129.4389905,35.7441521],[129.438997,35.7441498],[129.439003,35.7441429],[129.4390186,35.7441001],[129.4390347,35.7440767],[129.4390621,35.7440551],[129.4390772,35.7440494],[129.4391041,35.744046],[129.4391387,35.7440454],[129.4391792,35.7440496],[129.4391878,35.7440524],[129.439192,35.7440541],[129.4392012,35.7440591],[129.4392183,35.7440782],[129.4392421,35.7441054],[129.4392626,35.7441232],[129.439283,35.7441383],[129.4393206,35.7441569],[129.4393693,35.7441803],[129.4393925,35.7441911],[129.4393982,35.7441958],[129.4394016,35.7442002],[129.4394061,35.7442082],[129.4394118,35.744238],[129.4394399,35.7442382],[129.4394268,35.744195],[129.4394224,35.7441862],[129.4394182,35.7441801],[129.4394107,35.744174],[129.4394027,35.7441689],[129.4393274,35.7441365],[129.4392931,35.7441172],[129.4392737,35.7441027],[129.4392517,35.7440792],[129.4392241,35.7440509],[129.4391918,35.7440332],[129.4391518,35.7440261],[129.4391135,35.7440269],[129.4390746,35.7440331],[129.4390417,35.7440448],[129.4390165,35.7440626],[129.4390008,35.7440824],[129.4389813,35.7441153],[129.438976,35.7441218],[129.4389704,35.7441258],[129.4389641,35.7441288],[129.4389545,35.7441324],[129.4389051,35.7441414],[129.4388946,35.744141],[129.438886,35.744139],[129.4388788,35.7441357],[129.4388743,35.7441321],[129.4388653,35.7441244],[129.4388561,35.7441138]]]]}},{"type":"Feature","properties":{"UFID":"100035906008A00110100000004576269"},"geometry":{"type":"MultiPolygon","coordinates":[[[[129.4389142,35.7443107],[129.4388332,35.7443449],[129.4388372,35.7444171],[129.4388367,35.7444346],[129.4389318,35.7444479],[129.4389142,35.7443107]]]]}},{"type":"Feature","properties":{"UFID":"100035906008A00110100000004576270"},"geometry":{"type":"MultiPolygon","coordinates":[[[[129.4389142,35.7443107],[129.4389318,35.7444479],[129.4389346,35.744446],[129.4389374,35.7444454],[129.4389396,35.7444452],[129.4389452,35.744446],[129.4390942,35.7445419],[129.4393019,35.7446741],[129.4394275,35.7447642],[129.4394495,35.7447439],[129.4393231,35.7446533],[129.4391147,35.7445207],[129.4389881,35.7444391],[129.4389605,35.7444099],[129.4389142,35.7443107]]]]}},{"type":"Feature","properties":{"UFID":"100035906008A00110100000004576271"},"geometry":{"type":"MultiPolygon","coordinates":[[[[129.4476894,35.7427405],[129.4477209,35.7427155],[129.4477685,35.742666],[129.4477841,35.7426496],[129.4478182,35.7426151],[129.44785,35.7425929],[129.4478806,35.7425761],[129.4479141,35.7425622],[129.4480058,35.742542],[129.4481185,35.7425241],[129.4481596,35.7425185],[129.448229,35.7425044],[129.4482453,35.7424995],[129.4482928,35.7424757],[129.4483136,35.742463],[129.4483807,35.7424268],[129.4484594,35.7423868],[129.448487,35.7423775],[129.4485537,35.7423583],[129.4486036,35.7423512],[129.4486487,35.7423478],[129.4486532,35.7423479],[129.4486779,35.7423505],[129.4486809,35.742351],[129.4487273,35.7423604],[129.4487834,35.7423804],[129.4488131,35.7423896],[129.4488425,35.7423996],[129.4488582,35.7424084],[129.448871,35.7424176],[129.4488819,35.7424289],[129.4489193,35.7424656],[129.4489451,35.7424944],[129.4489711,35.7425372],[129.449007,35.742596],[129.4490213,35.7426188],[129.4490663,35.7426799],[129.4490939,35.742665],[129.4490503,35.7426057],[129.4490366,35.7425839],[129.4490008,35.7425251],[129.4489735,35.7424803],[129.4489455,35.742449],[129.4489077,35.7424118],[129.4488951,35.7423989],[129.4488786,35.742387],[129.4488585,35.7423757],[129.4488254,35.7423645],[129.4487959,35.7423553],[129.448738,35.7423347],[129.4486884,35.7423247],[129.4486835,35.7423238],[129.4486557,35.7423209],[129.4486475,35.7423208],[129.4485992,35.7423243],[129.4485452,35.7423321],[129.4484751,35.7423523],[129.4484442,35.7423627],[129.4483628,35.742404],[129.4482945,35.7424409],[129.4482742,35.7424533],[129.4482308,35.7424751],[129.4482193,35.7424785],[129.4481528,35.742492],[129.4481126,35.7424975],[129.4479983,35.7425157],[129.4479021,35.7425369],[129.4478638,35.7425528],[129.44783,35.7425714],[129.4477944,35.7425962],[129.4477581,35.7426328],[129.4477423,35.7426494],[129.4476961,35.7426974],[129.4476678,35.7427199],[129.4476677,35.74272],[129.4476575,35.7427229],[129.4476283,35.7427309],[129.4476086,35.7427329],[129.4475608,35.742735],[129.44749,35.7427334],[129.4474372,35.7427291],[129.4474242,35.7427281],[129.4473867,35.7427166],[129.4473668,35.7427068],[129.4473223,35.7426785],[129.4472819,35.7426454],[129.4472257,35.7426034],[129.4472052,35.7425899],[129.4471369,35.7425529],[129.4471131,35.7425394],[129.4470567,35.7425066],[129.447,35.7424637],[129.4469928,35.7424582],[129.4469778,35.7424487],[129.4469647,35.7424402],[129.4469468,35.7424319],[129.446926,35.7424277],[129.446921,35.7424545],[129.4469343,35.7424572],[129.4469461,35.7424627],[129.4469573,35.74247],[129.4469713,35.7424788],[129.4469774,35.7424834],[129.4470357,35.7425276],[129.447094,35.7425615],[129.4471183,35.7425753],[129.4471856,35.7426117],[129.4472041,35.7426239],[129.447259,35.7426649],[129.4473003,35.7426987],[129.4473479,35.7427291],[129.4473722,35.7427411],[129.4474167,35.7427546],[129.4474339,35.742756],[129.4474879,35.7427605],[129.4475613,35.742762],[129.4476116,35.7427598],[129.4476357,35.7427574],[129.4476682,35.7427485],[129.4476834,35.7427442],[129.4476894,35.7427405]]]]}},{"type":"Feature","properties":{"UFID":"100035906008A00110100000004576272"},"geometry":{"type":"MultiPolygon","coordinates":[[[[129.4325992,35.7421441],[129.4325887,35.7421394],[129.432578,35.7421378],[129.4325448,35.7421224],[129.4325259,35.742102],[129.4325256,35.7420369],[129.4325498,35.7420262],[129.4324805,35.7420112],[129.4324893,35.742031],[129.4324926,35.7421153],[129.4325217,35.7421497],[129.432527,35.7421672],[129.4325173,35.7421881],[129.4325992,35.7421441]]]]}},{"type":"Feature","properties":{"UFID":"100035906008A00110100000004576273"},"geometry":{"type":"MultiPolygon","coordinates":[[[[129.4299472,35.7482716],[129.4299616,35.7482468],[129.4299149,35.7482361],[129.4299001,35.7482342],[129.4298763,35.748232],[129.4298342,35.7482322],[129.4298135,35.7482337],[129.4297838,35.7482381],[129.4297531,35.7482433],[129.429733,35.7482454],[129.4297115,35.7482461],[129.4296852,35.7482463],[129.4296513,35.7482446],[129.4296246,35.7482446],[129.4295802,35.7482479],[129.429539,35.7482567],[129.4294559,35.7482807],[129.4294276,35.7482847],[129.4294,35.7482873],[129.4293614,35.7482898],[129.4293376,35.7482911],[129.4293137,35.7482914],[129.4292682,35.7482895],[129.4292292,35.7482877],[129.4292046,35.7482894],[129.4291688,35.7482983],[129.4291309,35.7483199],[129.4290975,35.7483543],[129.4290897,35.7483635],[129.4290826,35.7483694],[129.4290729,35.7483739],[129.42906,35.7483774],[129.4290342,35.7483782],[129.4290097,35.7483778],[129.4287998,35.7483438],[129.4287594,35.7483327],[129.4287223,35.7483108],[129.4287019,35.7482821],[129.4286916,35.7482611],[129.4286821,35.7482459],[129.4286413,35.748206],[129.428616,35.7481904],[129.4285921,35.7481761],[129.4285537,35.7481542],[129.4285209,35.7481375],[129.4285075,35.7481288],[129.4285008,35.7481234],[129.428495,35.7481081],[129.4284633,35.7481161],[129.4284715,35.7481378],[129.4284854,35.748149],[129.4285017,35.7481596],[129.4285354,35.7481767],[129.4285728,35.7481981],[129.4285962,35.7482121],[129.4286182,35.7482257],[129.4286542,35.7482608],[129.4286613,35.7482723],[129.428672,35.7482939],[129.4286971,35.7483294],[129.428744,35.748357],[129.4287913,35.74837],[129.4290061,35.7484048],[129.4290345,35.7484052],[129.4290659,35.7484042],[129.4290865,35.7483988],[129.4291032,35.7483909],[129.4291153,35.7483807],[129.4291241,35.7483705],[129.4291539,35.7483398],[129.4291836,35.7483229],[129.4292109,35.7483161],[129.4292296,35.7483148],[129.4292665,35.7483165],[129.4293131,35.7483184],[129.429339,35.7483181],[129.4293638,35.7483168],[129.4294032,35.7483142],[129.4294323,35.7483115],[129.4294643,35.7483069],[129.4295487,35.7482825],[129.4295859,35.7482746],[129.4296262,35.7482717],[129.4296503,35.7482716],[129.4296844,35.7482734],[129.4297123,35.7482731],[129.4297358,35.7482724],[129.4297586,35.7482699],[129.4297901,35.7482646],[129.4298179,35.7482606],[129.4298358,35.7482592],[129.4298746,35.7482591],[129.4298957,35.748261],[129.4299078,35.7482625],[129.4299472,35.7482716]]]]}},{"type":"Feature","properties":{"UFID":"100035906008A00110100000004576274"},"geometry":{"type":"MultiPolygon","coordinates":[[[[129.4316963,35.7476114],[129.4316949,35.7476102],[129.4316909,35.7475841],[129.4316672,35.7474981],[129.4316395,35.747405],[129.4316132,35.7473131],[129.4316063,35.7472944],[129.4316084,35.7472924],[129.4315374,35.7472276],[129.4315512,35.747259],[129.4315693,35.7473104],[129.4315985,35.7474088],[129.4316271,35.7475069],[129.4316581,35.7476106],[129.4316663,35.7476555],[129.4316963,35.7476114]]]]}},{"type":"Feature","properties":{"UFID":"100035906008A00110100000004576275"},"geometry":{"type":"MultiPolygon","coordinates":[[[[129.4317313,35.7476404],[129.4316963,35.7476114],[129.4316663,35.7476555],[129.4317087,35.7477137],[129.4317288,35.7476542],[129.4317313,35.7476404]]]]}},{"type":"Feature","properties":{"UFID":"100035906008A00110100000004576276"},"geometry":{"type":"MultiPolygon","coordinates":[[[[129.4372076,35.7464382],[129.4371573,35.7463766],[129.4371379,35.7463875],[129.4370857,35.7464187],[129.4371346,35.74648],[129.4372076,35.7464382]]]]}},{"type":"Feature","properties":{"UFID":"100035906008A00110100000004576277"},"geometry":{"type":"MultiPolygon","coordinates":[[[[129.4380759,35.7458343],[129.4379992,35.7458088],[129.4379817,35.7458277],[129.4378984,35.745909],[129.4378046,35.7459854],[129.4377,35.7460558],[129.4375812,35.7461318],[129.4374285,35.7462235],[129.4372708,35.7463126],[129.4371573,35.7463766],[129.4372076,35.7464382],[129.4372117,35.7464345],[129.4372622,35.7464079],[129.4373428,35.7463628],[129.4374324,35.7463112],[129.4375094,35.7462655],[129.4375764,35.7462244],[129.4376502,35.7461786],[129.437722,35.7461284],[129.4377771,35.7460894],[129.4378266,35.7460531],[129.4378899,35.7460055],[129.4379471,35.7459557],[129.4380058,35.745901],[129.4380548,35.7458562],[129.4380759,35.7458343]]]]}},{"type":"Feature","properties":{"UFID":"100035906008A00110100000004576278"},"geometry":{"type":"MultiPolygon","coordinates":[[[[129.4381081,35.7458007],[129.4380321,35.7457732],[129.4379992,35.7458088],[129.4380759,35.7458343],[129.4381051,35.745804],[129.4381081,35.7458007]]]]}},{"type":"Feature","properties":{"UFID":"100035906008A00110100000004576279"},"geometry":{"type":"MultiPolygon","coordinates":[[[[129.4380321,35.7457732],[129.4379153,35.7457327],[129.4378682,35.7457172],[129.4378481,35.7457572],[129.437895,35.7457727],[129.4379992,35.7458088],[129.4380321,35.7457732]]]]}},{"type":"Feature","properties":{"UFID":"100035906008A00110100000004576280"},"geometry":{"type":"MultiPolygon","coordinates":[[[[129.4314869,35.7494893],[129.431442,35.7494591],[129.43143,35.7494484],[129.4313498,35.7495114],[129.4314191,35.7495658],[129.4314869,35.7494893]]]]}},{"type":"Feature","properties":{"UFID":"100035906008A00110100000004576281"},"geometry":{"type":"MultiPolygon","coordinates":[[[[129.4372076,35.7464382],[129.4371346,35.74648],[129.4371452,35.746478],[129.4371547,35.7464853],[129.4371573,35.7464923],[129.4371563,35.7465059],[129.4371363,35.7465326],[129.4371349,35.7465344],[129.4370807,35.7465733],[129.4371143,35.7466074],[129.437196,35.7465427],[129.4372015,35.7465329],[129.4372018,35.7465315],[129.4372039,35.7465213],[129.4372086,35.7464797],[129.4372071,35.7464411],[129.4372076,35.7464382]]]]}},{"type":"Feature","properties":{"UFID":"100035906008A00110100000004576282"},"geometry":{"type":"MultiPolygon","coordinates":[[[[129.43143,35.7494484],[129.431407,35.7494279],[129.4313808,35.7493947],[129.4313662,35.7493536],[129.4313519,35.7492967],[129.4313375,35.7492162],[129.4313277,35.7491136],[129.4313279,35.7490164],[129.4313327,35.7489197],[129.4313339,35.7489055],[129.4313468,35.7488295],[129.4312389,35.7488347],[129.4312363,35.7488537],[129.4312334,35.7489398],[129.431233,35.749044],[129.4312351,35.7491398],[129.431245,35.7492298],[129.431257,35.7493057],[129.4312748,35.749377],[129.4312968,35.7494294],[129.4313276,35.7494797],[129.4313498,35.7495114],[129.43143,35.7494484]]]]}},{"type":"Feature","properties":{"UFID":"100035906008A00110100000004576283"},"geometry":{"type":"MultiPolygon","coordinates":[[[[129.4313468,35.7488295],[129.4313744,35.7486032],[129.4312677,35.7486078],[129.4312617,35.7486702],[129.4312581,35.7487093],[129.4312504,35.7487529],[129.4312389,35.7488347],[129.4313468,35.7488295]]]]}},{"type":"Feature","properties":{"UFID":"100035906008A00110100000004576284"},"geometry":{"type":"MultiPolygon","coordinates":[[[[129.4371346,35.74648],[129.4370857,35.7464187],[129.4370293,35.7464525],[129.4369107,35.746528],[129.4368968,35.7465364],[129.4367835,35.7466049],[129.436714,35.7466473],[129.4366787,35.7466689],[129.436624,35.74671],[129.4365838,35.7467475],[129.4365473,35.7467918],[129.4365069,35.7468463],[129.4364375,35.7469604],[129.4363372,35.7471436],[129.4362369,35.7473114],[129.4361867,35.7473703],[129.4362673,35.7474063],[129.4362979,35.7473645],[129.4363486,35.7472905],[129.4364012,35.7472065],[129.4364754,35.7470624],[129.4365386,35.7469458],[129.4365909,35.746854],[129.4366266,35.7468029],[129.4366484,35.7467785],[129.4366933,35.7467448],[129.4368464,35.7466452],[129.4368669,35.7466318],[129.4370392,35.7465341],[129.4371346,35.74648]]]]}},{"type":"Feature","properties":{"UFID":"100035906008A00110100000004576285"},"geometry":{"type":"MultiPolygon","coordinates":[[[[129.4362673,35.7474063],[129.4361867,35.7473703],[129.4361372,35.7474284],[129.4361137,35.7474515],[129.4361967,35.747492],[129.4362673,35.7474063]]]]}},{"type":"Feature","properties":{"UFID":"100035906008A00110100000004576286"},"geometry":{"type":"MultiPolygon","coordinates":[[[[129.4313744,35.7486032],[129.4313738,35.7485989],[129.4313757,35.748568],[129.4313792,35.7485068],[129.4313784,35.7484699],[129.4313664,35.748419],[129.4313641,35.7484107],[129.431354,35.7483721],[129.4313306,35.7483065],[129.4313051,35.7482583],[129.4312697,35.7482118],[129.4312249,35.7481642],[129.4311729,35.7481248],[129.431104,35.7480754],[129.4310447,35.7480413],[129.4309829,35.7480131],[129.4309358,35.7479948],[129.430845,35.7479685],[129.4307641,35.7479506],[129.4307016,35.747941],[129.4306775,35.7479375],[129.4306224,35.7479341],[129.4305584,35.7479347],[129.4304589,35.7479433],[129.4303523,35.7479625],[129.4302394,35.7479922],[129.430139,35.7480272],[129.4301298,35.7480314],[129.4300688,35.7480754],[129.4300358,35.7481188],[129.4299756,35.7482225],[129.4299616,35.7482468],[129.4300598,35.7482677],[129.4300865,35.7482223],[129.4301287,35.7481574],[129.4301566,35.7481261],[129.4301905,35.7481008],[129.4302448,35.7480734],[129.4303139,35.7480486],[129.4303925,35.7480297],[129.430479,35.7480171],[129.4305676,35.7480098],[129.4306461,35.7480106],[129.430719,35.7480154],[129.4308,35.7480301],[129.4308779,35.7480524],[129.4309551,35.7480815],[129.4310231,35.7481151],[129.4310832,35.7481486],[129.4311312,35.7481883],[129.4311723,35.7482301],[129.4312207,35.7482875],[129.4312506,35.7483364],[129.4312678,35.7483883],[129.4312766,35.7484454],[129.4312772,35.7485097],[129.4312677,35.7486078],[129.4313744,35.7486032]]]]}},{"type":"Feature","properties":{"UFID":"100035906008A00110100000004576287"},"geometry":{"type":"MultiPolygon","coordinates":[[[[129.4300598,35.7482677],[129.4299616,35.7482468],[129.4299472,35.7482716],[129.4300424,35.7482975],[129.4300598,35.7482677]]]]}},{"type":"Feature","properties":{"UFID":"100035906008A00110100000004576288"},"geometry":{"type":"MultiPolygon","coordinates":[[[[129.4367326,35.7477223],[129.436714,35.7476804],[129.4366831,35.7476523],[129.4365503,35.7475758],[129.4364282,35.7475113],[129.4362674,35.7474228],[129.4362673,35.7474063],[129.4361967,35.747492],[129.4362016,35.7474909],[129.4362116,35.7474914],[129.4362361,35.7475004],[129.4363521,35.7475356],[129.4364082,35.747551],[129.4365849,35.7476534],[129.4366625,35.7477443],[129.4367326,35.7477223]]]]}},{"type":"Feature","properties":{"UFID":"100035906008A00110100000004576289"},"geometry":{"type":"MultiPolygon","coordinates":[[[[129.4315813,35.7479222],[129.4315726,35.7479244],[129.4315632,35.7479252],[129.4315136,35.7479158],[129.4314778,35.7479021],[129.4314589,35.7478882],[129.4314405,35.7478621],[129.4314215,35.7478136],[129.431402,35.7477372],[129.4313829,35.747677],[129.4313586,35.7476141],[129.4313342,35.747556],[129.4313047,35.7474985],[129.4312718,35.7474328],[129.4312375,35.747364],[129.4312136,35.7473098],[129.4311963,35.7472565],[129.4311809,35.7472017],[129.4311704,35.7471427],[129.4311667,35.747098],[129.4311673,35.7470926],[129.4311794,35.7469891],[129.4311853,35.7469757],[129.4311938,35.7469609],[129.4312085,35.7469509],[129.4311083,35.7469515],[129.4311166,35.7469601],[129.4311225,35.7469769],[129.4311279,35.747091],[129.4311281,35.7471233],[129.4311317,35.7471792],[129.4311408,35.7472298],[129.4311583,35.7472919],[129.4311889,35.7473701],[129.431225,35.7474462],[129.4312662,35.747522],[129.4313003,35.7475969],[129.4313251,35.747654],[129.4313508,35.7477222],[129.4313719,35.7477943],[129.4313885,35.7478481],[129.4314021,35.7478854],[129.4314245,35.7479262],[129.4314521,35.7479605],[129.4314725,35.7479872],[129.4314895,35.7480118],[129.4315077,35.7480479],[129.4315146,35.7480733],[129.4315813,35.7479222]]]]}},{"type":"Feature","properties":{"UFID":"100035906008A00110100000004576290"},"geometry":{"type":"MultiPolygon","coordinates":[[[[129.4388561,35.7441138],[129.4388313,35.7440529],[129.4387761,35.7439498],[129.4386908,35.743781],[129.4386093,35.743635],[129.438539,35.7434983],[129.4384615,35.743346],[129.4384385,35.7432993],[129.4383492,35.7432815],[129.4383813,35.743353],[129.4384388,35.7434761],[129.4385361,35.7436707],[129.4386031,35.7437943],[129.4386604,35.7438972],[129.4387108,35.7440014],[129.4387751,35.7441327],[129.4388561,35.7441138]]]]}},{"type":"Feature","properties":{"UFID":"100035906008A00110100000004576291"},"geometry":{"type":"MultiPolygon","coordinates":[[[[129.438543,35.7432876],[129.4385825,35.7432952],[129.4385611,35.7431963],[129.4385385,35.7431977],[129.4385442,35.7432602],[129.438543,35.7432876]]]]}},{"type":"Feature","properties":{"UFID":"100035906008A00110100000004576292"},"geometry":{"type":"MultiPolygon","coordinates":[[[[129.4384182,35.7432566],[129.4383324,35.7432441],[129.4383492,35.7432815],[129.4384385,35.7432993],[129.4384182,35.7432566]]]]}},{"type":"Feature","properties":{"UFID":"100035906008A00110100000004576293"},"geometry":{"type":"MultiPolygon","coordinates":[[[[129.4385825,35.7432952],[129.438543,35.7432876],[129.4385365,35.7433402],[129.4386055,35.7433457],[129.4385825,35.7432952]]]]}},{"type":"Feature","properties":{"UFID":"100035906008A00110100000004576294"},"geometry":{"type":"MultiPolygon","coordinates":[[[[129.438543,35.7432876],[129.4385295,35.7432981],[129.4384758,35.7432779],[129.4384182,35.7432566],[129.4384385,35.7432993],[129.4385058,35.7433221],[129.4385365,35.7433402],[129.438543,35.7432876]]]]}},{"type":"Feature","properties":{"UFID":"100035906008A00110100000004576295"},"geometry":{"type":"MultiPolygon","coordinates":[[[[129.4317087,35.7477137],[129.4316663,35.7476555],[129.4316673,35.7476956],[129.4316664,35.7477135],[129.4316607,35.7477345],[129.4316461,35.7477861],[129.4316211,35.7478524],[129.4315943,35.7479101],[129.4315886,35.7479167],[129.4315813,35.7479222],[129.4316244,35.7479849],[129.4316699,35.7478463],[129.4316797,35.7478051],[129.4317039,35.7477279],[129.4317087,35.7477137]]]]}},{"type":"Feature","properties":{"UFID":"100035906008A00110100000004576296"},"geometry":{"type":"MultiPolygon","coordinates":[[[[129.4315784,35.7481106],[129.4315146,35.7480733],[129.4315183,35.7481047],[129.4315228,35.7481365],[129.4315208,35.7481579],[129.4315071,35.7482115],[129.4314752,35.7483369],[129.4314622,35.7483913],[129.4314374,35.7484933],[129.4314118,35.7485727],[129.4313927,35.7486043],[129.4313925,35.7486057],[129.4313878,35.7486086],[129.4313856,35.748609],[129.4313828,35.748609],[129.4313791,35.7486091],[129.4313777,35.7486091],[129.4313769,35.748608],[129.4313755,35.7486055],[129.4313744,35.7486032],[129.4313468,35.7488295],[129.4313676,35.748716],[129.4313821,35.7486919],[129.4314101,35.7486545],[129.4314314,35.7486198],[129.4314485,35.7485839],[129.4314706,35.7485302],[129.43149,35.7484668],[129.4315069,35.7483873],[129.4315267,35.7483015],[129.4315454,35.7482303],[129.4315618,35.7481744],[129.431566,35.7481493],[129.4315784,35.7481106]]]]}},{"type":"Feature","properties":{"UFID":"100035906008A00110100000004576297"},"geometry":{"type":"MultiPolygon","coordinates":[[[[129.4316384,35.7472543],[129.4316084,35.7472924],[129.4316113,35.7472929],[129.4316159,35.7472959],[129.4316209,35.7473016],[129.4316416,35.7473448],[129.4316646,35.7474029],[129.4316802,35.7474658],[129.4316905,35.747515],[129.4316972,35.7475669],[129.4316973,35.7476085],[129.4316963,35.7476114],[129.4317313,35.7476404],[129.4317352,35.7476184],[129.4317392,35.7475751],[129.4317394,35.7475365],[129.4317352,35.7474993],[129.4317324,35.7474837],[129.4317037,35.7474003],[129.4316924,35.7473681],[129.4316576,35.7472996],[129.4316384,35.7472543]]]]}},{"type":"Feature","properties":{"UFID":"100035906008A00110100000004576298"},"geometry":{"type":"MultiPolygon","coordinates":[[[[129.4316244,35.7479849],[129.4315813,35.7479222],[129.4315146,35.7480733],[129.4315784,35.7481106],[129.4316244,35.7479849]]]]}},{"type":"Feature","properties":{"UFID":"100035906008A00110100000004576299"},"geometry":{"type":"MultiPolygon","coordinates":[[[[129.4386055,35.7433457],[129.4385365,35.7433402],[129.4387076,35.7435078],[129.4387802,35.7435914],[129.4387955,35.743632],[129.4388144,35.7436799],[129.4388679,35.7437637],[129.4388963,35.7438255],[129.4389316,35.7437865],[129.4388773,35.7437403],[129.4388257,35.7436441],[129.4388059,35.7435707],[129.4387984,35.7435556],[129.43878,35.7435383],[129.4387055,35.7434597],[129.4386055,35.7433457]]]]}},{"type":"Feature","properties":{"UFID":"100035906008A00110100000004576355"},"geometry":{"type":"MultiPolygon","coordinates":[[[[129.4381719,35.7491787],[129.4381016,35.7491468],[129.4380269,35.7491913],[129.4379659,35.7492442],[129.4379211,35.749288],[129.4379175,35.7492945],[129.4379134,35.7493065],[129.4379278,35.7493765],[129.4379282,35.7493778],[129.437925,35.7493813],[129.4379232,35.7493823],[129.4379159,35.7493824],[129.4379769,35.7494478],[129.4379742,35.7494273],[129.4379711,35.7494012],[129.4379754,35.7493226],[129.4379876,35.749267],[129.4380092,35.7492417],[129.4380434,35.7492241],[129.4380596,35.7492176],[129.4381719,35.7491787]]]]}},{"type":"Feature","properties":{"UFID":"100035906008A00110100000004576356"},"geometry":{"type":"MultiPolygon","coordinates":[[[[129.43842,35.7491556],[129.4384164,35.7491037],[129.4383843,35.7491088],[129.438338,35.7491151],[129.4383116,35.7491169],[129.4382572,35.7491198],[129.4382491,35.7491127],[129.4381719,35.7491787],[129.4382068,35.7491739],[129.4382185,35.7491725],[129.4382563,35.7491668],[129.4383206,35.7491562],[129.4383729,35.7491506],[129.4383999,35.7491503],[129.43842,35.7491556]]]]}},{"type":"Feature","properties":{"UFID":"100035906008A00110100000004576357"},"geometry":{"type":"MultiPolygon","coordinates":[[[[129.4384943,35.7491464],[129.43842,35.7491556],[129.4384243,35.7491585],[129.4384264,35.7491624],[129.4384303,35.7491751],[129.4384324,35.7491923],[129.4384459,35.7492514],[129.4384754,35.749342],[129.4384769,35.7493543],[129.4384781,35.7493838],[129.4384568,35.7494636],[129.438496,35.7494718],[129.4385062,35.7493866],[129.438497,35.7492756],[129.4384933,35.74926],[129.438491,35.7492202],[129.4384929,35.7491537],[129.4384938,35.7491513],[129.4384943,35.7491464]]]]}},{"type":"Feature","properties":{"UFID":"100035906008A00110100000004576358"},"geometry":{"type":"MultiPolygon","coordinates":[[[[129.4393305,35.7493144],[129.4392757,35.7492702],[129.4391787,35.7491987],[129.4391753,35.7491964],[129.4391589,35.7491779],[129.4391416,35.7491477],[129.4391302,35.7491278],[129.4391231,35.749105],[129.4391174,35.7490725],[129.4391155,35.7490161],[129.439113,35.748957],[129.4391107,35.7489531],[129.4391043,35.7489475],[129.4390689,35.7489377],[129.4390455,35.7489372],[129.439016,35.74895],[129.438965,35.7490101],[129.4389144,35.7490464],[129.4388961,35.7490509],[129.438867,35.749056],[129.4388116,35.7490631],[129.4386122,35.7490849],[129.438509,35.7490945],[129.4384805,35.7490976],[129.4384943,35.7491464],[129.4384985,35.7491411],[129.4385077,35.749136],[129.4385173,35.749134],[129.4387105,35.7491267],[129.4387653,35.7491284],[129.4388697,35.7491477],[129.4388946,35.749156],[129.438936,35.7491738],[129.438965,35.7492274],[129.4389748,35.7492465],[129.4389879,35.7492476],[129.4390394,35.7492359],[129.4391283,35.7493383],[129.4393305,35.7493144]]]]}},{"type":"Feature","properties":{"UFID":"100035906008A00110100000004576359"},"geometry":{"type":"MultiPolygon","coordinates":[[[[129.4382491,35.7491127],[129.4381889,35.7490761],[129.4381584,35.7490993],[129.4381016,35.7491468],[129.4381719,35.7491787],[129.4382491,35.7491127]]]]}},{"type":"Feature","properties":{"UFID":"100035906008A00110100000004576360"},"geometry":{"type":"MultiPolygon","coordinates":[[[[129.4379159,35.7493824],[129.4378501,35.7492931],[129.4377415,35.7491613],[129.4376122,35.7490685],[129.4374419,35.7489124],[129.4373314,35.7488433],[129.4371242,35.7486816],[129.4371168,35.7486739],[129.4371073,35.7486471],[129.4371039,35.748607],[129.4370994,35.7485276],[129.4371017,35.7485054],[129.43703,35.7485065],[129.437033,35.7485331],[129.4370492,35.7486442],[129.43705,35.7486483],[129.4370696,35.7486891],[129.4372156,35.748818],[129.4374404,35.7489796],[129.4376057,35.7491173],[129.4377084,35.7492082],[129.437804,35.7493281],[129.4378915,35.7494279],[129.4379159,35.7493824]]]]}},{"type":"Feature","properties":{"UFID":"100035906008A00110100000004576361"},"geometry":{"type":"MultiPolygon","coordinates":[[[[129.438232,35.7479841],[129.4380838,35.747951],[129.4380293,35.7479709],[129.4378553,35.7480292],[129.4378225,35.7480399],[129.4377338,35.7480665],[129.4376269,35.7481314],[129.4375509,35.7481812],[129.4375278,35.748195],[129.4374751,35.7482302],[129.4373836,35.7482662],[129.4372567,35.7483049],[129.4372415,35.7483077],[129.4372242,35.7483118],[129.4371645,35.7483224],[129.437097,35.7483196],[129.4371017,35.7485054],[129.437111,35.7484938],[129.4371183,35.7484851],[129.4371411,35.7484694],[129.4372351,35.7484314],[129.4373598,35.7483925],[129.4374857,35.7483482],[129.4376117,35.7482606],[129.4377879,35.7481112],[129.4378125,35.7481068],[129.4378316,35.7481023],[129.4378517,35.7480968],[129.4379273,35.7480798],[129.4379579,35.7480708],[129.4380664,35.7480257],[129.438232,35.7479841]]]]}},{"type":"Feature","properties":{"UFID":"100035906008A00110100000004576362"},"geometry":{"type":"MultiPolygon","coordinates":[[[[129.4382626,35.7479207],[129.438232,35.7479841],[129.4382579,35.7479799],[129.4382828,35.7479789],[129.4383235,35.7479848],[129.4383825,35.747999],[129.4384019,35.7479441],[129.4383702,35.7479379],[129.4382724,35.7479231],[129.438264,35.7479229],[129.4382626,35.7479207]]]]}},{"type":"Feature","properties":{"UFID":"100035906008A00110100000004576363"},"geometry":{"type":"MultiPolygon","coordinates":[[[[129.4384943,35.7491464],[129.4384805,35.7490976],[129.438455,35.7491002],[129.4384284,35.7491025],[129.4384164,35.7491037],[129.43842,35.7491556],[129.4384943,35.7491464]]]]}},{"type":"Feature","properties":{"UFID":"100035906008A00110100000004576364"},"geometry":{"type":"MultiPolygon","coordinates":[[[[129.4381889,35.7490761],[129.4382491,35.7491127],[129.438254,35.7491024],[129.4382793,35.7490869],[129.4384268,35.7490399],[129.4386246,35.7489705],[129.4388232,35.7488958],[129.4388872,35.7488657],[129.4388984,35.7488547],[129.4389191,35.7488311],[129.4389446,35.748804],[129.4389697,35.7487739],[129.4389863,35.7487486],[129.4388783,35.748735],[129.4388586,35.7487596],[129.4388487,35.7487754],[129.4388181,35.7488133],[129.4387937,35.7488312],[129.4387644,35.7488541],[129.4386845,35.7488947],[129.438604,35.7489252],[129.4384679,35.748963],[129.4383584,35.7489982],[129.4382883,35.7490309],[129.4382771,35.7490332],[129.4382379,35.7490517],[129.4382096,35.7490647],[129.4381889,35.7490761]]]]}},{"type":"Feature","properties":{"UFID":"100035906008A00110100000004576365"},"geometry":{"type":"MultiPolygon","coordinates":[[[[129.4382096,35.7479048],[129.4382626,35.7479207],[129.4382651,35.7479149],[129.4383824,35.7478775],[129.4385974,35.7477737],[129.4387715,35.7476991],[129.4388851,35.7476168],[129.438947,35.7475515],[129.4390079,35.7474687],[129.4390589,35.7473966],[129.4390758,35.7473806],[129.4391006,35.7473636],[129.4391197,35.7473559],[129.4391505,35.747345],[129.4392102,35.7473402],[129.4392588,35.7473424],[129.4392838,35.7473448],[129.4393405,35.7473518],[129.4393812,35.7473556],[129.4394529,35.7473618],[129.4395556,35.7473855],[129.4396688,35.7474247],[129.439759,35.7474479],[129.4397505,35.7472249],[129.4396676,35.7472272],[129.4395697,35.7472324],[129.4394738,35.7472385],[129.4393761,35.7472462],[129.4392985,35.7472531],[129.4391584,35.7472775],[129.4391518,35.7472818],[129.4391131,35.7472917],[129.4390669,35.7473209],[129.4390227,35.7473546],[129.4389865,35.7473978],[129.4389635,35.7474365],[129.4389129,35.7475044],[129.4388714,35.7475706],[129.4388175,35.7476179],[129.4387051,35.7476761],[129.4385368,35.7477473],[129.4383547,35.7478302],[129.4382374,35.7478973],[129.4382214,35.7479018],[129.4382096,35.7479048]]]]}},{"type":"Feature","properties":{"UFID":"100035906008A00110100000004576366"},"geometry":{"type":"MultiPolygon","coordinates":[[[[129.4382626,35.7479207],[129.4382096,35.7479048],[129.4381842,35.7479144],[129.4380838,35.747951],[129.438232,35.7479841],[129.4382626,35.7479207]]]]}},{"type":"Feature","properties":{"UFID":"100035906008A00110100000004576367"},"geometry":{"type":"MultiPolygon","coordinates":[[[[129.437097,35.7483196],[129.4370381,35.7483096],[129.43703,35.7485065],[129.4371017,35.7485054],[129.437097,35.7483196]]]]}},{"type":"Feature","properties":{"UFID":"100035906008A00110100000004576368"},"geometry":{"type":"MultiPolygon","coordinates":[[[[129.43703,35.7485065],[129.4370381,35.7483096],[129.4369932,35.7482953],[129.4369374,35.7482611],[129.4368782,35.7482004],[129.4368098,35.7480885],[129.4367888,35.7479571],[129.4367759,35.7478677],[129.4367326,35.7477223],[129.4366625,35.7477443],[129.4366963,35.7478345],[129.4367157,35.7479389],[129.4367171,35.7479821],[129.4367161,35.7480693],[129.4367264,35.7481883],[129.4367737,35.7482959],[129.4368426,35.7484589],[129.4368455,35.7484699],[129.4368622,35.7484844],[129.4369053,35.7485117],[129.4369519,35.7485196],[129.43703,35.7485065]]]]}},{"type":"Feature","properties":{"UFID":"100035906008A00110100000004576369"},"geometry":{"type":"MultiPolygon","coordinates":[[[[129.4379769,35.7494478],[129.4379159,35.7493824],[129.4378915,35.7494279],[129.4379376,35.7494947],[129.4379769,35.7494478]]]]}},{"type":"Feature","properties":{"UFID":"100035906008A00110100000004576370"},"geometry":{"type":"MultiPolygon","coordinates":[[[[129.4379769,35.7494478],[129.4379376,35.7494947],[129.4379653,35.7495348],[129.4380446,35.7496805],[129.4381081,35.749822],[129.4381082,35.7498241],[129.438112,35.7498292],[129.4381286,35.7498449],[129.438187,35.7498806],[129.4382196,35.7498483],[129.4381652,35.7498142],[129.43808,35.7496323],[129.4379895,35.7494687],[129.4379796,35.7494555],[129.4379769,35.7494478]]]]}}]}