{"type":"FeatureCollection","features":[{"type":"Feature","properties":{"UFID":"100035902080A00110100000000525055"},"geometry":{"type":"MultiPolygon","coordinates":[[[[129.500047,35.8088999],[129.500003,35.808872],[129.5,35.80887],[129.4999938,35.8088638],[129.499928,35.808935],[129.4999794,35.808966],[129.5,35.8089458],[129.500047,35.8088999]]]]}},{"type":"Feature","properties":{"UFID":"100035903071A00110100000000525085"},"geometry":{"type":"MultiPolygon","coordinates":[[[[129.5078196,35.8232056],[129.5078094,35.823179],[129.5077902,35.8231398],[129.5077729,35.8231069],[129.5077497,35.8230551],[129.5076781,35.8229123],[129.5076669,35.8228909],[129.5076649,35.8228876],[129.507665,35.8228849],[129.5074734,35.8229442],[129.5074841,35.822957],[129.5075333,35.8230565],[129.5076243,35.8232402],[129.5076251,35.8232415],[129.507626,35.8232434],[129.5076273,35.8232458],[129.5078196,35.8232056]]]]}},{"type":"Feature","properties":{"UFID":"100035903071A00110100000000525086"},"geometry":{"type":"MultiPolygon","coordinates":[[[[129.5079438,35.823468],[129.5079271,35.8234328],[129.5078025,35.8235669],[129.5078149,35.8235937],[129.5079438,35.823468]]]]}},{"type":"Feature","properties":{"UFID":"100035903071A00110100000000525087"},"geometry":{"type":"MultiPolygon","coordinates":[[[[129.507863,35.8232973],[129.5078196,35.8232056],[129.5076273,35.8232458],[129.5077019,35.8233522],[129.507863,35.8232973]]]]}},{"type":"Feature","properties":{"UFID":"100035903071A00110100000000525088"},"geometry":{"type":"MultiPolygon","coordinates":[[[[129.5079271,35.8234328],[129.507863,35.8232973],[129.5077019,35.8233522],[129.5077459,35.8234446],[129.5078025,35.8235669],[129.5079271,35.8234328]]]]}},{"type":"Feature","properties":{"UFID":"100035903071A00110100000000525093"},"geometry":{"type":"MultiPolygon","coordinates":[[[[129.5014982,35.8024499],[129.5015466,35.8024849],[129.5015832,35.8024074],[129.5017412,35.8022835],[129.5016863,35.8022583],[129.5015896,35.8023548],[129.5014982,35.8024499]]]]}},{"type":"Feature","properties":{"UFID":"100035903071A00110100000000525094"},"geometry":{"type":"MultiPolygon","coordinates":[[[[129.5031735,35.8010415],[129.5031569,35.8010087],[129.5031454,35.8009846],[129.5031412,35.8009839],[129.5030171,35.8010251],[129.502917,35.8010628],[129.5027845,35.8011186],[129.5026574,35.8011818],[129.5025886,35.8012162],[129.5025253,35.8012479],[129.502517,35.8012504],[129.5025609,35.8013051],[129.5026607,35.8012553],[129.5028375,35.8011654],[129.5030228,35.8010894],[129.5031735,35.8010415]]]]}},{"type":"Feature","properties":{"UFID":"100035903071A00110100000000525117"},"geometry":{"type":"MultiPolygon","coordinates":[[[[129.5077019,35.8233522],[129.5076273,35.8232458],[129.5075944,35.8232471],[129.5075857,35.8232416],[129.5075526,35.8232219],[129.5075049,35.823198],[129.5074749,35.8231907],[129.5074572,35.8231904],[129.507448,35.8231908],[129.5074172,35.8231897],[129.5073932,35.8231943],[129.5073361,35.8232063],[129.5072304,35.823227],[129.5071653,35.8232428],[129.5068866,35.8233092],[129.5065046,35.8233972],[129.5058653,35.8235447],[129.5054672,35.8236389],[129.5051026,35.823721],[129.5048002,35.8237923],[129.5043693,35.8238887],[129.5040651,35.8239616],[129.5039109,35.8239956],[129.5037927,35.8240192],[129.5036711,35.8240333],[129.5034734,35.8240498],[129.5032138,35.8240708],[129.5029039,35.8240932],[129.5026224,35.8241147],[129.5024073,35.8241332],[129.5021483,35.8241481],[129.5019912,35.8241603],[129.5017283,35.8241779],[129.5017163,35.8241772],[129.5017086,35.8241759],[129.5017004,35.8241721],[129.5016728,35.8241406],[129.5016676,35.8241344],[129.501625,35.8241297],[129.501678,35.8242082],[129.5016918,35.824217],[129.5017098,35.8242204],[129.5017692,35.8242168],[129.5020099,35.8241901],[129.502039,35.8241875],[129.5021296,35.8241823],[129.5023422,35.8241691],[129.5025085,35.8241632],[129.5028322,35.8241339],[129.5031424,35.8241094],[129.5034878,35.824081],[129.5036613,35.8240668],[129.5037209,35.8240594],[129.5037896,35.8240499],[129.5038709,35.8240346],[129.5040567,35.8239952],[129.5043016,35.8239357],[129.5046739,35.8238492],[129.5049944,35.8237721],[129.505282,35.8237067],[129.5054298,35.8236732],[129.5056565,35.8236183],[129.5059083,35.8235591],[129.5061128,35.823512],[129.5066572,35.8233866],[129.5071601,35.8232685],[129.5073632,35.8232383],[129.5074109,35.8232309],[129.5074399,35.8232379],[129.5074833,35.8232489],[129.507534,35.8232652],[129.5075726,35.8232842],[129.5076723,35.8233365],[129.5077019,35.8233522]]]]}},{"type":"Feature","properties":{"UFID":"100035903071A00110100000000525118"},"geometry":{"type":"MultiPolygon","coordinates":[[[[129.5127118,35.8151032],[129.5126506,35.8152542],[129.5127008,35.8152565],[129.5127588,35.8154184],[129.5128254,35.8155935],[129.512847,35.8155949],[129.5128287,35.8154697],[129.5128331,35.8154159],[129.512822,35.8153257],[129.5127942,35.8153251],[129.5127579,35.8151373],[129.5127118,35.8151032]]]]}},{"type":"Feature","properties":{"UFID":"100035903071A00110100000000525119"},"geometry":{"type":"MultiPolygon","coordinates":[[[[129.5080912,35.8205802],[129.5080673,35.8205675],[129.5080407,35.8206104],[129.5080488,35.8206414],[129.5080912,35.8205802]]]]}},{"type":"Feature","properties":{"UFID":"100035903071A00110100000000525120"},"geometry":{"type":"MultiPolygon","coordinates":[[[[129.5079685,35.8205713],[129.5079765,35.8205183],[129.5077422,35.8203907],[129.5077352,35.8203899],[129.5075431,35.8205994],[129.5076074,35.8206231],[129.5077478,35.8204676],[129.5079685,35.8205713]]]]}},{"type":"Feature","properties":{"UFID":"100035903071A00110100000000525121"},"geometry":{"type":"MultiPolygon","coordinates":[[[[129.5080673,35.8205675],[129.5079765,35.8205183],[129.5079685,35.8205713],[129.5080407,35.8206104],[129.5080673,35.8205675]]]]}},{"type":"Feature","properties":{"UFID":"100035903071A00110100000000525122"},"geometry":{"type":"MultiPolygon","coordinates":[[[[129.5079765,35.8205183],[129.5080673,35.8205675],[129.5080624,35.8205453],[129.5081409,35.8204464],[129.5081954,35.8204302],[129.5080953,35.8203763],[129.5080981,35.8204096],[129.5080151,35.8205151],[129.5079765,35.8205183]]]]}},{"type":"Feature","properties":{"UFID":"100035903071A00110100000000525123"},"geometry":{"type":"MultiPolygon","coordinates":[[[[129.5078469,35.8187384],[129.5078121,35.8186972],[129.5077979,35.8186519],[129.5077961,35.8186143],[129.5078115,35.818561],[129.5078525,35.8184854],[129.5078939,35.8184214],[129.5080025,35.8183227],[129.5081047,35.818218],[129.5080613,35.8181193],[129.507862,35.818313],[129.5077779,35.8184092],[129.5077605,35.8184408],[129.5077244,35.8185131],[129.5077069,35.8185631],[129.5076968,35.8186183],[129.5076955,35.8186694],[129.5077049,35.8187003],[129.5077391,35.8187742],[129.5078469,35.8187384]]]]}},{"type":"Feature","properties":{"UFID":"100035903071A00110100000000525124"},"geometry":{"type":"MultiPolygon","coordinates":[[[[129.5081494,35.8188406],[129.5082475,35.8188765],[129.5082411,35.8188695],[129.5082362,35.8188616],[129.5082335,35.8188522],[129.5082326,35.8188406],[129.5082904,35.8187326],[129.5082359,35.8187113],[129.5081651,35.818836],[129.5081494,35.8188406]]]]}},{"type":"Feature","properties":{"UFID":"100035903071A00110100000000525125"},"geometry":{"type":"MultiPolygon","coordinates":[[[[129.5085807,35.8189903],[129.5086635,35.8190165],[129.5086608,35.8190115],[129.5086602,35.8190078],[129.5086602,35.8189974],[129.5086627,35.8189833],[129.508708,35.8188867],[129.5086642,35.8188687],[129.5085995,35.8189859],[129.5085953,35.8189888],[129.5085874,35.8189902],[129.5085807,35.8189903]]]]}},{"type":"Feature","properties":{"UFID":"100035903071A00110100000000525126"},"geometry":{"type":"MultiPolygon","coordinates":[[[[129.5035922,35.8113915],[129.5035692,35.8113515],[129.5034924,35.8113783],[129.5033884,35.8114649],[129.5033552,35.8114849],[129.5033216,35.8114923],[129.5032223,35.8115049],[129.5031893,35.8115087],[129.5031816,35.8115111],[129.5031711,35.8115159],[129.5031629,35.8115194],[129.5031562,35.8115219],[129.5030712,35.8115465],[129.5030147,35.8115762],[129.5029709,35.8116068],[129.5029377,35.8116391],[129.502871,35.8117106],[129.5028643,35.8117167],[129.502858,35.8117214],[129.5028496,35.8117252],[129.5028428,35.8117271],[129.5028337,35.8117294],[129.5028265,35.8117299],[129.5027982,35.8117297],[129.502785,35.8117297],[129.5027745,35.8117301],[129.5027595,35.8117316],[129.5027522,35.8117333],[129.5026953,35.8117668],[129.5026336,35.8118149],[129.5026282,35.8118163],[129.5026242,35.8118154],[129.5026693,35.8118597],[129.5026766,35.811833],[129.502698,35.8118032],[129.5027396,35.8117717],[129.5027488,35.8117675],[129.50276,35.811765],[129.5027743,35.8117625],[129.5027853,35.8117611],[129.5028336,35.8117591],[129.5028427,35.8117573],[129.5028564,35.8117536],[129.502865,35.8117504],[129.5028741,35.8117458],[129.5028942,35.8117325],[129.5029213,35.8117066],[129.5029819,35.8116426],[129.5030188,35.8116118],[129.5030629,35.8115919],[129.503101,35.8115727],[129.5031324,35.8115625],[129.5031911,35.8115497],[129.5032553,35.8115403],[129.5032593,35.8115324],[129.5032603,35.8115316],[129.5033423,35.8115198],[129.503358,35.8115148],[129.5033678,35.8115122],[129.5033776,35.8115081],[129.5034157,35.8114837],[129.5035026,35.8114091],[129.5035109,35.8114066],[129.5035764,35.8113853],[129.5035922,35.8113915]]]]}},{"type":"Feature","properties":{"UFID":"100035903071A00110100000000525127"},"geometry":{"type":"MultiPolygon","coordinates":[[[[129.5076061,35.8094504],[129.5075726,35.8094578],[129.5075791,35.8094589],[129.5075858,35.8094624],[129.5076106,35.8094933],[129.5076657,35.8095606],[129.5076931,35.8095575],[129.5076345,35.8094918],[129.5076079,35.8094594],[129.5076061,35.8094504]]]]}},{"type":"Feature","properties":{"UFID":"100035903071A00110100000000525128"},"geometry":{"type":"MultiPolygon","coordinates":[[[[129.5076061,35.8094504],[129.5075929,35.8094085],[129.5075715,35.8094119],[129.5075422,35.809417],[129.5075726,35.8094578],[129.5076061,35.8094504]]]]}},{"type":"Feature","properties":{"UFID":"100035903071A00110100000000525129"},"geometry":{"type":"MultiPolygon","coordinates":[[[[129.5075726,35.8094578],[129.5075422,35.809417],[129.5074148,35.8094392],[129.507265,35.8094704],[129.5072049,35.8094835],[129.5071579,35.8094902],[129.5071167,35.8094912],[129.5069467,35.8094913],[129.5066904,35.8094972],[129.506522,35.8095087],[129.5064974,35.8095097],[129.506508,35.8095544],[129.5065256,35.8095537],[129.5066935,35.8095422],[129.5069475,35.8095363],[129.5071176,35.8095363],[129.5071636,35.8095352],[129.5072168,35.8095275],[129.507279,35.809514],[129.5074631,35.8094721],[129.5075566,35.8094578],[129.5075726,35.8094578]]]]}},{"type":"Feature","properties":{"UFID":"100035903071A00110100000000525130"},"geometry":{"type":"MultiPolygon","coordinates":[[[[129.5077557,35.8087534],[129.5077239,35.8087716],[129.5077345,35.8087738],[129.5078546,35.8088813],[129.5078886,35.8089032],[129.5079807,35.8089793],[129.5080148,35.808959],[129.5079429,35.8088971],[129.5079128,35.8088843],[129.5077948,35.8087944],[129.5077557,35.8087534]]]]}},{"type":"Feature","properties":{"UFID":"100035903071A00110100000000525131"},"geometry":{"type":"MultiPolygon","coordinates":[[[[129.508257,35.8093684],[129.5082356,35.8093221],[129.5081086,35.8093438],[129.5080162,35.8093574],[129.5078942,35.8093678],[129.5078249,35.8093734],[129.5077797,35.8093791],[129.5075929,35.8094085],[129.5076061,35.8094504],[129.5076463,35.809439],[129.5077892,35.8094235],[129.5078319,35.8094181],[129.5078998,35.8094127],[129.508024,35.8094021],[129.5081192,35.809388],[129.5082331,35.8093685],[129.5082365,35.8093684],[129.5082482,35.8093682],[129.508257,35.8093684]]]]}},{"type":"Feature","properties":{"UFID":"100035903071A00110100000000525132"},"geometry":{"type":"MultiPolygon","coordinates":[[[[129.5038922,35.8083035],[129.5037597,35.8081193],[129.5037011,35.8082036],[129.503693,35.8082108],[129.5036567,35.8082469],[129.5037952,35.808348],[129.5038268,35.8083153],[129.503847,35.8083071],[129.5038604,35.8083035],[129.5038785,35.8083028],[129.5038922,35.8083035]]]]}},{"type":"Feature","properties":{"UFID":"100035903071A00110100000000525133"},"geometry":{"type":"MultiPolygon","coordinates":[[[[129.5043382,35.8085835],[129.5042459,35.8085324],[129.5042352,35.8086802],[129.5042303,35.8086867],[129.5042195,35.8086966],[129.5042112,35.8087013],[129.5041969,35.8087046],[129.5041907,35.8087047],[129.5042238,35.8087809],[129.5042214,35.8087747],[129.5042211,35.8087661],[129.5042235,35.8087566],[129.5042294,35.8087429],[129.5042886,35.8086684],[129.5043382,35.8085835]]]]}},{"type":"Feature","properties":{"UFID":"100035903071A00110100000000525134"},"geometry":{"type":"MultiPolygon","coordinates":[[[[129.5043873,35.8084215],[129.5043589,35.808425],[129.5043551,35.8084255],[129.5039823,35.8081937],[129.5039787,35.8081902],[129.5038922,35.8083035],[129.5039715,35.8083473],[129.5042324,35.8085169],[129.5042395,35.8085207],[129.5042439,35.8085263],[129.5042459,35.8085324],[129.5043873,35.8084215]]]]}},{"type":"Feature","properties":{"UFID":"100035903071A00110100000000525135"},"geometry":{"type":"MultiPolygon","coordinates":[[[[129.5041907,35.8087047],[129.5041643,35.8086701],[129.5040746,35.8085953],[129.5040901,35.8085803],[129.5037952,35.808348],[129.5036597,35.808423],[129.5039361,35.8086285],[129.5039784,35.80866],[129.5041298,35.8087639],[129.5041907,35.8087047]]]]}},{"type":"Feature","properties":{"UFID":"100035903071A00110100000000525136"},"geometry":{"type":"MultiPolygon","coordinates":[[[[129.5035686,35.8081746],[129.5031487,35.8078305],[129.5030076,35.8079046],[129.5031656,35.8080313],[129.5034119,35.808229],[129.5034614,35.8082771],[129.5035686,35.8081746]]]]}},{"type":"Feature","properties":{"UFID":"100035903071A00110100000000525137"},"geometry":{"type":"MultiPolygon","coordinates":[[[[129.5037952,35.808348],[129.5036567,35.8082469],[129.503563,35.8083511],[129.503576,35.8083607],[129.5036597,35.808423],[129.5037952,35.808348]]]]}},{"type":"Feature","properties":{"UFID":"100035903071A00110100000000525138"},"geometry":{"type":"MultiPolygon","coordinates":[[[[129.5036567,35.8082469],[129.5035686,35.8081746],[129.5034614,35.8082771],[129.503563,35.8083511],[129.5036567,35.8082469]]]]}},{"type":"Feature","properties":{"UFID":"100035903071A00110100000000525139"},"geometry":{"type":"MultiPolygon","coordinates":[[[[129.5024045,35.8082442],[129.5024001,35.8082115],[129.5023678,35.8082124],[129.5023742,35.8082461],[129.5024045,35.8082442]]]]}},{"type":"Feature","properties":{"UFID":"100035903071A00110100000000525140"},"geometry":{"type":"MultiPolygon","coordinates":[[[[129.5024558,35.808241],[129.5024312,35.8082064],[129.5024001,35.8082115],[129.5024045,35.8082442],[129.5024558,35.808241]]]]}},{"type":"Feature","properties":{"UFID":"100035903071A00110100000000525141"},"geometry":{"type":"MultiPolygon","coordinates":[[[[129.5024001,35.8082115],[129.5023937,35.8082108],[129.502336,35.8080288],[129.5023214,35.8080052],[129.5022555,35.8079386],[129.5022432,35.8079132],[129.5022566,35.8078849],[129.5021859,35.8079151],[129.5022135,35.8079215],[129.5022174,35.8079293],[129.5022062,35.8079477],[129.5022833,35.8079855],[129.5023698,35.8082107],[129.5023678,35.8082124],[129.5024001,35.8082115]]]]}},{"type":"Feature","properties":{"UFID":"100035903071A00110100000000525142"},"geometry":{"type":"MultiPolygon","coordinates":[[[[129.5021859,35.8079151],[129.5021262,35.8078484],[129.5020552,35.8078872],[129.5018626,35.8079882],[129.5017488,35.8080544],[129.5016119,35.8081317],[129.5014236,35.8082336],[129.5011288,35.8083898],[129.5011206,35.8083942],[129.5011688,35.8084412],[129.5013579,35.8083381],[129.5016336,35.8081946],[129.5019593,35.8080233],[129.5021479,35.8079248],[129.5021859,35.8079151]]]]}},{"type":"Feature","properties":{"UFID":"100035903071A00110100000000525143"},"geometry":{"type":"MultiPolygon","coordinates":[[[[129.5023742,35.8082461],[129.5023678,35.8082124],[129.5023441,35.8082119],[129.5022398,35.8082185],[129.5022273,35.8082554],[129.5023475,35.8082478],[129.5023742,35.8082461]]]]}},{"type":"Feature","properties":{"UFID":"100035903071A00110100000000525144"},"geometry":{"type":"MultiPolygon","coordinates":[[[[129.50263,35.8053526],[129.5025212,35.8053401],[129.5025263,35.8053861],[129.5026272,35.8053875],[129.5026295,35.8053549],[129.50263,35.8053526]]]]}},{"type":"Feature","properties":{"UFID":"100035903071A00110100000000525145"},"geometry":{"type":"MultiPolygon","coordinates":[[[[129.502825,35.805841],[129.5027993,35.8057871],[129.5028381,35.8053033],[129.5028434,35.8052727],[129.5028439,35.8052654],[129.5028436,35.8052637],[129.5028428,35.805261],[129.5028413,35.8052589],[129.5028351,35.8052552],[129.5027686,35.8052353],[129.5026398,35.8052061],[129.5026269,35.8052016],[129.5026227,35.8051977],[129.5026194,35.8051915],[129.50263,35.8053526],[129.5026367,35.8053506],[129.5027554,35.805355],[129.5027607,35.8053572],[129.5027599,35.8053853],[129.50273,35.80581],[129.5027503,35.8058549],[129.502825,35.805841]]]]}},{"type":"Feature","properties":{"UFID":"100035903071A00110100000000525146"},"geometry":{"type":"MultiPolygon","coordinates":[[[[129.5028264,35.8074657],[129.502771,35.8073773],[129.5025964,35.8074643],[129.502625,35.8075052],[129.5026385,35.8075327],[129.5028264,35.8074657]]]]}},{"type":"Feature","properties":{"UFID":"100035903071A00110100000000525147"},"geometry":{"type":"MultiPolygon","coordinates":[[[[129.5028787,35.8075446],[129.5028264,35.8074657],[129.5026385,35.8075327],[129.5027413,35.8076554],[129.5028787,35.8075446]]]]}},{"type":"Feature","properties":{"UFID":"100035903071A00110100000000525148"},"geometry":{"type":"MultiPolygon","coordinates":[[[[129.5030101,35.8072745],[129.502993,35.8072354],[129.5028798,35.8072898],[129.5027495,35.8073415],[129.502771,35.8073773],[129.5029866,35.8072749],[129.5029979,35.8072735],[129.5030101,35.8072745]]]]}},{"type":"Feature","properties":{"UFID":"100035903071A00110100000000525149"},"geometry":{"type":"MultiPolygon","coordinates":[[[[129.5030898,35.8072027],[129.5030515,35.8071278],[129.5029463,35.8069066],[129.5027833,35.8065594],[129.5026844,35.8065913],[129.5026869,35.8065935],[129.5026874,35.8065945],[129.502693,35.8066051],[129.5027225,35.8066695],[129.5027381,35.8067037],[129.5028267,35.806897],[129.5029855,35.8072091],[129.5029921,35.8072279],[129.502993,35.8072354],[129.5030898,35.8072027]]]]}},{"type":"Feature","properties":{"UFID":"100035903071A00110100000000525150"},"geometry":{"type":"MultiPolygon","coordinates":[[[[129.5027559,35.8065012],[129.5025873,35.8061605],[129.5025152,35.8060115],[129.5024345,35.8060495],[129.5025188,35.8062778],[129.5026417,35.806527],[129.5027559,35.8065012]]]]}},{"type":"Feature","properties":{"UFID":"100035903071A00110100000000525151"},"geometry":{"type":"MultiPolygon","coordinates":[[[[129.5031141,35.8077981],[129.5030376,35.8077376],[129.5030024,35.8076982],[129.5029443,35.8076336],[129.5028787,35.8075446],[129.5027413,35.8076554],[129.5028921,35.8077977],[129.502983,35.807886],[129.5031141,35.8077981]]]]}},{"type":"Feature","properties":{"UFID":"100035903071A00110100000000525152"},"geometry":{"type":"MultiPolygon","coordinates":[[[[129.5026194,35.8051915],[129.5025469,35.80518],[129.5025452,35.8051861],[129.5025407,35.8052426],[129.5025382,35.8052734],[129.5025352,35.8053114],[129.5025311,35.8053174],[129.5025212,35.8053401],[129.50263,35.8053526],[129.5026194,35.8051915]]]]}},{"type":"Feature","properties":{"UFID":"100035903071A00110100000000525153"},"geometry":{"type":"MultiPolygon","coordinates":[[[[129.5027833,35.8065594],[129.5027559,35.8065012],[129.5026417,35.806527],[129.5026844,35.8065913],[129.5027833,35.8065594]]]]}},{"type":"Feature","properties":{"UFID":"100035903071A00110100000000525154"},"geometry":{"type":"MultiPolygon","coordinates":[[[[129.5031487,35.8078305],[129.5031141,35.8077981],[129.502983,35.807886],[129.5030076,35.8079046],[129.5031487,35.8078305]]]]}},{"type":"Feature","properties":{"UFID":"100035903071A00110100000000525155"},"geometry":{"type":"MultiPolygon","coordinates":[[[[129.502771,35.8073773],[129.5027495,35.8073415],[129.502575,35.8074337],[129.5025964,35.8074643],[129.502771,35.8073773]]]]}},{"type":"Feature","properties":{"UFID":"100035903071A00110100000000525156"},"geometry":{"type":"MultiPolygon","coordinates":[[[[129.502555,35.8058485],[129.502575,35.8057115],[129.5026045,35.8057115],[129.5026272,35.8053875],[129.5025263,35.8053861],[129.5024979,35.8057517],[129.5024966,35.8057646],[129.5024049,35.8058583],[129.502555,35.8058485]]]]}},{"type":"Feature","properties":{"UFID":"100035903071A00110100000000525157"},"geometry":{"type":"MultiPolygon","coordinates":[[[[129.5027495,35.8073415],[129.502689,35.8072564],[129.5026663,35.8072025],[129.5026401,35.807125],[129.5026028,35.8069958],[129.5025096,35.806642],[129.5023831,35.8066826],[129.5024469,35.8069333],[129.5024401,35.8070025],[129.5024179,35.8071405],[129.5024172,35.8071569],[129.5024238,35.8072037],[129.5024404,35.8072455],[129.50249,35.8073119],[129.502575,35.8074337],[129.5027495,35.8073415]]]]}},{"type":"Feature","properties":{"UFID":"100035903071A00110100000000525158"},"geometry":{"type":"MultiPolygon","coordinates":[[[[129.5026844,35.8065913],[129.5026417,35.806527],[129.5026401,35.8065319],[129.5025896,35.8065453],[129.5024978,35.8065715],[129.5025096,35.806642],[129.5025132,35.8066349],[129.502634,35.8066027],[129.5026844,35.8065913]]]]}},{"type":"Feature","properties":{"UFID":"100035903071A00110100000000525159"},"geometry":{"type":"MultiPolygon","coordinates":[[[[129.5023997,35.8059553],[129.5024049,35.8058583],[129.5023384,35.8058677],[129.5023022,35.8058729],[129.5023197,35.8059632],[129.5023267,35.8059543],[129.502333,35.8059516],[129.5023439,35.8059486],[129.5023582,35.8059454],[129.5023799,35.8059452],[129.5023885,35.8059471],[129.5023935,35.8059502],[129.5023997,35.8059553]]]]}},{"type":"Feature","properties":{"UFID":"100035903071A00110100000000525160"},"geometry":{"type":"MultiPolygon","coordinates":[[[[129.5023022,35.8058729],[129.5022705,35.8057312],[129.5022664,35.8056594],[129.5022672,35.8055576],[129.5022771,35.805468],[129.5022998,35.8053707],[129.5021456,35.8053142],[129.5021303,35.8053822],[129.5021096,35.8054958],[129.5021029,35.8055679],[129.5021031,35.8055997],[129.5021071,35.8056845],[129.5021209,35.8057662],[129.5021526,35.8058756],[129.5021573,35.8058955],[129.5023022,35.8058729]]]]}},{"type":"Feature","properties":{"UFID":"100035903071A00110100000000525161"},"geometry":{"type":"MultiPolygon","coordinates":[[[[129.5025212,35.8053401],[129.5025165,35.8053419],[129.5025073,35.805343],[129.5024065,35.8053429],[129.5023168,35.8053354],[129.5023114,35.8053335],[129.5022998,35.8053707],[129.5023631,35.8053688],[129.5024682,35.8053789],[129.5025191,35.8053792],[129.5025221,35.8053803],[129.5025263,35.8053861],[129.5025212,35.8053401]]]]}},{"type":"Feature","properties":{"UFID":"100035903071A00110100000000525162"},"geometry":{"type":"MultiPolygon","coordinates":[[[[129.5022566,35.8078849],[129.5021961,35.8078103],[129.5021262,35.8078484],[129.5021859,35.8079151],[129.5022566,35.8078849]]]]}},{"type":"Feature","properties":{"UFID":"100035903071A00110100000000525163"},"geometry":{"type":"MultiPolygon","coordinates":[[[[129.5027413,35.8076554],[129.5026385,35.8075327],[129.5026343,35.8075448],[129.5026283,35.8075705],[129.5025721,35.8076112],[129.5023266,35.807739],[129.5021961,35.8078103],[129.5022566,35.8078849],[129.5022682,35.8078731],[129.5024159,35.8077891],[129.502612,35.8076892],[129.5026934,35.8076559],[129.5027413,35.8076554]]]]}},{"type":"Feature","properties":{"UFID":"100035903071A00110100000000525164"},"geometry":{"type":"MultiPolygon","coordinates":[[[[129.5024836,35.8065217],[129.5024528,35.806414],[129.5022992,35.8064497],[129.5022989,35.806452],[129.5023457,35.8065633],[129.5024836,35.8065217]]]]}},{"type":"Feature","properties":{"UFID":"100035903071A00110100000000525165"},"geometry":{"type":"MultiPolygon","coordinates":[[[[129.5024978,35.8065715],[129.5024836,35.8065217],[129.5023457,35.8065633],[129.5023619,35.8066118],[129.5024978,35.8065715]]]]}},{"type":"Feature","properties":{"UFID":"100035903071A00110100000000525166"},"geometry":{"type":"MultiPolygon","coordinates":[[[[129.5025096,35.806642],[129.5024978,35.8065715],[129.5023619,35.8066118],[129.502375,35.8066508],[129.5023831,35.8066826],[129.5025096,35.806642]]]]}},{"type":"Feature","properties":{"UFID":"100035903071A00110100000000525167"},"geometry":{"type":"MultiPolygon","coordinates":[[[[129.5024528,35.806414],[129.5023979,35.8062213],[129.5023197,35.8059632],[129.5021785,35.8059846],[129.5021955,35.8060931],[129.5022268,35.8062189],[129.5022355,35.8062615],[129.5022426,35.8062905],[129.5022447,35.8062991],[129.5022641,35.8063532],[129.5022962,35.8064425],[129.5022993,35.8064467],[129.5022992,35.8064497],[129.5024528,35.806414]]]]}},{"type":"Feature","properties":{"UFID":"100035903071A00110100000000525168"},"geometry":{"type":"MultiPolygon","coordinates":[[[[129.5023197,35.8059632],[129.5023022,35.8058729],[129.5021573,35.8058955],[129.5021785,35.8059846],[129.5023197,35.8059632]]]]}},{"type":"Feature","properties":{"UFID":"100035903071A00110100000000525169"},"geometry":{"type":"MultiPolygon","coordinates":[[[[129.5026192,35.804576],[129.502464,35.8045406],[129.5024272,35.8046236],[129.5023529,35.8047755],[129.5022949,35.8049032],[129.5022468,35.8050278],[129.502241,35.8050432],[129.5022148,35.805112],[129.502149,35.8052895],[129.5023114,35.8053335],[129.5023349,35.8052379],[129.5023738,35.8051385],[129.5024333,35.8049896],[129.5024712,35.804898],[129.5025476,35.8047288],[129.5026077,35.8046005],[129.5026192,35.804576]]]]}},{"type":"Feature","properties":{"UFID":"100035903071A00110100000000525170"},"geometry":{"type":"MultiPolygon","coordinates":[[[[129.5056712,35.8034913],[129.5056644,35.8034392],[129.5056467,35.8033218],[129.505628,35.8032287],[129.505609,35.8031504],[129.5055908,35.8030884],[129.5055703,35.8030374],[129.5055526,35.8030009],[129.5055369,35.8029744],[129.5054839,35.8028824],[129.5054348,35.8028132],[129.5053896,35.8027587],[129.5053377,35.8027042],[129.5052411,35.8026158],[129.5051425,35.8025276],[129.5050347,35.8024356],[129.5049469,35.8023632],[129.5048619,35.8022942],[129.5048065,35.802251],[129.5047622,35.8022053],[129.5047194,35.8021552],[129.5046827,35.8021021],[129.5046431,35.8020433],[129.5046013,35.8019763],[129.5045833,35.8019384],[129.5045393,35.8018386],[129.5044861,35.8017342],[129.504413,35.8016087],[129.5043739,35.8015363],[129.5043273,35.8014586],[129.5042748,35.8013817],[129.5042143,35.8013016],[129.504162,35.8012441],[129.5040932,35.8011856],[129.504016,35.8011277],[129.5039249,35.8010712],[129.5038481,35.8010315],[129.5037804,35.801007],[129.5037008,35.8009838],[129.5036422,35.8009708],[129.5035902,35.8009626],[129.503527,35.8009594],[129.5034497,35.8009603],[129.5033908,35.8009621],[129.5033187,35.8009712],[129.5032654,35.8009814],[129.5031569,35.8010087],[129.5031735,35.8010415],[129.5032745,35.8010169],[129.5033979,35.8009989],[129.503506,35.8009944],[129.5036062,35.8010034],[129.5037041,35.8010249],[129.5038141,35.8010618],[129.5038958,35.801099],[129.5040185,35.801184],[129.504126,35.801278],[129.5041894,35.8013539],[129.5042528,35.8014418],[129.5043495,35.8016066],[129.5044813,35.8018504],[129.5045596,35.8020129],[129.5046268,35.8021206],[129.504694,35.8022075],[129.5047527,35.8022684],[129.5048773,35.8023729],[129.5050243,35.8024945],[129.5051438,35.8025926],[129.505254,35.8026968],[129.5053332,35.8027739],[129.505417,35.8028802],[129.5054794,35.8029782],[129.5055256,35.8030748],[129.505556,35.8031637],[129.5055803,35.8032689],[129.505596,35.8033592],[129.5056092,35.8035101],[129.5056712,35.8034913]]]]}},{"type":"Feature","properties":{"UFID":"100035903071A00110100000000525171"},"geometry":{"type":"MultiPolygon","coordinates":[[[[129.5011756,35.8073265],[129.5011172,35.8073104],[129.5010989,35.8073233],[129.5011141,35.8073366],[129.5011731,35.8073374],[129.5011715,35.807331],[129.5011756,35.8073265]]]]}},{"type":"Feature","properties":{"UFID":"100035903071A00110100000000525172"},"geometry":{"type":"MultiPolygon","coordinates":[[[[129.5010879,35.8069845],[129.5009246,35.8070235],[129.5009333,35.8070228],[129.5009412,35.8070227],[129.5009467,35.8070228],[129.5009525,35.8070249],[129.5009581,35.807029],[129.5009627,35.8070332],[129.500999,35.8071],[129.5010206,35.8071375],[129.5011279,35.8073035],[129.5011172,35.8073104],[129.5011756,35.8073265],[129.5011904,35.8073202],[129.5011992,35.8073204],[129.5012269,35.8073635],[129.5012705,35.807347],[129.501199,35.8072261],[129.5010858,35.8070111],[129.5010834,35.807],[129.5010879,35.8069845]]]]}},{"type":"Feature","properties":{"UFID":"100035903071A00110100000000525173"},"geometry":{"type":"MultiPolygon","coordinates":[[[[129.5011141,35.8073366],[129.5010989,35.8073233],[129.5009725,35.8073838],[129.5009126,35.8074131],[129.5007732,35.8074321],[129.5007046,35.8074425],[129.5005734,35.8074765],[129.5004559,35.80749],[129.5004577,35.8074995],[129.5005545,35.807491],[129.5007326,35.8074486],[129.500878,35.8074308],[129.500925,35.8074254],[129.5010384,35.8073679],[129.5011091,35.8073364],[129.5011141,35.8073366]]]]}},{"type":"Feature","properties":{"UFID":"100035903071A00110100000000525174"},"geometry":{"type":"MultiPolygon","coordinates":[[[[129.5011172,35.8073104],[129.501047,35.8072006],[129.501031,35.8072045],[129.5010965,35.8073157],[129.5010989,35.8073233],[129.5011172,35.8073104]]]]}},{"type":"Feature","properties":{"UFID":"100035903071A00110100000000525175"},"geometry":{"type":"MultiPolygon","coordinates":[[[[129.5011731,35.8073374],[129.5011141,35.8073366],[129.5011993,35.8074574],[129.5012429,35.8075188],[129.5012979,35.8076089],[129.5013175,35.8076441],[129.5013235,35.8076659],[129.5013269,35.8076705],[129.5013313,35.8076722],[129.5013406,35.8076736],[129.5013433,35.807674],[129.5014063,35.8076716],[129.5014893,35.8076632],[129.5015147,35.8076608],[129.5015254,35.8076586],[129.501538,35.8076535],[129.5015501,35.8076484],[129.5015568,35.8076459],[129.5015802,35.8076353],[129.5016289,35.8076114],[129.5016891,35.8075777],[129.5017009,35.8075695],[129.5017423,35.8075347],[129.5017869,35.8075008],[129.5018427,35.8074631],[129.5019164,35.8074199],[129.501897,35.8073979],[129.5018224,35.8074417],[129.501765,35.8074805],[129.501719,35.8075155],[129.5016783,35.8075497],[129.5016689,35.8075562],[129.5016109,35.8075887],[129.5015636,35.8076119],[129.5015461,35.8076198],[129.5015387,35.8076212],[129.5015259,35.8076234],[129.5015113,35.807623],[129.5013487,35.8076128],[129.5013379,35.8075934],[129.5012825,35.8075028],[129.501201,35.8073836],[129.5011731,35.8073374]]]]}},{"type":"Feature","properties":{"UFID":"100035902080A00110100000004455813"},"geometry":{"type":"MultiPolygon","coordinates":[[[[129.5000173,35.8134556],[129.5,35.8134384],[129.4999872,35.813422],[129.4999776,35.8134061],[129.4999598,35.8133767],[129.4998253,35.8134578],[129.4999021,35.8135401],[129.5,35.8134683],[129.5000173,35.8134556]]]]}},{"type":"Feature","properties":{"UFID":"100035903071A00110100000004455814"},"geometry":{"type":"MultiPolygon","coordinates":[[[[129.5003098,35.8138028],[129.5002983,35.8137775],[129.5002706,35.8137235],[129.500246,35.8136914],[129.5001528,35.8135902],[129.5000173,35.8134556],[129.5,35.8134683],[129.4999021,35.8135401],[129.499948,35.8135896],[129.5,35.8136457],[129.5000767,35.8136802],[129.5001971,35.8137984],[129.5002639,35.8138883],[129.5002687,35.8138793],[129.5003098,35.8138028]]]]}},{"type":"Feature","properties":{"UFID":"100035902070A00110100000004491898"},"geometry":{"type":"MultiPolygon","coordinates":[[[[129.5016175,35.8373792],[129.5016069,35.8373789],[129.5015433,35.8373498],[129.5014586,35.8373209],[129.5013901,35.8373011],[129.5013691,35.8372968],[129.5013038,35.8372817],[129.5011969,35.8372572],[129.5010698,35.837231],[129.5009566,35.8372016],[129.5009089,35.8371846],[129.5008689,35.8371665],[129.5008618,35.8371622],[129.5007383,35.8370435],[129.5006569,35.8369688],[129.5005693,35.8368923],[129.5005256,35.836865],[129.5004888,35.8368514],[129.5004422,35.8368426],[129.5003543,35.8368291],[129.5003064,35.8368172],[129.5002799,35.8368038],[129.500257,35.8367832],[129.5002387,35.8367517],[129.5001919,35.8366626],[129.500158,35.8366023],[129.5001249,35.8365694],[129.5000871,35.8365425],[129.5000441,35.836521],[129.5,35.8365047],[129.4999686,35.8364993],[129.4998681,35.8364896],[129.4998541,35.8364909],[129.4997853,35.8365048],[129.4995487,35.8365753],[129.4993124,35.8366508],[129.4991419,35.8367129],[129.4990649,35.8367479],[129.4990304,35.8367646],[129.498857,35.8368692],[129.4987769,35.8369101],[129.4987031,35.8369395],[129.4986827,35.8369454],[129.4986326,35.8369536],[129.4985718,35.8369572],[129.4984313,35.8369556],[129.4983725,35.8369484],[129.4983232,35.8369362],[129.4982841,35.836931],[129.498224,35.8369289],[129.4981634,35.8369437],[129.4980927,35.8369556],[129.4980443,35.8369561],[129.4978571,35.8369564],[129.4976963,35.8369538],[129.497611,35.8369513],[129.4975183,35.8369293],[129.49748,35.8369163],[129.4974483,35.8368993],[129.4974263,35.8368774],[129.4973885,35.8368121],[129.4973784,35.8367855],[129.4973673,35.836767],[129.4973362,35.8367214],[129.4973177,35.8367017],[129.4972165,35.8366228],[129.497135,35.8365462],[129.4970109,35.8365204],[129.4971924,35.8366415],[129.4972929,35.8367198],[129.4973084,35.8367363],[129.4973379,35.8367795],[129.4973479,35.8367967],[129.4973634,35.8368754],[129.4973644,35.8369097],[129.4974487,35.8369698],[129.4974777,35.8369698],[129.4975616,35.8369751],[129.4975902,35.8369778],[129.4976953,35.8369808],[129.4978568,35.8369835],[129.4980446,35.8369831],[129.4981094,35.8369823],[129.4983334,35.8369809],[129.498427,35.8369826],[129.4985728,35.8369843],[129.4986371,35.8369804],[129.4986916,35.8369715],[129.498716,35.8369644],[129.498793,35.8369338],[129.4988758,35.8368916],[129.4990488,35.8367872],[129.4990815,35.8367713],[129.4991568,35.8367371],[129.4993253,35.8366757],[129.4995604,35.8366006],[129.4997951,35.8365307],[129.49986,35.8365176],[129.499868,35.8365168],[129.4999613,35.8365258],[129.5,35.8365404],[129.5000254,35.8365498],[129.5000634,35.8365687],[129.5000962,35.8365921],[129.5001239,35.8366196],[129.5001554,35.8366758],[129.5002024,35.836765],[129.5002235,35.8368014],[129.5002541,35.8368289],[129.5002898,35.836847],[129.5003447,35.8368606],[129.500434,35.8368744],[129.5004759,35.8368822],[129.500505,35.836893],[129.5005424,35.8369164],[129.5006274,35.8369906],[129.5007082,35.8370648],[129.5008345,35.8371861],[129.5008474,35.8371939],[129.5008912,35.8372137],[129.5009425,35.837232],[129.5010588,35.8372622],[129.5011866,35.8372886],[129.501293,35.8373129],[129.5013553,35.8373273],[129.5014006,35.8373657],[129.5015098,35.8374017],[129.5015758,35.837412],[129.5015897,35.8374207],[129.501608,35.8374316],[129.5016175,35.8373792]]]]}},{"type":"Feature","properties":{"UFID":"100035903071A00110100000004495005"},"geometry":{"type":"MultiPolygon","coordinates":[[[[129.5005967,35.8013804],[129.5005772,35.8013737],[129.5004997,35.8013283],[129.5003311,35.8012151],[129.5001269,35.8010781],[129.5000554,35.8010302],[129.5,35.8009846],[129.4999959,35.8009812],[129.4999494,35.8010333],[129.499964,35.8010422],[129.5,35.8010659],[129.5000408,35.8010929],[129.5002018,35.8012],[129.5003244,35.8012796],[129.500431,35.8013477],[129.5005538,35.8014215],[129.500577,35.8014355],[129.5005967,35.8013804]]]]}},{"type":"Feature","properties":{"UFID":"100035903071A00110100000004495006"},"geometry":{"type":"MultiPolygon","coordinates":[[[[129.5004378,35.8016699],[129.5004197,35.801667],[129.5002871,35.8016257],[129.5002603,35.8016168],[129.5002383,35.8016056],[129.5000031,35.8014518],[129.5,35.8014486],[129.4997144,35.8011636],[129.4997135,35.8011601],[129.4995773,35.8012238],[129.4997064,35.8013437],[129.4999674,35.801594],[129.4999826,35.801609],[129.5,35.8016205],[129.5000994,35.8016811],[129.5001174,35.8016908],[129.5001515,35.8017135],[129.5001807,35.8017331],[129.500221,35.8017599],[129.5002952,35.8018059],[129.5003053,35.8018127],[129.5004378,35.8016699]]]]}},{"type":"Feature","properties":{"UFID":"100035903071A00110100000004495007"},"geometry":{"type":"MultiPolygon","coordinates":[[[[129.5016946,35.8028538],[129.5016744,35.8028323],[129.5016334,35.8028568],[129.5016252,35.8028609],[129.5015359,35.802871],[129.5015256,35.8028741],[129.5013901,35.802958],[129.5013764,35.8029644],[129.5013019,35.8029898],[129.5012843,35.8029954],[129.5012644,35.8030023],[129.5012472,35.8030091],[129.5012368,35.8030139],[129.5012252,35.8030209],[129.5012117,35.8030297],[129.5011572,35.8030683],[129.5010961,35.8031238],[129.5010361,35.8031782],[129.5010237,35.803188],[129.5010134,35.8031934],[129.5010009,35.8031947],[129.5008354,35.8032064],[129.5006069,35.8032252],[129.5005875,35.8032268],[129.5005639,35.8032289],[129.5005428,35.8032306],[129.5005214,35.8032315],[129.5002712,35.8032412],[129.5001751,35.8032664],[129.5000025,35.8033173],[129.5,35.8033181],[129.4998698,35.8033415],[129.4997754,35.8033528],[129.4995738,35.8033762],[129.4995075,35.8033854],[129.4994549,35.8033939],[129.4994305,35.8033955],[129.4995542,35.8034226],[129.4995532,35.8034166],[129.4995551,35.8034116],[129.4995625,35.8034098],[129.4995798,35.8034074],[129.499781,35.803384],[129.499876,35.8033727],[129.5,35.8033587],[129.5000189,35.8033527],[129.500127,35.8033147],[129.5001903,35.8033009],[129.5002439,35.8032869],[129.5004833,35.8032623],[129.5008057,35.8032321],[129.5009964,35.803224],[129.5010145,35.8032226],[129.5010233,35.8032208],[129.501033,35.8032149],[129.5010444,35.8032093],[129.50106,35.803197],[129.5011208,35.8031418],[129.5011806,35.8030876],[129.5012329,35.8030504],[129.5012454,35.8030423],[129.5012549,35.8030367],[129.5012627,35.8030331],[129.5012781,35.8030269],[129.5012968,35.8030204],[129.5013143,35.8030149],[129.5013911,35.8029887],[129.5014085,35.8029806],[129.5015419,35.802898],[129.5015441,35.8028973],[129.5016365,35.8028869],[129.5016518,35.8028793],[129.5016946,35.8028538]]]]}},{"type":"Feature","properties":{"UFID":"100035903071A00110100000004495008"},"geometry":{"type":"MultiPolygon","coordinates":[[[[129.5014407,35.8036868],[129.5014198,35.8036728],[129.5014099,35.8036691],[129.5013989,35.8036665],[129.5013873,35.8036651],[129.5013755,35.8036657],[129.5013253,35.8036755],[129.501314,35.8036766],[129.5012974,35.8036777],[129.501273,35.8036772],[129.5012514,35.8036745],[129.5012154,35.8036641],[129.5011995,35.8036573],[129.5011832,35.8036522],[129.5011229,35.8036325],[129.5009918,35.8036133],[129.5008736,35.8035922],[129.5008134,35.8035537],[129.5007903,35.8035473],[129.5006871,35.8035314],[129.5005524,35.8035162],[129.5004401,35.8035096],[129.5004155,35.803506],[129.5003193,35.8035156],[129.5002112,35.8035166],[129.5001653,35.8035156],[129.5001198,35.8035117],[129.5,35.8034938],[129.4996354,35.8034374],[129.4995542,35.8034226],[129.4995464,35.8034535],[129.4996274,35.8034683],[129.5,35.8035305],[129.5001135,35.8035475],[129.5001624,35.8035516],[129.5002109,35.8035527],[129.5003222,35.8035516],[129.5004202,35.8035418],[129.5004733,35.8035379],[129.5005861,35.8035402],[129.5006604,35.8035459],[129.5007717,35.8035684],[129.5007968,35.8035759],[129.5008352,35.8036048],[129.500898,35.8036233],[129.5010978,35.8036549],[129.5011018,35.8036564],[129.501179,35.8036893],[129.5011977,35.8036972],[129.5012405,35.8037097],[129.5012692,35.8037132],[129.5012987,35.8037138],[129.5013184,35.8037125],[129.5013331,35.803711],[129.5013822,35.8037015],[129.5013853,35.8037013],[129.5013894,35.8037018],[129.5013944,35.8037029],[129.501396,35.8037036],[129.5014128,35.8037147],[129.5014407,35.8036868]]]]}},{"type":"Feature","properties":{"UFID":"100035902080A00110100000004495009"},"geometry":{"type":"MultiPolygon","coordinates":[[[[129.4996568,35.8041736],[129.4996562,35.8042561],[129.4996709,35.804223],[129.4996878,35.8042051],[129.4997548,35.8041449],[129.499783,35.8041233],[129.4998039,35.804112],[129.4998216,35.8041058],[129.4998762,35.8040891],[129.5,35.8040668],[129.5001656,35.8040393],[129.5001593,35.8040064],[129.5,35.8040345],[129.4998652,35.8040588],[129.4998072,35.8040765],[129.4997853,35.8040842],[129.4997588,35.8040985],[129.4997306,35.804125],[129.499709,35.8041514],[129.4996824,35.8041696],[129.4996684,35.8041749],[129.4996605,35.8041755],[129.4996586,35.8041755],[129.4996568,35.8041736]]]]}},{"type":"Feature","properties":{"UFID":"100035903071A00110100000004495010"},"geometry":{"type":"MultiPolygon","coordinates":[[[[129.502448,35.8044738],[129.5024642,35.8043064],[129.5023974,35.8043699],[129.502265,35.8043816],[129.5020999,35.8043958],[129.5019229,35.804412],[129.5010923,35.8044752],[129.501059,35.8044773],[129.5009135,35.8044974],[129.5006555,35.8045477],[129.5,35.8046864],[129.4998967,35.8047031],[129.4998108,35.8047211],[129.4997685,35.8047086],[129.4998145,35.8047984],[129.4998174,35.8047939],[129.4998196,35.8047928],[129.4999277,35.8047675],[129.5,35.8047521],[129.5001223,35.8047239],[129.5001571,35.8047206],[129.5002728,35.8046956],[129.5004513,35.804648],[129.5007453,35.8045874],[129.5008675,35.8045627],[129.5010802,35.804535],[129.5013943,35.8045038],[129.5016319,35.8044877],[129.5017219,35.8044829],[129.5017422,35.8044794],[129.5020769,35.8044535],[129.5022112,35.8044453],[129.5023808,35.8044393],[129.5024104,35.8044481],[129.502448,35.8044738]]]]}},{"type":"Feature","properties":{"UFID":"100035903071A00110100000004495011"},"geometry":{"type":"MultiPolygon","coordinates":[[[[129.4999379,35.8052206],[129.4999733,35.8053146],[129.5,35.8052979],[129.5000135,35.8052896],[129.5004023,35.8052382],[129.5003885,35.8051928],[129.5000206,35.8052457],[129.5,35.8052394],[129.4999379,35.8052206]]]]}},{"type":"Feature","properties":{"UFID":"100035903071A00110100000004495012"},"geometry":{"type":"MultiPolygon","coordinates":[[[[129.4999857,35.8053619],[129.4999924,35.8053948],[129.5,35.8053932],[129.5000285,35.8053874],[129.500084,35.8053907],[129.5001648,35.8053954],[129.5001717,35.8053687],[129.5000864,35.8053637],[129.5,35.8053586],[129.4999857,35.8053619]]]]}},{"type":"Feature","properties":{"UFID":"100035903071A00110100000004495013"},"geometry":{"type":"MultiPolygon","coordinates":[[[[129.5001326,35.8058021],[129.5000927,35.8056945],[129.5000464,35.8055545],[129.5,35.8054173],[129.4999924,35.8053948],[129.4999297,35.8054032],[129.4999448,35.8054571],[129.5,35.8056223],[129.5000524,35.8057792],[129.5000449,35.8058062],[129.5001326,35.8058021]]]]}},{"type":"Feature","properties":{"UFID":"100035902080A00110100000004495014"},"geometry":{"type":"MultiPolygon","coordinates":[[[[129.5000449,35.8058062],[129.5000137,35.8058077],[129.5,35.8058056],[129.4999406,35.8057946],[129.4999013,35.8057854],[129.4997931,35.8057584],[129.4997546,35.805754],[129.4997364,35.805754],[129.4997137,35.8057546],[129.4996873,35.8057576],[129.4996648,35.8057643],[129.4996113,35.8057812],[129.4995629,35.8057915],[129.4995273,35.8057939],[129.4992975,35.8058084],[129.4991918,35.8058155],[129.4990792,35.8058207],[129.499084,35.8058564],[129.4991107,35.8058509],[129.4991638,35.8058456],[129.499239,35.8058437],[129.4993321,35.8058403],[129.4994592,35.8058293],[129.4995733,35.8058234],[129.4995966,35.8058218],[129.499607,35.8058201],[129.4996178,35.8058144],[129.499662,35.8057963],[129.4996931,35.805784],[129.4997083,35.8057795],[129.4997302,35.8057783],[129.4997542,35.8057778],[129.4997949,35.8057821],[129.4998504,35.8057964],[129.4999307,35.8058204],[129.4999976,35.8058361],[129.4999926,35.8058645],[129.5,35.8058647],[129.5000567,35.8058663],[129.5000449,35.8058062]]]]}},{"type":"Feature","properties":{"UFID":"100035903071A00110100000004495015"},"geometry":{"type":"MultiPolygon","coordinates":[[[[129.5001121,35.8067754],[129.5000852,35.8067553],[129.5000637,35.8067809],[129.5000104,35.8068214],[129.5,35.8068291],[129.4999783,35.8068449],[129.4999973,35.8068547],[129.5,35.8068527],[129.5000604,35.8068072],[129.5001075,35.8067791],[129.5001121,35.8067754]]]]}},{"type":"Feature","properties":{"UFID":"100035902080A00110100000004495016"},"geometry":{"type":"MultiPolygon","coordinates":[[[[129.5003289,35.8065525],[129.5003405,35.8065141],[129.5003352,35.8065108],[129.5003237,35.8065027],[129.5003081,35.8064858],[129.5002981,35.8064732],[129.5002672,35.806424],[129.500251,35.8063853],[129.5002454,35.8063785],[129.5002416,35.8063755],[129.5002357,35.8063729],[129.5001863,35.806369],[129.5001288,35.8063582],[129.5000853,35.8063619],[129.5000839,35.8063626],[129.5000799,35.806364],[129.5000675,35.8063681],[129.5000627,35.8063702],[129.5000578,35.806372],[129.500049,35.8063751],[129.5,35.8064188],[129.4999742,35.8064417],[129.4998706,35.8065323],[129.4998423,35.8065563],[129.4998063,35.8065855],[129.499784,35.8066017],[129.4997243,35.8066309],[129.4996296,35.8066606],[129.4996105,35.8066676],[129.4995949,35.8066781],[129.4995426,35.8067207],[129.4995238,35.8067316],[129.4994988,35.806743],[129.4994622,35.8067561],[129.4994271,35.8067661],[129.4993671,35.8068179],[129.4993358,35.8068468],[129.4992505,35.8069504],[129.499215,35.8069899],[129.4992066,35.8069978],[129.499198,35.8070031],[129.4991862,35.8070076],[129.4990423,35.8070697],[129.4989162,35.8071286],[129.4989046,35.8071334],[129.498888,35.8071378],[129.4988465,35.8071479],[129.4988082,35.8071578],[129.4987883,35.8071887],[129.4988078,35.8071863],[129.4988562,35.8071737],[129.498898,35.8071636],[129.4989174,35.8071584],[129.498932,35.8071524],[129.4990583,35.8070934],[129.499201,35.8070318],[129.4992151,35.8070264],[129.4992293,35.8070178],[129.499241,35.8070068],[129.4992777,35.8069659],[129.4993622,35.8068634],[129.4993917,35.806836],[129.4994202,35.8068112],[129.4994515,35.8067917],[129.4994657,35.8067844],[129.4995136,35.8067672],[129.4995415,35.8067545],[129.4995641,35.8067414],[129.4996172,35.8066982],[129.4996283,35.8066908],[129.4996424,35.8066855],[129.499739,35.8066552],[129.4998037,35.8066236],[129.4998291,35.8066052],[129.499866,35.8065752],[129.4999289,35.8065308],[129.5,35.8064703],[129.5000011,35.8064694],[129.5000427,35.8064414],[129.50007,35.8064325],[129.5000918,35.806428],[129.5001421,35.8064227],[129.5001683,35.8064235],[129.5001875,35.8064254],[129.5002082,35.8064283],[129.500227,35.8064367],[129.5002342,35.8064423],[129.5002421,35.8064554],[129.5002592,35.8064907],[129.5002718,35.8065065],[129.5002913,35.8065275],[129.5003071,35.8065386],[129.5003289,35.8065525]]]]}},{"type":"Feature","properties":{"UFID":"100035902080A00110100000004495017"},"geometry":{"type":"MultiPolygon","coordinates":[[[[129.5009246,35.8070235],[129.5009005,35.8069859],[129.5007392,35.8070494],[129.5004396,35.8071584],[129.5001603,35.8072626],[129.5,35.8073217],[129.4997916,35.8074014],[129.4995116,35.8075051],[129.4991562,35.8076399],[129.4989682,35.8077035],[129.4989549,35.8077049],[129.4989302,35.8077013],[129.4989799,35.8077791],[129.4990982,35.8077256],[129.4997177,35.8074927],[129.5,35.8073984],[129.5003664,35.8072438],[129.5006216,35.8071454],[129.5008675,35.8070468],[129.5009246,35.8070235]]]]}},{"type":"Feature","properties":{"UFID":"100035903071A00110100000004495018"},"geometry":{"type":"MultiPolygon","coordinates":[[[[129.5000518,35.8089029],[129.500047,35.8088999],[129.5,35.8089458],[129.4999794,35.808966],[129.5,35.8089691],[129.500018,35.8089889],[129.5000518,35.8089029]]]]}},{"type":"Feature","properties":{"UFID":"100035902080A00110100000004495019"},"geometry":{"type":"MultiPolygon","coordinates":[[[[129.5000316,35.81382],[129.5,35.8137774],[129.4999833,35.8137549],[129.4999375,35.8137919],[129.4999762,35.8138935],[129.5,35.8138619],[129.5000316,35.81382]]]]}},{"type":"Feature","properties":{"UFID":"100035902080A00110100000004495020"},"geometry":{"type":"MultiPolygon","coordinates":[[[[129.5002281,35.8142091],[129.5001645,35.814184],[129.5001477,35.8142217],[129.5001448,35.8142218],[129.5001252,35.8142468],[129.500102,35.8142708],[129.5000775,35.8142961],[129.5000358,35.8143261],[129.5000015,35.814353],[129.5,35.8143542],[129.4999711,35.8143772],[129.4999295,35.81441],[129.499905,35.8144322],[129.4998984,35.8144381],[129.4998716,35.814457],[129.4998471,35.8144769],[129.4998357,35.8144844],[129.4998295,35.8144859],[129.4998161,35.8144862],[129.4998076,35.8144849],[129.4998022,35.8144833],[129.4997967,35.8144821],[129.4997961,35.8144818],[129.4997947,35.8144791],[129.4997922,35.814476],[129.4997913,35.8144723],[129.4997962,35.8144556],[129.4998277,35.8144048],[129.4998737,35.8143291],[129.4999147,35.8142661],[129.4999481,35.8142103],[129.4999692,35.8141611],[129.4999717,35.8141525],[129.4999696,35.8141224],[129.4999713,35.8140945],[129.4999829,35.8140272],[129.5,35.8139784],[129.5000426,35.8138573],[129.5000432,35.8138423],[129.5000416,35.8138311],[129.5000316,35.81382],[129.5,35.8138619],[129.4999762,35.8138935],[129.4999758,35.8139124],[129.4999555,35.8139661],[129.4999433,35.8140216],[129.4999337,35.814083],[129.4999238,35.8141318],[129.4999013,35.8141883],[129.4998765,35.8142305],[129.4998354,35.8142985],[129.4998067,35.8143474],[129.4997796,35.8143994],[129.4997558,35.8144452],[129.4997443,35.8144823],[129.4997445,35.8144891],[129.4997484,35.8145053],[129.4997512,35.8145109],[129.4997618,35.8145199],[129.4997726,35.814528],[129.4997804,35.8145299],[129.4997931,35.8145314],[129.4998222,35.8145258],[129.4998622,35.8145075],[129.4998974,35.8144845],[129.4999333,35.8144553],[129.4999491,35.8144425],[129.4999947,35.814402],[129.5,35.8143978],[129.5000589,35.8143513],[129.5001201,35.8143133],[129.5001526,35.8142848],[129.5001772,35.8142546],[129.5001907,35.8142296],[129.5002281,35.8142091]]]]}},{"type":"Feature","properties":{"UFID":"100035903071A00110100000004495021"},"geometry":{"type":"MultiPolygon","coordinates":[[[[129.5024276,35.8172112],[129.5024105,35.8170927],[129.5024076,35.8171043],[129.5023807,35.8171535],[129.5023518,35.8171843],[129.5022919,35.817229],[129.5022298,35.817271],[129.502041,35.8173893],[129.5020232,35.817403],[129.5020059,35.8174168],[129.5019883,35.8174344],[129.5019685,35.8174573],[129.5019534,35.8174786],[129.5019414,35.817501],[129.5018847,35.8175946],[129.5018383,35.817663],[129.5018272,35.8176744],[129.5017915,35.8177048],[129.5017552,35.8177302],[129.5017088,35.8177591],[129.5016686,35.8177819],[129.5016219,35.8177991],[129.5015967,35.8178088],[129.5014999,35.8178477],[129.5014896,35.8178536],[129.5014543,35.8178782],[129.5013866,35.8179303],[129.5012929,35.8179968],[129.5011867,35.8180675],[129.5011426,35.8180995],[129.501091,35.8181476],[129.5010241,35.818222],[129.5009556,35.8182964],[129.5009384,35.8183141],[129.5009164,35.8183334],[129.50085,35.8183623],[129.5008276,35.8183692],[129.5007516,35.8183849],[129.5006672,35.8184123],[129.5006418,35.8184213],[129.5004468,35.818508],[129.500382,35.8185313],[129.500353,35.818537],[129.5003241,35.81854],[129.50024,35.8185393],[129.5001898,35.8185284],[129.5001496,35.8185168],[129.5001286,35.8185079],[129.5001133,35.8184962],[129.500096,35.8184766],[129.5000782,35.8184522],[129.5000261,35.8183447],[129.5,35.8182982],[129.4999841,35.8182699],[129.4999628,35.8182317],[129.4999363,35.8182014],[129.4999055,35.8181734],[129.4998704,35.8181504],[129.4998264,35.8181243],[129.4997375,35.818084],[129.4996839,35.8180686],[129.4996357,35.8180618],[129.4995778,35.8180578],[129.4995243,35.8180634],[129.4994768,35.818072],[129.4994386,35.8180847],[129.4993863,35.8181071],[129.4993334,35.8181356],[129.4992693,35.8181748],[129.4992209,35.818214],[129.4992021,35.8182368],[129.4991211,35.8183826],[129.4991142,35.8183936],[129.4990669,35.8184538],[129.4990117,35.8185027],[129.4989479,35.8185383],[129.4988875,35.8185562],[129.4988188,35.818561],[129.4987159,35.8185651],[129.4986255,35.8185582],[129.4985046,35.818545],[129.4984251,35.8185382],[129.4984064,35.8185351],[129.4983317,35.8185177],[129.4982327,35.8184968],[129.4981409,35.8184819],[129.4980709,35.8184756],[129.4980253,35.8184747],[129.4979796,35.8184776],[129.4977421,35.8185099],[129.4977077,35.8185109],[129.4976771,35.8185095],[129.4976527,35.8185069],[129.4976264,35.8185016],[129.4975622,35.8184861],[129.4973326,35.8184127],[129.4972713,35.8183884],[129.4972543,35.8184167],[129.497317,35.8184416],[129.4975496,35.8185159],[129.4976163,35.8185321],[129.4976455,35.818538],[129.4976734,35.818541],[129.4977073,35.8185425],[129.497746,35.8185414],[129.4979843,35.8185089],[129.4980263,35.8185063],[129.4980683,35.8185071],[129.498135,35.8185131],[129.498224,35.8185276],[129.4983215,35.8185481],[129.4983971,35.8185657],[129.4984191,35.8185694],[129.4985001,35.8185763],[129.4986211,35.8185895],[129.4987284,35.8185978],[129.4987462,35.8185989],[129.4988251,35.8186048],[129.4988819,35.8186061],[129.4989484,35.8185931],[129.4990039,35.8185644],[129.4990785,35.8185117],[129.499124,35.8184624],[129.4991624,35.818386],[129.4992302,35.8182662],[129.4992639,35.8182254],[129.4993412,35.8181717],[129.4994385,35.8181286],[129.4995212,35.8180963],[129.499531,35.8180945],[129.4995787,35.8180895],[129.4996307,35.8180931],[129.499674,35.8180993],[129.4997215,35.8181128],[129.4998055,35.8181509],[129.4998468,35.8181754],[129.4998787,35.8181963],[129.499906,35.8182211],[129.499929,35.8182475],[129.4999486,35.8182825],[129.4999579,35.8183005],[129.4999711,35.8183308],[129.5,35.8183935],[129.5000364,35.8184727],[129.500075,35.8185157],[129.5000801,35.8185203],[129.5001028,35.8185376],[129.5001319,35.8185499],[129.5001767,35.8185629],[129.500234,35.8185752],[129.5003266,35.8185761],[129.500361,35.8185725],[129.5003963,35.8185656],[129.5004663,35.8185403],[129.5006613,35.8184537],[129.5006843,35.8184456],[129.5007652,35.8184193],[129.500841,35.8184037],[129.5008684,35.8183952],[129.5009438,35.8183624],[129.5009721,35.8183375],[129.5009907,35.8183184],[129.5010597,35.8182435],[129.5011256,35.8181701],[129.5011741,35.8181249],[129.5012154,35.818095],[129.5013214,35.8180243],[129.5014164,35.817957],[129.5014839,35.817905],[129.5015196,35.81788],[129.5016159,35.8178412],[129.5016405,35.8178319],[129.5016905,35.8178134],[129.5017349,35.8177882],[129.5017831,35.8177582],[129.5018219,35.817731],[129.5018606,35.8176981],[129.5018753,35.8176831],[129.501924,35.8176113],[129.5019815,35.8175162],[129.501994,35.8174931],[129.5020058,35.8174768],[129.5020236,35.8174562],[129.5020386,35.8174412],[129.5020539,35.817429],[129.5020698,35.8174168],[129.5022574,35.8172992],[129.5023729,35.8172211],[129.5023794,35.817218],[129.5023854,35.817215],[129.5023916,35.817213],[129.5024002,35.8172106],[129.5024075,35.817208],[129.5024123,35.8172071],[129.5024169,35.8172068],[129.5024215,35.8172069],[129.5024276,35.8172112]]]]}},{"type":"Feature","properties":{"UFID":"100035903071A00110100000004495022"},"geometry":{"type":"MultiPolygon","coordinates":[[[[129.5001961,35.8216554],[129.5001904,35.8216546],[129.5001702,35.8216505],[129.5001494,35.8216464],[129.5000563,35.8216287],[129.5000409,35.8216273],[129.5000299,35.821627],[129.5000188,35.8216265],[129.5,35.8216252],[129.4999831,35.8216268],[129.499965,35.8216303],[129.4999552,35.8216325],[129.499961,35.8216592],[129.4999719,35.8216568],[129.4999864,35.8216565],[129.5,35.8216567],[129.5000051,35.8216562],[129.500025,35.8216541],[129.5000373,35.8216539],[129.5000502,35.8216553],[129.5001265,35.8216698],[129.500152,35.8216834],[129.5001756,35.8216977],[129.500182,35.8217034],[129.5001961,35.8216554]]]]}},{"type":"Feature","properties":{"UFID":"100035903071A00110100000004495023"},"geometry":{"type":"MultiPolygon","coordinates":[[[[129.500711,35.8237927],[129.5006809,35.8237537],[129.5003889,35.8239675],[129.5001422,35.8241521],[129.500106,35.8241773],[129.5,35.8242344],[129.4999846,35.8242427],[129.5,35.8242622],[129.5000189,35.8242861],[129.5001143,35.8242391],[129.5004058,35.8240215],[129.500711,35.8237927]]]]}},{"type":"Feature","properties":{"UFID":"100035902080A00110100000004495024"},"geometry":{"type":"MultiPolygon","coordinates":[[[[129.5000189,35.8242861],[129.5,35.8242622],[129.4999846,35.8242427],[129.4999609,35.8242554],[129.4999542,35.8242576],[129.4999886,35.8243001],[129.5,35.8242948],[129.5000189,35.8242861]]]]}},{"type":"Feature","properties":{"UFID":"100035903071A00110100000004495025"},"geometry":{"type":"MultiPolygon","coordinates":[[[[129.5000581,35.8243191],[129.5000189,35.8242861],[129.5,35.8242948],[129.4999886,35.8243001],[129.5,35.8243093],[129.5000263,35.8243307],[129.5000581,35.8243191]]]]}},{"type":"Feature","properties":{"UFID":"100035902080A00110100000004495026"},"geometry":{"type":"MultiPolygon","coordinates":[[[[129.5000527,35.8243542],[129.5000263,35.8243307],[129.5,35.8243379],[129.4998034,35.8243925],[129.4996469,35.824433],[129.4996277,35.8244361],[129.4996198,35.824437],[129.4994726,35.8245175],[129.4995538,35.8244885],[129.4997134,35.824447],[129.4999564,35.8243801],[129.5,35.8243684],[129.5000527,35.8243542]]]]}},{"type":"Feature","properties":{"UFID":"100035903071A00110100000004495027"},"geometry":{"type":"MultiPolygon","coordinates":[[[[129.4996779,35.8246461],[129.4996911,35.8246749],[129.4998734,35.8246266],[129.4999721,35.8246026],[129.5,35.824595],[129.500237,35.8245305],[129.5007143,35.8244008],[129.5010533,35.824311],[129.5010676,35.8243084],[129.5010875,35.8243031],[129.5011394,35.8242904],[129.5011485,35.8242865],[129.5011692,35.8242773],[129.5011979,35.824258],[129.5012127,35.8242465],[129.5012513,35.8242119],[129.5012844,35.8241898],[129.5013184,35.8241618],[129.5012603,35.8241742],[129.5012151,35.8242015],[129.5011792,35.8242294],[129.5011591,35.8242422],[129.5011412,35.8242547],[129.5010446,35.8242849],[129.500704,35.8243752],[129.5002265,35.8245048],[129.5,35.8245665],[129.4999621,35.8245768],[129.4998829,35.8245953],[129.4998118,35.8246094],[129.4996779,35.8246461]]]]}},{"type":"Feature","properties":{"UFID":"100035903061A00110100000004495174"},"geometry":{"type":"MultiPolygon","coordinates":[[[[129.5115415,35.8282082],[129.5115002,35.8281758],[129.5114248,35.8281099],[129.5112754,35.8279723],[129.5112235,35.8279247],[129.5111813,35.8278859],[129.5110934,35.8278053],[129.5109991,35.8277174],[129.5109735,35.8276921],[129.510886,35.8275943],[129.5108455,35.8275634],[129.5108169,35.8275391],[129.5107638,35.8274957],[129.5107208,35.8274646],[129.5106739,35.8274348],[129.5106134,35.827398],[129.5105409,35.8273587],[129.5104759,35.8273281],[129.5104079,35.827298],[129.5103035,35.8272528],[129.5102424,35.8272332],[129.5101879,35.8273349],[129.5102104,35.8273412],[129.5102329,35.827347],[129.510263,35.8273577],[129.5103566,35.8273924],[129.5104035,35.8274148],[129.5104603,35.8274485],[129.5104912,35.8274689],[129.5105567,35.8275074],[129.5106321,35.8275561],[129.510702,35.8276054],[129.5107647,35.8276547],[129.5108352,35.8277174],[129.5109559,35.8278277],[129.5110849,35.8279488],[129.5111239,35.8279912],[129.5112561,35.8281076],[129.5114175,35.8282523],[129.511421,35.8282553],[129.5115415,35.8282082]]]]}},{"type":"Feature","properties":{"UFID":"100035903061A00110100000004495175"},"geometry":{"type":"MultiPolygon","coordinates":[[[[129.5102424,35.8272332],[129.5102285,35.8272288],[129.5102163,35.8272229],[129.5101271,35.8273156],[129.5101879,35.8273349],[129.5102424,35.8272332]]]]}},{"type":"Feature","properties":{"UFID":"100035903061A00110100000004495176"},"geometry":{"type":"MultiPolygon","coordinates":[[[[129.5180185,35.8379084],[129.5178873,35.8379833],[129.5179273,35.8382568],[129.5179589,35.838495],[129.5179661,35.8386166],[129.5179316,35.8386527],[129.5178861,35.8387777],[129.5178756,35.8388322],[129.5178702,35.8388555],[129.5180641,35.8388989],[129.518083,35.8388091],[129.5181079,35.8386871],[129.5181132,35.8386146],[129.518104,35.8385097],[129.5180908,35.8383701],[129.5180801,35.8383049],[129.5180523,35.8381962],[129.5180365,35.8380918],[129.5180306,35.8379802],[129.5180193,35.8379185],[129.5180185,35.8379084]]]]}},{"type":"Feature","properties":{"UFID":"100035903061A00110100000004495177"},"geometry":{"type":"MultiPolygon","coordinates":[[[[129.5094732,35.8257836],[129.50947,35.8257315],[129.5094716,35.8256717],[129.5094878,35.8255679],[129.5094936,35.8255366],[129.5093438,35.825526],[129.5092888,35.825652],[129.5092818,35.8257917],[129.5094732,35.8257836]]]]}},{"type":"Feature","properties":{"UFID":"100035903061A00110100000004495178"},"geometry":{"type":"MultiPolygon","coordinates":[[[[129.5095177,35.8258911],[129.5094732,35.8257836],[129.5092818,35.8257917],[129.5092788,35.8258523],[129.5093178,35.8259288],[129.5095177,35.8258911]]]]}},{"type":"Feature","properties":{"UFID":"100035903061A00110100000004495179"},"geometry":{"type":"MultiPolygon","coordinates":[[[[129.5095599,35.8259504],[129.5095372,35.8259245],[129.5095189,35.8258974],[129.5095177,35.8258911],[129.5093178,35.8259288],[129.5093413,35.8259749],[129.5095599,35.8259504]]]]}},{"type":"Feature","properties":{"UFID":"100035903061A00110100000004495180"},"geometry":{"type":"MultiPolygon","coordinates":[[[[129.5096396,35.8260262],[129.5095843,35.8259782],[129.5095599,35.8259504],[129.5093413,35.8259749],[129.5094478,35.8261051],[129.5096396,35.8260262]]]]}},{"type":"Feature","properties":{"UFID":"100035903061A00110100000004495181"},"geometry":{"type":"MultiPolygon","coordinates":[[[[129.5101457,35.8271454],[129.5101321,35.8271362],[129.5101127,35.8271207],[129.5100853,35.8270832],[129.5100708,35.8270571],[129.5100505,35.8270107],[129.5100403,35.8269704],[129.5100319,35.8269342],[129.5100269,35.8268989],[129.5100366,35.8268569],[129.5100521,35.8267768],[129.5100642,35.8267157],[129.5100847,35.8266398],[129.5100966,35.8266025],[129.5101074,35.8265586],[129.5101081,35.8265263],[129.510108,35.8265028],[129.5101023,35.8264671],[129.5100975,35.8264462],[129.5100836,35.8264093],[129.510075,35.8263902],[129.5100525,35.8263547],[129.5100417,35.8263392],[129.5100074,35.8263022],[129.5099526,35.826243],[129.5098982,35.826209],[129.509848,35.8261774],[129.509773,35.8261279],[129.5096622,35.8260458],[129.5096396,35.8260262],[129.5094478,35.8261051],[129.5095605,35.8261927],[129.5096398,35.8262369],[129.509658,35.826243],[129.5097706,35.8262712],[129.5097922,35.8262746],[129.5098103,35.8262838],[129.5098437,35.826316],[129.5098859,35.8263656],[129.5099134,35.8264129],[129.5099358,35.826468],[129.5099499,35.8265113],[129.5099562,35.8265467],[129.5099575,35.8265769],[129.5099564,35.8266078],[129.509954,35.8266372],[129.5099461,35.8266694],[129.5099403,35.8266732],[129.5099178,35.8266728],[129.5099078,35.8266728],[129.5099051,35.8266786],[129.5099033,35.8266867],[129.5098978,35.8267186],[129.5098891,35.8267608],[129.5098733,35.8268343],[129.5098715,35.8268628],[129.5098735,35.8269012],[129.5098784,35.8269295],[129.5098848,35.8269597],[129.5098985,35.8270132],[129.5099064,35.8270472],[129.5099347,35.8271054],[129.5099708,35.8271662],[129.5099876,35.8271855],[129.5101457,35.8271454]]]]}},{"type":"Feature","properties":{"UFID":"100035903061A00110100000004495182"},"geometry":{"type":"MultiPolygon","coordinates":[[[[129.509506,35.8254708],[129.5093537,35.8254624],[129.5093438,35.825526],[129.5094936,35.8255366],[129.509506,35.8254708]]]]}},{"type":"Feature","properties":{"UFID":"100035903061A00110100000004495183"},"geometry":{"type":"MultiPolygon","coordinates":[[[[129.5121012,35.8294374],[129.5120622,35.8293447],[129.5119028,35.8293738],[129.5119058,35.8293833],[129.5119339,35.829452],[129.5119482,35.829477],[129.5121012,35.8294374]]]]}},{"type":"Feature","properties":{"UFID":"100035903061A00110100000004495184"},"geometry":{"type":"MultiPolygon","coordinates":[[[[129.5125194,35.8299713],[129.5124665,35.829911],[129.5124139,35.8300364],[129.5124439,35.8300714],[129.5125194,35.8299713]]]]}},{"type":"Feature","properties":{"UFID":"100035903061A00110100000004495185"},"geometry":{"type":"MultiPolygon","coordinates":[[[[129.5124665,35.829911],[129.5124617,35.8299056],[129.5123755,35.8297924],[129.5122295,35.8296135],[129.512147,35.8295173],[129.5121131,35.8294588],[129.5121046,35.8294439],[129.5121012,35.8294374],[129.5119482,35.829477],[129.5119675,35.8295108],[129.5120293,35.8295912],[129.5121165,35.8297009],[129.5122307,35.8298346],[129.5123484,35.8299625],[129.5124126,35.8300349],[129.5124139,35.8300364],[129.5124665,35.829911]]]]}},{"type":"Feature","properties":{"UFID":"100035903061A00110100000004495186"},"geometry":{"type":"MultiPolygon","coordinates":[[[[129.511635,35.8282907],[129.5115533,35.8282175],[129.5115415,35.8282082],[129.511421,35.8282553],[129.5114584,35.8283065],[129.511635,35.8282907]]]]}},{"type":"Feature","properties":{"UFID":"100035903061A00110100000004495187"},"geometry":{"type":"MultiPolygon","coordinates":[[[[129.5125194,35.8299713],[129.5124439,35.8300714],[129.5125035,35.830141],[129.5126698,35.8303275],[129.5127794,35.8304542],[129.5128545,35.8305606],[129.5129242,35.8306892],[129.5129646,35.8307908],[129.5129868,35.8308842],[129.5130019,35.8309946],[129.5130215,35.831115],[129.5130279,35.8311733],[129.5130581,35.8312985],[129.5130898,35.8313801],[129.5131332,35.8314797],[129.5131765,35.8315528],[129.5131923,35.8315763],[129.5134275,35.8316633],[129.5134103,35.8316387],[129.5133258,35.8315164],[129.51327,35.831421],[129.5132427,35.8313584],[129.5132104,35.8312671],[129.5131845,35.8311847],[129.513169,35.8311149],[129.513155,35.8310492],[129.5131502,35.8309859],[129.5131567,35.8309846],[129.5131555,35.8309704],[129.5131334,35.8308423],[129.5130902,35.8307052],[129.5130696,35.8306467],[129.512991,35.8305055],[129.5129457,35.8304297],[129.5129113,35.8303829],[129.5128923,35.830363],[129.5127739,35.8302423],[129.5126274,35.8300782],[129.5125491,35.8300051],[129.5125194,35.8299713]]]]}},{"type":"Feature","properties":{"UFID":"100035903061A00110100000004495188"},"geometry":{"type":"MultiPolygon","coordinates":[[[[129.5134275,35.8316633],[129.5131923,35.8315763],[129.5132363,35.831642],[129.5134357,35.8317061],[129.5134275,35.8316633]]]]}},{"type":"Feature","properties":{"UFID":"100035903061A00110100000004495189"},"geometry":{"type":"MultiPolygon","coordinates":[[[[129.511635,35.8282907],[129.5114584,35.8283065],[129.5114671,35.8283099],[129.5114832,35.8283189],[129.5115215,35.8283455],[129.5115696,35.828395],[129.5116196,35.8284553],[129.5116784,35.828533],[129.5117198,35.8285978],[129.5117667,35.8286925],[129.5118127,35.8287938],[129.5118332,35.828855],[129.5118386,35.8288785],[129.5118422,35.828892],[129.511846,35.8289063],[129.5118565,35.8289642],[129.5118663,35.8290654],[129.5118676,35.829146],[129.5118655,35.8291662],[129.5118644,35.8291663],[129.512037,35.8292185],[129.5120342,35.8292013],[129.5120299,35.8291749],[129.5120246,35.8291209],[129.512017,35.8290301],[129.5120167,35.8290254],[129.512016,35.8290135],[129.5120144,35.8290002],[129.5120117,35.8289944],[129.5120088,35.8289887],[129.5120056,35.8289819],[129.5120023,35.828969],[129.5119991,35.8289403],[129.5119941,35.8288832],[129.5119885,35.8288325],[129.5119765,35.8287647],[129.5119623,35.8287159],[129.5119526,35.8286773],[129.5118992,35.8285775],[129.5118123,35.8284478],[129.51177,35.8284079],[129.5116889,35.828339],[129.511635,35.8282907]]]]}},{"type":"Feature","properties":{"UFID":"100035903061A00110100000004495190"},"geometry":{"type":"MultiPolygon","coordinates":[[[[129.512037,35.8292185],[129.5118644,35.8291663],[129.5118483,35.8292028],[129.5120443,35.8292587],[129.5120393,35.8292323],[129.512037,35.8292185]]]]}},{"type":"Feature","properties":{"UFID":"100035903061A00110100000004495191"},"geometry":{"type":"MultiPolygon","coordinates":[[[[129.5120622,35.8293447],[129.5120608,35.8293364],[129.5120501,35.8292896],[129.5120447,35.8292612],[129.5120443,35.8292587],[129.5118483,35.8292028],[129.5118833,35.8293114],[129.5119028,35.8293738],[129.5120622,35.8293447]]]]}},{"type":"Feature","properties":{"UFID":"100035903061A00110100000004495192"},"geometry":{"type":"MultiPolygon","coordinates":[[[[129.5134357,35.8317061],[129.5132363,35.831642],[129.5132422,35.8316508],[129.5133403,35.8317906],[129.5134045,35.8318848],[129.5134655,35.8319794],[129.5134999,35.8320492],[129.5135215,35.8320995],[129.5135351,35.8321513],[129.5135518,35.8322482],[129.513562,35.8323535],[129.5135637,35.8324446],[129.5135641,35.8325546],[129.5135654,35.8326856],[129.5136918,35.8326869],[129.5136908,35.832506],[129.5136918,35.8324004],[129.5137029,35.8323694],[129.5137057,35.832353],[129.5137047,35.8323202],[129.5137006,35.8322611],[129.5136933,35.8321977],[129.5136724,35.8321111],[129.5136675,35.8320936],[129.513641,35.8320236],[129.5136358,35.8320065],[129.5136025,35.8319448],[129.5135494,35.8318565],[129.5135082,35.8317988],[129.5134667,35.8317441],[129.5134378,35.8317136],[129.5134357,35.8317061]]]]}},{"type":"Feature","properties":{"UFID":"100035903061A00110100000004495193"},"geometry":{"type":"MultiPolygon","coordinates":[[[[129.5138605,35.8340091],[129.5138559,35.8340042],[129.5138538,35.8340008],[129.5138212,35.8339319],[129.51379,35.8338449],[129.5137666,35.8337548],[129.5137483,35.8336578],[129.5137338,35.8335601],[129.5137299,35.8334562],[129.5137262,35.8333683],[129.5137228,35.833259],[129.5137221,35.8331583],[129.5137171,35.8331381],[129.5137039,35.8330963],[129.5136989,35.8330722],[129.5136955,35.8329335],[129.5136969,35.8327637],[129.5136985,35.832755],[129.5135669,35.8327567],[129.5135691,35.832854],[129.5135739,35.8330531],[129.5135774,35.8332228],[129.5135811,35.8333288],[129.5135829,35.8334524],[129.513585,35.8335826],[129.5135903,35.8336663],[129.5136013,35.8337467],[129.5136188,35.8338197],[129.5136529,35.8339421],[129.5136883,35.8340502],[129.5137294,35.8341314],[129.5137345,35.8341413],[129.5138605,35.8340091]]]]}},{"type":"Feature","properties":{"UFID":"100035903061A00110100000004495194"},"geometry":{"type":"MultiPolygon","coordinates":[[[[129.5136918,35.8326869],[129.5135654,35.8326856],[129.5135655,35.8326971],[129.5135669,35.8327567],[129.5136985,35.832755],[129.5136918,35.8326869]]]]}},{"type":"Feature","properties":{"UFID":"100035903061A00110100000004495195"},"geometry":{"type":"MultiPolygon","coordinates":[[[[129.5139122,35.8341013],[129.5138605,35.8340091],[129.5137345,35.8341413],[129.5137358,35.834144],[129.5137879,35.8342372],[129.513806,35.8342716],[129.5138066,35.8342723],[129.5139122,35.8341013]]]]}},{"type":"Feature","properties":{"UFID":"100035903061A00110100000004495196"},"geometry":{"type":"MultiPolygon","coordinates":[[[[129.5145206,35.8345956],[129.5144256,35.8345474],[129.5143061,35.8344883],[129.5142448,35.8344467],[129.5141719,35.8343853],[129.5140729,35.8343009],[129.5139932,35.8342246],[129.5139348,35.8341486],[129.5139251,35.8341347],[129.5139122,35.8341013],[129.5138066,35.8342723],[129.5138192,35.8342889],[129.5138712,35.8343575],[129.513881,35.8343621],[129.513941,35.8344133],[129.5140418,35.8344975],[129.5141265,35.834567],[129.5142334,35.8346326],[129.5143469,35.8346856],[129.5144447,35.8347135],[129.5145206,35.8345956]]]]}},{"type":"Feature","properties":{"UFID":"100035903061A00110100000004495197"},"geometry":{"type":"MultiPolygon","coordinates":[[[[129.514744,35.8346941],[129.5145206,35.8345956],[129.5144447,35.8347135],[129.5145338,35.8347317],[129.5145528,35.8347356],[129.5146064,35.8347468],[129.5146271,35.8347587],[129.5146719,35.8347803],[129.514744,35.8346941]]]]}},{"type":"Feature","properties":{"UFID":"100035903061A00110100000004495198"},"geometry":{"type":"MultiPolygon","coordinates":[[[[129.5157596,35.8356132],[129.5156594,35.835446],[129.5155836,35.8353339],[129.5154854,35.8351884],[129.5153793,35.8350582],[129.5152479,35.8349378],[129.5150985,35.8348353],[129.5149017,35.8347248],[129.5148912,35.8347211],[129.5148034,35.834704],[129.514744,35.8346941],[129.5146719,35.8347803],[129.514722,35.8348044],[129.514772,35.8348285],[129.5148928,35.8348846],[129.5149878,35.834939],[129.5150627,35.8349853],[129.5151349,35.8350367],[129.5152094,35.8351],[129.5152996,35.8351989],[129.5153923,35.8353011],[129.5155185,35.8354575],[129.5155223,35.8354623],[129.5155734,35.8355296],[129.5156705,35.8356576],[129.5157596,35.8356132]]]]}},{"type":"Feature","properties":{"UFID":"100035903061A00110100000004495221"},"geometry":{"type":"MultiPolygon","coordinates":[[[[129.5102068,35.8272145],[129.5101457,35.8271454],[129.5099876,35.8271855],[129.5100044,35.8272281],[129.5102068,35.8272145]]]]}},{"type":"Feature","properties":{"UFID":"100035903061A00110100000004495222"},"geometry":{"type":"MultiPolygon","coordinates":[[[[129.5160554,35.8360243],[129.5161139,35.8362237],[129.5161521,35.8362675],[129.5163196,35.8362709],[129.5160554,35.8360243]]]]}},{"type":"Feature","properties":{"UFID":"100035903061A00110100000004495223"},"geometry":{"type":"MultiPolygon","coordinates":[[[[129.5167085,35.8366317],[129.5167048,35.8366291],[129.5166412,35.8365752],[129.5165601,35.836642],[129.5166266,35.836694],[129.5167085,35.8366317]]]]}},{"type":"Feature","properties":{"UFID":"100035903061A00110100000004495224"},"geometry":{"type":"MultiPolygon","coordinates":[[[[129.51799,35.8378192],[129.5179842,35.8377924],[129.5179667,35.8377204],[129.517946,35.8376478],[129.5179141,35.8375676],[129.5178842,35.8375158],[129.517853,35.8374827],[129.5178027,35.8374302],[129.5177565,35.8373879],[129.5177066,35.8373463],[129.5176209,35.8372847],[129.5175031,35.8371984],[129.5173322,35.83708],[129.5171323,35.8369393],[129.5169707,35.8368181],[129.5168639,35.8367355],[129.5168407,35.8367198],[129.5168063,35.8367028],[129.5167085,35.8366317],[129.5166266,35.836694],[129.5166312,35.8366976],[129.5167014,35.8367525],[129.5168388,35.8368595],[129.5170567,35.8370146],[129.5172602,35.8371586],[129.5174083,35.8372637],[129.5175194,35.8373436],[129.5176324,35.837439],[129.517729,35.8375191],[129.5177816,35.8375856],[129.5178181,35.8376552],[129.5178479,35.8377554],[129.5178645,35.8378398],[129.51799,35.8378192]]]]}},{"type":"Feature","properties":{"UFID":"100035903061A00110100000004495225"},"geometry":{"type":"MultiPolygon","coordinates":[[[[129.5160554,35.8360243],[129.5159729,35.8359087],[129.515879,35.8357718],[129.5157993,35.8356659],[129.51571,35.8357098],[129.5157118,35.8357121],[129.5158533,35.8359072],[129.5159531,35.8360346],[129.5160114,35.8361082],[129.5160778,35.8361843],[129.5161139,35.8362237],[129.5160554,35.8360243]]]]}},{"type":"Feature","properties":{"UFID":"100035903061A00110100000004495226"},"geometry":{"type":"MultiPolygon","coordinates":[[[[129.5157993,35.8356659],[129.5157596,35.8356132],[129.5156705,35.8356576],[129.51571,35.8357098],[129.5157993,35.8356659]]]]}},{"type":"Feature","properties":{"UFID":"100035903061A00110100000004495227"},"geometry":{"type":"MultiPolygon","coordinates":[[[[129.5166412,35.8365752],[129.5165822,35.8365252],[129.5165146,35.8364674],[129.5164277,35.8365357],[129.5165479,35.8366325],[129.5165601,35.836642],[129.5166412,35.8365752]]]]}},{"type":"Feature","properties":{"UFID":"100035903061A00110100000004495228"},"geometry":{"type":"MultiPolygon","coordinates":[[[[129.5165146,35.8364674],[129.5164621,35.8364226],[129.5163973,35.8363652],[129.5163708,35.8363358],[129.5163447,35.8363037],[129.5162181,35.836342],[129.5163197,35.8364397],[129.5164277,35.8365357],[129.5165146,35.8364674]]]]}},{"type":"Feature","properties":{"UFID":"100035903061A00110100000004495229"},"geometry":{"type":"MultiPolygon","coordinates":[[[[129.5163447,35.8363037],[129.5163222,35.836276],[129.5163196,35.8362709],[129.5161521,35.8362675],[129.5162181,35.836342],[129.5163447,35.8363037]]]]}},{"type":"Feature","properties":{"UFID":"100035903061A00110100000004495230"},"geometry":{"type":"MultiPolygon","coordinates":[[[[129.5180185,35.8379084],[129.51799,35.8378192],[129.5178645,35.8378398],[129.5178719,35.8378779],[129.5178873,35.8379833],[129.5180185,35.8379084]]]]}},{"type":"Feature","properties":{"UFID":"100035903061A00110100000004495231"},"geometry":{"type":"MultiPolygon","coordinates":[[[[129.5175313,35.8401187],[129.5173383,35.8400977],[129.517348,35.8401163],[129.5175229,35.8401365],[129.5175313,35.8401187]]]]}},{"type":"Feature","properties":{"UFID":"100035903061A00110100000004495232"},"geometry":{"type":"MultiPolygon","coordinates":[[[[129.5175767,35.8400231],[129.5173781,35.8399912],[129.5173383,35.8400977],[129.5175313,35.8401187],[129.5175767,35.8400231]]]]}},{"type":"Feature","properties":{"UFID":"100035903061A00110100000004495233"},"geometry":{"type":"MultiPolygon","coordinates":[[[[129.5175229,35.8401365],[129.517348,35.8401163],[129.5173622,35.8401436],[129.5173647,35.8401618],[129.5175028,35.8401982],[129.5175229,35.8401365]]]]}},{"type":"Feature","properties":{"UFID":"100035903061A00110100000004495234"},"geometry":{"type":"MultiPolygon","coordinates":[[[[129.5179709,35.8392194],[129.5178062,35.8392118],[129.5177824,35.8392711],[129.5176935,35.8394839],[129.5176148,35.8396382],[129.5175516,35.8397641],[129.5174594,35.8399512],[129.5174479,35.8399609],[129.5174192,35.8399767],[129.5173781,35.8399912],[129.5175767,35.8400231],[129.5176496,35.8398697],[129.5177318,35.8396802],[129.5178133,35.8395013],[129.5178805,35.8393524],[129.517905,35.8393601],[129.5179709,35.8392194]]]]}},{"type":"Feature","properties":{"UFID":"100035903061A00110100000004495238"},"geometry":{"type":"MultiPolygon","coordinates":[[[[129.5164397,35.8414851],[129.5164132,35.8414723],[129.5164348,35.8414888],[129.5164397,35.8414851]]]]}},{"type":"Feature","properties":{"UFID":"100035903061A00110100000004495239"},"geometry":{"type":"MultiPolygon","coordinates":[[[[129.5165141,35.8414065],[129.5164292,35.8413549],[129.516409,35.8413745],[129.5164011,35.8413794],[129.5163958,35.8413812],[129.516362,35.841394],[129.5163397,35.8414165],[129.5164132,35.8414723],[129.5164397,35.8414851],[129.5165141,35.8414065]]]]}},{"type":"Feature","properties":{"UFID":"100035903061A00110100000004495240"},"geometry":{"type":"MultiPolygon","coordinates":[[[[129.5172707,35.8407239],[129.5171166,35.8406693],[129.5170914,35.8407034],[129.5170846,35.8407114],[129.5172388,35.8407675],[129.5172707,35.8407239]]]]}},{"type":"Feature","properties":{"UFID":"100035903061A00110100000004495241"},"geometry":{"type":"MultiPolygon","coordinates":[[[[129.5175028,35.8401982],[129.5173647,35.8401618],[129.5173629,35.8401745],[129.5173548,35.840197],[129.5173407,35.8402402],[129.5173017,35.8403298],[129.5172677,35.8404162],[129.517218,35.8405173],[129.517168,35.8405997],[129.5171166,35.8406693],[129.5172707,35.8407239],[129.5174012,35.8404981],[129.5174598,35.8403668],[129.5174304,35.8403559],[129.5174989,35.8402045],[129.5175028,35.8401982]]]]}},{"type":"Feature","properties":{"UFID":"100035903061A00110100000004495242"},"geometry":{"type":"MultiPolygon","coordinates":[[[[129.5172388,35.8407675],[129.5170846,35.8407114],[129.5169943,35.840817],[129.5169248,35.8408914],[129.5168546,35.8409577],[129.5168147,35.8410095],[129.5166908,35.8411147],[129.5165869,35.8412048],[129.5164778,35.8413078],[129.5164292,35.8413549],[129.5165141,35.8414065],[129.5165242,35.8413974],[129.5165683,35.8413576],[129.516674,35.8412621],[129.5168129,35.8411482],[129.5168358,35.8411302],[129.5169796,35.8410456],[129.516993,35.8410356],[129.5170614,35.8409586],[129.5171664,35.840851],[129.5172044,35.8408196],[129.5172388,35.8407675]]]]}},{"type":"Feature","properties":{"UFID":"100035903061A00110100000004495243"},"geometry":{"type":"MultiPolygon","coordinates":[[[[129.5180008,35.8391436],[129.517828,35.8391033],[129.5178279,35.8391575],[129.5178062,35.8392118],[129.5179709,35.8392194],[129.5180008,35.8391436]]]]}},{"type":"Feature","properties":{"UFID":"100035903061A00110100000004495244"},"geometry":{"type":"MultiPolygon","coordinates":[[[[129.5180641,35.8388989],[129.5178702,35.8388555],[129.517859,35.838905],[129.5180521,35.8389558],[129.5180641,35.8388989]]]]}},{"type":"Feature","properties":{"UFID":"100035903061A00110100000004495245"},"geometry":{"type":"MultiPolygon","coordinates":[[[[129.5180521,35.8389558],[129.517859,35.838905],[129.5178282,35.8390399],[129.517828,35.8391033],[129.5180008,35.8391436],[129.5180024,35.8391344],[129.5180501,35.8389655],[129.5180521,35.8389558]]]]}},{"type":"Feature","properties":{"UFID":"100035903061A00110100000004495246"},"geometry":{"type":"MultiPolygon","coordinates":[[[[129.5102163,35.8272229],[129.5102116,35.8272207],[129.5102068,35.8272145],[129.5100044,35.8272281],[129.5100369,35.8272605],[129.5101271,35.8273156],[129.5102163,35.8272229]]]]}},{"type":"Feature","properties":{"UFID":"100035903061A00110100000004495456"},"geometry":{"type":"MultiPolygon","coordinates":[[[[129.5094661,35.8250584],[129.509323,35.8251391],[129.5093334,35.8251565],[129.5093623,35.8252221],[129.5093719,35.8252647],[129.5093763,35.8253108],[129.5093771,35.8253499],[129.509373,35.8254013],[129.5093537,35.8254624],[129.509506,35.8254708],[129.5095151,35.8254225],[129.5095212,35.8254089],[129.5095212,35.825393],[129.5095154,35.825294],[129.5095088,35.8251991],[129.5095057,35.8251678],[129.5094975,35.8251267],[129.5094894,35.8251072],[129.5094808,35.8250851],[129.5094694,35.8250659],[129.5094668,35.8250619],[129.5094661,35.8250584]]]]}},{"type":"Feature","properties":{"UFID":"100035903061A00110100000004495457"},"geometry":{"type":"MultiPolygon","coordinates":[[[[129.5094661,35.8250584],[129.5094403,35.8250162],[129.5092945,35.8250912],[129.509323,35.8251391],[129.5094661,35.8250584]]]]}},{"type":"Feature","properties":{"UFID":"100035903071A00110100000004495458"},"geometry":{"type":"MultiPolygon","coordinates":[[[[129.5094403,35.8250162],[129.5094254,35.8250037],[129.509422,35.8250006],[129.5094214,35.825],[129.5093879,35.8249692],[129.5093598,35.824948],[129.5093164,35.8249131],[129.5092618,35.8248744],[129.5092166,35.8248434],[129.5091485,35.8248014],[129.5090607,35.8247479],[129.5089019,35.824644],[129.5088083,35.8245766],[129.5087001,35.82449],[129.5085754,35.8243804],[129.5083998,35.8242088],[129.5083085,35.8241211],[129.5082441,35.8240535],[129.5081579,35.8239301],[129.508075,35.8237866],[129.5080668,35.8237549],[129.5080589,35.823703],[129.5078946,35.8237263],[129.5079453,35.8238068],[129.507976,35.8238398],[129.5080418,35.8239603],[129.5080889,35.8240363],[129.5081339,35.8241029],[129.5081908,35.8241727],[129.5082461,35.824244],[129.508298,35.8242978],[129.5083272,35.8243276],[129.508377,35.8243789],[129.5084531,35.8244537],[129.5085581,35.8245374],[129.5086424,35.8246009],[129.5087429,35.8246703],[129.5088316,35.8247328],[129.5089543,35.8248111],[129.5091092,35.824908],[129.5091772,35.8249596],[129.5091854,35.8249676],[129.5091937,35.824974],[129.5092211,35.8249981],[129.5092231,35.825],[129.5092237,35.8250006],[129.5092355,35.8250122],[129.5092884,35.8250812],[129.5092945,35.8250912],[129.5094403,35.8250162]]]]}},{"type":"Feature","properties":{"UFID":"100035903061A00110100000004495463"},"geometry":{"type":"MultiPolygon","coordinates":[[[[129.5201257,35.8378176],[129.5200314,35.8377729],[129.5199379,35.8378488],[129.5200319,35.8378994],[129.5201257,35.8378176]]]]}},{"type":"Feature","properties":{"UFID":"100035903061A00110100000004495464"},"geometry":{"type":"MultiPolygon","coordinates":[[[[129.5200314,35.8377729],[129.5201257,35.8378176],[129.520383,35.8376487],[129.5203338,35.8375999],[129.5200626,35.8377698],[129.5200314,35.8377729]]]]}},{"type":"Feature","properties":{"UFID":"100035903061A00110100000004495465"},"geometry":{"type":"MultiPolygon","coordinates":[[[[129.509803,35.8272595],[129.5097869,35.8272359],[129.5097778,35.8272399],[129.5096938,35.8272847],[129.5096235,35.8273214],[129.509598,35.827339],[129.509546,35.8273749],[129.5095256,35.8274072],[129.5095502,35.8274171],[129.5095647,35.8273975],[129.5096194,35.8273596],[129.5096433,35.8273432],[129.5097119,35.8273073],[129.5097949,35.8272631],[129.509803,35.8272595]]]]}},{"type":"Feature","properties":{"UFID":"100035903061A00110100000004495466"},"geometry":{"type":"MultiPolygon","coordinates":[[[[129.5077981,35.8281893],[129.507774,35.8281701],[129.5077596,35.8281821],[129.5077551,35.8281865],[129.5077228,35.8282731],[129.5076765,35.8284022],[129.5076359,35.8285255],[129.5076206,35.8286136],[129.5076116,35.828656],[129.5075945,35.8287056],[129.5075742,35.82875],[129.5075352,35.828838],[129.5075097,35.8289256],[129.5074955,35.8289842],[129.5074786,35.8290326],[129.5074436,35.8291045],[129.5074258,35.8291346],[129.5074146,35.8291553],[129.5074074,35.8291899],[129.5074065,35.8292344],[129.5074073,35.8292412],[129.5074114,35.8292629],[129.5074173,35.8292929],[129.5074262,35.8293168],[129.5074361,35.8293441],[129.5074702,35.8293816],[129.5074837,35.8293655],[129.5074547,35.8293328],[129.5074424,35.8293093],[129.507436,35.8292848],[129.5074321,35.8292493],[129.507431,35.8291971],[129.507437,35.829168],[129.5074408,35.8291602],[129.5074518,35.8291294],[129.5074736,35.8290801],[129.5075035,35.829023],[129.5075153,35.8289893],[129.5075279,35.8289329],[129.5075384,35.8288893],[129.5075505,35.8288473],[129.507571,35.8287956],[129.5076078,35.8287241],[129.5076269,35.8286808],[129.5076452,35.8286246],[129.5076586,35.8285589],[129.5076821,35.828484],[129.5077112,35.828399],[129.5077379,35.8283249],[129.5077627,35.8282381],[129.5077724,35.8282173],[129.5077981,35.8281893]]]]}},{"type":"Feature","properties":{"UFID":"100035903061A00110100000004495467"},"geometry":{"type":"MultiPolygon","coordinates":[[[[129.5178486,35.8366304],[129.517883,35.8366659],[129.5187848,35.8361762],[129.5187541,35.8361387],[129.5178486,35.8366304]]]]}},{"type":"Feature","properties":{"UFID":"100035903061A00110100000004495468"},"geometry":{"type":"MultiPolygon","coordinates":[[[[129.5175966,35.8369657],[129.5174648,35.8368792],[129.5172928,35.8367575],[129.5171123,35.8366173],[129.5170073,35.8365487],[129.5169251,35.8365068],[129.5168938,35.8364797],[129.5168051,35.8363487],[129.5167715,35.8363034],[129.5167146,35.8362541],[129.5166305,35.8362129],[129.5165809,35.83619],[129.5163476,35.8361201],[129.5160554,35.8360243],[129.5163196,35.8362709],[129.5163269,35.8362631],[129.5163746,35.8362458],[129.5164179,35.8362324],[129.5164448,35.8362303],[129.5164689,35.8362307],[129.5164966,35.8362319],[129.5165238,35.8362386],[129.5165991,35.8362655],[129.5166762,35.8363045],[129.516697,35.8363203],[129.5167095,35.8363367],[129.5167429,35.8363736],[129.5167951,35.8364384],[129.5168027,35.8364497],[129.5168215,35.8364666],[129.5168496,35.8364899],[129.5168695,35.8365026],[129.5169224,35.8365475],[129.5170641,35.8366337],[129.5172249,35.8367616],[129.5173545,35.8368574],[129.5174526,35.8369326],[129.5174925,35.8369632],[129.5175546,35.8370108],[129.5175966,35.8369657]]]]}},{"type":"Feature","properties":{"UFID":"100035903061A00110100000004495469"},"geometry":{"type":"MultiPolygon","coordinates":[[[[129.5176451,35.8368476],[129.5175981,35.8368112],[129.5175502,35.8367575],[129.5174772,35.8366667],[129.5174289,35.8366073],[129.5173947,35.8365546],[129.5173702,35.8365009],[129.5173334,35.8364205],[129.5173049,35.8363436],[129.5172727,35.8362575],[129.5172662,35.8362344],[129.5172655,35.8362277],[129.5172644,35.8362089],[129.5172637,35.8361946],[129.5172631,35.8361403],[129.517262,35.8361392],[129.5172477,35.8361416],[129.5172336,35.8361662],[129.5172319,35.8361669],[129.5171462,35.8361472],[129.5171171,35.8361354],[129.517062,35.8360987],[129.5170409,35.8360842],[129.5168416,35.8359368],[129.5167291,35.8359067],[129.5166711,35.8358853],[129.5165706,35.8358481],[129.5164452,35.8357883],[129.5163938,35.8357489],[129.5163064,35.8356757],[129.5162955,35.8356611],[129.5162375,35.8355999],[129.5161756,35.8355172],[129.5161314,35.8354577],[129.5160521,35.8353399],[129.5159582,35.8352256],[129.5159547,35.835219],[129.5157019,35.8349796],[129.5156817,35.8349868],[129.5155795,35.8350333],[129.5155437,35.8350481],[129.5155368,35.8350478],[129.5155332,35.8350455],[129.5155036,35.8350971],[129.5155458,35.8350777],[129.5155878,35.8350501],[129.5156955,35.8349996],[129.5158155,35.8351156],[129.515942,35.8352402],[129.5159547,35.835249],[129.5160309,35.8353559],[129.5160233,35.8353588],[129.5160974,35.8354766],[129.5161823,35.8355786],[129.5162732,35.8356922],[129.516337,35.8357452],[129.5164082,35.8358034],[129.5164983,35.8358446],[129.5165646,35.835874],[129.516671,35.8359086],[129.5166893,35.8359158],[129.5167609,35.8359379],[129.5167796,35.8359391],[129.5168334,35.8359561],[129.5170249,35.8360978],[129.5171188,35.8361598],[129.5171289,35.8361629],[129.5171546,35.8361695],[129.5172295,35.8361887],[129.5172304,35.8361907],[129.5172385,35.8362418],[129.5172404,35.83625],[129.5172858,35.8363738],[129.5173386,35.8365011],[129.5173839,35.8365872],[129.5174208,35.8366358],[129.5174438,35.8366652],[129.5175823,35.8368339],[129.5176495,35.8369137],[129.5176451,35.8368476]]]]}},{"type":"Feature","properties":{"UFID":"100035903061A00110100000004495470"},"geometry":{"type":"MultiPolygon","coordinates":[[[[129.5184999,35.8374662],[129.5184299,35.8374458],[129.5184279,35.8374438],[129.5184418,35.8374171],[129.5184416,35.8374116],[129.5184352,35.8373972],[129.5183551,35.8373667],[129.5183526,35.8373687],[129.5183326,35.8373895],[129.51833,35.8373895],[129.5183236,35.8373871],[129.5182826,35.8373653],[129.5181854,35.8373098],[129.5180923,35.8372505],[129.5180473,35.8372231],[129.5179503,35.8371723],[129.5179066,35.8371443],[129.5179041,35.8371443],[129.5178938,35.8371554],[129.5178927,35.8371556],[129.5178329,35.8371217],[129.5177182,35.8370566],[129.5176962,35.8370433],[129.5176489,35.8370838],[129.5176789,35.837107],[129.5177149,35.8371318],[129.5177818,35.8371682],[129.517946,35.837249],[129.5180388,35.8372929],[129.5181055,35.8373473],[129.5182298,35.8374292],[129.518388,35.8375045],[129.5184765,35.8375336],[129.5184999,35.8374662]]]]}},{"type":"Feature","properties":{"UFID":"100035903061A00110100000004495471"},"geometry":{"type":"MultiPolygon","coordinates":[[[[129.5177227,35.8413793],[129.5176877,35.8413656],[129.5176805,35.8413754],[129.5175948,35.8414973],[129.5175009,35.8415501],[129.5174386,35.8416079],[129.5173971,35.8416666],[129.5173437,35.8417472],[129.5173216,35.8417654],[129.5173862,35.8417662],[129.5174144,35.8417126],[129.517431,35.841682],[129.5174703,35.8416264],[129.5175269,35.8415739],[129.517624,35.8415192],[129.5177139,35.8413913],[129.5177227,35.8413793]]]]}},{"type":"Feature","properties":{"UFID":"100035903061A00110100000004495472"},"geometry":{"type":"MultiPolygon","coordinates":[[[[129.5173862,35.8417662],[129.5173216,35.8417654],[129.5173061,35.841772],[129.5172882,35.8417782],[129.5172292,35.8417831],[129.5173613,35.8418593],[129.5173862,35.8417662]]]]}},{"type":"Feature","properties":{"UFID":"100035903061A00110100000004495473"},"geometry":{"type":"MultiPolygon","coordinates":[[[[129.5180049,35.8414976],[129.5179559,35.8414778],[129.5179456,35.8414901],[129.5179062,35.841544],[129.5179539,35.8415672],[129.5180049,35.8414976]]]]}},{"type":"Feature","properties":{"UFID":"100035903061A00110100000004495474"},"geometry":{"type":"MultiPolygon","coordinates":[[[[129.5189817,35.8391427],[129.5190064,35.8391005],[129.5190004,35.8391023],[129.5188341,35.8391173],[129.5187125,35.8391282],[129.5186894,35.8391283],[129.5187231,35.8391668],[129.5187404,35.8391635],[129.5189671,35.8391395],[129.5189817,35.8391427]]]]}},{"type":"Feature","properties":{"UFID":"100035903061A00110100000004495475"},"geometry":{"type":"MultiPolygon","coordinates":[[[[129.5187072,35.8400615],[129.5186777,35.8400594],[129.5186346,35.8400533],[129.5186006,35.8400438],[129.5185469,35.8400198],[129.5185049,35.8400034],[129.5184964,35.8399956],[129.518495,35.8399887],[129.518497,35.8399393],[129.518451,35.8399327],[129.5184481,35.8399926],[129.5184471,35.8400043],[129.5184485,35.8400077],[129.51845,35.8400109],[129.5184523,35.8400142],[129.5184567,35.8400187],[129.5184765,35.8400329],[129.5185235,35.8400395],[129.5186197,35.8400649],[129.5186472,35.8400818],[129.5186865,35.8401049],[129.5187072,35.8400615]]]]}},{"type":"Feature","properties":{"UFID":"100035903061A00110100000004495476"},"geometry":{"type":"MultiPolygon","coordinates":[[[[129.5182745,35.8406754],[129.5182401,35.8406744],[129.5181345,35.8406698],[129.517985,35.8406686],[129.517881,35.8406646],[129.5178737,35.8406626],[129.5178661,35.8406575],[129.517861,35.84065],[129.5178573,35.8406376],[129.5178538,35.8406173],[129.517852,35.8405055],[129.5178494,35.8404275],[129.5178509,35.8404176],[129.5178241,35.8404157],[129.5178251,35.8404186],[129.5178303,35.8404496],[129.5178351,35.8405163],[129.5178277,35.8406289],[129.5178283,35.8406413],[129.5178289,35.8406475],[129.5178302,35.8406545],[129.5178336,35.8406616],[129.51784,35.8406689],[129.5178447,35.8406739],[129.5178505,35.8406782],[129.517867,35.8406836],[129.5179138,35.8406876],[129.5179881,35.8406872],[129.5180941,35.8406878],[129.51819,35.8406939],[129.5182012,35.8406957],[129.5182086,35.8406984],[129.5182745,35.8406754]]]]}},{"type":"Feature","properties":{"UFID":"100035903061A00110100000004495477"},"geometry":{"type":"MultiPolygon","coordinates":[[[[129.5181729,35.8412484],[129.5180134,35.8412602],[129.5180376,35.8412689],[129.5180432,35.841276],[129.5180469,35.8412819],[129.5180489,35.8412938],[129.5180544,35.8413374],[129.5180275,35.8413771],[129.5179692,35.841459],[129.5180171,35.8414806],[129.5180762,35.8413948],[129.5181212,35.8413318],[129.5181729,35.8412484]]]]}},{"type":"Feature","properties":{"UFID":"100035903061A00110100000004495478"},"geometry":{"type":"MultiPolygon","coordinates":[[[[129.5180134,35.8412602],[129.5179532,35.8412049],[129.5179401,35.8412135],[129.5179284,35.8412169],[129.517791,35.8412455],[129.5177656,35.841259],[129.5177086,35.8413369],[129.5177435,35.8413509],[129.5177943,35.8412814],[129.517807,35.8412746],[129.5179214,35.8412499],[129.5179724,35.8412518],[129.5180051,35.8412573],[129.5180134,35.8412602]]]]}},{"type":"Feature","properties":{"UFID":"100035903061A00110100000004495479"},"geometry":{"type":"MultiPolygon","coordinates":[[[[129.5183024,35.8410463],[129.5182494,35.8411294],[129.5183601,35.841177],[129.518405,35.8410827],[129.5183449,35.8410614],[129.5183024,35.8410463]]]]}},{"type":"Feature","properties":{"UFID":"100035903061A00110100000004495480"},"geometry":{"type":"MultiPolygon","coordinates":[[[[129.5191417,35.8379465],[129.5191202,35.8378423],[129.5191008,35.8377864],[129.5190926,35.8377756],[129.5190801,35.8377667],[129.5190432,35.83775],[129.5189423,35.8376761],[129.5189381,35.8376673],[129.5189287,35.8376553],[129.5189266,35.8376258],[129.5187715,35.8376003],[129.5188952,35.8376602],[129.5188958,35.837662],[129.518924,35.8377188],[129.5190001,35.8377602],[129.5190497,35.837785],[129.5190695,35.8377949],[129.519073,35.8377977],[129.519074,35.837799],[129.5190756,35.837802],[129.5190876,35.8378474],[129.5191094,35.8379529],[129.5191417,35.8379465]]]]}},{"type":"Feature","properties":{"UFID":"100035903061A00110100000004495481"},"geometry":{"type":"MultiPolygon","coordinates":[[[[129.5189217,35.8375067],[129.5188052,35.8374982],[129.5187702,35.8374951],[129.5187715,35.8376003],[129.5189266,35.8376258],[129.5189217,35.8375067]]]]}},{"type":"Feature","properties":{"UFID":"100035903061A00110100000004495482"},"geometry":{"type":"MultiPolygon","coordinates":[[[[129.5187702,35.8374951],[129.5186957,35.8374886],[129.5185494,35.8374745],[129.5185327,35.8374717],[129.5185039,35.83754],[129.5187715,35.8376003],[129.5187702,35.8374951]]]]}},{"type":"Feature","properties":{"UFID":"100035903061A00110100000004495483"},"geometry":{"type":"MultiPolygon","coordinates":[[[[129.5191289,35.838703],[129.5190954,35.8387024],[129.519085,35.8387567],[129.5190833,35.8387674],[129.519051,35.8389306],[129.5190441,35.8389632],[129.5190239,35.839065],[129.5190606,35.8390709],[129.5190981,35.8389366],[129.5191189,35.8388129],[129.5191276,35.8387259],[129.5191289,35.838703]]]]}},{"type":"Feature","properties":{"UFID":"100035903061A00110100000004495485"},"geometry":{"type":"MultiPolygon","coordinates":[[[[129.5138025,35.8371379],[129.5137884,35.8371374],[129.5137773,35.8371351],[129.5137738,35.8371327],[129.5137529,35.8371657],[129.5137635,35.8371812],[129.5138025,35.8371379]]]]}},{"type":"Feature","properties":{"UFID":"100035903061A00110100000004495486"},"geometry":{"type":"MultiPolygon","coordinates":[[[[129.5201257,35.8378176],[129.5200319,35.8378994],[129.5200457,35.8379433],[129.5199457,35.8381048],[129.5198666,35.8382363],[129.5198138,35.838296],[129.5195999,35.8385478],[129.5194732,35.8387321],[129.5192638,35.8390505],[129.5192258,35.8391003],[129.5192776,35.8391088],[129.5192796,35.8391025],[129.519298,35.8390832],[129.5194065,35.8389315],[129.5194317,35.8388963],[129.5196225,35.8386108],[129.5198171,35.8383645],[129.5199072,35.8382621],[129.5200874,35.8379788],[129.5200948,35.8379583],[129.5201257,35.8378176]]]]}},{"type":"Feature","properties":{"UFID":"100035903061A00110100000004495487"},"geometry":{"type":"MultiPolygon","coordinates":[[[[129.5200314,35.8377729],[129.5199782,35.8377661],[129.519943,35.8377542],[129.5199023,35.8377295],[129.5198212,35.8376622],[129.5196758,35.8375846],[129.5196183,35.8375574],[129.5196002,35.8376639],[129.5196274,35.8376668],[129.5198252,35.8377881],[129.5199379,35.8378488],[129.5200314,35.8377729]]]]}},{"type":"Feature","properties":{"UFID":"100035903061A00110100000004495489"},"geometry":{"type":"MultiPolygon","coordinates":[[[[129.5106538,35.8271355],[129.5106112,35.8271725],[129.5106466,35.8271776],[129.5107535,35.8272182],[129.510887,35.8272749],[129.5109745,35.8273219],[129.5111045,35.8274002],[129.5112619,35.8274928],[129.5112879,35.8275038],[129.5113043,35.8275091],[129.5113173,35.8275114],[129.5113321,35.8275119],[129.511352,35.8275063],[129.5113687,35.8274926],[129.5113788,35.8274698],[129.5114249,35.8273542],[129.5117291,35.8265353],[129.5117215,35.8262992],[129.5116547,35.8261204],[129.5116176,35.8261295],[129.5116829,35.8263043],[129.5116902,35.8265311],[129.511388,35.8273448],[129.5113592,35.8274168],[129.5113542,35.8274218],[129.5113505,35.827425],[129.5113484,35.8274259],[129.5113459,35.8274257],[129.5111279,35.8273681],[129.5111244,35.8273664],[129.5110943,35.8273452],[129.5110319,35.8273038],[129.5109571,35.8272611],[129.5109118,35.8272393],[129.5108585,35.8272156],[129.5107746,35.8271794],[129.5106866,35.8271491],[129.5106632,35.8271398],[129.5106538,35.8271355]]]]}},{"type":"Feature","properties":{"UFID":"100035903061A00110100000004495490"},"geometry":{"type":"MultiPolygon","coordinates":[[[[129.5093537,35.8254624],[129.5093516,35.8254643],[129.5093369,35.8254682],[129.5092928,35.8254708],[129.5091019,35.8254558],[129.5090886,35.8254408],[129.5090709,35.8254996],[129.5092635,35.8255149],[129.5093266,35.8255216],[129.5093438,35.825526],[129.5093537,35.8254624]]]]}},{"type":"Feature","properties":{"UFID":"100035903061A00110100000004495491"},"geometry":{"type":"MultiPolygon","coordinates":[[[[129.5101084,35.8254804],[129.5100306,35.8254522],[129.5099384,35.8254865],[129.5100707,35.8255804],[129.5101047,35.8254912],[129.5101084,35.8254804]]]]}},{"type":"Feature","properties":{"UFID":"100035903061A00110100000004495492"},"geometry":{"type":"MultiPolygon","coordinates":[[[[129.5099841,35.8258093],[129.5099878,35.8257983],[129.5100707,35.8255804],[129.5099384,35.8254865],[129.5099405,35.8256098],[129.5099403,35.8256596],[129.5099403,35.8256653],[129.5099211,35.8257455],[129.5098989,35.8257924],[129.5098895,35.8258112],[129.5099841,35.8258093]]]]}},{"type":"Feature","properties":{"UFID":"100035903061A00110100000004495493"},"geometry":{"type":"MultiPolygon","coordinates":[[[[129.5098895,35.8258112],[129.5098756,35.8258232],[129.5098414,35.8258327],[129.5097102,35.8258378],[129.5096052,35.8258273],[129.5095676,35.8258204],[129.5095014,35.8257992],[129.5094801,35.8257909],[129.5094732,35.8257836],[129.5095177,35.8258911],[129.5095224,35.8258878],[129.5095326,35.8258864],[129.5096395,35.8258794],[129.5097592,35.8258679],[129.5098133,35.8258614],[129.5098428,35.8258659],[129.5098813,35.8258785],[129.5099004,35.8258916],[129.5098895,35.8258112]]]]}},{"type":"Feature","properties":{"UFID":"100035903061A00110100000004495494"},"geometry":{"type":"MultiPolygon","coordinates":[[[[129.5099804,35.8258874],[129.5099767,35.8258475],[129.5099771,35.8258359],[129.5099774,35.8258331],[129.5099791,35.8258246],[129.5099841,35.8258093],[129.5098895,35.8258112],[129.5099004,35.8258916],[129.5099804,35.8258874]]]]}},{"type":"Feature","properties":{"UFID":"100035903061A00110100000004495495"},"geometry":{"type":"MultiPolygon","coordinates":[[[[129.5105754,35.8270911],[129.5104599,35.827011],[129.5104466,35.8269959],[129.5104361,35.8269817],[129.5104255,35.8269646],[129.5103546,35.8268252],[129.5103272,35.8267561],[129.5103185,35.8266978],[129.5103215,35.8266488],[129.510322,35.8266213],[129.51033,35.8265347],[129.5103288,35.8264366],[129.5103379,35.8263911],[129.5103369,35.8263733],[129.5103358,35.8263671],[129.5103331,35.8263588],[129.5103244,35.8263409],[129.5102993,35.826317],[129.5102877,35.8262924],[129.5102754,35.8262758],[129.5102466,35.8262503],[129.5101531,35.8261704],[129.510064,35.8260936],[129.5100296,35.8260619],[129.510019,35.8260491],[129.510013,35.8260371],[129.5100026,35.8260002],[129.5099818,35.8259019],[129.5099804,35.8258874],[129.5099004,35.8258916],[129.5099148,35.8259071],[129.5099228,35.8259251],[129.5099328,35.8259567],[129.5099378,35.825981],[129.5099477,35.8260086],[129.5099632,35.8260423],[129.5099802,35.8260733],[129.5100044,35.8260998],[129.5100262,35.8261206],[129.5102148,35.8262916],[129.5102721,35.826353],[129.5102763,35.826359],[129.5102792,35.8263689],[129.5102837,35.8264064],[129.5102825,35.8264273],[129.5102747,35.8265316],[129.5102667,35.8266193],[129.5102662,35.8266468],[129.5102654,35.8266625],[129.5102698,35.8267429],[129.5102805,35.8267833],[129.5102906,35.826819],[129.5103686,35.8269743],[129.5104221,35.8270461],[129.510521,35.8271376],[129.5105754,35.8270911]]]]}},{"type":"Feature","properties":{"UFID":"100035903061A00110100000004495496"},"geometry":{"type":"MultiPolygon","coordinates":[[[[129.5094478,35.8261051],[129.5093413,35.8259749],[129.5093368,35.8260109],[129.5093311,35.8260167],[129.5092669,35.8260675],[129.5093013,35.8261527],[129.5093157,35.8261321],[129.5093402,35.8261143],[129.5093702,35.8261064],[129.5094417,35.8261044],[129.5094478,35.8261051]]]]}},{"type":"Feature","properties":{"UFID":"100035903061A00110100000004495497"},"geometry":{"type":"MultiPolygon","coordinates":[[[[129.5093013,35.8261527],[129.5092669,35.8260675],[129.5092256,35.8261],[129.5092214,35.8261115],[129.5092106,35.8261201],[129.5092258,35.8261639],[129.5093013,35.8261527]]]]}},{"type":"Feature","properties":{"UFID":"100035903061A00110100000004495498"},"geometry":{"type":"MultiPolygon","coordinates":[[[[129.5093013,35.8261527],[129.5092258,35.8261639],[129.5092311,35.8261672],[129.5092196,35.8262055],[129.5092318,35.8262404],[129.509287,35.8262349],[129.5092984,35.8261771],[129.5093013,35.8261527]]]]}},{"type":"Feature","properties":{"UFID":"100035903061A00110100000004495499"},"geometry":{"type":"MultiPolygon","coordinates":[[[[129.5092258,35.8261639],[129.5092106,35.8261201],[129.5092069,35.826123],[129.5091948,35.8261306],[129.5091771,35.8261368],[129.5091599,35.8261393],[129.5090525,35.8261453],[129.5089625,35.8261468],[129.5089038,35.826155],[129.5088971,35.826157],[129.5088899,35.8261598],[129.5087816,35.826224],[129.5087145,35.8262676],[129.5087408,35.826294],[129.5088439,35.8262249],[129.5089045,35.8261921],[129.5090188,35.8261951],[129.5090972,35.8261987],[129.5091421,35.8262004],[129.5091806,35.8261895],[129.5091877,35.8261834],[129.5091932,35.826179],[129.5091986,35.8261759],[129.509208,35.8261737],[129.509212,35.8261703],[129.5092258,35.8261639]]]]}},{"type":"Feature","properties":{"UFID":"100035903061A00110100000004495510"},"geometry":{"type":"MultiPolygon","coordinates":[[[[129.5054204,35.8374953],[129.5054256,35.8374542],[129.5054166,35.8374541],[129.5053399,35.8374457],[129.5051636,35.8374111],[129.50493,35.8373498],[129.5047639,35.8373053],[129.5047094,35.8372867],[129.5046031,35.8372448],[129.5044563,35.837191],[129.5044028,35.8371776],[129.5043404,35.8371693],[129.5042784,35.8371679],[129.5041896,35.8371722],[129.5040853,35.8371844],[129.5039083,35.83722],[129.5037006,35.837261],[129.5036714,35.8372648],[129.503668,35.8372649],[129.5035981,35.8372688],[129.5034772,35.8372719],[129.5034193,35.8372673],[129.5033209,35.8372538],[129.5032484,35.837257],[129.5031954,35.837266],[129.5031372,35.8372822],[129.5030771,35.8373125],[129.503004,35.837358],[129.5029104,35.8374266],[129.5027844,35.8375316],[129.5026835,35.8376134],[129.5026039,35.8376709],[129.5025398,35.8377081],[129.5024912,35.8377246],[129.5024136,35.8377393],[129.5023053,35.8377507],[129.5022286,35.8377554],[129.5021575,35.8377535],[129.5021466,35.8377529],[129.5021225,35.837784],[129.5021554,35.8377859],[129.5022295,35.8377879],[129.5023093,35.837783],[129.5024206,35.8377713],[129.5025035,35.8377556],[129.5025593,35.8377367],[129.5026288,35.8376963],[129.5027108,35.837637],[129.5028127,35.8375544],[129.502938,35.83745],[129.5030295,35.837383],[129.5030997,35.8373392],[129.5031543,35.8373117],[129.503206,35.8372973],[129.5032536,35.8372892],[129.5033186,35.8372864],[129.5033668,35.837293],[129.503418,35.8373189],[129.5035412,35.8373268],[129.5035879,35.8373015],[129.5036001,35.8373012],[129.5036702,35.8372973],[129.5036754,35.8372971],[129.5037085,35.8372929],[129.5039178,35.8372515],[129.5040929,35.8372162],[129.5041937,35.8372045],[129.504279,35.8372003],[129.5043367,35.8372017],[129.5043937,35.8372092],[129.5044422,35.8372214],[129.5045863,35.8372742],[129.504693,35.8373163],[129.5047499,35.8373358],[129.5049177,35.8373807],[129.5051528,35.8374423],[129.5053326,35.8374776],[129.5053998,35.837485],[129.5054204,35.8374953]]]]}},{"type":"Feature","properties":{"UFID":"100035903061A00110100000004495514"},"geometry":{"type":"MultiPolygon","coordinates":[[[[129.5017203,35.8374896],[129.5016175,35.8373792],[129.501608,35.8374316],[129.5016872,35.8375078],[129.5017203,35.8374896]]]]}},{"type":"Feature","properties":{"UFID":"100035903061A00110100000004495515"},"geometry":{"type":"MultiPolygon","coordinates":[[[[129.5021466,35.8377529],[129.5021215,35.8377514],[129.5020906,35.8377443],[129.5020701,35.8377364],[129.5020377,35.8377681],[129.5021225,35.837784],[129.5021466,35.8377529]]]]}},{"type":"Feature","properties":{"UFID":"100035903061A00110100000004495516"},"geometry":{"type":"MultiPolygon","coordinates":[[[[129.5021225,35.837784],[129.5020377,35.8377681],[129.502046,35.8377798],[129.5020471,35.8377886],[129.5020442,35.8378031],[129.5019515,35.8379021],[129.5019376,35.8379247],[129.501915,35.8380061],[129.5019474,35.8380121],[129.5019691,35.8379339],[129.5019798,35.8379165],[129.5020723,35.8378176],[129.5021225,35.837784]]]]}},{"type":"Feature","properties":{"UFID":"100035903061A00110100000004495517"},"geometry":{"type":"MultiPolygon","coordinates":[[[[129.5020701,35.8377364],[129.5020197,35.8377168],[129.5019544,35.8376855],[129.5018943,35.8376484],[129.5018573,35.8376199],[129.5018017,35.8375735],[129.5017203,35.8374896],[129.5016872,35.8375078],[129.5017717,35.8375949],[129.5018293,35.8376431],[129.5018685,35.8376732],[129.5019322,35.8377125],[129.502001,35.8377455],[129.5020137,35.8377504],[129.5020377,35.8377681],[129.5020701,35.8377364]]]]}},{"type":"Feature","properties":{"UFID":"100035903061A00110100000004495519"},"geometry":{"type":"MultiPolygon","coordinates":[[[[129.5016175,35.8373792],[129.5017203,35.8374896],[129.5016851,35.8374218],[129.501679,35.8374084],[129.5016744,35.8373969],[129.5016535,35.8372707],[129.5016142,35.837276],[129.5016262,35.8373535],[129.5016199,35.8373738],[129.5016175,35.8373792]]]]}},{"type":"Feature","properties":{"UFID":"100035903061A00110100000004495522"},"geometry":{"type":"MultiPolygon","coordinates":[[[[129.5106538,35.8271355],[129.5106123,35.8271166],[129.5105754,35.8270911],[129.510521,35.8271376],[129.5106112,35.8271725],[129.5106538,35.8271355]]]]}},{"type":"Feature","properties":{"UFID":"100035903061A00110100000004495523"},"geometry":{"type":"MultiPolygon","coordinates":[[[[129.5120622,35.8293447],[129.5121012,35.8294374],[129.5121,35.8294236],[129.5121009,35.8294122],[129.5121029,35.8294033],[129.512106,35.829399],[129.5121121,35.8293929],[129.5121274,35.8293818],[129.5121989,35.8293623],[129.5122361,35.8293584],[129.5122462,35.829359],[129.512258,35.8293615],[129.5122804,35.829374],[129.5123178,35.8293494],[129.5122978,35.8293345],[129.5122565,35.8293352],[129.5120663,35.8293471],[129.5120622,35.8293447]]]]}},{"type":"Feature","properties":{"UFID":"100035903061A00110100000004495524"},"geometry":{"type":"MultiPolygon","coordinates":[[[[129.5124439,35.8300714],[129.5124139,35.8300364],[129.5124136,35.8300367],[129.5124097,35.8300444],[129.5124075,35.8300552],[129.5124078,35.8300651],[129.5124111,35.8300828],[129.5124137,35.8301027],[129.5124148,35.830136],[129.5124114,35.8301773],[129.5124101,35.8301915],[129.5124055,35.8302071],[129.5123995,35.8302191],[129.5123832,35.8302406],[129.5123714,35.8302477],[129.5123586,35.8302543],[129.5123284,35.830261],[129.5122534,35.8302687],[129.5121943,35.8302751],[129.5121682,35.8302799],[129.5121522,35.8302844],[129.5121417,35.8302928],[129.5121609,35.8303121],[129.5121795,35.8302978],[129.5121932,35.8302933],[129.5122238,35.8302904],[129.512245,35.83029],[129.5123049,35.8302901],[129.5123371,35.8302862],[129.5123503,35.8302854],[129.5123676,35.8302813],[129.512379,35.8302759],[129.5123927,35.8302682],[129.512408,35.8302578],[129.5124147,35.8302513],[129.5124212,35.8302411],[129.5124291,35.8302279],[129.5124328,35.8302213],[129.512437,35.8302118],[129.5124399,35.8302032],[129.5124428,35.8301843],[129.5124415,35.8301512],[129.5124412,35.8301122],[129.5124397,35.8300966],[129.5124387,35.8300829],[129.5124403,35.8300738],[129.5124439,35.8300714]]]]}},{"type":"Feature","properties":{"UFID":"100035903061A00110100000004495525"},"geometry":{"type":"MultiPolygon","coordinates":[[[[129.5121609,35.8303121],[129.5121417,35.8302928],[129.5121175,35.8303123],[129.5120737,35.8303715],[129.5120461,35.8304047],[129.5120271,35.8304177],[129.5120074,35.8304264],[129.5119819,35.8304347],[129.5119279,35.8304493],[129.5118457,35.8304561],[129.5117935,35.8304648],[129.5117986,35.8304819],[129.5118318,35.8304748],[129.5118745,35.8304692],[129.511934,35.830464],[129.5119844,35.8304537],[129.5120112,35.8304458],[129.5120439,35.830427],[129.5120555,35.8304202],[129.5120813,35.8304014],[129.5120892,35.8303919],[129.5121229,35.8303522],[129.5121549,35.8303167],[129.5121609,35.8303121]]]]}},{"type":"Feature","properties":{"UFID":"100035903061A00110100000004495526"},"geometry":{"type":"MultiPolygon","coordinates":[[[[129.511421,35.8282553],[129.5114207,35.8282606],[129.5114168,35.8282634],[129.5114107,35.8282639],[129.5113664,35.8282461],[129.5112892,35.8282074],[129.5112329,35.8282373],[129.5112445,35.8282359],[129.5112493,35.8282361],[129.5112603,35.8282392],[129.5113162,35.8282664],[129.5113861,35.8282905],[129.5114401,35.8283037],[129.5114584,35.8283065],[129.511421,35.8282553]]]]}},{"type":"Feature","properties":{"UFID":"100035903061A00110100000004495527"},"geometry":{"type":"MultiPolygon","coordinates":[[[[129.5118644,35.8291663],[129.511782,35.8291415],[129.5117649,35.8291376],[129.5117477,35.8291352],[129.5117301,35.8291345],[129.5117163,35.8291344],[129.511611,35.8291322],[129.5115518,35.8291265],[129.5115429,35.8291237],[129.511532,35.8291133],[129.5115254,35.8291012],[129.5115232,35.8290955],[129.5115217,35.8290784],[129.5115223,35.8290674],[129.5115237,35.8290624],[129.5115322,35.8290358],[129.511557,35.8289731],[129.5115655,35.8289522],[129.5115689,35.8289394],[129.5115704,35.8289192],[129.5115708,35.828896],[129.5115682,35.8288687],[129.5115598,35.8287973],[129.5115497,35.8287426],[129.5115434,35.8287187],[129.511535,35.8286965],[129.5115295,35.8286845],[129.5115185,35.8286666],[129.5115028,35.8286479],[129.5114959,35.8286413],[129.5114729,35.8286239],[129.5114499,35.8286102],[129.5114201,35.828594],[129.5113966,35.8285849],[129.511373,35.8285777],[129.5113624,35.8285751],[129.5113369,35.8285723],[129.5113114,35.8285726],[129.5112761,35.8285766],[129.5112442,35.8285811],[129.5112106,35.8285881],[129.5111891,35.8285958],[129.5111562,35.8286061],[129.5111263,35.8286191],[129.5110808,35.8286391],[129.5110521,35.8286515],[129.5110303,35.828661],[129.5110094,35.8286687],[129.5109687,35.8286761],[129.5109402,35.8286757],[129.5108497,35.8286668],[129.5108166,35.8286628],[129.5107886,35.8286617],[129.5107774,35.8286624],[129.5107638,35.8286659],[129.5107498,35.8286711],[129.5107404,35.8286768],[129.5107325,35.828686],[129.5107238,35.8287005],[129.5107191,35.828716],[129.510717,35.8287341],[129.5107176,35.8287502],[129.51072,35.8287614],[129.510771,35.8289099],[129.5108226,35.8290348],[129.5108763,35.8291914],[129.5109234,35.8291792],[129.5108376,35.8289545],[129.5107849,35.8288193],[129.5107694,35.8287733],[129.5107661,35.8287438],[129.5107672,35.8287272],[129.5107689,35.8287195],[129.5107728,35.8287124],[129.5107777,35.8287077],[129.5107833,35.8287043],[129.5107916,35.8287016],[129.510801,35.8287],[129.5108093,35.8286993],[129.5108183,35.8286992],[129.510828,35.8286998],[129.5108511,35.8287055],[129.5108855,35.8287177],[129.5108996,35.8287204],[129.5109163,35.828722],[129.5109291,35.828722],[129.5109437,35.8287215],[129.5109596,35.8287182],[129.5109993,35.8287091],[129.5110719,35.8286802],[129.5111506,35.8286439],[129.5112011,35.8286245],[129.5112699,35.8286119],[129.5113218,35.8286114],[129.5113394,35.8286137],[129.5113775,35.828625],[129.511383,35.8286267],[129.5114006,35.8286335],[129.5114204,35.8286453],[129.5114346,35.8286569],[129.5114524,35.828672],[129.5114673,35.8286956],[129.5114979,35.8287598],[129.5115131,35.8288384],[129.5115129,35.8288746],[129.5115127,35.8289104],[129.511508,35.8289387],[129.5114997,35.8289685],[129.5114947,35.8289856],[129.5114871,35.8290035],[129.5114813,35.8290181],[129.5114709,35.8290398],[129.5114607,35.8290641],[129.5114564,35.8290801],[129.5114558,35.8290847],[129.5114558,35.8291077],[129.5114569,35.8291109],[129.5114618,35.8291197],[129.5114727,35.8291325],[129.5114866,35.8291438],[129.5115209,35.8291589],[129.5115905,35.8291683],[129.5116168,35.82917],[129.511651,35.8291702],[129.5116886,35.8291676],[129.5117242,35.8291658],[129.5117584,35.8291691],[129.511799,35.8291804],[129.5118446,35.8292009],[129.5118483,35.8292028],[129.5118644,35.8291663]]]]}},{"type":"Feature","properties":{"UFID":"100035903061A00110100000004495528"},"geometry":{"type":"MultiPolygon","coordinates":[[[[129.5103641,35.8371069],[129.5103317,35.8370576],[129.5101905,35.8368507],[129.510092,35.836702],[129.5100808,35.836664],[129.5100757,35.8366325],[129.5100752,35.8366051],[129.5100832,35.836569],[129.5101053,35.8365346],[129.5101709,35.8364846],[129.510197,35.8364696],[129.5102459,35.8364578],[129.5102644,35.8364573],[129.510279,35.8364569],[129.5101861,35.8363712],[129.5101878,35.8363786],[129.5101865,35.8363859],[129.5101799,35.836397],[129.5101498,35.8364294],[129.5100952,35.8364688],[129.5100563,35.8365061],[129.5100291,35.8365474],[129.5100114,35.8365844],[129.5100063,35.8366437],[129.5100148,35.8366806],[129.5100373,35.8367261],[129.5101223,35.8368521],[129.5102649,35.8370701],[129.5102799,35.8370924],[129.5102914,35.8371647],[129.5102956,35.837191],[129.5103641,35.8371069]]]]}},{"type":"Feature","properties":{"UFID":"100035903061A00110100000004495529"},"geometry":{"type":"MultiPolygon","coordinates":[[[[129.5103259,35.8364219],[129.5102465,35.8363455],[129.5102344,35.8363328],[129.5101861,35.8363712],[129.510279,35.8364569],[129.5103259,35.8364219]]]]}},{"type":"Feature","properties":{"UFID":"100035903061A00110100000004495530"},"geometry":{"type":"MultiPolygon","coordinates":[[[[129.5104483,35.8365367],[129.5103751,35.8364693],[129.5103259,35.8364219],[129.510279,35.8364569],[129.5102953,35.8364611],[129.5103301,35.8364909],[129.5104084,35.8365666],[129.5104483,35.8365367]]]]}},{"type":"Feature","properties":{"UFID":"100035903061A00110100000004495531"},"geometry":{"type":"MultiPolygon","coordinates":[[[[129.5104908,35.8365694],[129.5104483,35.8365367],[129.5104084,35.8365666],[129.5104454,35.8366023],[129.5104908,35.8365694]]]]}},{"type":"Feature","properties":{"UFID":"100035903061A00110100000004495532"},"geometry":{"type":"MultiPolygon","coordinates":[[[[129.5122767,35.8370937],[129.5121929,35.8370378],[129.5121023,35.8369834],[129.5120448,35.8369637],[129.5120027,35.8369503],[129.5119532,35.8369485],[129.5118664,35.8369535],[129.5116879,35.8369817],[129.5115253,35.8370071],[129.5114006,35.8370169],[129.5113255,35.8370184],[129.5112542,35.8370118],[129.5111842,35.8369932],[129.5108981,35.8368882],[129.5108167,35.8368601],[129.5107828,35.8368375],[129.5107059,35.8367674],[129.5106009,35.8366753],[129.510496,35.8365786],[129.5104908,35.8365694],[129.5104454,35.8366023],[129.5104731,35.8366291],[129.5106595,35.8367909],[129.5107505,35.8368725],[129.5107888,35.8369003],[129.5108509,35.8369262],[129.5110013,35.8369831],[129.5111322,35.8370299],[129.5112472,35.8370723],[129.5113206,35.8370953],[129.5113696,35.8371013],[129.5114422,35.8370977],[129.5115189,35.8370821],[129.511583,35.8370612],[129.5117011,35.8370382],[129.511806,35.8370189],[129.5119,35.8370047],[129.5119775,35.8370029],[129.5120252,35.8370099],[129.5120918,35.8370399],[129.5121542,35.8370756],[129.5122259,35.8371306],[129.5122558,35.8371537],[129.5122767,35.8370937]]]]}},{"type":"Feature","properties":{"UFID":"100035903061A00110100000004495533"},"geometry":{"type":"MultiPolygon","coordinates":[[[[129.5104483,35.8365367],[129.5104908,35.8365694],[129.5105026,35.8365465],[129.5105684,35.8364821],[129.5106402,35.8364337],[129.5106034,35.8363986],[129.5105385,35.8364548],[129.5104818,35.8365202],[129.5104625,35.8365326],[129.5104483,35.8365367]]]]}},{"type":"Feature","properties":{"UFID":"100035903061A00110100000004495534"},"geometry":{"type":"MultiPolygon","coordinates":[[[[129.5122767,35.8370937],[129.5123683,35.8371099],[129.5122646,35.8370179],[129.5121791,35.8369359],[129.5121473,35.8369006],[129.5120848,35.8369119],[129.5121288,35.8369468],[129.5122044,35.8370173],[129.5122805,35.8370842],[129.5122822,35.837093],[129.5122767,35.8370937]]]]}},{"type":"Feature","properties":{"UFID":"100035903061A00110100000004495535"},"geometry":{"type":"MultiPolygon","coordinates":[[[[129.5123683,35.8371099],[129.5122767,35.8370937],[129.5122558,35.8371537],[129.5122976,35.8371861],[129.5123086,35.837197],[129.5123267,35.8372036],[129.512346,35.8372115],[129.5123683,35.8371099]]]]}},{"type":"Feature","properties":{"UFID":"100035903061A00110100000004495536"},"geometry":{"type":"MultiPolygon","coordinates":[[[[129.5138269,35.8378681],[129.5138103,35.8378634],[129.5137061,35.8378259],[129.513636,35.8378039],[129.5135981,35.8377874],[129.5135463,35.8377612],[129.5135433,35.8377601],[129.5134541,35.8377111],[129.5132833,35.8376008],[129.5131178,35.8374958],[129.5129826,35.8374057],[129.5128335,35.8373303],[129.5127174,35.8372689],[129.5126348,35.8372182],[129.5125779,35.8371897],[129.5125595,35.8371767],[129.5125055,35.8371616],[129.5124462,35.8371429],[129.5124005,35.8371258],[129.5123683,35.8371099],[129.512346,35.8372115],[129.5124441,35.8372351],[129.5125239,35.8372561],[129.5125875,35.8372849],[129.5126393,35.8373175],[129.5127215,35.8373719],[129.5127444,35.8373865],[129.5127835,35.8373891],[129.5128268,35.8374024],[129.5130315,35.8375306],[129.5133161,35.8377054],[129.5134729,35.8378016],[129.5135223,35.8378305],[129.5135843,35.8378537],[129.5136844,35.8378872],[129.5137771,35.8379182],[129.5138269,35.8378681]]]]}},{"type":"Feature","properties":{"UFID":"100035903061A00110100000004495537"},"geometry":{"type":"MultiPolygon","coordinates":[[[[129.5136544,35.8318238],[129.5136292,35.8318134],[129.5135884,35.8317977],[129.5134957,35.8317184],[129.5134572,35.8316852],[129.5134275,35.8316633],[129.5134357,35.8317061],[129.5134716,35.831737],[129.5135686,35.83182],[129.5136146,35.8318377],[129.5136394,35.8318479],[129.5136544,35.8318238]]]]}},{"type":"Feature","properties":{"UFID":"100035903061A00110100000004495538"},"geometry":{"type":"MultiPolygon","coordinates":[[[[129.5138721,35.837886],[129.5138269,35.8378681],[129.5137771,35.8379182],[129.5138086,35.8379287],[129.513841,35.8379447],[129.5138721,35.837886]]]]}},{"type":"Feature","properties":{"UFID":"100035903061A00110100000004495539"},"geometry":{"type":"MultiPolygon","coordinates":[[[[129.5138483,35.8371657],[129.5138025,35.8371379],[129.5137635,35.8371812],[129.5138138,35.8372108],[129.5138142,35.8372043],[129.5138202,35.8371966],[129.5138274,35.8371887],[129.5138476,35.8371664],[129.5138483,35.8371657]]]]}},{"type":"Feature","properties":{"UFID":"100035903061A00110100000004495540"},"geometry":{"type":"MultiPolygon","coordinates":[[[[129.5138138,35.8372108],[129.5137635,35.8371812],[129.5137773,35.8372083],[129.5137885,35.8372612],[129.5137983,35.8373108],[129.5138088,35.8373407],[129.5138147,35.8373519],[129.5138236,35.8373661],[129.5138402,35.8373871],[129.5138479,35.8373975],[129.5138681,35.8374182],[129.5139013,35.8374519],[129.5139291,35.8374858],[129.5139521,35.8375246],[129.5139695,35.8375597],[129.5139787,35.8375906],[129.5139836,35.8376178],[129.5139895,35.8376477],[129.5139933,35.8376748],[129.5139939,35.8376903],[129.5139908,35.8377123],[129.5139872,35.8377181],[129.5139793,35.8377327],[129.5139743,35.8377419],[129.5139661,35.8377504],[129.5139525,35.8377633],[129.5139156,35.8377833],[129.5138736,35.8378142],[129.5138436,35.8378482],[129.513835,35.8378649],[129.5138324,35.8378672],[129.5138315,35.8378679],[129.5138269,35.8378681],[129.5138721,35.837886],[129.5138682,35.8378815],[129.5138693,35.8378793],[129.5138776,35.8378615],[129.5139012,35.8378284],[129.5139329,35.837801],[129.5139723,35.837777],[129.5139889,35.8377638],[129.5139982,35.8377562],[129.514005,35.8377466],[129.5140137,35.8377332],[129.5140179,35.8377223],[129.5140244,35.8376914],[129.5140241,35.8376581],[129.5140217,35.8376227],[129.5140149,35.8375886],[129.5140119,35.8375796],[129.5139977,35.8375404],[129.5139703,35.8374932],[129.5139401,35.8374529],[129.5139017,35.8374134],[129.5138649,35.8373795],[129.5138448,35.8373478],[129.513839,35.8373367],[129.5138309,35.8373099],[129.5138267,35.8372971],[129.5138184,35.8372509],[129.5138137,35.837211],[129.5138138,35.8372108]]]]}},{"type":"Feature","properties":{"UFID":"100035903061A00110100000004495541"},"geometry":{"type":"MultiPolygon","coordinates":[[[[129.5138025,35.8371379],[129.5138483,35.8371657],[129.5138618,35.8371525],[129.5138741,35.8371325],[129.5138779,35.8371243],[129.51389,35.8370875],[129.5139002,35.8370435],[129.5139099,35.8369791],[129.5139187,35.8369133],[129.513934,35.8368352],[129.5139448,35.8367814],[129.5139573,35.8367169],[129.5139601,35.8367019],[129.513969,35.8366409],[129.5139766,35.8365827],[129.5139824,35.8365461],[129.5139912,35.8365097],[129.5139931,35.8365045],[129.5140099,35.8364677],[129.5140393,35.8364174],[129.5140499,35.836398],[129.5140561,35.836374],[129.5140569,35.8363522],[129.5140553,35.8363],[129.5139137,35.8363315],[129.5139269,35.8363418],[129.5139782,35.8363723],[129.5140105,35.8363925],[129.5139669,35.8364632],[129.5139516,35.8365044],[129.5139443,35.8365516],[129.5139365,35.8366098],[129.5139283,35.8366748],[129.5139084,35.8367659],[129.513894,35.8368301],[129.5138818,35.8369002],[129.5138698,35.8369903],[129.5138635,35.8370562],[129.513852,35.837093],[129.5138461,35.8371054],[129.5138422,35.8371152],[129.5138363,35.8371241],[129.5138276,35.8371297],[129.5138147,35.8371347],[129.5138025,35.8371379]]]]}},{"type":"Feature","properties":{"UFID":"100035903061A00110100000004495542"},"geometry":{"type":"MultiPolygon","coordinates":[[[[129.5138998,35.8338216],[129.5138789,35.8338118],[129.5138672,35.8338049],[129.5138633,35.8338009],[129.5138595,35.8337942],[129.5138482,35.8337675],[129.5138358,35.8336962],[129.5138352,35.8336446],[129.5138376,35.8335996],[129.513848,35.8335408],[129.513865,35.833453],[129.5139034,35.833338],[129.5139263,35.8332932],[129.5139684,35.8332526],[129.5140063,35.8332189],[129.5140377,35.8331921],[129.5140642,35.8331628],[129.5140804,35.8331341],[129.514081,35.8331216],[129.5140801,35.833104],[129.5140762,35.833077],[129.5140297,35.8329796],[129.5140053,35.8329279],[129.5139941,35.832914],[129.5139842,35.8329054],[129.5139578,35.8328932],[129.5139133,35.832867],[129.5138725,35.8328109],[129.513841,35.8327578],[129.5137859,35.8326837],[129.5137775,35.8326791],[129.5137596,35.8326795],[129.5137452,35.8326818],[129.513736,35.8326856],[129.5137318,35.8326926],[129.5137311,35.832703],[129.5137303,35.8327097],[129.5137274,35.8327117],[129.5137173,35.8327077],[129.513704,35.8326999],[129.5136918,35.8326869],[129.5136985,35.832755],[129.5137028,35.8327512],[129.5137127,35.8327481],[129.5137398,35.832748],[129.5137831,35.832767],[129.5138163,35.8327926],[129.5138572,35.8328414],[129.5139087,35.8328974],[129.5139832,35.8329816],[129.5139884,35.8329926],[129.5140329,35.8330858],[129.514036,35.8331068],[129.5140367,35.8331216],[129.5140365,35.8331256],[129.5140259,35.8331444],[129.5140037,35.8331688],[129.5139739,35.8331943],[129.5139352,35.8332288],[129.5138881,35.8332743],[129.5138615,35.8333263],[129.5138216,35.8334455],[129.5138042,35.8335354],[129.5137935,35.8335963],[129.513791,35.8336439],[129.5137915,35.8336989],[129.513805,35.833776],[129.5138184,35.8338076],[129.5138295,35.8338344],[129.5138998,35.8338216]]]]}},{"type":"Feature","properties":{"UFID":"100035903061A00110100000004495543"},"geometry":{"type":"MultiPolygon","coordinates":[[[[129.5139672,35.8339183],[129.5138998,35.8338216],[129.5138295,35.8338344],[129.5138418,35.8338607],[129.5138583,35.8338925],[129.5138677,35.8339237],[129.5139672,35.8339183]]]]}},{"type":"Feature","properties":{"UFID":"100035903061A00110100000004495544"},"geometry":{"type":"MultiPolygon","coordinates":[[[[129.5139672,35.8339183],[129.5138677,35.8339237],[129.5138744,35.8339461],[129.5138732,35.8339734],[129.5138605,35.8340091],[129.5139122,35.8341013],[129.5139099,35.8340659],[129.5139479,35.8339887],[129.5139672,35.8339183]]]]}},{"type":"Feature","properties":{"UFID":"100035903061A00110100000004495545"},"geometry":{"type":"MultiPolygon","coordinates":[[[[129.5138998,35.8338216],[129.5139672,35.8339183],[129.5139781,35.8338922],[129.5139986,35.8338669],[129.5140175,35.8338524],[129.514087,35.8338253],[129.5142764,35.8337693],[129.5142631,35.8337396],[129.5140729,35.8337959],[129.5139949,35.8338195],[129.5139484,35.8338253],[129.5139214,35.8338252],[129.5138998,35.8338216]]]]}},{"type":"Feature","properties":{"UFID":"100035903061A00110100000004495546"},"geometry":{"type":"MultiPolygon","coordinates":[[[[129.5152624,35.8348422],[129.515196,35.8347944],[129.5151326,35.8347497],[129.5149735,35.8346752],[129.5148561,35.8346257],[129.5148324,35.8346474],[129.514819,35.8346575],[129.5148091,35.8346599],[129.514795,35.834661],[129.5147708,35.8346558],[129.5146288,35.8345959],[129.5145371,35.8345969],[129.5145206,35.8345956],[129.514744,35.8346941],[129.5147442,35.8346932],[129.5148036,35.8347031],[129.5148915,35.8347202],[129.5149023,35.8347241],[129.5150992,35.8348345],[129.5151888,35.834896],[129.5152624,35.8348422]]]]}},{"type":"Feature","properties":{"UFID":"100035903061A00110100000004495547"},"geometry":{"type":"MultiPolygon","coordinates":[[[[129.5136544,35.8318238],[129.5136394,35.8318479],[129.5136692,35.8318606],[129.5136926,35.8318689],[129.5137111,35.831878],[129.5137289,35.8318914],[129.5137927,35.8320153],[129.5138527,35.8321743],[129.5138944,35.832167],[129.5138477,35.8320385],[129.513815,35.8319688],[129.5137752,35.831886],[129.5137672,35.8318708],[129.5137686,35.8318665],[129.5137812,35.8318591],[129.5136544,35.8318238]]]]}},{"type":"Feature","properties":{"UFID":"100035903061A00110100000004495548"},"geometry":{"type":"MultiPolygon","coordinates":[[[[129.510554,35.8356654],[129.5106465,35.8356515],[129.5106649,35.8356403],[129.510698,35.835631],[129.5107329,35.835618],[129.5107593,35.8356034],[129.5108253,35.8355524],[129.5106975,35.8354193],[129.510649,35.8345714],[129.5105805,35.8345742],[129.5106248,35.8354309],[129.5106272,35.8355343],[129.5106266,35.8355428],[129.5106238,35.83555],[129.5106166,35.835555],[129.5104816,35.835604],[129.5104709,35.8356094],[129.5104698,35.8356127],[129.5104845,35.8356586],[129.5104881,35.8356653],[129.5104923,35.8356674],[129.510554,35.8356654]]]]}},{"type":"Feature","properties":{"UFID":"100035903061A00110100000004495549"},"geometry":{"type":"MultiPolygon","coordinates":[[[[129.5102344,35.8363328],[129.5101828,35.8362783],[129.5101565,35.8362344],[129.5101319,35.8361893],[129.5101261,35.8361478],[129.5101285,35.8360973],[129.5101434,35.8360284],[129.5101721,35.8359839],[129.5102251,35.8359233],[129.5102879,35.8358745],[129.5103,35.8358697],[129.5106594,35.8358129],[129.5106649,35.8358079],[129.5106654,35.8358017],[129.5106627,35.8357473],[129.5105734,35.8357631],[129.5102109,35.8358227],[129.5101618,35.8357237],[129.5101577,35.8357209],[129.5101548,35.8357208],[129.5100717,35.8357469],[129.5100479,35.8358006],[129.5101007,35.8358998],[129.510171,35.8358785],[129.5101768,35.8358901],[129.5101495,35.8359201],[129.5101037,35.8359723],[129.5100822,35.8360125],[129.5100664,35.836064],[129.5100565,35.8361405],[129.510063,35.8361822],[129.5100939,35.8362488],[129.5101442,35.8363186],[129.5101861,35.8363712],[129.5102344,35.8363328]]]]}},{"type":"Feature","properties":{"UFID":"100035903061A00110100000004495550"},"geometry":{"type":"MultiPolygon","coordinates":[[[[129.5106627,35.8357473],[129.5106465,35.8356515],[129.510554,35.8356654],[129.5105734,35.8357631],[129.5106627,35.8357473]]]]}},{"type":"Feature","properties":{"UFID":"100035903061A00110100000004495551"},"geometry":{"type":"MultiPolygon","coordinates":[[[[129.515319,35.834881],[129.5152624,35.8348422],[129.5151888,35.834896],[129.5152445,35.8349343],[129.515319,35.834881]]]]}},{"type":"Feature","properties":{"UFID":"100035903061A00110100000004495552"},"geometry":{"type":"MultiPolygon","coordinates":[[[[129.5154663,35.834988],[129.515319,35.834881],[129.5152445,35.8349343],[129.5152486,35.8349371],[129.5153705,35.8350488],[129.5154663,35.834988]]]]}},{"type":"Feature","properties":{"UFID":"100035903061A00110100000004495553"},"geometry":{"type":"MultiPolygon","coordinates":[[[[129.5152624,35.8348422],[129.515319,35.834881],[129.5153216,35.8348758],[129.5153234,35.8348739],[129.5153303,35.8348677],[129.5153398,35.8348626],[129.515351,35.8348593],[129.5153636,35.8348584],[129.5153788,35.8348598],[129.5153943,35.8348626],[129.5154248,35.8348749],[129.5154566,35.8349051],[129.5154782,35.8349308],[129.515484,35.8349438],[129.5154852,35.834958],[129.5154843,35.8349664],[129.5154663,35.834988],[129.5155332,35.8350455],[129.5155322,35.8350413],[129.5155341,35.8350295],[129.5155597,35.835005],[129.5155579,35.8349988],[129.5155474,35.8349875],[129.5155476,35.8349866],[129.5155962,35.8349512],[129.5153758,35.8347706],[129.5153203,35.8348198],[129.5153066,35.8348278],[129.5152624,35.8348422]]]]}},{"type":"Feature","properties":{"UFID":"100035903061A00110100000004495554"},"geometry":{"type":"MultiPolygon","coordinates":[[[[129.51571,35.8357098],[129.5156705,35.8356576],[129.5156498,35.8356768],[129.5156393,35.8356824],[129.5155713,35.8357091],[129.5155198,35.8357262],[129.5155338,35.8357521],[129.5155898,35.83574],[129.5156314,35.8357308],[129.5156732,35.8357202],[129.51571,35.8357098]]]]}},{"type":"Feature","properties":{"UFID":"100035903061A00110100000004495555"},"geometry":{"type":"MultiPolygon","coordinates":[[[[129.5155036,35.8350971],[129.5155332,35.8350455],[129.5154663,35.834988],[129.5153705,35.8350488],[129.5153802,35.8350577],[129.5154344,35.8351242],[129.5154392,35.83513],[129.5155036,35.8350971]]]]}},{"type":"Feature","properties":{"UFID":"100035903061A00110100000004495556"},"geometry":{"type":"MultiPolygon","coordinates":[[[[129.5104343,35.8372139],[129.5103641,35.8371069],[129.5102956,35.837191],[129.5103727,35.8372928],[129.5104343,35.8372139]]]]}},{"type":"Feature","properties":{"UFID":"100035903061A00110100000004495557"},"geometry":{"type":"MultiPolygon","coordinates":[[[[129.5104343,35.8372139],[129.5103727,35.8372928],[129.5103784,35.8372956],[129.5103836,35.8372987],[129.5103869,35.837306],[129.5103876,35.8373118],[129.510386,35.8373185],[129.510374,35.8373404],[129.5103484,35.8373639],[129.5103018,35.8373913],[129.510253,35.8374149],[129.5101715,35.8374265],[129.5100914,35.8374323],[129.5100046,35.8374302],[129.5099279,35.8374166],[129.5099019,35.837406],[129.5098389,35.8373705],[129.5097918,35.8373486],[129.5097411,35.8373316],[129.5096686,35.8373179],[129.5095653,35.8373072],[129.5094847,35.8373043],[129.5094139,35.8373118],[129.5093872,35.8373176],[129.5092928,35.8373589],[129.5092103,35.8373983],[129.5091508,35.8374202],[129.5091015,35.8374318],[129.5090606,35.8374406],[129.5089887,35.8374515],[129.5089687,35.8374522],[129.5089369,35.8374502],[129.5088583,35.8374348],[129.5087893,35.837423],[129.5087171,35.8374177],[129.5086498,35.8374214],[129.5085795,35.8374224],[129.5085123,35.8374154],[129.5084194,35.8373941],[129.5083762,35.8373799],[129.5083157,35.8373526],[129.508267,35.8373349],[129.5082084,35.837324],[129.508155,35.8373242],[129.5081097,35.8373317],[129.5080647,35.8373514],[129.5080176,35.8373723],[129.5079666,35.8373885],[129.5078923,35.8374007],[129.5077731,35.8374153],[129.5076514,35.837438],[129.5075785,35.8374584],[129.5075109,35.837483],[129.5074785,35.8374978],[129.5074638,35.8375037],[129.5074498,35.8375067],[129.5074372,35.8375083],[129.5074252,35.8375087],[129.5074055,35.8375053],[129.507373,35.8374862],[129.5073458,35.8374654],[129.5073092,35.8374325],[129.5072687,35.8373964],[129.5072176,35.8373682],[129.5071312,35.8373484],[129.5070535,35.83734],[129.506978,35.8373417],[129.5069299,35.8373494],[129.5068387,35.8373791],[129.5067855,35.8373954],[129.5067425,35.837406],[129.506693,35.8374144],[129.5066174,35.8374174],[129.5065379,35.8374093],[129.5064859,35.8373893],[129.5064362,35.8373558],[129.5063687,35.8373042],[129.5063304,35.8372779],[129.506282,35.8372614],[129.5062252,35.8372482],[129.5061591,35.8372461],[129.5060766,35.8372546],[129.5060227,35.8372672],[129.5059538,35.8372922],[129.5058662,35.8373363],[129.50581,35.8373625],[129.5057313,35.8373895],[129.5056248,35.837424],[129.5055546,35.8374447],[129.5055459,35.8374464],[129.5055459,35.8374908],[129.5055777,35.8374724],[129.5056389,35.8374543],[129.5057464,35.8374195],[129.5058277,35.8373917],[129.5058866,35.8373642],[129.5059725,35.8373209],[129.5060364,35.8372978],[129.5060847,35.8372865],[129.5061608,35.8372786],[129.5062188,35.8372805],[129.5062688,35.837292],[129.5063094,35.8373059],[129.5063421,35.8373285],[129.5064098,35.8373802],[129.5064643,35.8374169],[129.5065267,35.8374408],[129.5066159,35.8374499],[129.5066981,35.8374466],[129.5067523,35.8374375],[129.5067983,35.8374261],[129.5068531,35.8374093],[129.5069412,35.8373806],[129.5069824,35.8373741],[129.5070514,35.8373725],[129.5071232,35.8373802],[129.5072006,35.837398],[129.5072424,35.8374211],[129.5072797,35.8374543],[129.5073174,35.8374882],[129.5073476,35.8375113],[129.5073889,35.8375356],[129.5074218,35.8375413],[129.5074411,35.8375406],[129.5074579,35.8375385],[129.5074778,35.8375343],[129.5074971,35.8375265],[129.5075288,35.8375121],[129.5075932,35.8374886],[129.5076624,35.8374692],[129.5077805,35.8374472],[129.5078992,35.8374327],[129.5079779,35.8374198],[129.5080345,35.8374018],[129.5080836,35.8373799],[129.5081234,35.8373626],[129.5081591,35.8373566],[129.508204,35.8373565],[129.5082543,35.8373659],[129.5082979,35.8373817],[129.508359,35.8374092],[129.5084065,35.8374249],[129.5085043,35.8374473],[129.5085773,35.8374548],[129.5086515,35.8374538],[129.5087166,35.8374502],[129.5087834,35.8374551],[129.5088495,35.8374665],[129.5089307,35.8374824],[129.5089681,35.8374847],[129.5089932,35.8374838],[129.5090693,35.8374723],[129.5091121,35.837463],[129.5091646,35.8374508],[129.5092286,35.8374271],[129.5093123,35.8373871],[129.5094019,35.837348],[129.5094217,35.8373437],[129.5094864,35.8373368],[129.5095619,35.8373395],[129.5096615,35.8373498],[129.5097289,35.8373626],[129.5097743,35.8373778],[129.5098176,35.8373979],[129.5098816,35.8374341],[129.5099146,35.8374474],[129.5099998,35.8374626],[129.5100925,35.8374647],[129.5101761,35.8374588],[129.5102605,35.8374508],[129.5103166,35.8374381],[129.5103708,35.8374166],[129.5104144,35.8373843],[129.5104381,35.8373615],[129.5104514,35.8373415],[129.5104557,35.8373199],[129.5104578,35.8373014],[129.5104565,35.8372682],[129.5104478,35.8372387],[129.5104343,35.8372139]]]]}},{"type":"Feature","properties":{"UFID":"100035903061A00110100000004495558"},"geometry":{"type":"MultiPolygon","coordinates":[[[[129.5055459,35.8374908],[129.5055459,35.8374464],[129.5055126,35.8374529],[129.5054786,35.837455],[129.5054256,35.8374542],[129.5054204,35.8374953],[129.5055459,35.8374908]]]]}},{"type":"Feature","properties":{"UFID":"100035903061A00110100000004495559"},"geometry":{"type":"MultiPolygon","coordinates":[[[[129.5055459,35.8374908],[129.5054204,35.8374953],[129.5054509,35.8375175],[129.5054629,35.8375331],[129.5054678,35.8375583],[129.505454,35.8376578],[129.5054483,35.8377548],[129.5054504,35.8378443],[129.5054541,35.8379683],[129.5054544,35.8380876],[129.5054876,35.8380876],[129.5054873,35.8379679],[129.5054836,35.8378437],[129.5054816,35.8377552],[129.5054871,35.83766],[129.505501,35.8375594],[129.5055164,35.8375224],[129.5055341,35.8375016],[129.5055459,35.8374908]]]]}},{"type":"Feature","properties":{"UFID":"100035903061A00110100000004495576"},"geometry":{"type":"MultiPolygon","coordinates":[[[[129.5103727,35.8372928],[129.5102956,35.837191],[129.5102938,35.8372318],[129.5102811,35.8372665],[129.5102631,35.837285],[129.5102253,35.8373052],[129.5102065,35.8373092],[129.5101904,35.8373108],[129.5101443,35.8373096],[129.5100805,35.8372996],[129.510011,35.837285],[129.5099262,35.8372564],[129.5098354,35.8372201],[129.5097731,35.8372041],[129.5096922,35.837189],[129.5095552,35.8371619],[129.5094726,35.8371426],[129.5094412,35.8371728],[129.5095439,35.8371967],[129.509682,35.8372241],[129.5097614,35.8372389],[129.5098189,35.8372537],[129.509908,35.8372892],[129.5099969,35.8373192],[129.5100708,35.8373348],[129.5101394,35.8373455],[129.5101862,35.8373468],[129.5102249,35.8373464],[129.5102617,35.8373453],[129.5102748,35.8373431],[129.5103131,35.8373252],[129.5103477,35.8372983],[129.5103558,35.8372942],[129.5103644,35.8372928],[129.5103727,35.8372928]]]]}},{"type":"Feature","properties":{"UFID":"100035903061A00110100000004495579"},"geometry":{"type":"MultiPolygon","coordinates":[[[[129.5146744,35.8386109],[129.5146473,35.8385864],[129.5145423,35.8385942],[129.5145688,35.8386198],[129.5146744,35.8386109]]]]}},{"type":"Feature","properties":{"UFID":"100035903061A00110100000004495580"},"geometry":{"type":"MultiPolygon","coordinates":[[[[129.5146473,35.8385864],[129.5146744,35.8386109],[129.514719,35.8386071],[129.5147662,35.8386066],[129.5148488,35.8386117],[129.5149148,35.838617],[129.5149458,35.8386141],[129.5149666,35.8386105],[129.514992,35.8385944],[129.5150037,35.8385863],[129.5150313,35.8385555],[129.5150466,35.8385188],[129.5150545,35.8384802],[129.5150458,35.8384121],[129.5150284,35.8383663],[129.5149827,35.8383288],[129.5149221,35.8383047],[129.5148137,35.8382523],[129.5147994,35.8382712],[129.5148528,35.838299],[129.5149094,35.8383306],[129.5149541,35.8383615],[129.5149925,35.8384012],[129.5150027,35.8384259],[129.515011,35.8384654],[129.5150139,35.8385004],[129.5150096,35.8385212],[129.5149872,35.8385508],[129.5149603,35.8385666],[129.5149472,35.8385734],[129.5149357,35.8385763],[129.5148783,35.8385792],[129.5148094,35.8385802],[129.5147276,35.8385804],[129.5146473,35.8385864]]]]}},{"type":"Feature","properties":{"UFID":"100035903061A00110100000004495581"},"geometry":{"type":"MultiPolygon","coordinates":[[[[129.5146473,35.8385864],[129.5145408,35.8384899],[129.5143854,35.8383407],[129.5142209,35.8381873],[129.5141329,35.8380987],[129.5140547,35.8380232],[129.5139706,35.837951],[129.5139126,35.8379083],[129.5138721,35.837886],[129.513841,35.8379447],[129.5138668,35.8379576],[129.5139118,35.8379953],[129.513978,35.8380551],[129.5140707,35.8381409],[129.5141909,35.8382575],[129.5143311,35.8383927],[129.5144632,35.8385176],[129.5145423,35.8385942],[129.5146473,35.8385864]]]]}},{"type":"Feature","properties":{"UFID":"100035903061A00110100000004495650"},"geometry":{"type":"MultiPolygon","coordinates":[[[[129.5098166,35.8272226],[129.5097864,35.8271838],[129.5097504,35.8271327],[129.5097302,35.8270858],[129.5097074,35.8270443],[129.5096825,35.8270185],[129.5096558,35.8269958],[129.5096377,35.8269927],[129.5096146,35.8269936],[129.509584,35.8270017],[129.5095966,35.8270191],[129.5096246,35.8270163],[129.509632,35.8270162],[129.5096416,35.8270169],[129.5096591,35.827026],[129.5096843,35.8270539],[129.5096966,35.8270787],[129.5097529,35.8271787],[129.5097699,35.8272079],[129.5097869,35.8272359],[129.5098166,35.8272226]]]]}},{"type":"Feature","properties":{"UFID":"100035903061A00110100000004495651"},"geometry":{"type":"MultiPolygon","coordinates":[[[[129.5106112,35.8271725],[129.510521,35.8271376],[129.5105256,35.827148],[129.5105259,35.8271555],[129.5105088,35.8271662],[129.510456,35.827193],[129.5104013,35.8272046],[129.5103465,35.8272056],[129.5102893,35.8271987],[129.5102871,35.8271978],[129.5102375,35.8271832],[129.5101965,35.8271686],[129.5101527,35.82715],[129.5101457,35.8271454],[129.5102068,35.8272145],[129.5102562,35.8272292],[129.5103201,35.8272436],[129.5103947,35.8272488],[129.5104457,35.8272412],[129.5104975,35.8272263],[129.5105615,35.827186],[129.5105827,35.8271774],[129.5106112,35.8271725]]]]}},{"type":"Feature","properties":{"UFID":"100035903061A00110100000004495652"},"geometry":{"type":"MultiPolygon","coordinates":[[[[129.5100044,35.8272281],[129.5099876,35.8271855],[129.509911,35.8272008],[129.5098291,35.827217],[129.5098166,35.8272226],[129.5098339,35.8272457],[129.5098412,35.8272424],[129.5099067,35.8272286],[129.5099603,35.8272268],[129.5100044,35.8272281]]]]}},{"type":"Feature","properties":{"UFID":"100035903061A00110100000004495653"},"geometry":{"type":"MultiPolygon","coordinates":[[[[129.5098339,35.8272457],[129.5098166,35.8272226],[129.5097869,35.8272359],[129.509803,35.8272595],[129.5098339,35.8272457]]]]}},{"type":"Feature","properties":{"UFID":"100035903061A00110100000004495654"},"geometry":{"type":"MultiPolygon","coordinates":[[[[129.51955,35.8372377],[129.5196183,35.8375574],[129.519626,35.8374631],[129.5196302,35.8374632],[129.5196377,35.8358757],[129.519607,35.8358347],[129.5194646,35.8356292],[129.5193975,35.8356671],[129.5195263,35.8358523],[129.5195517,35.8358956],[129.5195527,35.8372244],[129.5195526,35.8372342],[129.5195507,35.8372371],[129.51955,35.8372377]]]]}},{"type":"Feature","properties":{"UFID":"100035903061A00110100000004495655"},"geometry":{"type":"MultiPolygon","coordinates":[[[[129.5161521,35.8362675],[129.5161139,35.8362237],[129.5161142,35.8362303],[129.5161129,35.8362353],[129.5161124,35.8362361],[129.5159664,35.836302],[129.5159269,35.8363207],[129.5159076,35.8363329],[129.5159004,35.8363417],[129.5158974,35.8363502],[129.5158969,35.8363591],[129.5158983,35.8363694],[129.5159246,35.8364079],[129.5159679,35.8363874],[129.5159573,35.8363713],[129.5159545,35.8363619],[129.5159536,35.836354],[129.515954,35.8363505],[129.5159547,35.8363493],[129.5159883,35.8363333],[129.5161271,35.8362706],[129.5161403,35.8362665],[129.5161415,35.8362663],[129.5161467,35.8362663],[129.5161521,35.8362675]]]]}},{"type":"Feature","properties":{"UFID":"100035903061A00110100000004495656"},"geometry":{"type":"MultiPolygon","coordinates":[[[[129.5166312,35.8366976],[129.5166266,35.836694],[129.5165601,35.836642],[129.5165614,35.8366457],[129.5165614,35.8366485],[129.5165609,35.8366522],[129.5165514,35.8366602],[129.5165464,35.8366603],[129.5165402,35.8366601],[129.5165312,35.8366592],[129.5165153,35.8366566],[129.5165105,35.8366551],[129.5164988,35.8366513],[129.5164865,35.8366482],[129.516475,35.8366456],[129.5164692,35.8366446],[129.5164512,35.836642],[129.5164343,35.8366419],[129.5164159,35.8366424],[129.5163596,35.8366584],[129.5163525,35.8366651],[129.5163776,35.8366828],[129.5163789,35.8366815],[129.5164221,35.8366692],[129.5164346,35.8366689],[129.5164481,35.836669],[129.516463,35.8366712],[129.5164672,35.8366719],[129.5164771,35.8366741],[129.5164878,35.8366769],[129.5164985,35.8366803],[129.5165039,35.836682],[129.516514,35.836685],[129.5165243,35.8366882],[129.5165594,35.8366993],[129.5165691,35.8367019],[129.5165757,35.8367027],[129.5165839,35.8367021],[129.5165941,35.8367014],[129.5166029,35.8367003],[129.5166102,35.836698],[129.5166207,35.8366958],[129.5166241,35.8366955],[129.5166272,35.836696],[129.5166312,35.8366976]]]]}},{"type":"Feature","properties":{"UFID":"100035903061A00110100000004495657"},"geometry":{"type":"MultiPolygon","coordinates":[[[[129.5185039,35.83754],[129.5184765,35.8375336],[129.5184527,35.8375893],[129.5184304,35.8376363],[129.5184003,35.8376578],[129.5183472,35.8376758],[129.5183164,35.8376856],[129.5183111,35.8376891],[129.5183088,35.8376948],[129.518309,35.8377251],[129.5183153,35.8377544],[129.5183307,35.8377834],[129.5183432,35.8378055],[129.5183459,35.8378136],[129.5183461,35.8378179],[129.5183452,35.8378216],[129.5183282,35.8378315],[129.5182673,35.8378443],[129.5181811,35.8378546],[129.5181283,35.8378632],[129.5180927,35.8378607],[129.5180418,35.8378471],[129.5180009,35.8378298],[129.51799,35.8378192],[129.5180185,35.8379084],[129.5180266,35.8378891],[129.5180309,35.837885],[129.5180383,35.8378805],[129.5180491,35.8378772],[129.5180732,35.8378797],[129.5181413,35.8378854],[129.518162,35.8378841],[129.518216,35.8378721],[129.5183026,35.8378585],[129.5183451,35.8378494],[129.5183819,35.837829],[129.5183922,35.8378225],[129.5183947,35.8378193],[129.518395,35.8378129],[129.5183933,35.8378093],[129.5183815,35.837802],[129.5183713,35.8377967],[129.5183442,35.8377625],[129.5183352,35.8377426],[129.5183315,35.8377306],[129.5183301,35.8377009],[129.5183333,35.8376959],[129.5183841,35.8376763],[129.5184319,35.8376621],[129.5184451,35.8376575],[129.5184499,35.8376552],[129.5184531,35.8376518],[129.5184566,35.8376432],[129.5184765,35.8375773],[129.5184942,35.8375486],[129.5185039,35.83754]]]]}},{"type":"Feature","properties":{"UFID":"100035903061A00110100000004495658"},"geometry":{"type":"MultiPolygon","coordinates":[[[[129.5185327,35.8374717],[129.5184999,35.8374662],[129.5184765,35.8375336],[129.5185039,35.83754],[129.5185327,35.8374717]]]]}},{"type":"Feature","properties":{"UFID":"100035903061A00110100000004495659"},"geometry":{"type":"MultiPolygon","coordinates":[[[[129.5164277,35.8365357],[129.5163197,35.8364397],[129.5162181,35.836342],[129.5162192,35.836425],[129.5162279,35.8364574],[129.5162274,35.836465],[129.5162226,35.8364709],[129.5161764,35.8365072],[129.5161118,35.8365659],[129.5160113,35.8366561],[129.5160373,35.8366782],[129.516072,35.8366456],[129.5161624,35.8365661],[129.5162236,35.8365152],[129.5162268,35.8365131],[129.5162311,35.8365105],[129.5162568,35.836511],[129.516326,35.8365261],[129.5163698,35.8365368],[129.5164277,35.8365357]]]]}},{"type":"Feature","properties":{"UFID":"100035903061A00110100000004495660"},"geometry":{"type":"MultiPolygon","coordinates":[[[[129.5160921,35.8394228],[129.5160465,35.839393],[129.5159596,35.8393505],[129.5159055,35.83933],[129.5158727,35.8393232],[129.5158368,35.8393226],[129.5157816,35.8393273],[129.5156745,35.8393495],[129.515578,35.8393621],[129.5155134,35.8393652],[129.5154434,35.8393587],[129.5153921,35.8393428],[129.5153258,35.8393015],[129.5152824,35.8392577],[129.5152443,35.8391953],[129.515207,35.8391104],[129.5151754,35.8390511],[129.5151422,35.8390172],[129.5150764,35.8389757],[129.5149942,35.8389322],[129.5149378,35.8388987],[129.5148796,35.8388336],[129.5148135,35.8387428],[129.5146975,35.8386318],[129.5146744,35.8386109],[129.5145688,35.8386198],[129.514569,35.83862],[129.5146598,35.8387023],[129.5147217,35.8387611],[129.5147662,35.838813],[129.5148039,35.8388619],[129.5148475,35.8389177],[129.5148761,35.8389448],[129.5149139,35.8389693],[129.5149615,35.8389954],[129.5150225,35.8390297],[129.5150617,35.8390553],[129.5150843,35.839074],[129.5151059,35.8391015],[129.5151395,35.8391708],[129.5151807,35.8392622],[129.5152093,35.8393101],[129.5152441,35.839345],[129.5152912,35.8393783],[129.5153585,35.8394116],[129.5154241,35.8394303],[129.5154908,35.8394383],[129.5155556,35.8394354],[129.5156808,35.8394144],[129.5157918,35.8393958],[129.5158553,35.8393933],[129.5158953,35.8393976],[129.5159438,35.8394139],[129.5159916,35.8394363],[129.5160484,35.8394745],[129.5160921,35.8394228]]]]}},{"type":"Feature","properties":{"UFID":"100035903061A00110100000004495661"},"geometry":{"type":"MultiPolygon","coordinates":[[[[129.5161224,35.8394426],[129.5160921,35.8394228],[129.5160484,35.8394745],[129.5160825,35.8394974],[129.5161224,35.8394426]]]]}},{"type":"Feature","properties":{"UFID":"100035903061A00110100000004495662"},"geometry":{"type":"MultiPolygon","coordinates":[[[[129.5167071,35.8395125],[129.5167111,35.839444],[129.5166915,35.8394392],[129.5166417,35.8394339],[129.5165939,35.8394339],[129.5165498,35.839436],[129.5164812,35.8394471],[129.5163983,35.839467],[129.5163284,35.8394803],[129.5162561,35.839483],[129.5161946,35.8394732],[129.5161224,35.8394426],[129.5160825,35.8394974],[129.5161463,35.8395242],[129.5162126,35.839543],[129.5162731,35.8395508],[129.5163601,35.839549],[129.5164231,35.8395349],[129.5165343,35.839509],[129.5165907,35.8395016],[129.5166327,35.8395036],[129.5167071,35.8395125]]]]}},{"type":"Feature","properties":{"UFID":"100035903061A00110100000004495663"},"geometry":{"type":"MultiPolygon","coordinates":[[[[129.5164517,35.8391672],[129.5164334,35.8391257],[129.5164099,35.8391508],[129.5163946,35.8391638],[129.5163776,35.8391793],[129.5163487,35.8392113],[129.5163338,35.8392513],[129.5163283,35.8392822],[129.5163257,35.8393088],[129.5163246,35.8393449],[129.5163231,35.8393643],[129.5163171,35.8393812],[129.5162996,35.8393942],[129.5162854,35.8393975],[129.5162585,35.8394007],[129.5162308,35.8394023],[129.5162211,35.8394027],[129.5162061,35.8394016],[129.5161958,35.8394009],[129.5161837,35.8394001],[129.5161578,35.8393983],[129.5161355,35.8393945],[129.5161106,35.8393998],[129.5161058,35.8394041],[129.5160921,35.8394228],[129.5161224,35.8394426],[129.5161419,35.8394329],[129.5161497,35.8394314],[129.5161604,35.8394306],[129.5161707,35.8394318],[129.5162158,35.8394378],[129.5162722,35.839437],[129.5163325,35.8394291],[129.5163417,35.8394241],[129.5163442,35.8394218],[129.5163492,35.8394075],[129.5163546,35.8393993],[129.5163568,35.8393876],[129.5163555,35.8393578],[129.5163526,35.8393075],[129.5163589,35.8392682],[129.5163741,35.8392339],[129.5163982,35.839204],[129.5164228,35.8391827],[129.5164517,35.8391672]]]]}},{"type":"Feature","properties":{"UFID":"100035903061A00110100000004495664"},"geometry":{"type":"MultiPolygon","coordinates":[[[[129.5164334,35.8391257],[129.5164914,35.8391302],[129.5164847,35.8391233],[129.51647,35.8390826],[129.5164605,35.8389875],[129.5164533,35.8388965],[129.5164437,35.8388246],[129.5164296,35.8387284],[129.5164025,35.83865],[129.5163759,35.8385823],[129.5163628,35.8385403],[129.5163627,35.8385361],[129.5163685,35.8385071],[129.5164015,35.8384679],[129.5163676,35.8384602],[129.5163423,35.8384767],[129.5163348,35.838484],[129.5163231,35.8385048],[129.5163225,35.8385136],[129.5163247,35.8385396],[129.5163439,35.8385905],[129.516369,35.838654],[129.5164035,35.8387609],[129.5164118,35.8388263],[129.5164236,35.8389308],[129.5164287,35.8390389],[129.5164319,35.8390921],[129.5164314,35.8391078],[129.5164325,35.8391162],[129.5164334,35.8391257]]]]}},{"type":"Feature","properties":{"UFID":"100035903061A00110100000004495665"},"geometry":{"type":"MultiPolygon","coordinates":[[[[129.5165056,35.8391475],[129.5164914,35.8391302],[129.5164334,35.8391257],[129.5164517,35.8391672],[129.5165056,35.8391475]]]]}},{"type":"Feature","properties":{"UFID":"100035903061A00110100000004495666"},"geometry":{"type":"MultiPolygon","coordinates":[[[[129.5167179,35.8393387],[129.5167025,35.8393135],[129.5166767,35.8392755],[129.5166427,35.8392342],[129.5166008,35.8392068],[129.5165415,35.8391724],[129.5165056,35.8391475],[129.5164517,35.8391672],[129.5164699,35.8391672],[129.5164749,35.839168],[129.5165012,35.8391782],[129.5165481,35.8392026],[129.5165899,35.8392312],[129.5166289,35.839262],[129.51666,35.8392984],[129.5166796,35.8393326],[129.5166867,35.8393493],[129.5167179,35.8393387]]]]}},{"type":"Feature","properties":{"UFID":"100035903061A00110100000004495667"},"geometry":{"type":"MultiPolygon","coordinates":[[[[129.5167299,35.8393717],[129.5167179,35.8393387],[129.5166867,35.8393493],[129.5166983,35.8393771],[129.5167299,35.8393717]]]]}},{"type":"Feature","properties":{"UFID":"100035903061A00110100000004495668"},"geometry":{"type":"MultiPolygon","coordinates":[[[[129.5167299,35.8393717],[129.5166983,35.8393771],[129.5167059,35.8394134],[129.5167111,35.839444],[129.5167627,35.8394569],[129.5167542,35.8394397],[129.5167341,35.8393844],[129.5167299,35.8393717]]]]}},{"type":"Feature","properties":{"UFID":"100035903061A00110100000004495669"},"geometry":{"type":"MultiPolygon","coordinates":[[[[129.5167627,35.8394569],[129.5167111,35.839444],[129.5167071,35.8395125],[129.5167643,35.8395277],[129.5167627,35.8394569]]]]}},{"type":"Feature","properties":{"UFID":"100035903061A00110100000004495670"},"geometry":{"type":"MultiPolygon","coordinates":[[[[129.5170295,35.839587],[129.5170242,35.8395794],[129.5169695,35.839537],[129.5169057,35.8395062],[129.5168166,35.8394703],[129.5167627,35.8394569],[129.5167643,35.8395277],[129.516799,35.8395369],[129.5168558,35.839559],[129.5169185,35.8395916],[129.5169408,35.8396054],[129.5169678,35.8396303],[129.5170295,35.839587]]]]}},{"type":"Feature","properties":{"UFID":"100035903061A00110100000004495671"},"geometry":{"type":"MultiPolygon","coordinates":[[[[129.5170421,35.8396051],[129.5170295,35.839587],[129.5169678,35.8396303],[129.5169809,35.8396477],[129.5170421,35.8396051]]]]}},{"type":"Feature","properties":{"UFID":"100035903061A00110100000004495672"},"geometry":{"type":"MultiPolygon","coordinates":[[[[129.5173781,35.8399912],[129.5173439,35.8399959],[129.5173181,35.8399945],[129.5172789,35.8399863],[129.5172414,35.8399691],[129.5171965,35.839939],[129.5171616,35.8398983],[129.5171368,35.8398443],[129.5171204,35.8397793],[129.5171054,35.839721],[129.5170962,35.8396888],[129.517073,35.8396491],[129.5170421,35.8396051],[129.5169809,35.8396477],[129.5170059,35.8396809],[129.5170251,35.839715],[129.5170389,35.8397688],[129.517054,35.8398346],[129.5170735,35.8398764],[129.5171019,35.8399273],[129.5171308,35.8399602],[129.5171718,35.8399946],[129.5172293,35.8400315],[129.5172826,35.8400556],[129.5173103,35.8400737],[129.5173383,35.8400977],[129.5173781,35.8399912]]]]}},{"type":"Feature","properties":{"UFID":"100035903061A00110100000004495673"},"geometry":{"type":"MultiPolygon","coordinates":[[[[129.5178547,35.8403621],[129.5178281,35.8403374],[129.5177713,35.8402744],[129.517689,35.8402183],[129.5175767,35.8401629],[129.5175406,35.8401488],[129.5175229,35.8401365],[129.5175028,35.8401982],[129.5175133,35.840188],[129.5175256,35.8401825],[129.5175354,35.8401816],[129.5175972,35.8402082],[129.5176787,35.8402475],[129.517737,35.840278],[129.5177756,35.8403125],[129.5178028,35.8403545],[129.5178105,35.8403749],[129.5178547,35.8403621]]]]}},{"type":"Feature","properties":{"UFID":"100035903061A00110100000004495674"},"geometry":{"type":"MultiPolygon","coordinates":[[[[129.5178547,35.8403621],[129.5178105,35.8403749],[129.5178121,35.8403789],[129.5178241,35.8404157],[129.5178509,35.8404176],[129.5178547,35.8403621]]]]}},{"type":"Feature","properties":{"UFID":"100035903061A00110100000004495675"},"geometry":{"type":"MultiPolygon","coordinates":[[[[129.5171055,35.839491],[129.5170701,35.839504],[129.5170577,35.8395396],[129.5170389,35.8395753],[129.5170295,35.839587],[129.5170421,35.8396051],[129.5170799,35.8395402],[129.5171055,35.839491]]]]}},{"type":"Feature","properties":{"UFID":"100035903061A00110100000004495676"},"geometry":{"type":"MultiPolygon","coordinates":[[[[129.5170985,35.8394608],[129.5171055,35.839491],[129.5171359,35.8394743],[129.5171622,35.839454],[129.5171782,35.8394329],[129.5171624,35.8394246],[129.5171397,35.8394457],[129.517122,35.8394562],[129.517117,35.839458],[129.5171121,35.8394595],[129.5171082,35.8394605],[129.5170985,35.8394608]]]]}},{"type":"Feature","properties":{"UFID":"100035903061A00110100000004495677"},"geometry":{"type":"MultiPolygon","coordinates":[[[[129.5170985,35.8394608],[129.5170885,35.8394288],[129.5170651,35.8394042],[129.5170384,35.839383],[129.5169922,35.8393704],[129.5169331,35.8393611],[129.5168893,35.8393617],[129.5168437,35.8393669],[129.5168151,35.83937],[129.516803,35.8393702],[129.516793,35.8393698],[129.5167732,35.8393639],[129.516761,35.8393554],[129.5167464,35.8393418],[129.5167372,35.83934],[129.5167299,35.8393399],[129.5167211,35.8393396],[129.5167179,35.8393387],[129.5167299,35.8393717],[129.5167316,35.8393706],[129.516739,35.8393706],[129.5167642,35.8393828],[129.5167946,35.8393905],[129.5168139,35.8393995],[129.5168211,35.839406],[129.5168268,35.8394091],[129.5168324,35.8394085],[129.5168416,35.839405],[129.5168591,35.8393873],[129.5168715,35.8393818],[129.5168901,35.8393791],[129.5169101,35.8393791],[129.5169467,35.8393814],[129.5169827,35.839387],[129.5170106,35.8393976],[129.5170255,35.8394052],[129.5170512,35.8394249],[129.5170661,35.8394478],[129.5170742,35.8394727],[129.5170985,35.8394608]]]]}},{"type":"Feature","properties":{"UFID":"100035903061A00110100000004495678"},"geometry":{"type":"MultiPolygon","coordinates":[[[[129.5171055,35.839491],[129.5170985,35.8394608],[129.5170742,35.8394727],[129.5170701,35.839504],[129.5171055,35.839491]]]]}},{"type":"Feature","properties":{"UFID":"100035903061A00110100000004495680"},"geometry":{"type":"MultiPolygon","coordinates":[[[[129.5167999,35.8416569],[129.5166849,35.841616],[129.5166656,35.8416348],[129.516719,35.8416675],[129.5167726,35.8416935],[129.5167769,35.8416955],[129.5167999,35.8416569]]]]}},{"type":"Feature","properties":{"UFID":"100035903061A00110100000004495682"},"geometry":{"type":"MultiPolygon","coordinates":[[[[129.5171262,35.8417679],[129.5168987,35.841692],[129.5167999,35.8416569],[129.5167769,35.8416955],[129.5169,35.8417489],[129.5171063,35.8418147],[129.5171262,35.8417679]]]]}},{"type":"Feature","properties":{"UFID":"100035903061A00110100000004495684"},"geometry":{"type":"MultiPolygon","coordinates":[[[[129.5173613,35.8418593],[129.5172292,35.8417831],[129.5171262,35.8417679],[129.5173088,35.8418776],[129.5173514,35.8418877],[129.5173532,35.8418885],[129.5173613,35.8418593]]]]}},{"type":"Feature","properties":{"UFID":"100035903061A00110100000004495685"},"geometry":{"type":"MultiPolygon","coordinates":[[[[129.5171262,35.8417679],[129.5171063,35.8418147],[129.5172889,35.8418729],[129.5172997,35.8418755],[129.5173088,35.8418776],[129.5171262,35.8417679]]]]}},{"type":"Feature","properties":{"UFID":"100035903061A00110100000004495687"},"geometry":{"type":"MultiPolygon","coordinates":[[[[129.5179692,35.841459],[129.5177507,35.8413707],[129.5177435,35.8413509],[129.5177227,35.8413793],[129.5177966,35.8414103],[129.5179559,35.8414778],[129.5179692,35.841459]]]]}},{"type":"Feature","properties":{"UFID":"100035903061A00110100000004495689"},"geometry":{"type":"MultiPolygon","coordinates":[[[[129.5177435,35.8413509],[129.5177086,35.8413369],[129.5176877,35.8413656],[129.5177227,35.8413793],[129.5177435,35.8413509]]]]}},{"type":"Feature","properties":{"UFID":"100035903061A00110100000004495690"},"geometry":{"type":"MultiPolygon","coordinates":[[[[129.5180171,35.8414806],[129.5179692,35.841459],[129.5179559,35.8414778],[129.5180049,35.8414976],[129.5180118,35.8414882],[129.5180171,35.8414806]]]]}},{"type":"Feature","properties":{"UFID":"100035903061A00110100000004495691"},"geometry":{"type":"MultiPolygon","coordinates":[[[[129.5151222,35.84059],[129.5151047,35.8405858],[129.5151622,35.8406182],[129.5153092,35.840702],[129.5152961,35.8406901],[129.515246,35.8406528],[129.5151926,35.8406191],[129.5151222,35.84059]]]]}},{"type":"Feature","properties":{"UFID":"100035903061A00110100000004495692"},"geometry":{"type":"MultiPolygon","coordinates":[[[[129.5166849,35.841616],[129.5166555,35.8416056],[129.516591,35.8415574],[129.5165542,35.8415007],[129.516536,35.8414327],[129.5165141,35.8414065],[129.5164397,35.8414851],[129.5164565,35.8414822],[129.5164981,35.8414916],[129.516542,35.841559],[129.5166656,35.8416348],[129.5166849,35.841616]]]]}},{"type":"Feature","properties":{"UFID":"100035903061A00110100000004495693"},"geometry":{"type":"MultiPolygon","coordinates":[[[[129.5172707,35.8407239],[129.5172388,35.8407675],[129.5174118,35.8408307],[129.5174406,35.8407876],[129.5172707,35.8407239]]]]}},{"type":"Feature","properties":{"UFID":"100035903061A00110100000004495694"},"geometry":{"type":"MultiPolygon","coordinates":[[[[129.5178547,35.8403621],[129.5178509,35.8404176],[129.5178551,35.8404155],[129.5179676,35.8404161],[129.5179691,35.8403798],[129.5179645,35.8403799],[129.5179014,35.8403768],[129.5178707,35.8403695],[129.5178547,35.8403621]]]]}},{"type":"Feature","properties":{"UFID":"100035903061A00110100000004495695"},"geometry":{"type":"MultiPolygon","coordinates":[[[[129.5185967,35.8391825],[129.5185845,35.8391477],[129.5185826,35.839148],[129.5184634,35.8391592],[129.5183241,35.839172],[129.5182314,35.8391686],[129.5181823,35.8391663],[129.5180885,35.839156],[129.5180033,35.8391468],[129.5180008,35.8391436],[129.5179709,35.8392194],[129.5180933,35.8392018],[129.5181644,35.8392016],[129.5182291,35.8392046],[129.5183256,35.8392081],[129.5184684,35.839195],[129.518589,35.8391837],[129.5185967,35.8391825]]]]}},{"type":"Feature","properties":{"UFID":"100035903061A00110100000004495696"},"geometry":{"type":"MultiPolygon","coordinates":[[[[129.5186894,35.8391283],[129.5186842,35.8391227],[129.5186065,35.8390694],[129.5185492,35.8390338],[129.5185093,35.839018],[129.518442,35.8390034],[129.5182816,35.8389621],[129.5181694,35.8389303],[129.5181668,35.8389297],[129.5181451,35.8389238],[129.5180641,35.8388989],[129.5180521,35.8389558],[129.5181026,35.8389572],[129.5181045,35.8389577],[129.5181545,35.838969],[129.5182659,35.8390006],[129.5184281,35.8390423],[129.5184918,35.8390561],[129.5185229,35.8390685],[129.5185753,35.839101],[129.5186193,35.8391312],[129.5186212,35.8391336],[129.5186158,35.8391432],[129.5186894,35.8391283]]]]}},{"type":"Feature","properties":{"UFID":"100035903061A00110100000004495697"},"geometry":{"type":"MultiPolygon","coordinates":[[[[129.5187713,35.8398494],[129.5187567,35.8398601],[129.5187405,35.8398614],[129.5187253,35.8398612],[129.5187111,35.8398608],[129.5186798,35.8398579],[129.5186774,35.8398577],[129.518622,35.8398515],[129.5186013,35.839848],[129.5185821,35.8398443],[129.5185442,35.8398323],[129.5185321,35.8398575],[129.5185723,35.8398702],[129.5185941,35.8398744],[129.5186164,35.8398781],[129.5186834,35.8398857],[129.5186975,35.8398876],[129.5187298,35.8399001],[129.5187343,35.8399051],[129.5187378,35.839913],[129.5187406,35.8399224],[129.5187713,35.8398494]]]]}},{"type":"Feature","properties":{"UFID":"100035903061A00110100000004495698"},"geometry":{"type":"MultiPolygon","coordinates":[[[[129.5186588,35.8391787],[129.5185967,35.8391825],[129.5186064,35.8391898],[129.5186136,35.8392052],[129.5186139,35.8392126],[129.5186187,35.8392406],[129.5186369,35.8392971],[129.5186514,35.8393538],[129.5186503,35.8394277],[129.5186427,35.8394262],[129.5185509,35.839405],[129.5185419,35.839431],[129.5186343,35.8394523],[129.5186831,35.839462],[129.5186846,35.8393511],[129.5186692,35.8392909],[129.5186513,35.8392353],[129.518647,35.8392104],[129.518647,35.8392079],[129.5186588,35.8391787]]]]}},{"type":"Feature","properties":{"UFID":"100035903061A00110100000004495699"},"geometry":{"type":"MultiPolygon","coordinates":[[[[129.5186588,35.8391787],[129.5186117,35.8391438],[129.5185845,35.8391477],[129.5185967,35.8391825],[129.5186588,35.8391787]]]]}},{"type":"Feature","properties":{"UFID":"100035903061A00110100000004495700"},"geometry":{"type":"MultiPolygon","coordinates":[[[[129.5186813,35.8391746],[129.5186158,35.8391432],[129.5186117,35.8391438],[129.5186588,35.8391787],[129.5186813,35.8391746]]]]}},{"type":"Feature","properties":{"UFID":"100035903061A00110100000004495701"},"geometry":{"type":"MultiPolygon","coordinates":[[[[129.5187231,35.8391668],[129.5186894,35.8391283],[129.5186158,35.8391432],[129.5186813,35.8391746],[129.5187231,35.8391668]]]]}},{"type":"Feature","properties":{"UFID":"100035903061A00110100000004495702"},"geometry":{"type":"MultiPolygon","coordinates":[[[[129.519101,35.8386212],[129.5190669,35.8386436],[129.5188367,35.8385972],[129.5188287,35.8386235],[129.5190667,35.8386715],[129.5190715,35.8386719],[129.5190837,35.8386849],[129.5190954,35.8387024],[129.519101,35.8386212]]]]}},{"type":"Feature","properties":{"UFID":"100035903061A00110100000004495703"},"geometry":{"type":"MultiPolygon","coordinates":[[[[129.5191118,35.8379711],[129.5191118,35.8379645],[129.5191094,35.8379529],[129.519011,35.8379669],[129.5190126,35.8379839],[129.5191118,35.8379711]]]]}},{"type":"Feature","properties":{"UFID":"100035903061A00110100000004495704"},"geometry":{"type":"MultiPolygon","coordinates":[[[[129.519145,35.8379622],[129.5191118,35.8379711],[129.5191119,35.8380098],[129.5191074,35.8381969],[129.5191032,35.8382453],[129.5191009,35.8382593],[129.5190825,35.8383486],[129.5190794,35.8383735],[129.5190806,35.8384292],[129.519101,35.8386212],[129.5191345,35.8386235],[129.5191138,35.8384278],[129.5191126,35.8383746],[129.5191154,35.8383522],[129.5191337,35.8382633],[129.5191363,35.8382481],[129.5191406,35.8381981],[129.5191451,35.83801],[129.519145,35.8379622]]]]}},{"type":"Feature","properties":{"UFID":"100035903061A00110100000004495705"},"geometry":{"type":"MultiPolygon","coordinates":[[[[129.5191345,35.8386235],[129.519101,35.8386212],[129.5190954,35.8387024],[129.5191289,35.838703],[129.5191355,35.8386686],[129.5191364,35.8386568],[129.5191363,35.8386464],[129.5191352,35.83863],[129.5191345,35.8386235]]]]}},{"type":"Feature","properties":{"UFID":"100035903061A00110100000004495706"},"geometry":{"type":"MultiPolygon","coordinates":[[[[129.519145,35.8379622],[129.5191417,35.8379465],[129.5191094,35.8379529],[129.5191118,35.8379645],[129.5191118,35.8379711],[129.519145,35.8379622]]]]}},{"type":"Feature","properties":{"UFID":"100035903061A00110100000004495707"},"geometry":{"type":"MultiPolygon","coordinates":[[[[129.5092622,35.8275117],[129.5092353,35.8274958],[129.5089454,35.8276205],[129.5087405,35.8277222],[129.5086601,35.8277519],[129.5086514,35.8277528],[129.508571,35.827753],[129.5085252,35.8277583],[129.5084792,35.8277705],[129.5083924,35.8277992],[129.5082657,35.8278567],[129.5082512,35.8278602],[129.5082336,35.8278625],[129.5081297,35.8278622],[129.5081196,35.8278596],[129.5081151,35.8278571],[129.5081156,35.8278501],[129.5080755,35.8278935],[129.5080859,35.8278912],[129.5082277,35.8278845],[129.5082482,35.827881],[129.5084408,35.8278011],[129.5085194,35.8277827],[129.5085448,35.8277795],[129.5086348,35.8277791],[129.5086531,35.8277777],[129.5086991,35.8277698],[129.5087544,35.827747],[129.5089164,35.8276606],[129.5091501,35.8275559],[129.5092622,35.8275117]]]]}},{"type":"Feature","properties":{"UFID":"100035903061A00110100000004495708"},"geometry":{"type":"MultiPolygon","coordinates":[[[[129.5102156,35.8274504],[129.5101765,35.8274026],[129.5101751,35.8273915],[129.510186,35.8273378],[129.5101879,35.8273349],[129.5101271,35.8273156],[129.5101276,35.8273833],[129.5101308,35.8273992],[129.5101626,35.8274582],[129.5102156,35.8274504]]]]}},{"type":"Feature","properties":{"UFID":"100035903061A00110100000004495709"},"geometry":{"type":"MultiPolygon","coordinates":[[[[129.5078657,35.8281428],[129.5077981,35.8281893],[129.5078088,35.8281904],[129.5078154,35.8281947],[129.5078366,35.8282305],[129.5079041,35.8282192],[129.5078675,35.8281713],[129.507866,35.8281623],[129.5078655,35.8281526],[129.5078657,35.8281428]]]]}},{"type":"Feature","properties":{"UFID":"100035903061A00110100000004495710"},"geometry":{"type":"MultiPolygon","coordinates":[[[[129.5078657,35.8281428],[129.5078405,35.828112],[129.5078252,35.8281273],[129.507774,35.8281701],[129.5077981,35.8281893],[129.5078657,35.8281428]]]]}},{"type":"Feature","properties":{"UFID":"100035903061A00110100000004495711"},"geometry":{"type":"MultiPolygon","coordinates":[[[[129.5080755,35.8278935],[129.5080548,35.8278775],[129.5080519,35.8278797],[129.5079492,35.8279519],[129.5079088,35.8279834],[129.5078967,35.8280025],[129.5078705,35.8280436],[129.5078618,35.8280732],[129.5078405,35.828112],[129.5078657,35.8281428],[129.5078688,35.8281241],[129.5079021,35.8280502],[129.5079265,35.8280096],[129.5079405,35.8279939],[129.5079931,35.8279483],[129.5080755,35.8278935]]]]}},{"type":"Feature","properties":{"UFID":"100035903061A00110100000004495712"},"geometry":{"type":"MultiPolygon","coordinates":[[[[129.5081156,35.8278501],[129.5080793,35.8278421],[129.5080548,35.8278775],[129.5080755,35.8278935],[129.5081156,35.8278501]]]]}},{"type":"Feature","properties":{"UFID":"100035903061A00110100000004495713"},"geometry":{"type":"MultiPolygon","coordinates":[[[[129.5097478,35.8276305],[129.5097421,35.8276272],[129.5095989,35.8274916],[129.5095396,35.8274344],[129.5095286,35.8274317],[129.5095155,35.8274306],[129.5095026,35.82743],[129.5094902,35.8274302],[129.5093779,35.8274483],[129.5093268,35.8274584],[129.5093359,35.8274919],[129.5094967,35.827458],[129.5095104,35.8274597],[129.5095211,35.8274619],[129.5095299,35.8274659],[129.5095346,35.8274696],[129.5095404,35.8274748],[129.5097443,35.827686],[129.5097478,35.8276305]]]]}},{"type":"Feature","properties":{"UFID":"100035903061A00110100000004495714"},"geometry":{"type":"MultiPolygon","coordinates":[[[[129.5093359,35.8274919],[129.5093268,35.8274584],[129.5092353,35.8274958],[129.5092622,35.8275117],[129.5092825,35.827524],[129.5093388,35.8275108],[129.5093324,35.8274961],[129.5093359,35.8274919]]]]}},{"type":"Feature","properties":{"UFID":"100035903061A00110100000004495715"},"geometry":{"type":"MultiPolygon","coordinates":[[[[129.5097966,35.8276211],[129.5097565,35.8276313],[129.5097478,35.8276305],[129.5097443,35.827686],[129.5098219,35.8276876],[129.5097966,35.8276211]]]]}},{"type":"Feature","properties":{"UFID":"100035903061A00110100000004495716"},"geometry":{"type":"MultiPolygon","coordinates":[[[[129.5101236,35.8275776],[129.5100669,35.8275572],[129.5100233,35.827566],[129.5100072,35.8275679],[129.5097966,35.8276211],[129.5098219,35.8276876],[129.5098903,35.8276493],[129.5101236,35.8275776]]]]}},{"type":"Feature","properties":{"UFID":"100035903061A00110100000004495717"},"geometry":{"type":"MultiPolygon","coordinates":[[[[129.5101991,35.8275548],[129.5101205,35.8275283],[129.5100961,35.8275441],[129.5100669,35.8275572],[129.5101236,35.8275776],[129.5101991,35.8275548]]]]}},{"type":"Feature","properties":{"UFID":"100035903061A00110100000004495718"},"geometry":{"type":"MultiPolygon","coordinates":[[[[129.5102156,35.8274504],[129.5101626,35.8274582],[129.5101589,35.8274842],[129.5101524,35.827497],[129.5101424,35.8275105],[129.5101205,35.8275283],[129.5101991,35.8275548],[129.5102447,35.8275134],[129.5102444,35.8275071],[129.5102437,35.8275008],[129.5102386,35.8274822],[129.510235,35.8274766],[129.51023,35.827468],[129.5102156,35.8274504]]]]}},{"type":"Feature","properties":{"UFID":"100035903061A00110100000004495719"},"geometry":{"type":"MultiPolygon","coordinates":[[[[129.5098219,35.8276876],[129.5097443,35.827686],[129.5097404,35.8276897],[129.5096775,35.8277217],[129.509673,35.8277268],[129.5096468,35.8278072],[129.5095858,35.8279358],[129.5096223,35.8279497],[129.5097013,35.8277699],[129.5097535,35.8277259],[129.5098219,35.8276876]]]]}},{"type":"Feature","properties":{"UFID":"100035903061A00110100000004495720"},"geometry":{"type":"MultiPolygon","coordinates":[[[[129.5101991,35.8275548],[129.5101236,35.8275776],[129.5102064,35.8275912],[129.5102604,35.8276023],[129.510291,35.8275875],[129.5101987,35.8275586],[129.5101991,35.8275548]]]]}},{"type":"Feature","properties":{"UFID":"100035903061A00110100000004495721"},"geometry":{"type":"MultiPolygon","coordinates":[[[[129.5092353,35.8274958],[129.5093268,35.8274584],[129.5093034,35.8274569],[129.5092921,35.8274548],[129.5092742,35.8274506],[129.5092606,35.8274477],[129.5092498,35.8274463],[129.5092375,35.8274465],[129.5092273,35.8274467],[129.5091944,35.8274533],[129.5090686,35.8275069],[129.5088362,35.8276143],[129.5087285,35.8276453],[129.5087074,35.8276467],[129.5086939,35.8276448],[129.5086829,35.8276399],[129.5085831,35.8275975],[129.5085648,35.8275925],[129.5085427,35.8275897],[129.5084643,35.8275902],[129.5083821,35.8276021],[129.5082689,35.8276233],[129.5082475,35.827631],[129.5082351,35.8276386],[129.5081709,35.82771],[129.5080793,35.8278421],[129.5081156,35.8278501],[129.5081592,35.8277911],[129.5081864,35.827748],[129.5082596,35.8276654],[129.5082813,35.8276509],[129.5083057,35.8276416],[129.5083357,35.8276346],[129.508472,35.8276128],[129.5085196,35.8276117],[129.5085527,35.8276152],[129.5085665,35.8276197],[129.5085815,35.8276259],[129.5086604,35.8276719],[129.5086687,35.8276753],[129.5086803,35.8276805],[129.5086921,35.8276835],[129.5087075,35.8276849],[129.5087209,35.8276839],[129.5087334,35.8276816],[129.5088193,35.8276505],[129.5089978,35.8275761],[129.5092101,35.8274888],[129.5092181,35.8274883],[129.5092236,35.8274882],[129.5092291,35.8274881],[129.5092335,35.827489],[129.5092358,35.8274905],[129.5092353,35.8274958]]]]}},{"type":"Feature","properties":{"UFID":"100035903061A00110100000004495722"},"geometry":{"type":"MultiPolygon","coordinates":[[[[129.5176868,35.8369371],[129.5176495,35.8369137],[129.517651,35.8369274],[129.517649,35.8369374],[129.5176444,35.8369467],[129.5176373,35.8369534],[129.5176266,35.836961],[129.5176107,35.836965],[129.5176032,35.8369659],[129.5175966,35.8369657],[129.5176962,35.8370433],[129.5176885,35.8370326],[129.5176829,35.8370189],[129.5176827,35.8370124],[129.5176868,35.8369371]]]]}},{"type":"Feature","properties":{"UFID":"100035903061A00110100000004495723"},"geometry":{"type":"MultiPolygon","coordinates":[[[[129.5176962,35.8370433],[129.5175966,35.8369657],[129.5175546,35.8370108],[129.5176489,35.8370838],[129.5176962,35.8370433]]]]}},{"type":"Feature","properties":{"UFID":"100035903061A00110100000004495724"},"geometry":{"type":"MultiPolygon","coordinates":[[[[129.5176903,35.8368744],[129.5176451,35.8368476],[129.5176495,35.8369137],[129.5176868,35.8369371],[129.5176903,35.8368744]]]]}},{"type":"Feature","properties":{"UFID":"100035903061A00110100000004495725"},"geometry":{"type":"MultiPolygon","coordinates":[[[[129.517883,35.8366659],[129.5178486,35.8366304],[129.5176802,35.8367767],[129.5176611,35.8367929],[129.5176574,35.8367992],[129.5176451,35.8368476],[129.5176903,35.8368744],[129.5176936,35.8368125],[129.5176951,35.8368067],[129.5177111,35.8367903],[129.5178441,35.8366878],[129.517883,35.8366659]]]]}},{"type":"Feature","properties":{"UFID":"100035903061A00110100000004495726"},"geometry":{"type":"MultiPolygon","coordinates":[[[[129.5179539,35.8415672],[129.5179062,35.841544],[129.5178517,35.84153],[129.5176932,35.841794],[129.5177627,35.8418278],[129.5179539,35.8415672]]]]}},{"type":"Feature","properties":{"UFID":"100035903061A00110100000004495727"},"geometry":{"type":"MultiPolygon","coordinates":[[[[129.5177627,35.8418278],[129.5176932,35.841794],[129.5176625,35.8418452],[129.5176272,35.841853],[129.5175813,35.8418505],[129.5174929,35.8418252],[129.5173862,35.8417662],[129.5173613,35.8418593],[129.5176633,35.8419285],[129.5177062,35.8419048],[129.5177627,35.8418278]]]]}},{"type":"Feature","properties":{"UFID":"100035903061A00110100000004495728"},"geometry":{"type":"MultiPolygon","coordinates":[[[[129.5189931,35.8397374],[129.5189824,35.8397375],[129.5188799,35.8397069],[129.518875,35.8396997],[129.5188322,35.8398001],[129.5189505,35.8398264],[129.5189931,35.8397374]]]]}},{"type":"Feature","properties":{"UFID":"100035903061A00110100000004495729"},"geometry":{"type":"MultiPolygon","coordinates":[[[[129.518464,35.84067],[129.5183604,35.8406144],[129.5183221,35.8406714],[129.518359,35.8406701],[129.5183798,35.8406697],[129.5184217,35.8407016],[129.518464,35.84067]]]]}},{"type":"Feature","properties":{"UFID":"100035903061A00110100000004495730"},"geometry":{"type":"MultiPolygon","coordinates":[[[[129.5196183,35.8375574],[129.51955,35.8372377],[129.5195383,35.8372376],[129.5194834,35.8372348],[129.51948,35.8375474],[129.5194788,35.8376513],[129.5196002,35.8376639],[129.5196183,35.8375574]]]]}},{"type":"Feature","properties":{"UFID":"100035903061A00110100000004495731"},"geometry":{"type":"MultiPolygon","coordinates":[[[[129.5182494,35.8411294],[129.5181061,35.8410679],[129.5180042,35.8411593],[129.5181729,35.8412484],[129.5182246,35.841165],[129.5182494,35.8411294]]]]}},{"type":"Feature","properties":{"UFID":"100035903061A00110100000004495732"},"geometry":{"type":"MultiPolygon","coordinates":[[[[129.5182979,35.8406929],[129.5182745,35.8406754],[129.5182086,35.8406984],[129.5182784,35.8407231],[129.5182879,35.8407017],[129.5182979,35.8406929]]]]}},{"type":"Feature","properties":{"UFID":"100035903061A00110100000004495733"},"geometry":{"type":"MultiPolygon","coordinates":[[[[129.5183221,35.8406714],[129.5182873,35.8406561],[129.5182745,35.8406754],[129.5182979,35.8406929],[129.5183221,35.8406714]]]]}},{"type":"Feature","properties":{"UFID":"100035903061A00110100000004495734"},"geometry":{"type":"MultiPolygon","coordinates":[[[[129.5185109,35.8404298],[129.5185417,35.8403076],[129.5184305,35.8404592],[129.5183227,35.8406026],[129.5183604,35.8406144],[129.5183609,35.8406107],[129.5185021,35.8404301],[129.5185109,35.8404298]]]]}},{"type":"Feature","properties":{"UFID":"100035903061A00110100000004495735"},"geometry":{"type":"MultiPolygon","coordinates":[[[[129.5183604,35.8406144],[129.5183227,35.8406026],[129.5182873,35.8406561],[129.5183221,35.8406714],[129.5183604,35.8406144]]]]}},{"type":"Feature","properties":{"UFID":"100035903061A00110100000004495736"},"geometry":{"type":"MultiPolygon","coordinates":[[[[129.5183529,35.840969],[129.5181884,35.8409267],[129.5181631,35.8409969],[129.5183024,35.8410463],[129.5183236,35.8410129],[129.5183529,35.840969]]]]}},{"type":"Feature","properties":{"UFID":"100035903061A00110100000004495737"},"geometry":{"type":"MultiPolygon","coordinates":[[[[129.5183392,35.8408915],[129.5182732,35.8408795],[129.5181884,35.8409267],[129.5183529,35.840969],[129.5183392,35.8408915]]]]}},{"type":"Feature","properties":{"UFID":"100035903061A00110100000004495738"},"geometry":{"type":"MultiPolygon","coordinates":[[[[129.518495,35.8407436],[129.5184217,35.8407016],[129.5184133,35.8407188],[129.5183792,35.8408078],[129.5183447,35.8408907],[129.5183392,35.8408915],[129.5183529,35.840969],[129.5184229,35.8408642],[129.518495,35.8407436]]]]}},{"type":"Feature","properties":{"UFID":"100035903061A00110100000004495739"},"geometry":{"type":"MultiPolygon","coordinates":[[[[129.5185209,35.8407004],[129.518464,35.84067],[129.5184217,35.8407016],[129.518495,35.8407436],[129.5185209,35.8407004]]]]}},{"type":"Feature","properties":{"UFID":"100035903061A00110100000004495740"},"geometry":{"type":"MultiPolygon","coordinates":[[[[129.5187114,35.8403777],[129.5185417,35.8403076],[129.5185109,35.8404298],[129.5185963,35.8404628],[129.5187114,35.8403777]]]]}},{"type":"Feature","properties":{"UFID":"100035903061A00110100000004495741"},"geometry":{"type":"MultiPolygon","coordinates":[[[[129.5187114,35.8403777],[129.5185963,35.8404628],[129.5185965,35.8404673],[129.5185901,35.8404828],[129.518464,35.84067],[129.5185209,35.8407004],[129.5186423,35.8404974],[129.5187114,35.8403777]]]]}},{"type":"Feature","properties":{"UFID":"100035903061A00110100000004495742"},"geometry":{"type":"MultiPolygon","coordinates":[[[[129.5188358,35.840162],[129.5186865,35.8401049],[129.5186598,35.8401473],[129.5185826,35.8402519],[129.5185417,35.8403076],[129.5187114,35.8403777],[129.5188358,35.840162]]]]}},{"type":"Feature","properties":{"UFID":"100035903061A00110100000004495743"},"geometry":{"type":"MultiPolygon","coordinates":[[[[129.5188601,35.84012],[129.5187072,35.8400615],[129.5186865,35.8401049],[129.5188358,35.840162],[129.5188601,35.84012]]]]}},{"type":"Feature","properties":{"UFID":"100035903061A00110100000004495744"},"geometry":{"type":"MultiPolygon","coordinates":[[[[129.5189011,35.8400437],[129.5187279,35.8399968],[129.5187072,35.8400615],[129.5188601,35.84012],[129.5188751,35.840094],[129.5189011,35.8400437]]]]}},{"type":"Feature","properties":{"UFID":"100035903061A00110100000004495745"},"geometry":{"type":"MultiPolygon","coordinates":[[[[129.5190573,35.8390922],[129.5190168,35.8390853],[129.5190131,35.8390938],[129.5190064,35.8391005],[129.5190509,35.8391081],[129.519054,35.8390961],[129.5190573,35.8390922]]]]}},{"type":"Feature","properties":{"UFID":"100035903061A00110100000004495746"},"geometry":{"type":"MultiPolygon","coordinates":[[[[129.5190429,35.839148],[129.5189817,35.8391427],[129.5189824,35.8391467],[129.5189905,35.8391786],[129.5189832,35.8392855],[129.5190246,35.8392874],[129.5190429,35.839148]]]]}},{"type":"Feature","properties":{"UFID":"100035903061A00110100000004495747"},"geometry":{"type":"MultiPolygon","coordinates":[[[[129.5190509,35.8391081],[129.5190064,35.8391005],[129.5189817,35.8391427],[129.5190429,35.839148],[129.5190453,35.8391296],[129.5190509,35.8391081]]]]}},{"type":"Feature","properties":{"UFID":"100035903061A00110100000004495748"},"geometry":{"type":"MultiPolygon","coordinates":[[[[129.5190246,35.8392874],[129.5189832,35.8392855],[129.5189772,35.8393735],[129.5189766,35.8393826],[129.5189183,35.8394777],[129.5188442,35.8396927],[129.518875,35.8396997],[129.5189248,35.8395417],[129.5189569,35.8394557],[129.5189936,35.8393997],[129.5190246,35.8392874]]]]}},{"type":"Feature","properties":{"UFID":"100035903061A00110100000004495749"},"geometry":{"type":"MultiPolygon","coordinates":[[[[129.518875,35.8396997],[129.5188442,35.8396927],[129.5188168,35.8397722],[129.518807,35.8397916],[129.5188322,35.8398001],[129.518875,35.8396997]]]]}},{"type":"Feature","properties":{"UFID":"100035903061A00110100000004495750"},"geometry":{"type":"MultiPolygon","coordinates":[[[[129.5188322,35.8398001],[129.518807,35.8397916],[129.5187944,35.8398165],[129.5187713,35.8398494],[129.5188088,35.839861],[129.5188322,35.8398001]]]]}},{"type":"Feature","properties":{"UFID":"100035903061A00110100000004495751"},"geometry":{"type":"MultiPolygon","coordinates":[[[[129.5187874,35.839935],[129.5187854,35.8399313],[129.5187406,35.8399224],[129.5187409,35.8399413],[129.5187279,35.8399968],[129.5187874,35.839935]]]]}},{"type":"Feature","properties":{"UFID":"100035903061A00110100000004495752"},"geometry":{"type":"MultiPolygon","coordinates":[[[[129.5188088,35.839861],[129.5187713,35.8398494],[129.5187406,35.8399224],[129.5187854,35.8399313],[129.5188088,35.839861]]]]}},{"type":"Feature","properties":{"UFID":"100035903061A00110100000004495753"},"geometry":{"type":"MultiPolygon","coordinates":[[[[129.5189035,35.8399535],[129.5187874,35.839935],[129.5187279,35.8399968],[129.5189011,35.8400437],[129.5189035,35.8399535]]]]}},{"type":"Feature","properties":{"UFID":"100035903061A00110100000004495754"},"geometry":{"type":"MultiPolygon","coordinates":[[[[129.5190606,35.8390709],[129.5190239,35.839065],[129.5190226,35.8390717],[129.5190168,35.8390853],[129.5190573,35.8390922],[129.5190606,35.8390709]]]]}},{"type":"Feature","properties":{"UFID":"100035903061A00110100000004495755"},"geometry":{"type":"MultiPolygon","coordinates":[[[[129.51948,35.8375474],[129.5189217,35.8375067],[129.5189266,35.8376258],[129.5194302,35.8376462],[129.5194788,35.8376513],[129.51948,35.8375474]]]]}},{"type":"Feature","properties":{"UFID":"100035903061A00110100000004495756"},"geometry":{"type":"MultiPolygon","coordinates":[[[[129.5192258,35.8391003],[129.5191698,35.8390911],[129.5190606,35.8390709],[129.5190573,35.8390922],[129.5190639,35.8390917],[129.5191715,35.8391147],[129.5191749,35.8391203],[129.5192258,35.8391003]]]]}},{"type":"Feature","properties":{"UFID":"100035903061A00110100000004495757"},"geometry":{"type":"MultiPolygon","coordinates":[[[[129.5181729,35.8412484],[129.5180042,35.8411593],[129.5179532,35.8412049],[129.5180134,35.8412602],[129.5181729,35.8412484]]]]}},{"type":"Feature","properties":{"UFID":"100035903061A00110100000004495758"},"geometry":{"type":"MultiPolygon","coordinates":[[[[129.5183024,35.8410463],[129.5181631,35.8409969],[129.5181526,35.8410262],[129.5181061,35.8410679],[129.5182494,35.8411294],[129.5183024,35.8410463]]]]}},{"type":"Feature","properties":{"UFID":"100035903061A00110100000004495759"},"geometry":{"type":"MultiPolygon","coordinates":[[[[129.5182732,35.8408795],[129.518271,35.8408751],[129.5182757,35.8407308],[129.5182784,35.8407231],[129.5182086,35.8406984],[129.5182136,35.8408565],[129.5181884,35.8409267],[129.5182732,35.8408795]]]]}},{"type":"Feature","properties":{"UFID":"100035903061A00110100000004495760"},"geometry":{"type":"MultiPolygon","coordinates":[[[[129.5192776,35.8391088],[129.5192258,35.8391003],[129.5191749,35.8391203],[129.5192689,35.8391453],[129.5192728,35.8391241],[129.5192776,35.8391088]]]]}},{"type":"Feature","properties":{"UFID":"100035903061A00110100000004495761"},"geometry":{"type":"MultiPolygon","coordinates":[[[[129.5192689,35.8391453],[129.5191749,35.8391203],[129.519183,35.8392259],[129.5191689,35.839327],[129.5191442,35.8394894],[129.5191419,35.8394954],[129.5190957,35.839491],[129.5190434,35.8396544],[129.5189931,35.8397374],[129.5190596,35.8397567],[129.5190755,35.8397261],[129.5191366,35.8395938],[129.5191898,35.8394383],[129.5192298,35.8393118],[129.5192689,35.8391453]]]]}},{"type":"Feature","properties":{"UFID":"100035903061A00110100000004495762"},"geometry":{"type":"MultiPolygon","coordinates":[[[[129.5190144,35.8398435],[129.5189505,35.8398264],[129.5189192,35.8399455],[129.5189111,35.8399522],[129.5189035,35.8399535],[129.5189011,35.8400437],[129.5189147,35.8400175],[129.5189855,35.8398989],[129.5190144,35.8398435]]]]}},{"type":"Feature","properties":{"UFID":"100035903061A00110100000004495763"},"geometry":{"type":"MultiPolygon","coordinates":[[[[129.5190596,35.8397567],[129.5189931,35.8397374],[129.5189505,35.8398264],[129.5190144,35.8398435],[129.5190596,35.8397567]]]]}},{"type":"Feature","properties":{"UFID":"100035903061A00110100000004495764"},"geometry":{"type":"MultiPolygon","coordinates":[[[[129.5194834,35.8372348],[129.5195383,35.8372376],[129.5195359,35.8372359],[129.5195346,35.8371206],[129.5195389,35.8365745],[129.5195392,35.8364013],[129.5195375,35.8363973],[129.519536,35.8363957],[129.5195302,35.8363934],[129.5193302,35.8363759],[129.5193284,35.8364288],[129.5194558,35.8364398],[129.5194594,35.8364412],[129.519485,35.8364712],[129.5194864,35.8364754],[129.5194842,35.8371067],[129.5194855,35.8372339],[129.5194834,35.8372348]]]]}},{"type":"Feature","properties":{"UFID":"100035903071A00110100000004496855"},"geometry":{"type":"MultiPolygon","coordinates":[[[[129.5000864,35.8243459],[129.5000581,35.8243191],[129.5000263,35.8243307],[129.5000527,35.8243542],[129.5000541,35.8243538],[129.5000864,35.8243459]]]]}},{"type":"Feature","properties":{"UFID":"100035903071A00110100000004496856"},"geometry":{"type":"MultiPolygon","coordinates":[[[[129.5002046,35.8090615],[129.5000518,35.8089029],[129.500018,35.8089889],[129.5001249,35.8091074],[129.5002046,35.8090615]]]]}},{"type":"Feature","properties":{"UFID":"100035903071A00110100000004496857"},"geometry":{"type":"MultiPolygon","coordinates":[[[[129.5009052,35.8085815],[129.5008498,35.8085389],[129.5007545,35.8085861],[129.5003826,35.8087837],[129.5001375,35.808895],[129.5001226,35.8089007],[129.500109,35.8089048],[129.5000932,35.8089072],[129.5000768,35.8089082],[129.5000659,35.8089066],[129.5000518,35.8089029],[129.5002046,35.8090615],[129.5002018,35.8090457],[129.5002015,35.8090269],[129.5002046,35.8090076],[129.5002092,35.8089853],[129.5002134,35.8089717],[129.500218,35.8089599],[129.5002236,35.8089485],[129.5002324,35.8089399],[129.5002448,35.8089292],[129.5002577,35.8089194],[129.5002713,35.8089117],[129.5005209,35.8087836],[129.5008886,35.8085905],[129.5009052,35.8085815]]]]}},{"type":"Feature","properties":{"UFID":"100035903071A00110100000004496858"},"geometry":{"type":"MultiPolygon","coordinates":[[[[129.500549,35.8242234],[129.5004684,35.8242108],[129.5002837,35.8242658],[129.5000797,35.8243184],[129.5000714,35.8243195],[129.5000581,35.8243191],[129.5000864,35.8243459],[129.5001798,35.8243228],[129.5003813,35.8242654],[129.500511,35.8242284],[129.500549,35.8242234]]]]}},{"type":"Feature","properties":{"UFID":"100035903071A00110100000004496859"},"geometry":{"type":"MultiPolygon","coordinates":[[[[129.5001369,35.8215374],[129.5001312,35.8215303],[129.500126,35.8215195],[129.5001183,35.821497],[129.5000993,35.8214302],[129.5000795,35.8213473],[129.5000626,35.821266],[129.5000601,35.8212521],[129.5000578,35.8212209],[129.5000435,35.8211102],[129.5000105,35.8211131],[129.5000247,35.8212231],[129.5000271,35.8212549],[129.5000299,35.8212703],[129.5000469,35.8213522],[129.5000668,35.8214358],[129.5000861,35.8215037],[129.5000945,35.821528],[129.5001015,35.8215428],[129.5001113,35.8215549],[129.5001369,35.8215374]]]]}},{"type":"Feature","properties":{"UFID":"100035903071A00110100000004496860"},"geometry":{"type":"MultiPolygon","coordinates":[[[[129.5001253,35.8067382],[129.5001111,35.8067263],[129.500104,35.8067322],[129.5000874,35.8067528],[129.5000852,35.8067553],[129.5001121,35.8067754],[129.5001253,35.8067382]]]]}},{"type":"Feature","properties":{"UFID":"100035903071A00110100000004496861"},"geometry":{"type":"MultiPolygon","coordinates":[[[[129.5001326,35.8058021],[129.5000449,35.8058062],[129.5000567,35.8058663],[129.5001472,35.8058689],[129.5001326,35.8058021]]]]}},{"type":"Feature","properties":{"UFID":"100035903061A00110100000004496891"},"geometry":{"type":"MultiPolygon","coordinates":[[[[129.5100306,35.8254522],[129.5100054,35.8254525],[129.5099702,35.8254504],[129.5099513,35.8254469],[129.5099367,35.8254405],[129.5099198,35.8254283],[129.5098981,35.8254123],[129.509885,35.8253999],[129.50988,35.8253933],[129.5098776,35.8253875],[129.5098758,35.8253783],[129.509862,35.8252313],[129.5098565,35.825189],[129.5098531,35.8251746],[129.5098449,35.8251598],[129.5098317,35.8251399],[129.5097984,35.8251002],[129.5097591,35.8250529],[129.5097442,35.82504],[129.5097229,35.8250275],[129.5096997,35.8250177],[129.5096769,35.8250117],[129.5096554,35.8250064],[129.5096221,35.8250006],[129.5096148,35.825],[129.5095973,35.8249985],[129.5095717,35.8249982],[129.5095571,35.8249992],[129.5095508,35.825],[129.5095458,35.8250006],[129.5095394,35.8250014],[129.5095339,35.8250024],[129.5094403,35.8250162],[129.5094661,35.8250584],[129.5094665,35.8250533],[129.509468,35.825051],[129.5094721,35.8250485],[129.509478,35.8250458],[129.5094982,35.8250394],[129.5095257,35.8250315],[129.5095453,35.825028],[129.5095611,35.8250261],[129.5095729,35.8250252],[129.5095953,35.8250256],[129.5096166,35.8250273],[129.5096471,35.8250326],[129.5096669,35.8250375],[129.509687,35.8250427],[129.5097055,35.8250506],[129.5097222,35.8250604],[129.509733,35.8250698],[129.5097709,35.8251154],[129.5098033,35.825154],[129.5098151,35.8251717],[129.5098212,35.8251828],[129.5098236,35.825193],[129.509829,35.8252338],[129.5098428,35.8253815],[129.5098453,35.8253939],[129.5098496,35.8254048],[129.5098582,35.825416],[129.5098743,35.8254312],[129.5098977,35.8254484],[129.5099174,35.8254627],[129.5099343,35.8254753],[129.5099361,35.8254796],[129.5099384,35.8254865],[129.5100306,35.8254522]]]]}},{"type":"Feature","properties":{"UFID":"100035903061A00110100000004496961"},"geometry":{"type":"MultiPolygon","coordinates":[[[[129.5100306,35.8254522],[129.5101084,35.8254804],[129.5101124,35.8254689],[129.5101153,35.8254467],[129.510121,35.8253875],[129.5101307,35.8252569],[129.5101296,35.8252183],[129.5101253,35.8251652],[129.5101239,35.8251632],[129.5101194,35.8251607],[129.5100645,35.8251392],[129.5100667,35.8251321],[129.5100858,35.825096],[129.510072,35.8250914],[129.5100514,35.8251267],[129.5100294,35.8251644],[129.510023,35.8251754],[129.5100226,35.8251827],[129.5100243,35.8251982],[129.5100533,35.8253054],[129.5100558,35.8253255],[129.5100351,35.8254486],[129.5100306,35.8254522]]]]}},{"type":"Feature","properties":{"UFID":"100035903071A00110100000004496997"},"geometry":{"type":"MultiPolygon","coordinates":[[[[129.5080589,35.823703],[129.5080514,35.823654],[129.5080381,35.8234996],[129.5080342,35.8234651],[129.5079438,35.823468],[129.5078149,35.8235937],[129.5078251,35.8236158],[129.5078946,35.8237263],[129.5080589,35.823703]]]]}},{"type":"Feature","properties":{"UFID":"100035903071A00110100000004496998"},"geometry":{"type":"MultiPolygon","coordinates":[[[[129.507665,35.8228849],[129.5075401,35.8226512],[129.5074052,35.8228271],[129.5074734,35.8229442],[129.507665,35.8228849]]]]}},{"type":"Feature","properties":{"UFID":"100035903071A00110100000004496999"},"geometry":{"type":"MultiPolygon","coordinates":[[[[129.5075401,35.8226512],[129.5074716,35.8226004],[129.5074647,35.8225829],[129.5073743,35.8223883],[129.5070795,35.8224471],[129.5071146,35.8224657],[129.5071533,35.8224871],[129.5071955,35.8225165],[129.5072524,35.8225771],[129.5073083,35.8226648],[129.5073583,35.8227515],[129.5074052,35.8228271],[129.5075401,35.8226512]]]]}},{"type":"Feature","properties":{"UFID":"100035903071A00110100000004497000"},"geometry":{"type":"MultiPolygon","coordinates":[[[[129.5073743,35.8223883],[129.5073207,35.822105],[129.5069583,35.8222291],[129.5070795,35.8224471],[129.5073743,35.8223883]]]]}},{"type":"Feature","properties":{"UFID":"100035903071A00110100000004497001"},"geometry":{"type":"MultiPolygon","coordinates":[[[[129.5073207,35.822105],[129.5073122,35.8220983],[129.5073079,35.8220968],[129.5072978,35.8220897],[129.5072771,35.8220687],[129.5072502,35.8220296],[129.5072257,35.8219906],[129.5072054,35.8219623],[129.5072023,35.8219613],[129.5071883,35.8219676],[129.5071834,35.821969],[129.5071242,35.8218607],[129.5071008,35.8218187],[129.5069561,35.8215434],[129.5068881,35.8214123],[129.5068266,35.8212985],[129.5067974,35.8212403],[129.5067601,35.821183],[129.5067123,35.8211143],[129.5066765,35.8210586],[129.5066185,35.8209817],[129.5065663,35.8209045],[129.5065279,35.8208484],[129.5064675,35.820764],[129.5064166,35.8206896],[129.506352,35.8206006],[129.5063044,35.8205322],[129.5062506,35.8204581],[129.506213,35.8204077],[129.5061617,35.8203385],[129.5061141,35.8202771],[129.506062,35.8202125],[129.5060001,35.8201376],[129.5059014,35.8200216],[129.5058446,35.819957],[129.5057599,35.819859],[129.5056408,35.8197234],[129.5055571,35.8196291],[129.5053859,35.8194334],[129.5052916,35.8193319],[129.505218,35.8192562],[129.5051761,35.8192143],[129.5051179,35.8191449],[129.505037,35.8190558],[129.5049413,35.8189469],[129.5048573,35.8188551],[129.5047805,35.8187698],[129.5047014,35.8186789],[129.504514,35.8184716],[129.5044329,35.8183806],[129.5043728,35.8183132],[129.5042954,35.8182273],[129.5042288,35.8181531],[129.5040811,35.817986],[129.5040343,35.8179344],[129.503955,35.8178451],[129.5038893,35.8177728],[129.5038173,35.8176947],[129.5037387,35.8176038],[129.5036668,35.8175257],[129.5035901,35.8174405],[129.5035172,35.8173566],[129.5034303,35.8172595],[129.5032722,35.8170802],[129.5031976,35.8170016],[129.5030537,35.8168372],[129.5029809,35.8167561],[129.502894,35.8168161],[129.5029494,35.8168806],[129.5030179,35.8169583],[129.5030608,35.817008],[129.5031971,35.8171602],[129.5032595,35.81723],[129.5033288,35.8173034],[129.5034122,35.8173995],[129.5035181,35.8175144],[129.5036,35.8176046],[129.5037187,35.8177397],[129.5038053,35.8178368],[129.5038849,35.8179255],[129.5039664,35.8180169],[129.5040344,35.8180947],[129.5041453,35.8182174],[129.5042662,35.8183514],[129.5043957,35.8184908],[129.5045136,35.8186241],[129.5046292,35.8187526],[129.5047126,35.8188474],[129.5048028,35.8189479],[129.5048878,35.8190409],[129.5050081,35.8191763],[129.5050973,35.8192774],[129.5051305,35.8193141],[129.5051674,35.8193598],[129.505223,35.8194239],[129.5052959,35.8195067],[129.5053864,35.8196005],[129.505465,35.819685],[129.5055645,35.8198002],[129.5056636,35.8199117],[129.5057461,35.8200055],[129.5058218,35.820091],[129.5059184,35.8202071],[129.5060174,35.820336],[129.50612,35.8204687],[129.506186,35.8205556],[129.5062474,35.8206361],[129.50631,35.8207239],[129.5063535,35.8207848],[129.5063963,35.8208496],[129.5064448,35.8209301],[129.5064763,35.8209889],[129.5065075,35.8210455],[129.5065457,35.8211183],[129.5065826,35.8211924],[129.5066157,35.8212573],[129.5066487,35.8213187],[129.5067014,35.8214165],[129.5067236,35.8214657],[129.5067969,35.8216195],[129.5068194,35.8216436],[129.5069152,35.8218172],[129.5070106,35.8220185],[129.5069778,35.8220338],[129.5069782,35.8220363],[129.5069998,35.8220499],[129.5070113,35.8220672],[129.5070185,35.8220983],[129.5070205,35.8221277],[129.5070162,35.8221564],[129.5070047,35.8221833],[129.5069838,35.8222107],[129.5069583,35.8222291],[129.5073207,35.822105]]]]}},{"type":"Feature","properties":{"UFID":"100035903071A00110100000004497002"},"geometry":{"type":"MultiPolygon","coordinates":[[[[129.5025927,35.8169157],[129.5026668,35.8168398],[129.5027232,35.8167787],[129.5027677,35.8167294],[129.5027928,35.8167031],[129.5027959,35.8166997],[129.5028082,35.8166809],[129.5028631,35.8166317],[129.5028665,35.8166287],[129.5028936,35.8166044],[129.5029149,35.8165852],[129.5029506,35.8165462],[129.5029733,35.8165087],[129.5029848,35.8164827],[129.5029908,35.8164618],[129.5029927,35.8164214],[129.5029675,35.8164272],[129.5029636,35.8164486],[129.5029548,35.8164828],[129.5029298,35.8165207],[129.5028463,35.8166063],[129.5028443,35.8166084],[129.5027712,35.8166688],[129.5027666,35.8166738],[129.5026999,35.816745],[129.5026187,35.8168167],[129.5025685,35.8168641],[129.5025209,35.8168885],[129.5025045,35.8168919],[129.5024828,35.8168922],[129.5024518,35.8168821],[129.5024399,35.8168704],[129.5025001,35.8170145],[129.5025085,35.8169944],[129.5025265,35.8169737],[129.5025485,35.8169547],[129.5025637,35.8169417],[129.5025927,35.8169157]]]]}},{"type":"Feature","properties":{"UFID":"100035903071A00110100000004497003"},"geometry":{"type":"MultiPolygon","coordinates":[[[[129.5013843,35.8149783],[129.5011213,35.8146837],[129.5010496,35.8146034],[129.500967,35.8145158],[129.5009569,35.814489],[129.5008073,35.8145089],[129.5010283,35.8147352],[129.5010883,35.8148027],[129.5011671,35.8148918],[129.5012616,35.8149931],[129.5012957,35.8150308],[129.5013843,35.8149783]]]]}},{"type":"Feature","properties":{"UFID":"100035903071A00110100000004497004"},"geometry":{"type":"MultiPolygon","coordinates":[[[[129.5018385,35.8154841],[129.5013843,35.8149783],[129.5012957,35.8150308],[129.5018208,35.8156176],[129.5018755,35.8156787],[129.5019188,35.8157271],[129.5020806,35.8159077],[129.5022148,35.8160576],[129.5027363,35.81664],[129.5027666,35.8166738],[129.5027928,35.8167031],[129.5027934,35.8167037],[129.502894,35.8168161],[129.5029809,35.8167561],[129.5028665,35.8166287],[129.5028463,35.8166063],[129.5028326,35.816591],[129.5027871,35.8165403],[129.5027031,35.8164468],[129.5021734,35.815857],[129.5020497,35.8157192],[129.5019085,35.815562],[129.5018385,35.8154841]]]]}},{"type":"Feature","properties":{"UFID":"100035903071A00110100000004497005"},"geometry":{"type":"MultiPolygon","coordinates":[[[[129.5020161,35.8152358],[129.5018929,35.8152139],[129.50189,35.8152276],[129.5018618,35.8153554],[129.5018416,35.8154646],[129.5018387,35.8154832],[129.5018385,35.8154841],[129.5018382,35.815486],[129.5018224,35.815587],[129.5018208,35.8156176],[129.5018206,35.8156203],[129.5018187,35.8156559],[129.5018072,35.8156821],[129.5017998,35.8156943],[129.5017922,35.8157085],[129.5018734,35.8156794],[129.5018755,35.8156787],[129.5019039,35.8156684],[129.5019001,35.8156179],[129.5019082,35.8155642],[129.5019085,35.815562],[129.5019086,35.8155611],[129.5019119,35.8155394],[129.5019488,35.8154007],[129.5019905,35.8152717],[129.5020161,35.8152358]]]]}},{"type":"Feature","properties":{"UFID":"100035903071A00110100000004497006"},"geometry":{"type":"MultiPolygon","coordinates":[[[[129.5021209,35.8149976],[129.5021215,35.8149222],[129.5020161,35.8152358],[129.5020215,35.8152357],[129.5020248,35.8152371],[129.502029,35.8152421],[129.50203,35.8152491],[129.5020316,35.8153044],[129.5020313,35.81545],[129.5020347,35.8156003],[129.5020496,35.8157182],[129.5020497,35.8157192],[129.5020502,35.815723],[129.5020591,35.8157941],[129.5020658,35.8158409],[129.5020806,35.8159077],[129.5020813,35.8159112],[129.5021057,35.8160218],[129.5022462,35.8161766],[129.5022209,35.8160846],[129.5022155,35.8160608],[129.5022148,35.8160576],[129.502196,35.8159744],[129.5021744,35.8158619],[129.5021734,35.815857],[129.5021733,35.8158561],[129.502146,35.8157141],[129.5021319,35.8155591],[129.5021239,35.8152853],[129.5021209,35.8149976]]]]}},{"type":"Feature","properties":{"UFID":"100035903071A00110100000004497007"},"geometry":{"type":"MultiPolygon","coordinates":[[[[129.5009569,35.814489],[129.5008623,35.8143864],[129.5007905,35.8144351],[129.5008073,35.8145089],[129.5009569,35.814489]]]]}},{"type":"Feature","properties":{"UFID":"100035903071A00110100000004497008"},"geometry":{"type":"MultiPolygon","coordinates":[[[[129.500345,35.8138273],[129.5003098,35.8138028],[129.5002687,35.8138793],[129.5002639,35.8138883],[129.5002984,35.8139128],[129.500345,35.8138273]]]]}},{"type":"Feature","properties":{"UFID":"100035903071A00110100000004497009"},"geometry":{"type":"MultiPolygon","coordinates":[[[[129.5008623,35.8143864],[129.5008526,35.814376],[129.5007206,35.8142167],[129.5005816,35.8140576],[129.5005053,35.81398],[129.500419,35.8139124],[129.500345,35.8138273],[129.5002984,35.8139128],[129.5003245,35.8139423],[129.5004394,35.8140719],[129.500525,35.8141676],[129.5006108,35.8142479],[129.5006632,35.8143088],[129.5007481,35.8144102],[129.5007905,35.8144351],[129.5008623,35.8143864]]]]}},{"type":"Feature","properties":{"UFID":"100035903071A00110100000004497283"},"geometry":{"type":"MultiPolygon","coordinates":[[[[129.5034473,35.8030966],[129.5031718,35.8028413],[129.5028805,35.8025854],[129.5028401,35.802627],[129.5030203,35.8027796],[129.5033984,35.8031343],[129.5034473,35.8030966]]]]}},{"type":"Feature","properties":{"UFID":"100035903071A00110100000004497284"},"geometry":{"type":"MultiPolygon","coordinates":[[[[129.5034225,35.8031529],[129.5033984,35.8031343],[129.5032382,35.8032636],[129.5032312,35.8032676],[129.5032242,35.8032697],[129.503212,35.803271],[129.5031979,35.8032714],[129.5031917,35.8032709],[129.5030552,35.803159],[129.5028565,35.803002],[129.5027525,35.8029212],[129.5026487,35.8028404],[129.5026465,35.8028387],[129.5026253,35.8028596],[129.5026256,35.8028599],[129.5027296,35.8029407],[129.5028334,35.8030215],[129.5030319,35.8031782],[129.5031707,35.8032921],[129.5031805,35.8032972],[129.5031969,35.8032985],[129.5032148,35.803298],[129.5032323,35.8032961],[129.5032468,35.8032917],[129.5032595,35.8032844],[129.5034225,35.8031529]]]]}},{"type":"Feature","properties":{"UFID":"100035903071A00110100000004497285"},"geometry":{"type":"MultiPolygon","coordinates":[[[[129.5023518,35.8033556],[129.5023952,35.8034236],[129.5024013,35.80342],[129.5026439,35.8034817],[129.5026728,35.8034247],[129.5024702,35.8033823],[129.5023518,35.8033556]]]]}},{"type":"Feature","properties":{"UFID":"100035903071A00110100000004497286"},"geometry":{"type":"MultiPolygon","coordinates":[[[[129.5028401,35.802627],[129.5028032,35.8025956],[129.5027248,35.8026852],[129.5026282,35.8027956],[129.5026097,35.8028188],[129.5026465,35.8028387],[129.5026648,35.8028159],[129.5027609,35.8027061],[129.5028308,35.8026262],[129.502835,35.8026261],[129.5028401,35.802627]]]]}},{"type":"Feature","properties":{"UFID":"100035903071A00110100000004497287"},"geometry":{"type":"MultiPolygon","coordinates":[[[[129.5026224,35.8028579],[129.5025922,35.8028406],[129.5025858,35.8028486],[129.5025786,35.802854],[129.5025369,35.8028846],[129.5024537,35.8029291],[129.5024203,35.8029416],[129.5024136,35.8029443],[129.5024464,35.8029616],[129.5024698,35.8029528],[129.5025573,35.802906],[129.5026009,35.802874],[129.5026224,35.8028579]]]]}},{"type":"Feature","properties":{"UFID":"100035903071A00110100000004497288"},"geometry":{"type":"MultiPolygon","coordinates":[[[[129.5026465,35.8028387],[129.5026097,35.8028188],[129.5025922,35.8028406],[129.5026224,35.8028579],[129.502623,35.8028579],[129.5026232,35.8028579],[129.5026253,35.8028596],[129.5026465,35.8028387]]]]}},{"type":"Feature","properties":{"UFID":"100035903071A00110100000004497289"},"geometry":{"type":"MultiPolygon","coordinates":[[[[129.5034678,35.8031156],[129.5034473,35.8030966],[129.5033984,35.8031343],[129.5034225,35.8031529],[129.5034678,35.8031156]]]]}},{"type":"Feature","properties":{"UFID":"100035903071A00110100000004497290"},"geometry":{"type":"MultiPolygon","coordinates":[[[[129.5028805,35.8025854],[129.5028472,35.8025562],[129.5028032,35.8025956],[129.5028401,35.802627],[129.5028805,35.8025854]]]]}},{"type":"Feature","properties":{"UFID":"100035903071A00110100000004497291"},"geometry":{"type":"MultiPolygon","coordinates":[[[[129.502517,35.8012504],[129.5025122,35.8012502],[129.5024608,35.8011823],[129.5024418,35.8011561],[129.5023509,35.8012009],[129.5023737,35.8012288],[129.5024218,35.8012907],[129.5024218,35.8012947],[129.502517,35.8012504]]]]}},{"type":"Feature","properties":{"UFID":"100035903071A00110100000004497292"},"geometry":{"type":"MultiPolygon","coordinates":[[[[129.5025609,35.8013051],[129.502517,35.8012504],[129.5024218,35.8012947],[129.5024765,35.8013538],[129.5025155,35.8013278],[129.5025609,35.8013051]]]]}},{"type":"Feature","properties":{"UFID":"100035903071A00110100000004497293"},"geometry":{"type":"MultiPolygon","coordinates":[[[[129.5048688,35.8038046],[129.5048705,35.8038033],[129.5048698,35.8038025],[129.5048575,35.8037648],[129.504798,35.8035372],[129.5047911,35.8035145],[129.5047866,35.8035016],[129.5047787,35.8034882],[129.5047684,35.8034746],[129.5047585,35.8034651],[129.5047416,35.8034544],[129.504513,35.8032462],[129.5042522,35.8030106],[129.5039621,35.8027568],[129.5038425,35.8026672],[129.5036848,35.8025508],[129.5036684,35.8025398],[129.5036509,35.8025298],[129.5035912,35.8025039],[129.5034657,35.8024435],[129.5033265,35.802361],[129.503102,35.8021817],[129.5029794,35.8020855],[129.5028147,35.8019527],[129.5027313,35.8018793],[129.5026183,35.8017656],[129.5026067,35.8017531],[129.5024473,35.8016696],[129.5021765,35.8015314],[129.5021529,35.8015182],[129.5021046,35.8015915],[129.502132,35.8015983],[129.5025113,35.8017866],[129.5025822,35.8018272],[129.5027897,35.80199],[129.5028731,35.8020521],[129.5029262,35.8020938],[129.5030711,35.8022076],[129.5032978,35.8023886],[129.5034414,35.8024737],[129.5035679,35.8025345],[129.503626,35.8025653],[129.5036773,35.8026054],[129.503885,35.8027707],[129.5040678,35.8029354],[129.5043651,35.8031753],[129.5046369,35.8034255],[129.5047181,35.8035132],[129.5047226,35.8035286],[129.5048019,35.8038389],[129.5048025,35.8038482],[129.5048013,35.803856],[129.5048688,35.8038046]]]]}},{"type":"Feature","properties":{"UFID":"100035903071A00110100000004497294"},"geometry":{"type":"MultiPolygon","coordinates":[[[[129.5023952,35.8034236],[129.5023518,35.8033556],[129.5023219,35.8033674],[129.5023634,35.8034318],[129.5023952,35.8034236]]]]}},{"type":"Feature","properties":{"UFID":"100035903071A00110100000004497295"},"geometry":{"type":"MultiPolygon","coordinates":[[[[129.5024136,35.8029443],[129.5023049,35.8028827],[129.5021882,35.8028165],[129.5021692,35.8028387],[129.502286,35.8029049],[129.5023819,35.8029593],[129.5024136,35.8029443]]]]}},{"type":"Feature","properties":{"UFID":"100035903071A00110100000004497296"},"geometry":{"type":"MultiPolygon","coordinates":[[[[129.5024464,35.8029616],[129.5024136,35.8029443],[129.5023819,35.8029593],[129.5024113,35.8029763],[129.5024203,35.8029718],[129.5024346,35.802966],[129.5024464,35.8029616]]]]}},{"type":"Feature","properties":{"UFID":"100035903071A00110100000004497297"},"geometry":{"type":"MultiPolygon","coordinates":[[[[129.5023123,35.8035415],[129.5022603,35.8034541],[129.5022039,35.8033714],[129.5021917,35.8033535],[129.5021312,35.8032756],[129.5020933,35.8032358],[129.5020435,35.8031821],[129.5020648,35.80325],[129.5020669,35.8032523],[129.502104,35.8032911],[129.5021631,35.8033673],[129.5021742,35.8033835],[129.5022778,35.8035467],[129.5023123,35.8035415]]]]}},{"type":"Feature","properties":{"UFID":"100035903071A00110100000004497298"},"geometry":{"type":"MultiPolygon","coordinates":[[[[129.5024765,35.8013538],[129.5024218,35.8012947],[129.5023953,35.801311],[129.502228,35.8012959],[129.5022256,35.80131],[129.5021079,35.8013019],[129.5020669,35.8013265],[129.5019397,35.8013728],[129.5017387,35.8014385],[129.5021529,35.8015182],[129.5021471,35.8014924],[129.502143,35.8014787],[129.5021369,35.8014564],[129.5021325,35.8014419],[129.5021304,35.8014274],[129.5021294,35.8014216],[129.5021284,35.8014101],[129.5021426,35.8013869],[129.5022078,35.801416],[129.5022345,35.8014053],[129.5023339,35.8014403],[129.5024515,35.8013689],[129.5024765,35.8013538]]]]}},{"type":"Feature","properties":{"UFID":"100035903071A00110100000004497299"},"geometry":{"type":"MultiPolygon","coordinates":[[[[129.5023518,35.8033556],[129.5023488,35.803351],[129.5022129,35.8031797],[129.5021773,35.8031398],[129.5021496,35.8031548],[129.5021855,35.803195],[129.5023201,35.8033646],[129.5023219,35.8033674],[129.5023518,35.8033556]]]]}},{"type":"Feature","properties":{"UFID":"100035903071A00110100000004497300"},"geometry":{"type":"MultiPolygon","coordinates":[[[[129.5021576,35.8031178],[129.5021549,35.8031147],[129.5021508,35.8031107],[129.5021254,35.8031281],[129.5021286,35.8031313],[129.5021337,35.803137],[129.5021576,35.8031178]]]]}},{"type":"Feature","properties":{"UFID":"100035903071A00110100000004497301"},"geometry":{"type":"MultiPolygon","coordinates":[[[[129.5021773,35.8031398],[129.5021576,35.8031178],[129.5021337,35.803137],[129.5021489,35.803154],[129.5021496,35.8031548],[129.5021773,35.8031398]]]]}},{"type":"Feature","properties":{"UFID":"100035903071A00110100000004497302"},"geometry":{"type":"MultiPolygon","coordinates":[[[[129.5021508,35.8031107],[129.5021291,35.8030891],[129.5021031,35.8031059],[129.5021254,35.8031281],[129.5021508,35.8031107]]]]}},{"type":"Feature","properties":{"UFID":"100035903071A00110100000004497303"},"geometry":{"type":"MultiPolygon","coordinates":[[[[129.5024113,35.8029763],[129.5023819,35.8029593],[129.5023657,35.8029674],[129.5022812,35.8030254],[129.5021576,35.8031178],[129.5021773,35.8031398],[129.5023031,35.8030457],[129.5023852,35.8029894],[129.5024113,35.8029763]]]]}},{"type":"Feature","properties":{"UFID":"100035903071A00110100000004497304"},"geometry":{"type":"MultiPolygon","coordinates":[[[[129.5021254,35.8031281],[129.5021031,35.8031059],[129.5021023,35.8031072],[129.5020888,35.8031161],[129.5020273,35.8031565],[129.5020248,35.8031582],[129.5020219,35.8031588],[129.5020435,35.8031821],[129.502045,35.8031796],[129.5020469,35.8031784],[129.5021074,35.8031386],[129.5021225,35.8031287],[129.5021254,35.8031281]]]]}},{"type":"Feature","properties":{"UFID":"100035903071A00110100000004497305"},"geometry":{"type":"MultiPolygon","coordinates":[[[[129.5017774,35.8035701],[129.5017074,35.8034193],[129.5016958,35.8033588],[129.5014994,35.8033689],[129.5015015,35.803401],[129.5015193,35.8034314],[129.5015839,35.8035239],[129.501633,35.8035988],[129.5016371,35.8036044],[129.5017774,35.8035701]]]]}},{"type":"Feature","properties":{"UFID":"100035903071A00110100000004497306"},"geometry":{"type":"MultiPolygon","coordinates":[[[[129.5020648,35.80325],[129.5019994,35.8031884],[129.502009,35.8032031],[129.5020116,35.8032082],[129.5020443,35.8033148],[129.502077,35.8034188],[129.5021074,35.8035134],[129.5021058,35.8035174],[129.5021562,35.803527],[129.5021454,35.8035167],[129.5021122,35.8034165],[129.5020949,35.8033669],[129.5020764,35.8033082],[129.5020609,35.8032573],[129.5020615,35.803254],[129.5020648,35.80325]]]]}},{"type":"Feature","properties":{"UFID":"100035903071A00110100000004497307"},"geometry":{"type":"MultiPolygon","coordinates":[[[[129.5021291,35.8030891],[129.5020103,35.8029709],[129.5017312,35.802667],[129.5017308,35.8026633],[129.5017115,35.8026907],[129.5019842,35.8029876],[129.5021031,35.8031059],[129.5021291,35.8030891]]]]}},{"type":"Feature","properties":{"UFID":"100035903071A00110100000004497308"},"geometry":{"type":"MultiPolygon","coordinates":[[[[129.5020219,35.8031588],[129.5019801,35.8031137],[129.5017216,35.8028381],[129.5016946,35.8028538],[129.5019537,35.8031301],[129.5019706,35.8031483],[129.5019994,35.8031884],[129.5020219,35.8031588]]]]}},{"type":"Feature","properties":{"UFID":"100035903071A00110100000004497309"},"geometry":{"type":"MultiPolygon","coordinates":[[[[129.5017216,35.8028381],[129.5017034,35.8028187],[129.5016744,35.8028323],[129.5016946,35.8028538],[129.5017216,35.8028381]]]]}},{"type":"Feature","properties":{"UFID":"100035903071A00110100000004497310"},"geometry":{"type":"MultiPolygon","coordinates":[[[[129.5017308,35.8026633],[129.5017002,35.8026352],[129.5016982,35.8026817],[129.5017029,35.802683],[129.5017067,35.8026856],[129.5017115,35.8026907],[129.5017308,35.8026633]]]]}},{"type":"Feature","properties":{"UFID":"100035903071A00110100000004497311"},"geometry":{"type":"MultiPolygon","coordinates":[[[[129.5020435,35.8031821],[129.5020219,35.8031588],[129.5019994,35.8031884],[129.5020648,35.80325],[129.5020435,35.8031821]]]]}},{"type":"Feature","properties":{"UFID":"100035903071A00110100000004497312"},"geometry":{"type":"MultiPolygon","coordinates":[[[[129.5017034,35.8028187],[129.5016953,35.8028101],[129.5016236,35.80273],[129.501507,35.8026495],[129.5015441,35.8026882],[129.501587,35.802733],[129.5015946,35.8027434],[129.5016687,35.8028263],[129.5016744,35.8028323],[129.5017034,35.8028187]]]]}},{"type":"Feature","properties":{"UFID":"100035903071A00110100000004497313"},"geometry":{"type":"MultiPolygon","coordinates":[[[[129.5016952,35.8026899],[129.5016945,35.8026879],[129.5016283,35.8027301],[129.501799,35.8029036],[129.5019389,35.8030584],[129.5020273,35.8031565],[129.5020399,35.8031706],[129.5020469,35.8031784],[129.5021089,35.8032472],[129.5022106,35.8033697],[129.5022996,35.803498],[129.5023281,35.8035518],[129.5023583,35.8036089],[129.5023578,35.8036121],[129.5023577,35.8036138],[129.502449,35.8036081],[129.5024461,35.8036075],[129.5024436,35.8036049],[129.502404,35.8035356],[129.5023393,35.8034379],[129.5023318,35.8034265],[129.5022965,35.8033774],[129.5022622,35.8033296],[129.5021397,35.8031781],[129.5021074,35.8031386],[129.5020888,35.8031161],[129.5020679,35.8030906],[129.5020088,35.8030262],[129.5018356,35.8028365],[129.5016976,35.802693],[129.5016952,35.8026899]]]]}},{"type":"Feature","properties":{"UFID":"100035903071A00110100000004497314"},"geometry":{"type":"MultiPolygon","coordinates":[[[[129.5016945,35.8026879],[129.5016937,35.8026857],[129.5016241,35.8025605],[129.501507,35.8026495],[129.5016236,35.80273],[129.5016261,35.8027298],[129.5016283,35.8027301],[129.5016945,35.8026879]]]]}},{"type":"Feature","properties":{"UFID":"100035903071A00110100000004497315"},"geometry":{"type":"MultiPolygon","coordinates":[[[[129.5015466,35.8024849],[129.5014982,35.8024499],[129.5013492,35.8025225],[129.5014113,35.8025576],[129.5015466,35.8024849]]]]}},{"type":"Feature","properties":{"UFID":"100035903071A00110100000004497316"},"geometry":{"type":"MultiPolygon","coordinates":[[[[129.5016241,35.8025605],[129.5016185,35.8025541],[129.5015804,35.8025144],[129.5015466,35.8024849],[129.5014113,35.8025576],[129.50142,35.8025619],[129.5014322,35.8025713],[129.5014417,35.8025815],[129.50145,35.8025903],[129.5014638,35.8026043],[129.5014919,35.8026337],[129.501507,35.8026495],[129.5016241,35.8025605]]]]}},{"type":"Feature","properties":{"UFID":"100035903071A00110100000004497317"},"geometry":{"type":"MultiPolygon","coordinates":[[[[129.5006297,35.8014576],[129.500577,35.8014355],[129.5005773,35.8014403],[129.5005714,35.8014522],[129.5005813,35.8014556],[129.500575,35.8014678],[129.500566,35.8014628],[129.5005466,35.8015015],[129.5005633,35.801532],[129.5005668,35.8015552],[129.5005624,35.8015727],[129.5005393,35.8016277],[129.5004944,35.8016541],[129.500459,35.8016658],[129.5004481,35.8016689],[129.5004378,35.8016699],[129.5005089,35.8016961],[129.5005021,35.801691],[129.5005122,35.8016841],[129.5005813,35.8016462],[129.5005875,35.8016255],[129.5006297,35.8014576]]]]}},{"type":"Feature","properties":{"UFID":"100035903071A00110100000004497318"},"geometry":{"type":"MultiPolygon","coordinates":[[[[129.5006494,35.8013974],[129.5006323,35.8013921],[129.5006168,35.8013873],[129.5005967,35.8013804],[129.500577,35.8014355],[129.5006297,35.8014576],[129.5006494,35.8013974]]]]}},{"type":"Feature","properties":{"UFID":"100035903071A00110100000004497319"},"geometry":{"type":"MultiPolygon","coordinates":[[[[129.5012847,35.8015024],[129.5011835,35.8014961],[129.5009084,35.8014585],[129.500741,35.8014256],[129.5006494,35.8013974],[129.5006297,35.8014576],[129.5007132,35.8014766],[129.5007248,35.8014804],[129.5007507,35.8014857],[129.5008744,35.8015078],[129.5008805,35.801508],[129.5009458,35.8015177],[129.5010671,35.8015345],[129.5012195,35.8015555],[129.5012342,35.8015591],[129.5012434,35.8015629],[129.5012847,35.8015024]]]]}},{"type":"Feature","properties":{"UFID":"100035903071A00110100000004497320"},"geometry":{"type":"MultiPolygon","coordinates":[[[[129.5014982,35.8024499],[129.5014965,35.8024487],[129.501464,35.8024276],[129.5014005,35.8023866],[129.5011944,35.8022444],[129.5010793,35.8021696],[129.500953,35.8020849],[129.5008131,35.80199],[129.5006837,35.8019061],[129.5006005,35.8018505],[129.5005912,35.8018409],[129.5004635,35.8019216],[129.5005182,35.8019608],[129.5006268,35.8020305],[129.500746,35.8021099],[129.5009096,35.8022224],[129.5010127,35.8022902],[129.5012578,35.802458],[129.5013471,35.8025176],[129.5013489,35.8025209],[129.5013492,35.8025225],[129.5014982,35.8024499]]]]}},{"type":"Feature","properties":{"UFID":"100035903071A00110100000004497321"},"geometry":{"type":"MultiPolygon","coordinates":[[[[129.5005912,35.8018409],[129.500591,35.8018407],[129.5005895,35.8018379],[129.5005089,35.8016961],[129.5004378,35.8016699],[129.5003053,35.8018127],[129.5004079,35.8018818],[129.5004635,35.8019216],[129.5005912,35.8018409]]]]}},{"type":"Feature","properties":{"UFID":"100035903071A00110100000004497322"},"geometry":{"type":"MultiPolygon","coordinates":[[[[129.5016982,35.8026817],[129.5017002,35.8026352],[129.5016958,35.8026351],[129.5016677,35.8026106],[129.5016667,35.8026095],[129.5016241,35.8025605],[129.5016937,35.8026857],[129.5016948,35.8026825],[129.5016982,35.8026817]]]]}},{"type":"Feature","properties":{"UFID":"100035903071A00110100000004497323"},"geometry":{"type":"MultiPolygon","coordinates":[[[[129.5028472,35.8025562],[129.5028317,35.8025426],[129.5025242,35.8022596],[129.5024168,35.8021746],[129.5023131,35.8021089],[129.5022178,35.8020638],[129.5020809,35.8020269],[129.5016715,35.801938],[129.5014873,35.801902],[129.5012235,35.8018451],[129.5012035,35.8018394],[129.501194,35.8018342],[129.5011805,35.8018814],[129.5013573,35.8019176],[129.5015851,35.8019716],[129.5017649,35.8020084],[129.5021172,35.8020888],[129.5022343,35.8021286],[129.5023207,35.8021723],[129.5024519,35.8022738],[129.5026692,35.8024738],[129.5027967,35.8025844],[129.5028032,35.8025956],[129.5028472,35.8025562]]]]}},{"type":"Feature","properties":{"UFID":"100035903071A00110100000004497324"},"geometry":{"type":"MultiPolygon","coordinates":[[[[129.5011199,35.8018229],[129.5008267,35.8017605],[129.5005266,35.8017008],[129.5005089,35.8016961],[129.5005895,35.8018379],[129.5005895,35.8018356],[129.5005896,35.8018318],[129.5006014,35.8018033],[129.5006157,35.8017859],[129.5006306,35.8017747],[129.5006363,35.8017737],[129.5006411,35.8017737],[129.5007205,35.8017907],[129.50082,35.8018089],[129.5010991,35.8018648],[129.5011083,35.8018666],[129.5011199,35.8018229]]]]}},{"type":"Feature","properties":{"UFID":"100035903071A00110100000004497325"},"geometry":{"type":"MultiPolygon","coordinates":[[[[129.5014113,35.8025576],[129.5013492,35.8025225],[129.5013461,35.8025276],[129.5013191,35.8025526],[129.501284,35.8025708],[129.5012561,35.8025842],[129.5010815,35.8026601],[129.5010308,35.8026823],[129.5009662,35.8026949],[129.5008863,35.8027063],[129.5007827,35.8027126],[129.5006271,35.8027246],[129.500542,35.8027344],[129.5003886,35.802753],[129.5003935,35.8027798],[129.5005468,35.8027611],[129.500631,35.8027515],[129.5007855,35.8027396],[129.5008904,35.8027332],[129.500973,35.8027214],[129.5010428,35.8027078],[129.5010604,35.8027038],[129.5010873,35.802698],[129.5011039,35.802681],[129.5012724,35.8026077],[129.5013094,35.80259],[129.5013847,35.8025604],[129.5013997,35.8025572],[129.5014113,35.8025576]]]]}},{"type":"Feature","properties":{"UFID":"100035903071A00110100000004497326"},"geometry":{"type":"MultiPolygon","coordinates":[[[[129.5013298,35.8015632],[129.5012434,35.8015629],[129.5012466,35.8015652],[129.5012448,35.8015689],[129.5012394,35.8015734],[129.5012312,35.8015779],[129.5012193,35.8015879],[129.5011787,35.80169],[129.5011318,35.8018131],[129.5011259,35.8018206],[129.5011199,35.8018229],[129.501194,35.8018342],[129.5011923,35.8018298],[129.5012591,35.8016205],[129.5013058,35.8015761],[129.5013131,35.8015709],[129.5013216,35.8015657],[129.5013298,35.8015632]]]]}},{"type":"Feature","properties":{"UFID":"100035903071A00110100000004497327"},"geometry":{"type":"MultiPolygon","coordinates":[[[[129.5017002,35.8026352],[129.5017308,35.8026633],[129.5017551,35.8026219],[129.5017626,35.8026116],[129.5017654,35.8026092],[129.5018964,35.8026917],[129.5019128,35.8026678],[129.5017846,35.8025871],[129.5017726,35.8025793],[129.5017534,35.8025801],[129.501736,35.8025952],[129.5017076,35.8026299],[129.5017002,35.8026352]]]]}},{"type":"Feature","properties":{"UFID":"100035903071A00110100000004497328"},"geometry":{"type":"MultiPolygon","coordinates":[[[[129.501194,35.8018342],[129.5011199,35.8018229],[129.5011083,35.8018666],[129.5011805,35.8018814],[129.501194,35.8018342]]]]}},{"type":"Feature","properties":{"UFID":"100035903071A00110100000004497329"},"geometry":{"type":"MultiPolygon","coordinates":[[[[129.5013463,35.8015028],[129.5013159,35.8015043],[129.5012847,35.8015024],[129.5012434,35.8015629],[129.5013298,35.8015632],[129.5013463,35.8015028]]]]}},{"type":"Feature","properties":{"UFID":"100035903071A00110100000004497330"},"geometry":{"type":"MultiPolygon","coordinates":[[[[129.5021529,35.8015182],[129.5017387,35.8014385],[129.5016573,35.8015702],[129.5020531,35.8015788],[129.5021046,35.8015915],[129.5021529,35.8015182]]]]}},{"type":"Feature","properties":{"UFID":"100035903071A00110100000004497331"},"geometry":{"type":"MultiPolygon","coordinates":[[[[129.5017387,35.8014385],[129.5015411,35.801477],[129.5013463,35.8015028],[129.5013298,35.8015632],[129.5013785,35.8015649],[129.501457,35.8015677],[129.5016371,35.8015697],[129.5016573,35.8015702],[129.5017387,35.8014385]]]]}},{"type":"Feature","properties":{"UFID":"100035903071A00110100000004497580"},"geometry":{"type":"MultiPolygon","coordinates":[[[[129.5045491,35.8237037],[129.5045456,35.8236764],[129.5044198,35.8237049],[129.5044306,35.8237305],[129.5044533,35.823725],[129.5045491,35.8237037]]]]}},{"type":"Feature","properties":{"UFID":"100035903071A00110100000004497581"},"geometry":{"type":"MultiPolygon","coordinates":[[[[129.5044306,35.8237305],[129.5044198,35.8237049],[129.5041176,35.823778],[129.5040543,35.8237919],[129.5037951,35.8238538],[129.5037749,35.8238575],[129.503681,35.8238666],[129.5035899,35.8238765],[129.5032323,35.8238996],[129.5029486,35.8239241],[129.5027504,35.8239371],[129.5027134,35.8239513],[129.5025579,35.8239634],[129.5024211,35.8239728],[129.5023541,35.8239781],[129.5023437,35.823979],[129.5021405,35.8239845],[129.5020621,35.8239853],[129.5020146,35.8239872],[129.5018722,35.8239954],[129.5017695,35.8239997],[129.5017359,35.8240015],[129.5016149,35.8240091],[129.5014864,35.8240207],[129.5013743,35.8240349],[129.5012388,35.8240572],[129.5010617,35.8240903],[129.500843,35.8241313],[129.5006693,35.8241628],[129.5005646,35.824187],[129.5006037,35.8242009],[129.5006055,35.8242002],[129.5007876,35.8241627],[129.5009848,35.8241282],[129.501157,35.824098],[129.5012746,35.8240765],[129.5013238,35.8240641],[129.5014313,35.8240512],[129.5015718,35.8240373],[129.5017182,35.8240289],[129.5019149,35.8240204],[129.5020007,35.8240208],[129.5021794,35.8240153],[129.5022876,35.8240092],[129.502304,35.8240067],[129.5023977,35.8239997],[129.5025198,35.8239919],[129.5026543,35.8239806],[129.5028101,35.8239728],[129.5029475,35.8239605],[129.5031062,35.8239478],[129.5032912,35.8239319],[129.5035189,35.8239114],[129.5036851,35.8238934],[129.5037806,35.8238842],[129.5038034,35.82388],[129.5040633,35.8238179],[129.5041267,35.823804],[129.5044306,35.8237305]]]]}},{"type":"Feature","properties":{"UFID":"100035903071A00110100000004497582"},"geometry":{"type":"MultiPolygon","coordinates":[[[[129.5078149,35.8235937],[129.5078025,35.8235669],[129.5077142,35.8236052],[129.5076036,35.823654],[129.5076003,35.8236549],[129.5075917,35.8236554],[129.5075842,35.8236553],[129.5075725,35.8236546],[129.507562,35.8236539],[129.5075461,35.8236508],[129.5075283,35.8236471],[129.5075023,35.8236427],[129.5074935,35.8236414],[129.5074854,35.8236418],[129.5074779,35.8236432],[129.5074729,35.8236459],[129.5074667,35.8236526],[129.5074613,35.8236639],[129.5074553,35.8236759],[129.5074199,35.8237413],[129.5073636,35.8238544],[129.5073892,35.8238628],[129.5074264,35.8237824],[129.5074761,35.8236914],[129.507482,35.8236864],[129.5074951,35.823682],[129.5075006,35.8236811],[129.507512,35.8236802],[129.5075254,35.8236799],[129.5075477,35.8236809],[129.5076145,35.8236888],[129.5078149,35.8235937]]]]}},{"type":"Feature","properties":{"UFID":"100035903071A00110100000004497583"},"geometry":{"type":"MultiPolygon","coordinates":[[[[129.5123721,35.8172455],[129.5123422,35.8172241],[129.5122498,35.817158],[129.5121074,35.8172943],[129.5120209,35.8174107],[129.5118675,35.8176235],[129.5119733,35.8176821],[129.5120068,35.8176457],[129.5120115,35.8176407],[129.5120139,35.817638],[129.5120627,35.8175844],[129.5121544,35.8174839],[129.5122131,35.8174196],[129.5122281,35.8174032],[129.5123015,35.8173228],[129.5123209,35.8173015],[129.5123721,35.8172455]]]]}},{"type":"Feature","properties":{"UFID":"100035903071A00110100000004497584"},"geometry":{"type":"MultiPolygon","coordinates":[[[[129.5119733,35.8176821],[129.5118675,35.8176235],[129.5117784,35.8177471],[129.5117437,35.8177877],[129.5118785,35.817818],[129.511891,35.8178001],[129.5119142,35.8177668],[129.5119182,35.8177611],[129.5119199,35.8177574],[129.5119225,35.8177305],[129.5119248,35.8177238],[129.5119285,35.817719],[129.5119324,35.8177161],[129.5119385,35.8177127],[129.5119405,35.8177115],[129.5119518,35.8177056],[129.5119559,35.8177011],[129.5119733,35.8176821]]]]}},{"type":"Feature","properties":{"UFID":"100035903071A00110100000004497585"},"geometry":{"type":"MultiPolygon","coordinates":[[[[129.5116071,35.8181917],[129.5114798,35.8181341],[129.5114482,35.8181675],[129.5113059,35.8183258],[129.5111918,35.8184523],[129.5110541,35.8185864],[129.5109953,35.8186435],[129.5111306,35.8187421],[129.5111342,35.8187387],[129.5111945,35.8186816],[129.5112392,35.8186393],[129.5113186,35.8185579],[129.5113754,35.8184986],[129.5114112,35.8184583],[129.511505,35.8183343],[129.5116071,35.8181917]]]]}},{"type":"Feature","properties":{"UFID":"100035903071A00110100000004497586"},"geometry":{"type":"MultiPolygon","coordinates":[[[[129.5118375,35.8178761],[129.511693,35.8178345],[129.5116917,35.8178428],[129.5115373,35.8180734],[129.5114798,35.8181341],[129.5116071,35.8181917],[129.5116726,35.8181002],[129.5118375,35.8178761]]]]}},{"type":"Feature","properties":{"UFID":"100035903071A00110100000004497587"},"geometry":{"type":"MultiPolygon","coordinates":[[[[129.5111306,35.8187421],[129.5109953,35.8186435],[129.5109138,35.8187224],[129.5107923,35.8188434],[129.5107309,35.8189039],[129.5106735,35.8189572],[129.510671,35.8189579],[129.5106467,35.8189467],[129.5106443,35.8189469],[129.5105934,35.8189867],[129.5104797,35.8190903],[129.5107253,35.8191378],[129.5107533,35.8191098],[129.5109671,35.8189052],[129.5111126,35.8187591],[129.5111306,35.8187421]]]]}},{"type":"Feature","properties":{"UFID":"100035903071A00110100000004497588"},"geometry":{"type":"MultiPolygon","coordinates":[[[[129.511143,35.816672],[129.5110974,35.8165804],[129.5110963,35.8165933],[129.5110747,35.8166404],[129.5110688,35.8166477],[129.5109808,35.8168203],[129.5109188,35.8169354],[129.5108923,35.816981],[129.5108661,35.8170264],[129.5108128,35.8171054],[129.5107506,35.8171811],[129.5106668,35.8172682],[129.5106035,35.8173109],[129.5105045,35.8173436],[129.5103753,35.8173758],[129.5102544,35.8174026],[129.5102229,35.8174134],[129.5102477,35.8174529],[129.5102848,35.8174426],[129.5103906,35.8174191],[129.510523,35.8173861],[129.5106322,35.81735],[129.5107067,35.8172998],[129.5107955,35.8172076],[129.5108601,35.8171288],[129.5109154,35.8170469],[129.5109424,35.8170003],[129.5109691,35.816954],[129.5110317,35.816838],[129.5111153,35.8166739],[129.511124,35.8166711],[129.5111335,35.8166689],[129.5111395,35.8166697],[129.511143,35.816672]]]]}},{"type":"Feature","properties":{"UFID":"100035903071A00110100000004497589"},"geometry":{"type":"MultiPolygon","coordinates":[[[[129.5107488,35.8177665],[129.5107375,35.8178144],[129.5107421,35.8178122],[129.5107495,35.8178112],[129.5107593,35.817812],[129.5107642,35.8178127],[129.5107999,35.8178313],[129.5108588,35.8178617],[129.5108664,35.8178659],[129.5108701,35.817868],[129.5108996,35.8178817],[129.5109164,35.8178881],[129.5109253,35.8178904],[129.5109393,35.8178656],[129.5109285,35.8178629],[129.5109149,35.8178576],[129.5108938,35.8178479],[129.5108771,35.8178391],[129.5108177,35.8178085],[129.5107531,35.8177748],[129.5107492,35.8177703],[129.5107488,35.8177665]]]]}},{"type":"Feature","properties":{"UFID":"100035903071A00110100000004497590"},"geometry":{"type":"MultiPolygon","coordinates":[[[[129.5111287,35.8170161],[129.5109933,35.8169793],[129.5107829,35.8174016],[129.5107738,35.8174193],[129.5109045,35.8174551],[129.5109675,35.8173309],[129.5110755,35.8171176],[129.511125,35.8170222],[129.5111287,35.8170161]]]]}},{"type":"Feature","properties":{"UFID":"100035903071A00110100000004497591"},"geometry":{"type":"MultiPolygon","coordinates":[[[[129.5108975,35.8174823],[129.5107619,35.8174423],[129.5107097,35.817544],[129.5106892,35.8175905],[129.5106289,35.8177023],[129.5107499,35.8177619],[129.5108209,35.817625],[129.5108975,35.8174823]]]]}},{"type":"Feature","properties":{"UFID":"100035903071A00110100000004497592"},"geometry":{"type":"MultiPolygon","coordinates":[[[[129.5111412,35.816991],[129.5111287,35.8170161],[129.5112273,35.8170417],[129.5112551,35.8170522],[129.5113384,35.8170916],[129.5114344,35.8171405],[129.5114714,35.8171557],[129.5114826,35.8171597],[129.5114946,35.8171637],[129.5115324,35.8171713],[129.5115875,35.817178],[129.5115963,35.8171796],[129.5115995,35.8171803],[129.5116073,35.817186],[129.5116094,35.8171903],[129.5116115,35.817199],[129.5116194,35.8172828],[129.5116191,35.817305],[129.511618,35.8173168],[129.5116148,35.8173266],[129.5116098,35.817334],[129.5115999,35.8173447],[129.5115648,35.8173818],[129.5115911,35.8173983],[129.5116263,35.8173611],[129.5116378,35.8173487],[129.5116458,35.8173367],[129.5116509,35.8173215],[129.5116523,35.8173062],[129.5116526,35.8172819],[129.5116445,35.8171953],[129.5116413,35.8171826],[129.5116353,35.8171701],[129.511621,35.8171608],[129.511618,35.8171593],[129.5116075,35.817154],[129.5115937,35.8171514],[129.5115388,35.8171448],[129.511505,35.817138],[129.5114956,35.8171348],[129.5114855,35.8171312],[129.5114507,35.8171169],[129.5113555,35.8170685],[129.5112705,35.8170282],[129.5112393,35.8170165],[129.5111412,35.816991]]]]}},{"type":"Feature","properties":{"UFID":"100035903071A00110100000004497593"},"geometry":{"type":"MultiPolygon","coordinates":[[[[129.5124915,35.8171147],[129.5123643,35.8170341],[129.5123612,35.8170438],[129.5123108,35.8171004],[129.5122974,35.8171055],[129.5124218,35.817191],[129.5124915,35.8171147]]]]}},{"type":"Feature","properties":{"UFID":"100035903071A00110100000004497594"},"geometry":{"type":"MultiPolygon","coordinates":[[[[129.5109045,35.8174551],[129.5108975,35.8174823],[129.5111186,35.8175646],[129.511196,35.8175883],[129.5112593,35.8176065],[129.5112692,35.8175839],[129.5112164,35.8175676],[129.5111322,35.8175399],[129.5109045,35.8174551]]]]}},{"type":"Feature","properties":{"UFID":"100035903071A00110100000004497595"},"geometry":{"type":"MultiPolygon","coordinates":[[[[129.5123982,35.8169916],[129.5123875,35.8169939],[129.5123837,35.8169942],[129.5123724,35.8169934],[129.5123665,35.8169925],[129.5123579,35.8169885],[129.5123548,35.816987],[129.5123448,35.8169757],[129.5123031,35.8169233],[129.5122783,35.8168937],[129.5122509,35.816909],[129.5122755,35.8169383],[129.5123174,35.8169909],[129.5123313,35.8170068],[129.5123408,35.8170136],[129.5123574,35.8170232],[129.5123603,35.8170264],[129.5123635,35.8170317],[129.5123643,35.8170341],[129.5123982,35.8169916]]]]}},{"type":"Feature","properties":{"UFID":"100035903071A00110100000004497596"},"geometry":{"type":"MultiPolygon","coordinates":[[[[129.5117437,35.8177877],[129.5117356,35.8177895],[129.5117318,35.8177894],[129.5117166,35.8177875],[129.5116682,35.8177854],[129.5116485,35.8177818],[129.5116195,35.8177796],[129.5115973,35.817778],[129.5115944,35.8178049],[129.5116165,35.8178065],[129.5116433,35.8178086],[129.5116523,35.8178102],[129.5116906,35.8178282],[129.511693,35.8178345],[129.5117437,35.8177877]]]]}},{"type":"Feature","properties":{"UFID":"100035903071A00110100000004497597"},"geometry":{"type":"MultiPolygon","coordinates":[[[[129.5109045,35.8174551],[129.5107738,35.8174193],[129.5107619,35.8174423],[129.5108975,35.8174823],[129.5109045,35.8174551]]]]}},{"type":"Feature","properties":{"UFID":"100035903071A00110100000004497598"},"geometry":{"type":"MultiPolygon","coordinates":[[[[129.5111412,35.816991],[129.5110054,35.8169552],[129.5109933,35.8169793],[129.5111287,35.8170161],[129.5111412,35.816991]]]]}},{"type":"Feature","properties":{"UFID":"100035903071A00110100000004497599"},"geometry":{"type":"MultiPolygon","coordinates":[[[[129.5107488,35.8177665],[129.5107497,35.8177622],[129.5107499,35.8177619],[129.5106289,35.8177023],[129.5106041,35.8177483],[129.5107375,35.8178144],[129.5107488,35.8177665]]]]}},{"type":"Feature","properties":{"UFID":"100035903071A00110100000004497600"},"geometry":{"type":"MultiPolygon","coordinates":[[[[129.5125341,35.817068],[129.5123982,35.8169916],[129.5123643,35.8170341],[129.5124915,35.8171147],[129.5125341,35.817068]]]]}},{"type":"Feature","properties":{"UFID":"100035903071A00110100000004497601"},"geometry":{"type":"MultiPolygon","coordinates":[[[[129.5118785,35.817818],[129.5117437,35.8177877],[129.511693,35.8178345],[129.5118375,35.8178761],[129.5118477,35.8178622],[129.5118785,35.817818]]]]}},{"type":"Feature","properties":{"UFID":"100035903071A00110100000004497602"},"geometry":{"type":"MultiPolygon","coordinates":[[[[129.5124218,35.817191],[129.5122974,35.8171055],[129.5122498,35.817158],[129.5123422,35.8172241],[129.5123721,35.8172455],[129.512396,35.8172193],[129.5124218,35.817191]]]]}},{"type":"Feature","properties":{"UFID":"100035903071A00110100000004497603"},"geometry":{"type":"MultiPolygon","coordinates":[[[[129.5123797,35.8163924],[129.5123698,35.8163819],[129.5123457,35.816346],[129.5122809,35.8163707],[129.512314,35.8164226],[129.5123797,35.8163924]]]]}},{"type":"Feature","properties":{"UFID":"100035903071A00110100000004497604"},"geometry":{"type":"MultiPolygon","coordinates":[[[[129.5123457,35.816346],[129.5123175,35.8163039],[129.5122995,35.8162734],[129.5122378,35.8163061],[129.5122809,35.8163707],[129.5123457,35.816346]]]]}},{"type":"Feature","properties":{"UFID":"100035903071A00110100000004497605"},"geometry":{"type":"MultiPolygon","coordinates":[[[[129.512285,35.8162487],[129.5122687,35.8162211],[129.5122204,35.8161686],[129.5121016,35.8160471],[129.5120601,35.8160149],[129.5119974,35.8159863],[129.5118789,35.8159487],[129.5118456,35.815936],[129.5118161,35.8159905],[129.511931,35.8160114],[129.5119471,35.8160165],[129.5119629,35.8160214],[129.5120005,35.8160403],[129.5120366,35.8160678],[129.5120829,35.8161146],[129.512102,35.8161331],[129.512181,35.8161988],[129.5122366,35.816259],[129.5122379,35.8162723],[129.5122355,35.8162829],[129.5122329,35.816288],[129.512285,35.8162487]]]]}},{"type":"Feature","properties":{"UFID":"100035903071A00110100000004497606"},"geometry":{"type":"MultiPolygon","coordinates":[[[[129.5122995,35.8162734],[129.512285,35.8162487],[129.5122329,35.816288],[129.5122378,35.8163061],[129.5122995,35.8162734]]]]}},{"type":"Feature","properties":{"UFID":"100035903071A00110100000004497607"},"geometry":{"type":"MultiPolygon","coordinates":[[[[129.5121579,35.8164677],[129.5121156,35.8164333],[129.5120581,35.8164453],[129.5120887,35.8164842],[129.5121579,35.8164677]]]]}},{"type":"Feature","properties":{"UFID":"100035903071A00110100000004497608"},"geometry":{"type":"MultiPolygon","coordinates":[[[[129.5121156,35.8164333],[129.5121169,35.8164258],[129.5122074,35.8163377],[129.5122378,35.8163061],[129.5122329,35.816288],[129.5121721,35.8163381],[129.5121393,35.8163708],[129.5120928,35.8164258],[129.5120719,35.8164406],[129.5120581,35.8164453],[129.5121156,35.8164333]]]]}},{"type":"Feature","properties":{"UFID":"100035903071A00110100000004497609"},"geometry":{"type":"MultiPolygon","coordinates":[[[[129.5113421,35.8166077],[129.5111903,35.8165314],[129.5110974,35.8165804],[129.511143,35.816672],[129.5112799,35.8167132],[129.5113332,35.816623],[129.5113421,35.8166077]]]]}},{"type":"Feature","properties":{"UFID":"100035903071A00110100000004497610"},"geometry":{"type":"MultiPolygon","coordinates":[[[[129.5113591,35.8165863],[129.5112064,35.8165134],[129.5111903,35.8165314],[129.5113421,35.8166077],[129.5113516,35.8165918],[129.5113555,35.8165876],[129.5113591,35.8165863]]]]}},{"type":"Feature","properties":{"UFID":"100035903071A00110100000004497611"},"geometry":{"type":"MultiPolygon","coordinates":[[[[129.5114018,35.816496],[129.5112664,35.8164496],[129.5112251,35.8164925],[129.5112064,35.8165134],[129.5113591,35.8165863],[129.5114018,35.816496]]]]}},{"type":"Feature","properties":{"UFID":"100035903071A00110100000004497612"},"geometry":{"type":"MultiPolygon","coordinates":[[[[129.51152,35.8163393],[129.5114046,35.8162838],[129.5113196,35.8163943],[129.5112664,35.8164496],[129.5114018,35.816496],[129.511404,35.8164885],[129.5114091,35.8164804],[129.51152,35.8163393]]]]}},{"type":"Feature","properties":{"UFID":"100035903071A00110100000004497613"},"geometry":{"type":"MultiPolygon","coordinates":[[[[129.5123797,35.8163924],[129.512314,35.8164226],[129.5123494,35.8164507],[129.5123781,35.8164757],[129.5124142,35.8165083],[129.5124422,35.8165317],[129.5124627,35.8165438],[129.5125126,35.8165727],[129.5125852,35.8166066],[129.512609,35.8166212],[129.5126263,35.8166341],[129.5126735,35.8166767],[129.5126871,35.8166961],[129.5126982,35.8167129],[129.5127009,35.8167276],[129.512697,35.8167322],[129.5127661,35.8167577],[129.5127803,35.8167679],[129.5127889,35.8167717],[129.51281,35.8167858],[129.5127449,35.8166892],[129.5127095,35.8166358],[129.5126639,35.8165953],[129.5125879,35.8165512],[129.5125282,35.8165201],[129.5124866,35.8164901],[129.5124237,35.8164393],[129.5123797,35.8163924]]]]}},{"type":"Feature","properties":{"UFID":"100035903071A00110100000004497614"},"geometry":{"type":"MultiPolygon","coordinates":[[[[129.512314,35.8164226],[129.5122809,35.8163707],[129.5122785,35.8163776],[129.5122635,35.8163868],[129.5121722,35.816408],[129.5121156,35.8164333],[129.5121579,35.8164677],[129.5121942,35.8164418],[129.5122423,35.8164246],[129.5122785,35.8164186],[129.5122963,35.8164181],[129.5123037,35.8164197],[129.512314,35.8164226]]]]}},{"type":"Feature","properties":{"UFID":"100035903071A00110100000004497615"},"geometry":{"type":"MultiPolygon","coordinates":[[[[129.5121579,35.8164677],[129.5120887,35.8164842],[129.5121006,35.8164842],[129.5121068,35.8164854],[129.5121094,35.816488],[129.5121103,35.8164913],[129.5121073,35.8164983],[129.5120416,35.8165723],[129.5121674,35.816551],[129.5121547,35.8165373],[129.5121502,35.8165276],[129.5121461,35.8165171],[129.5121441,35.8165042],[129.5121446,35.8164929],[129.5121495,35.816482],[129.5121579,35.8164677]]]]}},{"type":"Feature","properties":{"UFID":"100035903071A00110100000004497616"},"geometry":{"type":"MultiPolygon","coordinates":[[[[129.5120887,35.8164842],[129.5120581,35.8164453],[129.5120467,35.8164477],[129.5120423,35.8164474],[129.5120233,35.8164463],[129.5120195,35.8164471],[129.5119152,35.8165641],[129.5118817,35.8166067],[129.5118498,35.8166357],[129.5118302,35.8166478],[129.5118199,35.8166558],[129.51178,35.8166775],[129.5117741,35.8166777],[129.5117626,35.8166733],[129.5117926,35.816704],[129.5117927,35.8167013],[129.5118318,35.816683],[129.5119711,35.816569],[129.5120043,35.8165339],[129.5120394,35.8164884],[129.5120448,35.8164846],[129.5120524,35.8164844],[129.5120887,35.8164842]]]]}},{"type":"Feature","properties":{"UFID":"100035903071A00110100000004497617"},"geometry":{"type":"MultiPolygon","coordinates":[[[[129.5112799,35.8167132],[129.511143,35.816672],[129.5111439,35.8166747],[129.5111428,35.8166794],[129.5110054,35.8169552],[129.5111412,35.816991],[129.5111427,35.8169818],[129.5111438,35.8169774],[129.5111733,35.8169186],[129.511269,35.8167318],[129.5112799,35.8167132]]]]}},{"type":"Feature","properties":{"UFID":"100035903071A00110100000004497618"},"geometry":{"type":"MultiPolygon","coordinates":[[[[129.5122974,35.8171055],[129.5122936,35.8171053],[129.5122816,35.817101],[129.5121954,35.8170252],[129.5121237,35.816969],[129.5119998,35.8168757],[129.5118868,35.8168032],[129.5118414,35.8167617],[129.5117966,35.8167111],[129.5117926,35.816704],[129.511746,35.816727],[129.5117804,35.8167607],[129.5118129,35.8167968],[129.5118239,35.8168057],[129.511832,35.8168118],[129.5118843,35.8168506],[129.5119729,35.8169124],[129.51205,35.8169656],[129.5121551,35.8170509],[129.5122234,35.817114],[129.5122495,35.8171411],[129.5122518,35.8171456],[129.5122517,35.8171482],[129.5122508,35.8171524],[129.5122498,35.817158],[129.5122974,35.8171055]]]]}},{"type":"Feature","properties":{"UFID":"100035903071A00110100000004497619"},"geometry":{"type":"MultiPolygon","coordinates":[[[[129.5117626,35.8166733],[129.5117036,35.8166412],[129.5116816,35.8166267],[129.511672,35.8166216],[129.5116599,35.8166156],[129.5116459,35.816609],[129.5115986,35.8165895],[129.5115391,35.8165627],[129.5114615,35.8165337],[129.5114194,35.8165156],[129.5114018,35.816496],[129.5113591,35.8165863],[129.5115409,35.8166303],[129.5116391,35.8166567],[129.5116852,35.8166765],[129.5117017,35.8166856],[129.5117112,35.816693],[129.5117239,35.8167054],[129.5117626,35.8166733]]]]}},{"type":"Feature","properties":{"UFID":"100035903071A00110100000004497620"},"geometry":{"type":"MultiPolygon","coordinates":[[[[129.5117926,35.816704],[129.5117626,35.8166733],[129.5117239,35.8167054],[129.511746,35.816727],[129.5117926,35.816704]]]]}},{"type":"Feature","properties":{"UFID":"100035903071A00110100000004497621"},"geometry":{"type":"MultiPolygon","coordinates":[[[[129.5116363,35.8161914],[129.5115891,35.8161429],[129.5114063,35.8162243],[129.5114048,35.8162765],[129.5114046,35.8162838],[129.51152,35.8163393],[129.5116363,35.8161914]]]]}},{"type":"Feature","properties":{"UFID":"100035903071A00110100000004497622"},"geometry":{"type":"MultiPolygon","coordinates":[[[[129.51281,35.8167858],[129.5127889,35.8167717],[129.5127803,35.8167679],[129.5127661,35.8167577],[129.512697,35.8167322],[129.5126952,35.8167319],[129.5126944,35.8167312],[129.5126732,35.8167581],[129.5124995,35.816908],[129.5123982,35.8169916],[129.5125341,35.817068],[129.5125393,35.8170622],[129.5125961,35.8170031],[129.5126283,35.8169753],[129.5126571,35.8169503],[129.5126797,35.816938],[129.5127059,35.8169236],[129.5127488,35.8169027],[129.512801,35.8168824],[129.5128179,35.8168758],[129.512833,35.8168692],[129.5128394,35.8168648],[129.5128403,35.8168622],[129.5128304,35.816838],[129.51281,35.8167858]]]]}},{"type":"Feature","properties":{"UFID":"100035903071A00110100000004497623"},"geometry":{"type":"MultiPolygon","coordinates":[[[[129.5120381,35.8154273],[129.5119702,35.8154175],[129.5119521,35.8154541],[129.5120161,35.8154634],[129.5120177,35.8154534],[129.5120275,35.8154385],[129.5120381,35.8154273]]]]}},{"type":"Feature","properties":{"UFID":"100035903071A00110100000004497624"},"geometry":{"type":"MultiPolygon","coordinates":[[[[129.5120161,35.8154634],[129.5119521,35.8154541],[129.511953,35.8154595],[129.511953,35.8154663],[129.5119529,35.8154731],[129.5119522,35.8155053],[129.5119546,35.8155513],[129.5119633,35.8156239],[129.5119608,35.81567],[129.5119563,35.8156866],[129.5119508,35.8156971],[129.511945,35.8156997],[129.5120102,35.8157241],[129.5120164,35.8157117],[129.5120204,35.8156994],[129.5120267,35.8156697],[129.5120338,35.8156007],[129.5120336,35.815578],[129.5120333,35.81557],[129.51203,35.8155647],[129.5120224,35.8155606],[129.5120174,35.8155566],[129.5120149,35.8155472],[129.5120126,35.8155311],[129.5120116,35.8154914],[129.5120161,35.8154634]]]]}},{"type":"Feature","properties":{"UFID":"100035903071A00110100000004497625"},"geometry":{"type":"MultiPolygon","coordinates":[[[[129.5122105,35.8153805],[129.5120748,35.8153153],[129.5120319,35.8153835],[129.511977,35.8154149],[129.5119702,35.8154175],[129.5120381,35.8154273],[129.51205,35.8154145],[129.5120631,35.8154079],[129.5120997,35.8154032],[129.5122105,35.8153805]]]]}},{"type":"Feature","properties":{"UFID":"100035903071A00110100000004497626"},"geometry":{"type":"MultiPolygon","coordinates":[[[[129.5120102,35.8157241],[129.511945,35.8156997],[129.511922,35.8157477],[129.5119792,35.8157691],[129.5119835,35.8157639],[129.5120102,35.8157241]]]]}},{"type":"Feature","properties":{"UFID":"100035903071A00110100000004497627"},"geometry":{"type":"MultiPolygon","coordinates":[[[[129.5119792,35.8157691],[129.511922,35.8157477],[129.5118549,35.8158243],[129.5118048,35.8158718],[129.5117633,35.8159043],[129.5118456,35.815936],[129.5118437,35.8159333],[129.5118441,35.8159315],[129.5118484,35.8159237],[129.5118898,35.815874],[129.5119413,35.8158146],[129.5119792,35.8157691]]]]}},{"type":"Feature","properties":{"UFID":"100035903071A00110100000004497628"},"geometry":{"type":"MultiPolygon","coordinates":[[[[129.5118456,35.815936],[129.5117633,35.8159043],[129.5117629,35.8159808],[129.5117711,35.8159823],[129.5118161,35.8159905],[129.5118456,35.815936]]]]}},{"type":"Feature","properties":{"UFID":"100035903071A00110100000004497629"},"geometry":{"type":"MultiPolygon","coordinates":[[[[129.5117629,35.8159808],[129.5117633,35.8159043],[129.5117497,35.8159079],[129.5117384,35.8159092],[129.5117321,35.8159095],[129.5117247,35.8159094],[129.5117405,35.8159876],[129.5117496,35.8159836],[129.5117553,35.8159822],[129.5117591,35.8159816],[129.5117629,35.8159808]]]]}},{"type":"Feature","properties":{"UFID":"100035903071A00110100000004497630"},"geometry":{"type":"MultiPolygon","coordinates":[[[[129.5117405,35.8159876],[129.5116685,35.8159902],[129.5116684,35.8159943],[129.5116648,35.81601],[129.5116561,35.8160313],[129.5116328,35.8160855],[129.5115891,35.8161429],[129.5116363,35.8161914],[129.5116884,35.8161142],[129.511695,35.8160934],[129.5117114,35.8160526],[129.5117336,35.8160038],[129.5117363,35.8159962],[129.5117405,35.8159876]]]]}},{"type":"Feature","properties":{"UFID":"100035903071A00110100000004497631"},"geometry":{"type":"MultiPolygon","coordinates":[[[[129.5117405,35.8159876],[129.5117247,35.8159094],[129.5116454,35.8159264],[129.5116589,35.8159483],[129.5116641,35.8159617],[129.5116687,35.8159808],[129.5116685,35.8159902],[129.5117405,35.8159876]]]]}},{"type":"Feature","properties":{"UFID":"100035903071A00110100000004497632"},"geometry":{"type":"MultiPolygon","coordinates":[[[[129.5114121,35.8156716],[129.5113426,35.8156536],[129.5113322,35.8157145],[129.5113658,35.8157232],[129.5113766,35.8157275],[129.5114121,35.8156716]]]]}},{"type":"Feature","properties":{"UFID":"100035903071A00110100000004497633"},"geometry":{"type":"MultiPolygon","coordinates":[[[[129.5113022,35.8157084],[129.5112214,35.815605],[129.5110912,35.8156876],[129.5111516,35.8157638],[129.5113022,35.8157084]]]]}},{"type":"Feature","properties":{"UFID":"100035903071A00110100000004497634"},"geometry":{"type":"MultiPolygon","coordinates":[[[[129.5113426,35.8156536],[129.5114121,35.8156716],[129.5114968,35.8155427],[129.5114275,35.815493],[129.5113268,35.8154384],[129.5113149,35.8154234],[129.5113118,35.8154144],[129.5113118,35.8154107],[129.5113152,35.8154037],[129.5114495,35.815327],[129.5114318,35.8153078],[129.5112315,35.8154102],[129.5112242,35.8154147],[129.5112222,35.8154172],[129.5112225,35.815419],[129.5114406,35.8155465],[129.5114417,35.8155522],[129.5113869,35.8156136],[129.5113426,35.8156536]]]]}},{"type":"Feature","properties":{"UFID":"100035903071A00110100000004497635"},"geometry":{"type":"MultiPolygon","coordinates":[[[[129.5119702,35.8154175],[129.5119647,35.815418],[129.5119545,35.815418],[129.5118998,35.8154095],[129.5117961,35.8153769],[129.5117757,35.8154153],[129.5118398,35.8154223],[129.5119365,35.8154396],[129.5119478,35.8154483],[129.5119521,35.8154541],[129.5119702,35.8154175]]]]}},{"type":"Feature","properties":{"UFID":"100035903071A00110100000004497636"},"geometry":{"type":"MultiPolygon","coordinates":[[[[129.511945,35.8156997],[129.5119399,35.815699],[129.5119347,35.8156955],[129.5119154,35.8156819],[129.5118891,35.8156672],[129.5116899,35.8156501],[129.5116844,35.8156653],[129.5118626,35.8156787],[129.5119201,35.8157274],[129.5119231,35.8157407],[129.511922,35.8157477],[129.511945,35.8156997]]]]}},{"type":"Feature","properties":{"UFID":"100035903071A00110100000004497637"},"geometry":{"type":"MultiPolygon","coordinates":[[[[129.5113426,35.8156536],[129.51133,35.8156563],[129.5113064,35.8156537],[129.5112609,35.8156292],[129.5112397,35.815618],[129.5112214,35.815605],[129.5113022,35.8157084],[129.5113322,35.8157145],[129.5113426,35.8156536]]]]}},{"type":"Feature","properties":{"UFID":"100035903071A00110100000004497638"},"geometry":{"type":"MultiPolygon","coordinates":[[[[129.5115786,35.815787],[129.5115752,35.815784],[129.5114625,35.8157094],[129.5114121,35.8156716],[129.5113766,35.8157275],[129.5114248,35.8157466],[129.5114925,35.8157865],[129.5115378,35.8158195],[129.5115786,35.815787]]]]}},{"type":"Feature","properties":{"UFID":"100035903071A00110100000004497639"},"geometry":{"type":"MultiPolygon","coordinates":[[[[129.5117247,35.8159094],[129.5117174,35.8159072],[129.5117008,35.8158996],[129.5116313,35.8158326],[129.5115786,35.815787],[129.5115378,35.8158195],[129.5115424,35.8158229],[129.5116136,35.8158906],[129.5116436,35.8159235],[129.5116454,35.8159264],[129.5117247,35.8159094]]]]}},{"type":"Feature","properties":{"UFID":"100035903071A00110100000004497640"},"geometry":{"type":"MultiPolygon","coordinates":[[[[129.5115891,35.8161429],[129.5115768,35.8161432],[129.5115669,35.8161366],[129.5115593,35.8161181],[129.5115404,35.816084],[129.5115282,35.8160559],[129.5114916,35.815968],[129.5114848,35.8159517],[129.5114373,35.8158898],[129.5113067,35.8157165],[129.5113022,35.8157084],[129.5111516,35.8157638],[129.5111552,35.8157666],[129.5113472,35.8160126],[129.5113683,35.816067],[129.5114018,35.8161739],[129.5114063,35.8162243],[129.5115891,35.8161429]]]]}},{"type":"Feature","properties":{"UFID":"100035903071A00110100000004497641"},"geometry":{"type":"MultiPolygon","coordinates":[[[[129.5114063,35.8162243],[129.5114027,35.8162201],[129.5113968,35.8161786],[129.5113803,35.816128],[129.5113634,35.8160841],[129.5113397,35.8160312],[129.5113243,35.8160096],[129.5112301,35.8158837],[129.5111437,35.8157683],[129.5111447,35.8157659],[129.5111516,35.8157638],[129.5110912,35.8156876],[129.5110881,35.8157666],[129.5111761,35.8158808],[129.5111923,35.8159025],[129.5112863,35.816028],[129.5112995,35.8160465],[129.5113215,35.8160956],[129.5113378,35.8161381],[129.5113532,35.8161853],[129.51136,35.8162332],[129.5113766,35.8162528],[129.5113971,35.8162678],[129.5114048,35.8162765],[129.5114063,35.8162243]]]]}},{"type":"Feature","properties":{"UFID":"100035903071A00110100000004497642"},"geometry":{"type":"MultiPolygon","coordinates":[[[[129.5126506,35.8152542],[129.5125908,35.815199],[129.5125663,35.815211],[129.5124768,35.8152313],[129.5123577,35.815257],[129.5123143,35.8152619],[129.5122921,35.8152621],[129.5122105,35.8153805],[129.5123045,35.8153612],[129.5124217,35.8153288],[129.5125261,35.8152946],[129.5126506,35.8152542]]]]}},{"type":"Feature","properties":{"UFID":"100035903071A00110100000004497643"},"geometry":{"type":"MultiPolygon","coordinates":[[[[129.5127118,35.8151032],[129.5126684,35.8151023],[129.5126642,35.815115],[129.5126364,35.8151589],[129.5126129,35.8151881],[129.5125908,35.815199],[129.5126506,35.8152542],[129.5127118,35.8151032]]]]}},{"type":"Feature","properties":{"UFID":"100035903071A00110100000004497644"},"geometry":{"type":"MultiPolygon","coordinates":[[[[129.5104885,35.8145532],[129.5104431,35.8145613],[129.5104435,35.8145733],[129.5104449,35.8145838],[129.5104527,35.814621],[129.5104548,35.8146302],[129.510473,35.8146668],[129.5104849,35.8146867],[129.5105183,35.8147271],[129.5105893,35.8148128],[129.5106169,35.8148462],[129.5105751,35.8147639],[129.5104989,35.8146349],[129.5104949,35.8146251],[129.5104922,35.8146161],[129.5104906,35.8146098],[129.5104896,35.8146],[129.5104894,35.8145913],[129.5104891,35.8145825],[129.5104889,35.8145729],[129.5104887,35.8145631],[129.5104885,35.8145532]]]]}},{"type":"Feature","properties":{"UFID":"100035903071A00110100000004497645"},"geometry":{"type":"MultiPolygon","coordinates":[[[[129.5104885,35.8145532],[129.5104883,35.8145439],[129.5104882,35.8145354],[129.510488,35.8145268],[129.5104433,35.8145319],[129.5104428,35.8145406],[129.5104429,35.814552],[129.5104431,35.8145613],[129.5104885,35.8145532]]]]}},{"type":"Feature","properties":{"UFID":"100035903071A00110100000004497646"},"geometry":{"type":"MultiPolygon","coordinates":[[[[129.510488,35.8145268],[129.5104889,35.8145161],[129.51049,35.8145065],[129.5104914,35.8144953],[129.5104952,35.8144684],[129.5105665,35.8142777],[129.5106582,35.8140399],[129.5106742,35.8140079],[129.5106828,35.8139992],[129.5106967,35.8139929],[129.5107097,35.8139905],[129.5107267,35.8139893],[129.5107468,35.8139899],[129.5107661,35.8139927],[129.5107843,35.8139962],[129.5108102,35.8140014],[129.5108305,35.8140056],[129.5108517,35.8140103],[129.5108773,35.8140173],[129.510794,35.8138754],[129.5107922,35.8138798],[129.5107891,35.8138857],[129.5107845,35.8138933],[129.510781,35.8138999],[129.5107764,35.8139066],[129.5107712,35.8139122],[129.5107647,35.8139186],[129.5107581,35.8139243],[129.5107539,35.8139274],[129.5107471,35.813931],[129.5107362,35.8139346],[129.5107262,35.8139369],[129.5107142,35.81394],[129.5107072,35.8139415],[129.5106963,35.8139438],[129.5106862,35.8139468],[129.5106773,35.813949],[129.5106645,35.8139555],[129.5106588,35.8139603],[129.5106186,35.8140082],[129.5105894,35.8140728],[129.5105256,35.8142688],[129.510477,35.8143911],[129.5104581,35.8144565],[129.5104494,35.8144888],[129.5104477,35.8144993],[129.5104456,35.8145115],[129.5104445,35.8145216],[129.5104433,35.8145319],[129.510488,35.8145268]]]]}},{"type":"Feature","properties":{"UFID":"100035903071A00110100000004497647"},"geometry":{"type":"MultiPolygon","coordinates":[[[[129.5105893,35.8148128],[129.5105183,35.8147271],[129.5103924,35.8148034],[129.5104075,35.8148208],[129.5104588,35.8148896],[129.5105893,35.8148128]]]]}},{"type":"Feature","properties":{"UFID":"100035903071A00110100000004497648"},"geometry":{"type":"MultiPolygon","coordinates":[[[[129.5106169,35.8148462],[129.5105893,35.8148128],[129.5104588,35.8148896],[129.5104594,35.8148905],[129.5104828,35.8149215],[129.5106169,35.8148462]]]]}},{"type":"Feature","properties":{"UFID":"100035903071A00110100000004497649"},"geometry":{"type":"MultiPolygon","coordinates":[[[[129.510488,35.8145268],[129.5104882,35.8145354],[129.5104883,35.8145439],[129.5104885,35.8145532],[129.5105026,35.8145496],[129.5105459,35.8145326],[129.510581,35.8145171],[129.5106705,35.8144791],[129.5106702,35.814455],[129.5106191,35.8144783],[129.5105474,35.8145072],[129.5105046,35.8145197],[129.510488,35.8145268]]]]}},{"type":"Feature","properties":{"UFID":"100035903071A00110100000004497650"},"geometry":{"type":"MultiPolygon","coordinates":[[[[129.5122921,35.8152621],[129.5122789,35.8152622],[129.5122467,35.8152615],[129.5121988,35.8152553],[129.5121325,35.815237],[129.5120748,35.8153153],[129.5122105,35.8153805],[129.5122921,35.8152621]]]]}},{"type":"Feature","properties":{"UFID":"100035903071A00110100000004497651"},"geometry":{"type":"MultiPolygon","coordinates":[[[[129.512979,35.8144845],[129.5129099,35.8144705],[129.512848,35.8146156],[129.5127291,35.8149021],[129.5127097,35.8149756],[129.5126684,35.8151023],[129.5127118,35.8151032],[129.512979,35.8144845]]]]}},{"type":"Feature","properties":{"UFID":"100035903071A00110100000004497652"},"geometry":{"type":"MultiPolygon","coordinates":[[[[129.5112214,35.815605],[129.5111771,35.8155489],[129.5109782,35.8152964],[129.5109374,35.8152398],[129.5107318,35.8149937],[129.5106169,35.8148462],[129.5104828,35.8149215],[129.5105075,35.8149542],[129.510541,35.8149995],[129.5107075,35.8152033],[129.5109515,35.8155032],[129.5110376,35.8156169],[129.5110912,35.8156876],[129.5112214,35.815605]]]]}},{"type":"Feature","properties":{"UFID":"100035903071A00110100000004497653"},"geometry":{"type":"MultiPolygon","coordinates":[[[[129.5108737,35.8138565],[129.5107728,35.8136437],[129.510664,35.8134142],[129.5105811,35.8131394],[129.5105204,35.8128527],[129.510505,35.812759],[129.5105023,35.8127428],[129.5104973,35.812722],[129.5104926,35.812708],[129.5104856,35.8126911],[129.5104795,35.8126774],[129.5104724,35.8126646],[129.5104625,35.812649],[129.5104534,35.812636],[129.5104375,35.8126134],[129.5103143,35.8124363],[129.5102352,35.8124725],[129.5102391,35.8124747],[129.5102427,35.8124771],[129.5102456,35.8124788],[129.5103807,35.8126549],[129.5103941,35.8126736],[129.5103998,35.8126841],[129.5104041,35.8126933],[129.5104086,35.8127064],[129.5104117,35.8127146],[129.5104144,35.8127251],[129.5104524,35.8128961],[129.510516,35.8132015],[129.510572,35.8133895],[129.5105941,35.8134403],[129.510625,35.8135012],[129.5107385,35.8137351],[129.5107909,35.8138534],[129.5107932,35.8138652],[129.5107939,35.8138715],[129.510794,35.8138754],[129.5108737,35.8138565]]]]}},{"type":"Feature","properties":{"UFID":"100035903071A00110100000004497654"},"geometry":{"type":"MultiPolygon","coordinates":[[[[129.5109451,35.8139667],[129.5110089,35.8140318],[129.5110085,35.8140246],[129.5110111,35.814022],[129.5111769,35.813964],[129.5117412,35.8139697],[129.5119315,35.8139721],[129.5119368,35.8139099],[129.5111569,35.8138945],[129.5109588,35.8139665],[129.5109548,35.8139669],[129.5109451,35.8139667]]]]}},{"type":"Feature","properties":{"UFID":"100035903071A00110100000004497655"},"geometry":{"type":"MultiPolygon","coordinates":[[[[129.5129386,35.8144079],[129.513005,35.814423],[129.5130384,35.8143442],[129.5129228,35.8139081],[129.5128302,35.81383],[129.5127839,35.8138656],[129.5128574,35.8139347],[129.512968,35.8143458],[129.5129412,35.8144056],[129.5129386,35.8144079]]]]}},{"type":"Feature","properties":{"UFID":"100035903071A00110100000004497656"},"geometry":{"type":"MultiPolygon","coordinates":[[[[129.5129386,35.8144079],[129.5129279,35.8144047],[129.5126173,35.8143132],[129.5125861,35.8143817],[129.5127999,35.8144457],[129.5129099,35.8144705],[129.5129386,35.8144079]]]]}},{"type":"Feature","properties":{"UFID":"100035903071A00110100000004497657"},"geometry":{"type":"MultiPolygon","coordinates":[[[[129.5109451,35.8139667],[129.5109377,35.8139594],[129.5108773,35.8140173],[129.5108921,35.8140241],[129.5109451,35.8139667]]]]}},{"type":"Feature","properties":{"UFID":"100035903071A00110100000004497658"},"geometry":{"type":"MultiPolygon","coordinates":[[[[129.513005,35.814423],[129.5129386,35.8144079],[129.5129099,35.8144705],[129.512979,35.8144845],[129.513005,35.814423]]]]}},{"type":"Feature","properties":{"UFID":"100035903071A00110100000004497659"},"geometry":{"type":"MultiPolygon","coordinates":[[[[129.5110089,35.8140318],[129.5109451,35.8139667],[129.5108921,35.8140241],[129.5109043,35.8140321],[129.5109116,35.8140376],[129.5109309,35.8140629],[129.5110089,35.8140318]]]]}},{"type":"Feature","properties":{"UFID":"100035903071A00110100000004497660"},"geometry":{"type":"MultiPolygon","coordinates":[[[[129.5109377,35.8139594],[129.5109185,35.8139406],[129.5108959,35.8139032],[129.5108737,35.8138565],[129.510794,35.8138754],[129.5108773,35.8140173],[129.5109377,35.8139594]]]]}},{"type":"Feature","properties":{"UFID":"100035903071A00110100000004497661"},"geometry":{"type":"MultiPolygon","coordinates":[[[[129.5121325,35.815237],[129.512098,35.8152224],[129.5120808,35.8152151],[129.5120536,35.8151977],[129.5118747,35.8150658],[129.5117651,35.8149773],[129.511613,35.8147965],[129.5114147,35.8145572],[129.5112037,35.8142843],[129.5110909,35.8141357],[129.5110089,35.8140318],[129.5109309,35.8140629],[129.5110747,35.814252],[129.5112622,35.8144947],[129.5114335,35.814706],[129.511563,35.8148624],[129.5116634,35.8149727],[129.5117835,35.8150797],[129.5120081,35.8152713],[129.5120409,35.8152929],[129.5120748,35.8153153],[129.5121325,35.815237]]]]}},{"type":"Feature","properties":{"UFID":"100035903071A00110100000004497662"},"geometry":{"type":"MultiPolygon","coordinates":[[[[129.5045456,35.8236764],[129.504523,35.8236734],[129.5045103,35.8236675],[129.5045011,35.8236556],[129.5044878,35.8236102],[129.504472,35.8235003],[129.5044462,35.8234257],[129.5043866,35.8232909],[129.5042977,35.8231643],[129.5042865,35.8231466],[129.504284,35.8231388],[129.5042279,35.823182],[129.5042417,35.8231831],[129.5042535,35.8231883],[129.5043228,35.8232713],[129.5043619,35.823336],[129.5044084,35.8234413],[129.5044199,35.8234966],[129.504424,35.8235267],[129.5044305,35.8236821],[129.5044287,35.8236963],[129.5044198,35.8237049],[129.5045456,35.8236764]]]]}},{"type":"Feature","properties":{"UFID":"100035903071A00110100000004497663"},"geometry":{"type":"MultiPolygon","coordinates":[[[[129.5049211,35.8236196],[129.504908,35.8235757],[129.5049002,35.8235788],[129.5047644,35.8236089],[129.5047622,35.8236098],[129.5047531,35.8236245],[129.5047494,35.8236292],[129.5047372,35.8236338],[129.5045456,35.8236764],[129.5045491,35.8237037],[129.5047535,35.8236582],[129.5049211,35.8236196]]]]}},{"type":"Feature","properties":{"UFID":"100035903071A00110100000004497664"},"geometry":{"type":"MultiPolygon","coordinates":[[[[129.5042279,35.823182],[129.5041432,35.8231269],[129.5040979,35.8231465],[129.504025,35.8231743],[129.5039199,35.8232065],[129.5038247,35.8232332],[129.5037246,35.8232498],[129.503702,35.8232513],[129.503677,35.8232517],[129.5036551,35.8232504],[129.5036668,35.8233235],[129.5036963,35.8233234],[129.503725,35.8233224],[129.503775,35.8233181],[129.5038214,35.8233134],[129.5038959,35.8233],[129.5039546,35.8232841],[129.5040308,35.8232617],[129.5041118,35.823232],[129.5041938,35.8231993],[129.5042279,35.823182]]]]}},{"type":"Feature","properties":{"UFID":"100035903071A00110100000004497665"},"geometry":{"type":"MultiPolygon","coordinates":[[[[129.504284,35.8231388],[129.5042132,35.8230854],[129.5041864,35.8231019],[129.5041432,35.8231269],[129.5042279,35.823182],[129.504284,35.8231388]]]]}},{"type":"Feature","properties":{"UFID":"100035903071A00110100000004497666"},"geometry":{"type":"MultiPolygon","coordinates":[[[[129.504473,35.8229603],[129.5043812,35.8229212],[129.5043328,35.822972],[129.5042674,35.8230402],[129.5042132,35.8230854],[129.504284,35.8231388],[129.504342,35.8230881],[129.5044025,35.8230273],[129.5044679,35.822963],[129.504473,35.8229603]]]]}},{"type":"Feature","properties":{"UFID":"100035903071A00110100000004497667"},"geometry":{"type":"MultiPolygon","coordinates":[[[[129.5074734,35.8229442],[129.5074052,35.8228271],[129.5074092,35.8228396],[129.5074092,35.8228454],[129.5074092,35.8228547],[129.5074075,35.8228701],[129.5073878,35.8229303],[129.5073456,35.8229942],[129.5072835,35.8230494],[129.5072684,35.8230563],[129.5072569,35.8230606],[129.5072126,35.8230707],[129.5067724,35.8231763],[129.5062758,35.8232918],[129.5061614,35.8233165],[129.5060186,35.8233435],[129.5059714,35.8233535],[129.5058476,35.8233838],[129.5057102,35.823415],[129.5055257,35.8234605],[129.5054391,35.8234798],[129.5052602,35.8235193],[129.5050005,35.8235758],[129.5049631,35.823583],[129.5049685,35.8236098],[129.5050086,35.823602],[129.5052688,35.8235454],[129.5054478,35.8235059],[129.5055349,35.8234865],[129.5057195,35.823441],[129.5058568,35.8234097],[129.5059804,35.8233795],[129.5060265,35.8233697],[129.5061694,35.8233427],[129.5062846,35.8233179],[129.5067816,35.8232023],[129.5072386,35.8230941],[129.5073533,35.8230667],[129.5073735,35.8230581],[129.5073965,35.8230176],[129.5074241,35.822981],[129.5074486,35.8229548],[129.5074734,35.8229442]]]]}},{"type":"Feature","properties":{"UFID":"100035903071A00110100000004497668"},"geometry":{"type":"MultiPolygon","coordinates":[[[[129.5048391,35.8229465],[129.5047805,35.8229394],[129.5047833,35.8229401],[129.5047844,35.8229494],[129.5048009,35.822962],[129.5048277,35.8231257],[129.5048604,35.8232956],[129.504886,35.8234339],[129.504911,35.8235715],[129.5049099,35.8235743],[129.504908,35.8235757],[129.5049631,35.823583],[129.5049467,35.8235734],[129.5049439,35.8235681],[129.5049189,35.8234299],[129.5048932,35.8232915],[129.5048605,35.8231218],[129.5048332,35.8229547],[129.5048391,35.8229465]]]]}},{"type":"Feature","properties":{"UFID":"100035903071A00110100000004497669"},"geometry":{"type":"MultiPolygon","coordinates":[[[[129.5047805,35.8229394],[129.5047527,35.8229152],[129.5047036,35.8229207],[129.504573,35.822935],[129.504526,35.8229327],[129.5045206,35.8229239],[129.5045211,35.8229155],[129.504473,35.8229603],[129.5044785,35.8229593],[129.5044937,35.8229636],[129.5045278,35.8229651],[129.5045766,35.8229619],[129.5047081,35.8229475],[129.5047805,35.8229394]]]]}},{"type":"Feature","properties":{"UFID":"100035903071A00110100000004497670"},"geometry":{"type":"MultiPolygon","coordinates":[[[[129.5048164,35.8229081],[129.5047527,35.8229152],[129.5047805,35.8229394],[129.5048391,35.8229465],[129.5048164,35.8229081]]]]}},{"type":"Feature","properties":{"UFID":"100035903071A00110100000004497671"},"geometry":{"type":"MultiPolygon","coordinates":[[[[129.5035114,35.8232367],[129.5035072,35.8232366],[129.5035045,35.8232361],[129.5034027,35.8232167],[129.5031993,35.8231857],[129.5031778,35.8231812],[129.5031456,35.8232499],[129.5031708,35.823251],[129.503202,35.8232536],[129.5032248,35.8232563],[129.5032688,35.823262],[129.5033445,35.8232759],[129.5034728,35.8232985],[129.503529,35.8233083],[129.5035114,35.8232367]]]]}},{"type":"Feature","properties":{"UFID":"100035903071A00110100000004497672"},"geometry":{"type":"MultiPolygon","coordinates":[[[[129.5030104,35.823177],[129.5031778,35.8231812],[129.5031799,35.8231779],[129.5032104,35.8231726],[129.5033047,35.8231688],[129.5033305,35.8231693],[129.5033465,35.8231696],[129.5033725,35.8231729],[129.503389,35.8231776],[129.5034225,35.8231902],[129.5035101,35.8232298],[129.5035157,35.8232339],[129.5035114,35.8232367],[129.5036551,35.8232504],[129.5036246,35.8232418],[129.5035924,35.8232306],[129.503512,35.8231953],[129.5034657,35.8231713],[129.5034316,35.8231512],[129.5034013,35.8231394],[129.50338,35.8231344],[129.5033518,35.8231328],[129.5033295,35.8231327],[129.5033048,35.8231336],[129.5032823,35.8231361],[129.5032181,35.8231435],[129.5031346,35.8231589],[129.503045,35.8231673],[129.5030367,35.8231698],[129.5030104,35.823177]]]]}},{"type":"Feature","properties":{"UFID":"100035903071A00110100000004497673"},"geometry":{"type":"MultiPolygon","coordinates":[[[[129.5049685,35.8236098],[129.5049631,35.823583],[129.504908,35.8235757],[129.5049211,35.8236196],[129.5049406,35.8236151],[129.5049685,35.8236098]]]]}},{"type":"Feature","properties":{"UFID":"100035903071A00110100000004497674"},"geometry":{"type":"MultiPolygon","coordinates":[[[[129.5036551,35.8232504],[129.5035114,35.8232367],[129.503529,35.8233083],[129.5035779,35.8233168],[129.503632,35.8233214],[129.5036664,35.8233235],[129.5036668,35.8233235],[129.5036551,35.8232504]]]]}},{"type":"Feature","properties":{"UFID":"100035903071A00110100000004497675"},"geometry":{"type":"MultiPolygon","coordinates":[[[[129.5031778,35.8231812],[129.5030104,35.823177],[129.5030117,35.8232495],[129.5030258,35.8232491],[129.5031452,35.8232498],[129.5031456,35.8232499],[129.5031778,35.8231812]]]]}},{"type":"Feature","properties":{"UFID":"100035903071A00110100000004497676"},"geometry":{"type":"MultiPolygon","coordinates":[[[[129.5030117,35.8232495],[129.5030104,35.823177],[129.5029935,35.8231793],[129.5029658,35.8231827],[129.5029274,35.8231848],[129.5028638,35.823186],[129.5026184,35.8231915],[129.5023781,35.8231942],[129.502211,35.8231965],[129.5021189,35.8232013],[129.5020494,35.8232052],[129.5019945,35.8232108],[129.5019394,35.8232187],[129.5018793,35.8232319],[129.5017534,35.8232629],[129.5015905,35.8233133],[129.5014506,35.8233553],[129.5013543,35.8233645],[129.5010538,35.8234611],[129.5011347,35.8235344],[129.5011478,35.8235295],[129.5013088,35.8234768],[129.5016892,35.8233666],[129.5019162,35.8233078],[129.5019745,35.8232961],[129.5020321,35.8232857],[129.5021142,35.8232766],[129.5022266,35.8232688],[129.5023423,35.8232644],[129.5027043,35.8232573],[129.5030117,35.8232495]]]]}},{"type":"Feature","properties":{"UFID":"100035903071A00110100000004497677"},"geometry":{"type":"MultiPolygon","coordinates":[[[[129.5085162,35.8212213],[129.5084857,35.8212064],[129.5084813,35.8212087],[129.5084343,35.8212273],[129.5083886,35.8212584],[129.5083603,35.8212916],[129.5083346,35.8213363],[129.508298,35.8214094],[129.5082365,35.8215058],[129.50819,35.8215962],[129.5081666,35.821655],[129.5081169,35.8217381],[129.508072,35.8218218],[129.5081015,35.8218304],[129.5081445,35.8217572],[129.5081954,35.8216714],[129.5082144,35.8216279],[129.5082369,35.8215728],[129.5082772,35.8215003],[129.5083156,35.8214326],[129.5083607,35.8213502],[129.5083915,35.8213001],[129.508423,35.8212665],[129.5084648,35.8212421],[129.5085162,35.8212213]]]]}},{"type":"Feature","properties":{"UFID":"100035903071A00110100000004497678"},"geometry":{"type":"MultiPolygon","coordinates":[[[[129.5085604,35.8212044],[129.5085269,35.8211845],[129.5084857,35.8212064],[129.5085162,35.8212213],[129.5085604,35.8212044]]]]}},{"type":"Feature","properties":{"UFID":"100035903071A00110100000004497679"},"geometry":{"type":"MultiPolygon","coordinates":[[[[129.5087328,35.8209652],[129.5087159,35.8209227],[129.5087125,35.8209368],[129.5086745,35.820993],[129.5086313,35.8210534],[129.5086022,35.8211057],[129.5085719,35.8211476],[129.5085368,35.8211793],[129.5085269,35.8211845],[129.5085604,35.8212044],[129.5085891,35.8211767],[129.5086236,35.8211247],[129.5086708,35.8210574],[129.5087183,35.8209916],[129.5087328,35.8209652]]]]}},{"type":"Feature","properties":{"UFID":"100035903071A00110100000004497680"},"geometry":{"type":"MultiPolygon","coordinates":[[[[129.5084857,35.8212064],[129.5085269,35.8211845],[129.5085236,35.8211833],[129.5085127,35.8211831],[129.5085093,35.8211829],[129.5084714,35.8211655],[129.5084011,35.8211341],[129.508359,35.8211213],[129.5083345,35.8211166],[129.5083024,35.8211135],[129.5082937,35.8211141],[129.5082827,35.821116],[129.5082678,35.8211237],[129.5082285,35.8211486],[129.5081959,35.8211849],[129.5081325,35.821281],[129.5080709,35.8213757],[129.5079634,35.8215505],[129.5079217,35.8215878],[129.5078915,35.8216171],[129.5078854,35.8216781],[129.5078841,35.8216978],[129.5079199,35.8216989],[129.5079249,35.8216402],[129.5079266,35.8216336],[129.5079369,35.8216157],[129.5079703,35.8215878],[129.5079784,35.8215814],[129.5079844,35.8215744],[129.5081014,35.8213889],[129.5081469,35.8213173],[129.5081866,35.8212513],[129.5082258,35.8211967],[129.5082605,35.821159],[129.5082679,35.8211546],[129.5082934,35.8211477],[129.5083037,35.8211452],[129.5083362,35.8211451],[129.5083601,35.8211491],[129.5084051,35.8211633],[129.5084528,35.8211867],[129.5084857,35.8212064]]]]}},{"type":"Feature","properties":{"UFID":"100035903071A00110100000004497681"},"geometry":{"type":"MultiPolygon","coordinates":[[[[129.508368,35.820946],[129.5082224,35.8208859],[129.5081989,35.8209151],[129.5083402,35.8209801],[129.508368,35.820946]]]]}},{"type":"Feature","properties":{"UFID":"100035903071A00110100000004497682"},"geometry":{"type":"MultiPolygon","coordinates":[[[[129.5084895,35.820797],[129.5083556,35.8207209],[129.5083275,35.8207557],[129.5084687,35.8208224],[129.5084895,35.820797]]]]}},{"type":"Feature","properties":{"UFID":"100035903071A00110100000004497683"},"geometry":{"type":"MultiPolygon","coordinates":[[[[129.5084974,35.8207873],[129.508363,35.8207117],[129.5083556,35.8207209],[129.5084895,35.820797],[129.5084974,35.8207873]]]]}},{"type":"Feature","properties":{"UFID":"100035903071A00110100000004497684"},"geometry":{"type":"MultiPolygon","coordinates":[[[[129.5083556,35.8207209],[129.508139,35.8206057],[129.5081006,35.8206564],[129.5081301,35.8206531],[129.5081445,35.8206568],[129.5083275,35.8207557],[129.5083556,35.8207209]]]]}},{"type":"Feature","properties":{"UFID":"100035903071A00110100000004497685"},"geometry":{"type":"MultiPolygon","coordinates":[[[[129.5094425,35.8201479],[129.5094213,35.8201306],[129.5092918,35.8202194],[129.509232,35.8202679],[129.5091543,35.8203649],[129.5091154,35.8204245],[129.509082,35.8204812],[129.5090389,35.82058],[129.5090024,35.8206884],[129.5089685,35.8208041],[129.5089259,35.8209278],[129.5089113,35.8209403],[129.5089868,35.820949],[129.5089799,35.820943],[129.5089737,35.8209379],[129.5089692,35.8209323],[129.5089686,35.8209263],[129.5089831,35.8208546],[129.509,35.8207922],[129.5090235,35.8206906],[129.509064,35.8205805],[129.5090813,35.8205449],[129.5091103,35.8204868],[129.5091711,35.8203843],[129.5092569,35.8202888],[129.5093001,35.8202419],[129.5093698,35.8201928],[129.5094425,35.8201479]]]]}},{"type":"Feature","properties":{"UFID":"100035903071A00110100000004497686"},"geometry":{"type":"MultiPolygon","coordinates":[[[[129.5083402,35.8209801],[129.5081989,35.8209151],[129.5079613,35.8212338],[129.5081054,35.8212904],[129.5081964,35.8211666],[129.5083316,35.8209906],[129.5083402,35.8209801]]]]}},{"type":"Feature","properties":{"UFID":"100035903071A00110100000004497687"},"geometry":{"type":"MultiPolygon","coordinates":[[[[129.5084687,35.8208224],[129.5083275,35.8207557],[129.5082224,35.8208859],[129.508368,35.820946],[129.5084687,35.8208224]]]]}},{"type":"Feature","properties":{"UFID":"100035903071A00110100000004497688"},"geometry":{"type":"MultiPolygon","coordinates":[[[[129.5087667,35.8209229],[129.5087529,35.8209123],[129.5087159,35.8209227],[129.5087328,35.8209652],[129.5087667,35.8209229]]]]}},{"type":"Feature","properties":{"UFID":"100035903071A00110100000004497689"},"geometry":{"type":"MultiPolygon","coordinates":[[[[129.5088267,35.8210459],[129.5087504,35.8209912],[129.5087492,35.8210018],[129.5087316,35.8210492],[129.5087075,35.8211284],[129.5086958,35.821175],[129.5087014,35.8212419],[129.5087265,35.8212749],[129.5087253,35.8213965],[129.5087687,35.8213936],[129.5087603,35.8213777],[129.5087557,35.8213499],[129.5087549,35.8213406],[129.5087515,35.8212426],[129.5087438,35.8212177],[129.5087399,35.821199],[129.508738,35.8211741],[129.5087388,35.8211572],[129.5087421,35.8211339],[129.508752,35.821103],[129.5087834,35.8210625],[129.5088202,35.8210492],[129.5088267,35.8210459]]]]}},{"type":"Feature","properties":{"UFID":"100035903071A00110100000004497690"},"geometry":{"type":"MultiPolygon","coordinates":[[[[129.5087963,35.8209453],[129.5087667,35.8209229],[129.5087328,35.8209652],[129.5087504,35.8209912],[129.5087963,35.8209453]]]]}},{"type":"Feature","properties":{"UFID":"100035903071A00110100000004497691"},"geometry":{"type":"MultiPolygon","coordinates":[[[[129.5088407,35.8209683],[129.5088195,35.8209622],[129.5087963,35.8209453],[129.5087504,35.8209912],[129.5088267,35.8210459],[129.5088407,35.8209683]]]]}},{"type":"Feature","properties":{"UFID":"100035903071A00110100000004497692"},"geometry":{"type":"MultiPolygon","coordinates":[[[[129.5089136,35.8209804],[129.5089113,35.8209403],[129.5088791,35.8209678],[129.5088674,35.8209738],[129.5088555,35.8209726],[129.5088407,35.8209683],[129.5088267,35.8210459],[129.5088576,35.8210306],[129.5088767,35.8210166],[129.5089029,35.8209903],[129.508907,35.8209853],[129.5089136,35.8209804]]]]}},{"type":"Feature","properties":{"UFID":"100035903071A00110100000004497693"},"geometry":{"type":"MultiPolygon","coordinates":[[[[129.5089868,35.820949],[129.5089113,35.8209403],[129.5089136,35.8209804],[129.5089368,35.8209742],[129.5089503,35.8209762],[129.5089772,35.8209808],[129.5089868,35.820949]]]]}},{"type":"Feature","properties":{"UFID":"100035903071A00110100000004497694"},"geometry":{"type":"MultiPolygon","coordinates":[[[[129.5089868,35.820949],[129.5089772,35.8209808],[129.5090161,35.8209876],[129.5090661,35.8209932],[129.5091606,35.8210167],[129.509288,35.8210539],[129.5093462,35.8210678],[129.5093552,35.8210421],[129.5090926,35.8209705],[129.5089868,35.820949]]]]}},{"type":"Feature","properties":{"UFID":"100035903071A00110100000004497695"},"geometry":{"type":"MultiPolygon","coordinates":[[[[129.5087529,35.8209123],[129.5086877,35.820868],[129.5085317,35.8207654],[129.5085307,35.8207612],[129.5085304,35.8207562],[129.5085307,35.820751],[129.5085325,35.8207452],[129.5084974,35.8207873],[129.5084997,35.8207871],[129.5085034,35.8207872],[129.5085105,35.8207895],[129.5086157,35.8208557],[129.5086957,35.8209072],[129.508702,35.8209119],[129.5087159,35.8209227],[129.5087529,35.8209123]]]]}},{"type":"Feature","properties":{"UFID":"100035903071A00110100000004497696"},"geometry":{"type":"MultiPolygon","coordinates":[[[[129.5085325,35.8207452],[129.5083948,35.8206728],[129.5083713,35.8207015],[129.508363,35.8207117],[129.5084974,35.8207873],[129.5085325,35.8207452]]]]}},{"type":"Feature","properties":{"UFID":"100035903071A00110100000004497697"},"geometry":{"type":"MultiPolygon","coordinates":[[[[129.509838,35.8193443],[129.5096975,35.8192812],[129.5095186,35.8194678],[129.5095083,35.8194784],[129.5096414,35.8195479],[129.5097912,35.8193924],[129.509838,35.8193443]]]]}},{"type":"Feature","properties":{"UFID":"100035903071A00110100000004497698"},"geometry":{"type":"MultiPolygon","coordinates":[[[[129.5100264,35.8191539],[129.5098984,35.8190565],[129.5097079,35.8192704],[129.5096975,35.8192812],[129.509838,35.8193443],[129.5098822,35.8192989],[129.5099179,35.8192558],[129.5100213,35.8191566],[129.5100264,35.8191539]]]]}},{"type":"Feature","properties":{"UFID":"100035903071A00110100000004497699"},"geometry":{"type":"MultiPolygon","coordinates":[[[[129.5096414,35.8195479],[129.5095083,35.8194784],[129.5091554,35.8198424],[129.5092827,35.8199201],[129.5096414,35.8195479]]]]}},{"type":"Feature","properties":{"UFID":"100035903071A00110100000004497700"},"geometry":{"type":"MultiPolygon","coordinates":[[[[129.5096975,35.8192812],[129.5095794,35.8192842],[129.5094982,35.8192991],[129.5094884,35.8192988],[129.5089338,35.8191103],[129.5086635,35.8190165],[129.5086315,35.8190989],[129.5088427,35.8191676],[129.5092063,35.8192968],[129.5094429,35.819378],[129.5094847,35.8194284],[129.509491,35.8194307],[129.5095049,35.8194348],[129.5095083,35.8194784],[129.5095186,35.8194678],[129.5096975,35.8192812]]]]}},{"type":"Feature","properties":{"UFID":"100035903071A00110100000004497701"},"geometry":{"type":"MultiPolygon","coordinates":[[[[129.5101671,35.8174783],[129.5101462,35.8174529],[129.5101004,35.8174732],[129.5099808,35.817534],[129.5098311,35.8176198],[129.5096604,35.817727],[129.5095723,35.8177794],[129.5095587,35.8177856],[129.509535,35.8177964],[129.5094876,35.8178105],[129.5094623,35.817818],[129.5094301,35.8178234],[129.5094065,35.8178253],[129.5092579,35.8178287],[129.5092314,35.81783],[129.5092111,35.8178315],[129.5091879,35.8178355],[129.5091579,35.8178424],[129.5091324,35.8178517],[129.5090989,35.8178691],[129.5090645,35.8178885],[129.5090337,35.8179133],[129.5089465,35.8179933],[129.5088947,35.8180606],[129.5088881,35.8180709],[129.5088821,35.818081],[129.5088248,35.8181683],[129.508791,35.8182125],[129.5087583,35.8182447],[129.5087127,35.8182802],[129.5087069,35.8182837],[129.5087008,35.8182869],[129.5086684,35.8183019],[129.5086536,35.8183065],[129.5086524,35.8183076],[129.508624,35.8183096],[129.5086017,35.818309],[129.5085934,35.8183084],[129.5085818,35.8183065],[129.5085691,35.8183032],[129.5085406,35.8182915],[129.5085115,35.8182726],[129.5084601,35.8182222],[129.5084303,35.818167],[129.5084112,35.8181167],[129.5084071,35.8180998],[129.5084025,35.8180796],[129.5084,35.8180306],[129.5083997,35.8180043],[129.5083998,35.8179761],[129.5084069,35.8179142],[129.5084113,35.8178862],[129.5084393,35.8177938],[129.5084783,35.8176771],[129.5084797,35.8176679],[129.5084936,35.817576],[129.5084959,35.817467],[129.5084975,35.8173406],[129.5085037,35.8172411],[129.5085028,35.8172294],[129.5084883,35.8171521],[129.5084609,35.8170562],[129.5084521,35.8170195],[129.508444,35.8169323],[129.5084385,35.8168413],[129.5084285,35.816774],[129.5084234,35.8167588],[129.5084166,35.8167434],[129.5084035,35.8167184],[129.5083966,35.8167075],[129.5083876,35.8166964],[129.5083704,35.8166821],[129.5083528,35.81667],[129.5083361,35.8166604],[129.5083166,35.8166508],[129.5082716,35.8166403],[129.5082355,35.8166386],[129.5082095,35.8166389],[129.5081564,35.8166472],[129.5081327,35.8166518],[129.5080852,35.8166609],[129.50805,35.8166677],[129.5080984,35.8166904],[129.5081608,35.8166721],[129.508237,35.8166651],[129.5082609,35.816669],[129.508293,35.8166746],[129.5083119,35.8166833],[129.5083408,35.8166984],[129.5083569,35.8167088],[129.5083758,35.8167328],[129.5083892,35.81675],[129.5083987,35.8167742],[129.5084099,35.8168738],[129.5084202,35.8170275],[129.5084284,35.8170619],[129.5084557,35.8171572],[129.5084698,35.8172323],[129.5084705,35.8172413],[129.5084643,35.8173398],[129.5084627,35.8174666],[129.5084605,35.8175741],[129.5084468,35.8176646],[129.5084457,35.8176719],[129.5084071,35.817787],[129.508371,35.8179062],[129.5083646,35.8179531],[129.5083649,35.8180307],[129.5083704,35.8180778],[129.508377,35.8181211],[129.508389,35.8181566],[129.5084131,35.8182052],[129.5084438,35.8182499],[129.5084701,35.8182775],[129.508482,35.8182863],[129.5085224,35.8183128],[129.5085417,35.8183225],[129.5085971,35.8183377],[129.5086242,35.8183381],[129.5086498,35.8183362],[129.5086695,35.8183319],[129.5086805,35.8183274],[129.5087179,35.8183101],[129.5087257,35.818306],[129.5087341,35.8183009],[129.5087826,35.8182632],[129.508818,35.8182283],[129.5088535,35.8181819],[129.5089117,35.8180932],[129.5089178,35.818083],[129.5089235,35.8180741],[129.5089732,35.8180096],[129.5090578,35.8179319],[129.5090857,35.8179093],[129.5091173,35.8178916],[129.5091481,35.8178756],[129.5091693,35.8178679],[129.5091958,35.8178618],[129.5092161,35.8178583],[129.509234,35.817857],[129.5092594,35.8178557],[129.5094086,35.8178523],[129.5094351,35.8178501],[129.5094714,35.8178441],[129.5094989,35.8178359],[129.5095489,35.817821],[129.5095748,35.8178092],[129.5095902,35.8178023],[129.5096804,35.8177487],[129.5098508,35.8176415],[129.5099991,35.8175565],[129.5101128,35.8174988],[129.5101671,35.8174783]]]]}},{"type":"Feature","properties":{"UFID":"100035903071A00110100000004497702"},"geometry":{"type":"MultiPolygon","coordinates":[[[[129.5102229,35.8174134],[129.5102198,35.8174126],[129.5101793,35.8173695],[129.5101352,35.8173073],[129.5101129,35.8172692],[129.5101103,35.8172646],[129.5101032,35.817242],[129.5101026,35.8172378],[129.5101019,35.8172089],[129.5101031,35.8171941],[129.5101129,35.8170833],[129.5101235,35.8169645],[129.5100903,35.8169642],[129.5100798,35.8170813],[129.51007,35.8171922],[129.5100686,35.8172082],[129.5100694,35.8172397],[129.5100705,35.817247],[129.5100789,35.8172736],[129.5100827,35.8172806],[129.5101058,35.8173199],[129.5101449,35.8173751],[129.5101451,35.8173754],[129.5101496,35.8174224],[129.5101493,35.8174307],[129.5101462,35.8174529],[129.5102229,35.8174134]]]]}},{"type":"Feature","properties":{"UFID":"100035903071A00110100000004497703"},"geometry":{"type":"MultiPolygon","coordinates":[[[[129.5107253,35.8191378],[129.5104797,35.8190903],[129.510521,35.8192294],[129.5106125,35.8192504],[129.5106479,35.8192151],[129.5107253,35.8191378]]]]}},{"type":"Feature","properties":{"UFID":"100035903071A00110100000004497704"},"geometry":{"type":"MultiPolygon","coordinates":[[[[129.5104797,35.8190903],[129.5104241,35.8191245],[129.5104008,35.8191354],[129.51039,35.8191376],[129.510373,35.8191384],[129.5103491,35.8191373],[129.510228,35.8191047],[129.5101635,35.8190882],[129.5100865,35.8190693],[129.5100843,35.8190669],[129.510084,35.8190603],[129.5100264,35.8191539],[129.5100338,35.81915],[129.5100993,35.8191287],[129.5101495,35.8191247],[129.5101666,35.8191263],[129.510183,35.8191299],[129.5102077,35.8191381],[129.5103224,35.8191722],[129.51036,35.819174],[129.5103807,35.819174],[129.5104067,35.8191768],[129.5104223,35.8191816],[129.5104422,35.8191882],[129.5105172,35.8192253],[129.510521,35.8192294],[129.5104797,35.8190903]]]]}},{"type":"Feature","properties":{"UFID":"100035903071A00110100000004497705"},"geometry":{"type":"MultiPolygon","coordinates":[[[[129.5094801,35.8200917],[129.509461,35.8200778],[129.5092862,35.819934],[129.5092823,35.8199312],[129.5092827,35.8199201],[129.5092159,35.8200023],[129.5092221,35.8200015],[129.5092297,35.8200027],[129.5092395,35.8200054],[129.5092947,35.8200299],[129.5093072,35.820039],[129.5093221,35.8200503],[129.5094166,35.8201269],[129.5094213,35.8201306],[129.5094801,35.8200917]]]]}},{"type":"Feature","properties":{"UFID":"100035903071A00110100000004497706"},"geometry":{"type":"MultiPolygon","coordinates":[[[[129.5095044,35.8201094],[129.5094801,35.8200917],[129.5094213,35.8201306],[129.5094425,35.8201479],[129.5095044,35.8201094]]]]}},{"type":"Feature","properties":{"UFID":"100035903071A00110100000004497707"},"geometry":{"type":"MultiPolygon","coordinates":[[[[129.5106125,35.8192504],[129.510521,35.8192294],[129.5105223,35.8192337],[129.5105213,35.8192377],[129.510475,35.8193022],[129.5104368,35.8193525],[129.5102602,35.8195524],[129.5101454,35.8196802],[129.5100673,35.8198147],[129.5099957,35.819917],[129.5099543,35.819984],[129.5099481,35.8200012],[129.5099369,35.8200063],[129.5097912,35.820065],[129.5096217,35.8201149],[129.5095551,35.8201344],[129.5095458,35.8201345],[129.5095378,35.8201338],[129.5095273,35.8201261],[129.5095044,35.8201094],[129.5094425,35.8201479],[129.5094735,35.8201731],[129.5095908,35.8202366],[129.5100303,35.8200727],[129.5100399,35.8200665],[129.5100511,35.8200514],[129.510224,35.8197741],[129.5104995,35.8193775],[129.5105427,35.8193203],[129.5105746,35.8192883],[129.5106125,35.8192504]]]]}},{"type":"Feature","properties":{"UFID":"100035903071A00110100000004497708"},"geometry":{"type":"MultiPolygon","coordinates":[[[[129.5103904,35.8184545],[129.5102316,35.8184251],[129.5100921,35.8187073],[129.5100067,35.8188749],[129.5099489,35.8190032],[129.5099429,35.8190097],[129.509939,35.819011],[129.510084,35.8190603],[129.5101683,35.818891],[129.5101948,35.8188378],[129.5102646,35.818693],[129.5103904,35.8184545]]]]}},{"type":"Feature","properties":{"UFID":"100035903071A00110100000004497709"},"geometry":{"type":"MultiPolygon","coordinates":[[[[129.5107375,35.8178144],[129.5106041,35.8177483],[129.5104379,35.8180565],[129.5102712,35.8183437],[129.5102614,35.8183637],[129.5104179,35.8183995],[129.5104246,35.8183838],[129.5104821,35.8182738],[129.5106364,35.8179862],[129.5107305,35.817821],[129.5107375,35.8178144]]]]}},{"type":"Feature","properties":{"UFID":"100035903071A00110100000004497710"},"geometry":{"type":"MultiPolygon","coordinates":[[[[129.509939,35.819011],[129.5099374,35.8190091],[129.5099463,35.818978],[129.5099648,35.818929],[129.5099897,35.818873],[129.5100168,35.818816],[129.5100391,35.8187387],[129.5100018,35.8187278],[129.5099881,35.8187852],[129.5099735,35.8188327],[129.509943,35.8188942],[129.5099059,35.8189833],[129.5098957,35.8190288],[129.509895,35.8190472],[129.5098984,35.8190565],[129.509939,35.819011]]]]}},{"type":"Feature","properties":{"UFID":"100035903071A00110100000004497711"},"geometry":{"type":"MultiPolygon","coordinates":[[[[129.5102316,35.8184251],[129.5102614,35.8183637],[129.5102445,35.8183607],[129.5102325,35.8183594],[129.5102178,35.8183603],[129.5102039,35.8183676],[129.5101546,35.818439],[129.5101261,35.818476],[129.5100688,35.8185588],[129.5101044,35.8185808],[129.5101641,35.8184944],[129.5102087,35.8184366],[129.5102183,35.818429],[129.5102268,35.8184248],[129.5102316,35.8184251]]]]}},{"type":"Feature","properties":{"UFID":"100035903071A00110100000004497712"},"geometry":{"type":"MultiPolygon","coordinates":[[[[129.5102477,35.8174529],[129.5102229,35.8174134],[129.5101462,35.8174529],[129.5101671,35.8174783],[129.5101965,35.8174672],[129.5102477,35.8174529]]]]}},{"type":"Feature","properties":{"UFID":"100035903071A00110100000004497713"},"geometry":{"type":"MultiPolygon","coordinates":[[[[129.5104179,35.8183995],[129.5102614,35.8183637],[129.5102316,35.8184251],[129.5103904,35.8184545],[129.5104111,35.8184153],[129.5104179,35.8183995]]]]}},{"type":"Feature","properties":{"UFID":"100035903071A00110100000004497714"},"geometry":{"type":"MultiPolygon","coordinates":[[[[129.510084,35.8190603],[129.509939,35.819011],[129.5098984,35.8190565],[129.5100264,35.8191539],[129.510084,35.8190603]]]]}},{"type":"Feature","properties":{"UFID":"100035903071A00110100000004497715"},"geometry":{"type":"MultiPolygon","coordinates":[[[[129.5092827,35.8199201],[129.5091554,35.8198424],[129.5091419,35.8198563],[129.5091117,35.8198861],[129.5090798,35.8199224],[129.5092159,35.8200023],[129.5092827,35.8199201]]]]}},{"type":"Feature","properties":{"UFID":"100035903071A00110100000004497716"},"geometry":{"type":"MultiPolygon","coordinates":[[[[129.5110974,35.8165804],[129.5111903,35.8165314],[129.5111757,35.8165235],[129.5111245,35.8164967],[129.5110436,35.8164544],[129.5109621,35.8164207],[129.5109212,35.8164001],[129.5108963,35.8163897],[129.5108384,35.8163732],[129.5107068,35.8163493],[129.5105974,35.8163371],[129.5105691,35.8163385],[129.5105285,35.8163442],[129.510416,35.8163497],[129.5103212,35.8163619],[129.5102206,35.8163671],[129.5100957,35.8163789],[129.5100677,35.8163834],[129.5100351,35.8163904],[129.5100183,35.8163963],[129.5099897,35.8164095],[129.5099841,35.8164326],[129.5100315,35.8165186],[129.510049,35.8165601],[129.5100617,35.8166148],[129.5100793,35.8167547],[129.5100919,35.8169223],[129.5100904,35.8169631],[129.5100903,35.8169642],[129.5101235,35.8169645],[129.5101252,35.8169219],[129.5101124,35.8167525],[129.5100946,35.8166109],[129.5100812,35.8165532],[129.5100624,35.8165086],[129.5100187,35.8164294],[129.5100193,35.8164269],[129.5100332,35.8164205],[129.510046,35.816416],[129.5100751,35.8164097],[129.5101008,35.8164056],[129.5102236,35.8163941],[129.5103401,35.816388],[129.5103646,35.8163868],[129.5105831,35.8163652],[129.5107237,35.8163795],[129.5107635,35.8163873],[129.5108514,35.816436],[129.5109852,35.8164889],[129.511017,35.8165119],[129.511096,35.8165789],[129.5110974,35.8165804]]]]}},{"type":"Feature","properties":{"UFID":"100035903071A00110100000004497717"},"geometry":{"type":"MultiPolygon","coordinates":[[[[129.5081006,35.8206564],[129.5080488,35.8206414],[129.507984,35.8207255],[129.5080338,35.820751],[129.5081006,35.8206564]]]]}},{"type":"Feature","properties":{"UFID":"100035903071A00110100000004497718"},"geometry":{"type":"MultiPolygon","coordinates":[[[[129.5079613,35.8212338],[129.5076422,35.8210763],[129.5073235,35.8209224],[129.5069936,35.8207878],[129.5069868,35.8207859],[129.5069589,35.8208381],[129.5069622,35.8208388],[129.5072765,35.8209636],[129.5075859,35.8211168],[129.5079266,35.8212863],[129.5079613,35.8212338]]]]}},{"type":"Feature","properties":{"UFID":"100035903071A00110100000004497719"},"geometry":{"type":"MultiPolygon","coordinates":[[[[129.5082224,35.8208859],[129.5079589,35.820758],[129.5079311,35.820794],[129.5081989,35.8209151],[129.5082224,35.8208859]]]]}},{"type":"Feature","properties":{"UFID":"100035903071A00110100000004497720"},"geometry":{"type":"MultiPolygon","coordinates":[[[[129.5065715,35.8221477],[129.5063594,35.822169],[129.5064106,35.8222545],[129.5064464,35.8222561],[129.5064889,35.8222583],[129.5065715,35.8221477]]]]}},{"type":"Feature","properties":{"UFID":"100035903071A00110100000004497721"},"geometry":{"type":"MultiPolygon","coordinates":[[[[129.5080697,35.8213414],[129.5079266,35.8212863],[129.5076668,35.8216679],[129.5073811,35.822085],[129.5073646,35.8220969],[129.5073554,35.8221012],[129.5073468,35.8221036],[129.5073434,35.8221045],[129.5073374,35.8221053],[129.5073314,35.8221056],[129.507325,35.8221056],[129.5073207,35.822105],[129.5073743,35.8223883],[129.507382,35.8223574],[129.5073939,35.822329],[129.5074194,35.8222938],[129.5075995,35.8220333],[129.5076259,35.8219888],[129.5078673,35.8216371],[129.5080697,35.8213414]]]]}},{"type":"Feature","properties":{"UFID":"100035903071A00110100000004497722"},"geometry":{"type":"MultiPolygon","coordinates":[[[[129.5069583,35.8222291],[129.5069375,35.8222391],[129.5069306,35.8222428],[129.506915,35.8222453],[129.5068913,35.8222431],[129.5068583,35.8222364],[129.5068368,35.8222329],[129.5068059,35.8222269],[129.5067853,35.8222219],[129.5067842,35.8222218],[129.5067781,35.8222373],[129.5067424,35.8222316],[129.5066839,35.8222118],[129.5066452,35.822195],[129.5066061,35.8221712],[129.5065715,35.8221477],[129.5064889,35.8222583],[129.506544,35.8222673],[129.50666,35.8222979],[129.5067383,35.8223223],[129.5068149,35.8223452],[129.5068681,35.8223644],[129.5069256,35.8223869],[129.5070269,35.8224259],[129.5070795,35.8224471],[129.5069583,35.8222291]]]]}},{"type":"Feature","properties":{"UFID":"100035903071A00110100000004497723"},"geometry":{"type":"MultiPolygon","coordinates":[[[[129.5077514,35.8227815],[129.5075401,35.8226512],[129.507665,35.8228849],[129.5076652,35.8228822],[129.5076685,35.8228791],[129.5076782,35.8228734],[129.5076904,35.8228701],[129.5077012,35.8228682],[129.5077167,35.8228672],[129.5077502,35.8228754],[129.5077968,35.8228936],[129.5078205,35.8229076],[129.5078272,35.822914],[129.5078296,35.8229163],[129.5078878,35.8229276],[129.5077514,35.8227815]]]]}},{"type":"Feature","properties":{"UFID":"100035903071A00110100000004497724"},"geometry":{"type":"MultiPolygon","coordinates":[[[[129.5065715,35.8221477],[129.5065454,35.822117],[129.5065214,35.8220884],[129.5064998,35.8220527],[129.5064808,35.8220241],[129.5064771,35.8220165],[129.5064762,35.8220107],[129.5064773,35.822007],[129.5064276,35.8218974],[129.5064236,35.8218944],[129.5064202,35.8218899],[129.5064082,35.8218708],[129.5063865,35.8217942],[129.5063814,35.821771],[129.5063794,35.8217642],[129.5063816,35.8217612],[129.5063848,35.8217572],[129.506389,35.821755],[129.5063963,35.8217516],[129.5064164,35.8217411],[129.5064768,35.821723],[129.5063901,35.821658],[129.5063597,35.8216628],[129.5063508,35.8216617],[129.5063458,35.8216598],[129.5062983,35.8215045],[129.506242,35.8213247],[129.5062149,35.8212581],[129.5061834,35.8212058],[129.5061393,35.8211392],[129.5060934,35.821074],[129.506051,35.8210199],[129.5060145,35.8209736],[129.5059742,35.8209373],[129.5059402,35.8209137],[129.5059124,35.8208977],[129.5058179,35.8208734],[129.5057975,35.8209444],[129.5058393,35.8209984],[129.5059077,35.8210417],[129.5059684,35.821094],[129.5060375,35.8211579],[129.5061101,35.8212651],[129.5061356,35.8213201],[129.5061772,35.8214313],[129.5062104,35.8215433],[129.5062542,35.8216786],[129.5062925,35.8218114],[129.5063272,35.8219349],[129.5063446,35.8219742],[129.5063591,35.8220034],[129.5063736,35.8220266],[129.5063821,35.8220484],[129.506384,35.8220595],[129.5063834,35.822067],[129.5063863,35.8220961],[129.5063861,35.8221243],[129.5063803,35.8221472],[129.5063692,35.8221637],[129.5063658,35.8221665],[129.5063594,35.822169],[129.5065715,35.8221477]]]]}},{"type":"Feature","properties":{"UFID":"100035903071A00110100000004497725"},"geometry":{"type":"MultiPolygon","coordinates":[[[[129.5063594,35.822169],[129.5063482,35.8221691],[129.506173,35.8221755],[129.5060867,35.8221715],[129.5060295,35.8221692],[129.5059674,35.8221631],[129.5059093,35.8221576],[129.5058009,35.8221455],[129.5057056,35.8221352],[129.50561,35.8221248],[129.5055303,35.8221184],[129.5055044,35.8222033],[129.5055607,35.8222007],[129.5055656,35.8222009],[129.5056202,35.8222054],[129.5057502,35.8222163],[129.5058513,35.8222282],[129.5059289,35.822237],[129.5060162,35.8222423],[129.5060435,35.8222443],[129.5060745,35.8222466],[129.5061255,35.8222503],[129.5064106,35.8222545],[129.5063594,35.822169]]]]}},{"type":"Feature","properties":{"UFID":"100035903071A00110100000004497726"},"geometry":{"type":"MultiPolygon","coordinates":[[[[129.5081054,35.8212904],[129.5079613,35.8212338],[129.5079266,35.8212863],[129.5080697,35.8213414],[129.5080942,35.8213057],[129.5081054,35.8212904]]]]}},{"type":"Feature","properties":{"UFID":"100035903071A00110100000004497727"},"geometry":{"type":"MultiPolygon","coordinates":[[[[129.508139,35.8206057],[129.5080912,35.8205802],[129.5080488,35.8206414],[129.5081006,35.8206564],[129.508139,35.8206057]]]]}},{"type":"Feature","properties":{"UFID":"100035903071A00110100000004497728"},"geometry":{"type":"MultiPolygon","coordinates":[[[[129.5077514,35.8227815],[129.5078878,35.8229276],[129.5078915,35.8229146],[129.5078932,35.8229097],[129.5078961,35.8229029],[129.5079009,35.8228989],[129.5079013,35.8228981],[129.5079136,35.8228973],[129.5080729,35.8228962],[129.5081637,35.8228921],[129.5082727,35.8228828],[129.5083445,35.8228745],[129.5083478,35.8228048],[129.5082553,35.822778],[129.5082477,35.822789],[129.5082322,35.8227989],[129.5081972,35.8228056],[129.5081647,35.8228108],[129.5081307,35.8228098],[129.5080044,35.8227972],[129.5078677,35.8227859],[129.5077514,35.8227815]]]]}},{"type":"Feature","properties":{"UFID":"100035903071A00110100000004497729"},"geometry":{"type":"MultiPolygon","coordinates":[[[[129.5045902,35.822138],[129.5046124,35.8221635],[129.5046649,35.8221563],[129.5047027,35.82215],[129.5047691,35.8221337],[129.5048617,35.8221056],[129.5049009,35.822095],[129.5049095,35.8220932],[129.5049188,35.8220916],[129.5049285,35.8220903],[129.5049385,35.8220889],[129.5049503,35.8220874],[129.5049601,35.8220865],[129.5049706,35.8220856],[129.5050025,35.8220839],[129.5050345,35.8220821],[129.5050518,35.8220814],[129.505068,35.82208],[129.5050816,35.8220786],[129.5050958,35.8220769],[129.5051076,35.8220753],[129.5051215,35.8220729],[129.5051604,35.822065],[129.5052336,35.8220493],[129.5052475,35.8220473],[129.5052597,35.8220454],[129.5052693,35.8220441],[129.5052788,35.8220429],[129.5052871,35.8220418],[129.5052995,35.8220408],[129.5053108,35.8220404],[129.5053221,35.8220401],[129.5053693,35.8220405],[129.5054885,35.8220458],[129.5055934,35.8220503],[129.5056059,35.8220501],[129.5056166,35.8220501],[129.5056308,35.8220493],[129.5056443,35.822047],[129.5056558,35.8220435],[129.5056873,35.8220255],[129.5056632,35.8220062],[129.5056402,35.8220193],[129.505635,35.8220209],[129.5056263,35.8220224],[129.5056153,35.822023],[129.5056055,35.8220231],[129.505594,35.8220232],[129.5054902,35.8220188],[129.5053704,35.8220135],[129.5053218,35.822013],[129.5053095,35.8220133],[129.5052972,35.8220138],[129.5052828,35.8220149],[129.5052734,35.8220162],[129.5052638,35.8220175],[129.5052538,35.8220188],[129.5052415,35.8220207],[129.5052265,35.8220229],[129.5051522,35.8220388],[129.505114,35.8220465],[129.5051015,35.8220487],[129.5050907,35.8220501],[129.505077,35.8220518],[129.5050641,35.8220532],[129.5050492,35.8220544],[129.5050326,35.8220551],[129.5050002,35.8220569],[129.5049677,35.8220587],[129.5049565,35.8220596],[129.5049459,35.8220606],[129.5049332,35.8220622],[129.5049229,35.8220636],[129.5049125,35.8220651],[129.504902,35.8220669],[129.5048916,35.822069],[129.5048506,35.8220801],[129.5047585,35.8221081],[129.5046946,35.8221238],[129.5046589,35.8221297],[129.5046439,35.8221318],[129.5045902,35.822138]]]]}},{"type":"Feature","properties":{"UFID":"100035903071A00110100000004497730"},"geometry":{"type":"MultiPolygon","coordinates":[[[[129.5055303,35.8221184],[129.5054598,35.8221139],[129.5053893,35.8221115],[129.5053282,35.8221101],[129.5052685,35.8221116],[129.5052232,35.822113],[129.5051768,35.8221178],[129.5051417,35.8221827],[129.5055044,35.8222033],[129.5055303,35.8221184]]]]}},{"type":"Feature","properties":{"UFID":"100035903071A00110100000004497731"},"geometry":{"type":"MultiPolygon","coordinates":[[[[129.5080521,35.8167122],[129.508013,35.8166952],[129.5079773,35.8167199],[129.5078934,35.8167613],[129.5077711,35.816821],[129.5076744,35.8168818],[129.5076061,35.8169384],[129.5075412,35.8170152],[129.5074845,35.8170719],[129.5074321,35.817105],[129.5074166,35.8171138],[129.5073474,35.817138],[129.5073171,35.8171471],[129.5072437,35.8171624],[129.5071785,35.8171749],[129.5071569,35.8171756],[129.5071336,35.8171753],[129.5071087,35.8171716],[129.5070637,35.8171679],[129.5070422,35.8171643],[129.5069431,35.817144],[129.5068505,35.8171212],[129.5067689,35.8171085],[129.5066796,35.8171055],[129.5066167,35.8171113],[129.5065539,35.8171311],[129.5064616,35.8171745],[129.5064467,35.817186],[129.5064294,35.8172031],[129.5063413,35.8172887],[129.5062837,35.8173323],[129.5062662,35.8173441],[129.5061617,35.8174106],[129.5060918,35.8174638],[129.5060434,35.8174963],[129.5059549,35.8175541],[129.5058399,35.8176239],[129.5057974,35.8176475],[129.5057665,35.8176532],[129.5057354,35.8176556],[129.5057004,35.8176585],[129.5056467,35.8176633],[129.5056094,35.817671],[129.5055737,35.8176841],[129.5054696,35.8177175],[129.5054248,35.8177296],[129.5053991,35.8177346],[129.5053741,35.8177389],[129.5053233,35.817743],[129.5052945,35.817746],[129.5051735,35.8177511],[129.5050752,35.817752],[129.5049736,35.8177304],[129.5049575,35.8177232],[129.5049377,35.8177094],[129.5047709,35.8175779],[129.5046845,35.8175032],[129.5046678,35.8174644],[129.5046676,35.8174556],[129.5046699,35.8174456],[129.5046758,35.8174341],[129.5046914,35.8174171],[129.5047923,35.8173346],[129.5048678,35.8172964],[129.504859,35.8172652],[129.5047684,35.8173238],[129.5047351,35.8173463],[129.5046515,35.8173592],[129.5045641,35.8173751],[129.5045151,35.8173918],[129.5044844,35.8174136],[129.5044839,35.8174149],[129.5044849,35.8174216],[129.504535,35.8174688],[129.504654,35.8175354],[129.5047936,35.8176373],[129.5048885,35.8177201],[129.5049366,35.8177613],[129.5049509,35.8177684],[129.5049819,35.8177766],[129.505004,35.8177789],[129.5050755,35.817776],[129.5051744,35.8177751],[129.5052971,35.8177699],[129.5053266,35.8177669],[129.5053786,35.8177626],[129.5054056,35.817758],[129.5054328,35.8177527],[129.5054796,35.81774],[129.5055851,35.8177062],[129.5056191,35.8176937],[129.5056519,35.817687],[129.5057035,35.8176823],[129.5057383,35.8176794],[129.5057713,35.8176769],[129.5058094,35.8176698],[129.505857,35.8176434],[129.5059725,35.8175733],[129.506064,35.8175175],[129.5061137,35.8174841],[129.5061833,35.8174312],[129.506287,35.8173651],[129.5063056,35.8173526],[129.5063654,35.8173074],[129.5064549,35.8172204],[129.506471,35.8172045],[129.5064829,35.8171954],[129.5065063,35.8171802],[129.5065455,35.8171583],[129.5065843,35.8171426],[129.5066223,35.8171329],[129.5066548,35.8171267],[129.5066884,35.8171231],[129.5067472,35.8171342],[129.5068299,35.8171444],[129.5069416,35.8171702],[129.5070393,35.8171908],[129.5071118,35.8172003],[129.5071753,35.8172058],[129.5072145,35.8172009],[129.5073082,35.8171785],[129.5073278,35.8171726],[129.5073954,35.8171519],[129.5074631,35.8171219],[129.5074801,35.8171105],[129.507519,35.8170819],[129.5075515,35.8170555],[129.5076063,35.8169965],[129.507659,35.8169298],[129.5076705,35.8169176],[129.5076944,35.816899],[129.5077781,35.8168516],[129.5079083,35.8167869],[129.508005,35.8167409],[129.5080324,35.8167237],[129.5080521,35.8167122]]]]}},{"type":"Feature","properties":{"UFID":"100035903071A00110100000004497732"},"geometry":{"type":"MultiPolygon","coordinates":[[[[129.5081494,35.8188406],[129.508031,35.8188044],[129.5079322,35.8187667],[129.5078469,35.8187384],[129.5077391,35.8187742],[129.507759,35.818782],[129.5078635,35.8188188],[129.5078459,35.8188399],[129.5079066,35.8188585],[129.5081034,35.8189239],[129.5081494,35.8188406]]]]}},{"type":"Feature","properties":{"UFID":"100035903071A00110100000004497733"},"geometry":{"type":"MultiPolygon","coordinates":[[[[129.5086635,35.8190165],[129.5085807,35.8189903],[129.5085379,35.8190684],[129.5085488,35.819072],[129.5086315,35.8190989],[129.5086635,35.8190165]]]]}},{"type":"Feature","properties":{"UFID":"100035903071A00110100000004497734"},"geometry":{"type":"MultiPolygon","coordinates":[[[[129.5085807,35.8189903],[129.5084458,35.8189455],[129.5082475,35.8188765],[129.5081926,35.8189536],[129.5085379,35.8190684],[129.5085807,35.8189903]]]]}},{"type":"Feature","properties":{"UFID":"100035903071A00110100000004497735"},"geometry":{"type":"MultiPolygon","coordinates":[[[[129.5082475,35.8188765],[129.5081494,35.8188406],[129.5081034,35.8189239],[129.5081926,35.8189536],[129.5082475,35.8188765]]]]}},{"type":"Feature","properties":{"UFID":"100035903071A00110100000004497736"},"geometry":{"type":"MultiPolygon","coordinates":[[[[129.5044195,35.8167023],[129.5043371,35.8166935],[129.5043476,35.8167072],[129.5043994,35.8167422],[129.5044237,35.8167684],[129.5044531,35.8167971],[129.5044749,35.8168125],[129.5045064,35.8168183],[129.5045554,35.8168298],[129.5046159,35.8168465],[129.5046384,35.8168509],[129.5046134,35.8168202],[129.5045523,35.8168013],[129.5044949,35.8167912],[129.5044668,35.8167676],[129.5044195,35.8167023]]]]}},{"type":"Feature","properties":{"UFID":"100035903071A00110100000004497737"},"geometry":{"type":"MultiPolygon","coordinates":[[[[129.5042268,35.8161892],[129.5042163,35.8162172],[129.5042205,35.8162173],[129.5042225,35.8162186],[129.5042424,35.8162273],[129.5042683,35.8162493],[129.5043081,35.8162908],[129.5043297,35.8163209],[129.5043336,35.8163306],[129.5043353,35.8163444],[129.5043352,35.8163573],[129.5043336,35.8163792],[129.5043304,35.8163868],[129.504325,35.8164083],[129.5043245,35.8164273],[129.5043257,35.8164384],[129.5043296,35.8164625],[129.5043362,35.8164864],[129.5043492,35.8165274],[129.5043514,35.816543],[129.5043506,35.8165564],[129.5043443,35.8165749],[129.5043397,35.8165949],[129.504337,35.8166105],[129.5043339,35.8166233],[129.5043297,35.8166351],[129.5043938,35.8166471],[129.5043938,35.8166345],[129.5043929,35.8166127],[129.5043894,35.816577],[129.504379,35.8165433],[129.5043689,35.8165109],[129.5043632,35.8164843],[129.5043593,35.8164657],[129.5043575,35.8164439],[129.5043579,35.8164288],[129.5043614,35.8164069],[129.5043652,35.816386],[129.5043721,35.8163725],[129.5043788,35.8163706],[129.5043907,35.8163741],[129.5044023,35.816384],[129.504409,35.8163553],[129.5043881,35.8163316],[129.5043548,35.8162945],[129.5043122,35.8162509],[129.5042758,35.8162225],[129.5042268,35.8161892]]]]}},{"type":"Feature","properties":{"UFID":"100035903071A00110100000004497738"},"geometry":{"type":"MultiPolygon","coordinates":[[[[129.5043938,35.8166471],[129.5043297,35.8166351],[129.5043371,35.8166935],[129.5044195,35.8167023],[129.5043993,35.8166745],[129.5043939,35.8166651],[129.504394,35.8166579],[129.5043938,35.8166471]]]]}},{"type":"Feature","properties":{"UFID":"100035903071A00110100000004497739"},"geometry":{"type":"MultiPolygon","coordinates":[[[[129.5090563,35.8201632],[129.5089286,35.8200928],[129.508606,35.8204379],[129.5086,35.8204435],[129.5085223,35.8205173],[129.5083948,35.8206728],[129.5085325,35.8207452],[129.5087301,35.8205156],[129.5087643,35.8204762],[129.5087719,35.8204675],[129.5089254,35.8203037],[129.5090563,35.8201632]]]]}},{"type":"Feature","properties":{"UFID":"100035903071A00110100000004497740"},"geometry":{"type":"MultiPolygon","coordinates":[[[[129.5090999,35.8201178],[129.5089745,35.8200418],[129.5089455,35.8200747],[129.5089286,35.8200928],[129.5090563,35.8201632],[129.5090727,35.8201456],[129.5090999,35.8201178]]]]}},{"type":"Feature","properties":{"UFID":"100035903071A00110100000004497741"},"geometry":{"type":"MultiPolygon","coordinates":[[[[129.5092159,35.8200023],[129.5090798,35.8199224],[129.5089745,35.8200418],[129.5090999,35.8201178],[129.5092106,35.8200047],[129.5092159,35.8200023]]]]}},{"type":"Feature","properties":{"UFID":"100035903071A00110100000004497742"},"geometry":{"type":"MultiPolygon","coordinates":[[[[129.5089745,35.8200418],[129.5089741,35.8200418],[129.5089556,35.8200307],[129.5088878,35.8199857],[129.5088245,35.8199398],[129.5087796,35.81991],[129.5087394,35.8198788],[129.5087178,35.8198656],[129.5086621,35.8198618],[129.5085895,35.8199246],[129.5086722,35.8199647],[129.508684,35.8199585],[129.5087084,35.8199533],[129.5087104,35.819954],[129.5088143,35.8200278],[129.5089286,35.8200928],[129.5089455,35.8200747],[129.5089745,35.8200418]]]]}},{"type":"Feature","properties":{"UFID":"100035903071A00110100000004497743"},"geometry":{"type":"MultiPolygon","coordinates":[[[[129.5080984,35.8166904],[129.50805,35.8166677],[129.508013,35.8166952],[129.5080521,35.8167122],[129.5080653,35.8167046],[129.5080984,35.8166904]]]]}},{"type":"Feature","properties":{"UFID":"100035903071A00110100000004497744"},"geometry":{"type":"MultiPolygon","coordinates":[[[[129.50805,35.8166677],[129.5080255,35.8166677],[129.5079932,35.8166656],[129.5079747,35.8166605],[129.5079578,35.816653],[129.5079313,35.8166259],[129.5078819,35.8165521],[129.5078574,35.8165642],[129.5079017,35.8166347],[129.5079343,35.8166675],[129.5079726,35.8166851],[129.507996,35.8166892],[129.508011,35.8166917],[129.508013,35.8166952],[129.50805,35.8166677]]]]}},{"type":"Feature","properties":{"UFID":"100035903071A00110100000004497745"},"geometry":{"type":"MultiPolygon","coordinates":[[[[129.5043371,35.8166935],[129.5043297,35.8166351],[129.5043231,35.8166446],[129.5043132,35.8166531],[129.5043047,35.816658],[129.5042842,35.816658],[129.504274,35.8166519],[129.5042324,35.8166054],[129.5041696,35.8165422],[129.5041084,35.8164734],[129.5040933,35.8164515],[129.5040862,35.8164295],[129.5040859,35.8164118],[129.5040929,35.8163956],[129.5041295,35.8163575],[129.5041623,35.816327],[129.5041789,35.8163106],[129.5041901,35.8162915],[129.50421,35.8162359],[129.5042121,35.8162245],[129.5042163,35.8162172],[129.5041827,35.8162077],[129.5041783,35.8162265],[129.5041585,35.8162597],[129.5041038,35.8163234],[129.5040558,35.8163767],[129.504043,35.8163884],[129.5040301,35.8164026],[129.5040271,35.8164145],[129.5040268,35.8164257],[129.5040291,35.8164447],[129.5040347,35.8164622],[129.5040442,35.8164801],[129.5040572,35.8164966],[129.5040798,35.8165196],[129.504084,35.8165232],[129.504142,35.8165654],[129.5041633,35.8165726],[129.5042425,35.8166568],[129.5042757,35.8166846],[129.5042966,35.8167034],[129.504302,35.816703],[129.5043113,35.8166988],[129.5043227,35.8166911],[129.5043279,35.8166906],[129.5043371,35.8166935]]]]}},{"type":"Feature","properties":{"UFID":"100035903071A00110100000004497746"},"geometry":{"type":"MultiPolygon","coordinates":[[[[129.5095222,35.8136413],[129.5094913,35.8135369],[129.5094638,35.813541],[129.5094323,35.813556],[129.5093752,35.8135917],[129.5092873,35.8136157],[129.5091039,35.8136549],[129.5091013,35.813662],[129.5089207,35.8136901],[129.5089132,35.8136896],[129.5089043,35.8136865],[129.5088952,35.8136825],[129.5088871,35.8136788],[129.5088574,35.8137329],[129.5088549,35.8137414],[129.5090248,35.813843],[129.509064,35.8138285],[129.5091817,35.8137756],[129.509285,35.813723],[129.5093927,35.8136654],[129.5095222,35.8136413]]]]}},{"type":"Feature","properties":{"UFID":"100035903071A00110100000004497747"},"geometry":{"type":"MultiPolygon","coordinates":[[[[129.5088871,35.8136788],[129.5088806,35.8136724],[129.5088758,35.8136649],[129.5088258,35.8134084],[129.5087818,35.8131752],[129.5087592,35.8130807],[129.5087261,35.8129792],[129.5086858,35.8129818],[129.5087179,35.813067],[129.5087438,35.8131444],[129.5087681,35.8132499],[129.5088124,35.813518],[129.5088512,35.8137234],[129.5088574,35.8137329],[129.5088871,35.8136788]]]]}},{"type":"Feature","properties":{"UFID":"100035903071A00110100000004497748"},"geometry":{"type":"MultiPolygon","coordinates":[[[[129.5102352,35.8124725],[129.5101726,35.8124079],[129.5101681,35.8124354],[129.510163,35.8124526],[129.5100355,35.8125171],[129.5099926,35.8125358],[129.5098916,35.8125749],[129.5098446,35.8125861],[129.5098006,35.8125967],[129.5097706,35.8125991],[129.5097309,35.8126005],[129.5097061,35.8125988],[129.5097037,35.8126348],[129.50973,35.8126366],[129.5097737,35.812635],[129.5098091,35.8126322],[129.5098571,35.8126207],[129.5099074,35.8126087],[129.5100125,35.812568],[129.510057,35.8125487],[129.5101982,35.8124822],[129.5102209,35.8124726],[129.5102288,35.8124716],[129.5102352,35.8124725]]]]}},{"type":"Feature","properties":{"UFID":"100035903071A00110100000004497749"},"geometry":{"type":"MultiPolygon","coordinates":[[[[129.5104588,35.8148896],[129.5104075,35.8148208],[129.5103924,35.8148034],[129.5103828,35.8148504],[129.5102959,35.8148956],[129.5102428,35.8149225],[129.5101892,35.8149165],[129.510269,35.8149888],[129.5102687,35.8149755],[129.5102688,35.8149696],[129.510271,35.814966],[129.5104224,35.814889],[129.5104346,35.814885],[129.5104588,35.8148896]]]]}},{"type":"Feature","properties":{"UFID":"100035903071A00110100000004497750"},"geometry":{"type":"MultiPolygon","coordinates":[[[[129.510269,35.8149888],[129.5101989,35.8150197],[129.5102117,35.8150362],[129.5102296,35.8150598],[129.5102789,35.8150302],[129.510269,35.8149888]]]]}},{"type":"Feature","properties":{"UFID":"100035903071A00110100000004497751"},"geometry":{"type":"MultiPolygon","coordinates":[[[[129.5105183,35.8147271],[129.5104849,35.8146867],[129.5103611,35.8147675],[129.5103924,35.8148034],[129.5105183,35.8147271]]]]}},{"type":"Feature","properties":{"UFID":"100035903071A00110100000004497752"},"geometry":{"type":"MultiPolygon","coordinates":[[[[129.510269,35.8149888],[129.5101892,35.8149165],[129.5101359,35.8149409],[129.5101676,35.8149795],[129.5101989,35.8150197],[129.510269,35.8149888]]]]}},{"type":"Feature","properties":{"UFID":"100035903071A00110100000004497753"},"geometry":{"type":"MultiPolygon","coordinates":[[[[129.5040271,35.8160243],[129.503995,35.8160162],[129.5039872,35.8160297],[129.503973,35.8160457],[129.5039706,35.8160483],[129.5039999,35.8160614],[129.5040158,35.8160435],[129.5040271,35.8160243]]]]}},{"type":"Feature","properties":{"UFID":"100035903071A00110100000004497754"},"geometry":{"type":"MultiPolygon","coordinates":[[[[129.5101892,35.8149165],[129.5101277,35.8148387],[129.5100511,35.8147361],[129.5099907,35.8146658],[129.5099511,35.8146221],[129.5099284,35.814602],[129.5098899,35.8146277],[129.5099306,35.81468],[129.5100014,35.8147684],[129.5100898,35.8148848],[129.5101359,35.8149409],[129.5101892,35.8149165]]]]}},{"type":"Feature","properties":{"UFID":"100035903071A00110100000004497755"},"geometry":{"type":"MultiPolygon","coordinates":[[[[129.5097037,35.8126348],[129.5096163,35.8126217],[129.5096408,35.8126468],[129.5096523,35.8126651],[129.5096588,35.8126831],[129.509677,35.8127356],[129.5097155,35.8128526],[129.5097315,35.8129183],[129.5097392,35.8129691],[129.5097412,35.8130175],[129.509736,35.8130761],[129.509736,35.8130862],[129.5097721,35.8130846],[129.5097633,35.8129567],[129.5097578,35.8129051],[129.5097515,35.8128818],[129.5097325,35.8128154],[129.5097116,35.8127166],[129.5097064,35.8126663],[129.5097037,35.8126348]]]]}},{"type":"Feature","properties":{"UFID":"100035903071A00110100000004497756"},"geometry":{"type":"MultiPolygon","coordinates":[[[[129.5096163,35.8126217],[129.5096264,35.8125862],[129.5095918,35.8125754],[129.5094759,35.812522],[129.5093857,35.81249],[129.5093754,35.8124842],[129.5094145,35.8126278],[129.5094302,35.8126171],[129.5094578,35.8126077],[129.5094885,35.8126016],[129.5095242,35.8126019],[129.5095503,35.812604],[129.509569,35.8126069],[129.5096163,35.8126217]]]]}},{"type":"Feature","properties":{"UFID":"100035903071A00110100000004497757"},"geometry":{"type":"MultiPolygon","coordinates":[[[[129.5097061,35.8125988],[129.5096852,35.8125973],[129.5096489,35.8125932],[129.5096264,35.8125862],[129.5096163,35.8126217],[129.5097037,35.8126348],[129.5097061,35.8125988]]]]}},{"type":"Feature","properties":{"UFID":"100035903071A00110100000004497758"},"geometry":{"type":"MultiPolygon","coordinates":[[[[129.5104849,35.8146867],[129.5104162,35.8145982],[129.5103691,35.8145323],[129.5102818,35.8144239],[129.5101952,35.8143201],[129.5100936,35.8141855],[129.5099971,35.8140677],[129.5099334,35.8139857],[129.5098945,35.8139372],[129.5098913,35.8139341],[129.5098639,35.8139047],[129.5098026,35.8138271],[129.5097672,35.8137804],[129.5097414,35.8137353],[129.509718,35.813694],[129.5096992,35.8136524],[129.5096865,35.8136174],[129.5096812,35.8136043],[129.5095222,35.8136413],[129.5095446,35.8136952],[129.5095711,35.8137447],[129.5096001,35.8137942],[129.5096381,35.8138493],[129.5096824,35.8139122],[129.5097266,35.8139695],[129.5097858,35.8140396],[129.5098254,35.8140892],[129.5098821,35.8141667],[129.5099653,35.814268],[129.5100173,35.8143358],[129.5100948,35.8144298],[129.5101506,35.8144943],[129.5102029,35.8145552],[129.5102399,35.8146038],[129.510243,35.8146147],[129.5102924,35.8146793],[129.5103482,35.8147528],[129.5103611,35.8147675],[129.5104849,35.8146867]]]]}},{"type":"Feature","properties":{"UFID":"100035903071A00110100000004497759"},"geometry":{"type":"MultiPolygon","coordinates":[[[[129.5094145,35.8126278],[129.5092484,35.8126477],[129.509263,35.812703],[129.509283,35.8127655],[129.5093028,35.8128335],[129.5093195,35.8128987],[129.5093331,35.8129556],[129.5093502,35.8130189],[129.509366,35.8130766],[129.5093835,35.8131429],[129.5094032,35.8132074],[129.509423,35.8132709],[129.5094397,35.8133362],[129.5094555,35.8133994],[129.5094803,35.8134825],[129.5094913,35.8135369],[129.5096611,35.813543],[129.5096193,35.8134271],[129.5095774,35.8132587],[129.509555,35.8131512],[129.5095185,35.8130165],[129.50949,35.8129074],[129.5094645,35.812819],[129.5094461,35.8127349],[129.5094145,35.8126278]]]]}},{"type":"Feature","properties":{"UFID":"100035903071A00110100000004497760"},"geometry":{"type":"MultiPolygon","coordinates":[[[[129.5096611,35.813543],[129.5096812,35.8136043],[129.5097059,35.8135975],[129.5097141,35.8135965],[129.509718,35.813594],[129.5097201,35.8135895],[129.5097208,35.8135843],[129.5097201,35.8135808],[129.5097186,35.8135762],[129.5097158,35.813569],[129.5097132,35.8135624],[129.5097107,35.8135557],[129.5097092,35.8135493],[129.5097089,35.8135456],[129.5097122,35.8135386],[129.509738,35.8134516],[129.5097058,35.8134453],[129.5096804,35.8135305],[129.5096783,35.8135351],[129.509672,35.8135386],[129.509665,35.8135418],[129.5096611,35.813543]]]]}},{"type":"Feature","properties":{"UFID":"100035903071A00110100000004497761"},"geometry":{"type":"MultiPolygon","coordinates":[[[[129.5103143,35.8124363],[129.5103001,35.8124159],[129.5102936,35.8123942],[129.5101726,35.8124079],[129.5102352,35.8124725],[129.5103143,35.8124363]]]]}},{"type":"Feature","properties":{"UFID":"100035903071A00110100000004497762"},"geometry":{"type":"MultiPolygon","coordinates":[[[[129.5096812,35.8136043],[129.5096611,35.813543],[129.5094913,35.8135369],[129.5095222,35.8136413],[129.5096812,35.8136043]]]]}},{"type":"Feature","properties":{"UFID":"100035903071A00110100000004497763"},"geometry":{"type":"MultiPolygon","coordinates":[[[[129.5094145,35.8126278],[129.5093754,35.8124842],[129.5092136,35.8125068],[129.5092172,35.8125205],[129.5092424,35.8126248],[129.5092484,35.8126477],[129.5094145,35.8126278]]]]}},{"type":"Feature","properties":{"UFID":"100035903071A00110100000004497764"},"geometry":{"type":"MultiPolygon","coordinates":[[[[129.5042074,35.8161718],[129.5041884,35.8161546],[129.5041277,35.8160999],[129.5040751,35.8160561],[129.504046,35.816033],[129.5040271,35.8160243],[129.5040158,35.8160435],[129.5039999,35.8160614],[129.5040123,35.8160654],[129.5040173,35.8160652],[129.5040219,35.8160653],[129.5040259,35.8160654],[129.5040347,35.8160666],[129.5040381,35.8160673],[129.5040512,35.8160723],[129.5040842,35.8160955],[129.5041334,35.8161431],[129.5041715,35.8161831],[129.5041827,35.8162077],[129.5042074,35.8161718]]]]}},{"type":"Feature","properties":{"UFID":"100035903071A00110100000004497765"},"geometry":{"type":"MultiPolygon","coordinates":[[[[129.5042268,35.8161892],[129.5042074,35.8161718],[129.5041827,35.8162077],[129.5042163,35.8162172],[129.5042268,35.8161892]]]]}},{"type":"Feature","properties":{"UFID":"100035903071A00110100000004497766"},"geometry":{"type":"MultiPolygon","coordinates":[[[[129.5035154,35.8202425],[129.5034652,35.8202535],[129.503487,35.8202735],[129.5035738,35.8203578],[129.5036737,35.8204568],[129.5037653,35.820531],[129.5038059,35.8205678],[129.5038314,35.8206205],[129.5038358,35.8206417],[129.503836,35.8206599],[129.5038333,35.8206736],[129.5038267,35.8206822],[129.5038037,35.8206959],[129.5037924,35.8207074],[129.5037727,35.8209046],[129.503771,35.821123],[129.5037686,35.8211634],[129.5037631,35.8211879],[129.5037541,35.8212171],[129.5037418,35.8212541],[129.5037154,35.8213487],[129.503713,35.8213572],[129.5036827,35.8214211],[129.5036505,35.821489],[129.5036334,35.8215428],[129.5036345,35.8215616],[129.5036357,35.8215873],[129.5036374,35.8216093],[129.5036462,35.8216487],[129.5036787,35.8217151],[129.5037244,35.8218134],[129.5037431,35.8218482],[129.5038147,35.8218972],[129.5037798,35.8218223],[129.5037461,35.8217215],[129.5037208,35.8216358],[129.5037041,35.8215653],[129.5037044,35.82155],[129.5037136,35.8215047],[129.5037396,35.8214543],[129.5037581,35.8214149],[129.5038025,35.8213469],[129.5038313,35.8212855],[129.5038472,35.8211785],[129.5038473,35.8211341],[129.5038406,35.821005],[129.5038358,35.8209024],[129.5038401,35.8208638],[129.5038573,35.8207711],[129.5038914,35.8206799],[129.5039043,35.8206401],[129.5039048,35.8206195],[129.5039038,35.8206057],[129.5039015,35.8205956],[129.5038961,35.8205858],[129.503885,35.8205748],[129.5038459,35.8205418],[129.5037269,35.8204484],[129.5036089,35.8203431],[129.5035216,35.8202575],[129.5035171,35.8202498],[129.5035154,35.8202425]]]]}},{"type":"Feature","properties":{"UFID":"100035903071A00110100000004497767"},"geometry":{"type":"MultiPolygon","coordinates":[[[[129.5048164,35.8229081],[129.5048391,35.8229465],[129.5048842,35.8229432],[129.5049006,35.8229266],[129.5050124,35.8229149],[129.5053222,35.822884],[129.5053182,35.8228572],[129.5050083,35.8228881],[129.504831,35.8229066],[129.5048164,35.8229081]]]]}},{"type":"Feature","properties":{"UFID":"100035903071A00110100000004497768"},"geometry":{"type":"MultiPolygon","coordinates":[[[[129.5058179,35.8208734],[129.5054637,35.820796],[129.505199,35.8207398],[129.5048684,35.8206618],[129.5046362,35.8206037],[129.5044288,35.82056],[129.5041154,35.8204808],[129.5039839,35.8204354],[129.5038759,35.8203853],[129.5037947,35.8203371],[129.5037316,35.8202887],[129.5036942,35.8202541],[129.5036863,35.820246],[129.5036766,35.8202371],[129.5036685,35.8202273],[129.5036281,35.8201769],[129.5035175,35.8202306],[129.5035422,35.8202548],[129.5035772,35.8202902],[129.5036184,35.8203232],[129.5036356,35.8203309],[129.5036517,35.8203374],[129.5036623,35.8203451],[129.5037115,35.8203839],[129.5037555,35.8204148],[129.5038134,35.8204499],[129.5038768,35.8204825],[129.5039598,35.8205161],[129.5040562,35.8205453],[129.5041503,35.8205698],[129.5043243,35.820609],[129.5045261,35.8206535],[129.5048179,35.8207194],[129.5050779,35.8207783],[129.5052927,35.8208285],[129.5057162,35.8209248],[129.5057975,35.8209444],[129.5058179,35.8208734]]]]}},{"type":"Feature","properties":{"UFID":"100035903071A00110100000004497769"},"geometry":{"type":"MultiPolygon","coordinates":[[[[129.504692,35.822673],[129.5045981,35.8226396],[129.5045804,35.822664],[129.5044969,35.8227787],[129.5044303,35.8228697],[129.5044214,35.822879],[129.5045211,35.8229155],[129.5045348,35.8228892],[129.5045662,35.8228385],[129.5045896,35.8227928],[129.5046251,35.8227419],[129.5046535,35.8227062],[129.5046833,35.8226787],[129.504692,35.822673]]]]}},{"type":"Feature","properties":{"UFID":"100035903071A00110100000004497770"},"geometry":{"type":"MultiPolygon","coordinates":[[[[129.5047428,35.8225537],[129.5047423,35.8225518],[129.5046761,35.8225334],[129.5046693,35.8225429],[129.5046198,35.8226098],[129.5045981,35.8226396],[129.504692,35.822673],[129.5047428,35.8225537]]]]}},{"type":"Feature","properties":{"UFID":"100035903071A00110100000004497771"},"geometry":{"type":"MultiPolygon","coordinates":[[[[129.5047477,35.8225625],[129.5047448,35.8225605],[129.5047428,35.8225537],[129.504692,35.822673],[129.5047004,35.8226772],[129.5047477,35.8225625]]]]}},{"type":"Feature","properties":{"UFID":"100035903071A00110100000004497772"},"geometry":{"type":"MultiPolygon","coordinates":[[[[129.5048029,35.8226231],[129.5047681,35.8225592],[129.5047591,35.8225617],[129.5047526,35.8225628],[129.5047477,35.8225625],[129.5047004,35.8226772],[129.5048029,35.8226231]]]]}},{"type":"Feature","properties":{"UFID":"100035903071A00110100000004497773"},"geometry":{"type":"MultiPolygon","coordinates":[[[[129.5055044,35.8222033],[129.5051417,35.8221827],[129.505146,35.8221859],[129.5051468,35.8221895],[129.505147,35.8221951],[129.5051468,35.8221997],[129.5050713,35.8223258],[129.5050229,35.8224016],[129.5050153,35.8224094],[129.5050071,35.8224174],[129.5049952,35.8224271],[129.5049829,35.8224367],[129.504899,35.8224887],[129.5047681,35.8225592],[129.5048029,35.8226231],[129.5048121,35.8226161],[129.5048601,35.8226003],[129.5049354,35.8225767],[129.5049853,35.82256],[129.5050213,35.8225411],[129.5050493,35.8225216],[129.5050786,35.8224982],[129.505103,35.8224759],[129.5051294,35.8224461],[129.5051609,35.8224109],[129.5051997,35.8223656],[129.5052368,35.822329],[129.5052716,35.8222942],[129.5053019,35.8222728],[129.5053366,35.8222516],[129.5053723,35.822234],[129.5054105,35.8222218],[129.5054471,35.8222132],[129.5055044,35.8222033]]]]}},{"type":"Feature","properties":{"UFID":"100035903071A00110100000004497774"},"geometry":{"type":"MultiPolygon","coordinates":[[[[129.5045902,35.822138],[129.5045907,35.8221178],[129.5045457,35.8221143],[129.5044196,35.8221],[129.5043476,35.8220981],[129.5042758,35.822093],[129.5042082,35.8220838],[129.5041569,35.8220738],[129.5040773,35.8220468],[129.5039932,35.8220077],[129.5039305,35.8219746],[129.503865,35.8219375],[129.5038147,35.8218972],[129.5038264,35.8219698],[129.5038295,35.8219723],[129.5038997,35.822012],[129.5039644,35.8220462],[129.5040528,35.8220873],[129.5041398,35.8221168],[129.5041972,35.8221279],[129.5042688,35.8221378],[129.5043443,35.8221431],[129.5044148,35.8221449],[129.5045212,35.822157],[129.5045902,35.822138]]]]}},{"type":"Feature","properties":{"UFID":"100035903071A00110100000004497775"},"geometry":{"type":"MultiPolygon","coordinates":[[[[129.5038147,35.8218972],[129.5037431,35.8218482],[129.5037503,35.8219087],[129.5038264,35.8219698],[129.5038147,35.8218972]]]]}},{"type":"Feature","properties":{"UFID":"100035903071A00110100000004497776"},"geometry":{"type":"MultiPolygon","coordinates":[[[[129.5037431,35.8218482],[129.5037056,35.8218406],[129.5036616,35.8218372],[129.50362,35.8218389],[129.503585,35.8218447],[129.5035495,35.8218528],[129.503525,35.8218588],[129.5035092,35.8218621],[129.5034951,35.8218651],[129.5034655,35.8218669],[129.503399,35.8218683],[129.503214,35.8218653],[129.5031126,35.8218597],[129.5030493,35.8218564],[129.5030382,35.8218568],[129.503004,35.8218563],[129.5029947,35.821857],[129.5029628,35.8218585],[129.5029564,35.821859],[129.5029488,35.8218596],[129.5029213,35.821863],[129.5029125,35.8218641],[129.5029111,35.8218645],[129.5029263,35.821908],[129.5029298,35.8219075],[129.5029557,35.8219044],[129.502962,35.8219038],[129.5029671,35.8219034],[129.5029987,35.821902],[129.5030061,35.8219014],[129.5030392,35.8219019],[129.5030489,35.8219015],[129.503109,35.8219046],[129.5032122,35.8219104],[129.5033991,35.8219133],[129.5034683,35.8219119],[129.5035042,35.8219097],[129.5035229,35.8219058],[129.5035398,35.8219022],[129.5035649,35.8218961],[129.503598,35.8218885],[129.5036269,35.8218838],[129.5036604,35.8218823],[129.5036962,35.8218851],[129.5037234,35.8218907],[129.503735,35.8218965],[129.5037503,35.8219087],[129.5037431,35.8218482]]]]}},{"type":"Feature","properties":{"UFID":"100035903071A00110100000004497777"},"geometry":{"type":"MultiPolygon","coordinates":[[[[129.5051417,35.8221827],[129.5051768,35.8221178],[129.5051398,35.8221216],[129.50505,35.822132],[129.5049776,35.8221408],[129.5049332,35.8221484],[129.5048807,35.822163],[129.5048095,35.8221823],[129.5048194,35.8222395],[129.5049201,35.8222063],[129.5049217,35.822206],[129.5049485,35.8221989],[129.5050048,35.8221888],[129.5050758,35.8221813],[129.5051171,35.8221805],[129.5051278,35.8221807],[129.5051354,35.8221811],[129.5051417,35.8221827]]]]}},{"type":"Feature","properties":{"UFID":"100035903071A00110100000004497778"},"geometry":{"type":"MultiPolygon","coordinates":[[[[129.5048194,35.8222395],[129.5047157,35.822258],[129.5047231,35.822262],[129.5047274,35.8222662],[129.5047314,35.8222712],[129.5047356,35.8222773],[129.5047374,35.8222831],[129.5047386,35.8222899],[129.5047392,35.8223005],[129.5047402,35.8223099],[129.504734,35.8223683],[129.5047182,35.8224351],[129.5046918,35.8225111],[129.5046761,35.8225334],[129.5047423,35.8225518],[129.5047435,35.8225522],[129.5047442,35.8225456],[129.504753,35.8225079],[129.5047563,35.8224934],[129.5047589,35.8224838],[129.5047715,35.8224315],[129.5047844,35.8223708],[129.5047991,35.8222916],[129.5048026,35.8222729],[129.5048058,35.8222593],[129.5048081,35.8222525],[129.5048135,35.8222451],[129.5048194,35.8222395]]]]}},{"type":"Feature","properties":{"UFID":"100035903071A00110100000004497779"},"geometry":{"type":"MultiPolygon","coordinates":[[[[129.5047202,35.8222039],[129.5047103,35.8222041],[129.5047082,35.822204],[129.5046697,35.8221932],[129.504634,35.8221794],[129.5046124,35.8221635],[129.5045636,35.8221883],[129.5046029,35.8222173],[129.5046488,35.822235],[129.5046812,35.8222441],[129.5046971,35.8222498],[129.5047083,35.8222548],[129.5047157,35.822258],[129.5047202,35.8222039]]]]}},{"type":"Feature","properties":{"UFID":"100035903071A00110100000004497780"},"geometry":{"type":"MultiPolygon","coordinates":[[[[129.5046124,35.8221635],[129.5045902,35.822138],[129.5045212,35.822157],[129.5045636,35.8221883],[129.5046124,35.8221635]]]]}},{"type":"Feature","properties":{"UFID":"100035903071A00110100000004497781"},"geometry":{"type":"MultiPolygon","coordinates":[[[[129.5048194,35.8222395],[129.5048095,35.8221823],[129.5047874,35.8221883],[129.5047328,35.8222036],[129.5047202,35.8222039],[129.5047157,35.822258],[129.5048194,35.8222395]]]]}},{"type":"Feature","properties":{"UFID":"100035903071A00110100000004497782"},"geometry":{"type":"MultiPolygon","coordinates":[[[[129.5045211,35.8229155],[129.5044214,35.822879],[129.5043812,35.8229212],[129.504473,35.8229603],[129.5045211,35.8229155]]]]}},{"type":"Feature","properties":{"UFID":"100035903071A00110100000004497783"},"geometry":{"type":"MultiPolygon","coordinates":[[[[129.5029263,35.821908],[129.5029111,35.8218645],[129.5028295,35.8218841],[129.5027475,35.8219162],[129.5026721,35.82194],[129.5026642,35.8219427],[129.5026296,35.821949],[129.5026224,35.8219497],[129.5026091,35.8219504],[129.5026049,35.8219505],[129.5025949,35.8219503],[129.5025856,35.8219491],[129.5024774,35.8219249],[129.5023286,35.8218856],[129.5022798,35.8218772],[129.5022002,35.8218706],[129.501965,35.8218509],[129.5018294,35.8218467],[129.5017728,35.8218477],[129.5017498,35.821849],[129.50176,35.8218932],[129.5017739,35.8218927],[129.5018289,35.8218918],[129.5019611,35.8218958],[129.5021945,35.8219154],[129.5022713,35.8219218],[129.5023143,35.8219292],[129.5024616,35.821968],[129.5025739,35.8219932],[129.50259,35.8219953],[129.502605,35.8219956],[129.5026118,35.8219954],[129.5026277,35.8219945],[129.502639,35.8219934],[129.5026808,35.8219858],[129.5026927,35.8219818],[129.5027695,35.8219576],[129.5028495,35.8219263],[129.5029249,35.8219082],[129.5029263,35.821908]]]]}},{"type":"Feature","properties":{"UFID":"100035903071A00110100000004497784"},"geometry":{"type":"MultiPolygon","coordinates":[[[[129.5017498,35.821849],[129.5017457,35.8218479],[129.5017412,35.8218427],[129.50173,35.8218036],[129.5017231,35.8217757],[129.5016998,35.82172],[129.5016684,35.8217287],[129.501691,35.8217828],[129.5016937,35.8217939],[129.5016985,35.8218192],[129.5017012,35.8218422],[129.5017012,35.8218489],[129.5017,35.8218542],[129.5016978,35.8218568],[129.5017498,35.821849]]]]}},{"type":"Feature","properties":{"UFID":"100035903071A00110100000004497785"},"geometry":{"type":"MultiPolygon","coordinates":[[[[129.50176,35.8218932],[129.5017498,35.821849],[129.5016978,35.8218568],[129.5017064,35.8218963],[129.5017398,35.821894],[129.50176,35.8218932]]]]}},{"type":"Feature","properties":{"UFID":"100035903071A00110100000004497786"},"geometry":{"type":"MultiPolygon","coordinates":[[[[129.50155,35.8163993],[129.5015336,35.8163648],[129.5015205,35.8163869],[129.5014857,35.8164384],[129.5014447,35.816487],[129.5013932,35.816533],[129.5013464,35.8165643],[129.5012873,35.8165968],[129.5012598,35.8166107],[129.5012327,35.8166246],[129.5011806,35.8166473],[129.5010757,35.8166831],[129.5010364,35.8166626],[129.500996,35.816658],[129.5009515,35.8166466],[129.500874,35.8166111],[129.5007633,35.8165573],[129.5007381,35.8165376],[129.5007159,35.8165142],[129.5007032,35.8164883],[129.5006896,35.8164422],[129.500685,35.816415],[129.5006726,35.8162374],[129.5006319,35.8162427],[129.5006447,35.816373],[129.5006528,35.8164478],[129.5006639,35.8164904],[129.5006733,35.8165185],[129.5006874,35.8165389],[129.5007026,35.8165538],[129.5007252,35.816572],[129.5007444,35.8165848],[129.5007939,35.8166123],[129.5009295,35.8166708],[129.5009616,35.8166814],[129.5010439,35.8167102],[129.5010748,35.8167307],[129.5010796,35.816731],[129.501169,35.8166834],[129.5012403,35.8166557],[129.5012775,35.8166337],[129.5013053,35.8166194],[129.5013662,35.816586],[129.5014161,35.8165526],[129.5014707,35.8165039],[129.501514,35.8164526],[129.50155,35.8163993]]]]}},{"type":"Feature","properties":{"UFID":"100035903071A00110100000004497787"},"geometry":{"type":"MultiPolygon","coordinates":[[[[129.5035154,35.8202425],[129.5035162,35.820235],[129.503517,35.8202306],[129.5035175,35.8202306],[129.5033582,35.8199419],[129.5033583,35.8199561],[129.5033502,35.8199811],[129.5033453,35.8200479],[129.5033715,35.8201165],[129.5033918,35.8201397],[129.5034029,35.82017],[129.5034367,35.8202272],[129.5034652,35.8202535],[129.5035154,35.8202425]]]]}},{"type":"Feature","properties":{"UFID":"100035903071A00110100000004497788"},"geometry":{"type":"MultiPolygon","coordinates":[[[[129.5030652,35.8190861],[129.5030633,35.8190861],[129.5030607,35.8190853],[129.5030451,35.8190778],[129.5030169,35.8190561],[129.5029905,35.819035],[129.5029752,35.8190149],[129.5029699,35.8190005],[129.5029672,35.8189876],[129.5029169,35.8190463],[129.5029809,35.8190963],[129.5030971,35.8191872],[129.5030652,35.8190861]]]]}},{"type":"Feature","properties":{"UFID":"100035903071A00110100000004497789"},"geometry":{"type":"MultiPolygon","coordinates":[[[[129.5029672,35.8189876],[129.5028782,35.8189759],[129.5027793,35.819033],[129.5029169,35.8190463],[129.5029672,35.8189876]]]]}},{"type":"Feature","properties":{"UFID":"100035903071A00110100000004497790"},"geometry":{"type":"MultiPolygon","coordinates":[[[[129.503008,35.8189313],[129.5029612,35.8188194],[129.5029487,35.8188783],[129.5029363,35.8189127],[129.5029167,35.8189429],[129.5029141,35.8189441],[129.5028853,35.8189727],[129.5028782,35.8189759],[129.5029672,35.8189876],[129.5029728,35.8189719],[129.5029884,35.8189522],[129.503008,35.8189313]]]]}},{"type":"Feature","properties":{"UFID":"100035903071A00110100000004497791"},"geometry":{"type":"MultiPolygon","coordinates":[[[[129.5031442,35.8190665],[129.5031324,35.8190385],[129.5030801,35.818911],[129.503008,35.8189313],[129.5030216,35.8189638],[129.5030652,35.8190861],[129.5031442,35.8190665]]]]}},{"type":"Feature","properties":{"UFID":"100035903071A00110100000004497792"},"geometry":{"type":"MultiPolygon","coordinates":[[[[129.5030801,35.818911],[129.50303,35.8187888],[129.5029612,35.8188194],[129.503008,35.8189313],[129.5030801,35.818911]]]]}},{"type":"Feature","properties":{"UFID":"100035903071A00110100000004497793"},"geometry":{"type":"MultiPolygon","coordinates":[[[[129.5031865,35.8191668],[129.5031442,35.8190665],[129.5030652,35.8190861],[129.5030971,35.8191872],[129.5031865,35.8191668]]]]}},{"type":"Feature","properties":{"UFID":"100035903071A00110100000004497794"},"geometry":{"type":"MultiPolygon","coordinates":[[[[129.5034846,35.8198952],[129.5033974,35.8196795],[129.5032717,35.8193687],[129.5031865,35.8191668],[129.5030971,35.8191872],[129.5031276,35.8192913],[129.5032181,35.8195375],[129.5032793,35.8197285],[129.5033563,35.8199341],[129.5033582,35.8199419],[129.5034846,35.8198952]]]]}},{"type":"Feature","properties":{"UFID":"100035903071A00110100000004497795"},"geometry":{"type":"MultiPolygon","coordinates":[[[[129.5036281,35.8201769],[129.5036011,35.8201421],[129.5035675,35.820082],[129.5035164,35.8199741],[129.5034846,35.8198952],[129.5033582,35.8199419],[129.5035175,35.8202306],[129.5036281,35.8201769]]]]}},{"type":"Feature","properties":{"UFID":"100035903071A00110100000004497796"},"geometry":{"type":"MultiPolygon","coordinates":[[[[129.5027793,35.819033],[129.5028782,35.8189759],[129.5028715,35.8189785],[129.5028645,35.8189796],[129.5028455,35.8189797],[129.5027419,35.8189745],[129.5027357,35.8189376],[129.5027034,35.8189407],[129.5027002,35.8189532],[129.5026976,35.818963],[129.5026951,35.818969],[129.5026928,35.8189729],[129.5026918,35.8189753],[129.502691,35.8189768],[129.5026528,35.8189882],[129.502451,35.8190236],[129.5025036,35.8192543],[129.5025049,35.8192716],[129.5025049,35.8192801],[129.5025048,35.8192848],[129.502504,35.8192889],[129.5025001,35.8192945],[129.5024482,35.8193253],[129.5024141,35.8193375],[129.5024106,35.8193432],[129.5024101,35.8193463],[129.5024101,35.8193485],[129.5024788,35.8193782],[129.5025155,35.8193831],[129.5025385,35.8193847],[129.5025496,35.8193848],[129.502557,35.8193845],[129.5025577,35.8193789],[129.5025583,35.8193681],[129.5025565,35.819366],[129.5024808,35.8193623],[129.5024636,35.8193565],[129.5024546,35.8193506],[129.502452,35.8193445],[129.5024529,35.8193409],[129.5024586,35.8193389],[129.5025148,35.8193162],[129.5025259,35.819307],[129.5025344,35.8192959],[129.5025451,35.8192754],[129.502546,35.819261],[129.5025449,35.819253],[129.5025172,35.8191277],[129.5025149,35.8191006],[129.5025168,35.8190821],[129.5025207,35.8190698],[129.5025246,35.8190586],[129.5025293,35.8190505],[129.5025337,35.8190475],[129.5025546,35.8190434],[129.5027767,35.8190158],[129.5027793,35.819033]]]]}},{"type":"Feature","properties":{"UFID":"100035903071A00110100000004497797"},"geometry":{"type":"MultiPolygon","coordinates":[[[[129.5025001,35.8170145],[129.5023913,35.817029],[129.5024105,35.8170927],[129.5024993,35.8171152],[129.5024926,35.8170661],[129.5024946,35.8170277],[129.5025001,35.8170145]]]]}},{"type":"Feature","properties":{"UFID":"100035903071A00110100000004497798"},"geometry":{"type":"MultiPolygon","coordinates":[[[[129.5025001,35.8170145],[129.5024399,35.8168704],[129.5023547,35.816907],[129.5023913,35.817029],[129.5025001,35.8170145]]]]}},{"type":"Feature","properties":{"UFID":"100035903071A00110100000004497799"},"geometry":{"type":"MultiPolygon","coordinates":[[[[129.5024399,35.8168704],[129.5024256,35.8168057],[129.502361,35.8165849],[129.5022792,35.8162966],[129.5022462,35.8161766],[129.50214,35.8162534],[129.5021711,35.8163124],[129.5022127,35.8164198],[129.5022243,35.8164604],[129.5022902,35.8166923],[129.5023547,35.816907],[129.5024399,35.8168704]]]]}},{"type":"Feature","properties":{"UFID":"100035903071A00110100000004497800"},"geometry":{"type":"MultiPolygon","coordinates":[[[[129.50303,35.8187888],[129.5030082,35.8187355],[129.5028935,35.8184553],[129.5028238,35.8182451],[129.5027679,35.8180552],[129.5026563,35.8176758],[129.502622,35.8175594],[129.5025376,35.8172481],[129.5025173,35.8171778],[129.5024276,35.8172112],[129.5024289,35.817216],[129.5024314,35.8172233],[129.5024707,35.8173445],[129.5025571,35.8176315],[129.5026493,35.8179344],[129.5027372,35.8182273],[129.5028138,35.8184479],[129.5029241,35.8187305],[129.5029612,35.8188194],[129.50303,35.8187888]]]]}},{"type":"Feature","properties":{"UFID":"100035903071A00110100000004497801"},"geometry":{"type":"MultiPolygon","coordinates":[[[[129.5025173,35.8171778],[129.5024993,35.8171152],[129.5024105,35.8170927],[129.5024276,35.8172112],[129.5025173,35.8171778]]]]}},{"type":"Feature","properties":{"UFID":"100035903071A00110100000004497802"},"geometry":{"type":"MultiPolygon","coordinates":[[[[129.5015713,35.8163634],[129.501552,35.8163959],[129.5015661,35.8164232],[129.5015945,35.8164782],[129.5016251,35.8164677],[129.5015967,35.8164128],[129.5015713,35.8163634]]]]}},{"type":"Feature","properties":{"UFID":"100035903071A00110100000004497803"},"geometry":{"type":"MultiPolygon","coordinates":[[[[129.5029927,35.8164214],[129.5029941,35.8164143],[129.5030018,35.8163594],[129.5029699,35.8163571],[129.5029675,35.8164272],[129.5029927,35.8164214]]]]}},{"type":"Feature","properties":{"UFID":"100035903071A00110100000004497804"},"geometry":{"type":"MultiPolygon","coordinates":[[[[129.5022552,35.8147712],[129.5022415,35.8147246],[129.5022094,35.8147317],[129.502222,35.8147747],[129.5022552,35.8147712]]]]}},{"type":"Feature","properties":{"UFID":"100035903071A00110100000004497805"},"geometry":{"type":"MultiPolygon","coordinates":[[[[129.503995,35.8160162],[129.5040271,35.8160243],[129.5040317,35.8160003],[129.5040322,35.8159669],[129.5040297,35.81595],[129.5040238,35.815934],[129.5040097,35.8159047],[129.5039841,35.8158622],[129.5039543,35.8158741],[129.5039793,35.8159156],[129.5039924,35.8159428],[129.5039971,35.8159555],[129.503999,35.8159683],[129.5039985,35.815998],[129.503995,35.8160162]]]]}},{"type":"Feature","properties":{"UFID":"100035903071A00110100000004497806"},"geometry":{"type":"MultiPolygon","coordinates":[[[[129.5022462,35.8161766],[129.5021057,35.8160218],[129.5020399,35.8160704],[129.5021057,35.8161886],[129.50214,35.8162534],[129.5022462,35.8161766]]]]}},{"type":"Feature","properties":{"UFID":"100035903071A00110100000004497807"},"geometry":{"type":"MultiPolygon","coordinates":[[[[129.5021057,35.8160218],[129.5021017,35.8160156],[129.5020427,35.8159139],[129.5019737,35.8158096],[129.5019408,35.8157705],[129.5019207,35.8157347],[129.5018445,35.815765],[129.5018914,35.8158392],[129.5020318,35.8160558],[129.5020399,35.8160704],[129.5021057,35.8160218]]]]}},{"type":"Feature","properties":{"UFID":"100035903071A00110100000004497808"},"geometry":{"type":"MultiPolygon","coordinates":[[[[129.5021215,35.8149222],[129.5019653,35.8148923],[129.5019361,35.8150091],[129.5019102,35.8151328],[129.5018929,35.8152139],[129.5020161,35.8152358],[129.5021215,35.8149222]]]]}},{"type":"Feature","properties":{"UFID":"100035903071A00110100000004497809"},"geometry":{"type":"MultiPolygon","coordinates":[[[[129.5017633,35.8158622],[129.5016966,35.8157857],[129.5016412,35.815816],[129.5016655,35.8158507],[129.5016795,35.81589],[129.5016797,35.8158943],[129.5016802,35.8159009],[129.5017633,35.8158622]]]]}},{"type":"Feature","properties":{"UFID":"100035903071A00110100000004497810"},"geometry":{"type":"MultiPolygon","coordinates":[[[[129.5018445,35.815765],[129.5017922,35.8157085],[129.5017364,35.8157674],[129.5017209,35.815781],[129.5017096,35.8157864],[129.501705,35.815787],[129.5017018,35.8157869],[129.5016966,35.8157857],[129.5017633,35.8158622],[129.5017692,35.8158473],[129.5018163,35.8157731],[129.5018293,35.8157674],[129.5018445,35.815765]]]]}},{"type":"Feature","properties":{"UFID":"100035903071A00110100000004497811"},"geometry":{"type":"MultiPolygon","coordinates":[[[[129.5019188,35.8157271],[129.5019039,35.8156684],[129.5018755,35.8156787],[129.5018734,35.8156794],[129.5017922,35.8157085],[129.5018445,35.815765],[129.5019207,35.8157347],[129.5019198,35.8157311],[129.5019188,35.8157271]]]]}},{"type":"Feature","properties":{"UFID":"100035903071A00110100000004497812"},"geometry":{"type":"MultiPolygon","coordinates":[[[[129.5016966,35.8157857],[129.5016841,35.8157794],[129.5016569,35.8157491],[129.5015935,35.8156632],[129.5015495,35.815597],[129.5015303,35.8155322],[129.5015272,35.8154916],[129.5015173,35.8154711],[129.501503,35.8154553],[129.5014487,35.8153989],[129.501371,35.8153265],[129.5013222,35.8152743],[129.5012904,35.8152212],[129.5012745,35.81518],[129.501275,35.8151583],[129.5012784,35.8151243],[129.5012121,35.8151244],[129.5012176,35.8151543],[129.5012413,35.8152172],[129.5012899,35.8152966],[129.5013671,35.8154047],[129.5014297,35.8155052],[129.5014722,35.8156075],[129.5015165,35.8156827],[129.5015818,35.8157528],[129.5016412,35.815816],[129.5016966,35.8157857]]]]}},{"type":"Feature","properties":{"UFID":"100035903071A00110100000004497813"},"geometry":{"type":"MultiPolygon","coordinates":[[[[129.5017633,35.8158622],[129.5016802,35.8159009],[129.5016812,35.8159132],[129.5016813,35.8159293],[129.5016817,35.8159885],[129.5016782,35.8160432],[129.5017038,35.8160514],[129.5017218,35.8159664],[129.5017633,35.8158622]]]]}},{"type":"Feature","properties":{"UFID":"100035903071A00110100000004497814"},"geometry":{"type":"MultiPolygon","coordinates":[[[[129.5021923,35.8146806],[129.5021665,35.8146395],[129.5021602,35.8146732],[129.5021342,35.8147268],[129.5021205,35.8147517],[129.5021107,35.8147617],[129.5021222,35.8148621],[129.5021247,35.8148359],[129.5021399,35.8147752],[129.502149,35.8147659],[129.5021648,35.8147374],[129.5021923,35.8146806]]]]}},{"type":"Feature","properties":{"UFID":"100035903071A00110100000004497815"},"geometry":{"type":"MultiPolygon","coordinates":[[[[129.5021222,35.8148621],[129.5021107,35.8147617],[129.5021097,35.8147582],[129.5021098,35.8147531],[129.502015,35.8147526],[129.5019996,35.8147922],[129.5019653,35.8148923],[129.5021215,35.8149222],[129.5021221,35.8148628],[129.5021222,35.8148621]]]]}},{"type":"Feature","properties":{"UFID":"100035903071A00110100000004497816"},"geometry":{"type":"MultiPolygon","coordinates":[[[[129.5017038,35.8160514],[129.5016782,35.8160432],[129.5016704,35.8160766],[129.5016649,35.8160966],[129.5016515,35.816136],[129.5016313,35.8161781],[129.501583,35.8162668],[129.5015509,35.8163356],[129.5015485,35.8163397],[129.5015713,35.8163634],[129.5015814,35.8163463],[129.5016137,35.8162771],[129.501662,35.8161885],[129.501683,35.8161445],[129.5016971,35.8161032],[129.5017012,35.8160771],[129.5017038,35.8160514]]]]}},{"type":"Feature","properties":{"UFID":"100035903071A00110100000004497817"},"geometry":{"type":"MultiPolygon","coordinates":[[[[129.501552,35.8163959],[129.5015713,35.8163634],[129.5015485,35.8163397],[129.5015336,35.8163648],[129.50155,35.8163993],[129.501552,35.8163959]]]]}},{"type":"Feature","properties":{"UFID":"100035903071A00110100000004497818"},"geometry":{"type":"MultiPolygon","coordinates":[[[[129.5039999,35.8160614],[129.5039706,35.8160483],[129.5039576,35.8160632],[129.5039144,35.8161021],[129.5038777,35.8161419],[129.5038412,35.8161703],[129.5038277,35.8161755],[129.503814,35.8161788],[129.5037991,35.8161796],[129.5037891,35.8161786],[129.5035954,35.8161058],[129.5034421,35.8160585],[129.5032929,35.8159992],[129.5032031,35.815977],[129.5031526,35.8159736],[129.5031064,35.8159767],[129.5030869,35.8159808],[129.5030677,35.8159904],[129.5030519,35.8160037],[129.503026,35.8160384],[129.5029977,35.8161375],[129.5029878,35.8162131],[129.5029727,35.8163411],[129.5029699,35.8163571],[129.5030018,35.8163594],[129.5030048,35.8163385],[129.5030208,35.8162159],[129.5030305,35.816142],[129.5030572,35.8160487],[129.5030784,35.8160203],[129.5030886,35.8160116],[129.5031,35.816006],[129.503112,35.8160035],[129.5031526,35.8160007],[129.5031968,35.8160037],[129.5032808,35.8160244],[129.5034289,35.8160834],[129.5035826,35.8161307],[129.50378,35.816205],[129.5037983,35.8162067],[129.5038198,35.8162056],[129.5038395,35.8162009],[129.5038602,35.8161929],[129.5039021,35.8161604],[129.5039389,35.8161202],[129.5039836,35.8160802],[129.5039999,35.8160614]]]]}},{"type":"Feature","properties":{"UFID":"100035903071A00110100000004497819"},"geometry":{"type":"MultiPolygon","coordinates":[[[[129.5028565,35.8165238],[129.5029043,35.8164973],[129.5029675,35.8164272],[129.5029699,35.8163571],[129.5029369,35.8164193],[129.5028998,35.8164724],[129.5028752,35.8164954],[129.502856,35.8165078],[129.502843,35.8165122],[129.5028309,35.8165124],[129.5028071,35.8165088],[129.5027877,35.8165],[129.5027436,35.8164467],[129.5026606,35.8163466],[129.5025933,35.8162659],[129.5024953,35.8161509],[129.502424,35.816066],[129.5023616,35.8159885],[129.5023357,35.8159518],[129.5023068,35.8159011],[129.5022865,35.8158593],[129.5022672,35.8158028],[129.502254,35.8157546],[129.5022392,35.8156751],[129.502234,35.8155498],[129.502229,35.8152887],[129.5022398,35.8149914],[129.5022555,35.8147851],[129.5022552,35.8147712],[129.502222,35.8147747],[129.5022223,35.8147846],[129.5022066,35.8149902],[129.5021958,35.8152885],[129.5022009,35.8155509],[129.5022155,35.8157332],[129.5022321,35.8158186],[129.5022416,35.8158367],[129.5022575,35.8158686],[129.5022861,35.8159131],[129.5023306,35.8159896],[129.5024277,35.816118],[129.5025311,35.8162511],[129.5026489,35.8163813],[129.5027031,35.8164468],[129.5027173,35.8164639],[129.5027451,35.8165235],[129.5027521,35.8165338],[129.502764,35.8165396],[129.5027871,35.8165403],[129.5027905,35.8165404],[129.5028208,35.8165364],[129.5028565,35.8165238]]]]}},{"type":"Feature","properties":{"UFID":"100035903071A00110100000004497820"},"geometry":{"type":"MultiPolygon","coordinates":[[[[129.5025945,35.8124443],[129.5025828,35.8124732],[129.5025719,35.8124989],[129.5025629,35.812532],[129.5025845,35.8125371],[129.5025899,35.8125376],[129.502649,35.8125696],[129.5026706,35.812581],[129.5026787,35.8125852],[129.5026848,35.8125876],[129.5027289,35.8125948],[129.5028301,35.8126127],[129.5029149,35.812626],[129.5030122,35.8126662],[129.5030568,35.8126753],[129.5031467,35.8126936],[129.5031532,35.8126936],[129.5032846,35.8126932],[129.5032859,35.8126409],[129.5031556,35.8126395],[129.5030533,35.8126162],[129.503043,35.8126153],[129.5030336,35.8126138],[129.5029914,35.8125972],[129.5029319,35.8125781],[129.5028529,35.8125614],[129.5027879,35.8125504],[129.5027241,35.812541],[129.5027076,35.8125361],[129.5026889,35.8125297],[129.5026585,35.8125005],[129.5026284,35.8124633],[129.5026127,35.8124499],[129.5025945,35.8124443]]]]}},{"type":"Feature","properties":{"UFID":"100035903071A00110100000004497821"},"geometry":{"type":"MultiPolygon","coordinates":[[[[129.5025945,35.8124443],[129.5025603,35.8124425],[129.5025513,35.8124645],[129.5025399,35.8124915],[129.5025308,35.8125252],[129.5025629,35.812532],[129.5025719,35.8124989],[129.5025828,35.8124732],[129.5025945,35.8124443]]]]}},{"type":"Feature","properties":{"UFID":"100035903071A00110100000004497822"},"geometry":{"type":"MultiPolygon","coordinates":[[[[129.5011003,35.8131296],[129.5010566,35.8131303],[129.5010802,35.813155],[129.5011031,35.8131547],[129.5011003,35.8131296]]]]}},{"type":"Feature","properties":{"UFID":"100035903071A00110100000004497823"},"geometry":{"type":"MultiPolygon","coordinates":[[[[129.5011003,35.8131296],[129.5010956,35.8130882],[129.501077,35.8129518],[129.5010772,35.8128557],[129.5010783,35.8127978],[129.5010793,35.8127604],[129.5010796,35.8127258],[129.50108,35.8126882],[129.5010814,35.8126537],[129.5010827,35.8126306],[129.5010843,35.8126134],[129.5010859,35.8125956],[129.5010885,35.8125833],[129.5011083,35.8125409],[129.5011288,35.8124903],[129.5011393,35.8124732],[129.5011567,35.8124465],[129.5011749,35.8124244],[129.5012087,35.8123963],[129.5012524,35.8123612],[129.5012584,35.812354],[129.5012631,35.8123476],[129.5012685,35.8123396],[129.5012732,35.8123306],[129.501277,35.8123219],[129.5012989,35.8122531],[129.5013131,35.8121917],[129.5012705,35.8122296],[129.5012665,35.8122472],[129.5012453,35.8123139],[129.5012423,35.8123208],[129.5012386,35.8123278],[129.5012343,35.8123341],[129.5012304,35.8123395],[129.5012268,35.8123438],[129.5011824,35.8123796],[129.5011383,35.8124157],[129.5011286,35.8124315],[129.5010929,35.8124939],[129.5010825,35.8125234],[129.5010677,35.8125818],[129.5010565,35.8126374],[129.501054,35.8126786],[129.501052,35.8127205],[129.5010505,35.8127564],[129.5010491,35.8127892],[129.5010485,35.8128262],[129.5010488,35.8128656],[129.5010502,35.8129005],[129.501051,35.8129378],[129.5010521,35.8129737],[129.5010527,35.8130003],[129.5010532,35.813021],[129.5010533,35.8130267],[129.5010566,35.8131303],[129.5011003,35.8131296]]]]}},{"type":"Feature","properties":{"UFID":"100035903071A00110100000004497824"},"geometry":{"type":"MultiPolygon","coordinates":[[[[129.5011031,35.8131547],[129.5010802,35.813155],[129.5010802,35.8131644],[129.5010745,35.8132285],[129.5010672,35.8132865],[129.5010548,35.8133247],[129.5010499,35.8133322],[129.501044,35.8133364],[129.5010295,35.8133695],[129.5010373,35.8133699],[129.5010425,35.8133695],[129.5010503,35.8133657],[129.5010686,35.8133532],[129.5010907,35.8133278],[129.5011126,35.8132873],[129.5011166,35.8132734],[129.5011031,35.8131547]]]]}},{"type":"Feature","properties":{"UFID":"100035903071A00110100000004497825"},"geometry":{"type":"MultiPolygon","coordinates":[[[[129.5010802,35.813155],[129.5010566,35.8131303],[129.5009988,35.8131333],[129.5009731,35.8131656],[129.50095,35.8131981],[129.5009256,35.8132174],[129.500905,35.8132273],[129.5009405,35.8132346],[129.5009493,35.8132272],[129.500966,35.813214],[129.5009798,35.8131953],[129.5009917,35.8131756],[129.5010042,35.8131598],[129.5010308,35.8131547],[129.5010553,35.8131536],[129.5010658,35.8131539],[129.5010802,35.813155]]]]}},{"type":"Feature","properties":{"UFID":"100035903071A00110100000004497826"},"geometry":{"type":"MultiPolygon","coordinates":[[[[129.5008073,35.8145089],[129.5007905,35.8144351],[129.5007784,35.8144538],[129.5007626,35.8144585],[129.5007171,35.814456],[129.5006821,35.8144521],[129.5006326,35.814443],[129.5005942,35.8144239],[129.5005697,35.8144117],[129.5006234,35.8144779],[129.5006592,35.8144924],[129.5006861,35.8145011],[129.5007292,35.8145117],[129.5007683,35.8145145],[129.5008044,35.814511],[129.5008073,35.8145089]]]]}},{"type":"Feature","properties":{"UFID":"100035903071A00110100000004497827"},"geometry":{"type":"MultiPolygon","coordinates":[[[[129.5025629,35.812532],[129.5025308,35.8125252],[129.5024834,35.8127001],[129.5023925,35.8130692],[129.5023192,35.8134217],[129.5022676,35.8136754],[129.502221,35.8138556],[129.5022161,35.8138775],[129.5022113,35.8139128],[129.5021974,35.8142475],[129.5021876,35.8144888],[129.5021835,35.8145297],[129.5021794,35.8145705],[129.5021749,35.8145944],[129.502204,35.8146185],[129.5022124,35.8145736],[129.5022166,35.8145319],[129.5022208,35.8144904],[129.5022305,35.8142483],[129.5022444,35.8139147],[129.502249,35.8138814],[129.5022535,35.8138608],[129.5023003,35.8136804],[129.5023519,35.8134261],[129.5024251,35.8130741],[129.5025159,35.8127056],[129.5025629,35.812532]]]]}},{"type":"Feature","properties":{"UFID":"100035903071A00110100000004497828"},"geometry":{"type":"MultiPolygon","coordinates":[[[[129.500905,35.8132273],[129.5008761,35.8132214],[129.5008456,35.8132107],[129.5008369,35.813203],[129.5008208,35.8131832],[129.5007948,35.8131493],[129.5007846,35.8131414],[129.5007603,35.8131263],[129.5007483,35.8131198],[129.500734,35.8131116],[129.5007305,35.8131077],[129.5007263,35.813101],[129.5007028,35.8131508],[129.5007077,35.8131466],[129.5007169,35.8131427],[129.5007218,35.8131423],[129.5007317,35.8131421],[129.5007428,35.8131438],[129.5007576,35.8131494],[129.5007669,35.8131579],[129.5007852,35.8131778],[129.5008134,35.8132166],[129.5008226,35.8132221],[129.5008546,35.8132362],[129.5008914,35.8132479],[129.500905,35.8132273]]]]}},{"type":"Feature","properties":{"UFID":"100035903071A00110100000004497829"},"geometry":{"type":"MultiPolygon","coordinates":[[[[129.5009405,35.8132346],[129.500905,35.8132273],[129.5008914,35.8132479],[129.5009055,35.8132524],[129.5009182,35.8132582],[129.5009405,35.8132346]]]]}},{"type":"Feature","properties":{"UFID":"100035903071A00110100000004497830"},"geometry":{"type":"MultiPolygon","coordinates":[[[[129.5010306,35.8133348],[129.501019,35.8133247],[129.5009965,35.8132911],[129.5009811,35.8132634],[129.500971,35.8132527],[129.5009596,35.813244],[129.5009405,35.8132346],[129.5009182,35.8132582],[129.5009487,35.8132722],[129.5009537,35.8132774],[129.5009619,35.8132875],[129.5009774,35.8133199],[129.5009843,35.8133297],[129.5010077,35.813354],[129.5010306,35.8133348]]]]}},{"type":"Feature","properties":{"UFID":"100035903071A00110100000004497831"},"geometry":{"type":"MultiPolygon","coordinates":[[[[129.501044,35.8133364],[129.5010356,35.8133369],[129.5010306,35.8133348],[129.5010077,35.813354],[129.5010177,35.813362],[129.5010295,35.8133695],[129.501044,35.8133364]]]]}},{"type":"Feature","properties":{"UFID":"100035903071A00110100000004497832"},"geometry":{"type":"MultiPolygon","coordinates":[[[[129.5010295,35.8133695],[129.5010177,35.813362],[129.5010077,35.813354],[129.5009877,35.8133694],[129.500964,35.8133879],[129.5009337,35.8134148],[129.50091,35.8134442],[129.5008958,35.8134724],[129.500882,35.8135074],[129.5008751,35.8135401],[129.5008748,35.8135583],[129.5008997,35.8135559],[129.5009037,35.8135177],[129.5009153,35.8134887],[129.5009356,35.8134597],[129.5009534,35.8134353],[129.500976,35.8134145],[129.5010036,35.8133916],[129.5010295,35.8133695]]]]}},{"type":"Feature","properties":{"UFID":"100035903071A00110100000004497833"},"geometry":{"type":"MultiPolygon","coordinates":[[[[129.5012705,35.8122296],[129.5012532,35.8122049],[129.5012445,35.8122127],[129.5011754,35.8122752],[129.5011299,35.8123174],[129.5010842,35.8123606],[129.5010349,35.8124067],[129.5009908,35.8124498],[129.5009392,35.8124999],[129.5009057,35.8125352],[129.5008797,35.8125651],[129.5008632,35.8125914],[129.5008496,35.8126211],[129.5008419,35.8126491],[129.5008361,35.8127173],[129.5008264,35.8127915],[129.5008113,35.8128406],[129.500778,35.8129194],[129.5007357,35.8130028],[129.5006956,35.8130906],[129.5007263,35.813101],[129.5007666,35.8130127],[129.500809,35.8129289],[129.5008432,35.8128483],[129.5008591,35.8127962],[129.5008692,35.8127197],[129.5008748,35.812653],[129.5008815,35.8126289],[129.5008936,35.8126023],[129.5009082,35.8125791],[129.5009324,35.8125513],[129.5009651,35.8125169],[129.5010163,35.8124672],[129.5010602,35.8124242],[129.5011093,35.8123783],[129.501155,35.8123351],[129.5012002,35.8122931],[129.5012691,35.8122309],[129.5012705,35.8122296]]]]}},{"type":"Feature","properties":{"UFID":"100035903071A00110100000004497834"},"geometry":{"type":"MultiPolygon","coordinates":[[[[129.5007263,35.813101],[129.5006956,35.8130906],[129.5006947,35.8130928],[129.5006726,35.8131394],[129.5007028,35.8131508],[129.5007263,35.813101]]]]}},{"type":"Feature","properties":{"UFID":"100035903071A00110100000004497835"},"geometry":{"type":"MultiPolygon","coordinates":[[[[129.5006131,35.8134183],[129.5005253,35.8135365],[129.5005363,35.8135327],[129.5005438,35.8135315],[129.5005538,35.8135343],[129.5005634,35.8135391],[129.5005923,35.8135711],[129.5006172,35.8136058],[129.5006275,35.8136287],[129.5006573,35.8136714],[129.5006916,35.8137042],[129.5007092,35.8137189],[129.5007566,35.8137522],[129.5007783,35.8137669],[129.5008189,35.8138081],[129.5008941,35.8138898],[129.5009174,35.8138671],[129.5008921,35.813832],[129.5008354,35.8137598],[129.5007471,35.8136753],[129.5006783,35.8136115],[129.5006618,35.8135879],[129.5006541,35.8135737],[129.5006352,35.8134965],[129.500619,35.8134543],[129.5006131,35.8134183]]]]}},{"type":"Feature","properties":{"UFID":"100035903071A00110100000004497836"},"geometry":{"type":"MultiPolygon","coordinates":[[[[129.5021499,35.8114224],[129.5020892,35.811474],[129.5021428,35.8115479],[129.502207,35.8116283],[129.5022599,35.811707],[129.5023025,35.8117811],[129.5023096,35.8118],[129.5023161,35.8118123],[129.502323,35.8118298],[129.5023283,35.8118447],[129.5023328,35.8118582],[129.5023382,35.8118763],[129.5023422,35.8118896],[129.5023459,35.8119069],[129.5023489,35.81192],[129.5023534,35.8119341],[129.5023565,35.8119479],[129.502358,35.8119611],[129.5023595,35.8119755],[129.5023614,35.8119928],[129.5023643,35.8120091],[129.5023661,35.8120469],[129.5023665,35.8120636],[129.502367,35.8120766],[129.5023673,35.8120873],[129.5023674,35.8121015],[129.5023675,35.8121144],[129.5023673,35.8121282],[129.5023671,35.8121428],[129.5023662,35.8121576],[129.5023653,35.8121693],[129.5023643,35.8121823],[129.5023623,35.8121976],[129.5023567,35.8122329],[129.5023413,35.8123083],[129.502302,35.8125006],[129.5022428,35.8127598],[129.5021809,35.8130387],[129.5021205,35.8132947],[129.5020597,35.8135754],[129.5020448,35.8136527],[129.5020358,35.8136959],[129.5020328,35.8137147],[129.5020319,35.8137299],[129.5020317,35.8137424],[129.50203,35.8137805],[129.502026,35.8139008],[129.5020231,35.8141246],[129.5020249,35.8144331],[129.5020272,35.8147212],[129.502015,35.8147526],[129.5021098,35.8147531],[129.5021124,35.8141943],[129.5021189,35.8137956],[129.5021211,35.8137723],[129.5021226,35.8137532],[129.5021247,35.8137341],[129.5021285,35.8137121],[129.5021321,35.8136909],[129.5021356,35.8136665],[129.502215,35.813284],[129.5023074,35.8128743],[129.5023984,35.8124861],[129.5024445,35.812257],[129.5024521,35.8121982],[129.5024549,35.8121749],[129.5024581,35.8121534],[129.502459,35.81214],[129.5024596,35.8121166],[129.5024593,35.8120954],[129.5024591,35.8120822],[129.5024588,35.8120694],[129.5024584,35.8120563],[129.5024569,35.81204],[129.5024557,35.8120241],[129.5024547,35.8120062],[129.5024529,35.8119842],[129.5024513,35.8119693],[129.5024494,35.8119545],[129.5024467,35.8119358],[129.5024436,35.8119174],[129.5024402,35.8119016],[129.5024364,35.8118802],[129.5024066,35.811793],[129.5023599,35.8116971],[129.5023117,35.8116228],[129.5021729,35.81145],[129.5021499,35.8114224]]]]}},{"type":"Feature","properties":{"UFID":"100035903071A00110100000004497837"},"geometry":{"type":"MultiPolygon","coordinates":[[[[129.5022415,35.8147246],[129.5022345,35.8147008],[129.502204,35.8146185],[129.5021923,35.8146806],[129.5022024,35.8147078],[129.5022094,35.8147317],[129.5022415,35.8147246]]]]}},{"type":"Feature","properties":{"UFID":"100035903071A00110100000004497838"},"geometry":{"type":"MultiPolygon","coordinates":[[[[129.502204,35.8146185],[129.5021749,35.8145944],[129.5021665,35.8146395],[129.5021923,35.8146806],[129.502204,35.8146185]]]]}},{"type":"Feature","properties":{"UFID":"100035903071A00110100000004497839"},"geometry":{"type":"MultiPolygon","coordinates":[[[[129.5093754,35.8124842],[129.509362,35.8124349],[129.5093343,35.8123351],[129.5093029,35.8122259],[129.5092816,35.8121446],[129.50926,35.812062],[129.509244,35.8120011],[129.5092245,35.8119226],[129.5092046,35.8118491],[129.5091988,35.8118253],[129.509197,35.8118136],[129.5090275,35.811802],[129.5090362,35.8118348],[129.509065,35.8119433],[129.5090801,35.8120012],[129.5090952,35.8120593],[129.5091122,35.8121214],[129.509135,35.812206],[129.5091532,35.8122747],[129.509179,35.8123715],[129.5092136,35.8125068],[129.5093754,35.8124842]]]]}},{"type":"Feature","properties":{"UFID":"100035903071A00110100000004497840"},"geometry":{"type":"MultiPolygon","coordinates":[[[[129.5102936,35.8123942],[129.5102931,35.8123925],[129.5102509,35.8122357],[129.5101921,35.8120394],[129.5101463,35.81191],[129.510102,35.8118014],[129.5100413,35.8118252],[129.5100456,35.8118296],[129.5100804,35.8118993],[129.5101148,35.8120153],[129.5101245,35.812057],[129.5101111,35.8120661],[129.5101457,35.8122247],[129.51017,35.8123454],[129.5101718,35.8123624],[129.5101729,35.8123746],[129.5101733,35.8123872],[129.5101726,35.8124079],[129.5102936,35.8123942]]]]}},{"type":"Feature","properties":{"UFID":"100035903071A00110100000004497841"},"geometry":{"type":"MultiPolygon","coordinates":[[[[129.510079,35.8117302],[129.5100998,35.8110907],[129.5100417,35.8110846],[129.5100252,35.8115392],[129.5100254,35.8117137],[129.5100248,35.8117281],[129.5100218,35.8117392],[129.510079,35.8117302]]]]}},{"type":"Feature","properties":{"UFID":"100035903071A00110100000004497842"},"geometry":{"type":"MultiPolygon","coordinates":[[[[129.5091782,35.811618],[129.509179,35.8115654],[129.5091826,35.8114881],[129.5091858,35.8114264],[129.5091922,35.8113201],[129.5092004,35.8112013],[129.5091172,35.8111964],[129.5091124,35.8112688],[129.5090933,35.8115691],[129.5090866,35.8116303],[129.5091782,35.811618]]]]}},{"type":"Feature","properties":{"UFID":"100035903071A00110100000004497843"},"geometry":{"type":"MultiPolygon","coordinates":[[[[129.5100413,35.8118252],[129.5100218,35.8117392],[129.5100158,35.8117504],[129.5100086,35.8117611],[129.5100022,35.8117678],[129.5099919,35.8117778],[129.5099852,35.8117831],[129.5099069,35.8118136],[129.5098957,35.8118151],[129.5098832,35.8118169],[129.509873,35.8118178],[129.5097575,35.8118159],[129.5096325,35.8118136],[129.5095062,35.8118098],[129.5094065,35.8118017],[129.5093284,35.8117892],[129.5092563,35.8117777],[129.5091936,35.8117568],[129.5091882,35.8117535],[129.509197,35.8118136],[129.5091986,35.8118123],[129.5093214,35.8118251],[129.5093478,35.8118262],[129.5094024,35.8118318],[129.5095292,35.8118398],[129.5096472,35.8118442],[129.5097779,35.8118506],[129.5098462,35.8118513],[129.5098888,35.8118466],[129.5099642,35.8118305],[129.5100161,35.8118218],[129.5100251,35.8118212],[129.5100306,35.8118211],[129.510037,35.8118229],[129.5100413,35.8118252]]]]}},{"type":"Feature","properties":{"UFID":"100035903071A00110100000004497844"},"geometry":{"type":"MultiPolygon","coordinates":[[[[129.5092134,35.8111424],[129.5092004,35.8112013],[129.5092177,35.8112012],[129.5092217,35.8111866],[129.5093256,35.8111684],[129.5093855,35.8111633],[129.5094842,35.811149],[129.5095446,35.8111425],[129.5095976,35.8111356],[129.5096057,35.8111324],[129.5096103,35.8111288],[129.5096196,35.811092],[129.5096277,35.811016],[129.5095845,35.8110112],[129.5095662,35.8110738],[129.5095395,35.8110953],[129.5095007,35.8111115],[129.5094593,35.8111206],[129.5093801,35.8111321],[129.509223,35.8111454],[129.5092153,35.8111436],[129.5092134,35.8111424]]]]}},{"type":"Feature","properties":{"UFID":"100035903071A00110100000004497845"},"geometry":{"type":"MultiPolygon","coordinates":[[[[129.5091787,35.8116511],[129.5090771,35.8116702],[129.509073,35.8116828],[129.5090609,35.8117016],[129.5090535,35.8117067],[129.5090378,35.8117101],[129.5090234,35.8117114],[129.5090123,35.8117121],[129.5090167,35.8117464],[129.5091882,35.8117535],[129.509187,35.8117499],[129.5091823,35.8117121],[129.5091792,35.8116804],[129.5091787,35.8116511]]]]}},{"type":"Feature","properties":{"UFID":"100035903071A00110100000004497846"},"geometry":{"type":"MultiPolygon","coordinates":[[[[129.5090771,35.8116702],[129.5090866,35.8116303],[129.5089464,35.811664],[129.5089157,35.8116751],[129.5089075,35.8116777],[129.5088966,35.8116824],[129.5088905,35.8116863],[129.5088736,35.8117543],[129.5089281,35.8117791],[129.5089483,35.8117028],[129.5089616,35.811698],[129.5090771,35.8116702]]]]}},{"type":"Feature","properties":{"UFID":"100035903071A00110100000004497847"},"geometry":{"type":"MultiPolygon","coordinates":[[[[129.5091787,35.8116511],[129.5091782,35.8116233],[129.5091782,35.811618],[129.5090866,35.8116303],[129.5090771,35.8116702],[129.5091787,35.8116511]]]]}},{"type":"Feature","properties":{"UFID":"100035903071A00110100000004497848"},"geometry":{"type":"MultiPolygon","coordinates":[[[[129.510102,35.8118014],[129.5100802,35.811748],[129.510079,35.8117302],[129.5100218,35.8117392],[129.5100413,35.8118252],[129.510102,35.8118014]]]]}},{"type":"Feature","properties":{"UFID":"100035903071A00110100000004497849"},"geometry":{"type":"MultiPolygon","coordinates":[[[[129.5092134,35.8111424],[129.509121,35.8111397],[129.5091172,35.8111964],[129.5092004,35.8112013],[129.5092134,35.8111424]]]]}},{"type":"Feature","properties":{"UFID":"100035903071A00110100000004497850"},"geometry":{"type":"MultiPolygon","coordinates":[[[[129.5091882,35.8117535],[129.5090167,35.8117464],[129.5090253,35.8117939],[129.5090275,35.811802],[129.509197,35.8118136],[129.5091882,35.8117535]]]]}},{"type":"Feature","properties":{"UFID":"100035903071A00110100000004497851"},"geometry":{"type":"MultiPolygon","coordinates":[[[[129.5026693,35.8118597],[129.5026037,35.8118513],[129.5026048,35.8118542],[129.5026183,35.8119157],[129.5026236,35.8119677],[129.5026688,35.8119708],[129.5026645,35.8119557],[129.5026623,35.8119295],[129.5026624,35.8119088],[129.5026636,35.8118845],[129.5026663,35.8118713],[129.5026693,35.8118597]]]]}},{"type":"Feature","properties":{"UFID":"100035903071A00110100000004497852"},"geometry":{"type":"MultiPolygon","coordinates":[[[[129.5036227,35.8113779],[129.5035922,35.8113915],[129.5035935,35.811392],[129.5036236,35.8114584],[129.5036515,35.8114452],[129.5036227,35.8113779]]]]}},{"type":"Feature","properties":{"UFID":"100035903071A00110100000004497853"},"geometry":{"type":"MultiPolygon","coordinates":[[[[129.5026688,35.8119708],[129.5026661,35.81212],[129.502674,35.812114],[129.5026974,35.8121032],[129.502745,35.8120889],[129.5027833,35.8120862],[129.5029337,35.8120889],[129.5031675,35.8120872],[129.5032423,35.8120906],[129.5032673,35.8121111],[129.5032671,35.8123933],[129.5033364,35.8123991],[129.5033318,35.8120328],[129.5032388,35.8120356],[129.5032328,35.8120347],[129.5029729,35.8120319],[129.5027499,35.8120249],[129.5027316,35.8120233],[129.5027185,35.8120206],[129.5027111,35.8120189],[129.5027046,35.8120172],[129.5026869,35.8120062],[129.5026688,35.8119708]]]]}},{"type":"Feature","properties":{"UFID":"100035903071A00110100000004497854"},"geometry":{"type":"MultiPolygon","coordinates":[[[[129.5026661,35.81212],[129.5026328,35.8121207],[129.5026257,35.812223],[129.502609,35.8123182],[129.502594,35.8123633],[129.5025747,35.8124073],[129.5025603,35.8124425],[129.5025945,35.8124443],[129.502606,35.8124162],[129.5026257,35.8123714],[129.5026416,35.8123237],[129.5026588,35.8122257],[129.5026661,35.81212]]]]}},{"type":"Feature","properties":{"UFID":"100035903071A00110100000004497855"},"geometry":{"type":"MultiPolygon","coordinates":[[[[129.5026661,35.81212],[129.5026688,35.8119708],[129.5026236,35.8119677],[129.5026308,35.8120364],[129.5026329,35.8121195],[129.5026328,35.8121207],[129.5026661,35.81212]]]]}},{"type":"Feature","properties":{"UFID":"100035903071A00110100000004497856"},"geometry":{"type":"MultiPolygon","coordinates":[[[[129.5025534,35.8114705],[129.5024754,35.8114427],[129.5024418,35.8114997],[129.5025009,35.8115109],[129.502504,35.8115038],[129.5025088,35.8114983],[129.5025141,35.8114932],[129.5025534,35.8114705]]]]}},{"type":"Feature","properties":{"UFID":"100035903071A00110100000004497857"},"geometry":{"type":"MultiPolygon","coordinates":[[[[129.5026242,35.8118154],[129.5025852,35.811717],[129.5025552,35.8116436],[129.5025283,35.8115993],[129.5025024,35.8115356],[129.5025002,35.8115266],[129.5024996,35.8115199],[129.5024996,35.8115159],[129.5025009,35.8115109],[129.5024418,35.8114997],[129.5024648,35.8115322],[129.5024856,35.811574],[129.5025086,35.8116278],[129.5025244,35.8116538],[129.5025925,35.8118235],[129.5026242,35.8118154]]]]}},{"type":"Feature","properties":{"UFID":"100035903071A00110100000004497858"},"geometry":{"type":"MultiPolygon","coordinates":[[[[129.5026242,35.8118154],[129.5025925,35.8118235],[129.5026037,35.8118513],[129.5026693,35.8118597],[129.5026242,35.8118154]]]]}},{"type":"Feature","properties":{"UFID":"100035903071A00110100000004497859"},"geometry":{"type":"MultiPolygon","coordinates":[[[[129.5021499,35.8114224],[129.5021341,35.8114034],[129.5020612,35.8114486],[129.5020892,35.811474],[129.5021499,35.8114224]]]]}},{"type":"Feature","properties":{"UFID":"100035903071A00110100000004497860"},"geometry":{"type":"MultiPolygon","coordinates":[[[[129.5009336,35.8113495],[129.5009182,35.811325],[129.5008862,35.8113451],[129.5008543,35.8113709],[129.5008198,35.8114105],[129.5007833,35.811452],[129.5007446,35.8114944],[129.5007047,35.8115263],[129.5006608,35.8115563],[129.5006257,35.8115833],[129.5005919,35.8116112],[129.5005675,35.8116436],[129.500531,35.8116959],[129.5004901,35.8117478],[129.5004383,35.811809],[129.5003882,35.8118609],[129.5003565,35.8118877],[129.5002908,35.8119333],[129.5002272,35.811972],[129.5002519,35.8119907],[129.5003115,35.8119544],[129.5003792,35.8119074],[129.5004133,35.8118787],[129.500465,35.8118251],[129.5005178,35.8117628],[129.5005595,35.8117099],[129.5005961,35.8116573],[129.5006182,35.811628],[129.5006489,35.8116027],[129.5006829,35.8115765],[129.500727,35.8115463],[129.5007697,35.8115123],[129.5008102,35.8114679],[129.5008468,35.8114262],[129.5008798,35.8113884],[129.5009081,35.8113654],[129.5009336,35.8113495]]]]}},{"type":"Feature","properties":{"UFID":"100035903071A00110100000004497861"},"geometry":{"type":"MultiPolygon","coordinates":[[[[129.5020682,35.8115399],[129.502019,35.8115827],[129.5020255,35.8115822],[129.5020333,35.8115829],[129.5020379,35.8115838],[129.502042,35.8115856],[129.5020576,35.8115976],[129.5021045,35.8117073],[129.5021225,35.8117502],[129.5021864,35.8119062],[129.5022425,35.8120616],[129.5022524,35.812116],[129.5022523,35.8121161],[129.502284,35.8121056],[129.502275,35.8120558],[129.5022181,35.8118981],[129.502154,35.8117415],[129.5021358,35.8116985],[129.5020682,35.8115399]]]]}},{"type":"Feature","properties":{"UFID":"100035903071A00110100000004497862"},"geometry":{"type":"MultiPolygon","coordinates":[[[[129.502019,35.8115827],[129.5020018,35.8115527],[129.5019792,35.8115645],[129.501955,35.8115775],[129.5019268,35.8115997],[129.5019093,35.8116177],[129.501905,35.8116229],[129.5019013,35.8116279],[129.5018815,35.8116562],[129.501879,35.8116628],[129.5018526,35.8117187],[129.5018285,35.8117583],[129.5018243,35.8117634],[129.5018215,35.8117671],[129.5018194,35.8117698],[129.5018132,35.811776],[129.5018073,35.8117814],[129.5018003,35.8117867],[129.5017883,35.8117932],[129.5017753,35.8118],[129.5016954,35.8118435],[129.501604,35.8118829],[129.5015535,35.8119064],[129.5015445,35.8119118],[129.5015366,35.8119175],[129.5015279,35.8119249],[129.5015192,35.8119334],[129.5014953,35.8119581],[129.5014123,35.812047],[129.5013459,35.8121178],[129.5013713,35.8121352],[129.5014387,35.8120634],[129.5015215,35.8119747],[129.5015451,35.8119504],[129.5015527,35.8119429],[129.5015597,35.811937],[129.5015653,35.8119328],[129.5015715,35.8119292],[129.50162,35.8119066],[129.5017124,35.8118668],[129.5017936,35.8118226],[129.5018065,35.8118158],[129.5018208,35.811808],[129.501831,35.8118004],[129.5018385,35.8117935],[129.5018464,35.8117857],[129.5018497,35.8117814],[129.5018523,35.811778],[129.5018573,35.8117717],[129.501883,35.8117295],[129.5019103,35.8116717],[129.5019121,35.811667],[129.5019299,35.8116416],[129.501933,35.8116374],[129.5019362,35.8116336],[129.5019514,35.8116179],[129.5019758,35.8115987],[129.5019973,35.8115871],[129.5019978,35.8115869],[129.5020044,35.8115849],[129.502019,35.8115827]]]]}},{"type":"Feature","properties":{"UFID":"100035903071A00110100000004497863"},"geometry":{"type":"MultiPolygon","coordinates":[[[[129.5010097,35.8113063],[129.5009336,35.8113495],[129.5009348,35.8113502],[129.5009523,35.8113792],[129.5009723,35.8114264],[129.5009928,35.8114541],[129.5010566,35.8115217],[129.50112,35.8115888],[129.5012548,35.8117267],[129.5012808,35.8117099],[129.5011461,35.8115721],[129.5010829,35.8115052],[129.5010202,35.8114389],[129.5010025,35.8114149],[129.5009853,35.8113743],[129.5009905,35.8113519],[129.5010097,35.8113063]]]]}},{"type":"Feature","properties":{"UFID":"100035903071A00110100000004497864"},"geometry":{"type":"MultiPolygon","coordinates":[[[[129.5013713,35.8121352],[129.5013509,35.812157],[129.5014142,35.8122113],[129.5014909,35.812277],[129.501515,35.8122584],[129.5014383,35.8121926],[129.5013713,35.8121352]]]]}},{"type":"Feature","properties":{"UFID":"100035903071A00110100000004497865"},"geometry":{"type":"MultiPolygon","coordinates":[[[[129.5020892,35.811474],[129.5020612,35.8114486],[129.5020623,35.8114514],[129.5020623,35.8114517],[129.502053,35.8114602],[129.5020481,35.8114715],[129.502051,35.8114927],[129.502049,35.8115086],[129.5020455,35.8115149],[129.5020682,35.8115399],[129.5020815,35.8115157],[129.5020844,35.8114926],[129.5020819,35.8114747],[129.5020821,35.8114743],[129.5020848,35.8114718],[129.5020892,35.811474]]]]}},{"type":"Feature","properties":{"UFID":"100035903071A00110100000004497866"},"geometry":{"type":"MultiPolygon","coordinates":[[[[129.5013509,35.812157],[129.5013255,35.8121395],[129.5013194,35.812146],[129.5012928,35.8121697],[129.5013131,35.8121917],[129.5013449,35.8121634],[129.5013509,35.812157]]]]}},{"type":"Feature","properties":{"UFID":"100035903071A00110100000004497867"},"geometry":{"type":"MultiPolygon","coordinates":[[[[129.5013713,35.8121352],[129.5013459,35.8121178],[129.5013255,35.8121395],[129.5013509,35.812157],[129.5013713,35.8121352]]]]}},{"type":"Feature","properties":{"UFID":"100035903071A00110100000004497868"},"geometry":{"type":"MultiPolygon","coordinates":[[[[129.5013131,35.8121917],[129.5012928,35.8121697],[129.5012532,35.8122049],[129.5012705,35.8122296],[129.5013131,35.8121917]]]]}},{"type":"Feature","properties":{"UFID":"100035903071A00110100000004497869"},"geometry":{"type":"MultiPolygon","coordinates":[[[[129.5020682,35.8115399],[129.5020455,35.8115149],[129.502034,35.8115359],[129.5020018,35.8115527],[129.502019,35.8115827],[129.5020682,35.8115399]]]]}},{"type":"Feature","properties":{"UFID":"100035903071A00110100000004497870"},"geometry":{"type":"MultiPolygon","coordinates":[[[[129.5100429,35.8110394],[129.5100403,35.811041],[129.5100345,35.8110404],[129.509952,35.8110186],[129.5099389,35.8110142],[129.5099299,35.8110246],[129.5098746,35.8109933],[129.5098704,35.8109893],[129.5098438,35.8109678],[129.5097888,35.8109009],[129.5097578,35.8109119],[129.5097599,35.8109144],[129.5097738,35.8109142],[129.5097739,35.8109314],[129.5098181,35.8109851],[129.5098499,35.8110107],[129.5098682,35.8110197],[129.5099405,35.811044],[129.5099461,35.8110455],[129.5099916,35.8110615],[129.5100359,35.811074],[129.510039,35.8110789],[129.5100417,35.8110846],[129.5100429,35.8110394]]]]}},{"type":"Feature","properties":{"UFID":"100035903071A00110100000004497871"},"geometry":{"type":"MultiPolygon","coordinates":[[[[129.5103314,35.8107021],[129.5102626,35.8106772],[129.510185,35.8108122],[129.5100429,35.8110394],[129.5101126,35.811055],[129.5103314,35.8107021]]]]}},{"type":"Feature","properties":{"UFID":"100035903071A00110100000004497872"},"geometry":{"type":"MultiPolygon","coordinates":[[[[129.5092318,35.810906],[129.5092314,35.8109053],[129.5092317,35.8109005],[129.5092415,35.8108328],[129.5092574,35.8107698],[129.5092761,35.8107022],[129.5092842,35.810688],[129.509192,35.8106674],[129.5091711,35.8107442],[129.5091496,35.8108547],[129.5091416,35.8109121],[129.5092318,35.810906]]]]}},{"type":"Feature","properties":{"UFID":"100035903071A00110100000004497873"},"geometry":{"type":"MultiPolygon","coordinates":[[[[129.5092265,35.8109347],[129.5091377,35.8109406],[129.5091309,35.8109896],[129.509121,35.8111397],[129.5092134,35.8111424],[129.5092183,35.8110299],[129.5092265,35.8109347]]]]}},{"type":"Feature","properties":{"UFID":"100035903071A00110100000004497874"},"geometry":{"type":"MultiPolygon","coordinates":[[[[129.5097578,35.8109119],[129.5097423,35.8108852],[129.5096927,35.8108865],[129.5096804,35.8108882],[129.5096413,35.8109041],[129.5096364,35.8109055],[129.5096313,35.8109064],[129.5096247,35.8109065],[129.5095558,35.8109014],[129.5095175,35.8108983],[129.5094107,35.810894],[129.509326,35.8108948],[129.5092878,35.8108985],[129.5092414,35.8109042],[129.5092318,35.810906],[129.5092265,35.8109347],[129.5092476,35.8109308],[129.5092922,35.8109253],[129.5093281,35.8109219],[129.5094101,35.8109211],[129.5095151,35.8109253],[129.5095526,35.8109283],[129.5096233,35.8109335],[129.5096351,35.8109335],[129.5096456,35.8109315],[129.5096544,35.810929],[129.5096845,35.8109165],[129.5096907,35.8109142],[129.5096959,35.8109135],[129.5097578,35.8109119]]]]}},{"type":"Feature","properties":{"UFID":"100035903071A00110100000004497875"},"geometry":{"type":"MultiPolygon","coordinates":[[[[129.5093035,35.8106492],[129.5092842,35.810688],[129.5092878,35.8106851],[129.5092913,35.8106833],[129.5093229,35.8106848],[129.5093457,35.8106872],[129.5094142,35.8106956],[129.5096082,35.8107248],[129.5096142,35.8106982],[129.5094197,35.810669],[129.5093503,35.8106604],[129.5093075,35.810656],[129.5093056,35.810654],[129.5093035,35.8106492]]]]}},{"type":"Feature","properties":{"UFID":"100035903071A00110100000004497876"},"geometry":{"type":"MultiPolygon","coordinates":[[[[129.5097719,35.8108773],[129.5097888,35.8109009],[129.5098575,35.8108561],[129.5098871,35.8108254],[129.5099378,35.8107611],[129.5099098,35.8107465],[129.50986,35.8108097],[129.5098338,35.8108369],[129.5097719,35.8108773]]]]}},{"type":"Feature","properties":{"UFID":"100035903071A00110100000004497877"},"geometry":{"type":"MultiPolygon","coordinates":[[[[129.5097888,35.8109009],[129.5097719,35.8108773],[129.5097604,35.8108848],[129.5097423,35.8108852],[129.5097578,35.8109119],[129.5097888,35.8109009]]]]}},{"type":"Feature","properties":{"UFID":"100035903071A00110100000004497878"},"geometry":{"type":"MultiPolygon","coordinates":[[[[129.5092265,35.8109347],[129.5092318,35.810906],[129.5091416,35.8109121],[129.5091377,35.8109406],[129.5092265,35.8109347]]]]}},{"type":"Feature","properties":{"UFID":"100035903071A00110100000004497879"},"geometry":{"type":"MultiPolygon","coordinates":[[[[129.5101126,35.811055],[129.5100429,35.8110394],[129.5100417,35.8110846],[129.5100998,35.8110907],[129.5101,35.811085],[129.510102,35.8110722],[129.5101126,35.811055]]]]}},{"type":"Feature","properties":{"UFID":"100035903071A00110100000004497880"},"geometry":{"type":"MultiPolygon","coordinates":[[[[129.5093035,35.8106492],[129.5092005,35.8106405],[129.5091969,35.8106495],[129.509192,35.8106674],[129.5092842,35.810688],[129.5093035,35.8106492]]]]}},{"type":"Feature","properties":{"UFID":"100035903071A00110100000004497881"},"geometry":{"type":"MultiPolygon","coordinates":[[[[129.5103585,35.8106584],[129.5102875,35.8105795],[129.5102626,35.8106772],[129.5103314,35.8107021],[129.5103585,35.8106584]]]]}},{"type":"Feature","properties":{"UFID":"100035903071A00110100000004497882"},"geometry":{"type":"MultiPolygon","coordinates":[[[[129.509346,35.8086322],[129.5092649,35.8085014],[129.5092448,35.8085225],[129.5092065,35.8085445],[129.5091533,35.8085776],[129.509101,35.8086106],[129.5090554,35.8086521],[129.5089509,35.8087409],[129.5088367,35.8088419],[129.5088506,35.8088521],[129.5086686,35.8090101],[129.5085884,35.8090837],[129.5085439,35.8091202],[129.5085025,35.8091478],[129.5084648,35.8091695],[129.5084215,35.8091899],[129.508382,35.8092076],[129.5083464,35.8092198],[129.5083386,35.809226],[129.5083354,35.809231],[129.5082944,35.8092975],[129.5083563,35.8093271],[129.5084414,35.8092961],[129.5085242,35.8092586],[129.5085702,35.8092352],[129.5086249,35.8091988],[129.5086626,35.8091697],[129.5088269,35.8090325],[129.5089964,35.8088897],[129.5090773,35.8088235],[129.5091372,35.8087723],[129.5091948,35.8087224],[129.5092413,35.8086895],[129.5092832,35.8086638],[129.5093243,35.8086415],[129.509346,35.8086322]]]]}},{"type":"Feature","properties":{"UFID":"100035903071A00110100000004497883"},"geometry":{"type":"MultiPolygon","coordinates":[[[[129.5106855,35.8088207],[129.5106867,35.8087937],[129.5106678,35.8087923],[129.5106577,35.8087949],[129.5106511,35.8087995],[129.5106128,35.8088405],[129.5105704,35.8088902],[129.5105511,35.8089093],[129.5105308,35.8089242],[129.5105285,35.8089249],[129.5105249,35.8089251],[129.5105182,35.8089233],[129.5104938,35.8089149],[129.5104416,35.8089043],[129.5104286,35.8089295],[129.5104833,35.8089406],[129.5105066,35.8089487],[129.5105207,35.8089524],[129.5105358,35.8089516],[129.5105486,35.8089476],[129.5105751,35.808928],[129.5105969,35.8089066],[129.5106396,35.8088564],[129.5106737,35.8088199],[129.5106855,35.8088207]]]]}},{"type":"Feature","properties":{"UFID":"100035903071A00110100000004497884"},"geometry":{"type":"MultiPolygon","coordinates":[[[[129.5108421,35.8088118],[129.5108165,35.8088055],[129.5107541,35.8087984],[129.5106867,35.8087937],[129.5106855,35.8088207],[129.5107504,35.8088253],[129.5108094,35.808832],[129.5108306,35.8088372],[129.5108421,35.8088118]]]]}},{"type":"Feature","properties":{"UFID":"100035903071A00110100000004497885"},"geometry":{"type":"MultiPolygon","coordinates":[[[[129.5099654,35.8089245],[129.5099053,35.8088145],[129.5098905,35.8087897],[129.5098554,35.8087416],[129.5097925,35.8086691],[129.5097308,35.808602],[129.5097298,35.8086011],[129.5096934,35.8085695],[129.5096656,35.8085489],[129.509624,35.8085254],[129.5095701,35.8085004],[129.5095133,35.8084843],[129.5094489,35.8084708],[129.509374,35.8084612],[129.5094076,35.8086146],[129.5094493,35.8086136],[129.5094896,35.8086183],[129.5095257,35.80863],[129.5095546,35.808648],[129.5095862,35.8086756],[129.5096271,35.8087177],[129.5096736,35.8087671],[129.5097153,35.808814],[129.5097457,35.8088525],[129.5097804,35.8088982],[129.5098018,35.8089391],[129.509817,35.8089823],[129.5099654,35.8089245]]]]}},{"type":"Feature","properties":{"UFID":"100035903071A00110100000004497886"},"geometry":{"type":"MultiPolygon","coordinates":[[[[129.5099394,35.8077301],[129.5098912,35.8077155],[129.509837,35.8077773],[129.5097721,35.8078522],[129.5096014,35.8080367],[129.5094778,35.8081967],[129.5093773,35.8083142],[129.5093603,35.8083372],[129.5093398,35.8083711],[129.5092889,35.8084447],[129.509374,35.8084612],[129.5093699,35.8084548],[129.5093689,35.8084323],[129.5093712,35.8083951],[129.5093755,35.8083835],[129.5093944,35.8083523],[129.5094098,35.8083313],[129.5094595,35.8082732],[129.5094848,35.8082456],[129.5095438,35.8081796],[129.5095927,35.8081187],[129.5096995,35.8079874],[129.5098141,35.8078642],[129.5098868,35.8077863],[129.5099341,35.8077349],[129.5099394,35.8077301]]]]}},{"type":"Feature","properties":{"UFID":"100035903071A00110100000004497887"},"geometry":{"type":"MultiPolygon","coordinates":[[[[129.5116833,35.8081899],[129.5116229,35.8081721],[129.5115666,35.8083523],[129.5115635,35.8083609],[129.5115601,35.808368],[129.5115555,35.8083742],[129.5115499,35.8083799],[129.5115436,35.8083861],[129.5115363,35.8083919],[129.5115275,35.8083972],[129.5115182,35.8084026],[129.5115088,35.8084079],[129.5114959,35.8084138],[129.5114878,35.8084168],[129.5114772,35.80842],[129.5114661,35.8084227],[129.511454,35.8084242],[129.5114412,35.8084249],[129.5113013,35.8084312],[129.51127,35.8084295],[129.5112414,35.8084288],[129.5112374,35.8084284],[129.5112231,35.8084264],[129.5112079,35.808423],[129.5112014,35.808421],[129.5111966,35.8084194],[129.5111959,35.8084923],[129.5112132,35.8084856],[129.511236,35.8084786],[129.5112528,35.8084745],[129.5112774,35.8084706],[129.5114524,35.8084595],[129.5114675,35.808457],[129.5114863,35.8084537],[129.511502,35.8084502],[129.511513,35.8084467],[129.5115245,35.8084426],[129.5115404,35.8084369],[129.5115529,35.8084312],[129.5115638,35.808425],[129.5115741,35.8084181],[129.511585,35.8084115],[129.5115961,35.8084019],[129.511611,35.8083857],[129.5116171,35.808374],[129.5116209,35.8083617],[129.5116251,35.8083489],[129.5116303,35.8083327],[129.5116833,35.8081899]]]]}},{"type":"Feature","properties":{"UFID":"100035903071A00110100000004497888"},"geometry":{"type":"MultiPolygon","coordinates":[[[[129.5111282,35.808533],[129.5111071,35.8084418],[129.5110027,35.8085618],[129.5109593,35.808616],[129.5109519,35.8086257],[129.5109011,35.8086954],[129.5108421,35.8088118],[129.5109,35.8088229],[129.5109095,35.8087963],[129.5110284,35.8086047],[129.5110811,35.8085613],[129.5111282,35.808533]]]]}},{"type":"Feature","properties":{"UFID":"100035903071A00110100000004497889"},"geometry":{"type":"MultiPolygon","coordinates":[[[[129.5116652,35.8081284],[129.5117017,35.8081521],[129.5117349,35.808096],[129.5117689,35.80802],[129.5117761,35.8079945],[129.5117903,35.807937],[129.511798,35.8078881],[129.5117977,35.807868],[129.5117901,35.807838],[129.5117387,35.8077111],[129.5117046,35.8076364],[129.5116787,35.807655],[129.5117268,35.8077757],[129.5117525,35.8078546],[129.5117529,35.8079067],[129.5117513,35.8079225],[129.5117492,35.8079368],[129.5116939,35.8080742],[129.5116652,35.8081284]]]]}},{"type":"Feature","properties":{"UFID":"100035903071A00110100000004497890"},"geometry":{"type":"MultiPolygon","coordinates":[[[[129.5111966,35.8084194],[129.5111863,35.8084127],[129.5111833,35.8084099],[129.5111814,35.8084073],[129.5111796,35.8084054],[129.5111704,35.8083921],[129.5111703,35.8083807],[129.5111668,35.808362],[129.5111552,35.8083463],[129.5111439,35.8083387],[129.5111123,35.8083247],[129.5111704,35.8082829],[129.5112021,35.8082684],[129.5112313,35.8082632],[129.5112576,35.8082609],[129.5112875,35.8082555],[129.5112989,35.8082509],[129.5113814,35.8082053],[129.511373,35.8081791],[129.5113666,35.8081808],[129.5112823,35.8082275],[129.5112765,35.8082298],[129.5112521,35.8082342],[129.511226,35.8082365],[129.5111901,35.8082429],[129.5111511,35.8082608],[129.5110766,35.8083143],[129.5110711,35.808328],[129.511081,35.8083404],[129.5110928,35.8083468],[129.5111252,35.8083612],[129.5111296,35.8083641],[129.511135,35.8083713],[129.5111371,35.8083829],[129.5111372,35.8083928],[129.5111071,35.8084418],[129.5111966,35.8084194]]]]}},{"type":"Feature","properties":{"UFID":"100035903071A00110100000004497891"},"geometry":{"type":"MultiPolygon","coordinates":[[[[129.5116229,35.8081721],[129.5116652,35.8081284],[129.5116571,35.8081319],[129.5116356,35.8081288],[129.5115856,35.8081073],[129.5115473,35.8080955],[129.5114958,35.8080852],[129.5114733,35.8080843],[129.5114592,35.8080983],[129.5114367,35.8081548],[129.5114278,35.8081622],[129.5114104,35.8081689],[129.5114089,35.8081693],[129.511416,35.8081959],[129.5114228,35.8081941],[129.5114474,35.8081845],[129.5114659,35.8081691],[129.5114886,35.808112],[129.511491,35.8081121],[129.5115374,35.8081213],[129.5115719,35.808132],[129.5115873,35.8081386],[129.5115886,35.8081394],[129.5116199,35.8081604],[129.5116229,35.8081631],[129.5116234,35.8081662],[129.5116229,35.8081721]]]]}},{"type":"Feature","properties":{"UFID":"100035903071A00110100000004497892"},"geometry":{"type":"MultiPolygon","coordinates":[[[[129.5104073,35.8088998],[129.5104416,35.8089043],[129.5104984,35.8088109],[129.5105023,35.8088031],[129.5105209,35.8087507],[129.510541,35.8086995],[129.5105094,35.8086912],[129.5104892,35.8087429],[129.5104709,35.8087942],[129.5104682,35.8087998],[129.5104073,35.8088998]]]]}},{"type":"Feature","properties":{"UFID":"100035903071A00110100000004497893"},"geometry":{"type":"MultiPolygon","coordinates":[[[[129.5114089,35.8081693],[129.5114165,35.8081345],[129.5114262,35.8080951],[129.5114263,35.808069],[129.5113931,35.8080689],[129.511393,35.8080924],[129.5113839,35.8081294],[129.511373,35.8081791],[129.5114089,35.8081693]]]]}},{"type":"Feature","properties":{"UFID":"100035903071A00110100000004497894"},"geometry":{"type":"MultiPolygon","coordinates":[[[[129.5104416,35.8089043],[129.5104073,35.8088998],[129.5103977,35.8089268],[129.5104155,35.8089269],[129.5104286,35.8089295],[129.5104416,35.8089043]]]]}},{"type":"Feature","properties":{"UFID":"100035903071A00110100000004497895"},"geometry":{"type":"MultiPolygon","coordinates":[[[[129.511416,35.8081959],[129.5114089,35.8081693],[129.511373,35.8081791],[129.5113814,35.8082053],[129.511416,35.8081959]]]]}},{"type":"Feature","properties":{"UFID":"100035903071A00110100000004497896"},"geometry":{"type":"MultiPolygon","coordinates":[[[[129.5109,35.8088229],[129.5108421,35.8088118],[129.5108306,35.8088372],[129.5108905,35.8088497],[129.5109,35.8088229]]]]}},{"type":"Feature","properties":{"UFID":"100035903071A00110100000004497897"},"geometry":{"type":"MultiPolygon","coordinates":[[[[129.5117017,35.8081521],[129.5116652,35.8081284],[129.5116229,35.8081721],[129.5116833,35.8081899],[129.5116901,35.8081717],[129.5117017,35.8081521]]]]}},{"type":"Feature","properties":{"UFID":"100035903071A00110100000004497898"},"geometry":{"type":"MultiPolygon","coordinates":[[[[129.5111959,35.8084923],[129.5111966,35.8084194],[129.5111071,35.8084418],[129.5111282,35.808533],[129.5111959,35.8084923]]]]}},{"type":"Feature","properties":{"UFID":"100035903071A00110100000004497899"},"geometry":{"type":"MultiPolygon","coordinates":[[[[129.5094076,35.8086146],[129.509374,35.8084612],[129.5092889,35.8084447],[129.5092649,35.8085014],[129.509346,35.8086322],[129.5093628,35.808625],[129.5094076,35.8086146]]]]}},{"type":"Feature","properties":{"UFID":"100035903071A00110100000004497900"},"geometry":{"type":"MultiPolygon","coordinates":[[[[129.5078472,35.8086387],[129.5078488,35.8086339],[129.5078788,35.8085845],[129.5079546,35.8085167],[129.5081129,35.8084429],[129.5082709,35.8083672],[129.5084012,35.8082561],[129.5085539,35.8081564],[129.5085796,35.8081428],[129.5086012,35.8081282],[129.5086217,35.8081124],[129.5086365,35.8081014],[129.5086566,35.8080868],[129.508676,35.8080703],[129.5086957,35.8080503],[129.5087317,35.8080085],[129.509138,35.8074304],[129.5091529,35.8074177],[129.5091824,35.8073982],[129.5092876,35.807351],[129.5092563,35.8073232],[129.5091867,35.8073643],[129.5091634,35.807376],[129.5091303,35.8073978],[129.5091112,35.8074141],[129.5087009,35.8079979],[129.5086333,35.8080524],[129.5086205,35.8080604],[129.5082662,35.8083073],[129.5082358,35.808327],[129.5080385,35.8084256],[129.5078777,35.8085124],[129.5077337,35.8086379],[129.5077246,35.8086504],[129.5078472,35.8086387]]]]}},{"type":"Feature","properties":{"UFID":"100035903071A00110100000004497901"},"geometry":{"type":"MultiPolygon","coordinates":[[[[129.5092649,35.8085014],[129.5092889,35.8084447],[129.5092815,35.8084515],[129.5092729,35.8084566],[129.5092652,35.8084594],[129.5091828,35.8084622],[129.5090941,35.8084529],[129.5089913,35.80844],[129.5088754,35.8084178],[129.5088221,35.8084036],[129.508767,35.8083943],[129.5087507,35.8083957],[129.5086818,35.8084041],[129.5086285,35.8084074],[129.5086146,35.8084076],[129.5085832,35.8084089],[129.5085585,35.8084163],[129.5085253,35.8084292],[129.5084629,35.8084758],[129.5084172,35.8084999],[129.5083979,35.8085088],[129.5083776,35.8085154],[129.5083077,35.8085291],[129.5082503,35.8085405],[129.50812,35.8085723],[129.5080006,35.8086045],[129.5079341,35.8086229],[129.5078862,35.8086408],[129.5078633,35.8086467],[129.5078595,35.8086471],[129.5078568,35.8086467],[129.5078542,35.808646],[129.5078509,35.8086443],[129.5078484,35.8086422],[129.5078472,35.8086387],[129.5077557,35.8087534],[129.5077986,35.80873],[129.5079245,35.8086562],[129.5079464,35.8086481],[129.5080112,35.8086301],[129.50813,35.8085981],[129.508259,35.8085666],[129.5083155,35.8085554],[129.5083876,35.8085412],[129.5084123,35.8085333],[129.5084344,35.8085231],[129.5084832,35.8084973],[129.5085441,35.8084519],[129.5085714,35.8084412],[129.5085899,35.8084357],[129.5086158,35.8084346],[129.5086301,35.8084344],[129.5086855,35.808431],[129.5087549,35.8084226],[129.5087654,35.8084217],[129.5088136,35.8084298],[129.5088665,35.8084438],[129.508985,35.8084666],[129.5090895,35.8084797],[129.5091814,35.8084893],[129.5092594,35.8084866],[129.5092661,35.8084896],[129.5092669,35.808493],[129.5092649,35.8085014]]]]}},{"type":"Feature","properties":{"UFID":"100035903071A00110100000004497902"},"geometry":{"type":"MultiPolygon","coordinates":[[[[129.5107287,35.8092855],[129.5106555,35.8092684],[129.5105979,35.8094112],[129.5105588,35.8095168],[129.5105297,35.8096125],[129.5105046,35.8097274],[129.5104891,35.8098166],[129.510486,35.809849],[129.5104854,35.8098603],[129.5104852,35.8098697],[129.5104854,35.8098815],[129.5104856,35.809889],[129.5104861,35.8099023],[129.5104871,35.8099144],[129.5104885,35.8099257],[129.5104902,35.8099398],[129.510492,35.8099518],[129.5104936,35.8099609],[129.5105024,35.8099857],[129.5105255,35.8101035],[129.510539,35.8101822],[129.5105485,35.8101843],[129.5105591,35.8101865],[129.5105657,35.8101981],[129.5105658,35.8102108],[129.5105632,35.8102284],[129.5105586,35.8102437],[129.5105535,35.8102518],[129.5105411,35.810258],[129.5105213,35.8102606],[129.510487,35.8102597],[129.5104404,35.8103904],[129.5103829,35.8104911],[129.5103384,35.8105344],[129.5102875,35.8105795],[129.5103585,35.8106584],[129.5103721,35.8106365],[129.5106361,35.8102287],[129.5106384,35.8102243],[129.5106391,35.8102177],[129.5106396,35.8102072],[129.5106386,35.8101939],[129.5106368,35.8101826],[129.5106336,35.8101706],[129.5106253,35.8101546],[129.5106172,35.8101404],[129.5106091,35.810126],[129.5105975,35.8101074],[129.5105887,35.8100921],[129.5105816,35.8100765],[129.5105743,35.8100559],[129.5105682,35.8100392],[129.5105422,35.8099581],[129.5105412,35.8099401],[129.5105533,35.8097838],[129.5106303,35.8095181],[129.5107287,35.8092855]]]]}},{"type":"Feature","properties":{"UFID":"100035903071A00110100000004497903"},"geometry":{"type":"MultiPolygon","coordinates":[[[[129.5080916,35.8099181],[129.5080646,35.80995],[129.5081166,35.8099724],[129.5081553,35.8099941],[129.5082042,35.8100389],[129.5082812,35.8101223],[129.5083168,35.8101678],[129.5083251,35.8101838],[129.5083421,35.810223],[129.5083664,35.8102933],[129.5083713,35.8103149],[129.5083797,35.8103625],[129.5083827,35.8103727],[129.508388,35.8104012],[129.5083884,35.8104054],[129.5083957,35.8105007],[129.5083977,35.8105328],[129.5084367,35.8105537],[129.5084371,35.8105425],[129.5084344,35.8104996],[129.508438,35.8104025],[129.5084375,35.8103967],[129.5084316,35.8103649],[129.5084287,35.8103549],[129.5084205,35.8103083],[129.5084149,35.8102841],[129.5083896,35.8102107],[129.5083716,35.8101691],[129.508361,35.8101489],[129.5083221,35.8100992],[129.5082427,35.8100132],[129.5081885,35.8099634],[129.5081236,35.8099272],[129.5080916,35.8099181]]]]}},{"type":"Feature","properties":{"UFID":"100035903071A00110100000004497904"},"geometry":{"type":"MultiPolygon","coordinates":[[[[129.5099741,35.8094008],[129.5098244,35.809346],[129.5098152,35.8093761],[129.5097913,35.8094267],[129.5097606,35.8094848],[129.5097238,35.8095486],[129.5096692,35.8096472],[129.5096205,35.8097362],[129.5095713,35.8098218],[129.5095151,35.8099171],[129.5094817,35.8099774],[129.5094535,35.8100322],[129.5094068,35.8101168],[129.5093606,35.8102016],[129.5093332,35.8102519],[129.5093045,35.8103047],[129.5092659,35.8103717],[129.5094359,35.8103931],[129.5095025,35.8102707],[129.5095195,35.8102376],[129.5095606,35.8101625],[129.5095975,35.8100873],[129.5096347,35.8099993],[129.5096753,35.8099529],[129.5096969,35.8099169],[129.5097484,35.8098254],[129.5098091,35.8097162],[129.5098645,35.8096193],[129.5099297,35.8094984],[129.5099691,35.8094129],[129.5099741,35.8094008]]]]}},{"type":"Feature","properties":{"UFID":"100035903071A00110100000004497905"},"geometry":{"type":"MultiPolygon","coordinates":[[[[129.5099765,35.8089501],[129.509825,35.8090068],[129.5098362,35.8090437],[129.5098507,35.809095],[129.5098547,35.8091325],[129.5098546,35.8091745],[129.5098511,35.809223],[129.5098445,35.8092655],[129.5098345,35.8093109],[129.5100004,35.8093214],[129.5100073,35.8092862],[129.5100153,35.80925],[129.5100197,35.8092072],[129.510021,35.8091693],[129.5100182,35.8091265],[129.5100148,35.8090873],[129.5100028,35.8090328],[129.5099868,35.8089796],[129.5099765,35.8089501]]]]}},{"type":"Feature","properties":{"UFID":"100035903071A00110100000004497906"},"geometry":{"type":"MultiPolygon","coordinates":[[[[129.5102875,35.8105795],[129.5102497,35.810613],[129.5102333,35.8106181],[129.5102254,35.8106185],[129.5102171,35.8106186],[129.510165,35.8106012],[129.5101158,35.8105842],[129.5101121,35.810582],[129.5101089,35.8105787],[129.5101061,35.8105752],[129.5101005,35.8105626],[129.510097,35.8105405],[129.5100834,35.8104689],[129.5100827,35.8104618],[129.5100815,35.8104451],[129.51008,35.8103339],[129.5100789,35.8102578],[129.5100634,35.8100363],[129.510043,35.8097873],[129.5100274,35.8095876],[129.510022,35.809508],[129.5100217,35.8094937],[129.51002,35.8094455],[129.5100198,35.8094342],[129.5100057,35.8093598],[129.5100054,35.8093558],[129.5100056,35.8093516],[129.5099741,35.8094008],[129.5099762,35.8094018],[129.5099774,35.8094043],[129.5099813,35.8094353],[129.5099889,35.8095096],[129.5099943,35.8095892],[129.5100099,35.8097891],[129.5100303,35.810038],[129.5100458,35.8102587],[129.5100468,35.8103342],[129.5100483,35.8104461],[129.5100487,35.8104511],[129.5100489,35.8105002],[129.510065,35.8105848],[129.5100668,35.8105906],[129.5100707,35.8105964],[129.5100752,35.8106005],[129.5100808,35.8106041],[129.5100894,35.8106088],[129.510098,35.8106121],[129.5102592,35.8106674],[129.5102616,35.8106689],[129.5102627,35.8106707],[129.5102627,35.8106738],[129.5102626,35.8106772],[129.5102875,35.8105795]]]]}},{"type":"Feature","properties":{"UFID":"100035903071A00110100000004497907"},"geometry":{"type":"MultiPolygon","coordinates":[[[[129.5094139,35.8104321],[129.5092502,35.8104011],[129.5092274,35.8104449],[129.5091893,35.8105178],[129.5091429,35.8106113],[129.5091414,35.8106183],[129.5091467,35.8106232],[129.5091768,35.8106339],[129.5091911,35.8106366],[129.5091995,35.8106393],[129.5092005,35.8106405],[129.5093035,35.8106492],[129.5093036,35.8106447],[129.5093146,35.8106089],[129.5093564,35.810526],[129.5094094,35.8104353],[129.5094118,35.8104337],[129.5094139,35.8104321]]]]}},{"type":"Feature","properties":{"UFID":"100035903071A00110100000004497908"},"geometry":{"type":"MultiPolygon","coordinates":[[[[129.5108905,35.8088497],[129.5108306,35.8088372],[129.5107862,35.8089433],[129.5107371,35.8090971],[129.510703,35.8092127],[129.5106874,35.8092483],[129.5107392,35.8092607],[129.5107682,35.8091921],[129.5108905,35.8088497]]]]}},{"type":"Feature","properties":{"UFID":"100035903071A00110100000004497909"},"geometry":{"type":"MultiPolygon","coordinates":[[[[129.5106555,35.8092684],[129.5106861,35.8092491],[129.5105912,35.8092187],[129.5105716,35.8092094],[129.5105525,35.8091951],[129.5105423,35.8091838],[129.5105302,35.8091598],[129.5105161,35.8091474],[129.510493,35.8091539],[129.5104817,35.8091676],[129.5104297,35.8092312],[129.5104115,35.8092601],[129.510395,35.8092927],[129.5103939,35.8092938],[129.5103937,35.8092939],[129.5103698,35.8092969],[129.510366,35.8093247],[129.5104043,35.8093199],[129.5104156,35.809315],[129.5104239,35.8093065],[129.5104417,35.8092715],[129.5104584,35.8092449],[129.5105072,35.8091853],[129.5105132,35.8091971],[129.5105276,35.8092132],[129.5105518,35.8092313],[129.5105767,35.8092431],[129.5106555,35.8092684]]]]}},{"type":"Feature","properties":{"UFID":"100035903071A00110100000004497910"},"geometry":{"type":"MultiPolygon","coordinates":[[[[129.5103977,35.8089268],[129.5104073,35.8088998],[129.5101592,35.8088986],[129.5100976,35.8089013],[129.5100204,35.8089042],[129.5099654,35.8089245],[129.5099765,35.8089501],[129.5100283,35.8089309],[129.5100992,35.8089283],[129.51016,35.8089257],[129.5103977,35.8089268]]]]}},{"type":"Feature","properties":{"UFID":"100035903071A00110100000004497911"},"geometry":{"type":"MultiPolygon","coordinates":[[[[129.5094359,35.8103931],[129.5094139,35.8104321],[129.509418,35.8104321],[129.5094267,35.8104321],[129.509508,35.8104397],[129.5096831,35.8104523],[129.5096942,35.8104192],[129.5094464,35.8103956],[129.5094359,35.8103931]]]]}},{"type":"Feature","properties":{"UFID":"100035903071A00110100000004497912"},"geometry":{"type":"MultiPolygon","coordinates":[[[[129.5103322,35.809329],[129.5103346,35.8093013],[129.5102172,35.809316],[129.5102021,35.809317],[129.510187,35.8093181],[129.510125,35.8093188],[129.5100616,35.8093204],[129.5100004,35.8093214],[129.5100076,35.8093485],[129.5100079,35.8093483],[129.5100624,35.8093475],[129.5101258,35.8093458],[129.5101886,35.8093451],[129.5102048,35.809344],[129.5102211,35.8093429],[129.5103322,35.809329]]]]}},{"type":"Feature","properties":{"UFID":"100035903071A00110100000004497913"},"geometry":{"type":"MultiPolygon","coordinates":[[[[129.5103698,35.8092969],[129.5103775,35.8092692],[129.5103904,35.8092222],[129.5103581,35.8092163],[129.5103451,35.8092633],[129.5103346,35.8093013],[129.5103698,35.8092969]]]]}},{"type":"Feature","properties":{"UFID":"100035903071A00110100000004497914"},"geometry":{"type":"MultiPolygon","coordinates":[[[[129.510366,35.8093247],[129.5103698,35.8092969],[129.5103346,35.8093013],[129.5103322,35.809329],[129.510366,35.8093247]]]]}},{"type":"Feature","properties":{"UFID":"100035903071A00110100000004497915"},"geometry":{"type":"MultiPolygon","coordinates":[[[[129.5107392,35.8092607],[129.5106874,35.8092483],[129.5106873,35.8092486],[129.5106861,35.8092491],[129.5106555,35.8092684],[129.5107287,35.8092855],[129.5107392,35.8092607]]]]}},{"type":"Feature","properties":{"UFID":"100035903071A00110100000004497916"},"geometry":{"type":"MultiPolygon","coordinates":[[[[129.5099765,35.8089501],[129.5099654,35.8089245],[129.509817,35.8089823],[129.5098217,35.8089958],[129.509825,35.8090068],[129.5099765,35.8089501]]]]}},{"type":"Feature","properties":{"UFID":"100035903071A00110100000004497917"},"geometry":{"type":"MultiPolygon","coordinates":[[[[129.5094359,35.8103931],[129.5092659,35.8103717],[129.5092609,35.8103804],[129.5092502,35.8104011],[129.5094139,35.8104321],[129.5094359,35.8103931]]]]}},{"type":"Feature","properties":{"UFID":"100035903071A00110100000004497918"},"geometry":{"type":"MultiPolygon","coordinates":[[[[129.5100056,35.8093516],[129.5100067,35.8093488],[129.5100076,35.8093485],[129.5100004,35.8093214],[129.5098345,35.8093109],[129.5098332,35.8093171],[129.5098244,35.809346],[129.5099741,35.8094008],[129.5100056,35.8093516]]]]}},{"type":"Feature","properties":{"UFID":"100035903071A00110100000004497919"},"geometry":{"type":"MultiPolygon","coordinates":[[[[129.5084367,35.8105537],[129.5083977,35.8105328],[129.5083983,35.8105429],[129.5083978,35.8105586],[129.5083951,35.8105713],[129.5084222,35.8105953],[129.5084367,35.8105537]]]]}},{"type":"Feature","properties":{"UFID":"100035903071A00110100000004497920"},"geometry":{"type":"MultiPolygon","coordinates":[[[[129.5083563,35.8093271],[129.5082944,35.8092975],[129.5082356,35.8093221],[129.508257,35.8093684],[129.5083563,35.8093271]]]]}},{"type":"Feature","properties":{"UFID":"100035903071A00110100000004497921"},"geometry":{"type":"MultiPolygon","coordinates":[[[[129.5084367,35.8105537],[129.5084222,35.8105953],[129.5084418,35.8106332],[129.5084814,35.81071],[129.508512,35.8106995],[129.5084724,35.8106227],[129.5084367,35.8105537]]]]}},{"type":"Feature","properties":{"UFID":"100035903071A00110100000004497922"},"geometry":{"type":"MultiPolygon","coordinates":[[[[129.5077557,35.8087534],[129.5078472,35.8086387],[129.5077246,35.8086504],[129.5076494,35.8087539],[129.5077239,35.8087716],[129.5077557,35.8087534]]]]}},{"type":"Feature","properties":{"UFID":"100035903071A00110100000004497923"},"geometry":{"type":"MultiPolygon","coordinates":[[[[129.5077239,35.8087716],[129.5076494,35.8087539],[129.5076359,35.8087659],[129.5075856,35.8087993],[129.5075333,35.8088223],[129.507281,35.8089469],[129.5071901,35.8089889],[129.5070268,35.8090718],[129.5069709,35.8090879],[129.5068547,35.8091259],[129.5066714,35.8091883],[129.5064776,35.8092492],[129.5064973,35.8092888],[129.5065298,35.8092755],[129.5069571,35.8091301],[129.5070461,35.8091045],[129.5072128,35.8090199],[129.5074132,35.8089273],[129.5075846,35.8088539],[129.5076123,35.8088376],[129.5077239,35.8087716]]]]}},{"type":"Feature","properties":{"UFID":"100035903071A00110100000004497924"},"geometry":{"type":"MultiPolygon","coordinates":[[[[129.5080916,35.8099181],[129.5080688,35.8099114],[129.5080533,35.8099008],[129.5079425,35.8098025],[129.5079247,35.8097863],[129.5079225,35.8097843],[129.5079234,35.8097774],[129.5078504,35.8098086],[129.5078538,35.8098084],[129.5078727,35.8098092],[129.5078888,35.8098144],[129.5079057,35.8098297],[129.5080187,35.8099301],[129.5080646,35.80995],[129.5080916,35.8099181]]]]}},{"type":"Feature","properties":{"UFID":"100035903071A00110100000004497925"},"geometry":{"type":"MultiPolygon","coordinates":[[[[129.5066696,35.8103069],[129.5066497,35.8102644],[129.5065567,35.810263],[129.5064607,35.8102858],[129.5059328,35.8103031],[129.5059622,35.8108906],[129.5059214,35.8109419],[129.5060143,35.8109686],[129.5060008,35.8106988],[129.5059981,35.8106096],[129.5059888,35.8104404],[129.5059889,35.8104156],[129.5059902,35.8103983],[129.5060079,35.810368],[129.5060535,35.8103456],[129.5061358,35.8103412],[129.5062403,35.8103385],[129.506486,35.8103349],[129.5065294,35.8103339],[129.5065346,35.8103298],[129.5066696,35.8103069]]]]}},{"type":"Feature","properties":{"UFID":"100035903071A00110100000004497926"},"geometry":{"type":"MultiPolygon","coordinates":[[[[129.5078504,35.8098086],[129.5078205,35.8097702],[129.5076768,35.8098232],[129.5074776,35.8099074],[129.507276,35.810002],[129.5072214,35.8100253],[129.5069922,35.8101178],[129.5068685,35.8101722],[129.5068045,35.8101973],[129.5068508,35.81023],[129.5068941,35.8102121],[129.5070176,35.8101579],[129.5072465,35.8100654],[129.5073027,35.8100416],[129.5075042,35.809947],[129.507701,35.8098637],[129.5078504,35.8098086]]]]}},{"type":"Feature","properties":{"UFID":"100035903071A00110100000004497927"},"geometry":{"type":"MultiPolygon","coordinates":[[[[129.5083563,35.8093271],[129.508257,35.8093684],[129.5082649,35.8093699],[129.5082714,35.8093717],[129.508278,35.8093742],[129.5082822,35.8093783],[129.5082872,35.8093834],[129.5083003,35.809407],[129.5083072,35.8094265],[129.5083111,35.8094482],[129.5083115,35.8094692],[129.5083083,35.8094936],[129.5083034,35.8095113],[129.5082932,35.8095301],[129.5082779,35.8095458],[129.5082605,35.8095579],[129.5081844,35.8096045],[129.5080262,35.8096833],[129.5078872,35.8097449],[129.5079234,35.8097774],[129.5079463,35.80977],[129.5080538,35.8097224],[129.5082155,35.8096418],[129.5082952,35.8095931],[129.5083179,35.8095772],[129.5083409,35.8095536],[129.5083562,35.8095255],[129.508363,35.8095009],[129.5083668,35.8094713],[129.5083663,35.8094446],[129.5083614,35.809417],[129.508358,35.8094074],[129.5083567,35.8094013],[129.5083544,35.809393],[129.5083518,35.8093838],[129.5083546,35.8093507],[129.5083543,35.8093316],[129.5083563,35.8093271]]]]}},{"type":"Feature","properties":{"UFID":"100035903071A00110100000004497928"},"geometry":{"type":"MultiPolygon","coordinates":[[[[129.5084222,35.8105953],[129.5083951,35.8105713],[129.508381,35.8105893],[129.5083552,35.810604],[129.5082537,35.8106466],[129.5082317,35.8106578],[129.5082126,35.810675],[129.508173,35.8107105],[129.5081211,35.8107733],[129.5081084,35.810785],[129.5080994,35.8107911],[129.5080826,35.8107987],[129.5080602,35.8108054],[129.5078808,35.8108494],[129.507721,35.8108849],[129.5077312,35.8109153],[129.5078914,35.8108797],[129.5080725,35.8108354],[129.5080989,35.8108274],[129.5081214,35.8108172],[129.5081353,35.8108078],[129.5081518,35.8107927],[129.5082036,35.81073],[129.5082413,35.8106962],[129.5082568,35.8106822],[129.5082728,35.810674],[129.5083753,35.8106311],[129.5084095,35.8106115],[129.5084222,35.8105953]]]]}},{"type":"Feature","properties":{"UFID":"100035903071A00110100000004497929"},"geometry":{"type":"MultiPolygon","coordinates":[[[[129.506693,35.8102428],[129.5068045,35.8101973],[129.506767,35.8102061],[129.5067441,35.8102105],[129.5066222,35.8102226],[129.5065719,35.8102249],[129.5065377,35.8102255],[129.5063952,35.8102242],[129.5063077,35.8102232],[129.5062422,35.8102204],[129.5059013,35.8101986],[129.5058987,35.8102255],[129.50624,35.8102474],[129.5063066,35.8102502],[129.5063948,35.8102512],[129.5065379,35.8102525],[129.5065731,35.8102519],[129.5066251,35.8102496],[129.506693,35.8102428]]]]}},{"type":"Feature","properties":{"UFID":"100035903071A00110100000004497930"},"geometry":{"type":"MultiPolygon","coordinates":[[[[129.506508,35.8095544],[129.5064628,35.8095562],[129.5064671,35.8095697],[129.5064637,35.8095802],[129.5064589,35.8095863],[129.5064533,35.8095907],[129.5064171,35.8095995],[129.5063992,35.8096054],[129.5062758,35.8096294],[129.5062363,35.8096387],[129.5061887,35.8096942],[129.506179,35.8096972],[129.5061563,35.8097005],[129.5061274,35.8097004],[129.5061272,35.8097364],[129.5061602,35.8097366],[129.5061908,35.8097321],[129.5062171,35.8097241],[129.5062637,35.8096698],[129.5062872,35.8096643],[129.5064126,35.8096398],[129.5064317,35.8096336],[129.5064763,35.8096228],[129.5064933,35.8096093],[129.5065047,35.809595],[129.5065128,35.8095699],[129.506508,35.8095544]]]]}},{"type":"Feature","properties":{"UFID":"100035903071A00110100000004497931"},"geometry":{"type":"MultiPolygon","coordinates":[[[[129.5067556,35.8102691],[129.506697,35.8102445],[129.5066497,35.8102644],[129.5066696,35.8103069],[129.5067278,35.8102806],[129.5067556,35.8102691]]]]}},{"type":"Feature","properties":{"UFID":"100035903071A00110100000004497932"},"geometry":{"type":"MultiPolygon","coordinates":[[[[129.506508,35.8095544],[129.5064974,35.8095097],[129.5064547,35.8095114],[129.5064628,35.8095562],[129.506508,35.8095544]]]]}},{"type":"Feature","properties":{"UFID":"100035903071A00110100000004497933"},"geometry":{"type":"MultiPolygon","coordinates":[[[[129.5079234,35.8097774],[129.5078872,35.8097449],[129.5078782,35.8097489],[129.5078205,35.8097702],[129.5078504,35.8098086],[129.5079234,35.8097774]]]]}},{"type":"Feature","properties":{"UFID":"100035903071A00110100000004497934"},"geometry":{"type":"MultiPolygon","coordinates":[[[[129.5068508,35.81023],[129.5068045,35.8101973],[129.506693,35.8102428],[129.5066961,35.8102425],[129.506697,35.8102445],[129.5067556,35.8102691],[129.5068508,35.81023]]]]}},{"type":"Feature","properties":{"UFID":"100035903071A00110100000004497935"},"geometry":{"type":"MultiPolygon","coordinates":[[[[129.5064973,35.8092888],[129.5064776,35.8092492],[129.5062515,35.8092825],[129.5062796,35.8093602],[129.5063147,35.8093533],[129.5063976,35.809325],[129.5064777,35.8092968],[129.5064973,35.8092888]]]]}},{"type":"Feature","properties":{"UFID":"100035903071A00110100000004497936"},"geometry":{"type":"MultiPolygon","coordinates":[[[[129.5092563,35.8073232],[129.5093379,35.8072499],[129.509302,35.8072102],[129.5091846,35.8070685],[129.508297,35.8075777],[129.5080287,35.8077306],[129.5073633,35.8081083],[129.5073074,35.808141],[129.5072239,35.8081926],[129.5062219,35.8087713],[129.5055249,35.8087608],[129.5055012,35.8087456],[129.5053732,35.8088858],[129.5054517,35.8089294],[129.506286,35.8089505],[129.5068208,35.8086441],[129.506899,35.8085976],[129.5070257,35.8085288],[129.5073034,35.8083706],[129.5076172,35.8081877],[129.5078525,35.8080502],[129.5081634,35.8078725],[129.5083776,35.8077474],[129.5083152,35.8076673],[129.5085487,35.8075222],[129.5087782,35.8073877],[129.5090307,35.8072519],[129.5090441,35.8072487],[129.509058,35.8072461],[129.5090732,35.8072444],[129.509092,35.8072434],[129.5091082,35.807244],[129.5091211,35.8072462],[129.5091366,35.8072502],[129.5092325,35.8072989],[129.5092563,35.8073232]]]]}},{"type":"Feature","properties":{"UFID":"100035903071A00110100000004497937"},"geometry":{"type":"MultiPolygon","coordinates":[[[[129.5047268,35.8092869],[129.5047227,35.8092821],[129.5046533,35.8092048],[129.5046006,35.8092324],[129.5046702,35.8093089],[129.5047268,35.8092869]]]]}},{"type":"Feature","properties":{"UFID":"100035903071A00110100000004497938"},"geometry":{"type":"MultiPolygon","coordinates":[[[[129.5064776,35.8092492],[129.5064476,35.8092427],[129.5064067,35.8092331],[129.5063954,35.8092273],[129.5063905,35.8092214],[129.5063905,35.8092058],[129.5063845,35.8090548],[129.5063934,35.8090514],[129.5063937,35.8090513],[129.5063864,35.808932],[129.506383,35.8089097],[129.5062901,35.8089632],[129.5055017,35.8089452],[129.5054935,35.8089983],[129.505604,35.808997],[129.505851,35.809001],[129.5062249,35.8090153],[129.5062536,35.8090169],[129.5062648,35.809018],[129.5062764,35.8090214],[129.5062845,35.8090258],[129.5062885,35.8090313],[129.5062901,35.809038],[129.5062904,35.8091544],[129.5062894,35.8091873],[129.5062879,35.8092056],[129.5062856,35.8092226],[129.5062833,35.8092321],[129.5062808,35.8092444],[129.506272,35.8092591],[129.5062515,35.8092825],[129.5064776,35.8092492]]]]}},{"type":"Feature","properties":{"UFID":"100035903071A00110100000004497939"},"geometry":{"type":"MultiPolygon","coordinates":[[[[129.5053403,35.808642],[129.5052469,35.8085819],[129.5049599,35.8083916],[129.5048231,35.8083021],[129.5047284,35.8083968],[129.504744,35.8084023],[129.5051094,35.8086403],[129.5050715,35.8086778],[129.5052088,35.8087725],[129.5053403,35.808642]]]]}},{"type":"Feature","properties":{"UFID":"100035903071A00110100000004497940"},"geometry":{"type":"MultiPolygon","coordinates":[[[[129.5052905,35.8094557],[129.5052383,35.8094523],[129.5052446,35.8094544],[129.5052471,35.8094567],[129.5051652,35.8095717],[129.5051059,35.8096569],[129.5050772,35.8096959],[129.5050667,35.8097076],[129.5050409,35.8097274],[129.5050033,35.8097492],[129.5048938,35.8098196],[129.5048022,35.809884],[129.5047951,35.8098901],[129.5047838,35.8099029],[129.504659,35.8100612],[129.5046575,35.8100627],[129.5046264,35.8100846],[129.5045488,35.8101408],[129.5045401,35.8101484],[129.5045321,35.8101621],[129.5045386,35.8101798],[129.5045528,35.81019],[129.5046166,35.8102369],[129.5046174,35.8102417],[129.5046176,35.8102469],[129.5046163,35.8102542],[129.5045915,35.81038],[129.5045931,35.8103926],[129.5045967,35.8104221],[129.5045968,35.8104304],[129.5045982,35.8105905],[129.5046051,35.8107336],[129.5046073,35.8107465],[129.504612,35.810764],[129.5046305,35.8107957],[129.5046544,35.8108196],[129.5046661,35.8108349],[129.5046787,35.810855],[129.5046847,35.8108743],[129.5046878,35.8108941],[129.5046887,35.8109038],[129.5046889,35.8109122],[129.5046786,35.8109716],[129.5046508,35.8110339],[129.5045836,35.8111284],[129.5045763,35.8111384],[129.504571,35.8111484],[129.5045676,35.8111648],[129.5045497,35.8112338],[129.5045822,35.8112394],[129.5046002,35.8111698],[129.504603,35.8111561],[129.5046059,35.8111507],[129.5046122,35.8111421],[129.504681,35.8110454],[129.504711,35.8109782],[129.5047221,35.8109139],[129.5047219,35.8109026],[129.5047208,35.8108913],[129.5047174,35.8108693],[129.50471,35.8108454],[129.504695,35.8108216],[129.5046815,35.8108038],[129.5046588,35.8107812],[129.5046436,35.8107552],[129.50464,35.8107418],[129.5046382,35.8107312],[129.5046313,35.8105899],[129.50463,35.8104302],[129.5046299,35.8104206],[129.5046261,35.8103898],[129.5046249,35.8103808],[129.5046491,35.8102583],[129.5046508,35.8102485],[129.5046506,35.8102395],[129.5046493,35.8102319],[129.5046489,35.8102292],[129.5046488,35.8102285],[129.5046458,35.8102238],[129.5046347,35.8102137],[129.5045749,35.8101698],[129.5045677,35.8101646],[129.5045676,35.8101643],[129.5045679,35.8101638],[129.504572,35.8101602],[129.5046483,35.8101049],[129.5046817,35.8100814],[129.5046861,35.8100768],[129.5048112,35.8099181],[129.5048206,35.8099074],[129.5048251,35.8099037],[129.504915,35.8098405],[129.5050233,35.8097708],[129.505062,35.8097483],[129.5050917,35.8097256],[129.5051049,35.8097108],[129.5051346,35.8096705],[129.505194,35.8095851],[129.5052855,35.8094566],[129.5052868,35.8094563],[129.5052905,35.8094557]]]]}},{"type":"Feature","properties":{"UFID":"100035903071A00110100000004497941"},"geometry":{"type":"MultiPolygon","coordinates":[[[[129.5062796,35.8093602],[129.5062515,35.8092825],[129.5062346,35.8092894],[129.5056745,35.809407],[129.5060128,35.8094582],[129.5060091,35.8094539],[129.5060084,35.8094499],[129.506011,35.8094452],[129.5060163,35.8094412],[129.5060224,35.8094382],[129.5062267,35.8093707],[129.5062796,35.8093602]]]]}},{"type":"Feature","properties":{"UFID":"100035903071A00110100000004497942"},"geometry":{"type":"MultiPolygon","coordinates":[[[[129.5052383,35.8094523],[129.5052568,35.8094128],[129.5049289,35.8093987],[129.5048632,35.8093842],[129.504766,35.8093327],[129.5047539,35.8093186],[129.5046966,35.809336],[129.5047553,35.8093932],[129.5047673,35.8094044],[129.504783,35.8094165],[129.5047956,35.809424],[129.5048124,35.8094317],[129.5048247,35.8094363],[129.5048366,35.8094399],[129.5048484,35.809443],[129.5048657,35.8094466],[129.5048788,35.8094489],[129.5048916,35.8094508],[129.5049073,35.809453],[129.5049218,35.8094541],[129.5049374,35.8094554],[129.5049876,35.8094573],[129.505005,35.8094572],[129.5052383,35.8094523]]]]}},{"type":"Feature","properties":{"UFID":"100035903071A00110100000004497943"},"geometry":{"type":"MultiPolygon","coordinates":[[[[129.5064628,35.8095562],[129.5064547,35.8095114],[129.5064537,35.8095114],[129.5063775,35.8095048],[129.5061386,35.8094799],[129.5060128,35.8094582],[129.5059916,35.8095009],[129.5060046,35.8095029],[129.5061294,35.8095244],[129.5063711,35.8095496],[129.5064521,35.8095566],[129.5064628,35.8095562]]]]}},{"type":"Feature","properties":{"UFID":"100035903071A00110100000004497944"},"geometry":{"type":"MultiPolygon","coordinates":[[[[129.5056745,35.809407],[129.5054576,35.8094199],[129.5053,35.8094144],[129.5052905,35.8094557],[129.5052942,35.8094553],[129.5054875,35.809459],[129.5055884,35.8094653],[129.5056704,35.8094724],[129.5056745,35.809407]]]]}},{"type":"Feature","properties":{"UFID":"100035903071A00110100000004497945"},"geometry":{"type":"MultiPolygon","coordinates":[[[[129.505463,35.8089443],[129.5054441,35.8089436],[129.5053624,35.8088999],[129.5053589,35.8088966],[129.5053638,35.8088875],[129.5053682,35.808886],[129.5053732,35.8088858],[129.5052088,35.8087725],[129.5051695,35.808822],[129.5054516,35.8089905],[129.505463,35.8089443]]]]}},{"type":"Feature","properties":{"UFID":"100035903071A00110100000004497946"},"geometry":{"type":"MultiPolygon","coordinates":[[[[129.5047284,35.8083968],[129.5046343,35.808398],[129.5046314,35.8084114],[129.5045399,35.8085097],[129.5045989,35.8085278],[129.5047284,35.8083968]]]]}},{"type":"Feature","properties":{"UFID":"100035903071A00110100000004497947"},"geometry":{"type":"MultiPolygon","coordinates":[[[[129.5047776,35.8082724],[129.5047299,35.8082412],[129.5046188,35.80838],[129.5046282,35.8083842],[129.5046333,35.8083925],[129.5046343,35.808398],[129.5047776,35.8082724]]]]}},{"type":"Feature","properties":{"UFID":"100035903071A00110100000004497948"},"geometry":{"type":"MultiPolygon","coordinates":[[[[129.5046966,35.809336],[129.5046702,35.8093089],[129.5046701,35.8093114],[129.5045565,35.8093388],[129.5045326,35.8093426],[129.5045213,35.8093438],[129.5044761,35.8093403],[129.5044729,35.8093672],[129.5045219,35.809371],[129.5045379,35.8093693],[129.5045644,35.8093651],[129.504686,35.8093358],[129.5046966,35.809336]]]]}},{"type":"Feature","properties":{"UFID":"100035903071A00110100000004497949"},"geometry":{"type":"MultiPolygon","coordinates":[[[[129.5054935,35.8089983],[129.5054516,35.8089905],[129.5054512,35.8090082],[129.5054438,35.8090651],[129.5054307,35.8091653],[129.5054637,35.8091682],[129.5054768,35.8090679],[129.5054845,35.8090086],[129.5054891,35.8089992],[129.5054935,35.8089983]]]]}},{"type":"Feature","properties":{"UFID":"100035903071A00110100000004497950"},"geometry":{"type":"MultiPolygon","coordinates":[[[[129.5053,35.8094144],[129.5052707,35.8094134],[129.5052568,35.8094128],[129.5052383,35.8094523],[129.5052905,35.8094557],[129.5053,35.8094144]]]]}},{"type":"Feature","properties":{"UFID":"100035903071A00110100000004497951"},"geometry":{"type":"MultiPolygon","coordinates":[[[[129.5055017,35.8089452],[129.5054646,35.8089444],[129.505463,35.8089443],[129.5054516,35.8089905],[129.5054935,35.8089983],[129.5055017,35.8089452]]]]}},{"type":"Feature","properties":{"UFID":"100035903071A00110100000004497952"},"geometry":{"type":"MultiPolygon","coordinates":[[[[129.5047539,35.8093186],[129.5047268,35.8092869],[129.5046702,35.8093089],[129.5046966,35.809336],[129.5047539,35.8093186]]]]}},{"type":"Feature","properties":{"UFID":"100035903071A00110100000004497953"},"geometry":{"type":"MultiPolygon","coordinates":[[[[129.5048231,35.8083021],[129.5047776,35.8082724],[129.5046343,35.808398],[129.5047284,35.8083968],[129.5048231,35.8083021]]]]}},{"type":"Feature","properties":{"UFID":"100035903071A00110100000004497954"},"geometry":{"type":"MultiPolygon","coordinates":[[[[129.5060128,35.8094582],[129.5056745,35.809407],[129.5056704,35.8094724],[129.5057457,35.8094789],[129.505943,35.8094935],[129.5059916,35.8095009],[129.5060128,35.8094582]]]]}},{"type":"Feature","properties":{"UFID":"100035903071A00110100000004497955"},"geometry":{"type":"MultiPolygon","coordinates":[[[[129.5047299,35.8082412],[129.5046169,35.8081673],[129.5045432,35.8082369],[129.5046188,35.80838],[129.5047299,35.8082412]]]]}},{"type":"Feature","properties":{"UFID":"100035903071A00110100000004497956"},"geometry":{"type":"MultiPolygon","coordinates":[[[[129.5055012,35.8087456],[129.5053403,35.808642],[129.5052088,35.8087725],[129.5053732,35.8088858],[129.5055012,35.8087456]]]]}},{"type":"Feature","properties":{"UFID":"100035903071A00110100000004497957"},"geometry":{"type":"MultiPolygon","coordinates":[[[[129.5039748,35.8081013],[129.5036966,35.8079245],[129.5035846,35.8078482],[129.5035374,35.8078098],[129.503515,35.8077853],[129.5034964,35.8077608],[129.5034802,35.8077345],[129.5034756,35.8077176],[129.5034727,35.8076984],[129.5034733,35.8076765],[129.5033276,35.807731],[129.5033856,35.8077782],[129.5033918,35.8077823],[129.5035195,35.8079081],[129.5036449,35.8080278],[129.5037597,35.8081193],[129.5039748,35.8081013]]]]}},{"type":"Feature","properties":{"UFID":"100035903071A00110100000004497958"},"geometry":{"type":"MultiPolygon","coordinates":[[[[129.5032623,35.8077588],[129.5032519,35.8077156],[129.5032064,35.8077501],[129.5031141,35.8077981],[129.5031487,35.8078305],[129.5031492,35.8078272],[129.5032484,35.8077615],[129.5032623,35.8077588]]]]}},{"type":"Feature","properties":{"UFID":"100035903071A00110100000004497959"},"geometry":{"type":"MultiPolygon","coordinates":[[[[129.5099681,35.8070275],[129.5099051,35.8070387],[129.5099064,35.8070431],[129.509907,35.8070527],[129.5099068,35.8070577],[129.5099063,35.8070618],[129.5099021,35.8070699],[129.5098797,35.807092],[129.5098704,35.8071004],[129.5098027,35.8071287],[129.5094298,35.8072575],[129.5094248,35.8072585],[129.5094191,35.807259],[129.5094013,35.8072592],[129.5093379,35.8072499],[129.5094168,35.8073123],[129.5094557,35.8072916],[129.5096587,35.8072121],[129.5098366,35.8071455],[129.5098902,35.8071155],[129.5099191,35.8070909],[129.5099564,35.8070598],[129.5099637,35.8070511],[129.5099667,35.8070444],[129.5099681,35.8070275]]]]}},{"type":"Feature","properties":{"UFID":"100035903071A00110100000004497960"},"geometry":{"type":"MultiPolygon","coordinates":[[[[129.5056525,35.8043018],[129.5055079,35.8043552],[129.5053289,35.8048094],[129.5055655,35.8050149],[129.5056405,35.8050811],[129.5056525,35.8043018]]]]}},{"type":"Feature","properties":{"UFID":"100035903071A00110100000004497961"},"geometry":{"type":"MultiPolygon","coordinates":[[[[129.5034733,35.8076765],[129.5033924,35.8076058],[129.5033253,35.807652],[129.5033276,35.807731],[129.5034733,35.8076765]]]]}},{"type":"Feature","properties":{"UFID":"100035903071A00110100000004497962"},"geometry":{"type":"MultiPolygon","coordinates":[[[[129.5035833,35.8075691],[129.5035465,35.8074997],[129.5033924,35.8076058],[129.5034733,35.8076765],[129.5034833,35.8076402],[129.5034992,35.8076185],[129.5035547,35.8075685],[129.5035681,35.8075671],[129.5035833,35.8075691]]]]}},{"type":"Feature","properties":{"UFID":"100035903071A00110100000004497963"},"geometry":{"type":"MultiPolygon","coordinates":[[[[129.503319,35.8077313],[129.5033179,35.8076572],[129.5032519,35.8077156],[129.5032623,35.8077588],[129.5033035,35.807736],[129.5033099,35.8077317],[129.503319,35.8077313]]]]}},{"type":"Feature","properties":{"UFID":"100035903071A00110100000004497964"},"geometry":{"type":"MultiPolygon","coordinates":[[[[129.5033276,35.807731],[129.5033253,35.807652],[129.5033179,35.8076572],[129.503319,35.8077313],[129.5033276,35.807731]]]]}},{"type":"Feature","properties":{"UFID":"100035903071A00110100000004497965"},"geometry":{"type":"MultiPolygon","coordinates":[[[[129.5036623,35.8075005],[129.5036205,35.8074746],[129.5036016,35.8074629],[129.5035465,35.8074997],[129.5035833,35.8075691],[129.5036623,35.8075005]]]]}},{"type":"Feature","properties":{"UFID":"100035903071A00110100000004497966"},"geometry":{"type":"MultiPolygon","coordinates":[[[[129.5041954,35.8078917],[129.5039143,35.8077078],[129.5039458,35.807676],[129.5037014,35.8075247],[129.5036623,35.8075005],[129.5035833,35.8075691],[129.5035984,35.807574],[129.5038969,35.8077966],[129.5041347,35.8079509],[129.5041954,35.8078917]]]]}},{"type":"Feature","properties":{"UFID":"100035903071A00110100000004497967"},"geometry":{"type":"MultiPolygon","coordinates":[[[[129.5036016,35.8074629],[129.5034469,35.8071409],[129.5034118,35.807068],[129.5032098,35.8066478],[129.503169,35.8065622],[129.5031535,35.8065297],[129.5028817,35.8059598],[129.5027949,35.8059604],[129.5028095,35.8059818],[129.5033895,35.8071727],[129.5035465,35.8074997],[129.5036016,35.8074629]]]]}},{"type":"Feature","properties":{"UFID":"100035903071A00110100000004497968"},"geometry":{"type":"MultiPolygon","coordinates":[[[[129.5055079,35.8043552],[129.5053858,35.8044267],[129.5053008,35.8044818],[129.5052962,35.8044811],[129.5052656,35.8044514],[129.5051957,35.8045043],[129.505189,35.8045065],[129.5051435,35.8044645],[129.5051327,35.8044641],[129.5050837,35.8044197],[129.5050973,35.8044089],[129.5051019,35.8044049],[129.5051029,35.8044021],[129.5050998,35.8043974],[129.5051539,35.8043489],[129.5051414,35.8043376],[129.5048828,35.8043589],[129.5048858,35.8043649],[129.504892,35.8043907],[129.5048975,35.8044288],[129.5048983,35.8044312],[129.5049006,35.8044358],[129.5049304,35.8044632],[129.5049451,35.804476],[129.5053289,35.8048094],[129.5055079,35.8043552]]]]}},{"type":"Feature","properties":{"UFID":"100035903071A00110100000004497969"},"geometry":{"type":"MultiPolygon","coordinates":[[[[129.5098912,35.8077155],[129.5099515,35.8076699],[129.5099146,35.8076783],[129.5098778,35.8076821],[129.5098536,35.8076834],[129.5098224,35.8076904],[129.5097222,35.807717],[129.5096247,35.8077392],[129.5095136,35.8077559],[129.5094231,35.8077653],[129.5093338,35.8077817],[129.5092666,35.8077931],[129.5092796,35.8078186],[129.5093269,35.8078044],[129.5093872,35.8077892],[129.5094322,35.8077806],[129.5094628,35.8077786],[129.5095638,35.8077713],[129.509649,35.8077588],[129.5098276,35.8077177],[129.5098747,35.8077148],[129.5098912,35.8077155]]]]}},{"type":"Feature","properties":{"UFID":"100035903071A00110100000004497970"},"geometry":{"type":"MultiPolygon","coordinates":[[[[129.5056525,35.8043018],[129.5056405,35.8050811],[129.506425,35.8057729],[129.5066529,35.8056212],[129.5059991,35.8050222],[129.5062518,35.804831],[129.5056525,35.8043018]]]]}},{"type":"Feature","properties":{"UFID":"100035903071A00110100000004497971"},"geometry":{"type":"MultiPolygon","coordinates":[[[[129.5099515,35.8076699],[129.5099878,35.8076894],[129.5099885,35.807689],[129.5099966,35.8076829],[129.5100069,35.8076759],[129.5100157,35.8076711],[129.5100246,35.8076667],[129.5100812,35.807644],[129.5100949,35.8076397],[129.5101114,35.8076353],[129.5101234,35.8076325],[129.5102001,35.807618],[129.5102172,35.8076148],[129.510263,35.8076075],[129.5103151,35.80759],[129.5104419,35.8075376],[129.5104986,35.807512],[129.5106474,35.8074596],[129.5106092,35.8074387],[129.5104815,35.8074837],[129.5104237,35.8075097],[129.5102989,35.8075613],[129.5102518,35.8075771],[129.5102088,35.8075839],[129.5101983,35.8075849],[129.5101842,35.8075862],[129.5101733,35.8075873],[129.510161,35.8075888],[129.5101494,35.8075907],[129.5101384,35.807592],[129.5101241,35.8075942],[129.5101126,35.8075964],[129.5101006,35.8075993],[129.5100887,35.8076025],[129.5100775,35.8076057],[129.5100656,35.8076092],[129.5100503,35.8076141],[129.5100379,35.8076179],[129.5100264,35.8076225],[129.5100168,35.8076273],[129.5100071,35.8076321],[129.5099973,35.8076371],[129.5099864,35.8076438],[129.5099771,35.8076492],[129.5099673,35.807656],[129.5099515,35.8076699]]]]}},{"type":"Feature","properties":{"UFID":"100035903071A00110100000004497972"},"geometry":{"type":"MultiPolygon","coordinates":[[[[129.5094168,35.8073123],[129.5093379,35.8072499],[129.5092563,35.8073232],[129.5092876,35.807351],[129.509338,35.8073284],[129.5093613,35.8073219],[129.5094168,35.8073123]]]]}},{"type":"Feature","properties":{"UFID":"100035903071A00110100000004497973"},"geometry":{"type":"MultiPolygon","coordinates":[[[[129.5099878,35.8076894],[129.5099515,35.8076699],[129.5098912,35.8077155],[129.5099394,35.8077301],[129.5099447,35.8077253],[129.5099545,35.8077172],[129.5099624,35.8077105],[129.5099698,35.8077033],[129.5099797,35.807695],[129.5099878,35.8076894]]]]}},{"type":"Feature","properties":{"UFID":"100035903071A00110100000004497974"},"geometry":{"type":"MultiPolygon","coordinates":[[[[129.5037521,35.8045112],[129.5037238,35.8044524],[129.5033373,35.8044976],[129.5033181,35.8044989],[129.5032441,35.8045026],[129.5030841,35.8045115],[129.5029056,35.8045174],[129.5029038,35.8045173],[129.5029047,35.8045772],[129.5029098,35.8045744],[129.5029146,35.8045726],[129.5029236,35.8045693],[129.502983,35.8045685],[129.503156,35.8045634],[129.5032849,35.8045547],[129.5036737,35.8045185],[129.5037521,35.8045112]]]]}},{"type":"Feature","properties":{"UFID":"100035903071A00110100000004497975"},"geometry":{"type":"MultiPolygon","coordinates":[[[[129.5042519,35.8079286],[129.5041954,35.8078917],[129.5041347,35.8079509],[129.504187,35.8080005],[129.5042519,35.8079286]]]]}},{"type":"Feature","properties":{"UFID":"100035903071A00110100000004497976"},"geometry":{"type":"MultiPolygon","coordinates":[[[[129.5099681,35.8070275],[129.5099525,35.8070078],[129.509921,35.8069648],[129.5099194,35.8069629],[129.5099098,35.8069628],[129.5098655,35.8069059],[129.5097137,35.8067143],[129.5095502,35.80651],[129.5093835,35.8063032],[129.5091787,35.8060483],[129.5090488,35.8058857],[129.5089778,35.8057898],[129.5089081,35.8057092],[129.5087034,35.8054492],[129.5086313,35.805352],[129.508458,35.8051349],[129.5084219,35.8050896],[129.5083782,35.8050355],[129.5083583,35.805014],[129.5083416,35.8050024],[129.5083232,35.8049986],[129.5083133,35.8049974],[129.508288,35.8049992],[129.5082706,35.8050056],[129.5082565,35.8050156],[129.5082475,35.805031],[129.5082451,35.8050411],[129.5082445,35.8050474],[129.5082463,35.8050688],[129.5082659,35.8050965],[129.5082735,35.8051006],[129.5083158,35.8051053],[129.5083182,35.8051068],[129.5085487,35.8053943],[129.5086078,35.8054706],[129.5086076,35.8054725],[129.5085918,35.805483],[129.5085914,35.8054843],[129.5086428,35.8055493],[129.5086441,35.8055498],[129.508665,35.8055433],[129.5086671,35.8055437],[129.5088292,35.8057468],[129.5088312,35.805747],[129.5088591,35.8057378],[129.5088609,35.805738],[129.5089971,35.8059024],[129.5091638,35.8061112],[129.5094923,35.8065234],[129.5098208,35.8069202],[129.5099012,35.8070261],[129.5099021,35.8070291],[129.5099051,35.8070387],[129.5099681,35.8070275]]]]}},{"type":"Feature","properties":{"UFID":"100035903071A00110100000004497977"},"geometry":{"type":"MultiPolygon","coordinates":[[[[129.5030076,35.8079046],[129.502983,35.807886],[129.5027721,35.8080019],[129.5026295,35.8080897],[129.5025228,35.8081609],[129.5024627,35.8082012],[129.5024976,35.8082154],[129.5026251,35.808125],[129.5027262,35.8080627],[129.5028543,35.8079844],[129.5030076,35.8079046]]]]}},{"type":"Feature","properties":{"UFID":"100035903071A00110100000004497978"},"geometry":{"type":"MultiPolygon","coordinates":[[[[129.5032729,35.8087962],[129.5032029,35.8087863],[129.5032039,35.8087889],[129.503204,35.8087908],[129.5031867,35.8088999],[129.5031802,35.8089305],[129.5031798,35.8089337],[129.5031807,35.8089358],[129.5031837,35.8089403],[129.5031844,35.8089427],[129.5032328,35.8089455],[129.5032387,35.808921],[129.5032679,35.8088155],[129.5032729,35.8087962]]]]}},{"type":"Feature","properties":{"UFID":"100035903071A00110100000004497979"},"geometry":{"type":"MultiPolygon","coordinates":[[[[129.5046169,35.8081673],[129.5042519,35.8079286],[129.504187,35.8080005],[129.5045432,35.8082369],[129.5046169,35.8081673]]]]}},{"type":"Feature","properties":{"UFID":"100035903071A00110100000004497980"},"geometry":{"type":"MultiPolygon","coordinates":[[[[129.5046188,35.80838],[129.5045432,35.8082369],[129.5045433,35.8082425],[129.5045426,35.8082478],[129.5043873,35.8084215],[129.5044395,35.8084504],[129.5044491,35.808439],[129.5044626,35.8084314],[129.5045748,35.80838],[129.5046015,35.8083776],[129.5046188,35.80838]]]]}},{"type":"Feature","properties":{"UFID":"100035903071A00110100000004497981"},"geometry":{"type":"MultiPolygon","coordinates":[[[[129.504187,35.8080005],[129.5041347,35.8079509],[129.5041348,35.8079529],[129.5041347,35.8079562],[129.5041331,35.8079616],[129.5040561,35.8080434],[129.5039999,35.8080978],[129.5039916,35.808101],[129.503987,35.8081023],[129.5039819,35.8081025],[129.5039748,35.8081013],[129.5039787,35.8081902],[129.5039862,35.808175],[129.5040669,35.8080967],[129.5040685,35.8080957],[129.5041719,35.8080003],[129.5041754,35.807999],[129.5041801,35.8079991],[129.504187,35.8080005]]]]}},{"type":"Feature","properties":{"UFID":"100035903071A00110100000004497982"},"geometry":{"type":"MultiPolygon","coordinates":[[[[129.5042934,35.8088454],[129.5042238,35.8087809],[129.5041928,35.8088102],[129.5042536,35.8088567],[129.5042934,35.8088454]]]]}},{"type":"Feature","properties":{"UFID":"100035903071A00110100000004497983"},"geometry":{"type":"MultiPolygon","coordinates":[[[[129.5043745,35.8089206],[129.5042934,35.8088454],[129.5042536,35.8088567],[129.5043457,35.8089437],[129.5043745,35.8089206]]]]}},{"type":"Feature","properties":{"UFID":"100035903071A00110100000004497984"},"geometry":{"type":"MultiPolygon","coordinates":[[[[129.5042238,35.8087809],[129.5041907,35.8087047],[129.5041298,35.8087639],[129.5041538,35.8087803],[129.5041928,35.8088102],[129.5042238,35.8087809]]]]}},{"type":"Feature","properties":{"UFID":"100035903071A00110100000004497985"},"geometry":{"type":"MultiPolygon","coordinates":[[[[129.5044395,35.8084504],[129.5043873,35.8084215],[129.5042459,35.8085324],[129.5043382,35.8085835],[129.5043621,35.8085427],[129.5044395,35.8084504]]]]}},{"type":"Feature","properties":{"UFID":"100035903071A00110100000004497986"},"geometry":{"type":"MultiPolygon","coordinates":[[[[129.5039787,35.8081902],[129.5039748,35.8081013],[129.5037597,35.8081193],[129.5038922,35.8083035],[129.5039787,35.8081902]]]]}},{"type":"Feature","properties":{"UFID":"100035903071A00110100000004497987"},"geometry":{"type":"MultiPolygon","coordinates":[[[[129.503563,35.8083511],[129.5034614,35.8082771],[129.5034297,35.8083333],[129.5033716,35.8084059],[129.503357,35.808423],[129.5033164,35.8084873],[129.5032832,35.8085409],[129.5032526,35.8086006],[129.5032212,35.8086883],[129.5032181,35.8086956],[129.5032148,35.8087],[129.5032966,35.8087103],[129.5033123,35.8086639],[129.5033384,35.8086024],[129.5033748,35.8085316],[129.5034204,35.8084588],[129.5034397,35.8084352],[129.5034858,35.8083993],[129.5035481,35.8083594],[129.503563,35.8083511]]]]}},{"type":"Feature","properties":{"UFID":"100035903071A00110100000004497988"},"geometry":{"type":"MultiPolygon","coordinates":[[[[129.5032966,35.8087103],[129.5032148,35.8087],[129.5032029,35.8087863],[129.5032729,35.8087962],[129.5032901,35.8087295],[129.5032966,35.8087103]]]]}},{"type":"Feature","properties":{"UFID":"100035903071A00110100000004497989"},"geometry":{"type":"MultiPolygon","coordinates":[[[[129.5032148,35.8087],[129.5032062,35.8087039],[129.5031897,35.8087055],[129.5030656,35.8086985],[129.5030507,35.8087723],[129.5031921,35.8087821],[129.5031994,35.8087833],[129.5032029,35.8087863],[129.5032148,35.8087]]]]}},{"type":"Feature","properties":{"UFID":"100035903071A00110100000004497990"},"geometry":{"type":"MultiPolygon","coordinates":[[[[129.5009116,35.8100503],[129.5008836,35.8100204],[129.5008741,35.8100338],[129.5008698,35.8100472],[129.5008608,35.810059],[129.5008581,35.8100667],[129.5008582,35.8100738],[129.500863,35.8100954],[129.5008984,35.8101507],[129.5009182,35.8101806],[129.5009641,35.8102563],[129.5010046,35.8102371],[129.5009684,35.8101864],[129.5009001,35.8100748],[129.5008986,35.8100678],[129.5009116,35.8100503]]]]}},{"type":"Feature","properties":{"UFID":"100035903071A00110100000004497991"},"geometry":{"type":"MultiPolygon","coordinates":[[[[129.5036058,35.8113386],[129.5035931,35.8113089],[129.5035566,35.8113134],[129.5035692,35.8113515],[129.5036058,35.8113386]]]]}},{"type":"Feature","properties":{"UFID":"100035903071A00110100000004497992"},"geometry":{"type":"MultiPolygon","coordinates":[[[[129.5036227,35.8113779],[129.5036058,35.8113386],[129.5035692,35.8113515],[129.5035922,35.8113915],[129.5036227,35.8113779]]]]}},{"type":"Feature","properties":{"UFID":"100035903071A00110100000004497993"},"geometry":{"type":"MultiPolygon","coordinates":[[[[129.5030815,35.8097155],[129.5029916,35.8097308],[129.5029888,35.8097429],[129.5029766,35.8097983],[129.5029446,35.8098583],[129.5028272,35.8100425],[129.5028229,35.8100506],[129.5027349,35.8102153],[129.5027356,35.8102497],[129.5027445,35.810252],[129.5027498,35.810254],[129.5027553,35.8102575],[129.5027597,35.8102629],[129.5027647,35.8102739],[129.5027904,35.8103353],[129.5027916,35.8103627],[129.5027933,35.8104615],[129.5028265,35.8104618],[129.5028251,35.8103825],[129.5028262,35.8103579],[129.5028168,35.8103176],[129.5028108,35.810283],[129.502807,35.8102523],[129.5028053,35.8102246],[129.5028058,35.8102048],[129.5028118,35.8101806],[129.5028297,35.8101509],[129.5028799,35.810057],[129.5029929,35.809881],[129.5030299,35.8098114],[129.5030602,35.8097484],[129.5030815,35.8097155]]]]}},{"type":"Feature","properties":{"UFID":"100035903071A00110100000004497994"},"geometry":{"type":"MultiPolygon","coordinates":[[[[129.5030815,35.8097155],[129.5030711,35.8096363],[129.5030214,35.8096459],[129.5030007,35.8096925],[129.5029963,35.809711],[129.5029916,35.8097308],[129.5030815,35.8097155]]]]}},{"type":"Feature","properties":{"UFID":"100035903071A00110100000004497995"},"geometry":{"type":"MultiPolygon","coordinates":[[[[129.5028219,35.8107843],[129.5027887,35.8107848],[129.5027869,35.8108722],[129.50279,35.8109321],[129.5028016,35.8110636],[129.5028025,35.811089],[129.5027957,35.8111478],[129.502776,35.8112049],[129.5027316,35.8112812],[129.5027175,35.8113033],[129.5026969,35.8113283],[129.5026706,35.8113532],[129.5026511,35.8113689],[129.5026115,35.8113977],[129.5025406,35.8114342],[129.5025206,35.8114384],[129.5025024,35.8114414],[129.5024754,35.8114427],[129.5025534,35.8114705],[129.502609,35.8114357],[129.5026738,35.8113886],[129.5026949,35.8113716],[129.5027233,35.8113447],[129.5027461,35.8113171],[129.5027613,35.8112932],[129.5028072,35.8112144],[129.5028284,35.8111527],[129.5028357,35.8110899],[129.5028347,35.8110623],[129.5028231,35.8109305],[129.5028201,35.8108719],[129.5028219,35.8107843]]]]}},{"type":"Feature","properties":{"UFID":"100035903071A00110100000004497996"},"geometry":{"type":"MultiPolygon","coordinates":[[[[129.5028265,35.8104618],[129.5028269,35.8104888],[129.5029681,35.8104898],[129.5030342,35.8104932],[129.5032436,35.8104901],[129.5032482,35.8104917],[129.5032513,35.8104939],[129.5032548,35.810498],[129.5032747,35.8105728],[129.5033229,35.8107701],[129.503345,35.8109536],[129.5033452,35.8109755],[129.5033374,35.8109958],[129.503332,35.8109988],[129.5033245,35.8110022],[129.5031716,35.8110266],[129.5031509,35.8110269],[129.5031486,35.811026],[129.5031368,35.8110152],[129.5031298,35.8109979],[129.5030879,35.8108061],[129.5030844,35.8107826],[129.5030788,35.8107638],[129.5030713,35.8107527],[129.5030477,35.8107439],[129.5030235,35.8107415],[129.5028224,35.8107571],[129.5028219,35.8107843],[129.5030231,35.8107687],[129.5030386,35.8107703],[129.5030475,35.8107736],[129.5030476,35.8107737],[129.5030517,35.8107874],[129.503055,35.8108101],[129.5030975,35.8110045],[129.5031074,35.811029],[129.5031286,35.8110484],[129.5031442,35.811054],[129.5031751,35.8110536],[129.5033361,35.8110279],[129.5033495,35.8110218],[129.5033656,35.8110128],[129.5033785,35.8109795],[129.5033782,35.8109521],[129.5033557,35.8107661],[129.5033072,35.8105673],[129.5032858,35.8104869],[129.503276,35.8104756],[129.5032661,35.8104686],[129.5032503,35.8104629],[129.5030349,35.8104662],[129.5029693,35.8104628],[129.5028265,35.8104618]]]]}},{"type":"Feature","properties":{"UFID":"100035903071A00110100000004497997"},"geometry":{"type":"MultiPolygon","coordinates":[[[[129.5028224,35.8107571],[129.5028273,35.8105123],[129.5028269,35.8104888],[129.5027937,35.8104885],[129.5027941,35.8105123],[129.5027892,35.8107581],[129.5028224,35.8107571]]]]}},{"type":"Feature","properties":{"UFID":"100035903071A00110100000004497998"},"geometry":{"type":"MultiPolygon","coordinates":[[[[129.5028224,35.8107571],[129.5027892,35.8107581],[129.5027887,35.8107848],[129.5028219,35.8107843],[129.5028224,35.8107571]]]]}},{"type":"Feature","properties":{"UFID":"100035903071A00110100000004497999"},"geometry":{"type":"MultiPolygon","coordinates":[[[[129.5028265,35.8104618],[129.5027933,35.8104615],[129.5027937,35.8104885],[129.5028269,35.8104888],[129.5028265,35.8104618]]]]}},{"type":"Feature","properties":{"UFID":"100035903071A00110100000004498000"},"geometry":{"type":"MultiPolygon","coordinates":[[[[129.500942,35.8099588],[129.5007873,35.8097668],[129.5005289,35.8094399],[129.5003809,35.8092754],[129.5003029,35.8093046],[129.5003044,35.8093062],[129.5004596,35.8094786],[129.5007168,35.8098041],[129.5008451,35.8099705],[129.5008836,35.8100204],[129.500942,35.8099588]]]]}},{"type":"Feature","properties":{"UFID":"100035903071A00110100000004498001"},"geometry":{"type":"MultiPolygon","coordinates":[[[[129.5014331,35.8105633],[129.5013506,35.8104656],[129.5010347,35.8100738],[129.500986,35.8100133],[129.5009116,35.8100503],[129.5009258,35.8100654],[129.5011339,35.810313],[129.5013687,35.8106008],[129.5014031,35.8106427],[129.5014331,35.8105633]]]]}},{"type":"Feature","properties":{"UFID":"100035903071A00110100000004498002"},"geometry":{"type":"MultiPolygon","coordinates":[[[[129.500986,35.8100133],[129.500942,35.8099588],[129.5008836,35.8100204],[129.5009116,35.8100503],[129.500986,35.8100133]]]]}},{"type":"Feature","properties":{"UFID":"100035903071A00110100000004498003"},"geometry":{"type":"MultiPolygon","coordinates":[[[[129.5021341,35.8114034],[129.5021272,35.8113951],[129.5020434,35.8114268],[129.5020612,35.8114486],[129.5021341,35.8114034]]]]}},{"type":"Feature","properties":{"UFID":"100035903071A00110100000004498004"},"geometry":{"type":"MultiPolygon","coordinates":[[[[129.5021272,35.8113951],[129.5020382,35.8112784],[129.5019543,35.8113176],[129.5019816,35.8113511],[129.5020065,35.8113816],[129.5020434,35.8114268],[129.5021272,35.8113951]]]]}},{"type":"Feature","properties":{"UFID":"100035903071A00110100000004498005"},"geometry":{"type":"MultiPolygon","coordinates":[[[[129.5020382,35.8112784],[129.5020146,35.8112597],[129.5019188,35.8111447],[129.5016212,35.8107862],[129.5014597,35.8105948],[129.5014267,35.8106794],[129.5015577,35.8108326],[129.5017114,35.8110216],[129.5018994,35.8112503],[129.5019543,35.8113176],[129.5020382,35.8112784]]]]}},{"type":"Feature","properties":{"UFID":"100035903071A00110100000004498006"},"geometry":{"type":"MultiPolygon","coordinates":[[[[129.5024754,35.8114427],[129.5024672,35.8114423],[129.5024459,35.8114379],[129.5024,35.8114206],[129.5022919,35.8113783],[129.5021297,35.8113137],[129.5020382,35.8112784],[129.5021272,35.8113951],[129.5021406,35.8113936],[129.5022148,35.8114174],[129.5023459,35.8114659],[129.5024304,35.811493],[129.5024418,35.8114997],[129.5024754,35.8114427]]]]}},{"type":"Feature","properties":{"UFID":"100035903071A00110100000004498007"},"geometry":{"type":"MultiPolygon","coordinates":[[[[129.5014597,35.8105948],[129.5014331,35.8105633],[129.5014031,35.8106427],[129.5014267,35.8106794],[129.5014597,35.8105948]]]]}},{"type":"Feature","properties":{"UFID":"100035903071A00110100000004498008"},"geometry":{"type":"MultiPolygon","coordinates":[[[[129.5014267,35.8106794],[129.5014031,35.8106427],[129.5013914,35.8106835],[129.5013895,35.8107124],[129.5013922,35.8107532],[129.5014057,35.8108223],[129.5014271,35.8109128],[129.5014316,35.8109558],[129.5014318,35.8109687],[129.5014301,35.8109759],[129.5014281,35.8109804],[129.5014143,35.8109982],[129.5013662,35.8110382],[129.501288,35.8111023],[129.5011648,35.8111945],[129.5011023,35.8112291],[129.5010569,35.811251],[129.5009946,35.8112819],[129.5009938,35.8112824],[129.5010097,35.8113063],[129.5010126,35.8113046],[129.5010741,35.8112742],[129.5011201,35.8112519],[129.5011854,35.8112158],[129.501311,35.8111218],[129.5013899,35.8110572],[129.5014405,35.8110151],[129.5014581,35.8109924],[129.5014623,35.8109831],[129.501465,35.8109711],[129.5014648,35.8109545],[129.50146,35.8109091],[129.5014383,35.8108176],[129.5014253,35.8107504],[129.5014228,35.8107124],[129.5014244,35.8106873],[129.5014267,35.8106794]]]]}},{"type":"Feature","properties":{"UFID":"100035903071A00110100000004498009"},"geometry":{"type":"MultiPolygon","coordinates":[[[[129.5010097,35.8113063],[129.5009938,35.8112824],[129.5009247,35.811321],[129.5009182,35.811325],[129.5009336,35.8113495],[129.5010097,35.8113063]]]]}},{"type":"Feature","properties":{"UFID":"100035903071A00110100000004498010"},"geometry":{"type":"MultiPolygon","coordinates":[[[[129.5046533,35.8092048],[129.5045107,35.809047],[129.5043745,35.8089206],[129.5043457,35.8089437],[129.5044727,35.8090703],[129.5046006,35.8092324],[129.5046533,35.8092048]]]]}},{"type":"Feature","properties":{"UFID":"100035903071A00110100000004498011"},"geometry":{"type":"MultiPolygon","coordinates":[[[[129.5042685,35.8089964],[129.5042189,35.8089859],[129.5041901,35.8090542],[129.5041805,35.8090604],[129.5041685,35.8090638],[129.5041501,35.8090614],[129.504102,35.8090491],[129.5040899,35.8091111],[129.5041055,35.8091092],[129.5041588,35.8091034],[129.5041683,35.8090994],[129.5042072,35.8090654],[129.5042685,35.8089964]]]]}},{"type":"Feature","properties":{"UFID":"100035903071A00110100000004498012"},"geometry":{"type":"MultiPolygon","coordinates":[[[[129.504102,35.8090491],[129.5040568,35.8090691],[129.5040617,35.8090822],[129.5040542,35.8091055],[129.5040899,35.8091111],[129.504102,35.8090491]]]]}},{"type":"Feature","properties":{"UFID":"100035903071A00110100000004498013"},"geometry":{"type":"MultiPolygon","coordinates":[[[[129.504102,35.8090491],[129.5040564,35.8090375],[129.5040182,35.8090253],[129.5039479,35.8090166],[129.5037977,35.8090082],[129.5037368,35.8090085],[129.503613,35.8090012],[129.5034908,35.808988],[129.5034059,35.8089756],[129.5033125,35.8089606],[129.5032328,35.8089455],[129.503228,35.8089657],[129.503426,35.8089889],[129.5035427,35.8090061],[129.5037222,35.8090274],[129.5039211,35.8090405],[129.5040308,35.8090557],[129.5040568,35.8090691],[129.504102,35.8090491]]]]}},{"type":"Feature","properties":{"UFID":"100035903071A00110100000004498014"},"geometry":{"type":"MultiPolygon","coordinates":[[[[129.5040899,35.8091111],[129.5040542,35.8091055],[129.5040406,35.8091187],[129.5039968,35.8091452],[129.5039821,35.8091473],[129.5038395,35.8091529],[129.5036856,35.8091611],[129.5034498,35.8091656],[129.5032797,35.8091636],[129.5032563,35.8091617],[129.5031825,35.8091506],[129.5031886,35.8091907],[129.5031943,35.8091882],[129.503404,35.8091841],[129.5035638,35.809182],[129.5037246,35.8091755],[129.5038734,35.8091663],[129.5040208,35.8091569],[129.5040861,35.8091519],[129.5040881,35.8091475],[129.5040882,35.8091189],[129.5040899,35.8091111]]]]}},{"type":"Feature","properties":{"UFID":"100035903071A00110100000004498015"},"geometry":{"type":"MultiPolygon","coordinates":[[[[129.5030711,35.8096363],[129.5030691,35.8096227],[129.5030775,35.8095625],[129.5030898,35.8094833],[129.5031071,35.8093944],[129.5031161,35.8093509],[129.5031291,35.8093428],[129.5031411,35.8093338],[129.5031886,35.8091907],[129.5031289,35.8091847],[129.5031266,35.8091941],[129.5030997,35.8092826],[129.5030865,35.8093428],[129.5030462,35.809522],[129.5030249,35.8096382],[129.5030214,35.8096459],[129.5030711,35.8096363]]]]}},{"type":"Feature","properties":{"UFID":"100035903071A00110100000004498016"},"geometry":{"type":"MultiPolygon","coordinates":[[[[129.5031825,35.8091506],[129.5031382,35.8091472],[129.5031289,35.8091847],[129.5031886,35.8091907],[129.5031825,35.8091506]]]]}},{"type":"Feature","properties":{"UFID":"100035903071A00110100000004498017"},"geometry":{"type":"MultiPolygon","coordinates":[[[[129.5032328,35.8089455],[129.5031844,35.8089427],[129.5031851,35.8089452],[129.5031823,35.8089619],[129.503228,35.8089657],[129.5032328,35.8089455]]]]}},{"type":"Feature","properties":{"UFID":"100035903071A00110100000004498018"},"geometry":{"type":"MultiPolygon","coordinates":[[[[129.5030711,35.8096363],[129.5030815,35.8097155],[129.5030934,35.8097043],[129.503141,35.809683],[129.5032923,35.8096359],[129.5033655,35.8096003],[129.5034628,35.809561],[129.5036342,35.8094912],[129.5036144,35.8094589],[129.503443,35.8095288],[129.5033062,35.809584],[129.5031031,35.8096521],[129.5030874,35.8096482],[129.5030711,35.8096363]]]]}},{"type":"Feature","properties":{"UFID":"100035903071A00110100000004498019"},"geometry":{"type":"MultiPolygon","coordinates":[[[[129.503228,35.8089657],[129.5031823,35.8089619],[129.5031789,35.8089821],[129.5031382,35.8091472],[129.5031825,35.8091506],[129.5032222,35.8089899],[129.503228,35.8089657]]]]}},{"type":"Feature","properties":{"UFID":"100035903071A00110100000004498020"},"geometry":{"type":"MultiPolygon","coordinates":[[[[129.5043457,35.8089437],[129.5042536,35.8088567],[129.5042556,35.8088626],[129.5042559,35.8088686],[129.5042545,35.8088817],[129.5042189,35.8089859],[129.5042685,35.8089964],[129.5043376,35.8089442],[129.5043457,35.8089437]]]]}},{"type":"Feature","properties":{"UFID":"100035903071A00110100000004498021"},"geometry":{"type":"MultiPolygon","coordinates":[[[[129.5004233,35.8092477],[129.5003936,35.8091853],[129.500371,35.8091843],[129.5003037,35.8091737],[129.5003809,35.8092754],[129.5003795,35.8092689],[129.5003774,35.8092622],[129.5003757,35.809256],[129.5003762,35.8092455],[129.5003781,35.8092417],[129.5003831,35.8092356],[129.5003961,35.8092307],[129.5004048,35.8092325],[129.5004233,35.8092477]]]]}},{"type":"Feature","properties":{"UFID":"100035903071A00110100000004498022"},"geometry":{"type":"MultiPolygon","coordinates":[[[[129.5005225,35.8092089],[129.5004844,35.8091687],[129.5004658,35.8091773],[129.5004479,35.8091831],[129.500436,35.8091852],[129.500415,35.8091863],[129.5003936,35.8091853],[129.5004233,35.8092477],[129.5005225,35.8092089]]]]}},{"type":"Feature","properties":{"UFID":"100035903071A00110100000004498023"},"geometry":{"type":"MultiPolygon","coordinates":[[[[129.501006,35.8090282],[129.5009785,35.8089954],[129.5009047,35.8090154],[129.5007184,35.8090599],[129.5004844,35.8091687],[129.5005225,35.8092089],[129.50079,35.8090889],[129.5009188,35.8090495],[129.501006,35.8090282]]]]}},{"type":"Feature","properties":{"UFID":"100035903071A00110100000004498024"},"geometry":{"type":"MultiPolygon","coordinates":[[[[129.5005225,35.8092089],[129.5004233,35.8092477],[129.5004977,35.8092556],[129.5006199,35.8093596],[129.5006692,35.8093567],[129.5005232,35.8092176],[129.5005225,35.8092089]]]]}},{"type":"Feature","properties":{"UFID":"100035903071A00110100000004498025"},"geometry":{"type":"MultiPolygon","coordinates":[[[[129.5003037,35.8091737],[129.5002724,35.8091548],[129.5002628,35.8091442],[129.5002201,35.8090922],[129.5002115,35.8090793],[129.5002046,35.8090615],[129.5001249,35.8091074],[129.5002206,35.8092134],[129.5003037,35.8091737]]]]}},{"type":"Feature","properties":{"UFID":"100035903071A00110100000004498026"},"geometry":{"type":"MultiPolygon","coordinates":[[[[129.5003809,35.8092754],[129.5003037,35.8091737],[129.5002206,35.8092134],[129.5003029,35.8093046],[129.5003809,35.8092754]]]]}},{"type":"Feature","properties":{"UFID":"100035903071A00110100000004498027"},"geometry":{"type":"MultiPolygon","coordinates":[[[[129.501074,35.8089617],[129.5011134,35.809015],[129.5011734,35.8090318],[129.5012534,35.8090393],[129.5013143,35.8090349],[129.5013541,35.8090292],[129.5014234,35.809008],[129.5014078,35.8089743],[129.5013424,35.8089943],[129.5013086,35.8089991],[129.501254,35.8090031],[129.5011833,35.8089965],[129.5011234,35.8089797],[129.501074,35.8089617]]]]}},{"type":"Feature","properties":{"UFID":"100035903071A00110100000004498028"},"geometry":{"type":"MultiPolygon","coordinates":[[[[129.5011134,35.809015],[129.501074,35.8089617],[129.5009785,35.8089954],[129.501006,35.8090282],[129.5010558,35.8090161],[129.5011134,35.809015]]]]}},{"type":"Feature","properties":{"UFID":"100035903071A00110100000004498029"},"geometry":{"type":"MultiPolygon","coordinates":[[[[129.5024976,35.8082154],[129.5024558,35.808241],[129.5024795,35.8082514],[129.5024822,35.8082526],[129.5026109,35.808303],[129.5026208,35.8083115],[129.502666,35.8083833],[129.5026989,35.8083763],[129.5026482,35.8082957],[129.5026307,35.8082808],[129.5025015,35.8082361],[129.5024976,35.8082154]]]]}},{"type":"Feature","properties":{"UFID":"100035903071A00110100000004498030"},"geometry":{"type":"MultiPolygon","coordinates":[[[[129.5024976,35.8082154],[129.5024627,35.8082012],[129.5024575,35.8082047],[129.5024312,35.8082064],[129.5024558,35.808241],[129.5024976,35.8082154]]]]}},{"type":"Feature","properties":{"UFID":"100035903071A00110100000004498031"},"geometry":{"type":"MultiPolygon","coordinates":[[[[129.5007108,35.8083758],[129.5006998,35.8083692],[129.5006575,35.808341],[129.5006408,35.8083307],[129.5006169,35.8083212],[129.5005881,35.8083122],[129.5005666,35.8083084],[129.5005339,35.8083024],[129.5005116,35.8082935],[129.5004904,35.808279],[129.5004845,35.808273],[129.5004679,35.8082525],[129.5004535,35.8082324],[129.5004475,35.8082184],[129.5003551,35.8079623],[129.5003232,35.80797],[129.5004159,35.8082267],[129.5004233,35.8082438],[129.5004397,35.8082668],[129.5004577,35.8082889],[129.5004666,35.808298],[129.5004934,35.8083163],[129.5005228,35.808328],[129.5005594,35.8083348],[129.5005786,35.8083381],[129.5006036,35.808346],[129.5006177,35.8083517],[129.5006375,35.808362],[129.5006858,35.8083972],[129.5007108,35.8083758]]]]}},{"type":"Feature","properties":{"UFID":"100035903071A00110100000004498032"},"geometry":{"type":"MultiPolygon","coordinates":[[[[129.5009193,35.808502],[129.5009118,35.8085026],[129.5008332,35.8084526],[129.5007148,35.8083782],[129.5007108,35.8083758],[129.5006858,35.8083972],[129.5007374,35.8084347],[129.5008486,35.8085304],[129.5008511,35.8085358],[129.5008498,35.8085389],[129.5009193,35.808502]]]]}},{"type":"Feature","properties":{"UFID":"100035903071A00110100000004498033"},"geometry":{"type":"MultiPolygon","coordinates":[[[[129.5011688,35.8084412],[129.5011099,35.8084718],[129.5011667,35.8085225],[129.5011811,35.8085305],[129.5012045,35.8085377],[129.5012496,35.808545],[129.5014436,35.8085724],[129.5015389,35.8085878],[129.5017192,35.8086255],[129.5017207,35.8085839],[129.5015499,35.8085483],[129.5014528,35.8085325],[129.5012587,35.8085051],[129.501222,35.8084992],[129.5011992,35.8084887],[129.5011933,35.8084819],[129.5011688,35.8084412]]]]}},{"type":"Feature","properties":{"UFID":"100035903071A00110100000004498034"},"geometry":{"type":"MultiPolygon","coordinates":[[[[129.5011099,35.8084718],[129.5010686,35.8084222],[129.500928,35.8084977],[129.5009193,35.808502],[129.5009612,35.8085511],[129.5009905,35.8085352],[129.5011099,35.8084718]]]]}},{"type":"Feature","properties":{"UFID":"100035903071A00110100000004498035"},"geometry":{"type":"MultiPolygon","coordinates":[[[[129.500995,35.8089153],[129.5010637,35.8089501],[129.501066,35.8089369],[129.5011981,35.8088877],[129.5011814,35.8088498],[129.5010393,35.8088988],[129.500995,35.8089153]]]]}},{"type":"Feature","properties":{"UFID":"100035903071A00110100000004498036"},"geometry":{"type":"MultiPolygon","coordinates":[[[[129.5009931,35.8089144],[129.5009546,35.8088786],[129.5009034,35.8088985],[129.5009517,35.8089374],[129.5009931,35.8089144]]]]}},{"type":"Feature","properties":{"UFID":"100035903071A00110100000004498037"},"geometry":{"type":"MultiPolygon","coordinates":[[[[129.501074,35.8089617],[129.5010672,35.8089562],[129.5010637,35.8089501],[129.5009848,35.808975],[129.5009865,35.8089813],[129.5009856,35.8089853],[129.5009785,35.8089954],[129.501074,35.8089617]]]]}},{"type":"Feature","properties":{"UFID":"100035903071A00110100000004498038"},"geometry":{"type":"MultiPolygon","coordinates":[[[[129.5010637,35.8089501],[129.500995,35.8089153],[129.5009935,35.8089148],[129.5009931,35.8089144],[129.5009517,35.8089374],[129.5009811,35.8089611],[129.5009848,35.808975],[129.5010637,35.8089501]]]]}},{"type":"Feature","properties":{"UFID":"100035903071A00110100000004498039"},"geometry":{"type":"MultiPolygon","coordinates":[[[[129.5011688,35.8084412],[129.5011206,35.8083942],[129.5010686,35.8084222],[129.5011099,35.8084718],[129.5011688,35.8084412]]]]}},{"type":"Feature","properties":{"UFID":"100035903071A00110100000004498040"},"geometry":{"type":"MultiPolygon","coordinates":[[[[129.5009612,35.8085511],[129.5009193,35.808502],[129.5008498,35.8085389],[129.5009052,35.8085815],[129.5009612,35.8085511]]]]}},{"type":"Feature","properties":{"UFID":"100035903071A00110100000004498041"},"geometry":{"type":"MultiPolygon","coordinates":[[[[129.5027949,35.8059604],[129.5027503,35.8058549],[129.5027499,35.8058613],[129.5027488,35.8058636],[129.5027455,35.8058664],[129.5025529,35.8059171],[129.5025494,35.8059162],[129.5025152,35.8060115],[129.5025187,35.8060074],[129.5025311,35.8059941],[129.5025653,35.8059867],[129.5027881,35.8059596],[129.5027949,35.8059604]]]]}},{"type":"Feature","properties":{"UFID":"100035903071A00110100000004498042"},"geometry":{"type":"MultiPolygon","coordinates":[[[[129.5031045,35.8072314],[129.5030898,35.8072027],[129.502993,35.8072354],[129.5030101,35.8072745],[129.5031045,35.8072314]]]]}},{"type":"Feature","properties":{"UFID":"100035903071A00110100000004498043"},"geometry":{"type":"MultiPolygon","coordinates":[[[[129.5033179,35.8076572],[129.5031668,35.8073535],[129.5031045,35.8072314],[129.5030101,35.8072745],[129.5030118,35.8072743],[129.5030134,35.8072742],[129.5030165,35.8072749],[129.5030212,35.8072776],[129.5030248,35.8072804],[129.5030293,35.8072859],[129.5031742,35.8075068],[129.5032334,35.8076165],[129.5032645,35.8076709],[129.5032674,35.8076841],[129.5032672,35.807693],[129.5032651,35.807702],[129.5032549,35.8077088],[129.5032519,35.8077156],[129.5033179,35.8076572]]]]}},{"type":"Feature","properties":{"UFID":"100035903071A00110100000004498044"},"geometry":{"type":"MultiPolygon","coordinates":[[[[129.50269,35.8044836],[129.5024726,35.8044974],[129.5024745,35.804504],[129.5024732,35.8045198],[129.502464,35.8045406],[129.5026192,35.804576],[129.50269,35.8044836]]]]}},{"type":"Feature","properties":{"UFID":"100035903071A00110100000004498045"},"geometry":{"type":"MultiPolygon","coordinates":[[[[129.502813,35.8045128],[129.5027591,35.8045102],[129.5027347,35.8045053],[129.5027119,35.8044982],[129.5026985,35.8044913],[129.50269,35.8044836],[129.5026192,35.804576],[129.5026764,35.804584],[129.5027861,35.8046111],[129.502813,35.8045128]]]]}},{"type":"Feature","properties":{"UFID":"100035903071A00110100000004498046"},"geometry":{"type":"MultiPolygon","coordinates":[[[[129.5029047,35.8045772],[129.5029038,35.8045173],[129.502813,35.8045128],[129.5027861,35.8046111],[129.5029047,35.8045772]]]]}},{"type":"Feature","properties":{"UFID":"100035903071A00110100000004498047"},"geometry":{"type":"MultiPolygon","coordinates":[[[[129.5029047,35.8045772],[129.5027861,35.8046111],[129.5027902,35.8046241],[129.5027059,35.8048075],[129.5025731,35.805087],[129.5025469,35.80518],[129.5026194,35.8051915],[129.5026233,35.8051397],[129.5026268,35.8051274],[129.5027474,35.8048677],[129.5028549,35.8046535],[129.5028572,35.804648],[129.5029047,35.8045772]]]]}},{"type":"Feature","properties":{"UFID":"100035903071A00110100000004498048"},"geometry":{"type":"MultiPolygon","coordinates":[[[[129.502825,35.805841],[129.5027503,35.8058549],[129.5027949,35.8059604],[129.5028817,35.8059598],[129.502825,35.805841]]]]}},{"type":"Feature","properties":{"UFID":"100035903071A00110100000004498049"},"geometry":{"type":"MultiPolygon","coordinates":[[[[129.5025478,35.8058978],[129.502555,35.8058485],[129.5024049,35.8058583],[129.5023997,35.8059553],[129.5025478,35.8058978]]]]}},{"type":"Feature","properties":{"UFID":"100035903071A00110100000004498050"},"geometry":{"type":"MultiPolygon","coordinates":[[[[129.5025494,35.8059162],[129.5025478,35.8059115],[129.5025478,35.8058978],[129.5023997,35.8059553],[129.5024044,35.8059678],[129.5025494,35.8059162]]]]}},{"type":"Feature","properties":{"UFID":"100035903071A00110100000004498051"},"geometry":{"type":"MultiPolygon","coordinates":[[[[129.5025152,35.8060115],[129.5025494,35.8059162],[129.5024044,35.8059678],[129.5024345,35.8060495],[129.5025152,35.8060115]]]]}},{"type":"Feature","properties":{"UFID":"100035903071A00110100000004498052"},"geometry":{"type":"MultiPolygon","coordinates":[[[[129.5023457,35.8065633],[129.5022989,35.806452],[129.502294,35.8064564],[129.5021391,35.8065212],[129.5019866,35.8065769],[129.5017278,35.8066733],[129.5016471,35.8067033],[129.5016798,35.8067574],[129.5019174,35.8066665],[129.502123,35.8066068],[129.5023353,35.8065561],[129.5023457,35.8065633]]]]}},{"type":"Feature","properties":{"UFID":"100035903071A00110100000004498053"},"geometry":{"type":"MultiPolygon","coordinates":[[[[129.5023114,35.8053335],[129.502149,35.8052895],[129.5021456,35.8053142],[129.5022998,35.8053707],[129.5023114,35.8053335]]]]}},{"type":"Feature","properties":{"UFID":"100035903071A00110100000004498054"},"geometry":{"type":"MultiPolygon","coordinates":[[[[129.502149,35.8052895],[129.5018244,35.8052285],[129.5017796,35.8052236],[129.5017197,35.8052081],[129.5017118,35.8052321],[129.5017745,35.8052425],[129.5018171,35.8052507],[129.5019483,35.8052783],[129.5021456,35.8053142],[129.502149,35.8052895]]]]}},{"type":"Feature","properties":{"UFID":"100035903071A00110100000004498055"},"geometry":{"type":"MultiPolygon","coordinates":[[[[129.5056712,35.8034913],[129.5056092,35.8035101],[129.505673,35.8035833],[129.5056852,35.8035851],[129.5056883,35.8035851],[129.5057479,35.803588],[129.5064006,35.8036252],[129.5068141,35.8036486],[129.5068165,35.8036496],[129.5068183,35.8036535],[129.5068188,35.8036555],[129.5068157,35.8036943],[129.5068168,35.8036954],[129.5068775,35.8036998],[129.5076767,35.8037508],[129.5084044,35.8037955],[129.5084281,35.8037978],[129.5084314,35.8037982],[129.5087191,35.8039044],[129.5089986,35.8040084],[129.5091062,35.8040459],[129.5091085,35.8040411],[129.5092969,35.804105],[129.5093547,35.8040017],[129.50918,35.8039381],[129.5090703,35.8038973],[129.5090639,35.8039027],[129.5089966,35.8038778],[129.5084621,35.8036799],[129.5084549,35.8036785],[129.5084465,35.8036769],[129.5083224,35.8036687],[129.5067981,35.8035756],[129.5056735,35.8035085],[129.5056712,35.8034913]]]]}},{"type":"Feature","properties":{"UFID":"100035903071A00110100000004498056"},"geometry":{"type":"MultiPolygon","coordinates":[[[[129.5056525,35.8043018],[129.5056723,35.8036277],[129.5056364,35.8036125],[129.5055288,35.8036537],[129.5055155,35.8039966],[129.5055087,35.8043463],[129.5055079,35.8043552],[129.5056525,35.8043018]]]]}},{"type":"Feature","properties":{"UFID":"100035903071A00110100000004498057"},"geometry":{"type":"MultiPolygon","coordinates":[[[[129.5043973,35.8044085],[129.5043717,35.8043355],[129.5038157,35.80444],[129.5037976,35.8044421],[129.5038236,35.8045045],[129.5038244,35.8045045],[129.5039807,35.8044818],[129.5043973,35.8044085]]]]}},{"type":"Feature","properties":{"UFID":"100035903071A00110100000004498058"},"geometry":{"type":"MultiPolygon","coordinates":[[[[129.5048828,35.8043589],[129.5048907,35.8042613],[129.5048868,35.8042632],[129.5047004,35.8042915],[129.5044457,35.8043191],[129.5044372,35.8043185],[129.5044653,35.8043979],[129.5045646,35.8043825],[129.5048355,35.8043567],[129.5048634,35.8043555],[129.5048742,35.8043556],[129.504878,35.8043563],[129.5048809,35.8043577],[129.5048828,35.8043589]]]]}},{"type":"Feature","properties":{"UFID":"100035903071A00110100000004498059"},"geometry":{"type":"MultiPolygon","coordinates":[[[[129.5050468,35.8042473],[129.5049622,35.8041651],[129.5049568,35.804159],[129.5049522,35.8041457],[129.50495,35.8041364],[129.5049085,35.803981],[129.5048871,35.8038958],[129.5048871,35.8038913],[129.5048138,35.8039165],[129.504814,35.8039166],[129.5048933,35.8042522],[129.5048926,35.8042573],[129.5048907,35.8042613],[129.5050468,35.8042473]]]]}},{"type":"Feature","properties":{"UFID":"100035903071A00110100000004498060"},"geometry":{"type":"MultiPolygon","coordinates":[[[[129.5048138,35.8039165],[129.5048013,35.803856],[129.5042712,35.8039569],[129.5042846,35.8039908],[129.5042915,35.8039881],[129.5044425,35.8039613],[129.5045563,35.8039435],[129.5048043,35.8039141],[129.5048098,35.8039144],[129.5048138,35.8039165]]]]}},{"type":"Feature","properties":{"UFID":"100035903071A00110100000004498061"},"geometry":{"type":"MultiPolygon","coordinates":[[[[129.5042195,35.8040155],[129.5041977,35.8039709],[129.5040958,35.8039903],[129.5037206,35.8040523],[129.5037087,35.8040534],[129.5036976,35.8040532],[129.5037102,35.8040963],[129.504198,35.8040155],[129.504214,35.8040149],[129.5042195,35.8040155]]]]}},{"type":"Feature","properties":{"UFID":"100035903071A00110100000004498062"},"geometry":{"type":"MultiPolygon","coordinates":[[[[129.5036976,35.8040532],[129.5036912,35.8040515],[129.5036858,35.8040499],[129.5036795,35.8040465],[129.5036429,35.8038161],[129.5036404,35.8038017],[129.5036403,35.8037864],[129.503642,35.8037744],[129.5036452,35.8037644],[129.5035711,35.8037775],[129.503573,35.8037815],[129.5035935,35.8039071],[129.5036123,35.8040338],[129.5036125,35.8040442],[129.503611,35.8040522],[129.5036087,35.8040581],[129.5036049,35.8040611],[129.5036976,35.8040532]]]]}},{"type":"Feature","properties":{"UFID":"100035903071A00110100000004498063"},"geometry":{"type":"MultiPolygon","coordinates":[[[[129.5044372,35.8043185],[129.5044321,35.8043167],[129.5044288,35.8043141],[129.5044251,35.8043048],[129.5043619,35.8041674],[129.5042893,35.8040213],[129.5042826,35.8040053],[129.504282,35.803996],[129.5042846,35.8039908],[129.5042195,35.8040155],[129.5043216,35.8041787],[129.5043734,35.8042995],[129.5043765,35.804315],[129.504377,35.8043241],[129.5043768,35.8043295],[129.5043752,35.8043325],[129.5043717,35.8043355],[129.5044372,35.8043185]]]]}},{"type":"Feature","properties":{"UFID":"100035903071A00110100000004498064"},"geometry":{"type":"MultiPolygon","coordinates":[[[[129.5037976,35.8044421],[129.5037826,35.8044413],[129.5037028,35.8042884],[129.5036996,35.8042817],[129.503618,35.8041148],[129.5036229,35.8041107],[129.5035621,35.8041393],[129.503577,35.804139],[129.5035824,35.8041393],[129.5036247,35.8042259],[129.5037263,35.8044457],[129.5037238,35.8044524],[129.5037976,35.8044421]]]]}},{"type":"Feature","properties":{"UFID":"100035903071A00110100000004498065"},"geometry":{"type":"MultiPolygon","coordinates":[[[[129.5036348,35.8041087],[129.5036049,35.8040611],[129.5035897,35.8040657],[129.5036229,35.8041107],[129.5036348,35.8041087]]]]}},{"type":"Feature","properties":{"UFID":"100035903071A00110100000004498066"},"geometry":{"type":"MultiPolygon","coordinates":[[[[129.5042846,35.8039908],[129.5042712,35.8039569],[129.5041977,35.8039709],[129.5042195,35.8040155],[129.5042846,35.8039908]]]]}},{"type":"Feature","properties":{"UFID":"100035903071A00110100000004498067"},"geometry":{"type":"MultiPolygon","coordinates":[[[[129.5036229,35.8041107],[129.5035897,35.8040657],[129.5035351,35.8040823],[129.5035621,35.8041393],[129.5036229,35.8041107]]]]}},{"type":"Feature","properties":{"UFID":"100035903071A00110100000004498068"},"geometry":{"type":"MultiPolygon","coordinates":[[[[129.5037102,35.8040963],[129.5036976,35.8040532],[129.5036049,35.8040611],[129.5036348,35.8041087],[129.5037102,35.8040963]]]]}},{"type":"Feature","properties":{"UFID":"100035903071A00110100000004498069"},"geometry":{"type":"MultiPolygon","coordinates":[[[[129.5038236,35.8045045],[129.5037976,35.8044421],[129.5037238,35.8044524],[129.5037521,35.8045112],[129.5038236,35.8045045]]]]}},{"type":"Feature","properties":{"UFID":"100035903071A00110100000004498070"},"geometry":{"type":"MultiPolygon","coordinates":[[[[129.5036452,35.8037644],[129.5036533,35.8037392],[129.503659,35.8037009],[129.5035873,35.8037044],[129.5035711,35.8037775],[129.5036452,35.8037644]]]]}},{"type":"Feature","properties":{"UFID":"100035903071A00110100000004498071"},"geometry":{"type":"MultiPolygon","coordinates":[[[[129.5044653,35.8043979],[129.5044372,35.8043185],[129.5043717,35.8043355],[129.5043973,35.8044085],[129.504401,35.8044079],[129.5044653,35.8043979]]]]}},{"type":"Feature","properties":{"UFID":"100035903071A00110100000004498072"},"geometry":{"type":"MultiPolygon","coordinates":[[[[129.5048871,35.8038913],[129.5048688,35.8038046],[129.5048013,35.803856],[129.5048138,35.8039165],[129.5048871,35.8038913]]]]}},{"type":"Feature","properties":{"UFID":"100035903071A00110100000004498073"},"geometry":{"type":"MultiPolygon","coordinates":[[[[129.5051414,35.8043376],[129.5051198,35.8043181],[129.5050468,35.8042473],[129.5048907,35.8042613],[129.5048828,35.8043589],[129.5051414,35.8043376]]]]}},{"type":"Feature","properties":{"UFID":"100035903071A00110100000004498074"},"geometry":{"type":"MultiPolygon","coordinates":[[[[129.5026184,35.8042186],[129.5024564,35.8041848],[129.5024642,35.8043064],[129.5026867,35.8043687],[129.5026249,35.8043267],[129.5026239,35.8043243],[129.502623,35.804322],[129.5026184,35.8042186]]]]}},{"type":"Feature","properties":{"UFID":"100035903071A00110100000004498075"},"geometry":{"type":"MultiPolygon","coordinates":[[[[129.50269,35.8044836],[129.5026853,35.8044739],[129.5026853,35.804467],[129.5026886,35.8044588],[129.5026941,35.8044506],[129.5027014,35.8044443],[129.502448,35.8044738],[129.5024659,35.8044891],[129.5024726,35.8044974],[129.50269,35.8044836]]]]}},{"type":"Feature","properties":{"UFID":"100035903071A00110100000004498076"},"geometry":{"type":"MultiPolygon","coordinates":[[[[129.5026155,35.8041551],[129.5024818,35.8041462],[129.5024564,35.8041848],[129.5026184,35.8042186],[129.5026155,35.8041551]]]]}},{"type":"Feature","properties":{"UFID":"100035903071A00110100000004498077"},"geometry":{"type":"MultiPolygon","coordinates":[[[[129.5026067,35.8039579],[129.5024558,35.803975],[129.5024682,35.8040208],[129.5024818,35.8041462],[129.5026155,35.8041551],[129.5026067,35.8039579]]]]}},{"type":"Feature","properties":{"UFID":"100035903071A00110100000004498078"},"geometry":{"type":"MultiPolygon","coordinates":[[[[129.5027014,35.8044443],[129.5026874,35.8043687],[129.5026867,35.8043687],[129.5024642,35.8043064],[129.502448,35.8044738],[129.5027014,35.8044443]]]]}},{"type":"Feature","properties":{"UFID":"100035903071A00110100000004498079"},"geometry":{"type":"MultiPolygon","coordinates":[[[[129.5026067,35.8039579],[129.5025795,35.8038451],[129.5024261,35.8038691],[129.5024318,35.8038868],[129.5024558,35.803975],[129.5026067,35.8039579]]]]}},{"type":"Feature","properties":{"UFID":"100035903071A00110100000004498080"},"geometry":{"type":"MultiPolygon","coordinates":[[[[129.5035621,35.8041393],[129.5035351,35.8040823],[129.5033775,35.8041303],[129.503112,35.8042153],[129.5030912,35.8042211],[129.5027476,35.8043527],[129.5027017,35.8043684],[129.5026923,35.804369],[129.5026906,35.8043691],[129.5026885,35.804369],[129.5026874,35.8043687],[129.5027014,35.8044443],[129.5031129,35.8042624],[129.503265,35.8042181],[129.5035621,35.8041393]]]]}},{"type":"Feature","properties":{"UFID":"100035903071A00110100000004498081"},"geometry":{"type":"MultiPolygon","coordinates":[[[[129.5035711,35.8037775],[129.5035873,35.8037044],[129.5035811,35.8037105],[129.5035724,35.8037161],[129.5035643,35.8037207],[129.5035549,35.8037253],[129.5035483,35.8037278],[129.5029372,35.8038322],[129.502671,35.8038752],[129.5026418,35.8038779],[129.5026337,35.8038768],[129.5025795,35.8038451],[129.5026067,35.8039579],[129.5026114,35.803949],[129.5026192,35.8039433],[129.5028147,35.803899],[129.5029166,35.8038834],[129.5032731,35.8038185],[129.5035469,35.8037749],[129.5035624,35.8037756],[129.5035711,35.8037775]]]]}},{"type":"Feature","properties":{"UFID":"100035903071A00110100000004498082"},"geometry":{"type":"MultiPolygon","coordinates":[[[[129.503659,35.8037009],[129.5036701,35.8036278],[129.5036592,35.8034784],[129.5036435,35.8033376],[129.5036396,35.8033199],[129.5036359,35.8033057],[129.5036304,35.8032896],[129.5036243,35.8032766],[129.5036157,35.8032599],[129.5036066,35.8032474],[129.503563,35.8032028],[129.5035305,35.8031737],[129.5034678,35.8031156],[129.5034225,35.8031529],[129.5034871,35.8032214],[129.5035756,35.8033285],[129.5035809,35.8033391],[129.5035833,35.8033502],[129.5035975,35.8035633],[129.5036002,35.8036604],[129.5035987,35.8036729],[129.5035973,35.8036822],[129.503595,35.8036902],[129.5035919,35.8036969],[129.5035873,35.8037044],[129.503659,35.8037009]]]]}},{"type":"Feature","properties":{"UFID":"100035903071A00110100000004498083"},"geometry":{"type":"MultiPolygon","coordinates":[[[[129.5024818,35.8041462],[129.5024399,35.8041441],[129.5024293,35.8041414],[129.5024207,35.8041374],[129.5024124,35.8041319],[129.5024071,35.8041248],[129.5024029,35.8041149],[129.5023894,35.8040881],[129.5023826,35.8040768],[129.5023449,35.8040436],[129.5022839,35.8040077],[129.5021966,35.8039548],[129.5020491,35.8038732],[129.5020277,35.8038567],[129.502024,35.8038432],[129.5020216,35.803829],[129.5020206,35.803813],[129.5020225,35.8038003],[129.5020277,35.8037886],[129.5020462,35.8037724],[129.5020547,35.8037664],[129.5019789,35.8037649],[129.5019778,35.8037795],[129.5019745,35.8038037],[129.50197,35.8038254],[129.5019692,35.8038418],[129.5019712,35.8038599],[129.5019833,35.8038764],[129.5020018,35.8038916],[129.5020632,35.8039151],[129.5022965,35.8040467],[129.5023441,35.8040941],[129.5023681,35.8041309],[129.5024008,35.8041642],[129.502444,35.8041814],[129.5024564,35.8041848],[129.5024818,35.8041462]]]]}},{"type":"Feature","properties":{"UFID":"100035903071A00110100000004498084"},"geometry":{"type":"MultiPolygon","coordinates":[[[[129.5023286,35.8035693],[129.5023207,35.8035556],[129.5023123,35.8035415],[129.5022778,35.8035467],[129.5022932,35.8035715],[129.5023286,35.8035693]]]]}},{"type":"Feature","properties":{"UFID":"100035903071A00110100000004498085"},"geometry":{"type":"MultiPolygon","coordinates":[[[[129.5023563,35.8036173],[129.5023286,35.8035693],[129.5022932,35.8035715],[129.502341,35.8036544],[129.5023563,35.8036173]]]]}},{"type":"Feature","properties":{"UFID":"100035903071A00110100000004498086"},"geometry":{"type":"MultiPolygon","coordinates":[[[[129.5025329,35.8037282],[129.5025274,35.8037143],[129.5024948,35.8036301],[129.5024843,35.803603],[129.502449,35.8036081],[129.5023577,35.8036138],[129.5023576,35.8036152],[129.5023567,35.8036167],[129.5023563,35.8036173],[129.502341,35.8036544],[129.5023889,35.8037555],[129.5025329,35.8037282]]]]}},{"type":"Feature","properties":{"UFID":"100035903071A00110100000004498087"},"geometry":{"type":"MultiPolygon","coordinates":[[[[129.5025795,35.8038451],[129.5025329,35.8037282],[129.5023889,35.8037555],[129.5024261,35.8038691],[129.5025795,35.8038451]]]]}},{"type":"Feature","properties":{"UFID":"100035903071A00110100000004498088"},"geometry":{"type":"MultiPolygon","coordinates":[[[[129.5024843,35.803603],[129.5024528,35.8035264],[129.5024348,35.803496],[129.5023952,35.8034236],[129.5023634,35.8034318],[129.5024047,35.8035074],[129.502422,35.8035366],[129.5024507,35.8036063],[129.5024505,35.8036075],[129.502449,35.8036081],[129.5024843,35.803603]]]]}},{"type":"Feature","properties":{"UFID":"100035903071A00110100000004498089"},"geometry":{"type":"MultiPolygon","coordinates":[[[[129.5023889,35.8037555],[129.502341,35.8036544],[129.502341,35.8036559],[129.5023405,35.8036608],[129.5023365,35.8036651],[129.5023279,35.8036677],[129.5023165,35.8036696],[129.5023012,35.8036714],[129.5020431,35.8036858],[129.5020547,35.8037664],[129.5022109,35.8037494],[129.5023636,35.8037361],[129.5023793,35.803744],[129.5023889,35.8037555]]]]}},{"type":"Feature","properties":{"UFID":"100035903071A00110100000004498090"},"geometry":{"type":"MultiPolygon","coordinates":[[[[129.5022778,35.8035467],[129.5022774,35.8035495],[129.5022754,35.8035496],[129.5022691,35.8035473],[129.5021985,35.8035343],[129.5021562,35.803527],[129.5021653,35.803561],[129.5021849,35.8035613],[129.5022576,35.8035692],[129.5022932,35.8035715],[129.5022778,35.8035467]]]]}},{"type":"Feature","properties":{"UFID":"100035903071A00110100000004498091"},"geometry":{"type":"MultiPolygon","coordinates":[[[[129.5021562,35.803527],[129.5021058,35.8035174],[129.5021181,35.8035603],[129.5021653,35.803561],[129.5021562,35.803527]]]]}},{"type":"Feature","properties":{"UFID":"100035903071A00110100000004498092"},"geometry":{"type":"MultiPolygon","coordinates":[[[[129.5018212,35.8037034],[129.5017983,35.8036157],[129.5017871,35.8035908],[129.5017861,35.8035887],[129.5016524,35.803625],[129.5016821,35.8036649],[129.5017113,35.8037128],[129.5017121,35.8037148],[129.5018212,35.8037034]]]]}},{"type":"Feature","properties":{"UFID":"100035903071A00110100000004498093"},"geometry":{"type":"MultiPolygon","coordinates":[[[[129.5019789,35.8037649],[129.5019722,35.8036898],[129.5019004,35.8036938],[129.5018212,35.8037034],[129.5018718,35.803774],[129.5019789,35.8037649]]]]}},{"type":"Feature","properties":{"UFID":"100035903071A00110100000004498094"},"geometry":{"type":"MultiPolygon","coordinates":[[[[129.5020431,35.8036858],[129.5019722,35.8036898],[129.5019789,35.8037649],[129.5020547,35.8037664],[129.5020431,35.8036858]]]]}},{"type":"Feature","properties":{"UFID":"100035903071A00110100000004498095"},"geometry":{"type":"MultiPolygon","coordinates":[[[[129.5018718,35.803774],[129.5018212,35.8037034],[129.5017121,35.8037148],[129.5017699,35.8037875],[129.5018718,35.803774]]]]}},{"type":"Feature","properties":{"UFID":"100035903071A00110100000004498096"},"geometry":{"type":"MultiPolygon","coordinates":[[[[129.5017861,35.8035887],[129.5017774,35.8035701],[129.5016371,35.8036044],[129.5016524,35.803625],[129.5017861,35.8035887]]]]}},{"type":"Feature","properties":{"UFID":"100035903071A00110100000004498097"},"geometry":{"type":"MultiPolygon","coordinates":[[[[129.5021181,35.8035603],[129.5021058,35.8035174],[129.5018864,35.8035181],[129.5018834,35.8035196],[129.5018833,35.8035313],[129.5018823,35.8035408],[129.501809,35.8035635],[129.5017774,35.8035701],[129.5017861,35.8035887],[129.5018731,35.8035768],[129.5018737,35.8035696],[129.5018741,35.8035658],[129.5018771,35.8035628],[129.5018804,35.8035615],[129.5018863,35.8035605],[129.5018951,35.8035602],[129.5019572,35.80356],[129.5020947,35.8035599],[129.5021181,35.8035603]]]]}},{"type":"Feature","properties":{"UFID":"100035903071A00110100000004498098"},"geometry":{"type":"MultiPolygon","coordinates":[[[[129.5017699,35.8037875],[129.5017121,35.8037148],[129.5017102,35.8037168],[129.5016264,35.8037105],[129.5015332,35.8037086],[129.50147,35.8037045],[129.5014605,35.8037034],[129.5014546,35.8037022],[129.5014503,35.8037008],[129.5014459,35.8036959],[129.5014407,35.8036868],[129.5014128,35.8037147],[129.5014143,35.8037174],[129.501414,35.8037215],[129.501393,35.8037812],[129.5013863,35.8037922],[129.5013389,35.803844],[129.5013001,35.8038741],[129.5012272,35.8039036],[129.5011016,35.8039655],[129.5011003,35.8039822],[129.5011206,35.8041692],[129.5015252,35.8041709],[129.5014973,35.8040277],[129.5014971,35.8040221],[129.5015129,35.8039137],[129.5015504,35.8038665],[129.5016815,35.8037992],[129.5017699,35.8037875]]]]}},{"type":"Feature","properties":{"UFID":"100035903071A00110100000004498099"},"geometry":{"type":"MultiPolygon","coordinates":[[[[129.5006037,35.8242009],[129.5005646,35.824187],[129.5004898,35.8242043],[129.5004684,35.8242108],[129.500549,35.8242234],[129.5006037,35.8242009]]]]}},{"type":"Feature","properties":{"UFID":"100035903071A00110100000004498100"},"geometry":{"type":"MultiPolygon","coordinates":[[[[129.5006037,35.8242009],[129.500549,35.8242234],[129.500566,35.8242242],[129.5007086,35.8242365],[129.5007123,35.8242142],[129.5006046,35.8242013],[129.5006037,35.8242009]]]]}},{"type":"Feature","properties":{"UFID":"100035903071A00110100000004498101"},"geometry":{"type":"MultiPolygon","coordinates":[[[[129.5017064,35.8218963],[129.5016978,35.8218568],[129.5016932,35.8218592],[129.5016873,35.8218614],[129.5016834,35.8218617],[129.5015,35.8218873],[129.5014685,35.8218932],[129.5014366,35.8218992],[129.5013323,35.8219264],[129.501291,35.8219401],[129.5012621,35.8219458],[129.5012424,35.8219478],[129.5012072,35.821946],[129.5011616,35.8219349],[129.5011154,35.8219203],[129.5009919,35.8218739],[129.5009034,35.8218404],[129.5008638,35.8218283],[129.5007891,35.8218121],[129.5007533,35.8218073],[129.5007355,35.8218064],[129.5007126,35.8218058],[129.5006885,35.8218058],[129.5006663,35.8218039],[129.5006485,35.8218035],[129.5006165,35.8217977],[129.5006017,35.8217915],[129.5005709,35.8217774],[129.5005573,35.8217706],[129.5005434,35.8217618],[129.5005289,35.8217492],[129.5004847,35.8217111],[129.5004813,35.8217074],[129.5004685,35.8216822],[129.5004321,35.8216989],[129.5004391,35.8217078],[129.5004512,35.8217196],[129.5004592,35.8217285],[129.5005048,35.8217677],[129.5005209,35.8217818],[129.5005383,35.8217928],[129.500554,35.8218007],[129.5005859,35.8218153],[129.500605,35.8218233],[129.5006415,35.8218373],[129.5006753,35.8218432],[129.5007079,35.8218474],[129.5007666,35.8218518],[129.500818,35.8218596],[129.5008592,35.8218696],[129.5009124,35.8218852],[129.5009739,35.8219068],[129.5010981,35.8219535],[129.5011472,35.821969],[129.5011994,35.8219817],[129.5012437,35.821984],[129.50127,35.8219814],[129.5013047,35.8219745],[129.5013475,35.8219603],[129.5014484,35.821934],[129.5014784,35.8219284],[129.5015087,35.8219226],[129.5016893,35.8218975],[129.5017064,35.8218963]]]]}},{"type":"Feature","properties":{"UFID":"100035903071A00110100000004498102"},"geometry":{"type":"MultiPolygon","coordinates":[[[[129.5010617,35.8235631],[129.5009853,35.8235094],[129.500894,35.82357],[129.500806,35.8236301],[129.5007199,35.8236936],[129.5006955,35.823711],[129.500743,35.8237687],[129.5007574,35.8237579],[129.5008434,35.8236997],[129.5008777,35.8236658],[129.500887,35.8236606],[129.5009832,35.8236036],[129.501031,35.8235759],[129.5010617,35.8235631]]]]}},{"type":"Feature","properties":{"UFID":"100035903071A00110100000004498103"},"geometry":{"type":"MultiPolygon","coordinates":[[[[129.5010538,35.8234611],[129.5010466,35.8234614],[129.5010431,35.8234611],[129.501029,35.8234577],[129.5009917,35.8234494],[129.5009284,35.8234293],[129.5008267,35.8233826],[129.5008022,35.8233747],[129.5007738,35.8233677],[129.500745,35.8233634],[129.5007186,35.8233609],[129.5006901,35.8233602],[129.5005641,35.8233759],[129.5005011,35.8233814],[129.5005046,35.8234083],[129.5005684,35.8234027],[129.5006921,35.8233873],[129.5007162,35.8233879],[129.5007401,35.8233901],[129.5007659,35.8233941],[129.5007913,35.8234002],[129.5008124,35.823407],[129.5008715,35.8234342],[129.5009441,35.8234745],[129.5009827,35.8234996],[129.5009853,35.8235094],[129.5010538,35.8234611]]]]}},{"type":"Feature","properties":{"UFID":"100035903071A00110100000004498104"},"geometry":{"type":"MultiPolygon","coordinates":[[[[129.5006955,35.823711],[129.500692,35.8237113],[129.5006487,35.8236515],[129.5006052,35.8235934],[129.5005768,35.8236075],[129.5006202,35.8236654],[129.500672,35.8237369],[129.5006797,35.8237465],[129.5006812,35.8237524],[129.5006809,35.8237537],[129.5006955,35.823711]]]]}},{"type":"Feature","properties":{"UFID":"100035903071A00110100000004498105"},"geometry":{"type":"MultiPolygon","coordinates":[[[[129.500743,35.8237687],[129.5006955,35.823711],[129.5006809,35.8237537],[129.500711,35.8237927],[129.500743,35.8237687]]]]}},{"type":"Feature","properties":{"UFID":"100035903071A00110100000004498106"},"geometry":{"type":"MultiPolygon","coordinates":[[[[129.5011347,35.8235344],[129.5010538,35.8234611],[129.5009853,35.8235094],[129.5010617,35.8235631],[129.5010912,35.8235508],[129.5011347,35.8235344]]]]}},{"type":"Feature","properties":{"UFID":"100035903071A00110100000004498107"},"geometry":{"type":"MultiPolygon","coordinates":[[[[129.5006234,35.8144779],[129.500534,35.8144689],[129.5005339,35.8144694],[129.5005198,35.8144883],[129.5005087,35.8145011],[129.5004899,35.8145114],[129.5004788,35.8145178],[129.5004329,35.814539],[129.500375,35.8145638],[129.5003239,35.8145864],[129.5002569,35.814609],[129.5001972,35.8146419],[129.5001446,35.8146678],[129.5001612,35.8146966],[129.5002532,35.8146524],[129.5003337,35.8146213],[129.5004129,35.8145868],[129.500474,35.8145593],[129.5005529,35.8145117],[129.5006234,35.8144779]]]]}},{"type":"Feature","properties":{"UFID":"100035903071A00110100000004498108"},"geometry":{"type":"MultiPolygon","coordinates":[[[[129.5002984,35.8139128],[129.5002639,35.8138883],[129.5002198,35.8139703],[129.5002014,35.8139931],[129.500186,35.814021],[129.5001808,35.8140295],[129.5001772,35.8140442],[129.5001739,35.8140659],[129.5001744,35.8141077],[129.500249,35.814118],[129.500239,35.8140998],[129.5002353,35.8140872],[129.5002349,35.8140705],[129.5002362,35.8140548],[129.5002386,35.8140353],[129.50025,35.8140013],[129.5002984,35.8139128]]]]}},{"type":"Feature","properties":{"UFID":"100035903071A00110100000004498109"},"geometry":{"type":"MultiPolygon","coordinates":[[[[129.5005697,35.8144117],[129.5005389,35.8144284],[129.5005399,35.8144348],[129.5005394,35.8144513],[129.500534,35.8144689],[129.5006234,35.8144779],[129.5005697,35.8144117]]]]}},{"type":"Feature","properties":{"UFID":"100035903071A00110100000004498110"},"geometry":{"type":"MultiPolygon","coordinates":[[[[129.5005697,35.8144117],[129.5005466,35.81438],[129.500503,35.8143329],[129.5004616,35.8142919],[129.5004224,35.814259],[129.5003697,35.8142194],[129.5003212,35.8141848],[129.5002958,35.8141691],[129.5002685,35.8141524],[129.500249,35.814118],[129.5002281,35.8142091],[129.5002837,35.8142306],[129.5002892,35.8142337],[129.5003006,35.8142353],[129.500356,35.8142605],[129.5003671,35.8142672],[129.5003772,35.8142675],[129.500433,35.814307],[129.500515,35.8143828],[129.5005326,35.8144061],[129.5005375,35.8144199],[129.5005389,35.8144284],[129.5005697,35.8144117]]]]}},{"type":"Feature","properties":{"UFID":"100035903071A00110100000004498111"},"geometry":{"type":"MultiPolygon","coordinates":[[[[129.5005253,35.8135365],[129.5004688,35.8135089],[129.5004478,35.8135463],[129.5003151,35.813793],[129.5003098,35.8138028],[129.500345,35.8138273],[129.5004828,35.813575],[129.5005049,35.8135555],[129.5005253,35.8135365]]]]}},{"type":"Feature","properties":{"UFID":"100035903071A00110100000004498112"},"geometry":{"type":"MultiPolygon","coordinates":[[[[129.500249,35.814118],[129.5001744,35.8141077],[129.5001746,35.8141203],[129.5001696,35.8141695],[129.5001645,35.814184],[129.5002281,35.8142091],[129.500249,35.814118]]]]}},{"type":"Feature","properties":{"UFID":"100035903071A00110100000004498113"},"geometry":{"type":"MultiPolygon","coordinates":[[[[129.5006131,35.8134183],[129.5005333,35.8133821],[129.5005031,35.813448],[129.5004688,35.8135089],[129.5005253,35.8135365],[129.5006131,35.8134183]]]]}},{"type":"Feature","properties":{"UFID":"100035903071A00110100000004498114"},"geometry":{"type":"MultiPolygon","coordinates":[[[[129.5007028,35.8131508],[129.5006726,35.8131394],[129.5006674,35.8131504],[129.5006291,35.8132224],[129.5005936,35.8132742],[129.5005748,35.8133018],[129.5006054,35.8133117],[129.5006226,35.8132874],[129.5006589,35.8132344],[129.5006981,35.8131607],[129.5007028,35.8131508]]]]}},{"type":"Feature","properties":{"UFID":"100035903071A00110100000004498115"},"geometry":{"type":"MultiPolygon","coordinates":[[[[129.5006054,35.8133117],[129.5005748,35.8133018],[129.5005591,35.8133274],[129.5005478,35.8133503],[129.5005333,35.8133821],[129.5006131,35.8134183],[129.5006049,35.8133686],[129.5006045,35.8133495],[129.5006054,35.8133117]]]]}},{"type":"Feature","properties":{"UFID":"100035903071A00110100000004498116"},"geometry":{"type":"MultiPolygon","coordinates":[[[[129.5002682,35.8216653],[129.500239,35.821649],[129.5002365,35.8216516],[129.5002295,35.8216542],[129.5002087,35.8216977],[129.5002404,35.8216799],[129.5002568,35.8216738],[129.5002656,35.8216676],[129.5002682,35.8216653]]]]}},{"type":"Feature","properties":{"UFID":"100035903071A00110100000004498117"},"geometry":{"type":"MultiPolygon","coordinates":[[[[129.5002669,35.8215941],[129.5002599,35.8215919],[129.5001466,35.8215441],[129.500142,35.8215413],[129.5001369,35.8215374],[129.5001113,35.8215549],[129.5001207,35.8215621],[129.500129,35.8215671],[129.5002467,35.8216168],[129.5002514,35.8216227],[129.5002669,35.8215941]]]]}},{"type":"Feature","properties":{"UFID":"100035903071A00110100000004498118"},"geometry":{"type":"MultiPolygon","coordinates":[[[[129.500435,35.8215236],[129.5004124,35.8215295],[129.5002827,35.821544],[129.5002915,35.8215672],[129.5003982,35.8215929],[129.5004067,35.8215987],[129.500435,35.8215236]]]]}},{"type":"Feature","properties":{"UFID":"100035903071A00110100000004498119"},"geometry":{"type":"MultiPolygon","coordinates":[[[[129.5002087,35.8216977],[129.5002295,35.8216542],[129.5002278,35.8216547],[129.5002057,35.821656],[129.5002022,35.8216559],[129.5001961,35.8216554],[129.500182,35.8217034],[129.5002087,35.8216977]]]]}},{"type":"Feature","properties":{"UFID":"100035903071A00110100000004498120"},"geometry":{"type":"MultiPolygon","coordinates":[[[[129.5002891,35.8216384],[129.5002514,35.8216227],[129.500239,35.821649],[129.5002682,35.8216653],[129.5002891,35.8216384]]]]}},{"type":"Feature","properties":{"UFID":"100035903071A00110100000004498121"},"geometry":{"type":"MultiPolygon","coordinates":[[[[129.5002087,35.8216977],[129.500182,35.8217034],[129.5001826,35.8217076],[129.5001593,35.8217383],[129.5001254,35.8217818],[129.5001325,35.8217995],[129.5001441,35.8217925],[129.5001569,35.8217766],[129.5001979,35.8217123],[129.5002087,35.8216977]]]]}},{"type":"Feature","properties":{"UFID":"100035903071A00110100000004498122"},"geometry":{"type":"MultiPolygon","coordinates":[[[[129.500435,35.8215236],[129.5004677,35.8215324],[129.5004735,35.8215253],[129.500494,35.8214941],[129.5004977,35.821486],[129.5005079,35.8214742],[129.5005109,35.8214676],[129.500516,35.8214502],[129.5005163,35.8214445],[129.5005163,35.821438],[129.5005119,35.8213803],[129.500509,35.8213617],[129.5005031,35.8212846],[129.5004699,35.8212863],[129.5004752,35.8213537],[129.5004752,35.8213553],[129.5004614,35.8214776],[129.5004591,35.8214899],[129.500445,35.8215114],[129.500435,35.8215236]]]]}},{"type":"Feature","properties":{"UFID":"100035903071A00110100000004498123"},"geometry":{"type":"MultiPolygon","coordinates":[[[[129.5004034,35.8216275],[129.5003993,35.8216277],[129.5003982,35.8216275],[129.5003616,35.8216192],[129.5003072,35.8216053],[129.5002891,35.8216384],[129.500293,35.8216378],[129.5002989,35.8216382],[129.50034,35.8216458],[129.5003516,35.8216491],[129.5003802,35.8216607],[129.500391,35.8216656],[129.5004128,35.8216808],[129.5004321,35.8216989],[129.5004034,35.8216275]]]]}},{"type":"Feature","properties":{"UFID":"100035903071A00110100000004498124"},"geometry":{"type":"MultiPolygon","coordinates":[[[[129.5004468,35.8216043],[129.5004067,35.8215987],[129.5004104,35.821603],[129.5004121,35.8216078],[129.5004125,35.8216218],[129.5004079,35.8216256],[129.5004034,35.8216275],[129.5004493,35.8216275],[129.5004468,35.8216043]]]]}},{"type":"Feature","properties":{"UFID":"100035903071A00110100000004498125"},"geometry":{"type":"MultiPolygon","coordinates":[[[[129.5003072,35.8216053],[129.5003011,35.8216037],[129.5002813,35.8215987],[129.5002669,35.8215941],[129.5002514,35.8216227],[129.5002891,35.8216384],[129.5003072,35.8216053]]]]}},{"type":"Feature","properties":{"UFID":"100035903071A00110100000004498126"},"geometry":{"type":"MultiPolygon","coordinates":[[[[129.5004677,35.8215324],[129.500435,35.8215236],[129.5004067,35.8215987],[129.5004468,35.8216043],[129.50045,35.8215612],[129.5004523,35.8215533],[129.5004533,35.8215503],[129.5004543,35.8215488],[129.5004677,35.8215324]]]]}},{"type":"Feature","properties":{"UFID":"100035903071A00110100000004498127"},"geometry":{"type":"MultiPolygon","coordinates":[[[[129.5004685,35.8216822],[129.5004642,35.8216737],[129.5004504,35.8216379],[129.5004493,35.8216275],[129.5004034,35.8216275],[129.5004321,35.8216989],[129.5004685,35.8216822]]]]}},{"type":"Feature","properties":{"UFID":"100035903071A00110100000004498128"},"geometry":{"type":"MultiPolygon","coordinates":[[[[129.50165,35.8067688],[129.5016198,35.8067135],[129.5016099,35.8067172],[129.5011662,35.8068876],[129.501052,35.8069289],[129.5010879,35.8069845],[129.50165,35.8067688]]]]}},{"type":"Feature","properties":{"UFID":"100035903071A00110100000004498129"},"geometry":{"type":"MultiPolygon","coordinates":[[[[129.500464,35.8065641],[129.5004642,35.8065366],[129.5004626,35.8065371],[129.5004412,35.8065381],[129.5004105,35.8065386],[129.5003921,35.8065359],[129.5003817,35.8065662],[129.5003833,35.8065666],[129.5004078,35.8065657],[129.5004425,35.8065651],[129.500464,35.8065641]]]]}},{"type":"Feature","properties":{"UFID":"100035903071A00110100000004498130"},"geometry":{"type":"MultiPolygon","coordinates":[[[[129.5003817,35.8065662],[129.5003289,35.8065525],[129.5003272,35.80656],[129.5003232,35.8065679],[129.5003222,35.8065729],[129.5003223,35.8065844],[129.500322,35.8065953],[129.5002718,35.806622],[129.5002041,35.8066562],[129.5001562,35.8066889],[129.5001111,35.8067263],[129.5001253,35.8067382],[129.5001326,35.806726],[129.5001635,35.8067003],[129.5001953,35.8066819],[129.5002323,35.8066661],[129.5002466,35.8066579],[129.5002761,35.8066359],[129.5003316,35.8066056],[129.500363,35.8065838],[129.5003817,35.8065662]]]]}},{"type":"Feature","properties":{"UFID":"100035903071A00110100000004498131"},"geometry":{"type":"MultiPolygon","coordinates":[[[[129.5014697,35.8065985],[129.5014683,35.806564],[129.5014525,35.8065765],[129.5014315,35.8065835],[129.5014009,35.8065913],[129.5013766,35.8065942],[129.5013527,35.8065957],[129.5013405,35.8065963],[129.5013827,35.8066241],[129.5013893,35.8066218],[129.5014583,35.8065985],[129.5014697,35.8065985]]]]}},{"type":"Feature","properties":{"UFID":"100035903071A00110100000004498132"},"geometry":{"type":"MultiPolygon","coordinates":[[[[129.5013827,35.8066241],[129.5013405,35.8065963],[129.501301,35.8066265],[129.5013324,35.8066418],[129.5013827,35.8066241]]]]}},{"type":"Feature","properties":{"UFID":"100035903071A00110100000004498133"},"geometry":{"type":"MultiPolygon","coordinates":[[[[129.5013324,35.8066418],[129.501301,35.8066265],[129.5012518,35.8066452],[129.5011369,35.8066865],[129.5010814,35.806713],[129.5009839,35.8067424],[129.5009447,35.8067481],[129.5008174,35.8067604],[129.500655,35.8067738],[129.5006293,35.806777],[129.5005922,35.8067883],[129.5004533,35.8068509],[129.5004004,35.8068557],[129.5003357,35.8068644],[129.5003248,35.8068606],[129.5002987,35.8068523],[129.5002376,35.8068245],[129.5001788,35.8067986],[129.500146,35.8067753],[129.5001253,35.8067382],[129.5001121,35.8067754],[129.5001702,35.806809],[129.5002398,35.8068391],[129.5003235,35.8068769],[129.5003286,35.806878],[129.5003499,35.8068748],[129.5004116,35.8068672],[129.5004486,35.8068666],[129.5004602,35.8068637],[129.5005139,35.8068414],[129.5005481,35.8068243],[129.5006081,35.8068002],[129.5006256,35.8067938],[129.5006558,35.8067882],[129.5007224,35.8067835],[129.5008198,35.8067728],[129.5009861,35.8067564],[129.5010161,35.8067547],[129.5010363,35.8067522],[129.5010601,35.8067424],[129.5011617,35.8066963],[129.5012695,35.8066549],[129.5013251,35.8066444],[129.5013324,35.8066418]]]]}},{"type":"Feature","properties":{"UFID":"100035903071A00110100000004498134"},"geometry":{"type":"MultiPolygon","coordinates":[[[[129.5015332,35.8065669],[129.5014683,35.806564],[129.5014697,35.8065985],[129.5014949,35.8065987],[129.5015305,35.80661],[129.5015332,35.8065669]]]]}},{"type":"Feature","properties":{"UFID":"100035903071A00110100000004498135"},"geometry":{"type":"MultiPolygon","coordinates":[[[[129.5010879,35.8069845],[129.501052,35.8069289],[129.5010044,35.8069461],[129.500972,35.8069578],[129.5009005,35.8069859],[129.5009246,35.8070235],[129.5010879,35.8069845]]]]}},{"type":"Feature","properties":{"UFID":"100035903071A00110100000004498136"},"geometry":{"type":"MultiPolygon","coordinates":[[[[129.5016798,35.8067574],[129.5016471,35.8067033],[129.5016198,35.8067135],[129.50165,35.8067688],[129.5016798,35.8067574]]]]}},{"type":"Feature","properties":{"UFID":"100035903071A00110100000004498137"},"geometry":{"type":"MultiPolygon","coordinates":[[[[129.5016471,35.8067033],[129.5016356,35.8066821],[129.5016221,35.8066571],[129.5016128,35.8066435],[129.5015999,35.8066285],[129.501578,35.8066123],[129.5015573,35.8065981],[129.5015473,35.8065874],[129.5015332,35.8065669],[129.5015305,35.80661],[129.5015514,35.8066167],[129.5015825,35.8066347],[129.5016048,35.8066732],[129.5016198,35.8067135],[129.5016471,35.8067033]]]]}},{"type":"Feature","properties":{"UFID":"100035903071A00110100000004498138"},"geometry":{"type":"MultiPolygon","coordinates":[[[[129.5005384,35.8065613],[129.5005433,35.8065344],[129.5004642,35.8065366],[129.500464,35.8065641],[129.5005222,35.8065612],[129.5005384,35.8065613]]]]}},{"type":"Feature","properties":{"UFID":"100035903071A00110100000004498139"},"geometry":{"type":"MultiPolygon","coordinates":[[[[129.5001326,35.8058021],[129.5001472,35.8058689],[129.5001644,35.8058694],[129.5003299,35.8058664],[129.5004147,35.8058577],[129.500488,35.8058396],[129.5005634,35.8058066],[129.5006637,35.8057438],[129.500723,35.8056943],[129.5007795,35.8056497],[129.5008502,35.8056316],[129.5008504,35.8056099],[129.5009384,35.8055985],[129.5010627,35.8055728],[129.5011538,35.8055555],[129.5012638,35.8055343],[129.5013278,35.805513],[129.5013709,35.8054866],[129.5014093,35.8054491],[129.5014371,35.8054057],[129.5014604,35.8053628],[129.5015026,35.8053182],[129.5015853,35.8052372],[129.5016003,35.8051842],[129.5015755,35.8051763],[129.5015253,35.8052275],[129.5014403,35.8052167],[129.5014242,35.8052523],[129.5014947,35.8052477],[129.501504,35.8052491],[129.5015099,35.8052572],[129.5015124,35.8052654],[129.5015139,35.8052722],[129.5015136,35.805275],[129.5014565,35.8053224],[129.5014074,35.8054022],[129.501375,35.805457],[129.5013469,35.8054804],[129.5012988,35.8055022],[129.5011889,35.8055268],[129.5008383,35.8055801],[129.5007787,35.8055865],[129.5007775,35.8055863],[129.5006425,35.8056272],[129.5006376,35.8056547],[129.5006054,35.8056957],[129.5005468,35.8057367],[129.5004673,35.8057696],[129.5004127,35.8057855],[129.5003575,35.8058042],[129.5003356,35.8058035],[129.5001394,35.8058018],[129.5001326,35.8058021]]]]}},{"type":"Feature","properties":{"UFID":"100035903071A00110100000004498140"},"geometry":{"type":"MultiPolygon","coordinates":[[[[129.5003921,35.8065359],[129.5003756,35.8065311],[129.5003506,35.8065206],[129.5003405,35.8065141],[129.5003289,35.8065525],[129.5003817,35.8065662],[129.5003921,35.8065359]]]]}},{"type":"Feature","properties":{"UFID":"100035903071A00110100000004498141"},"geometry":{"type":"MultiPolygon","coordinates":[[[[129.5014683,35.806564],[129.5015332,35.8065669],[129.5015247,35.8065546],[129.5015196,35.8065448],[129.5015015,35.8064833],[129.5014729,35.806376],[129.5014372,35.8063953],[129.5014427,35.8064112],[129.5014515,35.8064355],[129.5014869,35.8065181],[129.5014892,35.8065262],[129.501488,35.8065348],[129.5014683,35.806564]]]]}},{"type":"Feature","properties":{"UFID":"100035903071A00110100000004498142"},"geometry":{"type":"MultiPolygon","coordinates":[[[[129.5013405,35.8065963],[129.5013311,35.8065968],[129.5013129,35.8065966],[129.5012981,35.8065952],[129.501258,35.8065762],[129.5012136,35.8065461],[129.5011605,35.8065066],[129.5011132,35.8064669],[129.5011005,35.8064555],[129.5010721,35.8064438],[129.501025,35.8064288],[129.5009697,35.806417],[129.5009253,35.8064152],[129.5008834,35.8064129],[129.5008613,35.8064189],[129.5008499,35.8064202],[129.5008404,35.8064206],[129.5008633,35.8064469],[129.500894,35.8064385],[129.5009195,35.8064343],[129.5009712,35.8064356],[129.501019,35.8064466],[129.5010657,35.8064637],[129.501109,35.8064906],[129.5011732,35.8065372],[129.5012649,35.8066006],[129.5013004,35.8066216],[129.501301,35.8066265],[129.5013405,35.8065963]]]]}},{"type":"Feature","properties":{"UFID":"100035903071A00110100000004498143"},"geometry":{"type":"MultiPolygon","coordinates":[[[[129.5005433,35.8065344],[129.500574,35.8063588],[129.5005741,35.8063584],[129.5005785,35.8063583],[129.5007546,35.806376],[129.5007562,35.8063766],[129.5007579,35.8063772],[129.5007629,35.8063809],[129.500803,35.8064218],[129.5008073,35.8064279],[129.5008047,35.8064615],[129.5008404,35.8064206],[129.5008305,35.8064065],[129.5007871,35.8063622],[129.5007763,35.8063543],[129.50077,35.806352],[129.5007638,35.8063497],[129.5005796,35.8063311],[129.5005593,35.806332],[129.5005445,35.8063442],[129.5005414,35.8063533],[129.5005145,35.8065076],[129.5005136,35.806509],[129.5005066,35.8065158],[129.5005009,35.8065201],[129.5004921,35.8065247],[129.500482,35.8065296],[129.5004737,35.8065332],[129.5004642,35.8065366],[129.5005433,35.8065344]]]]}},{"type":"Feature","properties":{"UFID":"100035903071A00110100000004498144"},"geometry":{"type":"MultiPolygon","coordinates":[[[[129.5008331,35.8064754],[129.5008047,35.8064615],[129.5007921,35.8064787],[129.5007789,35.8064889],[129.5007627,35.8065005],[129.5007432,35.8065132],[129.50072,35.8065253],[129.5007096,35.806529],[129.5006986,35.8065326],[129.500681,35.8065352],[129.5006431,35.8065363],[129.500605,35.806535],[129.5005433,35.8065344],[129.5005384,35.8065613],[129.5006041,35.806562],[129.500643,35.8065633],[129.5006846,35.8065622],[129.5007078,35.8065587],[129.5007224,35.806554],[129.5007358,35.8065492],[129.5007625,35.8065352],[129.500784,35.8065212],[129.5008013,35.8065089],[129.5008183,35.8064957],[129.5008331,35.8064754]]]]}},{"type":"Feature","properties":{"UFID":"100035903071A00110100000004498145"},"geometry":{"type":"MultiPolygon","coordinates":[[[[129.5008633,35.8064469],[129.5008404,35.8064206],[129.5008047,35.8064615],[129.5008331,35.8064754],[129.5008477,35.8064554],[129.5008532,35.8064509],[129.5008633,35.8064469]]]]}}]}