{"type":"FeatureCollection","features":[{"type":"Feature","properties":{"UFID":"100036913080A00110100000000641261"},"geometry":{"type":"MultiPolygon","coordinates":[[[[129.2477101,36.0733108],[129.2476379,36.0733138],[129.2476391,36.0734699],[129.2476399,36.0735198],[129.2476394,36.073532],[129.2477219,36.0735311],[129.2477118,36.0733965],[129.2477101,36.0733108]]]]}},{"type":"Feature","properties":{"UFID":"100036913080A00110100000000641262"},"geometry":{"type":"MultiPolygon","coordinates":[[[[129.2477247,36.0735685],[129.2477219,36.0735311],[129.2476394,36.073532],[129.2476458,36.0735714],[129.2477247,36.0735685]]]]}},{"type":"Feature","properties":{"UFID":"100036913080A00110100000000641263"},"geometry":{"type":"MultiPolygon","coordinates":[[[[129.2479106,36.0742291],[129.2479089,36.0742165],[129.2478962,36.0741325],[129.2478591,36.0740377],[129.2477521,36.0737402],[129.2477406,36.0737044],[129.247731,36.0736526],[129.2477247,36.0735685],[129.2476458,36.0735714],[129.2476483,36.0735781],[129.2476513,36.0736073],[129.2476553,36.0736365],[129.2476713,36.073721],[129.2477778,36.0740129],[129.2478631,36.0742364],[129.2479106,36.0742291]]]]}},{"type":"Feature","properties":{"UFID":"100036913080A00110100000000641264"},"geometry":{"type":"MultiPolygon","coordinates":[[[[129.2469621,36.0702343],[129.2468859,36.0702501],[129.2468894,36.0702544],[129.2469062,36.0703038],[129.2469272,36.0703567],[129.246945,36.0704],[129.2470691,36.0706623],[129.2472629,36.07102],[129.2472907,36.0710601],[129.2473309,36.0711347],[129.2473689,36.0712106],[129.24737,36.0712177],[129.2474351,36.071218],[129.2474166,36.0711838],[129.247246,36.0708342],[129.2469941,36.0703616],[129.2469857,36.0703397],[129.2469741,36.0703007],[129.2469629,36.0702643],[129.2469619,36.0702422],[129.2469621,36.0702343]]]]}},{"type":"Feature","properties":{"UFID":"100036913080A00110100000000641265"},"geometry":{"type":"MultiPolygon","coordinates":[[[[129.2469621,36.0702343],[129.246963,36.0701969],[129.2469635,36.0701645],[129.2468669,36.0701863],[129.2468859,36.0702501],[129.2469621,36.0702343]]]]}},{"type":"Feature","properties":{"UFID":"100036913080A00110100000000641266"},"geometry":{"type":"MultiPolygon","coordinates":[[[[129.2469635,36.0701645],[129.2469636,36.0701567],[129.2469629,36.0701106],[129.2469563,36.0700538],[129.246942,36.0699994],[129.2469239,36.0699461],[129.2469125,36.0699116],[129.2469036,36.0698788],[129.2467915,36.0699208],[129.2468163,36.0699755],[129.2468344,36.0700546],[129.2468673,36.0701831],[129.2468669,36.0701863],[129.2469635,36.0701645]]]]}},{"type":"Feature","properties":{"UFID":"100036913080A00110100000000641366"},"geometry":{"type":"MultiPolygon","coordinates":[[[[129.2431588,36.0553571],[129.2431469,36.0553563],[129.2431346,36.0553533],[129.2431243,36.0553481],[129.2428978,36.0552055],[129.2425407,36.0549899],[129.2422245,36.054805],[129.2418908,36.0546148],[129.2416207,36.054455],[129.2412754,36.0542519],[129.2411164,36.0541511],[129.2411018,36.0541451],[129.241102,36.0542014],[129.2413817,36.0543553],[129.2417104,36.0545468],[129.242327,36.0549076],[129.2425662,36.0550497],[129.2429396,36.0552708],[129.2430317,36.0553295],[129.2430871,36.0553721],[129.2430971,36.0553935],[129.2430985,36.0554038],[129.2431588,36.0553571]]]]}},{"type":"Feature","properties":{"UFID":"100036913080A00110100000000641367"},"geometry":{"type":"MultiPolygon","coordinates":[[[[129.241102,36.0542014],[129.2411018,36.0541451],[129.2410958,36.0541425],[129.2410853,36.0541398],[129.2410751,36.0541396],[129.2410675,36.0541425],[129.2406871,36.0543805],[129.2406768,36.0543839],[129.24066,36.0543868],[129.2406492,36.0543876],[129.2406392,36.0543851],[129.2406751,36.0544191],[129.2410526,36.0541897],[129.2410679,36.0541888],[129.2410864,36.0541929],[129.241102,36.0542014]]]]}},{"type":"Feature","properties":{"UFID":"100036913080A00110100000000641435"},"geometry":{"type":"MultiPolygon","coordinates":[[[[129.2476394,36.073532],[129.247638,36.0735352],[129.2476355,36.0735369],[129.2476289,36.0735376],[129.2475141,36.0735381],[129.2475067,36.0735625],[129.2475466,36.0735621],[129.2476125,36.0735638],[129.24763,36.0735656],[129.2476412,36.073568],[129.2476458,36.0735714],[129.2476394,36.073532]]]]}},{"type":"Feature","properties":{"UFID":"100036913080A00110100000000641436"},"geometry":{"type":"MultiPolygon","coordinates":[[[[129.2468859,36.0702501],[129.2468669,36.0701863],[129.2468653,36.0701877],[129.2468454,36.070192],[129.2468409,36.0701936],[129.2468398,36.0701964],[129.2468417,36.0702292],[129.2468417,36.0702452],[129.2468232,36.0702938],[129.2468168,36.0703063],[129.2467957,36.0703329],[129.2467871,36.0703397],[129.2467795,36.0703435],[129.2467714,36.0703472],[129.2467637,36.0703491],[129.2467547,36.0703495],[129.2467275,36.0703455],[129.246704,36.0703808],[129.2467629,36.070385],[129.2467746,36.070384],[129.2467823,36.0703821],[129.2468465,36.0703566],[129.2468564,36.0703518],[129.2468601,36.0703472],[129.2468626,36.070338],[129.2468779,36.0702612],[129.2468809,36.0702524],[129.2468833,36.0702505],[129.2468859,36.0702501]]]]}},{"type":"Feature","properties":{"UFID":"100036913090A00110100000007078520"},"geometry":{"type":"MultiPolygon","coordinates":[[[[129.2378993,36.0515707],[129.2378044,36.0514585],[129.2377337,36.0513569],[129.2376933,36.0512686],[129.2376585,36.0511495],[129.2375563,36.0506972],[129.2374943,36.0503082],[129.2374347,36.05],[129.2374218,36.049933],[129.2373633,36.0496521],[129.2372668,36.0493198],[129.2370056,36.0486277],[129.2367875,36.0480348],[129.2367542,36.04798],[129.2367098,36.0479163],[129.2366164,36.0478032],[129.2364796,36.0476302],[129.2362839,36.0473943],[129.2360435,36.0470811],[129.2359793,36.0469669],[129.2357287,36.0465235],[129.2355632,36.0462369],[129.2353656,36.0458929],[129.2350955,36.0454289],[129.2350197,36.0454738],[129.2353048,36.0459918],[129.2355724,36.0464331],[129.2357734,36.0467889],[129.2359045,36.0470151],[129.2359728,36.0471226],[129.2360335,36.0472117],[129.2360933,36.0472827],[129.2361604,36.047363],[129.2362146,36.0474339],[129.2362761,36.0475133],[129.2363348,36.0475854],[129.2364099,36.0476706],[129.2364683,36.0477491],[129.2365416,36.0478458],[129.236608,36.0479429],[129.2366647,36.0480305],[129.2367128,36.0481079],[129.2367483,36.0481783],[129.236782,36.0482544],[129.2368105,36.0483269],[129.2368406,36.048401],[129.2368653,36.0484777],[129.23689,36.0485441],[129.2369152,36.0486056],[129.2369294,36.0486527],[129.2370633,36.0490267],[129.2371402,36.0492342],[129.2372581,36.0496469],[129.2372865,36.0497509],[129.2373098,36.0498419],[129.2373194,36.0498977],[129.2373389,36.05],[129.2373461,36.0500381],[129.2373917,36.050262],[129.2373972,36.050293],[129.2374105,36.0502933],[129.2374678,36.0506102],[129.2375161,36.0508864],[129.2375502,36.0510604],[129.2375848,36.0511821],[129.2376255,36.0512923],[129.2376771,36.0513899],[129.2377349,36.0514771],[129.2377963,36.0515608],[129.2378023,36.0516152],[129.2378993,36.0515707]]]]}},{"type":"Feature","properties":{"UFID":"100036913080A00110100000007094829"},"geometry":{"type":"MultiPolygon","coordinates":[[[[129.2499376,36.06113],[129.2498981,36.0610727],[129.2498954,36.0610758],[129.2497538,36.0611226],[129.2495639,36.0611829],[129.2493626,36.061242],[129.2491421,36.0613021],[129.2489415,36.06135],[129.2488962,36.0613604],[129.2488348,36.0613744],[129.2487365,36.061397],[129.2485434,36.0614364],[129.2483358,36.0614726],[129.2482544,36.0614854],[129.248289,36.0615833],[129.2484929,36.0615468],[129.2486907,36.0615081],[129.2488556,36.0614596],[129.2489176,36.0614413],[129.248962,36.0614282],[129.2493081,36.0613294],[129.2496252,36.0612373],[129.2498049,36.0611816],[129.2499376,36.06113]]]]}},{"type":"Feature","properties":{"UFID":"100036913080A00110100000007094830"},"geometry":{"type":"MultiPolygon","coordinates":[[[[129.2485612,36.0614177],[129.2487843,36.0613729],[129.2488318,36.061362],[129.2488929,36.0613478],[129.2490346,36.061315],[129.2492687,36.0612545],[129.2495137,36.0611856],[129.2497136,36.0611242],[129.249894,36.0610667],[129.2494652,36.0610098],[129.2491839,36.0610857],[129.2489026,36.0611593],[129.2488464,36.0611721],[129.2487886,36.0611852],[129.248621,36.0612232],[129.2483685,36.0612693],[129.2481063,36.0613149],[129.2478172,36.0613543],[129.2476932,36.0613675],[129.2475229,36.0613861],[129.247494,36.0613881],[129.2474287,36.0613925],[129.247334,36.0613989],[129.2471401,36.0614107],[129.246854,36.0614263],[129.2465696,36.0614369],[129.2463302,36.0614355],[129.246104,36.0614295],[129.2458878,36.0614188],[129.2456535,36.0614037],[129.245361,36.0613811],[129.245015,36.0613442],[129.2449127,36.0613265],[129.2448461,36.0613183],[129.244842,36.0613262],[129.2448137,36.0614921],[129.2448139,36.0615011],[129.2448838,36.06151],[129.245002,36.0615259],[129.245407,36.0615721],[129.2456984,36.0615938],[129.2459466,36.0616049],[129.2461985,36.0616144],[129.2464885,36.0616187],[129.2467126,36.0616174],[129.2469376,36.061608],[129.2471928,36.0615895],[129.2473898,36.0615721],[129.247411,36.0615699],[129.2475654,36.0615623],[129.2475681,36.0615621],[129.2476274,36.0615559],[129.2477937,36.0615383],[129.2480387,36.0615058],[129.2482988,36.0614666],[129.2485612,36.0614177]]]]}},{"type":"Feature","properties":{"UFID":"100036913080A00110100000007094888"},"geometry":{"type":"MultiPolygon","coordinates":[[[[129.2499931,36.0606826],[129.2499696,36.0606336],[129.2499208,36.060653],[129.2497676,36.0606991],[129.2495668,36.0607493],[129.2494237,36.0607782],[129.2491758,36.0608184],[129.2489892,36.060849],[129.2488542,36.0608632],[129.2488176,36.0608623],[129.2488234,36.0609403],[129.2488515,36.0609202],[129.2489305,36.0609042],[129.2493174,36.0608406],[129.2495217,36.0608047],[129.249656,36.0607746],[129.2498014,36.0607367],[129.2499931,36.0606826]]]]}},{"type":"Feature","properties":{"UFID":"100036913080A00110100000007094917"},"geometry":{"type":"MultiPolygon","coordinates":[[[[129.2499946,36.0585815],[129.2497902,36.0584498],[129.2497152,36.0584071],[129.2496176,36.0583405],[129.2495245,36.0582734],[129.2494575,36.0582973],[129.249574,36.0583814],[129.2496746,36.05845],[129.2497503,36.0584932],[129.2499744,36.0586375],[129.2499946,36.0585815]]]]}},{"type":"Feature","properties":{"UFID":"100036913080A00110100000007094918"},"geometry":{"type":"MultiPolygon","coordinates":[[[[129.2499149,36.0554239],[129.2498953,36.0553985],[129.2498906,36.055386],[129.2498881,36.0553684],[129.2498857,36.0553424],[129.249885,36.0553159],[129.2498831,36.055285],[129.2498711,36.0552028],[129.2498713,36.0551572],[129.2498848,36.0551193],[129.2499896,36.0549521],[129.2499957,36.0549411],[129.249973,36.0549335],[129.2498709,36.0550963],[129.2498514,36.0551022],[129.249849,36.0551045],[129.2498312,36.0551389],[129.2498378,36.0552043],[129.2498499,36.0552873],[129.2498517,36.0553169],[129.2498525,36.0553437],[129.2498572,36.0553959],[129.2498624,36.0554248],[129.2498736,36.0554483],[129.2498756,36.0554507],[129.2499149,36.0554239]]]]}},{"type":"Feature","properties":{"UFID":"100036913080A00110100000007094924"},"geometry":{"type":"MultiPolygon","coordinates":[[[[129.24998,36.0605875],[129.2499065,36.0605694],[129.2498692,36.0605825],[129.2499087,36.0605925],[129.2499394,36.0606053],[129.24998,36.0605875]]]]}},{"type":"Feature","properties":{"UFID":"100036913080A00110100000007094925"},"geometry":{"type":"MultiPolygon","coordinates":[[[[129.2499065,36.0605694],[129.2497961,36.0605417],[129.2497224,36.0605197],[129.2496607,36.0605073],[129.2496081,36.0604926],[129.2495571,36.0604642],[129.2494077,36.0603829],[129.2493884,36.0604049],[129.2495395,36.0604872],[129.24958,36.0605061],[129.2496422,36.060525],[129.2498692,36.0605825],[129.2499065,36.0605694]]]]}},{"type":"Feature","properties":{"UFID":"100036913080A00110100000007094926"},"geometry":{"type":"MultiPolygon","coordinates":[[[[129.2499328,36.0601162],[129.2498685,36.0601006],[129.2496608,36.0600435],[129.2493494,36.0599411],[129.249216,36.0599002],[129.2492013,36.0598814],[129.2491933,36.0598642],[129.2491489,36.0599225],[129.2491829,36.059919],[129.2493373,36.0599663],[129.2496492,36.0600688],[129.2498584,36.0601264],[129.2499232,36.0601421],[129.2499328,36.0601162]]]]}},{"type":"Feature","properties":{"UFID":"100036913090A00110100000007094991"},"geometry":{"type":"MultiPolygon","coordinates":[[[[129.2420845,36.0501086],[129.2420642,36.0500498],[129.2420591,36.0500292],[129.242053,36.05],[129.2420497,36.049984],[129.2420317,36.0498881],[129.2420111,36.0497053],[129.241994,36.0495801],[129.2419833,36.0495365],[129.2419702,36.0495005],[129.2419535,36.0494685],[129.2419421,36.0494505],[129.2419277,36.0494359],[129.2419108,36.049426],[129.2418616,36.0494046],[129.2405509,36.0490109],[129.240524,36.0490018],[129.240522,36.0490563],[129.2405331,36.0490585],[129.2418365,36.0494499],[129.2418785,36.0494682],[129.2418853,36.0494721],[129.2418905,36.0494775],[129.2418981,36.0494895],[129.2419126,36.0495173],[129.241924,36.0495484],[129.2419337,36.0495877],[129.2419504,36.0497103],[129.2419711,36.0498941],[129.2419894,36.0499918],[129.2419911,36.05],[129.241999,36.0500383],[129.2420049,36.0500615],[129.2420254,36.050121],[129.2420845,36.0501086]]]]}},{"type":"Feature","properties":{"UFID":"100036913090A00110100000007094992"},"geometry":{"type":"MultiPolygon","coordinates":[[[[129.2440214,36.0495437],[129.2439705,36.0495267],[129.2439721,36.0495434],[129.2439695,36.0495636],[129.2439688,36.049568],[129.2439618,36.0496008],[129.2439513,36.0496764],[129.2439423,36.0497737],[129.2439359,36.0498078],[129.2439268,36.0498316],[129.2439033,36.049879],[129.2438965,36.0498992],[129.2438804,36.0499575],[129.2438733,36.05],[129.2438733,36.0500004],[129.2438687,36.0502333],[129.243902,36.0502337],[129.2439069,36.05],[129.2439132,36.0499623],[129.2439288,36.0499057],[129.2439349,36.0498877],[129.2439582,36.0498407],[129.2439684,36.0498138],[129.2439754,36.0497767],[129.2439844,36.0496789],[129.2439948,36.0496047],[129.2440011,36.0495748],[129.2440059,36.0495636],[129.2440214,36.0495437]]]]}},{"type":"Feature","properties":{"UFID":"100036913090A00110100000007094993"},"geometry":{"type":"MultiPolygon","coordinates":[[[[129.2432524,36.0472844],[129.2432203,36.0472132],[129.2432198,36.0472344],[129.2432161,36.0472467],[129.2432108,36.0472587],[129.2431944,36.0472817],[129.2430529,36.0475235],[129.243025,36.0476355],[129.242926,36.0478467],[129.2424662,36.048796],[129.2422568,36.0492379],[129.2422559,36.0492399],[129.2422487,36.0492633],[129.2422434,36.0492749],[129.2422171,36.0493318],[129.2421671,36.0494566],[129.242151,36.0495158],[129.2421344,36.0496063],[129.2421316,36.0496589],[129.2421268,36.049745],[129.2421342,36.0498412],[129.2421622,36.05],[129.2421623,36.0500005],[129.2421814,36.0500761],[129.2422027,36.050128],[129.2422543,36.0502395],[129.2422739,36.0502909],[129.242275,36.050297],[129.2422723,36.0503195],[129.242327,36.0503505],[129.2423231,36.0503308],[129.2423065,36.050285],[129.2422858,36.0502308],[129.2422341,36.050119],[129.2422136,36.050069],[129.2421958,36.05],[129.2421673,36.0498385],[129.2421601,36.0497448],[129.2421648,36.0496601],[129.2421676,36.0496089],[129.2421838,36.0495207],[129.2421993,36.0494637],[129.2422485,36.0493407],[129.2422732,36.0492872],[129.2422889,36.0492454],[129.2424972,36.0488058],[129.2429571,36.0478565],[129.2430562,36.0476449],[129.2430845,36.0475354],[129.2432242,36.0472939],[129.2432524,36.0472844]]]]}},{"type":"Feature","properties":{"UFID":"100036913090A00110100000007094994"},"geometry":{"type":"MultiPolygon","coordinates":[[[[129.2434401,36.0494207],[129.2433995,36.0493953],[129.2432831,36.0495339],[129.2432276,36.0495961],[129.2430446,36.0497953],[129.2429626,36.0498819],[129.2429044,36.0499392],[129.2428744,36.0499636],[129.2428588,36.0499762],[129.2428303,36.05],[129.2425052,36.0502678],[129.242406,36.0503542],[129.242388,36.0503582],[129.2423681,36.050359],[129.2424119,36.0503913],[129.2424318,36.0503713],[129.2425292,36.0502865],[129.2428027,36.0500612],[129.2428767,36.05],[129.2428824,36.0499952],[129.2428979,36.0499828],[129.2429291,36.0499574],[129.2429886,36.0498987],[129.2430711,36.0498116],[129.2432545,36.0496122],[129.2433344,36.0495223],[129.2434169,36.0494353],[129.2434401,36.0494207]]]]}},{"type":"Feature","properties":{"UFID":"100036913090A00110100000007094995"},"geometry":{"type":"MultiPolygon","coordinates":[[[[129.2454466,36.0494664],[129.2454048,36.0494261],[129.2454043,36.0494282],[129.2454036,36.0494317],[129.2453408,36.0497144],[129.2452828,36.05],[129.2452552,36.0501434],[129.2452083,36.0504025],[129.245254,36.050402],[129.2452787,36.0502684],[129.2453334,36.05],[129.24539,36.0497213],[129.2454466,36.0494664]]]]}},{"type":"Feature","properties":{"UFID":"100036913080A00110100000007094997"},"geometry":{"type":"MultiPolygon","coordinates":[[[[129.2469667,36.0503711],[129.2468884,36.0503324],[129.2468379,36.0503083],[129.2468451,36.0502579],[129.2468574,36.0502385],[129.2469312,36.0501372],[129.2469425,36.050113],[129.2469529,36.0500615],[129.2469594,36.05],[129.2469676,36.049918],[129.2469716,36.0498932],[129.2469838,36.0498765],[129.2469348,36.0498726],[129.2469347,36.0498787],[129.2469343,36.0499168],[129.246926,36.05],[129.2469199,36.0500581],[129.2469102,36.0501059],[129.246901,36.0501255],[129.2468283,36.0502254],[129.246791,36.050284],[129.2467714,36.050309],[129.2468077,36.0503252],[129.2468713,36.0503556],[129.2469483,36.0503936],[129.2469527,36.0503962],[129.2469667,36.0503711]]]]}},{"type":"Feature","properties":{"UFID":"100036913080A00110100000007094998"},"geometry":{"type":"MultiPolygon","coordinates":[[[[129.2487333,36.0499759],[129.2487252,36.0499497],[129.248706,36.0499532],[129.2486426,36.0499676],[129.2484709,36.05],[129.2483887,36.0500102],[129.2483537,36.0500168],[129.2482627,36.0500395],[129.2481517,36.0500777],[129.2478576,36.0501902],[129.2477252,36.050237],[129.2475724,36.0502779],[129.2474844,36.0502941],[129.2471007,36.0503506],[129.2470389,36.0503642],[129.2469667,36.0503711],[129.2470158,36.0504017],[129.2470499,36.0503898],[129.2471081,36.050377],[129.2471999,36.050362],[129.2474911,36.0503206],[129.2475813,36.050304],[129.2477371,36.0502622],[129.2478713,36.0502149],[129.2481653,36.0501024],[129.2482741,36.0500649],[129.2483623,36.0500429],[129.2483953,36.0500367],[129.2484689,36.0500261],[129.2486181,36.05],[129.2486509,36.0499938],[129.2487149,36.0499793],[129.2487333,36.0499759]]]]}},{"type":"Feature","properties":{"UFID":"100036913080A00110100000007095000"},"geometry":{"type":"MultiPolygon","coordinates":[[[[129.2398787,36.0499605],[129.2398106,36.0499213],[129.2397677,36.0499704],[129.2397444,36.05],[129.2395901,36.0501967],[129.2394498,36.0503922],[129.2393208,36.0505447],[129.2392077,36.0506695],[129.239101,36.0507737],[129.2389996,36.0508504],[129.2388119,36.0510152],[129.2388639,36.0510413],[129.2390631,36.0509133],[129.2391737,36.0508295],[129.2392864,36.0507195],[129.2394022,36.0505918],[129.2395342,36.0504357],[129.2396754,36.050239],[129.2398535,36.05],[129.2398787,36.0499605]]]]}},{"type":"Feature","properties":{"UFID":"100036913080A00110100000007095001"},"geometry":{"type":"MultiPolygon","coordinates":[[[[129.2392497,36.0497424],[129.2392069,36.0497314],[129.2392066,36.0497321],[129.2392017,36.0497404],[129.239049,36.05],[129.2389236,36.0502065],[129.2385871,36.0507745],[129.2383274,36.0512018],[129.2383056,36.0512358],[129.2383456,36.0512514],[129.238367,36.0512181],[129.238627,36.0507903],[129.2389635,36.0502222],[129.2390982,36.05],[129.2392418,36.0497559],[129.2392466,36.0497476],[129.2392497,36.0497424]]]]}},{"type":"Feature","properties":{"UFID":"100036914071A00110100000007095003"},"geometry":{"type":"MultiPolygon","coordinates":[[[[129.2527863,36.0503058],[129.2527933,36.0502154],[129.2527891,36.0502278],[129.2527851,36.0502362],[129.252778,36.0502463],[129.2527696,36.0502552],[129.252747,36.0502688],[129.2524727,36.0503417],[129.2523391,36.0503883],[129.2520633,36.0504903],[129.2517828,36.0505932],[129.2515678,36.0506682],[129.2513718,36.0507429],[129.2511878,36.050821],[129.2509635,36.0509258],[129.2508367,36.0509824],[129.2508118,36.0509925],[129.2507817,36.0510046],[129.2507621,36.0510131],[129.2507254,36.0510286],[129.2505771,36.0510981],[129.2502752,36.0512298],[129.2500456,36.0513422],[129.25,36.051355],[129.2498951,36.0514205],[129.2499259,36.051458],[129.25,36.0514267],[129.2500742,36.0513808],[129.2503027,36.051269],[129.2506039,36.0511376],[129.2507889,36.0510526],[129.2507987,36.0510483],[129.2508325,36.0510337],[129.2509904,36.0509652],[129.2512145,36.0508606],[129.2513965,36.0507833],[129.2515906,36.0507093],[129.2518051,36.0506345],[129.2520863,36.0505314],[129.2523616,36.0504296],[129.2524923,36.0503839],[129.2527863,36.0503058]]]]}},{"type":"Feature","properties":{"UFID":"100036914071A00110100000007095005"},"geometry":{"type":"MultiPolygon","coordinates":[[[[129.2514372,36.0513471],[129.2513943,36.0513042],[129.25131,36.0513398],[129.2510202,36.0514634],[129.25,36.0519087],[129.2497068,36.0520489],[129.2497005,36.05206],[129.2496961,36.0520791],[129.2497102,36.0521266],[129.2497123,36.0521416],[129.2497346,36.052145],[129.2497466,36.0521238],[129.249761,36.0520995],[129.2497865,36.0520752],[129.25,36.0519683],[129.2510514,36.0515112],[129.2513409,36.0513877],[129.2514372,36.0513471]]]]}},{"type":"Feature","properties":{"UFID":"100036914071A00110100000007095009"},"geometry":{"type":"MultiPolygon","coordinates":[[[[129.2526081,36.0529437],[129.2526263,36.0528417],[129.2525953,36.0528928],[129.2525125,36.0528972],[129.252418,36.0529124],[129.2519482,36.0529772],[129.2516852,36.0530209],[129.2515401,36.0530453],[129.2514659,36.0530578],[129.2514511,36.0530563],[129.2512818,36.0529934],[129.2511143,36.0529383],[129.2509152,36.0528776],[129.2507269,36.0528038],[129.2505832,36.0527412],[129.2504523,36.0526278],[129.2503187,36.0525446],[129.2501999,36.0524898],[129.2501554,36.0524645],[129.2500983,36.052453],[129.25,36.0524482],[129.2499761,36.0524477],[129.249919,36.0524501],[129.249868,36.0524539],[129.2498352,36.0524536],[129.2498072,36.0524517],[129.2497751,36.0524447],[129.2496967,36.0524134],[129.2496619,36.0523982],[129.2496603,36.0523968],[129.2496579,36.0523941],[129.249657,36.0523905],[129.2496569,36.0523867],[129.2496574,36.0523795],[129.2496859,36.0523102],[129.2497143,36.0522548],[129.2497328,36.0522024],[129.2497354,36.0521934],[129.2497363,36.0521861],[129.2497361,36.0521782],[129.2497346,36.052145],[129.2497123,36.0521416],[129.2497131,36.0521477],[129.2497136,36.0521634],[129.2497136,36.052178],[129.249711,36.0521954],[129.2496989,36.0522334],[129.249654,36.0523259],[129.2496111,36.0523962],[129.249609,36.0524028],[129.2496105,36.0524074],[129.249618,36.0524135],[129.2497525,36.0524609],[129.2498053,36.0524774],[129.2498394,36.0524824],[129.2498668,36.0524817],[129.2499035,36.0524737],[129.2499555,36.0524689],[129.25,36.0524683],[129.2500512,36.0524697],[129.2501088,36.052475],[129.2501774,36.0524939],[129.2502555,36.052536],[129.250327,36.0525769],[129.2504176,36.0526437],[129.2505723,36.052769],[129.2509249,36.0529135],[129.2511934,36.052991],[129.2514188,36.0530789],[129.251443,36.0530841],[129.2514553,36.0530845],[129.2515005,36.0530794],[129.2515271,36.0530719],[129.2515409,36.0530697],[129.2519541,36.0530037],[129.252424,36.052939],[129.2525168,36.052924],[129.252585,36.0529204],[129.2525966,36.0529243],[129.2526014,36.0529273],[129.252604,36.0529313],[129.2526081,36.0529437]]]]}},{"type":"Feature","properties":{"UFID":"100036913080A00110100000007095010"},"geometry":{"type":"MultiPolygon","coordinates":[[[[129.252599,36.050694],[129.2524917,36.050506],[129.2516441,36.0508424],[129.2505207,36.051331],[129.25,36.0515721],[129.2487457,36.0522055],[129.2472605,36.0529748],[129.2469672,36.0531334],[129.2472621,36.0532288],[129.2474076,36.0531434],[129.2489197,36.0523356],[129.2498412,36.0518943],[129.25,36.0518095],[129.2500602,36.051781],[129.2508615,36.0514071],[129.2516377,36.0510742],[129.252211,36.0508401],[129.252599,36.050694]]]]}},{"type":"Feature","properties":{"UFID":"100036913080A00110100000007095011"},"geometry":{"type":"MultiPolygon","coordinates":[[[[129.2501084,36.0537769],[129.2500645,36.0537742],[129.25,36.0537704],[129.249805,36.0537691],[129.2497263,36.0537663],[129.2496862,36.0537617],[129.2496673,36.0537569],[129.2496674,36.0537896],[129.2496968,36.0537919],[129.2497245,36.0537933],[129.2498041,36.0537961],[129.25,36.0537974],[129.250062,36.0538012],[129.2500673,36.0538015],[129.2500789,36.0538048],[129.2500825,36.0538071],[129.2500836,36.05381],[129.2501084,36.0537769]]]]}},{"type":"Feature","properties":{"UFID":"100036913080A00110100000007095012"},"geometry":{"type":"MultiPolygon","coordinates":[[[[129.2500157,36.0545811],[129.2500052,36.0544631],[129.25,36.0544634],[129.2498882,36.0544747],[129.2497193,36.0544793],[129.2493863,36.0545049],[129.2492355,36.054519],[129.2492269,36.0546204],[129.2492342,36.0546162],[129.2492634,36.0546073],[129.2493109,36.0546057],[129.249319,36.0546048],[129.2496063,36.0546177],[129.2496507,36.0546207],[129.2496902,36.0546232],[129.2497292,36.054624],[129.2497576,36.0546231],[129.2497886,36.0546219],[129.2498152,36.0546198],[129.249843,36.0546167],[129.249872,36.0546119],[129.25,36.0545827],[129.2500123,36.0545799],[129.2500157,36.0545811]]]]}},{"type":"Feature","properties":{"UFID":"100036914071A00110100000007095014"},"geometry":{"type":"MultiPolygon","coordinates":[[[[129.2501228,36.0545453],[129.2500157,36.0545811],[129.2500193,36.0545884],[129.2500408,36.0546445],[129.2500428,36.0546544],[129.2500433,36.054666],[129.2500412,36.0546895],[129.2500376,36.054721],[129.2500219,36.0547703],[129.25,36.0548142],[129.2499672,36.05488],[129.2499657,36.0548865],[129.2499679,36.0548938],[129.2499795,36.0549203],[129.2499794,36.0549234],[129.249973,36.0549335],[129.2499957,36.0549411],[129.25,36.0549332],[129.2500854,36.0547764],[129.2500965,36.0547482],[129.2501022,36.0547281],[129.2501055,36.0546233],[129.2501142,36.0545657],[129.2501177,36.0545552],[129.2501228,36.0545453]]]]}},{"type":"Feature","properties":{"UFID":"100036913080A00110100000007095016"},"geometry":{"type":"MultiPolygon","coordinates":[[[[129.2500954,36.0555623],[129.25,36.0554943],[129.2499387,36.0554469],[129.2499149,36.0554239],[129.2498756,36.0554507],[129.2498982,36.0554778],[129.25,36.0555565],[129.2500478,36.0556001],[129.2500954,36.0555623]]]]}},{"type":"Feature","properties":{"UFID":"100036913080A00110100000007095022"},"geometry":{"type":"MultiPolygon","coordinates":[[[[129.2507126,36.058471],[129.2507075,36.0584711],[129.2507024,36.0584703],[129.2506972,36.0584693],[129.2506635,36.0584623],[129.25054,36.0583862],[129.2503727,36.0583047],[129.2502632,36.0582641],[129.2501701,36.0582438],[129.2500553,36.0582295],[129.25,36.0582245],[129.2499219,36.0582185],[129.2498998,36.0582139],[129.2498781,36.0582059],[129.2498654,36.0581986],[129.2498133,36.0581608],[129.2497684,36.0581059],[129.2497487,36.0580813],[129.2497238,36.0580527],[129.2496692,36.0579873],[129.2496343,36.0579497],[129.2496043,36.057923],[129.2495714,36.0578967],[129.2495394,36.0578756],[129.2495045,36.0578573],[129.249473,36.0578424],[129.249432,36.0578227],[129.2493445,36.0577661],[129.2493045,36.0578449],[129.2494566,36.0579356],[129.2496464,36.0580625],[129.2497603,36.058155],[129.2497894,36.0581797],[129.2498314,36.0582102],[129.2498765,36.0582266],[129.2499346,36.0582438],[129.25,36.0582517],[129.2501121,36.0582669],[129.2501977,36.0582804],[129.2503145,36.0583157],[129.2504562,36.0583831],[129.2505174,36.0584205],[129.2506368,36.0584997],[129.2506187,36.0585254],[129.2506623,36.0585507],[129.2507126,36.058471]]]]}},{"type":"Feature","properties":{"UFID":"100036914071A00110100000007095023"},"geometry":{"type":"MultiPolygon","coordinates":[[[[129.2500392,36.0586115],[129.25,36.0585849],[129.2499946,36.0585815],[129.2499744,36.0586375],[129.25,36.0586542],[129.2500016,36.0586553],[129.2500392,36.0586115]]]]}},{"type":"Feature","properties":{"UFID":"100036913080A00110100000007095024"},"geometry":{"type":"MultiPolygon","coordinates":[[[[129.2500016,36.0586553],[129.25,36.0586542],[129.2499744,36.0586375],[129.2498751,36.058763],[129.2498712,36.0587663],[129.2498678,36.0587689],[129.2498582,36.0587726],[129.2498383,36.0587788],[129.2498501,36.0588041],[129.2498714,36.0587975],[129.2498868,36.0587915],[129.2498947,36.0587855],[129.2499015,36.0587797],[129.25,36.058657],[129.2500016,36.0586553]]]]}},{"type":"Feature","properties":{"UFID":"100036913080A00110100000007095026"},"geometry":{"type":"MultiPolygon","coordinates":[[[[129.2500281,36.0590425],[129.2500119,36.05901],[129.25,36.0590142],[129.2499493,36.0590306],[129.2498736,36.0590506],[129.249849,36.0590558],[129.2498212,36.0590604],[129.2498163,36.0590609],[129.2498261,36.0590993],[129.2498416,36.0590915],[129.249883,36.0590766],[129.2499606,36.0590561],[129.25,36.0590433],[129.2500123,36.0590404],[129.2500178,36.0590404],[129.2500281,36.0590425]]]]}},{"type":"Feature","properties":{"UFID":"100036914071A00110100000007095028"},"geometry":{"type":"MultiPolygon","coordinates":[[[[129.2499328,36.0601162],[129.2499232,36.0601421],[129.25,36.0601608],[129.2500671,36.0601793],[129.2501395,36.0601991],[129.250171,36.0602078],[129.2504469,36.0602753],[129.2505391,36.0602935],[129.2505497,36.0602678],[129.2504557,36.0602492],[129.2501812,36.060182],[129.2501501,36.0601735],[129.2500777,36.0601537],[129.25,36.0601326],[129.2499328,36.0601162]]]]}},{"type":"Feature","properties":{"UFID":"100036913080A00110100000007095030"},"geometry":{"type":"MultiPolygon","coordinates":[[[[129.2499065,36.0605694],[129.24998,36.0605875],[129.2499942,36.0605669],[129.25,36.0605637],[129.2500632,36.0605283],[129.250049,36.0605023],[129.2500032,36.0605271],[129.25,36.0605291],[129.2499611,36.0605532],[129.2499065,36.0605694]]]]}},{"type":"Feature","properties":{"UFID":"100036913080A00110100000007095031"},"geometry":{"type":"MultiPolygon","coordinates":[[[[129.2500523,36.0606028],[129.25,36.0605917],[129.24998,36.0605875],[129.2499394,36.0606053],[129.2499611,36.0606144],[129.2499728,36.0606226],[129.2499732,36.0606274],[129.2499696,36.0606336],[129.25,36.0606222],[129.2500523,36.0606028]]]]}},{"type":"Feature","properties":{"UFID":"100036914071A00110100000007095032"},"geometry":{"type":"MultiPolygon","coordinates":[[[[129.2500833,36.0606677],[129.2500523,36.0606028],[129.25,36.0606222],[129.2499696,36.0606336],[129.2499931,36.0606826],[129.25,36.0606806],[129.2500041,36.0606795],[129.2500292,36.0606726],[129.2500534,36.0606691],[129.2500833,36.0606677]]]]}},{"type":"Feature","properties":{"UFID":"100036914071A00110100000007095034"},"geometry":{"type":"MultiPolygon","coordinates":[[[[129.2515448,36.0603443],[129.2514144,36.0601932],[129.2513162,36.0602436],[129.2512843,36.0602558],[129.2507829,36.0604728],[129.2503134,36.0606707],[129.2502676,36.0606901],[129.2502434,36.060698],[129.25,36.0607775],[129.2497558,36.0608403],[129.2494357,36.0609183],[129.2494514,36.0609821],[129.2494686,36.0609845],[129.249474,36.0609889],[129.2494742,36.060996],[129.2494714,36.0610025],[129.2494652,36.0610098],[129.249894,36.0610667],[129.2498964,36.0610677],[129.2498981,36.0610727],[129.2499376,36.06113],[129.25,36.0611062],[129.2502968,36.0609932],[129.2506318,36.0608435],[129.2506783,36.0608205],[129.2507494,36.0607855],[129.2509803,36.0606716],[129.2514087,36.0604235],[129.2515448,36.0603443]]]]}},{"type":"Feature","properties":{"UFID":"100036913080A00110100000007095035"},"geometry":{"type":"MultiPolygon","coordinates":[[[[129.2508671,36.0609085],[129.2507256,36.0608899],[129.2507133,36.0609077],[129.2506948,36.0609226],[129.2505056,36.0610036],[129.2501882,36.0611272],[129.25,36.0611946],[129.2498865,36.0612353],[129.2495658,36.061345],[129.2493456,36.0614179],[129.24916,36.0614699],[129.2490703,36.0614922],[129.2490039,36.0615042],[129.2489858,36.0615055],[129.2489691,36.0615054],[129.2489526,36.0615014],[129.2489109,36.0615963],[129.2489518,36.0615759],[129.2490321,36.0615519],[129.2491941,36.0615071],[129.249364,36.0614575],[129.2493976,36.0614483],[129.249443,36.0614325],[129.2495446,36.0613967],[129.2497039,36.0613432],[129.25,36.061244],[129.2500156,36.0612376],[129.2505442,36.0610354],[129.2505654,36.0610584],[129.2506087,36.0610432],[129.2505946,36.0610211],[129.2508671,36.0609085]]]]}},{"type":"Feature","properties":{"UFID":"100036913080A00110100000007095039"},"geometry":{"type":"MultiPolygon","coordinates":[[[[129.2504217,36.0627385],[129.2502243,36.0626811],[129.2502197,36.0626893],[129.2502026,36.0626843],[129.25,36.0626138],[129.2498162,36.0625656],[129.2489142,36.0623019],[129.2488374,36.0622785],[129.2487632,36.0622281],[129.2486995,36.0621772],[129.2485525,36.0622549],[129.2485747,36.0622564],[129.2488913,36.0623526],[129.2497947,36.0626167],[129.25,36.0626706],[129.2502903,36.0627544],[129.250387,36.0627855],[129.2504217,36.0627385]]]]}},{"type":"Feature","properties":{"UFID":"100036913080A00110100000007095042"},"geometry":{"type":"MultiPolygon","coordinates":[[[[129.2500648,36.0640308],[129.2500575,36.0640351],[129.250047,36.0640378],[129.2500388,36.0640391],[129.2500212,36.0640388],[129.250016,36.0640374],[129.25,36.0640321],[129.2497687,36.0639344],[129.2493898,36.0637661],[129.2486023,36.0634106],[129.2484841,36.063357],[129.2484622,36.0633372],[129.2484563,36.0633161],[129.2483928,36.0633902],[129.2484039,36.0633855],[129.2484152,36.0633827],[129.2484422,36.0633829],[129.2484797,36.063386],[129.2485861,36.0634343],[129.2493737,36.0637898],[129.2497531,36.0639583],[129.25,36.0640626],[129.2500228,36.0640716],[129.250027,36.0640749],[129.2500299,36.0640814],[129.2500322,36.0640915],[129.2500333,36.0640964],[129.2500648,36.0640308]]]]}},{"type":"Feature","properties":{"UFID":"100036914071A00110100000007095044"},"geometry":{"type":"MultiPolygon","coordinates":[[[[129.2500642,36.0641082],[129.2500333,36.0640964],[129.2500199,36.0641459],[129.25,36.0642481],[129.2499543,36.0644363],[129.2499859,36.0644414],[129.25,36.0643838],[129.2500252,36.0642916],[129.2500527,36.0641509],[129.2500642,36.0641082]]]]}},{"type":"Feature","properties":{"UFID":"100036913080A00110100000007095046"},"geometry":{"type":"MultiPolygon","coordinates":[[[[129.250073,36.064802],[129.2500254,36.0647964],[129.25,36.0647902],[129.2499799,36.0647853],[129.249945,36.0647611],[129.2499273,36.0647346],[129.2499197,36.0647084],[129.2499203,36.0647028],[129.249925,36.0646863],[129.2499251,36.064683],[129.249919,36.0646649],[129.24982,36.0647484],[129.2498234,36.0647474],[129.2498274,36.0647489],[129.249864,36.0647805],[129.249924,36.0648133],[129.2499455,36.0648195],[129.2499689,36.0648244],[129.249994,36.064827],[129.25,36.0648273],[129.2500238,36.0648288],[129.2500525,36.0648284],[129.250073,36.064802]]]]}},{"type":"Feature","properties":{"UFID":"100036913070A00110100000007095110"},"geometry":{"type":"MultiPolygon","coordinates":[[[[129.2479276,36.074354],[129.2479095,36.0743581],[129.2479224,36.074392],[129.2479387,36.0744356],[129.2479276,36.074354]]]]}},{"type":"Feature","properties":{"UFID":"100036913080A00110100000007095199"},"geometry":{"type":"MultiPolygon","coordinates":[[[[129.2380486,36.0517035],[129.2378993,36.0515707],[129.2378023,36.0516152],[129.2379539,36.0517322],[129.2380486,36.0517035]]]]}},{"type":"Feature","properties":{"UFID":"100036913080A00110100000007095200"},"geometry":{"type":"MultiPolygon","coordinates":[[[[129.2392197,36.0528475],[129.2380486,36.0517035],[129.2379539,36.0517322],[129.2379933,36.0517761],[129.2391428,36.0528861],[129.2391502,36.0528996],[129.2392197,36.0528475]]]]}},{"type":"Feature","properties":{"UFID":"100036913080A00110100000007095235"},"geometry":{"type":"MultiPolygon","coordinates":[[[[129.2468449,36.0698198],[129.2468393,36.0698139],[129.2467924,36.0695886],[129.2467235,36.0696571],[129.24675,36.0697542],[129.2467708,36.0698376],[129.2468449,36.0698198]]]]}},{"type":"Feature","properties":{"UFID":"100036913080A00110100000007095236"},"geometry":{"type":"MultiPolygon","coordinates":[[[[129.2467924,36.0695886],[129.246754,36.06947],[129.2466973,36.0695611],[129.2467235,36.0696571],[129.2467924,36.0695886]]]]}},{"type":"Feature","properties":{"UFID":"100036913080A00110100000007095237"},"geometry":{"type":"MultiPolygon","coordinates":[[[[129.246754,36.06947],[129.2467241,36.0693589],[129.2466478,36.0693862],[129.2466973,36.0695611],[129.246754,36.06947]]]]}},{"type":"Feature","properties":{"UFID":"100036913080A00110100000007095238"},"geometry":{"type":"MultiPolygon","coordinates":[[[[129.2467241,36.0693589],[129.2467083,36.0692999],[129.246615,36.0693165],[129.2465962,36.069364],[129.2466478,36.0693862],[129.2467241,36.0693589]]]]}},{"type":"Feature","properties":{"UFID":"100036913080A00110100000007095239"},"geometry":{"type":"MultiPolygon","coordinates":[[[[129.2467083,36.0692999],[129.2466723,36.0691661],[129.2465693,36.0691807],[129.246615,36.0693165],[129.2467083,36.0692999]]]]}},{"type":"Feature","properties":{"UFID":"100036913080A00110100000007095240"},"geometry":{"type":"MultiPolygon","coordinates":[[[[129.2466723,36.0691661],[129.2466257,36.0690525],[129.2465331,36.0690727],[129.2465693,36.0691807],[129.2466723,36.0691661]]]]}},{"type":"Feature","properties":{"UFID":"100036913080A00110100000007095241"},"geometry":{"type":"MultiPolygon","coordinates":[[[[129.2452053,36.064998],[129.2451933,36.0649113],[129.2451157,36.06492],[129.2451323,36.065005],[129.2452053,36.064998]]]]}},{"type":"Feature","properties":{"UFID":"100036913080A00110100000007095242"},"geometry":{"type":"MultiPolygon","coordinates":[[[[129.2451933,36.0649113],[129.2451627,36.0647424],[129.245083,36.0647518],[129.2451157,36.06492],[129.2451933,36.0649113]]]]}},{"type":"Feature","properties":{"UFID":"100036913080A00110100000007095243"},"geometry":{"type":"MultiPolygon","coordinates":[[[[129.2451627,36.0647424],[129.2451497,36.0646703],[129.2450698,36.0646882],[129.245083,36.0647518],[129.2451627,36.0647424]]]]}},{"type":"Feature","properties":{"UFID":"100036913080A00110100000007095244"},"geometry":{"type":"MultiPolygon","coordinates":[[[[129.2466257,36.0690525],[129.246499,36.0687033],[129.2463124,36.0682297],[129.2460855,36.0676093],[129.2459164,36.0671541],[129.245815,36.0668895],[129.2456007,36.0663976],[129.2455155,36.0661988],[129.2454625,36.0660843],[129.2454414,36.0660403],[129.2454122,36.0659694],[129.2453885,36.0658986],[129.2453665,36.0658315],[129.2453458,36.065748],[129.2453278,36.0656655],[129.2452216,36.0651186],[129.2452053,36.064998],[129.2451323,36.065005],[129.2451448,36.0650695],[129.2452036,36.0653953],[129.2452495,36.065621],[129.2452754,36.0657323],[129.2453346,36.0659283],[129.2454391,36.0661758],[129.2455452,36.0664201],[129.2457029,36.066776],[129.2459619,36.0674533],[129.2462619,36.0682916],[129.2464485,36.0688209],[129.2465331,36.0690727],[129.2466257,36.0690525]]]]}},{"type":"Feature","properties":{"UFID":"100036913080A00110100000007095245"},"geometry":{"type":"MultiPolygon","coordinates":[[[[129.2482544,36.0614854],[129.248075,36.0615138],[129.2480887,36.0615798],[129.248289,36.0615833],[129.2482544,36.0614854]]]]}},{"type":"Feature","properties":{"UFID":"100036913080A00110100000007095246"},"geometry":{"type":"MultiPolygon","coordinates":[[[[129.2494514,36.0609821],[129.2494357,36.0609183],[129.2492032,36.0609652],[129.2489884,36.0610108],[129.2488118,36.0610414],[129.2487559,36.0610511],[129.2486969,36.0610613],[129.2485108,36.0610766],[129.2482668,36.0610975],[129.2479807,36.0611204],[129.2477188,36.0611407],[129.2475166,36.0611538],[129.2475377,36.0612497],[129.2475605,36.0612471],[129.2476198,36.0612436],[129.2479369,36.0612244],[129.2482314,36.0611919],[129.248531,36.0611567],[129.2487723,36.0611183],[129.2488083,36.0611126],[129.2488296,36.0611087],[129.2490446,36.0610698],[129.2492464,36.0610288],[129.2494514,36.0609821]]]]}},{"type":"Feature","properties":{"UFID":"100036913080A00110100000007095247"},"geometry":{"type":"MultiPolygon","coordinates":[[[[129.2488125,36.0609581],[129.2488234,36.0609403],[129.2486976,36.0609699],[129.2487182,36.0609868],[129.2487488,36.0610222],[129.2487559,36.0610511],[129.2487723,36.0611183],[129.2487886,36.0611852],[129.2488318,36.061362],[129.2488348,36.0613744],[129.2488556,36.0614596],[129.2488631,36.0614904],[129.2488578,36.0615173],[129.2488513,36.0615267],[129.2488348,36.0615421],[129.2489526,36.0615014],[129.2489282,36.0614813],[129.2489176,36.0614413],[129.2488962,36.0613604],[129.2488929,36.0613478],[129.2488464,36.0611721],[129.2488296,36.0611087],[129.2488118,36.0610414],[129.2488044,36.0610134],[129.248807,36.0609732],[129.2488125,36.0609581]]]]}},{"type":"Feature","properties":{"UFID":"100036913080A00110100000007095248"},"geometry":{"type":"MultiPolygon","coordinates":[[[[129.2468952,36.0617579],[129.2468415,36.0616976],[129.2466228,36.0617186],[129.2465212,36.0617268],[129.246529,36.0618257],[129.2468952,36.0617579]]]]}},{"type":"Feature","properties":{"UFID":"100036913080A00110100000007095249"},"geometry":{"type":"MultiPolygon","coordinates":[[[[129.2448744,36.0615998],[129.2444462,36.0615465],[129.2444474,36.0618846],[129.2449127,36.0620024],[129.2448744,36.0615998]]]]}},{"type":"Feature","properties":{"UFID":"100036913080A00110100000007095250"},"geometry":{"type":"MultiPolygon","coordinates":[[[[129.246529,36.0618257],[129.2465212,36.0617268],[129.2464106,36.0617358],[129.2461958,36.0617484],[129.2460679,36.0617499],[129.2459186,36.0617532],[129.2457339,36.0617548],[129.2455489,36.0617587],[129.2453904,36.0617598],[129.2453024,36.061757],[129.2452111,36.0617461],[129.24512,36.0617228],[129.2450345,36.0616983],[129.2449484,36.0616541],[129.2448744,36.0615998],[129.2449127,36.0620024],[129.2449248,36.0619921],[129.2450184,36.0619261],[129.2451085,36.0618904],[129.2451614,36.0618806],[129.2452072,36.061879],[129.2452609,36.0618795],[129.2453488,36.0618809],[129.2454338,36.0618825],[129.2455313,36.061885],[129.2456206,36.0618879],[129.2457677,36.0618856],[129.2457919,36.0618855],[129.2458104,36.0618844],[129.2458981,36.0618721],[129.2460365,36.0618543],[129.2462316,36.0618392],[129.246434,36.0618296],[129.246529,36.0618257]]]]}},{"type":"Feature","properties":{"UFID":"100036913080A00110100000007095251"},"geometry":{"type":"MultiPolygon","coordinates":[[[[129.2480887,36.0615798],[129.248075,36.0615138],[129.2477841,36.0615588],[129.247649,36.061583],[129.2475905,36.0615935],[129.2475481,36.0616011],[129.2473038,36.0616406],[129.2470578,36.0616725],[129.2468415,36.0616976],[129.2468952,36.0617579],[129.2469016,36.0617565],[129.2471376,36.0617291],[129.2473605,36.0617024],[129.2475424,36.0616706],[129.2476389,36.0616537],[129.2476971,36.0616434],[129.2479917,36.0615916],[129.2480887,36.0615798]]]]}},{"type":"Feature","properties":{"UFID":"100036913080A00110100000007095252"},"geometry":{"type":"MultiPolygon","coordinates":[[[[129.2448139,36.0615011],[129.2445463,36.0614671],[129.2445406,36.061484],[129.2445052,36.0615182],[129.2444462,36.0615465],[129.2448744,36.0615998],[129.2448292,36.0615479],[129.2448141,36.0615112],[129.2448139,36.0615011]]]]}},{"type":"Feature","properties":{"UFID":"100036913080A00110100000007095253"},"geometry":{"type":"MultiPolygon","coordinates":[[[[129.2448461,36.0613183],[129.2445815,36.0612859],[129.2445828,36.0612907],[129.2445855,36.0613098],[129.2445846,36.0613367],[129.2445815,36.061363],[129.2445463,36.0614671],[129.2448139,36.0615011],[129.2448137,36.0614921],[129.244842,36.0613262],[129.2448461,36.0613183]]]]}},{"type":"Feature","properties":{"UFID":"100036913080A00110100000007095254"},"geometry":{"type":"MultiPolygon","coordinates":[[[[129.2449922,36.0612064],[129.2444571,36.0611696],[129.244542,36.0612274],[129.2445785,36.0612749],[129.2445815,36.0612859],[129.2448461,36.0613183],[129.2448663,36.0612798],[129.244918,36.0612376],[129.2449922,36.0612064]]]]}},{"type":"Feature","properties":{"UFID":"100036913080A00110100000007095255"},"geometry":{"type":"MultiPolygon","coordinates":[[[[129.2450417,36.0609959],[129.2444956,36.0609378],[129.2444571,36.0611696],[129.2449922,36.0612064],[129.2450417,36.0609959]]]]}},{"type":"Feature","properties":{"UFID":"100036913080A00110100000007095256"},"geometry":{"type":"MultiPolygon","coordinates":[[[[129.2444462,36.0615465],[129.244351,36.0615807],[129.2442638,36.0615933],[129.2441958,36.0615942],[129.2441381,36.0615876],[129.2440564,36.0615667],[129.243727,36.0614754],[129.2434712,36.0614012],[129.2432431,36.0613386],[129.2429856,36.0612642],[129.2428502,36.061223],[129.2428454,36.0612136],[129.2428012,36.0612826],[129.2429167,36.0613135],[129.2430515,36.0613629],[129.2432114,36.0614236],[129.243391,36.0614936],[129.2435363,36.0615515],[129.2435964,36.0615743],[129.2437658,36.0616235],[129.2439348,36.0616663],[129.2440895,36.0617163],[129.2442038,36.0617508],[129.2443079,36.0617921],[129.2443831,36.061837],[129.2444474,36.0618846],[129.2444462,36.0615465]]]]}},{"type":"Feature","properties":{"UFID":"100036913080A00110100000007095257"},"geometry":{"type":"MultiPolygon","coordinates":[[[[129.2445815,36.0612859],[129.244469,36.0612721],[129.2443925,36.0612617],[129.2443815,36.0612652],[129.2440616,36.0612185],[129.2436334,36.0611515],[129.2432267,36.0610897],[129.2428925,36.0610363],[129.2428885,36.06103],[129.2428454,36.0612136],[129.2428509,36.0612113],[129.2431349,36.0612569],[129.2435348,36.0613222],[129.2438665,36.0613714],[129.2442259,36.0614264],[129.2445463,36.0614671],[129.2445815,36.061363],[129.2445846,36.0613367],[129.2445855,36.0613098],[129.2445828,36.0612907],[129.2445815,36.0612859]]]]}},{"type":"Feature","properties":{"UFID":"100036913080A00110100000007095258"},"geometry":{"type":"MultiPolygon","coordinates":[[[[129.247192,36.0612665],[129.2471738,36.0611693],[129.2469015,36.0611882],[129.2466055,36.0612007],[129.2463877,36.0612018],[129.2461492,36.0611941],[129.2459526,36.0611829],[129.2458004,36.0611691],[129.2456321,36.0611487],[129.2454504,36.0611249],[129.2452536,36.0610875],[129.2451345,36.0610533],[129.2450417,36.0609959],[129.2449922,36.0612064],[129.2450925,36.0611891],[129.2451817,36.0611853],[129.2452496,36.0611889],[129.2453976,36.0612178],[129.2456174,36.0612473],[129.2458594,36.0612716],[129.2461177,36.0612917],[129.2463323,36.0613018],[129.246541,36.0612965],[129.24679,36.0612912],[129.2470185,36.0612786],[129.247192,36.0612665]]]]}},{"type":"Feature","properties":{"UFID":"100036913080A00110100000007095259"},"geometry":{"type":"MultiPolygon","coordinates":[[[[129.2475377,36.0612497],[129.2475166,36.0611538],[129.2473996,36.0611577],[129.2471738,36.0611693],[129.247192,36.0612665],[129.2475377,36.0612497]]]]}},{"type":"Feature","properties":{"UFID":"100036913080A00110100000007095260"},"geometry":{"type":"MultiPolygon","coordinates":[[[[129.2444956,36.0609378],[129.2443955,36.0609715],[129.2443264,36.0609823],[129.2442619,36.0609823],[129.243829,36.0609637],[129.2437947,36.0609633],[129.243483,36.0609804],[129.2434491,36.0609801],[129.2430911,36.0609627],[129.2428442,36.0609517],[129.2428885,36.06103],[129.2428933,36.0610237],[129.2429104,36.0610226],[129.2431557,36.0610343],[129.2435909,36.0610518],[129.2437968,36.061059],[129.2440153,36.0610696],[129.2441596,36.0610744],[129.2442326,36.0610833],[129.2443473,36.0611172],[129.2444571,36.0611696],[129.2444956,36.0609378]]]]}},{"type":"Feature","properties":{"UFID":"100036913080A00110100000007095261"},"geometry":{"type":"MultiPolygon","coordinates":[[[[129.2475092,36.0612599],[129.2475377,36.0612497],[129.247192,36.0612665],[129.2472432,36.0612689],[129.2472627,36.0612721],[129.247282,36.0612796],[129.2473389,36.0613056],[129.2473916,36.0613447],[129.2474102,36.0613695],[129.2474287,36.0613925],[129.2475654,36.0615623],[129.2475905,36.0615935],[129.2476389,36.0616537],[129.2476638,36.0616846],[129.2477553,36.0617969],[129.2477518,36.0618009],[129.2477449,36.0618019],[129.2478381,36.0618189],[129.2478188,36.0617946],[129.2477441,36.0617025],[129.2476971,36.0616434],[129.247649,36.061583],[129.2476274,36.0615559],[129.247494,36.0613881],[129.2474773,36.0613671],[129.2474763,36.0613433],[129.2474794,36.061304],[129.2474879,36.0612777],[129.2475092,36.0612599]]]]}},{"type":"Feature","properties":{"UFID":"100036913080A00110100000007095262"},"geometry":{"type":"MultiPolygon","coordinates":[[[[129.2450681,36.0604262],[129.2447438,36.0603793],[129.2447471,36.0603837],[129.2447485,36.0603954],[129.2447431,36.0604355],[129.244727,36.0605104],[129.2446892,36.0606541],[129.2446682,36.0607367],[129.2446436,36.0608023],[129.2446106,36.0608537],[129.2445708,36.0608943],[129.2444956,36.0609378],[129.2450417,36.0609959],[129.2449996,36.0609405],[129.2449775,36.0608762],[129.2449752,36.0608346],[129.2449789,36.0607933],[129.2449919,36.0607289],[129.2450249,36.0605952],[129.2450619,36.0604369],[129.2450681,36.0604262]]]]}},{"type":"Feature","properties":{"UFID":"100036913080A00110100000007095263"},"geometry":{"type":"MultiPolygon","coordinates":[[[[129.2450795,36.0603733],[129.2447624,36.0603224],[129.2447438,36.0603793],[129.2450681,36.0604262],[129.2450795,36.0603733]]]]}},{"type":"Feature","properties":{"UFID":"100036913080A00110100000007095264"},"geometry":{"type":"MultiPolygon","coordinates":[[[[129.244987,36.0584416],[129.2447854,36.0583751],[129.2443174,36.0581959],[129.2441987,36.0581275],[129.2441402,36.0580851],[129.2440898,36.058037],[129.2440684,36.0579938],[129.2440638,36.0579424],[129.2440634,36.0579064],[129.2437003,36.0582454],[129.2437723,36.0582353],[129.2438569,36.0582323],[129.2439341,36.0582361],[129.2440063,36.0582441],[129.2440662,36.0582557],[129.2442547,36.0583096],[129.2445322,36.0583847],[129.2448337,36.0584735],[129.2449554,36.0585129],[129.244987,36.0584416]]]]}},{"type":"Feature","properties":{"UFID":"100036913080A00110100000007095265"},"geometry":{"type":"MultiPolygon","coordinates":[[[[129.2451069,36.0584811],[129.244987,36.0584416],[129.2449554,36.0585129],[129.2450537,36.0586072],[129.2451069,36.0584811]]]]}},{"type":"Feature","properties":{"UFID":"100036913080A00110100000007095266"},"geometry":{"type":"MultiPolygon","coordinates":[[[[129.2451777,36.0585045],[129.2451069,36.0584811],[129.2450537,36.0586072],[129.2450711,36.0586039],[129.2450877,36.0586047],[129.2451115,36.0586147],[129.2451777,36.0585045]]]]}},{"type":"Feature","properties":{"UFID":"100036913080A00110100000007095267"},"geometry":{"type":"MultiPolygon","coordinates":[[[[129.2455152,36.0586062],[129.2454436,36.0585852],[129.2453876,36.0585701],[129.2453788,36.0585707],[129.2451777,36.0585045],[129.2451115,36.0586147],[129.2454895,36.0586513],[129.2455152,36.0586062]]]]}},{"type":"Feature","properties":{"UFID":"100036913080A00110100000007095268"},"geometry":{"type":"MultiPolygon","coordinates":[[[[129.2454895,36.0586513],[129.2451115,36.0586147],[129.2451182,36.0586668],[129.245121,36.0587393],[129.2451186,36.0588243],[129.2451108,36.0589362],[129.2450939,36.0590665],[129.2450796,36.0591591],[129.2450604,36.0592318],[129.2450097,36.059387],[129.2449635,36.0595405],[129.2449097,36.0597412],[129.2448312,36.0600609],[129.2447786,36.060281],[129.2447657,36.0603192],[129.2447624,36.0603224],[129.2450795,36.0603733],[129.2451867,36.0599275],[129.2453331,36.0593077],[129.2453612,36.0591667],[129.2453775,36.0590561],[129.2453864,36.0589479],[129.245395,36.0588568],[129.2453983,36.0587691],[129.2454037,36.0587262],[129.2454227,36.0586854],[129.2454561,36.05866],[129.2454871,36.0586514],[129.2454895,36.0586513]]]]}},{"type":"Feature","properties":{"UFID":"100036913080A00110100000007095269"},"geometry":{"type":"MultiPolygon","coordinates":[[[[129.2440634,36.0579064],[129.2435023,36.0577981],[129.2432675,36.0580567],[129.2437003,36.0582454],[129.2440634,36.0579064]]]]}},{"type":"Feature","properties":{"UFID":"100036913080A00110100000007095270"},"geometry":{"type":"MultiPolygon","coordinates":[[[[129.2445095,36.0546057],[129.2443764,36.0545672],[129.2442274,36.0544629],[129.2442152,36.0545878],[129.2442277,36.0545811],[129.244238,36.0545801],[129.2443612,36.0545963],[129.2444952,36.054635],[129.2445423,36.0546516],[129.2448109,36.0547463],[129.2449678,36.0548017],[129.2451855,36.0548853],[129.2453904,36.0549749],[129.2455526,36.0550649],[129.2456898,36.0551577],[129.2457271,36.0551927],[129.2457655,36.0552444],[129.2457751,36.0552596],[129.2457795,36.0552832],[129.2458524,36.0552344],[129.2458392,36.0552313],[129.2458256,36.0552237],[129.2457685,36.0551761],[129.2457172,36.0551352],[129.2455761,36.0550397],[129.2454106,36.0549479],[129.245203,36.0548571],[129.2449839,36.0547729],[129.2448447,36.0547238],[129.2445754,36.0546289],[129.2445095,36.0546057]]]]}},{"type":"Feature","properties":{"UFID":"100036913080A00110100000007095285"},"geometry":{"type":"MultiPolygon","coordinates":[[[[129.2450135,36.0638506],[129.2450118,36.0638425],[129.2450047,36.0637971],[129.2449513,36.0634756],[129.2449532,36.0634476],[129.2449712,36.0633579],[129.2449981,36.0632269],[129.2450196,36.0631472],[129.2447835,36.0631427],[129.24481,36.063202],[129.2448351,36.0632854],[129.2448509,36.063355],[129.2449369,36.0638615],[129.2450135,36.0638506]]]]}},{"type":"Feature","properties":{"UFID":"100036913080A00110100000007095286"},"geometry":{"type":"MultiPolygon","coordinates":[[[[129.2449021,36.0630076],[129.2447779,36.0630001],[129.2447835,36.0631427],[129.2450196,36.0631472],[129.2449021,36.0630076]]]]}},{"type":"Feature","properties":{"UFID":"100036913080A00110100000007095287"},"geometry":{"type":"MultiPolygon","coordinates":[[[[129.2450277,36.0639221],[129.2450135,36.0638506],[129.2449369,36.0638615],[129.2449449,36.0639082],[129.2449504,36.0639429],[129.2450277,36.0639221]]]]}},{"type":"Feature","properties":{"UFID":"100036913080A00110100000007095288"},"geometry":{"type":"MultiPolygon","coordinates":[[[[129.2451497,36.0646703],[129.245112,36.0644617],[129.2450366,36.0639755],[129.2450277,36.0639221],[129.2449504,36.0639429],[129.2450698,36.0646882],[129.2451497,36.0646703]]]]}},{"type":"Feature","properties":{"UFID":"100036913080A00110100000007095289"},"geometry":{"type":"MultiPolygon","coordinates":[[[[129.2449127,36.0620024],[129.2444474,36.0618846],[129.2445104,36.0619513],[129.2445609,36.0620308],[129.2445929,36.0621247],[129.2446389,36.0623089],[129.2447218,36.0626652],[129.2447779,36.0630001],[129.2449021,36.0630076],[129.2448969,36.0630064],[129.2448941,36.063005],[129.2448891,36.0629945],[129.2448611,36.062719],[129.2448463,36.0625476],[129.2448283,36.0623871],[129.244827,36.0623533],[129.2448289,36.062241],[129.2448331,36.0621764],[129.244845,36.0621098],[129.2448725,36.0620495],[129.2449127,36.0620024]]]]}},{"type":"Feature","properties":{"UFID":"100036913080A00110100000007095290"},"geometry":{"type":"MultiPolygon","coordinates":[[[[129.2428454,36.0612136],[129.2428885,36.06103],[129.2428442,36.0609517],[129.242658,36.060937],[129.2424946,36.060925],[129.2424712,36.0612022],[129.2427574,36.0612709],[129.2428012,36.0612826],[129.2428454,36.0612136]]]]}},{"type":"Feature","properties":{"UFID":"100036913080A00110100000007095293"},"geometry":{"type":"MultiPolygon","coordinates":[[[[129.2424946,36.060925],[129.2423728,36.060911],[129.2421574,36.060883],[129.2419513,36.0608507],[129.2418208,36.060831],[129.2417767,36.0608259],[129.2417522,36.0608934],[129.2417362,36.0609772],[129.2417187,36.0610694],[129.2417476,36.0610759],[129.2420174,36.0611166],[129.242264,36.0611612],[129.2424712,36.0612022],[129.2424946,36.060925]]]]}},{"type":"Feature","properties":{"UFID":"100036913080A00110100000007095315"},"geometry":{"type":"MultiPolygon","coordinates":[[[[129.242513,36.0569876],[129.242488,36.0569615],[129.2423937,36.0570229],[129.2424145,36.0570564],[129.242513,36.0569876]]]]}},{"type":"Feature","properties":{"UFID":"100036913080A00110100000007095316"},"geometry":{"type":"MultiPolygon","coordinates":[[[[129.242488,36.0569615],[129.2424522,36.0569241],[129.2423628,36.0569774],[129.2423937,36.0570229],[129.242488,36.0569615]]]]}},{"type":"Feature","properties":{"UFID":"100036913080A00110100000007095317"},"geometry":{"type":"MultiPolygon","coordinates":[[[[129.2424522,36.0569241],[129.2424101,36.0568652],[129.242325,36.0569216],[129.2423628,36.0569774],[129.2424522,36.0569241]]]]}},{"type":"Feature","properties":{"UFID":"100036913080A00110100000007095318"},"geometry":{"type":"MultiPolygon","coordinates":[[[[129.243304,36.0558199],[129.2431553,36.0556357],[129.2423242,36.0562691],[129.2421818,36.0563693],[129.2423269,36.0565561],[129.2432545,36.0558617],[129.243304,36.0558199]]]]}},{"type":"Feature","properties":{"UFID":"100036913080A00110100000007095319"},"geometry":{"type":"MultiPolygon","coordinates":[[[[129.2432461,36.0554964],[129.2432189,36.0554254],[129.2431564,36.055484],[129.2431803,36.055495],[129.243221,36.0555142],[129.2432684,36.0555531],[129.2434566,36.0557072],[129.2434896,36.0557342],[129.243514,36.0557476],[129.2435612,36.0557638],[129.2435682,36.0557661],[129.2436038,36.0557723],[129.2437109,36.0557735],[129.2437623,36.0557752],[129.2437721,36.0557493],[129.2437666,36.0557483],[129.2437118,36.0557464],[129.2436075,36.0557453],[129.243578,36.0557401],[129.24353,36.0557237],[129.243511,36.0557133],[129.2434813,36.055689],[129.2432932,36.055535],[129.2432461,36.0554964]]]]}},{"type":"Feature","properties":{"UFID":"100036913080A00110100000007095320"},"geometry":{"type":"MultiPolygon","coordinates":[[[[129.2435023,36.0577981],[129.2434434,36.0577895],[129.2433821,36.057776],[129.243314,36.0577492],[129.2432721,36.0577288],[129.2432265,36.0576971],[129.2430074,36.0574904],[129.2427834,36.0572696],[129.242513,36.0569876],[129.2424145,36.0570564],[129.2426291,36.057269],[129.2428235,36.0574505],[129.2430224,36.0576289],[129.2431993,36.0578049],[129.243218,36.0578299],[129.2432329,36.0578617],[129.2432464,36.0578931],[129.2432582,36.0579348],[129.2432686,36.0579926],[129.2432692,36.0580193],[129.2432675,36.0580567],[129.2435023,36.0577981]]]]}},{"type":"Feature","properties":{"UFID":"100036913080A00110100000007095321"},"geometry":{"type":"MultiPolygon","coordinates":[[[[129.243549,36.0556389],[129.2434044,36.0554537],[129.2432932,36.055535],[129.2432684,36.0555531],[129.2431553,36.0556357],[129.243304,36.0558199],[129.2434566,36.0557072],[129.2434813,36.055689],[129.243549,36.0556389]]]]}},{"type":"Feature","properties":{"UFID":"100036913080A00110100000007095322"},"geometry":{"type":"MultiPolygon","coordinates":[[[[129.2447047,36.0548169],[129.2444479,36.0547165],[129.2439643,36.0550658],[129.2434044,36.0554537],[129.243549,36.0556389],[129.2442994,36.0551095],[129.2447047,36.0548169]]]]}},{"type":"Feature","properties":{"UFID":"100036913080A00110100000007095343"},"geometry":{"type":"MultiPolygon","coordinates":[[[[129.2452263,36.0544703],[129.2449627,36.0543629],[129.2445754,36.0546289],[129.2445423,36.0546516],[129.2444479,36.0547165],[129.2447047,36.0548169],[129.2448109,36.0547463],[129.2448447,36.0547238],[129.2452263,36.0544703]]]]}},{"type":"Feature","properties":{"UFID":"100036913080A00110100000007095344"},"geometry":{"type":"MultiPolygon","coordinates":[[[[129.2464462,36.0537053],[129.2461304,36.0536275],[129.2453652,36.0541086],[129.2449627,36.0543629],[129.2452263,36.0544703],[129.2458125,36.0540945],[129.2464462,36.0537053]]]]}},{"type":"Feature","properties":{"UFID":"100036913080A00110100000007095345"},"geometry":{"type":"MultiPolygon","coordinates":[[[[129.2472621,36.0532288],[129.2469672,36.0531334],[129.2461304,36.0536275],[129.2464462,36.0537053],[129.2472621,36.0532288]]]]}},{"type":"Feature","properties":{"UFID":"100036913080A00110100000007095346"},"geometry":{"type":"MultiPolygon","coordinates":[[[[129.2411668,36.0569848],[129.24109,36.0569176],[129.2410656,36.056936],[129.2411419,36.0570028],[129.2411954,36.0570534],[129.2412134,36.0570732],[129.2412274,36.0570924],[129.2413656,36.0572817],[129.2413692,36.0572867],[129.2414332,36.0574272],[129.2415259,36.0576033],[129.2415715,36.0577144],[129.2415817,36.0577491],[129.2415897,36.0578218],[129.2415925,36.0578846],[129.2415926,36.0579756],[129.2415868,36.0581647],[129.2415875,36.0581896],[129.2416208,36.0581895],[129.2416201,36.0581647],[129.2416259,36.057976],[129.2416258,36.0578841],[129.2416229,36.0578201],[129.2416147,36.0577447],[129.2416035,36.057707],[129.241557,36.0575937],[129.2414642,36.0574172],[129.2413994,36.057275],[129.2413905,36.0572628],[129.2412523,36.0570735],[129.2412412,36.0570582],[129.2412215,36.0570366],[129.2411668,36.0569848]]]]}},{"type":"Feature","properties":{"UFID":"100036913080A00110100000007095347"},"geometry":{"type":"MultiPolygon","coordinates":[[[[129.24204,36.0563859],[129.2419281,36.0562219],[129.2418603,36.0562614],[129.2418923,36.0563081],[129.2419547,36.0563891],[129.2419751,36.0564176],[129.24204,36.0563859]]]]}},{"type":"Feature","properties":{"UFID":"100036913080A00110100000007095348"},"geometry":{"type":"MultiPolygon","coordinates":[[[[129.2419281,36.0562219],[129.2419089,36.0561949],[129.2418459,36.0562403],[129.2418603,36.0562614],[129.2419281,36.0562219]]]]}},{"type":"Feature","properties":{"UFID":"100036913080A00110100000007095349"},"geometry":{"type":"MultiPolygon","coordinates":[[[[129.2419089,36.0561949],[129.2418599,36.056126],[129.241796,36.0561718],[129.2418459,36.0562403],[129.2419089,36.0561949]]]]}},{"type":"Feature","properties":{"UFID":"100036913080A00110100000007095350"},"geometry":{"type":"MultiPolygon","coordinates":[[[[129.2418599,36.056126],[129.2415936,36.0557518],[129.2415877,36.0557437],[129.2415125,36.0557844],[129.2416585,36.0559814],[129.241796,36.0561718],[129.2418599,36.056126]]]]}},{"type":"Feature","properties":{"UFID":"100036913080A00110100000007095351"},"geometry":{"type":"MultiPolygon","coordinates":[[[[129.2415877,36.0557437],[129.2415302,36.0556658],[129.2414561,36.0557217],[129.2415125,36.0557844],[129.2415877,36.0557437]]]]}},{"type":"Feature","properties":{"UFID":"100036913080A00110100000007095352"},"geometry":{"type":"MultiPolygon","coordinates":[[[[129.2415302,36.0556658],[129.2413374,36.0554041],[129.2410014,36.0549164],[129.2409237,36.0549551],[129.2410665,36.055155],[129.2413348,36.0555245],[129.2414561,36.0557217],[129.2415302,36.0556658]]]]}},{"type":"Feature","properties":{"UFID":"100036913080A00110100000007095353"},"geometry":{"type":"MultiPolygon","coordinates":[[[[129.2410014,36.0549164],[129.2409421,36.0548258],[129.2408668,36.0548755],[129.2409237,36.0549551],[129.2410014,36.0549164]]]]}},{"type":"Feature","properties":{"UFID":"100036913080A00110100000007095354"},"geometry":{"type":"MultiPolygon","coordinates":[[[[129.2409421,36.0548258],[129.240937,36.0548184],[129.2408596,36.0548655],[129.2408668,36.0548755],[129.2409421,36.0548258]]]]}},{"type":"Feature","properties":{"UFID":"100036913080A00110100000007095355"},"geometry":{"type":"MultiPolygon","coordinates":[[[[129.240937,36.0548184],[129.2409007,36.0547655],[129.2408032,36.0548087],[129.2408596,36.0548655],[129.240937,36.0548184]]]]}},{"type":"Feature","properties":{"UFID":"100036913080A00110100000007095356"},"geometry":{"type":"MultiPolygon","coordinates":[[[[129.2409007,36.0547655],[129.240781,36.0545911],[129.2406495,36.0546375],[129.2407314,36.0547456],[129.2407548,36.0547687],[129.2408032,36.0548087],[129.2409007,36.0547655]]]]}},{"type":"Feature","properties":{"UFID":"100036913080A00110100000007095357"},"geometry":{"type":"MultiPolygon","coordinates":[[[[129.2420842,36.0564432],[129.24204,36.0563859],[129.2419751,36.0564176],[129.2419985,36.0564506],[129.2420243,36.0564886],[129.2421568,36.0566845],[129.242175,36.0567116],[129.2422668,36.0568357],[129.242325,36.0569216],[129.2424101,36.0568652],[129.2422287,36.0566302],[129.2420842,36.0564432]]]]}},{"type":"Feature","properties":{"UFID":"100036913080A00110100000007095358"},"geometry":{"type":"MultiPolygon","coordinates":[[[[129.2423269,36.0565561],[129.2421818,36.0563693],[129.2420842,36.0564432],[129.2420243,36.0564886],[129.2412523,36.0570735],[129.2412274,36.0570924],[129.241207,36.0571078],[129.2413459,36.0572965],[129.2413656,36.0572817],[129.2413905,36.0572628],[129.2421568,36.0566845],[129.2422287,36.0566302],[129.2423269,36.0565561]]]]}},{"type":"Feature","properties":{"UFID":"100036913080A00110100000007095359"},"geometry":{"type":"MultiPolygon","coordinates":[[[[129.2413459,36.0572965],[129.241207,36.0571078],[129.2405898,36.0575749],[129.2404506,36.0576801],[129.2404673,36.0576948],[129.2406308,36.0578358],[129.2413459,36.0572965]]]]}},{"type":"Feature","properties":{"UFID":"100036913080A00110100000007095360"},"geometry":{"type":"MultiPolygon","coordinates":[[[[129.2402807,36.0539111],[129.2401614,36.0536818],[129.2400294,36.0537499],[129.2401403,36.053876],[129.240197,36.0539471],[129.2402807,36.0539111]]]]}},{"type":"Feature","properties":{"UFID":"100036913080A00110100000007095361"},"geometry":{"type":"MultiPolygon","coordinates":[[[[129.2405077,36.0542162],[129.2404141,36.0540778],[129.2402807,36.0539111],[129.240197,36.0539471],[129.2402511,36.0540151],[129.240362,36.0541748],[129.2404045,36.0542923],[129.2405077,36.0542162]]]]}},{"type":"Feature","properties":{"UFID":"100036913080A00110100000007095362"},"geometry":{"type":"MultiPolygon","coordinates":[[[[129.240781,36.0545911],[129.2407433,36.0545362],[129.2407239,36.0545029],[129.2405881,36.0545497],[129.2406495,36.0546375],[129.240781,36.0545911]]]]}},{"type":"Feature","properties":{"UFID":"100036913080A00110100000007095363"},"geometry":{"type":"MultiPolygon","coordinates":[[[[129.2407239,36.0545029],[129.2406751,36.0544191],[129.2405434,36.054488],[129.2405881,36.0545497],[129.2407239,36.0545029]]]]}},{"type":"Feature","properties":{"UFID":"100036913080A00110100000007095364"},"geometry":{"type":"MultiPolygon","coordinates":[[[[129.2406751,36.0544191],[129.2406392,36.0543851],[129.2405135,36.0544467],[129.2405434,36.054488],[129.2406751,36.0544191]]]]}},{"type":"Feature","properties":{"UFID":"100036913080A00110100000007095365"},"geometry":{"type":"MultiPolygon","coordinates":[[[[129.2406392,36.0543851],[129.2406059,36.0543491],[129.2405408,36.0542644],[129.2404257,36.0543254],[129.2405135,36.0544467],[129.2406392,36.0543851]]]]}},{"type":"Feature","properties":{"UFID":"100036913080A00110100000007095366"},"geometry":{"type":"MultiPolygon","coordinates":[[[[129.2405408,36.0542644],[129.2405361,36.0542583],[129.2405077,36.0542162],[129.2404045,36.0542923],[129.2404257,36.0543254],[129.2405408,36.0542644]]]]}},{"type":"Feature","properties":{"UFID":"100036913080A00110100000007095367"},"geometry":{"type":"MultiPolygon","coordinates":[[[[129.2401614,36.0536818],[129.2400091,36.053612],[129.2398095,36.0534305],[129.2395287,36.0531547],[129.2394482,36.053069],[129.2393836,36.053111],[129.2395694,36.0532875],[129.2397392,36.0534534],[129.2398913,36.0535977],[129.2400229,36.0537426],[129.2400294,36.0537499],[129.2401614,36.0536818]]]]}},{"type":"Feature","properties":{"UFID":"100036913080A00110100000007095368"},"geometry":{"type":"MultiPolygon","coordinates":[[[[129.2393877,36.0530047],[129.2392887,36.0528993],[129.239195,36.0529319],[129.2393176,36.0530483],[129.2393877,36.0530047]]]]}},{"type":"Feature","properties":{"UFID":"100036913080A00110100000007095369"},"geometry":{"type":"MultiPolygon","coordinates":[[[[129.2394482,36.053069],[129.2393877,36.0530047],[129.2393176,36.0530483],[129.2393836,36.053111],[129.2394482,36.053069]]]]}},{"type":"Feature","properties":{"UFID":"100036913080A00110100000007095370"},"geometry":{"type":"MultiPolygon","coordinates":[[[[129.2392887,36.0528993],[129.2392197,36.0528475],[129.2391502,36.0528996],[129.239195,36.0529319],[129.2392887,36.0528993]]]]}},{"type":"Feature","properties":{"UFID":"100036913080A00110100000007095425"},"geometry":{"type":"MultiPolygon","coordinates":[[[[129.2477101,36.0733108],[129.2477069,36.0731528],[129.2476352,36.0731506],[129.2476379,36.0733138],[129.2477101,36.0733108]]]]}},{"type":"Feature","properties":{"UFID":"100036913080A00110100000007095426"},"geometry":{"type":"MultiPolygon","coordinates":[[[[129.2479276,36.074354],[129.2479106,36.0742291],[129.2478631,36.0742364],[129.2479095,36.0743581],[129.2479276,36.074354]]]]}},{"type":"Feature","properties":{"UFID":"100036913080A00110100000007095427"},"geometry":{"type":"MultiPolygon","coordinates":[[[[129.2474974,36.0713331],[129.2474488,36.0713704],[129.2474522,36.071371],[129.247457,36.0713749],[129.2474862,36.0714228],[129.2475255,36.071499],[129.2475586,36.0715722],[129.2475639,36.071585],[129.2475831,36.0716409],[129.2475899,36.0717077],[129.2476007,36.0717737],[129.2476099,36.0718323],[129.2476145,36.0718945],[129.2476148,36.071943],[129.2476222,36.0722433],[129.2476287,36.0725198],[129.2476327,36.0728133],[129.247639,36.0730383],[129.2476399,36.0730851],[129.2476398,36.0731448],[129.2476352,36.0731506],[129.2477069,36.0731528],[129.2477034,36.0729834],[129.2476969,36.0727591],[129.2476938,36.0726537],[129.2476927,36.0726178],[129.2476838,36.0719223],[129.2476837,36.0718689],[129.2476823,36.0718095],[129.2476771,36.0717466],[129.2476677,36.0716902],[129.2476547,36.0716339],[129.2476352,36.0715856],[129.247605,36.0715316],[129.2474974,36.0713331]]]]}},{"type":"Feature","properties":{"UFID":"100036913080A00110100000007095428"},"geometry":{"type":"MultiPolygon","coordinates":[[[[129.2474974,36.0713331],[129.2474658,36.0712746],[129.247401,36.0713123],[129.2474488,36.0713704],[129.2474974,36.0713331]]]]}},{"type":"Feature","properties":{"UFID":"100036913080A00110100000007095429"},"geometry":{"type":"MultiPolygon","coordinates":[[[[129.2474658,36.0712746],[129.2474593,36.0712627],[129.2474521,36.0712493],[129.2473852,36.0712693],[129.2473895,36.0712753],[129.247401,36.0713123],[129.2474658,36.0712746]]]]}},{"type":"Feature","properties":{"UFID":"100036913080A00110100000007095430"},"geometry":{"type":"MultiPolygon","coordinates":[[[[129.2474521,36.0712493],[129.2474351,36.071218],[129.24737,36.0712177],[129.2473852,36.0712693],[129.2474521,36.0712493]]]]}},{"type":"Feature","properties":{"UFID":"100036913080A00110100000007095431"},"geometry":{"type":"MultiPolygon","coordinates":[[[[129.2469036,36.0698788],[129.2468449,36.0698198],[129.2467708,36.0698376],[129.2467915,36.0699208],[129.2469036,36.0698788]]]]}},{"type":"Feature","properties":{"UFID":"100036913080A00110100000007097199"},"geometry":{"type":"MultiPolygon","coordinates":[[[[129.2459901,36.0520477],[129.2460278,36.0520863],[129.2460387,36.0520833],[129.2460911,36.0520893],[129.2461327,36.0520949],[129.2461469,36.0520986],[129.246209,36.0521158],[129.2462197,36.0520902],[129.2461573,36.0520729],[129.2461406,36.0520686],[129.2460961,36.0520625],[129.2460305,36.052055],[129.2460108,36.0520535],[129.2459901,36.0520477]]]]}},{"type":"Feature","properties":{"UFID":"100036913080A00110100000007097200"},"geometry":{"type":"MultiPolygon","coordinates":[[[[129.2459729,36.0520814],[129.2459478,36.0520525],[129.2459396,36.0520669],[129.2459152,36.052086],[129.2459383,36.0521054],[129.2459605,36.0520881],[129.2459729,36.0520814]]]]}},{"type":"Feature","properties":{"UFID":"100036913080A00110100000007097201"},"geometry":{"type":"MultiPolygon","coordinates":[[[[129.2459901,36.0520477],[129.2459478,36.0520525],[129.2459729,36.0520814],[129.2460278,36.0520863],[129.2459901,36.0520477]]]]}},{"type":"Feature","properties":{"UFID":"100036913080A00110100000007097202"},"geometry":{"type":"MultiPolygon","coordinates":[[[[129.2450047,36.0518893],[129.244984,36.0519352],[129.245026,36.0519289],[129.245087,36.0519419],[129.2451173,36.0519522],[129.2451528,36.0519722],[129.2452146,36.0520124],[129.2452989,36.0521152],[129.2453266,36.0521002],[129.2452394,36.051994],[129.2451728,36.0519505],[129.2451334,36.0519284],[129.2450977,36.0519162],[129.2450329,36.0519025],[129.2450047,36.0518893]]]]}},{"type":"Feature","properties":{"UFID":"100036913080A00110100000007097203"},"geometry":{"type":"MultiPolygon","coordinates":[[[[129.244984,36.0519352],[129.2448644,36.0519226],[129.2448377,36.0520616],[129.2448011,36.0522641],[129.2447485,36.0525452],[129.2446824,36.0528881],[129.2446985,36.0529009],[129.2446935,36.0529274],[129.2447846,36.0529591],[129.2448968,36.0524413],[129.2449001,36.0524249],[129.244984,36.0519352]]]]}},{"type":"Feature","properties":{"UFID":"100036913080A00110100000007097204"},"geometry":{"type":"MultiPolygon","coordinates":[[[[129.2423889,36.0504509],[129.2423359,36.0504309],[129.2423456,36.0504445],[129.2423498,36.05046],[129.24235,36.0504713],[129.2423473,36.0505218],[129.2423578,36.0506506],[129.2423498,36.0506611],[129.2423427,36.0506692],[129.2423967,36.0507141],[129.2423928,36.0505945],[129.2423807,36.0505215],[129.2423832,36.0504727],[129.2423889,36.0504509]]]]}},{"type":"Feature","properties":{"UFID":"100036913080A00110100000007097205"},"geometry":{"type":"MultiPolygon","coordinates":[[[[129.2469674,36.0505574],[129.24694,36.0505068],[129.24693,36.0505912],[129.2469258,36.0506099],[129.2469227,36.0506217],[129.2469209,36.0506261],[129.2469189,36.0506287],[129.2469152,36.0506314],[129.2469085,36.0506346],[129.2468826,36.0506405],[129.246826,36.0506514],[129.2465436,36.0506935],[129.2463911,36.0507227],[129.2462987,36.0507471],[129.246226,36.0507775],[129.2461835,36.050793],[129.246193,36.0508248],[129.2462405,36.0508018],[129.2463115,36.0507721],[129.2464001,36.0507487],[129.2465504,36.0507199],[129.2468328,36.0506778],[129.2468909,36.0506667],[129.2469216,36.0506597],[129.2469349,36.0506534],[129.2469444,36.0506465],[129.2469512,36.0506379],[129.2469549,36.0506288],[129.2469585,36.0506151],[129.246963,36.0505949],[129.2469674,36.0505574]]]]}},{"type":"Feature","properties":{"UFID":"100036913080A00110100000007097206"},"geometry":{"type":"MultiPolygon","coordinates":[[[[129.2469915,36.0504233],[129.2469527,36.0503962],[129.2469465,36.0504517],[129.24694,36.0505068],[129.2469674,36.0505574],[129.2469794,36.0504568],[129.2469907,36.0504249],[129.2469915,36.0504233]]]]}},{"type":"Feature","properties":{"UFID":"100036913080A00110100000007097207"},"geometry":{"type":"MultiPolygon","coordinates":[[[[129.2458924,36.0518385],[129.2458453,36.0517896],[129.2458008,36.0517454],[129.2457755,36.05172],[129.2457631,36.0517532],[129.2457762,36.0517637],[129.2458193,36.0518065],[129.2458597,36.0518485],[129.2458924,36.0518385]]]]}},{"type":"Feature","properties":{"UFID":"100036913080A00110100000007097208"},"geometry":{"type":"MultiPolygon","coordinates":[[[[129.2459901,36.0520477],[129.245981,36.0520325],[129.2459697,36.0519626],[129.2459616,36.0519286],[129.2459501,36.0519051],[129.2459304,36.051878],[129.2458924,36.0518385],[129.2458597,36.0518485],[129.2459028,36.0518933],[129.2459201,36.0519171],[129.2459295,36.0519363],[129.2459369,36.051967],[129.2459475,36.0520362],[129.2459478,36.0520525],[129.2459901,36.0520477]]]]}},{"type":"Feature","properties":{"UFID":"100036913080A00110100000007097209"},"geometry":{"type":"MultiPolygon","coordinates":[[[[129.245254,36.050402],[129.2452083,36.0504025],[129.2452073,36.0504079],[129.2451412,36.0505143],[129.2450901,36.0507779],[129.2452172,36.050789],[129.2452868,36.0504093],[129.245254,36.050402]]]]}},{"type":"Feature","properties":{"UFID":"100036913080A00110100000007097210"},"geometry":{"type":"MultiPolygon","coordinates":[[[[129.2457755,36.05172],[129.2457121,36.0517179],[129.2457116,36.0517462],[129.2457392,36.0517473],[129.2457631,36.0517532],[129.2457755,36.05172]]]]}},{"type":"Feature","properties":{"UFID":"100036913080A00110100000007097211"},"geometry":{"type":"MultiPolygon","coordinates":[[[[129.2470158,36.0504017],[129.2469667,36.0503711],[129.2469527,36.0503962],[129.2469915,36.0504233],[129.2469969,36.0504132],[129.2470029,36.0504082],[129.2470133,36.0504026],[129.2470158,36.0504017]]]]}},{"type":"Feature","properties":{"UFID":"100036913080A00110100000007097212"},"geometry":{"type":"MultiPolygon","coordinates":[[[[129.246193,36.0508248],[129.2461232,36.0508395],[129.246148,36.0508422],[129.2461665,36.0508456],[129.2461899,36.0509016],[129.2462064,36.0509486],[129.2462563,36.0510788],[129.2462696,36.0511224],[129.2462696,36.0511273],[129.2462683,36.0511352],[129.246266,36.0511415],[129.2462635,36.0511455],[129.2462567,36.0511532],[129.2462525,36.0511567],[129.2462466,36.0511601],[129.2462381,36.0511636],[129.2462536,36.0511876],[129.2462639,36.0511832],[129.2462741,36.0511774],[129.2462823,36.0511706],[129.246292,36.0511596],[129.246297,36.0511517],[129.246301,36.0511409],[129.2463029,36.0511291],[129.2463029,36.0511191],[129.2462884,36.0510715],[129.2462383,36.0509409],[129.2462217,36.0508936],[129.246193,36.0508248]]]]}},{"type":"Feature","properties":{"UFID":"100036913080A00110100000007097213"},"geometry":{"type":"MultiPolygon","coordinates":[[[[129.246193,36.0508248],[129.2461835,36.050793],[129.2461642,36.0508001],[129.2461253,36.0508115],[129.2461094,36.0508142],[129.2461232,36.0508395],[129.246193,36.0508248]]]]}},{"type":"Feature","properties":{"UFID":"100036913080A00110100000007097214"},"geometry":{"type":"MultiPolygon","coordinates":[[[[129.2461232,36.0508395],[129.2461094,36.0508142],[129.2459744,36.0508366],[129.2458616,36.050853],[129.2455201,36.0508972],[129.2454974,36.050901],[129.2455041,36.0509275],[129.2455261,36.0509238],[129.2458672,36.0508797],[129.2459807,36.0508632],[129.2461232,36.0508395]]]]}},{"type":"Feature","properties":{"UFID":"100036913080A00110100000007097215"},"geometry":{"type":"MultiPolygon","coordinates":[[[[129.2455041,36.0509275],[129.2454636,36.0509375],[129.2454768,36.0509477],[129.2454849,36.0509698],[129.2455368,36.0511079],[129.2455483,36.0511265],[129.2456483,36.0512211],[129.2456618,36.0512373],[129.2456872,36.0512836],[129.2457054,36.0513356],[129.245718,36.0513847],[129.245726,36.0514463],[129.2457298,36.0515248],[129.2457244,36.0516463],[129.2457218,36.0516956],[129.2457203,36.0517099],[129.2457121,36.0517179],[129.2457755,36.05172],[129.2457615,36.0516968],[129.2457582,36.0516872],[129.2457578,36.0516466],[129.2457631,36.0515247],[129.2457592,36.0514443],[129.245751,36.0513805],[129.2457378,36.0513291],[129.2457186,36.0512744],[129.245691,36.0512241],[129.2456747,36.0512046],[129.2455762,36.0511114],[129.2455678,36.0510978],[129.2455168,36.050962],[129.2455041,36.0509275]]]]}},{"type":"Feature","properties":{"UFID":"100036913080A00110100000007097216"},"geometry":{"type":"MultiPolygon","coordinates":[[[[129.2455041,36.0509275],[129.2454974,36.050901],[129.2454793,36.0509041],[129.2454547,36.050909],[129.2454636,36.0509375],[129.2455041,36.0509275]]]]}},{"type":"Feature","properties":{"UFID":"100036913080A00110100000007097217"},"geometry":{"type":"MultiPolygon","coordinates":[[[[129.2452172,36.050789],[129.2450901,36.0507779],[129.2450504,36.0509827],[129.2451729,36.0510043],[129.2452172,36.050789]]]]}},{"type":"Feature","properties":{"UFID":"100036913080A00110100000007097218"},"geometry":{"type":"MultiPolygon","coordinates":[[[[129.2450047,36.0518893],[129.2448741,36.0518725],[129.2448644,36.0519226],[129.244984,36.0519352],[129.2450047,36.0518893]]]]}},{"type":"Feature","properties":{"UFID":"100036913080A00110100000007097219"},"geometry":{"type":"MultiPolygon","coordinates":[[[[129.2450247,36.0517916],[129.2448913,36.0517859],[129.2448854,36.0518141],[129.2448741,36.0518725],[129.2450047,36.0518893],[129.2450247,36.0517916]]]]}},{"type":"Feature","properties":{"UFID":"100036913080A00110100000007097220"},"geometry":{"type":"MultiPolygon","coordinates":[[[[129.2450236,36.0517485],[129.2449034,36.051728],[129.2448913,36.0517859],[129.2450247,36.0517916],[129.2450236,36.0517485]]]]}},{"type":"Feature","properties":{"UFID":"100036913080A00110100000007097221"},"geometry":{"type":"MultiPolygon","coordinates":[[[[129.2451729,36.0510043],[129.2450504,36.0509827],[129.2450331,36.0510717],[129.2449271,36.0515853],[129.2449112,36.0516904],[129.2449034,36.051728],[129.2450236,36.0517485],[129.2450233,36.051738],[129.2450771,36.0514958],[129.2450965,36.0513863],[129.2451487,36.0510493],[129.2451531,36.0510268],[129.2451581,36.0510172],[129.2451729,36.0510043]]]]}},{"type":"Feature","properties":{"UFID":"100036913080A00110100000007097222"},"geometry":{"type":"MultiPolygon","coordinates":[[[[129.2457116,36.0517462],[129.2457121,36.0517179],[129.2457048,36.0517188],[129.2456624,36.0517189],[129.2455707,36.0517186],[129.2455028,36.0517269],[129.245358,36.051752],[129.2453007,36.051758],[129.2450477,36.0517607],[129.2450296,36.051754],[129.2450236,36.0517485],[129.2450247,36.0517916],[129.2450308,36.0517879],[129.2453031,36.051785],[129.2453636,36.0517786],[129.2455087,36.0517535],[129.2455731,36.0517457],[129.2456624,36.051746],[129.245704,36.0517458],[129.2457116,36.0517462]]]]}},{"type":"Feature","properties":{"UFID":"100036913080A00110100000007097223"},"geometry":{"type":"MultiPolygon","coordinates":[[[[129.2454636,36.0509375],[129.2454547,36.050909],[129.2454335,36.0509132],[129.245315,36.0509405],[129.2452968,36.0509436],[129.2452906,36.0509422],[129.2452172,36.050789],[129.2451729,36.0510043],[129.2451892,36.050997],[129.2452727,36.0509772],[129.245323,36.0509667],[129.245442,36.0509393],[129.2454554,36.0509367],[129.2454636,36.0509375]]]]}},{"type":"Feature","properties":{"UFID":"100036913080A00110100000007097224"},"geometry":{"type":"MultiPolygon","coordinates":[[[[129.2421632,36.0524123],[129.2421417,36.0523885],[129.2421091,36.0523466],[129.2416109,36.0517983],[129.2415744,36.0517538],[129.2415058,36.0517059],[129.2414683,36.0516908],[129.2414231,36.0516858],[129.2413765,36.0516911],[129.2413564,36.0516998],[129.241142,36.0517958],[129.2410551,36.0518786],[129.2413154,36.051747],[129.2413746,36.0517217],[129.2414337,36.0517175],[129.2414585,36.051717],[129.2414873,36.0517286],[129.2415492,36.0517719],[129.2415836,36.0518138],[129.2420816,36.0523619],[129.2421009,36.0523868],[129.2421265,36.0524469],[129.2421632,36.0524123]]]]}},{"type":"Feature","properties":{"UFID":"100036913080A00110100000007097225"},"geometry":{"type":"MultiPolygon","coordinates":[[[[129.2410551,36.0518786],[129.241142,36.0517958],[129.2410537,36.0518363],[129.2409996,36.0519074],[129.2410551,36.0518786]]]]}},{"type":"Feature","properties":{"UFID":"100036913080A00110100000007097226"},"geometry":{"type":"MultiPolygon","coordinates":[[[[129.2409996,36.0519074],[129.2410537,36.0518363],[129.2410141,36.0518551],[129.2405649,36.0520984],[129.2404498,36.0521594],[129.2399672,36.0524085],[129.2399923,36.0524416],[129.2401167,36.0523761],[129.2404642,36.052187],[129.2408593,36.0519789],[129.2409929,36.0519089],[129.2409996,36.0519074]]]]}},{"type":"Feature","properties":{"UFID":"100036913080A00110100000007097227"},"geometry":{"type":"MultiPolygon","coordinates":[[[[129.2410551,36.0518786],[129.2409996,36.0519074],[129.2410002,36.0519134],[129.2409734,36.0519694],[129.2410192,36.051955],[129.2410484,36.051898],[129.2410551,36.0518786]]]]}},{"type":"Feature","properties":{"UFID":"100036913080A00110100000007097228"},"geometry":{"type":"MultiPolygon","coordinates":[[[[129.2423427,36.0506692],[129.2423207,36.0506703],[129.2423005,36.0506399],[129.2422723,36.0505932],[129.242211,36.0504763],[129.2421461,36.0503248],[129.242128,36.0502734],[129.2421339,36.0502451],[129.2420786,36.050253],[129.2421144,36.050333],[129.2421799,36.050486],[129.242242,36.0506045],[129.2422709,36.0506523],[129.24228,36.0506656],[129.2423093,36.050717],[129.2423134,36.0507327],[129.2423139,36.0507399],[129.2423138,36.050748],[129.2423427,36.0506692]]]]}},{"type":"Feature","properties":{"UFID":"100036913080A00110100000007097229"},"geometry":{"type":"MultiPolygon","coordinates":[[[[129.2423967,36.0507141],[129.2423427,36.0506692],[129.2423138,36.050748],[129.2423879,36.0507849],[129.2423948,36.0507793],[129.2423969,36.0507696],[129.2423977,36.0507542],[129.2423977,36.0507342],[129.2423967,36.0507141]]]]}},{"type":"Feature","properties":{"UFID":"100036913080A00110100000007097230"},"geometry":{"type":"MultiPolygon","coordinates":[[[[129.241142,36.0517958],[129.2411647,36.0517697],[129.2412425,36.0517028],[129.2412766,36.0516759],[129.2413378,36.0516333],[129.2414082,36.0515901],[129.2414951,36.0515447],[129.2415046,36.0515402],[129.2415681,36.051482],[129.2416932,36.0513665],[129.2418554,36.0512265],[129.2420156,36.051067],[129.2421532,36.0509568],[129.2422577,36.0508645],[129.2423177,36.0508031],[129.2423346,36.050789],[129.2423385,36.0507886],[129.2423419,36.0507917],[129.2423439,36.0507968],[129.2423464,36.0508012],[129.242353,36.0507995],[129.2423879,36.0507849],[129.2423138,36.050748],[129.2423077,36.0507619],[129.2422944,36.0507782],[129.2421604,36.0508955],[129.2420717,36.0509826],[129.2419612,36.0510827],[129.2418592,36.0511779],[129.2417208,36.0513034],[129.2416074,36.0514127],[129.2415126,36.051499],[129.2414925,36.0515129],[129.2414725,36.0515242],[129.2414382,36.0515424],[129.241362,36.0515849],[129.2412643,36.051655],[129.2412196,36.051683],[129.2411389,36.0517525],[129.2411088,36.051787],[129.2410806,36.051811],[129.2410537,36.0518363],[129.241142,36.0517958]]]]}},{"type":"Feature","properties":{"UFID":"100036913080A00110100000007097231"},"geometry":{"type":"MultiPolygon","coordinates":[[[[129.2422247,36.0524772],[129.242184,36.0524351],[129.2421632,36.0524123],[129.2421265,36.0524469],[129.2421933,36.0525063],[129.2422247,36.0524772]]]]}},{"type":"Feature","properties":{"UFID":"100036913080A00110100000007097232"},"geometry":{"type":"MultiPolygon","coordinates":[[[[129.2422723,36.0503195],[129.2422597,36.050324],[129.2422372,36.0503032],[129.2421229,36.0501559],[129.2420955,36.0501248],[129.2420845,36.0501086],[129.2421339,36.0502451],[129.2421748,36.0502955],[129.2422331,36.0503544],[129.2422531,36.0503682],[129.2422723,36.0503195]]]]}},{"type":"Feature","properties":{"UFID":"100036913080A00110100000007097233"},"geometry":{"type":"MultiPolygon","coordinates":[[[[129.242327,36.0503505],[129.2422723,36.0503195],[129.2422531,36.0503682],[129.2422843,36.0503897],[129.2423035,36.050405],[129.242327,36.0503505]]]]}},{"type":"Feature","properties":{"UFID":"100036913080A00110100000007097234"},"geometry":{"type":"MultiPolygon","coordinates":[[[[129.2421339,36.0502451],[129.2420845,36.0501086],[129.2420254,36.050121],[129.2420466,36.0501822],[129.2420786,36.050253],[129.2421339,36.0502451]]]]}},{"type":"Feature","properties":{"UFID":"100036913080A00110100000007097235"},"geometry":{"type":"MultiPolygon","coordinates":[[[[129.2424119,36.0503913],[129.2423681,36.050359],[129.2423359,36.0504309],[129.2423889,36.0504509],[129.2423895,36.0504485],[129.2423966,36.050428],[129.2424119,36.0503913]]]]}},{"type":"Feature","properties":{"UFID":"100036913080A00110100000007097236"},"geometry":{"type":"MultiPolygon","coordinates":[[[[129.2423681,36.050359],[129.2423486,36.050358],[129.242327,36.0503505],[129.2423035,36.050405],[129.2423359,36.0504309],[129.2423681,36.050359]]]]}},{"type":"Feature","properties":{"UFID":"100036913080A00110100000007097237"},"geometry":{"type":"MultiPolygon","coordinates":[[[[129.2379539,36.0517322],[129.2378023,36.0516152],[129.2377971,36.05166],[129.2377794,36.0517144],[129.2377588,36.0517702],[129.237738,36.0518192],[129.2376844,36.0519265],[129.2376585,36.051968],[129.2376017,36.052037],[129.2375449,36.0520934],[129.2374903,36.0521302],[129.2375409,36.0521488],[129.2375805,36.0521221],[129.2376419,36.0520612],[129.2377016,36.0519885],[129.2377299,36.0519433],[129.2377839,36.0518352],[129.2378007,36.0518053],[129.237806,36.0517979],[129.237866,36.0517542],[129.2379034,36.0517364],[129.2379279,36.0517306],[129.2379539,36.0517322]]]]}},{"type":"Feature","properties":{"UFID":"100036913080A00110100000007097238"},"geometry":{"type":"MultiPolygon","coordinates":[[[[129.2382712,36.0515815],[129.2382063,36.0514894],[129.2380813,36.0515693],[129.2381321,36.0516369],[129.2381835,36.0516193],[129.2382258,36.0516017],[129.2382712,36.0515815]]]]}},{"type":"Feature","properties":{"UFID":"100036913080A00110100000007097239"},"geometry":{"type":"MultiPolygon","coordinates":[[[[129.2383056,36.0512358],[129.2383011,36.0512315],[129.2382998,36.0512219],[129.2382925,36.0511031],[129.2382592,36.0511044],[129.2382666,36.0512241],[129.2382708,36.0512869],[129.2382708,36.0512902],[129.2383056,36.0512358]]]]}},{"type":"Feature","properties":{"UFID":"100036913080A00110100000007097240"},"geometry":{"type":"MultiPolygon","coordinates":[[[[129.2382063,36.0514894],[129.2382133,36.051475],[129.2383104,36.0513065],[129.2382708,36.0512902],[129.2381722,36.0514553],[129.2381446,36.0514942],[129.2380813,36.0515693],[129.2382063,36.0514894]]]]}},{"type":"Feature","properties":{"UFID":"100036913080A00110100000007097241"},"geometry":{"type":"MultiPolygon","coordinates":[[[[129.2383456,36.0512514],[129.2383056,36.0512358],[129.2382708,36.0512902],[129.2383104,36.0513065],[129.2383456,36.0512514]]]]}},{"type":"Feature","properties":{"UFID":"100036913080A00110100000007097242"},"geometry":{"type":"MultiPolygon","coordinates":[[[[129.2381321,36.0516369],[129.2380813,36.0515693],[129.238044,36.0515839],[129.238001,36.0515903],[129.2379565,36.0515883],[129.2378993,36.0515707],[129.2380486,36.0517035],[129.2380568,36.051683],[129.2380689,36.0516677],[129.2380976,36.0516487],[129.2381321,36.0516369]]]]}},{"type":"Feature","properties":{"UFID":"100036913080A00110100000007097243"},"geometry":{"type":"MultiPolygon","coordinates":[[[[129.2399923,36.0524416],[129.2399672,36.0524085],[129.239897,36.0524448],[129.2398631,36.0524618],[129.2398868,36.0524987],[129.2399923,36.0524416]]]]}},{"type":"Feature","properties":{"UFID":"100036913080A00110100000007097244"},"geometry":{"type":"MultiPolygon","coordinates":[[[[129.2388639,36.0510413],[129.2388119,36.0510152],[129.2387619,36.0510895],[129.2386688,36.0512054],[129.2386144,36.0512597],[129.238546,36.0513184],[129.2384794,36.0513654],[129.2384244,36.0513978],[129.2382775,36.0514703],[129.2382346,36.0514862],[129.2382063,36.0514894],[129.2382712,36.0515815],[129.2382762,36.0515793],[129.2383304,36.0515452],[129.2383627,36.0515215],[129.2384228,36.0514743],[129.2385174,36.0514043],[129.2385883,36.0513542],[129.2386603,36.0512924],[129.2387181,36.0512346],[129.2388143,36.051115],[129.2388639,36.0510413]]]]}},{"type":"Feature","properties":{"UFID":"100036913080A00110100000007098995"},"geometry":{"type":"MultiPolygon","coordinates":[[[[129.2468198,36.0691765],[129.2468512,36.0692307],[129.2468508,36.0692155],[129.2469581,36.0692099],[129.2470248,36.0691977],[129.2470472,36.0691859],[129.247024,36.0688806],[129.2470353,36.0688652],[129.2470457,36.0688571],[129.2470173,36.0688162],[129.2469897,36.0688392],[129.2469843,36.0688713],[129.2469937,36.0691506],[129.2469879,36.0691685],[129.2469701,36.0691824],[129.2469493,36.0691833],[129.2468321,36.0691825],[129.2468198,36.0691765]]]]}},{"type":"Feature","properties":{"UFID":"100036913080A00110100000007098996"},"geometry":{"type":"MultiPolygon","coordinates":[[[[129.2468512,36.0692307],[129.2468382,36.0692697],[129.2469405,36.0692641],[129.2470865,36.0692626],[129.247281,36.0692589],[129.2473689,36.0692574],[129.2473505,36.0692163],[129.2472271,36.0692189],[129.2471285,36.0692195],[129.2470001,36.0692321],[129.2468531,36.0692362],[129.2468512,36.0692307]]]]}},{"type":"Feature","properties":{"UFID":"100036913080A00110100000007098997"},"geometry":{"type":"MultiPolygon","coordinates":[[[[129.2468756,36.0694334],[129.2467625,36.0694731],[129.246754,36.06947],[129.2467924,36.0695886],[129.2467989,36.0695825],[129.2468487,36.0695894],[129.2468757,36.0695957],[129.2468954,36.0696089],[129.2468756,36.0694334]]]]}},{"type":"Feature","properties":{"UFID":"100036913080A00110100000007098998"},"geometry":{"type":"MultiPolygon","coordinates":[[[[129.2469287,36.0696073],[129.2468954,36.0696089],[129.2468992,36.069652],[129.2468964,36.0696849],[129.2468899,36.0697188],[129.2468851,36.0697372],[129.246865,36.0698054],[129.2468628,36.0698139],[129.2468449,36.0698198],[129.2469036,36.0698788],[129.2469007,36.0698399],[129.2469062,36.069789],[129.2469176,36.0697431],[129.2469227,36.0697237],[129.2469295,36.0696879],[129.2469325,36.069652],[129.2469287,36.0696073]]]]}},{"type":"Feature","properties":{"UFID":"100036913080A00110100000007098999"},"geometry":{"type":"MultiPolygon","coordinates":[[[[129.2469287,36.0696073],[129.2469283,36.0696033],[129.246909,36.0694333],[129.2468756,36.0694334],[129.2468954,36.0696089],[129.2469287,36.0696073]]]]}},{"type":"Feature","properties":{"UFID":"100036913080A00110100000007099000"},"geometry":{"type":"MultiPolygon","coordinates":[[[[129.2466478,36.0693862],[129.2465962,36.069364],[129.2466006,36.0693703],[129.2465949,36.0693791],[129.2465741,36.0694269],[129.2466055,36.0694359],[129.2466259,36.0693893],[129.2466289,36.0693838],[129.2466323,36.069381],[129.2466478,36.0693862]]]]}},{"type":"Feature","properties":{"UFID":"100036913080A00110100000007099001"},"geometry":{"type":"MultiPolygon","coordinates":[[[[129.2465962,36.069364],[129.246615,36.0693165],[129.2466071,36.0693233],[129.2465793,36.0693411],[129.2465394,36.0693484],[129.246429,36.0693589],[129.2464185,36.0693618],[129.2463948,36.0693735],[129.2463833,36.069382],[129.2463689,36.0694032],[129.2463414,36.0694745],[129.2463732,36.0694826],[129.2463996,36.0694139],[129.2464098,36.069399],[129.2464148,36.0693953],[129.2464328,36.0693864],[129.2464365,36.0693854],[129.246545,36.0693751],[129.2465962,36.069364]]]]}},{"type":"Feature","properties":{"UFID":"100036913080A00110100000007099002"},"geometry":{"type":"MultiPolygon","coordinates":[[[[129.2468382,36.0692697],[129.2468033,36.069279],[129.2468327,36.069317],[129.2468604,36.0693624],[129.246872,36.0694026],[129.2468756,36.0694334],[129.246909,36.0694333],[129.246905,36.0693982],[129.246892,36.0693532],[129.2468382,36.0692697]]]]}},{"type":"Feature","properties":{"UFID":"100036913080A00110100000007099003"},"geometry":{"type":"MultiPolygon","coordinates":[[[[129.2468382,36.0692697],[129.2468512,36.0692307],[129.2468198,36.0691765],[129.2467542,36.0691599],[129.2467374,36.0691989],[129.2467545,36.0692156],[129.2468033,36.069279],[129.2468382,36.0692697]]]]}},{"type":"Feature","properties":{"UFID":"100036913080A00110100000007099004"},"geometry":{"type":"MultiPolygon","coordinates":[[[[129.2467542,36.0691599],[129.2467106,36.0691241],[129.2466257,36.0690525],[129.2466723,36.0691661],[129.2466901,36.0691614],[129.2466968,36.0691644],[129.2467273,36.069189],[129.2467374,36.0691989],[129.2467542,36.0691599]]]]}},{"type":"Feature","properties":{"UFID":"100036913080A00110100000007099005"},"geometry":{"type":"MultiPolygon","coordinates":[[[[129.2467542,36.0691599],[129.2468198,36.0691765],[129.2468172,36.0691383],[129.2468163,36.0690947],[129.2468211,36.0689754],[129.2468277,36.0689082],[129.2468421,36.0687467],[129.2468089,36.0687448],[129.2467944,36.0689061],[129.2467879,36.0689739],[129.246783,36.0690928],[129.2467781,36.0691286],[129.2467713,36.0691435],[129.2467542,36.0691599]]]]}},{"type":"Feature","properties":{"UFID":"100036913080A00110100000007099006"},"geometry":{"type":"MultiPolygon","coordinates":[[[[129.2452545,36.0704948],[129.2452398,36.0704886],[129.2452098,36.0704552],[129.2449344,36.0700956],[129.2448527,36.0699951],[129.2448194,36.0699494],[129.2447484,36.0698412],[129.2446894,36.0697431],[129.2445934,36.069608],[129.2445768,36.0695832],[129.2445636,36.0695562],[129.2445562,36.0695237],[129.2445537,36.0694544],[129.2445549,36.0693143],[129.244587,36.0690515],[129.2445903,36.0689991],[129.2445907,36.0689247],[129.2445821,36.0688392],[129.2445693,36.0687871],[129.2445223,36.0686743],[129.2445115,36.0686427],[129.2445077,36.0686006],[129.2445065,36.0684404],[129.2445026,36.0683718],[129.244495,36.068341],[129.2444786,36.068308],[129.2444603,36.0682795],[129.2444559,36.0682735],[129.2444601,36.068294],[129.2444546,36.068332],[129.244463,36.0683488],[129.2444695,36.0683751],[129.2444732,36.0684411],[129.2444744,36.0686017],[129.2444785,36.0686474],[129.2444905,36.0686822],[129.2445371,36.0687941],[129.244549,36.068843],[129.2445574,36.0689258],[129.244557,36.0689983],[129.2445538,36.0690495],[129.2445216,36.0693128],[129.2445204,36.0694547],[129.2445229,36.0695266],[129.2445315,36.0695637],[129.2445465,36.0695947],[129.2445644,36.0696213],[129.24466,36.0697558],[129.2447188,36.0698535],[129.2447904,36.0699626],[129.2448244,36.0700094],[129.2449063,36.0701102],[129.2451821,36.0704703],[129.2451901,36.0704854],[129.2451933,36.0705016],[129.2451875,36.0705211],[129.2452545,36.0704948]]]]}},{"type":"Feature","properties":{"UFID":"100036913080A00110100000007099014"},"geometry":{"type":"MultiPolygon","coordinates":[[[[129.2475532,36.0647331],[129.2475641,36.0646592],[129.2475557,36.0646716],[129.2475453,36.0646827],[129.2475342,36.064688],[129.2475135,36.0646923],[129.2474857,36.0646976],[129.247341,36.0647206],[129.2472745,36.0647337],[129.2471987,36.064753],[129.2471132,36.0647848],[129.2470804,36.0648325],[129.2470461,36.0648681],[129.2469992,36.0648979],[129.2469599,36.0649193],[129.2468536,36.0649672],[129.2465189,36.0650857],[129.2465148,36.0650859],[129.2465214,36.0651131],[129.2465282,36.0651119],[129.2468683,36.0649915],[129.2469773,36.0649424],[129.2470188,36.0649198],[129.2470699,36.0648874],[129.2471082,36.0648475],[129.247137,36.0648057],[129.2472107,36.0647782],[129.2472833,36.0647597],[129.2473481,36.0647471],[129.2474648,36.0647285],[129.2475117,36.0647282],[129.2475389,36.0647284],[129.2475532,36.0647331]]]]}},{"type":"Feature","properties":{"UFID":"100036913080A00110100000007099015"},"geometry":{"type":"MultiPolygon","coordinates":[[[[129.2475906,36.0647203],[129.2475532,36.0647331],[129.2475442,36.0648347],[129.2475774,36.0648366],[129.2475861,36.0647379],[129.2475906,36.0647203]]]]}},{"type":"Feature","properties":{"UFID":"100036913080A00110100000007099016"},"geometry":{"type":"MultiPolygon","coordinates":[[[[129.2475906,36.0647203],[129.2476047,36.0646643],[129.2475641,36.0646592],[129.2475532,36.0647331],[129.2475906,36.0647203]]]]}},{"type":"Feature","properties":{"UFID":"100036913080A00110100000007099017"},"geometry":{"type":"MultiPolygon","coordinates":[[[[129.245083,36.0647518],[129.2450698,36.0646882],[129.2450501,36.0647008],[129.2441881,36.0647745],[129.2441916,36.0648014],[129.2450458,36.0647284],[129.2450554,36.0647316],[129.245083,36.0647518]]]]}},{"type":"Feature","properties":{"UFID":"100036913080A00110100000007099018"},"geometry":{"type":"MultiPolygon","coordinates":[[[[129.2436317,36.0667968],[129.2436234,36.0668],[129.2436468,36.066882],[129.2436478,36.0668836],[129.2437292,36.0671008],[129.2438162,36.0673518],[129.2438697,36.0674231],[129.2438823,36.0674317],[129.2438583,36.0673735],[129.2437612,36.0670932],[129.2436789,36.0668739],[129.2436536,36.0668298],[129.2436359,36.0668039],[129.2436317,36.0667968]]]]}},{"type":"Feature","properties":{"UFID":"100036913080A00110100000007099019"},"geometry":{"type":"MultiPolygon","coordinates":[[[[129.2436317,36.0667968],[129.2436164,36.066771],[129.2436158,36.0667736],[129.2436234,36.0668],[129.2436317,36.0667968]]]]}},{"type":"Feature","properties":{"UFID":"100036913080A00110100000007099020"},"geometry":{"type":"MultiPolygon","coordinates":[[[[129.2436524,36.066631],[129.2436492,36.0666288],[129.2436477,36.0666355],[129.2436524,36.066631]]]]}},{"type":"Feature","properties":{"UFID":"100036913080A00110100000007099022"},"geometry":{"type":"MultiPolygon","coordinates":[[[[129.2465214,36.0651131],[129.2465148,36.0650859],[129.2464953,36.0650867],[129.2464777,36.0650852],[129.245697,36.0649877],[129.2452525,36.064943],[129.2452204,36.0649354],[129.2452012,36.0649232],[129.2451933,36.0649113],[129.2452053,36.064998],[129.2452263,36.0649827],[129.2452496,36.0649745],[129.2456916,36.0650189],[129.2464735,36.0651166],[129.2465024,36.0651165],[129.2465214,36.0651131]]]]}},{"type":"Feature","properties":{"UFID":"100036913080A00110100000007099023"},"geometry":{"type":"MultiPolygon","coordinates":[[[[129.2485189,36.0625033],[129.248484,36.0624604],[129.2484481,36.062464],[129.2484631,36.0624853],[129.2484807,36.062506],[129.2485189,36.0625033]]]]}},{"type":"Feature","properties":{"UFID":"100036913080A00110100000007099024"},"geometry":{"type":"MultiPolygon","coordinates":[[[[129.248484,36.0624604],[129.2484791,36.0624397],[129.2484827,36.0624238],[129.2485005,36.0623664],[129.2485474,36.0622589],[129.2485525,36.0622549],[129.2485064,36.0622718],[129.2484686,36.0623586],[129.2484501,36.062418],[129.2484455,36.0624384],[129.2484481,36.062464],[129.248484,36.0624604]]]]}},{"type":"Feature","properties":{"UFID":"100036913080A00110100000007099025"},"geometry":{"type":"MultiPolygon","coordinates":[[[[129.2485189,36.0625033],[129.2484807,36.062506],[129.2485105,36.0625411],[129.2485908,36.0626246],[129.248629,36.062687],[129.2486424,36.0627445],[129.2486434,36.0627652],[129.2486768,36.0627662],[129.2486756,36.0627414],[129.2486609,36.0626783],[129.2486191,36.0626101],[129.2485374,36.0625251],[129.2485189,36.0625033]]]]}},{"type":"Feature","properties":{"UFID":"100036913080A00110100000007099026"},"geometry":{"type":"MultiPolygon","coordinates":[[[[129.248484,36.0624604],[129.2485189,36.0625033],[129.2485287,36.0625061],[129.2485427,36.0625155],[129.2485724,36.0625442],[129.2486206,36.0625943],[129.2486477,36.0626276],[129.2486663,36.062661],[129.2486836,36.0627071],[129.248696,36.0627636],[129.2487034,36.0627956],[129.2486944,36.0628517],[129.2487442,36.0628474],[129.2487347,36.0627953],[129.248719,36.0627241],[129.2487049,36.0626784],[129.2486938,36.0626467],[129.248681,36.0626206],[129.248651,36.0625832],[129.2485933,36.0625271],[129.2485551,36.0624934],[129.2485151,36.0624771],[129.2484962,36.0624654],[129.248484,36.0624604]]]]}},{"type":"Feature","properties":{"UFID":"100036913080A00110100000007099027"},"geometry":{"type":"MultiPolygon","coordinates":[[[[129.2477401,36.064519],[129.2477163,36.0645382],[129.2477203,36.0645425],[129.2478987,36.064775],[129.2479049,36.0647858],[129.2479078,36.0648277],[129.2479051,36.0648942],[129.2478975,36.0649466],[129.2478776,36.0650581],[129.2478516,36.0651663],[129.2478167,36.0652687],[129.2477907,36.0653688],[129.247771,36.065478],[129.2477663,36.0655442],[129.247768,36.0655714],[129.2477705,36.0655812],[129.2477761,36.0655901],[129.2477829,36.0655987],[129.2477927,36.0656072],[129.247821,36.0656214],[129.2478489,36.0656326],[129.247915,36.0656545],[129.247936,36.0656598],[129.2480039,36.0656752],[129.2480129,36.0656492],[129.2479455,36.0656339],[129.2479263,36.065629],[129.2478626,36.0656079],[129.2478371,36.0655977],[129.247814,36.0655861],[129.2478092,36.0655819],[129.2478051,36.0655767],[129.2478022,36.0655721],[129.2478011,36.0655679],[129.2477997,36.0655443],[129.2478042,36.0654807],[129.2478235,36.0653735],[129.2478491,36.0652751],[129.2478841,36.0651725],[129.2479105,36.0650626],[129.2479305,36.0649501],[129.2479365,36.0649094],[129.2479432,36.0648298],[129.2479378,36.064779],[129.247928,36.0647621],[129.2477477,36.0645272],[129.2477401,36.064519]]]]}},{"type":"Feature","properties":{"UFID":"100036913080A00110100000007099028"},"geometry":{"type":"MultiPolygon","coordinates":[[[[129.2479074,36.0640911],[129.2478785,36.0640776],[129.2478418,36.0641264],[129.2478762,36.0641371],[129.2479074,36.0640911]]]]}},{"type":"Feature","properties":{"UFID":"100036913080A00110100000007099029"},"geometry":{"type":"MultiPolygon","coordinates":[[[[129.2484563,36.0633161],[129.24842,36.0632983],[129.2484193,36.0632997],[129.2483734,36.0633632],[129.2483635,36.0633773],[129.2483928,36.0633902],[129.2484563,36.0633161]]]]}},{"type":"Feature","properties":{"UFID":"100036913080A00110100000007099030"},"geometry":{"type":"MultiPolygon","coordinates":[[[[129.2483928,36.0633902],[129.2483635,36.0633773],[129.2481207,36.0637227],[129.2479568,36.0639636],[129.2478785,36.0640776],[129.2479074,36.0640911],[129.2479859,36.0639767],[129.2481497,36.063736],[129.2483928,36.0633902]]]]}},{"type":"Feature","properties":{"UFID":"100036913080A00110100000007099031"},"geometry":{"type":"MultiPolygon","coordinates":[[[[129.2481665,36.0627811],[129.248133,36.0627901],[129.2481328,36.0627976],[129.2481308,36.0628325],[129.2481641,36.0628338],[129.2481661,36.0627985],[129.2481665,36.0627811]]]]}},{"type":"Feature","properties":{"UFID":"100036913080A00110100000007099032"},"geometry":{"type":"MultiPolygon","coordinates":[[[[129.2481665,36.0627811],[129.2481518,36.0627564],[129.2481492,36.0627579],[129.2481389,36.0627617],[129.2481226,36.0627642],[129.248133,36.0627901],[129.2481665,36.0627811]]]]}},{"type":"Feature","properties":{"UFID":"100036913080A00110100000007099033"},"geometry":{"type":"MultiPolygon","coordinates":[[[[129.248133,36.0627901],[129.2481226,36.0627642],[129.2481185,36.0627649],[129.2480962,36.0627646],[129.2480648,36.0627615],[129.247993,36.0627476],[129.2479585,36.0627466],[129.2479392,36.0627488],[129.247911,36.0627545],[129.2478868,36.0627631],[129.2478477,36.0627839],[129.2478116,36.0627991],[129.2478011,36.0628023],[129.2477855,36.062805],[129.2477685,36.0628069],[129.2477499,36.0628064],[129.2477284,36.0628037],[129.2476989,36.0627969],[129.2476594,36.0627809],[129.2476403,36.0627703],[129.2476386,36.0627666],[129.247637,36.0627564],[129.2476405,36.0627157],[129.2476405,36.0626471],[129.2476408,36.0626101],[129.2476525,36.0625936],[129.247592,36.0625874],[129.2476013,36.062596],[129.2476075,36.0626105],[129.2476072,36.062647],[129.2476072,36.0627148],[129.2476036,36.0627571],[129.247606,36.0627731],[129.2476129,36.0627878],[129.2476425,36.0628043],[129.2476868,36.0628222],[129.2477213,36.0628302],[129.2477469,36.0628334],[129.2477703,36.062834],[129.2477912,36.0628316],[129.2478104,36.0628283],[129.2478252,36.0628239],[129.2478645,36.0628073],[129.2479027,36.0627869],[129.2479218,36.0627802],[129.2479455,36.0627754],[129.2479602,36.0627737],[129.2479885,36.0627746],[129.2480592,36.0627882],[129.2480939,36.0627916],[129.2481214,36.062792],[129.248133,36.0627901]]]]}},{"type":"Feature","properties":{"UFID":"100036913080A00110100000007099034"},"geometry":{"type":"MultiPolygon","coordinates":[[[[129.2482757,36.0626416],[129.2482364,36.0626312],[129.248197,36.0626263],[129.2480614,36.0626177],[129.2479897,36.0626104],[129.2478166,36.062585],[129.2476573,36.0625668],[129.2476525,36.0625936],[129.2478113,36.0626117],[129.2479847,36.0626371],[129.2481684,36.0626559],[129.2482148,36.0626646],[129.2482471,36.0626819],[129.2482757,36.0626416]]]]}},{"type":"Feature","properties":{"UFID":"100036913080A00110100000007099035"},"geometry":{"type":"MultiPolygon","coordinates":[[[[129.248296,36.0626955],[129.2482471,36.0626819],[129.2481842,36.062733],[129.2481608,36.0627513],[129.2481518,36.0627564],[129.2481665,36.0627811],[129.2481818,36.0627724],[129.2482072,36.0627525],[129.2482663,36.0627067],[129.2482828,36.0626998],[129.248296,36.0626955]]]]}},{"type":"Feature","properties":{"UFID":"100036913080A00110100000007099036"},"geometry":{"type":"MultiPolygon","coordinates":[[[[129.2483194,36.0626623],[129.2482765,36.0626419],[129.2482757,36.0626416],[129.2482471,36.0626819],[129.248296,36.0626955],[129.2483194,36.0626623]]]]}},{"type":"Feature","properties":{"UFID":"100036913080A00110100000007099037"},"geometry":{"type":"MultiPolygon","coordinates":[[[[129.2486678,36.062899],[129.2486051,36.0628886],[129.2486135,36.0629129],[129.2486136,36.0629366],[129.2486098,36.0629465],[129.2485642,36.0630358],[129.2485256,36.0631001],[129.2485163,36.0631132],[129.2484888,36.0631548],[129.2484624,36.0632092],[129.24842,36.0632983],[129.2484563,36.0633161],[129.2484678,36.0632728],[129.2484934,36.063219],[129.248519,36.0631662],[129.2485454,36.0631263],[129.2485549,36.0631129],[129.2485945,36.0630469],[129.2486411,36.0629557],[129.2486519,36.062928],[129.2486678,36.062899]]]]}},{"type":"Feature","properties":{"UFID":"100036913080A00110100000007099038"},"geometry":{"type":"MultiPolygon","coordinates":[[[[129.2486434,36.0627652],[129.2485868,36.062822],[129.2485772,36.0628164],[129.2485109,36.062762],[129.2484562,36.0627255],[129.2483789,36.062691],[129.2483194,36.0626623],[129.248296,36.0626955],[129.2483222,36.0626951],[129.2483623,36.0627145],[129.2484375,36.062748],[129.2484885,36.062782],[129.2485555,36.062837],[129.2486051,36.0628886],[129.2486434,36.0627652]]]]}},{"type":"Feature","properties":{"UFID":"100036913080A00110100000007099039"},"geometry":{"type":"MultiPolygon","coordinates":[[[[129.2486768,36.0627662],[129.2486434,36.0627652],[129.2486051,36.0628886],[129.2486678,36.062899],[129.2486699,36.0628953],[129.2486797,36.062819],[129.2486768,36.0627662]]]]}},{"type":"Feature","properties":{"UFID":"100036913080A00110100000007099085"},"geometry":{"type":"MultiPolygon","coordinates":[[[[129.2488062,36.0616185],[129.2488348,36.0615421],[129.2488114,36.0615557],[129.2487094,36.0615834],[129.2484334,36.0616425],[129.2484399,36.0616885],[129.2484582,36.0616845],[129.2488062,36.0616185]]]]}},{"type":"Feature","properties":{"UFID":"100036913080A00110100000007099086"},"geometry":{"type":"MultiPolygon","coordinates":[[[[129.2489109,36.0615963],[129.2488062,36.0616185],[129.2488189,36.0616215],[129.2488277,36.0616261],[129.248832,36.0616314],[129.2488309,36.0616427],[129.2487006,36.0619329],[129.248621,36.0621073],[129.248575,36.0621272],[129.2486995,36.0621772],[129.2486778,36.0621447],[129.2486717,36.0621339],[129.2486768,36.0620969],[129.2488377,36.0617328],[129.2488825,36.0616309],[129.2489109,36.0615963]]]]}},{"type":"Feature","properties":{"UFID":"100036913080A00110100000007099087"},"geometry":{"type":"MultiPolygon","coordinates":[[[[129.2479995,36.0619939],[129.2477655,36.0619409],[129.2477367,36.0620006],[129.2478513,36.062035],[129.2479995,36.0619939]]]]}},{"type":"Feature","properties":{"UFID":"100036913080A00110100000007099088"},"geometry":{"type":"MultiPolygon","coordinates":[[[[129.2489109,36.0615963],[129.2489526,36.0615014],[129.2488348,36.0615421],[129.2488062,36.0616185],[129.2489109,36.0615963]]]]}},{"type":"Feature","properties":{"UFID":"100036913080A00110100000007099089"},"geometry":{"type":"MultiPolygon","coordinates":[[[[129.2488079,36.0608583],[129.2488045,36.060852],[129.2488017,36.0608418],[129.248742,36.0608258],[129.2487264,36.0608664],[129.2488079,36.0608583]]]]}},{"type":"Feature","properties":{"UFID":"100036913080A00110100000007099090"},"geometry":{"type":"MultiPolygon","coordinates":[[[[129.2488234,36.0609403],[129.2488176,36.0608623],[129.2487266,36.0608871],[129.2486976,36.0609699],[129.2488234,36.0609403]]]]}},{"type":"Feature","properties":{"UFID":"100036913080A00110100000007099091"},"geometry":{"type":"MultiPolygon","coordinates":[[[[129.2478817,36.0618739],[129.2478381,36.0618189],[129.2477449,36.0618019],[129.2477291,36.0618767],[129.247757,36.0618944],[129.2477739,36.0619134],[129.2478817,36.0618739]]]]}},{"type":"Feature","properties":{"UFID":"100036913080A00110100000007099092"},"geometry":{"type":"MultiPolygon","coordinates":[[[[129.2478817,36.0618739],[129.2477739,36.0619134],[129.2477787,36.0619265],[129.2477777,36.0619352],[129.2477728,36.0619403],[129.2477655,36.0619409],[129.2479995,36.0619939],[129.2479441,36.061947],[129.2478851,36.0618781],[129.2478817,36.0618739]]]]}},{"type":"Feature","properties":{"UFID":"100036913080A00110100000007099093"},"geometry":{"type":"MultiPolygon","coordinates":[[[[129.2485323,36.0621849],[129.2485079,36.0621788],[129.2483433,36.0621269],[129.2481814,36.0620733],[129.2480712,36.0620272],[129.2479995,36.0619939],[129.2478513,36.062035],[129.2478681,36.0620581],[129.2481304,36.062142],[129.2481278,36.0621504],[129.2484177,36.0622415],[129.2485064,36.0622718],[129.2485323,36.0621849]]]]}},{"type":"Feature","properties":{"UFID":"100036913080A00110100000007099094"},"geometry":{"type":"MultiPolygon","coordinates":[[[[129.248575,36.0621272],[129.2483061,36.0620233],[129.2481945,36.061977],[129.2481534,36.0619471],[129.2481147,36.061905],[129.2480946,36.0618673],[129.2480821,36.0618302],[129.2480807,36.0617931],[129.2480846,36.0617605],[129.2480987,36.0617203],[129.248129,36.0616727],[129.248162,36.0616412],[129.2482026,36.0616135],[129.2482351,36.0615988],[129.248289,36.0615833],[129.2480887,36.0615798],[129.2480931,36.0615855],[129.2480924,36.0615919],[129.2480827,36.061603],[129.2480378,36.0616516],[129.2480093,36.0617104],[129.2480001,36.0617489],[129.2479964,36.0617851],[129.2479983,36.0618228],[129.2480038,36.0618559],[129.2480178,36.0618919],[129.2480434,36.0619346],[129.2480765,36.0619774],[129.2481464,36.0620214],[129.2482215,36.0620597],[129.2483747,36.0621133],[129.2485311,36.0621745],[129.2485368,36.0621785],[129.248575,36.0621272]]]]}},{"type":"Feature","properties":{"UFID":"100036913080A00110100000007099095"},"geometry":{"type":"MultiPolygon","coordinates":[[[[129.2485525,36.0622549],[129.2486995,36.0621772],[129.248575,36.0621272],[129.2485368,36.0621785],[129.2485354,36.0621836],[129.2485323,36.0621849],[129.2485064,36.0622718],[129.2485525,36.0622549]]]]}},{"type":"Feature","properties":{"UFID":"100036913080A00110100000007099096"},"geometry":{"type":"MultiPolygon","coordinates":[[[[129.2488176,36.0608623],[129.2488079,36.0608583],[129.2487264,36.0608664],[129.2487288,36.0608759],[129.2487266,36.0608871],[129.2488176,36.0608623]]]]}},{"type":"Feature","properties":{"UFID":"100036913080A00110100000007099097"},"geometry":{"type":"MultiPolygon","coordinates":[[[[129.2486976,36.0609699],[129.2487266,36.0608871],[129.2487037,36.0608918],[129.2484822,36.0609411],[129.2482206,36.0609945],[129.2480211,36.061026],[129.2478349,36.0610511],[129.2475933,36.0610719],[129.2473944,36.0610842],[129.2471598,36.0611027],[129.2467615,36.0611197],[129.2467296,36.0611215],[129.246731,36.0611679],[129.2470025,36.0611552],[129.2473614,36.0611335],[129.2475855,36.0611212],[129.2477982,36.0611043],[129.2480038,36.061076],[129.2481951,36.0610451],[129.2484141,36.0610032],[129.2486,36.0609678],[129.2486451,36.0609609],[129.2486581,36.0609609],[129.248676,36.0609625],[129.2486976,36.0609699]]]]}},{"type":"Feature","properties":{"UFID":"100036913080A00110100000007099098"},"geometry":{"type":"MultiPolygon","coordinates":[[[[129.248742,36.0608258],[129.2487238,36.0608311],[129.2486955,36.0608317],[129.2486531,36.0608283],[129.2486496,36.0608571],[129.2487217,36.0608637],[129.2487264,36.0608664],[129.248742,36.0608258]]]]}},{"type":"Feature","properties":{"UFID":"100036913080A00110100000007099099"},"geometry":{"type":"MultiPolygon","coordinates":[[[[129.2493581,36.0603606],[129.2494077,36.0603829],[129.2494543,36.060259],[129.2494237,36.0602443],[129.2493872,36.060346],[129.2493581,36.0603606]]]]}},{"type":"Feature","properties":{"UFID":"100036913080A00110100000007099100"},"geometry":{"type":"MultiPolygon","coordinates":[[[[129.2494077,36.0603829],[129.2493581,36.0603606],[129.2493431,36.0603847],[129.2493796,36.0604002],[129.2493884,36.0604049],[129.2494077,36.0603829]]]]}},{"type":"Feature","properties":{"UFID":"100036913080A00110100000007099101"},"geometry":{"type":"MultiPolygon","coordinates":[[[[129.2493581,36.0603606],[129.2492584,36.0603184],[129.2491763,36.0602881],[129.2491301,36.0602664],[129.2490907,36.0602442],[129.2490719,36.0602287],[129.2490679,36.0602155],[129.24904,36.0602801],[129.2490502,36.0602768],[129.2490765,36.0602794],[129.2491612,36.0603122],[129.2492438,36.0603428],[129.2493431,36.0603847],[129.2493581,36.0603606]]]]}},{"type":"Feature","properties":{"UFID":"100036913080A00110100000007099102"},"geometry":{"type":"MultiPolygon","coordinates":[[[[129.2495373,36.0594355],[129.2495118,36.059418],[129.2494871,36.0594403],[129.2493594,36.0595667],[129.2492032,36.0597145],[129.249178,36.0597217],[129.2491709,36.0597219],[129.2492184,36.0597459],[129.2492246,36.0597358],[129.2493849,36.0595841],[129.2495123,36.059458],[129.2495373,36.0594355]]]]}},{"type":"Feature","properties":{"UFID":"100036913080A00110100000007099103"},"geometry":{"type":"MultiPolygon","coordinates":[[[[129.2492184,36.0597459],[129.2491709,36.0597219],[129.2491229,36.0597473],[129.2492022,36.0597763],[129.2492045,36.0597687],[129.2492184,36.0597459]]]]}},{"type":"Feature","properties":{"UFID":"100036913080A00110100000007099104"},"geometry":{"type":"MultiPolygon","coordinates":[[[[129.2490679,36.0602155],[129.2490362,36.0602062],[129.2490355,36.0602092],[129.2490269,36.0602339],[129.2490099,36.0602684],[129.24904,36.0602801],[129.2490679,36.0602155]]]]}},{"type":"Feature","properties":{"UFID":"100036913080A00110100000007099105"},"geometry":{"type":"MultiPolygon","coordinates":[[[[129.2483393,36.0598986],[129.2483102,36.0598851],[129.2482481,36.0599983],[129.2482395,36.0600193],[129.2482368,36.0600507],[129.2482376,36.0600767],[129.2482414,36.0601001],[129.2482571,36.060132],[129.248288,36.0601219],[129.2482739,36.0600932],[129.2482709,36.0600746],[129.2482701,36.0600513],[129.2482724,36.0600246],[129.2482792,36.0600081],[129.2483393,36.0598986]]]]}},{"type":"Feature","properties":{"UFID":"100036913080A00110100000007099106"},"geometry":{"type":"MultiPolygon","coordinates":[[[[129.2483626,36.0598556],[129.2483313,36.0598439],[129.2483102,36.0598851],[129.2483393,36.0598986],[129.2483626,36.0598556]]]]}},{"type":"Feature","properties":{"UFID":"100036913080A00110100000007099107"},"geometry":{"type":"MultiPolygon","coordinates":[[[[129.2491051,36.0600551],[129.2490641,36.0600461],[129.2490677,36.0600698],[129.2490362,36.0602062],[129.2490679,36.0602155],[129.2490965,36.0600914],[129.2491051,36.0600551]]]]}},{"type":"Feature","properties":{"UFID":"100036913080A00110100000007099108"},"geometry":{"type":"MultiPolygon","coordinates":[[[[129.2490749,36.059994],[129.2490617,36.0600083],[129.2490514,36.0600119],[129.2490307,36.0600082],[129.248831,36.0599682],[129.2485202,36.0599162],[129.2484233,36.0598969],[129.2483858,36.0598861],[129.2483722,36.0598794],[129.2483633,36.0598651],[129.2483626,36.0598556],[129.2483393,36.0598986],[129.2483485,36.0598993],[129.2483714,36.0599107],[129.2484138,36.0599228],[129.2485128,36.0599426],[129.2488236,36.0599945],[129.2490231,36.0600345],[129.249061,36.0600414],[129.2490641,36.0600461],[129.2490749,36.059994]]]]}},{"type":"Feature","properties":{"UFID":"100036913080A00110100000007099109"},"geometry":{"type":"MultiPolygon","coordinates":[[[[129.2491183,36.0600038],[129.2490749,36.059994],[129.2490641,36.0600461],[129.2491051,36.0600551],[129.2491145,36.0600151],[129.2491183,36.0600038]]]]}},{"type":"Feature","properties":{"UFID":"100036913080A00110100000007099110"},"geometry":{"type":"MultiPolygon","coordinates":[[[[129.2492022,36.0597763],[129.2491229,36.0597473],[129.2491521,36.059837],[129.2491495,36.05985],[129.2491933,36.0598642],[129.2491903,36.059839],[129.2491923,36.0598085],[129.2492022,36.0597763]]]]}},{"type":"Feature","properties":{"UFID":"100036913080A00110100000007099111"},"geometry":{"type":"MultiPolygon","coordinates":[[[[129.2491933,36.0598642],[129.2491495,36.05985],[129.2491488,36.0598534],[129.2491233,36.0598989],[129.2491171,36.0599112],[129.2491489,36.0599225],[129.2491933,36.0598642]]]]}},{"type":"Feature","properties":{"UFID":"100036913080A00110100000007099112"},"geometry":{"type":"MultiPolygon","coordinates":[[[[129.2491489,36.0599225],[129.2491171,36.0599112],[129.2490749,36.059994],[129.2491183,36.0600038],[129.2491297,36.05997],[129.2491489,36.0599225]]]]}},{"type":"Feature","properties":{"UFID":"100036913080A00110100000007099113"},"geometry":{"type":"MultiPolygon","coordinates":[[[[129.24904,36.0602801],[129.2490099,36.0602684],[129.2489835,36.0603223],[129.2487642,36.0608104],[129.248751,36.0608211],[129.248742,36.0608258],[129.2488017,36.0608418],[129.2488057,36.0608204],[129.248814,36.0607786],[129.2490146,36.060332],[129.24904,36.0602801]]]]}},{"type":"Feature","properties":{"UFID":"100036913080A00110100000007099114"},"geometry":{"type":"MultiPolygon","coordinates":[[[[129.2485245,36.0595119],[129.2484879,36.0594978],[129.2484659,36.0594879],[129.2484421,36.0595274],[129.2485024,36.0595519],[129.2485245,36.0595119]]]]}},{"type":"Feature","properties":{"UFID":"100036913080A00110100000007099115"},"geometry":{"type":"MultiPolygon","coordinates":[[[[129.2484659,36.0594879],[129.2484091,36.0594624],[129.2483893,36.0595066],[129.2484421,36.0595274],[129.2484659,36.0594879]]]]}},{"type":"Feature","properties":{"UFID":"100036913080A00110100000007099116"},"geometry":{"type":"MultiPolygon","coordinates":[[[[129.2484091,36.0594624],[129.2483086,36.0594235],[129.2482969,36.059473],[129.2483299,36.0594833],[129.2483893,36.0595066],[129.2484091,36.0594624]]]]}},{"type":"Feature","properties":{"UFID":"100036913080A00110100000007099117"},"geometry":{"type":"MultiPolygon","coordinates":[[[[129.2483086,36.0594235],[129.248275,36.0594129],[129.2482625,36.0594622],[129.2482969,36.059473],[129.2483086,36.0594235]]]]}},{"type":"Feature","properties":{"UFID":"100036913080A00110100000007099118"},"geometry":{"type":"MultiPolygon","coordinates":[[[[129.248275,36.0594129],[129.248259,36.0594079],[129.2482296,36.0594001],[129.2482164,36.0594487],[129.2482625,36.0594622],[129.248275,36.0594129]]]]}},{"type":"Feature","properties":{"UFID":"100036913080A00110100000007099119"},"geometry":{"type":"MultiPolygon","coordinates":[[[[129.2482296,36.0594001],[129.2481803,36.0593869],[129.2478538,36.05931],[129.2475144,36.0592226],[129.2475145,36.0592217],[129.2475044,36.0592854],[129.2475295,36.0592785],[129.247836,36.0593574],[129.2481622,36.0594342],[129.2482164,36.0594487],[129.2482296,36.0594001]]]]}},{"type":"Feature","properties":{"UFID":"100036913080A00110100000007099120"},"geometry":{"type":"MultiPolygon","coordinates":[[[[129.2491709,36.0597219],[129.2491447,36.0597108],[129.2490009,36.0596531],[129.248939,36.0596311],[129.2488666,36.0596158],[129.2488089,36.0596053],[129.2487567,36.0595939],[129.2486607,36.0595635],[129.2486217,36.0595494],[129.2485245,36.0595119],[129.2485024,36.0595519],[129.2486004,36.0595861],[129.2486414,36.0596009],[129.2487411,36.0596325],[129.248797,36.0596447],[129.2488549,36.0596552],[129.2489226,36.0596695],[129.2489798,36.0596899],[129.2491229,36.0597473],[129.2491709,36.0597219]]]]}},{"type":"Feature","properties":{"UFID":"100036913080A00110100000007099121"},"geometry":{"type":"MultiPolygon","coordinates":[[[[129.2485024,36.0595519],[129.2484421,36.0595274],[129.2484422,36.0595435],[129.2484386,36.0595594],[129.2483347,36.0598372],[129.2483313,36.0598439],[129.2483626,36.0598556],[129.2484699,36.0595687],[129.2484735,36.0595633],[129.2484817,36.0595575],[129.2485024,36.0595519]]]]}},{"type":"Feature","properties":{"UFID":"100036913080A00110100000007099122"},"geometry":{"type":"MultiPolygon","coordinates":[[[[129.2482625,36.0594622],[129.2482164,36.0594487],[129.2482285,36.0594699],[129.2482259,36.0594983],[129.248218,36.0595255],[129.2481812,36.0596074],[129.2482125,36.0596167],[129.24825,36.0595332],[129.2482589,36.0595024],[129.2482625,36.0594622]]]]}},{"type":"Feature","properties":{"UFID":"100036913080A00110100000007099123"},"geometry":{"type":"MultiPolygon","coordinates":[[[[129.2485174,36.0589245],[129.2484847,36.0589181],[129.2484834,36.0589296],[129.2484736,36.0589574],[129.2485109,36.0589662],[129.2485174,36.0589245]]]]}},{"type":"Feature","properties":{"UFID":"100036913080A00110100000007099124"},"geometry":{"type":"MultiPolygon","coordinates":[[[[129.2485109,36.0589662],[129.2484736,36.0589574],[129.2484537,36.0590139],[129.2484109,36.0591392],[129.2483712,36.059259],[129.2483574,36.0593156],[129.2483086,36.0594235],[129.2484091,36.0594624],[129.2483983,36.0594491],[129.2483922,36.0594188],[129.2483926,36.0593782],[129.2483961,36.0593196],[129.248409,36.0592661],[129.2484483,36.0591475],[129.2484911,36.0590224],[129.2485109,36.0589662]]]]}},{"type":"Feature","properties":{"UFID":"100036913080A00110100000007099125"},"geometry":{"type":"MultiPolygon","coordinates":[[[[129.24853,36.058792],[129.2484955,36.0587887],[129.2484919,36.0588402],[129.2485249,36.0588447],[129.24853,36.058792]]]]}},{"type":"Feature","properties":{"UFID":"100036913080A00110100000007099126"},"geometry":{"type":"MultiPolygon","coordinates":[[[[129.2485249,36.0588447],[129.2484919,36.0588402],[129.2484884,36.0588839],[129.2484847,36.0589181],[129.2485174,36.0589245],[129.2485216,36.058886],[129.2485249,36.0588447]]]]}},{"type":"Feature","properties":{"UFID":"100036913080A00110100000007099127"},"geometry":{"type":"MultiPolygon","coordinates":[[[[129.2484919,36.0588402],[129.2484955,36.0587887],[129.2484912,36.0587923],[129.2484809,36.0587971],[129.2484646,36.058798],[129.2483674,36.058782],[129.2483467,36.0587818],[129.2483249,36.0587863],[129.2483158,36.0587987],[129.2483098,36.0588093],[129.2482856,36.0588581],[129.2483165,36.0588682],[129.2483404,36.0588199],[129.2483452,36.0588114],[129.2483464,36.0588098],[129.2483507,36.0588089],[129.2483638,36.058809],[129.2484783,36.0588278],[129.2484858,36.0588323],[129.2484919,36.0588402]]]]}},{"type":"Feature","properties":{"UFID":"100036913080A00110100000007099128"},"geometry":{"type":"MultiPolygon","coordinates":[[[[129.2492005,36.0586301],[129.2491896,36.0586049],[129.2491846,36.0585846],[129.2491836,36.0585675],[129.2491851,36.0585529],[129.2491437,36.0585495],[129.2491689,36.0586387],[129.2492005,36.0586301]]]]}},{"type":"Feature","properties":{"UFID":"100036913080A00110100000007099129"},"geometry":{"type":"MultiPolygon","coordinates":[[[[129.2486338,36.0583455],[129.248554,36.0583102],[129.248555,36.0583673],[129.2484985,36.0587722],[129.2484955,36.0587887],[129.24853,36.058792],[129.2485317,36.0587747],[129.248588,36.058371],[129.2485896,36.0583633],[129.2486092,36.0583495],[129.2486338,36.0583455]]]]}},{"type":"Feature","properties":{"UFID":"100036913080A00110100000007099130"},"geometry":{"type":"MultiPolygon","coordinates":[[[[129.248647,36.0583063],[129.248623,36.0582966],[129.2486023,36.0582872],[129.2485857,36.0582777],[129.248554,36.0583102],[129.2486338,36.0583455],[129.248647,36.0583063]]]]}},{"type":"Feature","properties":{"UFID":"100036913080A00110100000007099131"},"geometry":{"type":"MultiPolygon","coordinates":[[[[129.2485857,36.0582777],[129.2485771,36.0582728],[129.2485385,36.0582464],[129.2483696,36.0581302],[129.2482114,36.0580082],[129.2481885,36.0580278],[129.2483474,36.0581503],[129.248517,36.0582671],[129.248543,36.0582848],[129.248554,36.0583102],[129.2485857,36.0582777]]]]}},{"type":"Feature","properties":{"UFID":"100036913080A00110100000007099132"},"geometry":{"type":"MultiPolygon","coordinates":[[[[129.2492673,36.0584301],[129.2492255,36.0584622],[129.2492921,36.0584892],[129.2493888,36.0585238],[129.2494091,36.0585397],[129.2494217,36.058558],[129.2494538,36.0585492],[129.2494357,36.058523],[129.2494077,36.058501],[129.2493063,36.0584647],[129.2492781,36.0584533],[129.2492673,36.0584301]]]]}},{"type":"Feature","properties":{"UFID":"100036913080A00110100000007099133"},"geometry":{"type":"MultiPolygon","coordinates":[[[[129.2492301,36.0584124],[129.2492159,36.0584116],[129.249196,36.0584092],[129.2491489,36.0583971],[129.2491268,36.0583919],[129.2490954,36.0583883],[129.2489183,36.0583836],[129.2488633,36.0583769],[129.2488334,36.0583704],[129.2487368,36.0583381],[129.2486947,36.0583254],[129.248647,36.0583063],[129.2486338,36.0583455],[129.2486815,36.0583502],[129.2487247,36.0583633],[129.2488227,36.058396],[129.2488564,36.0584034],[129.2489153,36.0584106],[129.2490925,36.0584153],[129.2491158,36.0584218],[129.2491238,36.0584257],[129.2491462,36.0584334],[129.2491568,36.0584439],[129.2492301,36.0584124]]]]}},{"type":"Feature","properties":{"UFID":"100036913080A00110100000007099134"},"geometry":{"type":"MultiPolygon","coordinates":[[[[129.2492255,36.0584622],[129.2491568,36.0584439],[129.2491574,36.058475],[129.2491517,36.058512],[129.2491437,36.0585495],[129.2491851,36.0585529],[129.2491853,36.0585504],[129.2491889,36.0585324],[129.2492005,36.058505],[129.2492255,36.0584622]]]]}},{"type":"Feature","properties":{"UFID":"100036913080A00110100000007099135"},"geometry":{"type":"MultiPolygon","coordinates":[[[[129.2492673,36.0584301],[129.2492301,36.0584124],[129.2491568,36.0584439],[129.2492255,36.0584622],[129.2492673,36.0584301]]]]}},{"type":"Feature","properties":{"UFID":"100036913080A00110100000007099136"},"geometry":{"type":"MultiPolygon","coordinates":[[[[129.2494575,36.0582973],[129.2494076,36.0582202],[129.2494139,36.0582338],[129.2494156,36.0582453],[129.2494074,36.0582718],[129.2493692,36.0583039],[129.2493374,36.0583271],[129.2492453,36.0584097],[129.2492301,36.0584124],[129.2492673,36.0584301],[129.2493609,36.0583463],[129.2493885,36.0583262],[129.2494381,36.0583044],[129.2494575,36.0582973]]]]}},{"type":"Feature","properties":{"UFID":"100036913080A00110100000007099137"},"geometry":{"type":"MultiPolygon","coordinates":[[[[129.2491689,36.0586387],[129.2491437,36.0585495],[129.2491224,36.0585807],[129.2491041,36.0586068],[129.2490864,36.0586277],[129.2490474,36.0586619],[129.249022,36.0586864],[129.2489859,36.0587287],[129.2489536,36.0587757],[129.2489318,36.0588134],[129.2489203,36.0588419],[129.2489065,36.0588742],[129.2488817,36.058925],[129.2488737,36.0589398],[129.248868,36.0589464],[129.248861,36.0589495],[129.248853,36.0589514],[129.2488363,36.0589537],[129.2488125,36.0589528],[129.2487988,36.058951],[129.2487383,36.0589375],[129.248701,36.0589342],[129.2485818,36.0589312],[129.2485311,36.0589307],[129.2485174,36.0589245],[129.2485109,36.0589662],[129.2485383,36.0589578],[129.2485811,36.0589582],[129.2486987,36.0589612],[129.2487321,36.0589641],[129.2487917,36.0589774],[129.2488091,36.0589797],[129.2488383,36.0589808],[129.2488605,36.0589778],[129.2488739,36.0589746],[129.2488909,36.058967],[129.2489029,36.0589531],[129.2489124,36.0589354],[129.2489377,36.0588837],[129.2489518,36.0588505],[129.2489628,36.0588234],[129.2489832,36.0587881],[129.2490142,36.058743],[129.2490485,36.0587028],[129.2490723,36.0586798],[129.2491102,36.0586466],[129.2491234,36.0586363],[129.2491473,36.0586332],[129.2491689,36.0586387]]]]}},{"type":"Feature","properties":{"UFID":"100036913080A00110100000007099138"},"geometry":{"type":"MultiPolygon","coordinates":[[[[129.2477449,36.0618019],[129.2477358,36.0617953],[129.2477087,36.0617857],[129.2476933,36.0617789],[129.247592,36.0617652],[129.2474581,36.0617642],[129.2473059,36.0617637],[129.247102,36.0617673],[129.2469516,36.0617664],[129.2469066,36.0617646],[129.2468977,36.0617622],[129.2468952,36.0617579],[129.246529,36.0618257],[129.2466084,36.061825],[129.2467438,36.0618261],[129.2468745,36.0618274],[129.2470874,36.0618298],[129.2472397,36.0618302],[129.2474048,36.0618295],[129.2475477,36.0618271],[129.2476217,36.0618311],[129.2476541,36.0618377],[129.2476864,36.0618498],[129.2477291,36.0618767],[129.2477449,36.0618019]]]]}},{"type":"Feature","properties":{"UFID":"100036913080A00110100000007099139"},"geometry":{"type":"MultiPolygon","coordinates":[[[[129.2475202,36.0619317],[129.2475506,36.0618837],[129.2475064,36.0618708],[129.247458,36.0618625],[129.247401,36.061863],[129.2472969,36.061868],[129.2471414,36.0618737],[129.2467874,36.0618857],[129.2465927,36.0618881],[129.2464119,36.0618902],[129.24634,36.0618927],[129.2463289,36.0619531],[129.2463386,36.0619505],[129.2463676,36.0619481],[129.2464954,36.0619448],[129.2469214,36.0619286],[129.2472333,36.0619182],[129.2474449,36.0619163],[129.2475202,36.0619317]]]]}},{"type":"Feature","properties":{"UFID":"100036913080A00110100000007099140"},"geometry":{"type":"MultiPolygon","coordinates":[[[[129.246731,36.0611679],[129.2467296,36.0611215],[129.2466682,36.0611241],[129.2466752,36.0611705],[129.246731,36.0611679]]]]}},{"type":"Feature","properties":{"UFID":"100036913080A00110100000007099141"},"geometry":{"type":"MultiPolygon","coordinates":[[[[129.2466752,36.0611705],[129.2466682,36.0611241],[129.2465815,36.0611307],[129.2464241,36.0611359],[129.2461956,36.0611373],[129.2458979,36.0611279],[129.2458848,36.0610962],[129.2458492,36.0611022],[129.2458663,36.0611641],[129.2459182,36.0611688],[129.2460157,36.0611746],[129.2461257,36.0611777],[129.2463007,36.0611792],[129.246486,36.0611788],[129.2466752,36.0611705]]]]}},{"type":"Feature","properties":{"UFID":"100036913080A00110100000007099142"},"geometry":{"type":"MultiPolygon","coordinates":[[[[129.2467296,36.0611215],[129.2467256,36.0611172],[129.2467238,36.0610851],[129.2467306,36.0610384],[129.2468536,36.0607459],[129.2468237,36.0607333],[129.246696,36.0610368],[129.2466786,36.0611015],[129.246671,36.0611199],[129.2466682,36.0611241],[129.2467296,36.0611215]]]]}},{"type":"Feature","properties":{"UFID":"100036913080A00110100000007099143"},"geometry":{"type":"MultiPolygon","coordinates":[[[[129.246894,36.0606554],[129.2468627,36.0606462],[129.2468237,36.0607333],[129.2468536,36.0607459],[129.2468589,36.0607334],[129.246894,36.0606554]]]]}},{"type":"Feature","properties":{"UFID":"100036913080A00110100000007099144"},"geometry":{"type":"MultiPolygon","coordinates":[[[[129.2447402,36.0603179],[129.2446335,36.0603344],[129.2446278,36.0603611],[129.2447252,36.0603764],[129.2447402,36.0603179]]]]}},{"type":"Feature","properties":{"UFID":"100036913080A00110100000007099145"},"geometry":{"type":"MultiPolygon","coordinates":[[[[129.2446335,36.0603344],[129.2437859,36.0602007],[129.2424882,36.0600021],[129.2424729,36.0599971],[129.2424605,36.0600222],[129.2424788,36.0600281],[129.2437796,36.0602273],[129.2446278,36.0603611],[129.2446335,36.0603344]]]]}},{"type":"Feature","properties":{"UFID":"100036913080A00110100000007099146"},"geometry":{"type":"MultiPolygon","coordinates":[[[[129.2468627,36.0606462],[129.246835,36.0606645],[129.2468206,36.0606664],[129.2467918,36.0606663],[129.2461909,36.0605695],[129.2460374,36.0605454],[129.2455941,36.0604656],[129.2451428,36.0603972],[129.2450831,36.0603794],[129.2450795,36.0603733],[129.2450681,36.0604262],[129.245086,36.0604222],[129.2451669,36.0604291],[129.245413,36.0604682],[129.2457056,36.060514],[129.2459791,36.0605638],[129.2461845,36.0605961],[129.2467827,36.0606924],[129.2468191,36.0607117],[129.2468237,36.0607333],[129.2468627,36.0606462]]]]}},{"type":"Feature","properties":{"UFID":"100036913080A00110100000007099147"},"geometry":{"type":"MultiPolygon","coordinates":[[[[129.2447624,36.0603224],[129.244746,36.0603219],[129.2447402,36.0603179],[129.2447252,36.0603764],[129.2447438,36.0603793],[129.2447624,36.0603224]]]]}},{"type":"Feature","properties":{"UFID":"100036913080A00110100000007099148"},"geometry":{"type":"MultiPolygon","coordinates":[[[[129.2474169,36.0594584],[129.2473863,36.0594476],[129.2473569,36.0595198],[129.2473891,36.0595268],[129.2474169,36.0594584]]]]}},{"type":"Feature","properties":{"UFID":"100036913080A00110100000007099149"},"geometry":{"type":"MultiPolygon","coordinates":[[[[129.2475044,36.0592854],[129.2474486,36.0592737],[129.2474503,36.0592914],[129.2474461,36.0593087],[129.2473863,36.0594476],[129.2474169,36.0594584],[129.2474773,36.0593182],[129.2474823,36.059308],[129.2475044,36.0592854]]]]}},{"type":"Feature","properties":{"UFID":"100036913080A00110100000007099150"},"geometry":{"type":"MultiPolygon","coordinates":[[[[129.2475145,36.0592217],[129.2474736,36.0592118],[129.2474486,36.0592737],[129.2475044,36.0592854],[129.2475145,36.0592217]]]]}},{"type":"Feature","properties":{"UFID":"100036913080A00110100000007099151"},"geometry":{"type":"MultiPolygon","coordinates":[[[[129.2474736,36.0592118],[129.2474033,36.059193],[129.2466571,36.0589639],[129.2459509,36.0587391],[129.2455251,36.0586091],[129.2455152,36.0586062],[129.2454895,36.0586513],[129.245504,36.0586556],[129.245929,36.0587853],[129.2466351,36.0590102],[129.247383,36.0592398],[129.2474315,36.0592527],[129.2474486,36.0592737],[129.2474736,36.0592118]]]]}},{"type":"Feature","properties":{"UFID":"100036913080A00110100000007099152"},"geometry":{"type":"MultiPolygon","coordinates":[[[[129.2474169,36.0594584],[129.2473891,36.0595268],[129.247417,36.0595173],[129.2474406,36.05952],[129.2475364,36.0595616],[129.2477192,36.0596406],[129.2477316,36.0596528],[129.2477442,36.0596718],[129.2477606,36.059713],[129.2477923,36.0597047],[129.247775,36.0596611],[129.2477593,36.0596376],[129.2477407,36.0596192],[129.2475521,36.0595378],[129.2474341,36.0594865],[129.247426,36.0594794],[129.2474179,36.0594656],[129.2474169,36.0594584]]]]}},{"type":"Feature","properties":{"UFID":"100036913080A00110100000007099153"},"geometry":{"type":"MultiPolygon","coordinates":[[[[129.2473891,36.0595268],[129.2473569,36.0595198],[129.2473516,36.0595325],[129.2468675,36.0606356],[129.2468627,36.0606462],[129.246894,36.0606554],[129.2468988,36.0606448],[129.2473831,36.0595413],[129.2473891,36.0595268]]]]}},{"type":"Feature","properties":{"UFID":"100036913080A00110100000007099154"},"geometry":{"type":"MultiPolygon","coordinates":[[[[129.2447402,36.0603179],[129.2447383,36.0603119],[129.2447711,36.0601725],[129.2447956,36.0600719],[129.2448427,36.0598648],[129.2449137,36.0596023],[129.2450068,36.0593029],[129.245049,36.0591606],[129.2450746,36.059055],[129.2450795,36.0589583],[129.2450765,36.0588531],[129.2450607,36.0587744],[129.2450348,36.0586922],[129.2450261,36.0586586],[129.2450265,36.0586421],[129.2450306,36.0586303],[129.2450406,36.0586173],[129.2450537,36.0586072],[129.2449554,36.0585129],[129.2449651,36.058537],[129.2449698,36.0586197],[129.2449955,36.0587117],[129.2450254,36.0588178],[129.2450344,36.058906],[129.2450358,36.0589806],[129.2450289,36.0590481],[129.2450129,36.0591291],[129.2449693,36.0592702],[129.2449097,36.059466],[129.2448028,36.0598661],[129.2447402,36.0600767],[129.2446789,36.0603079],[129.2446649,36.0603235],[129.2446335,36.0603344],[129.2447402,36.0603179]]]]}},{"type":"Feature","properties":{"UFID":"100036913080A00110100000007099155"},"geometry":{"type":"MultiPolygon","coordinates":[[[[129.2479666,36.0571428],[129.2479148,36.057081],[129.2479172,36.0571174],[129.2479099,36.0571377],[129.2479077,36.0571426],[129.2479005,36.0571534],[129.2478854,36.05718],[129.2478784,36.0571974],[129.247847,36.0573898],[129.2478481,36.0574284],[129.2478535,36.057454],[129.247858,36.0574666],[129.2478701,36.0574864],[129.2478917,36.0575123],[129.2479985,36.0575973],[129.2481353,36.057702],[129.2481582,36.0576823],[129.2480216,36.0575778],[129.2479174,36.0574949],[129.2478989,36.0574727],[129.2478891,36.0574568],[129.247886,36.057448],[129.2478813,36.0574258],[129.2478803,36.0573913],[129.247911,36.0572034],[129.2479151,36.0571931],[129.2479423,36.0571549],[129.2479548,36.0571433],[129.2479666,36.0571428]]]]}},{"type":"Feature","properties":{"UFID":"100036913080A00110100000007099156"},"geometry":{"type":"MultiPolygon","coordinates":[[[[129.2479999,36.0571268],[129.247967,36.057093],[129.2479398,36.0570629],[129.2479148,36.057081],[129.2479666,36.0571428],[129.2479999,36.0571268]]]]}},{"type":"Feature","properties":{"UFID":"100036913080A00110100000007099157"},"geometry":{"type":"MultiPolygon","coordinates":[[[[129.2494376,36.0582056],[129.2493344,36.0581338],[129.2490262,36.0579272],[129.2488356,36.0577909],[129.2484765,36.0575078],[129.2482523,36.0573432],[129.2481546,36.0572665],[129.2480235,36.0571511],[129.2479999,36.0571268],[129.2479666,36.0571428],[129.2479981,36.0571687],[129.2481308,36.0572854],[129.2482295,36.057363],[129.2484537,36.0575275],[129.2488129,36.0578108],[129.2490046,36.0579477],[129.249313,36.0581545],[129.2494076,36.0582202],[129.2494376,36.0582056]]]]}},{"type":"Feature","properties":{"UFID":"100036913080A00110100000007099158"},"geometry":{"type":"MultiPolygon","coordinates":[[[[129.2493445,36.0577661],[129.2493479,36.0577525],[129.249365,36.0577326],[129.2493389,36.0577159],[129.249317,36.0577383],[129.2492702,36.0577663],[129.2492426,36.0577773],[129.2493445,36.0577661]]]]}},{"type":"Feature","properties":{"UFID":"100036913080A00110100000007099159"},"geometry":{"type":"MultiPolygon","coordinates":[[[[129.2492426,36.0577773],[129.2492103,36.057781],[129.2491705,36.0577779],[129.2491485,36.057772],[129.2491343,36.057766],[129.2490755,36.0577305],[129.2489832,36.0576619],[129.2486272,36.0573939],[129.2486046,36.0574138],[129.2489606,36.0576818],[129.2490543,36.0577514],[129.2491165,36.0577889],[129.2491354,36.057797],[129.2491779,36.0578084],[129.2492061,36.057812],[129.2492287,36.0578156],[129.2492426,36.0577773]]]]}},{"type":"Feature","properties":{"UFID":"100036913080A00110100000007099160"},"geometry":{"type":"MultiPolygon","coordinates":[[[[129.2493445,36.0577661],[129.2492426,36.0577773],[129.2492287,36.0578156],[129.2492653,36.0578215],[129.2493045,36.0578449],[129.2493445,36.0577661]]]]}},{"type":"Feature","properties":{"UFID":"100036913080A00110100000007099161"},"geometry":{"type":"MultiPolygon","coordinates":[[[[129.2458075,36.0566422],[129.2457959,36.0566675],[129.2458153,36.0566733],[129.2459337,36.0567125],[129.2467132,36.056964],[129.2467515,36.0569961],[129.2467679,36.0570092],[129.2467801,36.0570344],[129.246776,36.0571041],[129.2467827,36.0571682],[129.2468094,36.0572359],[129.2468744,36.0573665],[129.2469397,36.0574782],[129.2470421,36.0576318],[129.2471053,36.0577182],[129.2471841,36.0578453],[129.247239,36.0579587],[129.2472791,36.0580592],[129.2472908,36.0581285],[129.2473082,36.0581873],[129.2474518,36.0584637],[129.2474732,36.0585223],[129.247507,36.0586283],[129.2475136,36.0586785],[129.247513,36.0587169],[129.2474969,36.0588059],[129.2474928,36.0589552],[129.2474925,36.0590878],[129.2474851,36.0591875],[129.247483,36.0592048],[129.2474736,36.0592118],[129.2475145,36.0592217],[129.2475183,36.0591897],[129.2475258,36.0590887],[129.2475261,36.0589555],[129.2475301,36.0588082],[129.2475463,36.0587191],[129.247547,36.0586773],[129.2475399,36.0586235],[129.2475053,36.058515],[129.2474832,36.0584546],[129.2473399,36.0581789],[129.2473235,36.0581235],[129.2473117,36.0580532],[129.2472703,36.0579496],[129.2472146,36.0578343],[129.2471346,36.0577052],[129.2470711,36.0576184],[129.2469694,36.057466],[129.2469049,36.0573557],[129.2468408,36.0572267],[129.2468156,36.0571629],[129.2468094,36.0571036],[129.2468137,36.0570577],[129.2468148,36.0570022],[129.2468268,36.0569708],[129.2468271,36.056967],[129.246764,36.0569486],[129.2467486,36.0569492],[129.2467307,36.0569476],[129.246709,36.0569435],[129.2465961,36.056902],[129.2459462,36.0566874],[129.2458273,36.0566481],[129.2458075,36.0566422]]]]}},{"type":"Feature","properties":{"UFID":"100036913080A00110100000007099162"},"geometry":{"type":"MultiPolygon","coordinates":[[[[129.2469637,36.0556763],[129.2467817,36.0556309],[129.2467532,36.0556642],[129.2468726,36.0556864],[129.2469145,36.0556951],[129.2469449,36.0557034],[129.2469637,36.0556763]]]]}},{"type":"Feature","properties":{"UFID":"100036913080A00110100000007099163"},"geometry":{"type":"MultiPolygon","coordinates":[[[[129.2469637,36.0556763],[129.2469449,36.0557034],[129.2470535,36.0557329],[129.2472584,36.055808],[129.2473119,36.0558338],[129.2473317,36.0558066],[129.2472764,36.05578],[129.2470677,36.0557035],[129.2469637,36.0556763]]]]}},{"type":"Feature","properties":{"UFID":"100036913080A00110100000007099164"},"geometry":{"type":"MultiPolygon","coordinates":[[[[129.2467817,36.0556309],[129.2467343,36.0556164],[129.2466982,36.0556015],[129.2465366,36.0554899],[129.2465002,36.0554505],[129.2464836,36.0554238],[129.2464769,36.0553921],[129.2464757,36.0553798],[129.2464809,36.0553512],[129.2464869,36.0553357],[129.2465159,36.0552726],[129.2465263,36.0552553],[129.2465377,36.0552348],[129.2465721,36.0551704],[129.2465858,36.0551394],[129.2465985,36.0551077],[129.2466125,36.055067],[129.2466213,36.0550299],[129.2466297,36.0549956],[129.2466452,36.0549492],[129.2466762,36.0549007],[129.2467071,36.0548637],[129.2467287,36.05484],[129.2467506,36.054817],[129.2467669,36.0547905],[129.2467702,36.0547655],[129.2467698,36.0547383],[129.2465876,36.0548094],[129.2466057,36.0548121],[129.246621,36.0548242],[129.2466253,36.0548554],[129.2466172,36.0549043],[129.2465918,36.0549884],[129.2465832,36.0550239],[129.2465747,36.0550598],[129.2465613,36.0550986],[129.246549,36.0551292],[129.246536,36.0551588],[129.2465022,36.055222],[129.2464911,36.0552419],[129.2464802,36.0552602],[129.2464502,36.0553255],[129.2464429,36.0553441],[129.2464366,36.0553788],[129.2464383,36.055396],[129.2464463,36.0554338],[129.2464671,36.0554672],[129.2465081,36.0555116],[129.2467008,36.0556445],[129.2467227,36.0556552],[129.2467532,36.0556642],[129.2467817,36.0556309]]]]}},{"type":"Feature","properties":{"UFID":"100036913080A00110100000007099165"},"geometry":{"type":"MultiPolygon","coordinates":[[[[129.2467817,36.0556309],[129.2469637,36.0556763],[129.2469576,36.0556706],[129.2469544,36.0556616],[129.2469499,36.0556552],[129.2469675,36.0556133],[129.2470285,36.055514],[129.2470485,36.0554983],[129.247088,36.0554803],[129.2471122,36.0554734],[129.2471606,36.0554657],[129.2471164,36.0554179],[129.2470222,36.0554513],[129.2469748,36.0554842],[129.2469469,36.055518],[129.2468633,36.0556168],[129.2468501,36.0556275],[129.2468201,36.0556313],[129.2467817,36.0556309]]]]}},{"type":"Feature","properties":{"UFID":"100036913080A00110100000007099166"},"geometry":{"type":"MultiPolygon","coordinates":[[[[129.2457959,36.0566675],[129.2456541,36.056623],[129.2456819,36.0566547],[129.2456938,36.0566756],[129.2457003,36.0566932],[129.245702,36.0567176],[129.2455891,36.0569469],[129.2455121,36.0570853],[129.2454859,36.0571471],[129.2455174,36.0571559],[129.2455431,36.0570953],[129.2456198,36.0569575],[129.2457341,36.056725],[129.2457486,36.0566964],[129.2457514,36.0566788],[129.2457626,36.0566693],[129.2457959,36.0566675]]]]}},{"type":"Feature","properties":{"UFID":"100036913080A00110100000007099167"},"geometry":{"type":"MultiPolygon","coordinates":[[[[129.2458075,36.0566422],[129.2457328,36.0566198],[129.2456669,36.0565981],[129.2456541,36.056623],[129.2457959,36.0566675],[129.2458075,36.0566422]]]]}},{"type":"Feature","properties":{"UFID":"100036913080A00110100000007099168"},"geometry":{"type":"MultiPolygon","coordinates":[[[[129.2479398,36.0570629],[129.2479122,36.0570325],[129.2478355,36.0569396],[129.247783,36.0568511],[129.2477417,36.0567872],[129.2477219,36.0567557],[129.2476937,36.0567163],[129.2476795,36.0566995],[129.2476448,36.0566664],[129.2476067,36.0566319],[129.2475817,36.0566105],[129.2475022,36.0565551],[129.2474319,36.0565181],[129.2473509,36.0564764],[129.2473084,36.056454],[129.2470987,36.056337],[129.2470453,36.05631],[129.2468897,36.0562221],[129.2467365,36.0561056],[129.2466821,36.0560603],[129.2464648,36.0558675],[129.2461877,36.0555946],[129.2459259,36.0553625],[129.245921,36.0553415],[129.2459249,36.0553258],[129.2458729,36.0553843],[129.2459002,36.0553797],[129.2461626,36.0556123],[129.2464396,36.0558853],[129.2466579,36.0560789],[129.2467132,36.0561249],[129.2468687,36.0562431],[129.247027,36.0563326],[129.2470805,36.0563596],[129.2472898,36.0564764],[129.2473329,36.0564992],[129.2474139,36.0565408],[129.2474822,36.0565768],[129.2475587,36.0566301],[129.2475823,36.0566502],[129.2476198,36.0566842],[129.247653,36.0567159],[129.2476655,36.0567307],[129.2476927,36.0567687],[129.2477122,36.0567996],[129.2477532,36.0568633],[129.2478065,36.0569531],[129.247885,36.057048],[129.2479148,36.057081],[129.2479398,36.0570629]]]]}},{"type":"Feature","properties":{"UFID":"100036913080A00110100000007099169"},"geometry":{"type":"MultiPolygon","coordinates":[[[[129.246258,36.0548807],[129.2462003,36.0548353],[129.2461444,36.0547974],[129.2461231,36.0548182],[129.246178,36.0548554],[129.2462302,36.0548964],[129.246258,36.0548807]]]]}},{"type":"Feature","properties":{"UFID":"100036913080A00110100000007099170"},"geometry":{"type":"MultiPolygon","coordinates":[[[[129.2456669,36.0565981],[129.2455734,36.0565671],[129.2453419,36.0564937],[129.2450996,36.0564256],[129.2450838,36.0564169],[129.2450764,36.0564063],[129.2450704,36.0563829],[129.2450183,36.0564527],[129.2450424,36.0564482],[129.2450633,36.0564481],[129.2450867,36.0564506],[129.2453304,36.0565191],[129.245561,36.0565922],[129.2456541,36.056623],[129.2456669,36.0565981]]]]}},{"type":"Feature","properties":{"UFID":"100036913080A00110100000007099171"},"geometry":{"type":"MultiPolygon","coordinates":[[[[129.2459249,36.0553258],[129.2458524,36.0552344],[129.2457795,36.0552832],[129.2458729,36.0553843],[129.2459249,36.0553258]]]]}},{"type":"Feature","properties":{"UFID":"100036913080A00110100000007099172"},"geometry":{"type":"MultiPolygon","coordinates":[[[[129.246355,36.0549579],[129.246258,36.0548807],[129.2462302,36.0548964],[129.2463129,36.0549848],[129.246355,36.0549579]]]]}},{"type":"Feature","properties":{"UFID":"100036913080A00110100000007099173"},"geometry":{"type":"MultiPolygon","coordinates":[[[[129.2467698,36.0547383],[129.246708,36.0546518],[129.2466772,36.0546634],[129.2465818,36.0547047],[129.2465223,36.0547351],[129.2465876,36.0548094],[129.2467698,36.0547383]]]]}},{"type":"Feature","properties":{"UFID":"100036913080A00110100000007099174"},"geometry":{"type":"MultiPolygon","coordinates":[[[[129.2465876,36.0548094],[129.2465223,36.0547351],[129.2464702,36.0547617],[129.246258,36.0548807],[129.246355,36.0549579],[129.2465876,36.0548094]]]]}},{"type":"Feature","properties":{"UFID":"100036913080A00110100000007099175"},"geometry":{"type":"MultiPolygon","coordinates":[[[[129.2469456,36.0546701],[129.2468966,36.054578],[129.2468765,36.0545872],[129.2468376,36.054603],[129.246708,36.0546518],[129.2467698,36.0547383],[129.2467796,36.0547295],[129.246823,36.054713],[129.2468814,36.0546913],[129.2469456,36.0546701]]]]}},{"type":"Feature","properties":{"UFID":"100036913080A00110100000007099176"},"geometry":{"type":"MultiPolygon","coordinates":[[[[129.2470225,36.0546507],[129.2469707,36.0545697],[129.2468966,36.054578],[129.2469456,36.0546701],[129.2470097,36.0546535],[129.2470225,36.0546507]]]]}},{"type":"Feature","properties":{"UFID":"100036913080A00110100000007099177"},"geometry":{"type":"MultiPolygon","coordinates":[[[[129.2458729,36.0553843],[129.2457795,36.0552832],[129.2455341,36.0555516],[129.2453874,36.0556904],[129.2452024,36.0559043],[129.2448723,36.0563139],[129.2450704,36.0563829],[129.2452765,36.0561246],[129.2455303,36.0557995],[129.2457681,36.055487],[129.2458395,36.0554097],[129.2458729,36.0553843]]]]}},{"type":"Feature","properties":{"UFID":"100036913080A00110100000007099178"},"geometry":{"type":"MultiPolygon","coordinates":[[[[129.2463129,36.0549848],[129.2462302,36.0548964],[129.2461474,36.0549631],[129.2460784,36.0550281],[129.2459822,36.0551107],[129.2459682,36.0551196],[129.2460393,36.055205],[129.2461113,36.0551336],[129.2461345,36.055112],[129.246167,36.0550892],[129.2462051,36.0550612],[129.2462506,36.0550241],[129.2463129,36.0549848]]]]}},{"type":"Feature","properties":{"UFID":"100036913080A00110100000007099179"},"geometry":{"type":"MultiPolygon","coordinates":[[[[129.2460393,36.055205],[129.2459682,36.0551196],[129.2458581,36.0552292],[129.2458524,36.0552344],[129.2459249,36.0553258],[129.2460393,36.055205]]]]}},{"type":"Feature","properties":{"UFID":"100036913080A00110100000007099317"},"geometry":{"type":"MultiPolygon","coordinates":[[[[129.2430257,36.0643953],[129.2430003,36.0643754],[129.2429278,36.0644049],[129.2429472,36.0644273],[129.2430257,36.0643953]]]]}},{"type":"Feature","properties":{"UFID":"100036913080A00110100000007099319"},"geometry":{"type":"MultiPolygon","coordinates":[[[[129.2418022,36.0625778],[129.2417866,36.0625592],[129.2418059,36.0626566],[129.2418071,36.0626596],[129.2418742,36.0627492],[129.2419033,36.0628024],[129.2419408,36.0628841],[129.2419517,36.0629112],[129.2419825,36.0630207],[129.2420479,36.0632504],[129.2420644,36.0633101],[129.2421062,36.0634137],[129.2421727,36.0634956],[129.2420766,36.0631676],[129.2420157,36.0629423],[129.2420014,36.0628957],[129.2419871,36.0628595],[129.2419551,36.0627911],[129.2419404,36.0627675],[129.2418763,36.0626765],[129.2418022,36.0625778]]]]}},{"type":"Feature","properties":{"UFID":"100036913080A00110100000007099320"},"geometry":{"type":"MultiPolygon","coordinates":[[[[129.2450186,36.0622608],[129.244882,36.0622065],[129.2448879,36.0622919],[129.2449003,36.0625027],[129.2449204,36.0627446],[129.2449323,36.0628677],[129.2449311,36.062927],[129.244921,36.0630029],[129.2449167,36.0630075],[129.2449102,36.0630079],[129.2449021,36.0630076],[129.2450196,36.0631472],[129.2450482,36.0630575],[129.2450718,36.0630157],[129.2450741,36.0629987],[129.245073,36.062983],[129.245063,36.0629398],[129.2450561,36.0629149],[129.2450295,36.0628017],[129.245019,36.0627337],[129.2450108,36.0626894],[129.2449997,36.0626244],[129.2449912,36.0625142],[129.2449804,36.0623823],[129.2449768,36.0622855],[129.2450186,36.0622608]]]]}},{"type":"Feature","properties":{"UFID":"100036913080A00110100000007099321"},"geometry":{"type":"MultiPolygon","coordinates":[[[[129.2477163,36.0645382],[129.2476407,36.0644638],[129.247635,36.064498],[129.2476291,36.0645218],[129.2475844,36.0646005],[129.2475641,36.0646592],[129.2476047,36.0646643],[129.2476206,36.0646013],[129.2476575,36.0645364],[129.2477163,36.0645382]]]]}},{"type":"Feature","properties":{"UFID":"100036913080A00110100000007099322"},"geometry":{"type":"MultiPolygon","coordinates":[[[[129.2477401,36.064519],[129.2476892,36.0644645],[129.2476805,36.0644502],[129.24768,36.0644485],[129.2476407,36.0644638],[129.2477163,36.0645382],[129.2477401,36.064519]]]]}},{"type":"Feature","properties":{"UFID":"100036913080A00110100000007099323"},"geometry":{"type":"MultiPolygon","coordinates":[[[[129.2463762,36.0626078],[129.2462986,36.0626115],[129.2463201,36.0626291],[129.2463252,36.0626391],[129.2463295,36.0626517],[129.2463346,36.0626709],[129.2463672,36.0626652],[129.2463623,36.0626468],[129.2463659,36.0626169],[129.2463762,36.0626078]]]]}},{"type":"Feature","properties":{"UFID":"100036913080A00110100000007099324"},"geometry":{"type":"MultiPolygon","coordinates":[[[[129.2463762,36.0626078],[129.2463761,36.0625808],[129.2463398,36.0625783],[129.2463098,36.0625742],[129.2462986,36.0626115],[129.2463762,36.0626078]]]]}},{"type":"Feature","properties":{"UFID":"100036913080A00110100000007099325"},"geometry":{"type":"MultiPolygon","coordinates":[[[[129.2478785,36.0640776],[129.2478456,36.0640817],[129.2478125,36.0640741],[129.2477681,36.0640633],[129.2477227,36.0640521],[129.2476927,36.0640382],[129.2476629,36.0640191],[129.2476283,36.063989],[129.2476039,36.0640075],[129.2476403,36.0640391],[129.2476741,36.0640607],[129.2477094,36.064077],[129.2477585,36.0640892],[129.2478032,36.0641001],[129.24783,36.0641062],[129.2478407,36.0641199],[129.2478418,36.0641264],[129.2478785,36.0640776]]]]}},{"type":"Feature","properties":{"UFID":"100036913080A00110100000007099326"},"geometry":{"type":"MultiPolygon","coordinates":[[[[129.2476573,36.0625668],[129.2476266,36.0625633],[129.2475954,36.0625605],[129.247592,36.0625874],[129.2476525,36.0625936],[129.2476573,36.0625668]]]]}},{"type":"Feature","properties":{"UFID":"100036913080A00110100000007099327"},"geometry":{"type":"MultiPolygon","coordinates":[[[[129.247592,36.0625874],[129.2475954,36.0625605],[129.2475431,36.0625557],[129.2474947,36.062555],[129.2472822,36.0625997],[129.2472024,36.0626037],[129.2470036,36.0626048],[129.246756,36.0625914],[129.2465808,36.0625883],[129.2463761,36.0625808],[129.2463762,36.0626078],[129.2465797,36.0626153],[129.2467546,36.0626185],[129.2470026,36.0626318],[129.2472035,36.0626307],[129.2472874,36.0626266],[129.2474986,36.0625821],[129.247541,36.0625827],[129.247592,36.0625874]]]]}},{"type":"Feature","properties":{"UFID":"100036913080A00110100000007099328"},"geometry":{"type":"MultiPolygon","coordinates":[[[[129.2450135,36.0638506],[129.2450277,36.0639221],[129.245029,36.0639175],[129.245034,36.0639136],[129.2450441,36.0639097],[129.2450546,36.0639073],[129.2450648,36.0639071],[129.245082,36.0639091],[129.2454521,36.0639602],[129.2458463,36.0640219],[129.2462385,36.0640693],[129.2462643,36.0640705],[129.2462868,36.0640707],[129.2463061,36.0640702],[129.2463296,36.0640677],[129.2464341,36.0640546],[129.2464691,36.064053],[129.2465238,36.0640521],[129.2466445,36.0640525],[129.2467212,36.0640543],[129.2469055,36.0640669],[129.2470049,36.0640677],[129.2470052,36.0640406],[129.2469071,36.0640398],[129.2467231,36.0640273],[129.2466448,36.0640255],[129.2464326,36.0640268],[129.2463087,36.0640291],[129.2462842,36.0640319],[129.2462508,36.0640375],[129.2462333,36.0640395],[129.2462197,36.0640391],[129.2461089,36.0640278],[129.2458555,36.0639944],[129.2455552,36.0639542],[129.2453171,36.0639144],[129.2452216,36.0639016],[129.2451991,36.0638928],[129.2451826,36.0638903],[129.2450605,36.0638671],[129.2450269,36.0638585],[129.2450209,36.063856],[129.2450155,36.063853],[129.2450135,36.0638506]]]]}},{"type":"Feature","properties":{"UFID":"100036913080A00110100000007099329"},"geometry":{"type":"MultiPolygon","coordinates":[[[[129.24768,36.0644485],[129.247678,36.0644428],[129.2476752,36.0644255],[129.2476754,36.0644091],[129.2476871,36.0643725],[129.2477188,36.0643329],[129.247804,36.0642391],[129.2478558,36.0641672],[129.2478762,36.0641371],[129.2478418,36.0641264],[129.2478415,36.0641322],[129.2478268,36.0641539],[129.2477762,36.0642242],[129.2476915,36.0643175],[129.2476562,36.0643614],[129.2476422,36.0644055],[129.2476419,36.0644272],[129.2476407,36.0644638],[129.24768,36.0644485]]]]}},{"type":"Feature","properties":{"UFID":"100036913080A00110100000007099330"},"geometry":{"type":"MultiPolygon","coordinates":[[[[129.244618,36.0629915],[129.2446146,36.0629288],[129.2446078,36.0629357],[129.244595,36.0629425],[129.2445718,36.0629483],[129.2445613,36.06295],[129.2437689,36.0630426],[129.2435874,36.0630587],[129.2435691,36.0630585],[129.2435664,36.0630579],[129.2435635,36.0630559],[129.2435628,36.0630549],[129.2435613,36.0630516],[129.2435562,36.0630337],[129.2435138,36.0629034],[129.2435095,36.0628944],[129.2435024,36.0628881],[129.2434946,36.0628825],[129.2434853,36.062879],[129.2433589,36.0628568],[129.2433519,36.0628832],[129.2434746,36.0629048],[129.2434763,36.0629054],[129.2434791,36.0629074],[129.2434807,36.0629088],[129.243482,36.0629117],[129.2435239,36.0630402],[129.2435293,36.0630594],[129.2435323,36.0630659],[129.243537,36.0630732],[129.2435448,36.0630785],[129.243551,36.0630825],[129.2435645,36.0630855],[129.243589,36.0630857],[129.2437731,36.0630694],[129.2445726,36.0629759],[129.244618,36.0629915]]]]}},{"type":"Feature","properties":{"UFID":"100036913080A00110100000007099331"},"geometry":{"type":"MultiPolygon","coordinates":[[[[129.2447779,36.0630001],[129.2447675,36.0630027],[129.2447529,36.0630008],[129.2447095,36.0629813],[129.2446912,36.0629672],[129.244618,36.0629915],[129.2446779,36.0630298],[129.2447347,36.0630854],[129.2447835,36.0631427],[129.2447779,36.0630001]]]]}},{"type":"Feature","properties":{"UFID":"100036913080A00110100000007099332"},"geometry":{"type":"MultiPolygon","coordinates":[[[[129.2446912,36.0629672],[129.24468,36.0629515],[129.2446746,36.062939],[129.2446146,36.0629288],[129.244618,36.0629915],[129.2446912,36.0629672]]]]}},{"type":"Feature","properties":{"UFID":"100036913080A00110100000007099333"},"geometry":{"type":"MultiPolygon","coordinates":[[[[129.2449858,36.062132],[129.2449343,36.0620728],[129.244882,36.0622065],[129.2450186,36.0622608],[129.2449858,36.062132]]]]}},{"type":"Feature","properties":{"UFID":"100036913080A00110100000007099334"},"geometry":{"type":"MultiPolygon","coordinates":[[[[129.2455224,36.0623993],[129.2454697,36.0623843],[129.2454911,36.0624118],[129.2455142,36.0624438],[129.24554,36.0624683],[129.2455744,36.0624861],[129.2456389,36.0625107],[129.2456531,36.0624862],[129.2455905,36.0624624],[129.2455621,36.0624477],[129.2455415,36.0624281],[129.2455231,36.0624026],[129.2455224,36.0623993]]]]}},{"type":"Feature","properties":{"UFID":"100036913080A00110100000007099335"},"geometry":{"type":"MultiPolygon","coordinates":[[[[129.2455321,36.0623686],[129.2454934,36.0623582],[129.2454793,36.0623533],[129.2454697,36.0623843],[129.2455224,36.0623993],[129.2455321,36.0623686]]]]}},{"type":"Feature","properties":{"UFID":"100036913080A00110100000007099336"},"geometry":{"type":"MultiPolygon","coordinates":[[[[129.2460201,36.0625247],[129.2459884,36.0625156],[129.245983,36.0625375],[129.2459801,36.0625581],[129.2459698,36.062637],[129.2460029,36.0626399],[129.2460132,36.0625611],[129.2460159,36.0625417],[129.2460201,36.0625247]]]]}},{"type":"Feature","properties":{"UFID":"100036913080A00110100000007099337"},"geometry":{"type":"MultiPolygon","coordinates":[[[[129.2463098,36.0625742],[129.246308,36.0625739],[129.2462631,36.0625622],[129.2462401,36.0625544],[129.2461567,36.0625302],[129.246112,36.0625178],[129.2460844,36.0625098],[129.2460629,36.0624864],[129.2460201,36.0625247],[129.2460992,36.0625475],[129.2461607,36.0625646],[129.246226,36.0625838],[129.2462747,36.0626001],[129.2462986,36.0626115],[129.2463098,36.0625742]]]]}},{"type":"Feature","properties":{"UFID":"100036913080A00110100000007099338"},"geometry":{"type":"MultiPolygon","coordinates":[[[[129.2460233,36.0624749],[129.2459647,36.062475],[129.2458324,36.0624356],[129.2456327,36.0623933],[129.2455404,36.0623709],[129.2455321,36.0623686],[129.2455224,36.0623993],[129.2455289,36.062401],[129.2456223,36.0624236],[129.2458207,36.0624657],[129.2459884,36.0625156],[129.2460233,36.0624749]]]]}},{"type":"Feature","properties":{"UFID":"100036913080A00110100000007099339"},"geometry":{"type":"MultiPolygon","coordinates":[[[[129.2460629,36.0624864],[129.2460233,36.0624749],[129.2459884,36.0625156],[129.2460201,36.0625247],[129.2460629,36.0624864]]]]}},{"type":"Feature","properties":{"UFID":"100036913080A00110100000007099340"},"geometry":{"type":"MultiPolygon","coordinates":[[[[129.2476315,36.0619689],[129.2475202,36.0619317],[129.2475333,36.0619396],[129.2475385,36.0619492],[129.2475367,36.0619699],[129.2475325,36.0619862],[129.2475063,36.0620212],[129.2475318,36.0620332],[129.2475694,36.0619847],[129.247589,36.0619735],[129.2476315,36.0619689]]]]}},{"type":"Feature","properties":{"UFID":"100036913080A00110100000007099341"},"geometry":{"type":"MultiPolygon","coordinates":[[[[129.2450807,36.0619972],[129.2450328,36.0620423],[129.2450411,36.0620368],[129.2450545,36.0620403],[129.2451224,36.0620786],[129.2451439,36.062051],[129.2450766,36.0620096],[129.2450764,36.062004],[129.2450807,36.0619972]]]]}},{"type":"Feature","properties":{"UFID":"100036913080A00110100000007099342"},"geometry":{"type":"MultiPolygon","coordinates":[[[[129.2462499,36.0619533],[129.2462561,36.0618958],[129.2461895,36.0618996],[129.2460787,36.0619073],[129.2459667,36.0619126],[129.2458043,36.0619168],[129.2456849,36.0619187],[129.2455705,36.0619168],[129.2454016,36.0619131],[129.2452461,36.0619133],[129.2451575,36.0619237],[129.2450663,36.0619516],[129.245038,36.0619711],[129.2450807,36.0619972],[129.2451477,36.0619769],[129.2452276,36.0619625],[129.2454232,36.0619641],[129.2456471,36.0619724],[129.2458055,36.0619717],[129.2459781,36.0619652],[129.2462069,36.0619517],[129.2462499,36.0619533]]]]}},{"type":"Feature","properties":{"UFID":"100036913080A00110100000007099343"},"geometry":{"type":"MultiPolygon","coordinates":[[[[129.2450807,36.0619972],[129.245038,36.0619711],[129.2450012,36.0619963],[129.2449876,36.0620125],[129.2450328,36.0620423],[129.2450807,36.0619972]]]]}},{"type":"Feature","properties":{"UFID":"100036913080A00110100000007099344"},"geometry":{"type":"MultiPolygon","coordinates":[[[[129.2476434,36.0619098],[129.2476163,36.0619028],[129.2475506,36.0618837],[129.2475202,36.0619317],[129.2476315,36.0619689],[129.2476434,36.0619098]]]]}},{"type":"Feature","properties":{"UFID":"100036913080A00110100000007099345"},"geometry":{"type":"MultiPolygon","coordinates":[[[[129.24634,36.0618927],[129.2462628,36.0618954],[129.2462561,36.0618958],[129.2462499,36.0619533],[129.2463289,36.0619531],[129.24634,36.0618927]]]]}},{"type":"Feature","properties":{"UFID":"100036913080A00110100000007099346"},"geometry":{"type":"MultiPolygon","coordinates":[[[[129.2477655,36.0619409],[129.2476434,36.0619098],[129.2476315,36.0619689],[129.2477367,36.0620006],[129.2477655,36.0619409]]]]}},{"type":"Feature","properties":{"UFID":"100036913080A00110100000007099347"},"geometry":{"type":"MultiPolygon","coordinates":[[[[129.2450328,36.0620423],[129.2449876,36.0620125],[129.2449429,36.0620655],[129.2449343,36.0620728],[129.2449858,36.062132],[129.2449838,36.062119],[129.2449901,36.0621001],[129.2450328,36.0620423]]]]}},{"type":"Feature","properties":{"UFID":"100036913080A00110100000007099348"},"geometry":{"type":"MultiPolygon","coordinates":[[[[129.2417549,36.0611701],[129.2417417,36.0612347],[129.2418466,36.06125],[129.2420309,36.0612894],[129.2421987,36.0613371],[129.2425478,36.0614137],[129.2429179,36.061527],[129.2431909,36.0616255],[129.2434429,36.061706],[129.2436568,36.0617489],[129.24397,36.0618074],[129.2441188,36.0618363],[129.2442095,36.0618545],[129.2443326,36.0619167],[129.244403,36.0619685],[129.2444428,36.0620195],[129.2444867,36.0621088],[129.2445075,36.0622025],[129.2445244,36.0622927],[129.244579,36.0625239],[129.2446211,36.0627459],[129.2446263,36.0628726],[129.2446146,36.0629288],[129.2446746,36.062939],[129.2446776,36.0629085],[129.2446808,36.0628585],[129.2446748,36.062778],[129.2446498,36.0626216],[129.2445856,36.0622932],[129.244543,36.0621221],[129.2445245,36.062061],[129.2445063,36.0620085],[129.2444712,36.0619552],[129.2443924,36.0618917],[129.2442812,36.0618307],[129.2442418,36.0618128],[129.2441103,36.0617832],[129.2438885,36.061744],[129.2437373,36.0617148],[129.243567,36.0616813],[129.243403,36.0616384],[129.2432381,36.0615819],[129.2429537,36.0614855],[129.2427119,36.061403],[129.2425754,36.0613632],[129.2423156,36.0613071],[129.2421315,36.0612632],[129.2419717,36.06122],[129.2417908,36.0611761],[129.2417549,36.0611701]]]]}},{"type":"Feature","properties":{"UFID":"100036913080A00110100000007099349"},"geometry":{"type":"MultiPolygon","coordinates":[[[[129.2454793,36.0623533],[129.245403,36.0623268],[129.2452769,36.0622756],[129.2451316,36.0622137],[129.2450494,36.0621733],[129.2449991,36.0621463],[129.2449858,36.062132],[129.2450186,36.0622608],[129.2450958,36.0622506],[129.2451276,36.0622487],[129.2452592,36.0623037],[129.2453867,36.0623554],[129.2454697,36.0623843],[129.2454793,36.0623533]]]]}},{"type":"Feature","properties":{"UFID":"100036913080A00110100000007099350"},"geometry":{"type":"MultiPolygon","coordinates":[[[[129.2463289,36.0619531],[129.2462499,36.0619533],[129.246259,36.0619594],[129.2462617,36.0619651],[129.2462633,36.0619725],[129.2462625,36.0619782],[129.2462561,36.0619917],[129.2462131,36.0620882],[129.2461747,36.0621723],[129.2460709,36.0623954],[129.246055,36.0624138],[129.2460942,36.0624261],[129.2461088,36.0623905],[129.2462059,36.0621817],[129.2462444,36.0620975],[129.2462589,36.0620648],[129.2462996,36.0620115],[129.2463227,36.0619623],[129.2463289,36.0619531]]]]}},{"type":"Feature","properties":{"UFID":"100036913080A00110100000007099351"},"geometry":{"type":"MultiPolygon","coordinates":[[[[129.2460942,36.0624261],[129.246055,36.0624138],[129.2460233,36.0624749],[129.2460629,36.0624864],[129.2460942,36.0624261]]]]}},{"type":"Feature","properties":{"UFID":"100036913080A00110100000007099372"},"geometry":{"type":"MultiPolygon","coordinates":[[[[129.2417346,36.0614593],[129.2417021,36.0614546],[129.2417057,36.0615186],[129.241729,36.0615658],[129.2417346,36.0614593]]]]}},{"type":"Feature","properties":{"UFID":"100036913080A00110100000007099373"},"geometry":{"type":"MultiPolygon","coordinates":[[[[129.2417399,36.0613792],[129.2416964,36.0613767],[129.2416982,36.061389],[129.2416992,36.0614033],[129.2417021,36.0614546],[129.2417346,36.0614593],[129.2417399,36.0613792]]]]}},{"type":"Feature","properties":{"UFID":"100036913080A00110100000007099374"},"geometry":{"type":"MultiPolygon","coordinates":[[[[129.2417417,36.0612347],[129.2416966,36.0612249],[129.2416899,36.0613082],[129.2416886,36.0613247],[129.2416964,36.0613767],[129.2417399,36.0613792],[129.2417256,36.0612944],[129.2417284,36.0612569],[129.2417305,36.0612439],[129.2417356,36.0612371],[129.2417417,36.0612347]]]]}},{"type":"Feature","properties":{"UFID":"100036913080A00110100000007099375"},"geometry":{"type":"MultiPolygon","coordinates":[[[[129.2417399,36.0613792],[129.2417346,36.0614593],[129.241753,36.0614621],[129.2421812,36.0615258],[129.2424995,36.061583],[129.2425595,36.0615991],[129.2425769,36.0616139],[129.242581,36.0616222],[129.2425826,36.0617078],[129.2425788,36.0619099],[129.2426032,36.0619169],[129.2426176,36.0616358],[129.2426161,36.0616193],[129.242615,36.061604],[129.2426023,36.06159],[129.2424444,36.0615533],[129.2420422,36.0614846],[129.241838,36.0614571],[129.2418141,36.0614501],[129.2417937,36.0614381],[129.2417703,36.0614133],[129.2417399,36.0613792]]]]}},{"type":"Feature","properties":{"UFID":"100036913080A00110100000007099377"},"geometry":{"type":"MultiPolygon","coordinates":[[[[129.2420134,36.0586227],[129.2420022,36.0586174],[129.2419861,36.0586054],[129.2419803,36.0585824],[129.2419782,36.0585444],[129.2419596,36.0583631],[129.2419264,36.0583653],[129.2419449,36.0585462],[129.2419471,36.0585844],[129.2419444,36.0586127],[129.241939,36.0586235],[129.2419242,36.0586335],[129.2420134,36.0586227]]]]}},{"type":"Feature","properties":{"UFID":"100036913080A00110100000007099378"},"geometry":{"type":"MultiPolygon","coordinates":[[[[129.2433263,36.058441],[129.2432729,36.0584673],[129.2432841,36.0584699],[129.2432854,36.0584749],[129.2432883,36.0585022],[129.243287,36.0585423],[129.2432644,36.0587688],[129.2433086,36.0587717],[129.2433314,36.0585442],[129.2433328,36.0585011],[129.2433263,36.058441]]]]}},{"type":"Feature","properties":{"UFID":"100036913080A00110100000007099379"},"geometry":{"type":"MultiPolygon","coordinates":[[[[129.2428959,36.0586856],[129.2429004,36.0586651],[129.2429141,36.0586497],[129.2428473,36.0586755],[129.2428469,36.0586884],[129.2428959,36.0586856]]]]}},{"type":"Feature","properties":{"UFID":"100036913080A00110100000007099380"},"geometry":{"type":"MultiPolygon","coordinates":[[[[129.2428524,36.0587338],[129.2428469,36.0586884],[129.2428394,36.0586967],[129.2428058,36.0587153],[129.2427729,36.0587328],[129.2426397,36.0588165],[129.2426601,36.0588378],[129.2427923,36.0587548],[129.2428244,36.0587378],[129.2428359,36.0587314],[129.2428524,36.0587338]]]]}},{"type":"Feature","properties":{"UFID":"100036913080A00110100000007099381"},"geometry":{"type":"MultiPolygon","coordinates":[[[[129.2428865,36.0587296],[129.2428524,36.0587338],[129.2428448,36.0588098],[129.242878,36.0588119],[129.242886,36.0587319],[129.2428865,36.0587296]]]]}},{"type":"Feature","properties":{"UFID":"100036913080A00110100000007099382"},"geometry":{"type":"MultiPolygon","coordinates":[[[[129.2428865,36.0587296],[129.2428959,36.0586856],[129.2428469,36.0586884],[129.2428524,36.0587338],[129.2428865,36.0587296]]]]}},{"type":"Feature","properties":{"UFID":"100036913080A00110100000007099383"},"geometry":{"type":"MultiPolygon","coordinates":[[[[129.2433263,36.058441],[129.2431923,36.0581929],[129.243177,36.0582076],[129.2431295,36.0582467],[129.2431223,36.0582511],[129.2432729,36.0584673],[129.2433263,36.058441]]]]}},{"type":"Feature","properties":{"UFID":"100036913080A00110100000007099384"},"geometry":{"type":"MultiPolygon","coordinates":[[[[129.2432729,36.0584673],[129.2431223,36.0582511],[129.2430775,36.0582784],[129.2429869,36.0583201],[129.2428121,36.0583955],[129.24278,36.0584078],[129.2429141,36.0586497],[129.243003,36.0586102],[129.243112,36.0585574],[129.2432729,36.0584673]]]]}},{"type":"Feature","properties":{"UFID":"100036913080A00110100000007099385"},"geometry":{"type":"MultiPolygon","coordinates":[[[[129.2429141,36.0586497],[129.24278,36.0584078],[129.2427075,36.0584354],[129.2428473,36.0586755],[129.2429141,36.0586497]]]]}},{"type":"Feature","properties":{"UFID":"100036913080A00110100000007099386"},"geometry":{"type":"MultiPolygon","coordinates":[[[[129.2428473,36.0586755],[129.2427075,36.0584354],[129.2426203,36.0584687],[129.2424208,36.0585315],[129.2420134,36.0586227],[129.2420613,36.0588815],[129.2420891,36.0588784],[129.2422101,36.0588557],[129.2424102,36.0588157],[129.2425128,36.0587913],[129.2425963,36.0587631],[129.2428473,36.0586755]]]]}},{"type":"Feature","properties":{"UFID":"100036913080A00110100000007099387"},"geometry":{"type":"MultiPolygon","coordinates":[[[[129.2420613,36.0588815],[129.2420134,36.0586227],[129.2419242,36.0586335],[129.2419466,36.0588942],[129.2420613,36.0588815]]]]}},{"type":"Feature","properties":{"UFID":"100036913080A00110100000007099388"},"geometry":{"type":"MultiPolygon","coordinates":[[[[129.2419466,36.0588942],[129.2419242,36.0586335],[129.2416128,36.0587035],[129.241661,36.0588338],[129.2417503,36.058916],[129.2419466,36.0588942]]]]}},{"type":"Feature","properties":{"UFID":"100036913080A00110100000007099389"},"geometry":{"type":"MultiPolygon","coordinates":[[[[129.2417549,36.0611701],[129.2417016,36.0611613],[129.2416966,36.0612249],[129.2417417,36.0612347],[129.2417549,36.0611701]]]]}},{"type":"Feature","properties":{"UFID":"100036913080A00110100000007099390"},"geometry":{"type":"MultiPolygon","coordinates":[[[[129.2437003,36.0582454],[129.2432675,36.0580567],[129.2432605,36.0580924],[129.2432425,36.0581341],[129.2432155,36.0581707],[129.2431923,36.0581929],[129.2433263,36.058441],[129.2434301,36.058379],[129.2435473,36.0583013],[129.24358,36.0582855],[129.2436344,36.0582619],[129.2437003,36.0582454]]]]}},{"type":"Feature","properties":{"UFID":"100036913080A00110100000007099397"},"geometry":{"type":"MultiPolygon","coordinates":[[[[129.2418694,36.0606355],[129.2418664,36.0606153],[129.2418531,36.0606159],[129.2418455,36.0606368],[129.2418694,36.0606355]]]]}},{"type":"Feature","properties":{"UFID":"100036913080A00110100000007099411"},"geometry":{"type":"MultiPolygon","coordinates":[[[[129.2415875,36.0581896],[129.241583,36.0581851],[129.2415611,36.0581598],[129.2415538,36.058151],[129.2415387,36.0581262],[129.2415262,36.0580979],[129.2415165,36.0580569],[129.2414838,36.058062],[129.241494,36.058105],[129.241508,36.0581368],[129.2415249,36.0581645],[129.2415336,36.0581751],[129.2415564,36.0582014],[129.2415714,36.0582263],[129.2415843,36.0582594],[129.2415875,36.0581896]]]]}},{"type":"Feature","properties":{"UFID":"100036913080A00110100000007099412"},"geometry":{"type":"MultiPolygon","coordinates":[[[[129.2416235,36.0582565],[129.241622,36.0582339],[129.2416208,36.0581895],[129.2415875,36.0581896],[129.2415843,36.0582594],[129.2416235,36.0582565]]]]}},{"type":"Feature","properties":{"UFID":"100036913080A00110100000007099413"},"geometry":{"type":"MultiPolygon","coordinates":[[[[129.2416128,36.0587035],[129.2416178,36.0586513],[129.2416429,36.0585529],[129.2416467,36.0585218],[129.2416476,36.0584641],[129.241641,36.0583735],[129.2416344,36.0583248],[129.2416308,36.0583083],[129.2416242,36.0582673],[129.2416235,36.0582565],[129.2415843,36.0582594],[129.2415963,36.0583023],[129.2415998,36.0583176],[129.2416015,36.0583287],[129.2416078,36.0583758],[129.2416143,36.0584647],[129.2416134,36.0585203],[129.2416099,36.0585488],[129.2415848,36.0586475],[129.2415788,36.0587102],[129.2415707,36.0587181],[129.2415592,36.0587245],[129.2416128,36.0587035]]]]}},{"type":"Feature","properties":{"UFID":"100036913080A00110100000007099422"},"geometry":{"type":"MultiPolygon","coordinates":[[[[129.2415592,36.0587245],[129.2415446,36.0587272],[129.241555,36.0587367],[129.2415592,36.0587245]]]]}},{"type":"Feature","properties":{"UFID":"100036913080A00110100000007099425"},"geometry":{"type":"MultiPolygon","coordinates":[[[[129.2416128,36.0587035],[129.2415592,36.0587245],[129.241555,36.0587367],[129.2416443,36.0588184],[129.241661,36.0588338],[129.2416128,36.0587035]]]]}},{"type":"Feature","properties":{"UFID":"100036913080A00110100000007099534"},"geometry":{"type":"MultiPolygon","coordinates":[[[[129.2424101,36.0568652],[129.2424522,36.0569241],[129.2424614,36.0569089],[129.2425021,36.0568504],[129.2425636,36.0567626],[129.2425346,36.0567492],[129.2424743,36.0568354],[129.2424511,36.0568596],[129.2424251,36.0568682],[129.2424101,36.0568652]]]]}},{"type":"Feature","properties":{"UFID":"100036913080A00110100000007099535"},"geometry":{"type":"MultiPolygon","coordinates":[[[[129.2429038,36.0556486],[129.2428535,36.0555951],[129.2425928,36.0558062],[129.2420135,36.056227],[129.2419788,36.0562299],[129.2419495,36.0562294],[129.2419281,36.0562219],[129.24204,36.0563859],[129.2420376,36.0563623],[129.2420479,36.0563241],[129.2427237,36.0557885],[129.2429038,36.0556486]]]]}},{"type":"Feature","properties":{"UFID":"100036913080A00110100000007099536"},"geometry":{"type":"MultiPolygon","coordinates":[[[[129.2432189,36.0554254],[129.2431588,36.0553571],[129.2430985,36.0554038],[129.2431564,36.055484],[129.2432189,36.0554254]]]]}},{"type":"Feature","properties":{"UFID":"100036913080A00110100000007099537"},"geometry":{"type":"MultiPolygon","coordinates":[[[[129.2431564,36.055484],[129.2430985,36.0554038],[129.2430895,36.055422],[129.2428839,36.055565],[129.2429445,36.0556169],[129.2430955,36.0554997],[129.2431179,36.0554891],[129.2431564,36.055484]]]]}},{"type":"Feature","properties":{"UFID":"100036913080A00110100000007099538"},"geometry":{"type":"MultiPolygon","coordinates":[[[[129.2428839,36.055565],[129.2428774,36.0555634],[129.2428114,36.0555075],[129.2427638,36.0554716],[129.2427412,36.0554914],[129.242788,36.0555267],[129.2428467,36.0555765],[129.2428535,36.0555951],[129.2428839,36.055565]]]]}},{"type":"Feature","properties":{"UFID":"100036913080A00110100000007099539"},"geometry":{"type":"MultiPolygon","coordinates":[[[[129.2429445,36.0556169],[129.2428839,36.055565],[129.2428535,36.0555951],[129.2429038,36.0556486],[129.2429445,36.0556169]]]]}},{"type":"Feature","properties":{"UFID":"100036913080A00110100000007099540"},"geometry":{"type":"MultiPolygon","coordinates":[[[[129.2438115,36.0557965],[129.2437623,36.0557752],[129.2437704,36.0557978],[129.2432321,36.0564556],[129.2432598,36.0564705],[129.2438115,36.0557965]]]]}},{"type":"Feature","properties":{"UFID":"100036913080A00110100000007099541"},"geometry":{"type":"MultiPolygon","coordinates":[[[[129.2438333,36.0557626],[129.243818,36.0557575],[129.2437721,36.0557493],[129.2437623,36.0557752],[129.2438115,36.0557965],[129.2438333,36.0557626]]]]}},{"type":"Feature","properties":{"UFID":"100036913080A00110100000007099542"},"geometry":{"type":"MultiPolygon","coordinates":[[[[129.2448723,36.0563139],[129.244852,36.0563248],[129.2448482,36.0563247],[129.2448381,36.0563213],[129.2448225,36.0563144],[129.2443276,36.0560361],[129.2439804,36.0558326],[129.2438786,36.0557775],[129.2438333,36.0557626],[129.2438115,36.0557965],[129.2438629,36.0558015],[129.2439615,36.0558548],[129.2443083,36.0560581],[129.244821,36.0563465],[129.2448209,36.0563569],[129.2448723,36.0563139]]]]}},{"type":"Feature","properties":{"UFID":"100036913080A00110100000007099543"},"geometry":{"type":"MultiPolygon","coordinates":[[[[129.2442152,36.0545878],[129.2441007,36.0544927],[129.2441011,36.0545201],[129.2440911,36.054566],[129.244072,36.0546197],[129.244045,36.0546732],[129.2440012,36.0547189],[129.2437662,36.0549199],[129.2435256,36.0550945],[129.2433708,36.055208],[129.2432899,36.0552707],[129.2431999,36.0553412],[129.2431884,36.055348],[129.243178,36.0553528],[129.2431698,36.0553558],[129.2431588,36.0553571],[129.2432189,36.0554254],[129.2433639,36.0552885],[129.2437075,36.0550369],[129.2439717,36.0548519],[129.24399,36.0548406],[129.244102,36.0547643],[129.2441814,36.0547043],[129.2441893,36.0546954],[129.2442152,36.0545878]]]]}},{"type":"Feature","properties":{"UFID":"100036913080A00110100000007099544"},"geometry":{"type":"MultiPolygon","coordinates":[[[[129.2450704,36.0563829],[129.2448723,36.0563139],[129.2448209,36.0563569],[129.2450183,36.0564527],[129.2450704,36.0563829]]]]}},{"type":"Feature","properties":{"UFID":"100036913080A00110100000007099545"},"geometry":{"type":"MultiPolygon","coordinates":[[[[129.2450183,36.0564527],[129.2448209,36.0563569],[129.2448109,36.0563755],[129.2445016,36.0567593],[129.2443614,36.0569364],[129.2442545,36.0570685],[129.2442477,36.0570695],[129.2442092,36.0570488],[129.2441484,36.0571135],[129.2441049,36.0571724],[129.2440102,36.0572945],[129.2439177,36.0574404],[129.2438354,36.0576379],[129.2438244,36.057659],[129.2437172,36.0577616],[129.2436477,36.05779],[129.2435707,36.0578002],[129.2435023,36.0577981],[129.2440634,36.0579064],[129.2443292,36.0575045],[129.2446098,36.0571079],[129.2449935,36.0564706],[129.2450183,36.0564527]]]]}},{"type":"Feature","properties":{"UFID":"100036913080A00110100000007099591"},"geometry":{"type":"MultiPolygon","coordinates":[[[[129.2488521,36.0545128],[129.2488939,36.0545158],[129.2488849,36.0545076],[129.2488746,36.0544187],[129.2488687,36.0543834],[129.2488357,36.0543871],[129.2488416,36.0544218],[129.2488521,36.0545128]]]]}},{"type":"Feature","properties":{"UFID":"100036913080A00110100000007099592"},"geometry":{"type":"MultiPolygon","coordinates":[[[[129.2492269,36.0546204],[129.2491667,36.0546153],[129.2491717,36.0546289],[129.2491744,36.0546497],[129.2491639,36.0547174],[129.249197,36.0547208],[129.249208,36.0546491],[129.2492149,36.0546377],[129.2492269,36.0546204]]]]}},{"type":"Feature","properties":{"UFID":"100036913080A00110100000007099593"},"geometry":{"type":"MultiPolygon","coordinates":[[[[129.2478341,36.0545049],[129.2477533,36.0544962],[129.2477516,36.0545911],[129.2478389,36.0545907],[129.2478341,36.0545049]]]]}},{"type":"Feature","properties":{"UFID":"100036913080A00110100000007099594"},"geometry":{"type":"MultiPolygon","coordinates":[[[[129.2488521,36.0545128],[129.2485416,36.0545144],[129.2482363,36.0545128],[129.2478341,36.0545049],[129.2478389,36.0545907],[129.2480411,36.0545856],[129.2480697,36.0545856],[129.2481672,36.0545887],[129.2484412,36.0545875],[129.2485949,36.0545895],[129.2487944,36.0546002],[129.2488535,36.0546025],[129.2488521,36.0545128]]]]}},{"type":"Feature","properties":{"UFID":"100036913080A00110100000007099595"},"geometry":{"type":"MultiPolygon","coordinates":[[[[129.2488939,36.0545158],[129.2488521,36.0545128],[129.2488535,36.0546025],[129.2488957,36.0546042],[129.2488939,36.0545158]]]]}},{"type":"Feature","properties":{"UFID":"100036913080A00110100000007099596"},"geometry":{"type":"MultiPolygon","coordinates":[[[[129.2491682,36.0545217],[129.2488939,36.0545158],[129.2488957,36.0546042],[129.2489957,36.0546081],[129.2491194,36.0546121],[129.2491433,36.0546121],[129.2491667,36.0546153],[129.2491682,36.0545217]]]]}},{"type":"Feature","properties":{"UFID":"100036913080A00110100000007099597"},"geometry":{"type":"MultiPolygon","coordinates":[[[[129.2492355,36.054519],[129.2491993,36.0545223],[129.2491682,36.0545217],[129.2491667,36.0546153],[129.2492269,36.0546204],[129.2492355,36.054519]]]]}},{"type":"Feature","properties":{"UFID":"100036913080A00110100000007099598"},"geometry":{"type":"MultiPolygon","coordinates":[[[[129.2477533,36.0544962],[129.2478341,36.0545049],[129.2478284,36.0545011],[129.2478259,36.0544927],[129.2478444,36.0542895],[129.2478498,36.0541571],[129.2478469,36.0541403],[129.2478416,36.0541247],[129.247831,36.0541057],[129.2478174,36.0540893],[129.2477898,36.0541045],[129.2478019,36.0541189],[129.2478101,36.0541339],[129.2478142,36.0541458],[129.2478164,36.0541586],[129.2478111,36.0542881],[129.2477949,36.054467],[129.2477779,36.0544895],[129.2477533,36.0544962]]]]}},{"type":"Feature","properties":{"UFID":"100036913080A00110100000007099599"},"geometry":{"type":"MultiPolygon","coordinates":[[[[129.2495871,36.053757],[129.2495811,36.0537588],[129.2495117,36.0537577],[129.2490199,36.0537645],[129.2489581,36.0537574],[129.2487327,36.0537199],[129.2482695,36.0536278],[129.2478747,36.0535434],[129.24779,36.0535232],[129.2475963,36.0534663],[129.2474022,36.0533999],[129.2473357,36.0533746],[129.2473215,36.0533991],[129.2473887,36.0534246],[129.2475842,36.0534915],[129.2477796,36.0535488],[129.2478657,36.0535695],[129.2482613,36.053654],[129.2487254,36.0537463],[129.2489524,36.0537841],[129.2490179,36.0537916],[129.2495116,36.0537847],[129.2495858,36.053786],[129.2495871,36.053757]]]]}},{"type":"Feature","properties":{"UFID":"100036913080A00110100000007099600"},"geometry":{"type":"MultiPolygon","coordinates":[[[[129.2443372,36.0539283],[129.2442561,36.0539129],[129.244216,36.0540636],[129.2443056,36.0540877],[129.2443173,36.0540326],[129.244329,36.053966],[129.2443372,36.0539283]]]]}},{"type":"Feature","properties":{"UFID":"100036913080A00110100000007099601"},"geometry":{"type":"MultiPolygon","coordinates":[[[[129.2442561,36.0539129],[129.2442258,36.0539304],[129.244208,36.0539372],[129.2441885,36.0539381],[129.2441675,36.0539347],[129.2441048,36.0539027],[129.2440412,36.0538592],[129.2440154,36.0538349],[129.2439713,36.0538599],[129.2440028,36.0538908],[129.2441149,36.0539539],[129.2441965,36.053997],[129.2442096,36.0540059],[129.244216,36.0540222],[129.244216,36.0540636],[129.2442561,36.0539129]]]]}},{"type":"Feature","properties":{"UFID":"100036913080A00110100000007099602"},"geometry":{"type":"MultiPolygon","coordinates":[[[[129.2441121,36.0544403],[129.2441027,36.054448],[129.2441,36.0544477],[129.244092,36.0544454],[129.2440027,36.0543993],[129.2439246,36.0543516],[129.2438313,36.0542852],[129.2436982,36.0541842],[129.2435163,36.0540307],[129.2434888,36.0540105],[129.2434373,36.0540079],[129.2434024,36.0540245],[129.2433911,36.0540333],[129.243296,36.0541314],[129.2433207,36.0541496],[129.2434091,36.0540588],[129.2434415,36.0540484],[129.2434762,36.0540469],[129.2434939,36.0540508],[129.2436748,36.0542035],[129.2438089,36.0543052],[129.2439036,36.0543726],[129.2439838,36.0544215],[129.2440773,36.0544699],[129.2440917,36.0544805],[129.2441007,36.0544927],[129.2441121,36.0544403]]]]}},{"type":"Feature","properties":{"UFID":"100036913080A00110100000007099603"},"geometry":{"type":"MultiPolygon","coordinates":[[[[129.2469707,36.0545697],[129.2469528,36.054568],[129.2469366,36.054565],[129.2468764,36.0545382],[129.2468493,36.0545569],[129.2468966,36.054578],[129.2469707,36.0545697]]]]}},{"type":"Feature","properties":{"UFID":"100036913080A00110100000007099604"},"geometry":{"type":"MultiPolygon","coordinates":[[[[129.2460278,36.0520863],[129.2459729,36.0520814],[129.2459846,36.0520995],[129.2459856,36.0521086],[129.2459864,36.0521178],[129.2459908,36.0522847],[129.2459854,36.0523504],[129.245977,36.052391],[129.2459525,36.0524669],[129.2458922,36.0525972],[129.2458863,36.0526303],[129.2458899,36.0526588],[129.2459014,36.0526803],[129.2459526,36.0527262],[129.2459593,36.052733],[129.2459592,36.0527354],[129.2459372,36.0527803],[129.2459681,36.0527903],[129.2459922,36.0527412],[129.2459929,36.0527293],[129.2459892,36.05272],[129.245978,36.0527087],[129.2459297,36.0526654],[129.2459225,36.0526519],[129.2459199,36.0526309],[129.2459246,36.052604],[129.2459843,36.0524751],[129.2460095,36.0523967],[129.2460185,36.0523535],[129.2460241,36.0522853],[129.2460197,36.0521184],[129.2460278,36.0520863]]]]}},{"type":"Feature","properties":{"UFID":"100036913080A00110100000007099605"},"geometry":{"type":"MultiPolygon","coordinates":[[[[129.2442274,36.0544629],[129.2441352,36.0543968],[129.2441121,36.0544403],[129.2441007,36.0544927],[129.2442152,36.0545878],[129.2442274,36.0544629]]]]}},{"type":"Feature","properties":{"UFID":"100036913080A00110100000007099606"},"geometry":{"type":"MultiPolygon","coordinates":[[[[129.2441352,36.0543968],[129.2441184,36.0543963],[129.2441176,36.0543959],[129.2439083,36.0542451],[129.2437137,36.0541013],[129.243507,36.0539034],[129.243222,36.0535882],[129.2430308,36.0533732],[129.2428222,36.0531495],[129.2423437,36.0526025],[129.2422872,36.0525418],[129.2422247,36.0524772],[129.2421933,36.0525063],[129.2422045,36.0525114],[129.2422344,36.0525323],[129.2422611,36.0525586],[129.2423168,36.0526185],[129.2427953,36.0531655],[129.243004,36.0533893],[129.2431951,36.0536041],[129.2434808,36.0539202],[129.2436897,36.0541201],[129.243886,36.0542652],[129.2441045,36.0544227],[129.2441064,36.0544249],[129.2441121,36.0544403],[129.2441352,36.0543968]]]]}},{"type":"Feature","properties":{"UFID":"100036913080A00110100000007099607"},"geometry":{"type":"MultiPolygon","coordinates":[[[[129.2477516,36.0545911],[129.2477533,36.0544962],[129.2476602,36.0545019],[129.2475576,36.0545036],[129.2474134,36.0545109],[129.247306,36.0545212],[129.2471934,36.0545357],[129.2470829,36.0545523],[129.2469707,36.0545697],[129.2470225,36.0546507],[129.2470989,36.0546339],[129.2471776,36.0546211],[129.2472651,36.0546098],[129.2473486,36.0546015],[129.2474294,36.0545955],[129.2475177,36.0545923],[129.2477516,36.0545911]]]]}},{"type":"Feature","properties":{"UFID":"100036913080A00110100000007099608"},"geometry":{"type":"MultiPolygon","coordinates":[[[[129.2447344,36.0531944],[129.24465,36.0531388],[129.2446397,36.0531885],[129.244573,36.0533204],[129.2444764,36.0534609],[129.2444123,36.0535742],[129.2443318,36.0537273],[129.2442872,36.0538197],[129.2442561,36.0539129],[129.2443372,36.0539283],[129.2443425,36.0539034],[129.2444127,36.0537521],[129.2445314,36.0535554],[129.2446466,36.0533625],[129.2447252,36.0532158],[129.2447344,36.0531944]]]]}},{"type":"Feature","properties":{"UFID":"100036913080A00110100000007099609"},"geometry":{"type":"MultiPolygon","coordinates":[[[[129.2443056,36.0540877],[129.244216,36.0540636],[129.244192,36.0541519],[129.2442811,36.054204],[129.2443056,36.0540877]]]]}},{"type":"Feature","properties":{"UFID":"100036913080A00110100000007099610"},"geometry":{"type":"MultiPolygon","coordinates":[[[[129.2442811,36.054204],[129.244192,36.0541519],[129.2441455,36.0543894],[129.2441352,36.0543968],[129.2442274,36.0544629],[129.2442316,36.0544412],[129.2442811,36.054204]]]]}},{"type":"Feature","properties":{"UFID":"100036913080A00110100000007099611"},"geometry":{"type":"MultiPolygon","coordinates":[[[[129.2447846,36.0529591],[129.2446935,36.0529274],[129.24465,36.0531388],[129.2447344,36.0531944],[129.2447846,36.0529591]]]]}},{"type":"Feature","properties":{"UFID":"100036913080A00110100000007099612"},"geometry":{"type":"MultiPolygon","coordinates":[[[[129.2424145,36.0570564],[129.2423937,36.0570229],[129.2423931,36.0570299],[129.2423896,36.057038],[129.2423565,36.0570771],[129.2423104,36.0571429],[129.2422349,36.057268],[129.2422648,36.0572799],[129.2423399,36.0571555],[129.2423847,36.0570914],[129.2424145,36.0570564]]]]}},{"type":"Feature","properties":{"UFID":"100036913080A00110100000007099613"},"geometry":{"type":"MultiPolygon","coordinates":[[[[129.2418459,36.0562403],[129.241796,36.0561718],[129.2417857,36.0561822],[129.2417598,36.0561997],[129.2417054,36.0562247],[129.2417273,36.0562561],[129.2417884,36.056228],[129.2418129,36.0562243],[129.2418295,36.0562301],[129.2418459,36.0562403]]]]}},{"type":"Feature","properties":{"UFID":"100036913080A00110100000007099614"},"geometry":{"type":"MultiPolygon","coordinates":[[[[129.2415125,36.0557844],[129.2414561,36.0557217],[129.24145,36.0557397],[129.2413711,36.0557978],[129.241401,36.0558246],[129.2414729,36.0557716],[129.2415125,36.0557844]]]]}},{"type":"Feature","properties":{"UFID":"100036913080A00110100000007099615"},"geometry":{"type":"MultiPolygon","coordinates":[[[[129.2409421,36.0548258],[129.2410014,36.0549164],[129.241001,36.0548997],[129.2410048,36.0548784],[129.2410199,36.0548523],[129.241094,36.0548171],[129.2410772,36.0547938],[129.2410117,36.0548249],[129.240989,36.0548271],[129.2409645,36.0548289],[129.2409421,36.0548258]]]]}},{"type":"Feature","properties":{"UFID":"100036913080A00110100000007099616"},"geometry":{"type":"MultiPolygon","coordinates":[[[[129.2408596,36.0548655],[129.2408032,36.0548087],[129.2407728,36.0548216],[129.240744,36.05484],[129.2407364,36.0548455],[129.2407214,36.0548614],[129.240686,36.0549154],[129.2406362,36.0549858],[129.2405669,36.0550806],[129.2405132,36.0551375],[129.2404674,36.0551733],[129.2404269,36.055195],[129.2404452,36.0552176],[129.2404883,36.0551945],[129.2405381,36.0551556],[129.2405945,36.0550957],[129.2406649,36.0549994],[129.2407151,36.0549285],[129.2407495,36.0548761],[129.2407835,36.0548602],[129.2408092,36.054853],[129.2408341,36.0548535],[129.2408596,36.0548655]]]]}},{"type":"Feature","properties":{"UFID":"100036913080A00110100000007099617"},"geometry":{"type":"MultiPolygon","coordinates":[[[[129.2401614,36.0536818],[129.2402807,36.0539111],[129.2403252,36.0538714],[129.2403917,36.0538238],[129.2404811,36.0537889],[129.2404449,36.0537632],[129.2404014,36.0537816],[129.2403849,36.0537831],[129.2403153,36.0537669],[129.2401614,36.0536818]]]]}},{"type":"Feature","properties":{"UFID":"100036913080A00110100000007099618"},"geometry":{"type":"MultiPolygon","coordinates":[[[[129.2406495,36.0546375],[129.2405881,36.0545497],[129.2405835,36.0545593],[129.2405506,36.0545728],[129.2403928,36.05459],[129.2401676,36.0546373],[129.2401219,36.0546456],[129.2400315,36.0546701],[129.2400876,36.054708],[129.2403969,36.0546591],[129.2404584,36.0546684],[129.2406495,36.0546375]]]]}},{"type":"Feature","properties":{"UFID":"100036913080A00110100000007099619"},"geometry":{"type":"MultiPolygon","coordinates":[[[[129.2404257,36.0543254],[129.2404045,36.0542923],[129.2403979,36.054308],[129.240219,36.054405],[129.240186,36.0544156],[129.2401538,36.0544236],[129.2401221,36.0544268],[129.2401262,36.0544536],[129.2401608,36.0544501],[129.240197,36.0544411],[129.2402345,36.0544291],[129.2404257,36.0543254]]]]}},{"type":"Feature","properties":{"UFID":"100036913080A00110100000007099620"},"geometry":{"type":"MultiPolygon","coordinates":[[[[129.2421933,36.0525063],[129.2421265,36.0524469],[129.2421211,36.052461],[129.2421029,36.0524995],[129.2420518,36.0525774],[129.2420279,36.0526229],[129.2420153,36.0526503],[129.2420069,36.0526726],[129.2419856,36.0527446],[129.2419818,36.0527552],[129.2419753,36.0527714],[129.2419675,36.0527842],[129.241961,36.0527918],[129.2419453,36.0528041],[129.241938,36.0528083],[129.241929,36.0528112],[129.2419202,36.0528131],[129.2419108,36.0528148],[129.2418885,36.0528157],[129.2417864,36.0528147],[129.2417471,36.0528179],[129.2417175,36.0528261],[129.2417106,36.0528289],[129.2416009,36.0528797],[129.2415487,36.0529014],[129.2415689,36.0529335],[129.2416221,36.0529114],[129.2417314,36.0528607],[129.2417345,36.0528595],[129.2417566,36.0528534],[129.2417883,36.0528508],[129.2418894,36.0528517],[129.2419167,36.0528506],[129.2419305,36.0528481],[129.2419428,36.0528456],[129.2419596,36.0528401],[129.2419736,36.0528319],[129.2419951,36.0528152],[129.2420058,36.0528025],[129.2420165,36.052785],[129.2420242,36.0527658],[129.2420285,36.0527539],[129.2420498,36.0526821],[129.2420573,36.0526618],[129.2420691,36.0526363],[129.2420918,36.0525929],[129.2421343,36.0525282],[129.2421542,36.0525152],[129.2421782,36.0525066],[129.2421933,36.0525063]]]]}},{"type":"Feature","properties":{"UFID":"100036913080A00110100000007099638"},"geometry":{"type":"MultiPolygon","coordinates":[[[[129.239195,36.0529319],[129.2391502,36.0528996],[129.2391178,36.0529097],[129.2390181,36.0529326],[129.2389999,36.052938],[129.2389401,36.0529621],[129.2389649,36.0529823],[129.239013,36.0529629],[129.2390283,36.0529584],[129.2391322,36.0529344],[129.2391808,36.0529258],[129.239195,36.0529319]]]]}},{"type":"Feature","properties":{"UFID":"100036913080A00110100000007099654"},"geometry":{"type":"MultiPolygon","coordinates":[[[[129.2393877,36.0530047],[129.2394482,36.053069],[129.2394678,36.0530462],[129.2395227,36.0530164],[129.2394671,36.0529649],[129.2394336,36.0529922],[129.2394201,36.0529997],[129.2393877,36.0530047]]]]}},{"type":"Feature","properties":{"UFID":"100036913080A00110100000007099655"},"geometry":{"type":"MultiPolygon","coordinates":[[[[129.2398868,36.0524987],[129.2398631,36.0524618],[129.2398175,36.0524847],[129.239562,36.0526214],[129.2393602,36.052721],[129.2393879,36.052758],[129.2396021,36.0526531],[129.2397746,36.0525618],[129.2398868,36.0524987]]]]}},{"type":"Feature","properties":{"UFID":"100036913080A00110100000007099656"},"geometry":{"type":"MultiPolygon","coordinates":[[[[129.2399923,36.0524416],[129.2398868,36.0524987],[129.2398978,36.0524957],[129.2399076,36.0524972],[129.2399222,36.0525091],[129.2399644,36.0525641],[129.2400049,36.0526475],[129.2400165,36.0526653],[129.240041,36.0526945],[129.2400873,36.0527309],[129.2401405,36.0527571],[129.2401854,36.0527752],[129.2402252,36.052789],[129.2402916,36.0528077],[129.2403595,36.0528231],[129.2403684,36.052797],[129.2403016,36.0527819],[129.2402372,36.0527637],[129.2401993,36.0527506],[129.2401565,36.0527334],[129.2401078,36.0527094],[129.2400666,36.052677],[129.2400451,36.0526513],[129.2400371,36.0526392],[129.24002,36.0526071],[129.2400035,36.0525635],[129.2399954,36.0524942],[129.2399923,36.0524416]]]]}},{"type":"Feature","properties":{"UFID":"100036913080A00110100000007099657"},"geometry":{"type":"MultiPolygon","coordinates":[[[[129.2393602,36.052721],[129.2393492,36.0527174],[129.2393493,36.0526882],[129.2393472,36.052635],[129.2393311,36.0525844],[129.2392894,36.0525053],[129.2392713,36.0524822],[129.2392445,36.0524556],[129.2392243,36.0524399],[129.2392012,36.0524594],[129.23922,36.052474],[129.2392443,36.0524981],[129.2392599,36.0525179],[129.2392995,36.0525931],[129.2393141,36.0526389],[129.2393161,36.0526886],[129.2393158,36.0527374],[129.2393065,36.0527683],[129.2393025,36.0527738],[129.2393602,36.052721]]]]}},{"type":"Feature","properties":{"UFID":"100036913080A00110100000007099658"},"geometry":{"type":"MultiPolygon","coordinates":[[[[129.2393879,36.052758],[129.2393602,36.052721],[129.2393025,36.0527738],[129.2393376,36.0527958],[129.239349,36.0527841],[129.2393879,36.052758]]]]}},{"type":"Feature","properties":{"UFID":"100036913080A00110100000007099659"},"geometry":{"type":"MultiPolygon","coordinates":[[[[129.2393376,36.0527958],[129.2393025,36.0527738],[129.2392817,36.0527949],[129.2392197,36.0528475],[129.2392887,36.0528993],[129.2392895,36.0528716],[129.2392945,36.0528391],[129.2393162,36.0528176],[129.2393376,36.0527958]]]]}},{"type":"Feature","properties":{"UFID":"100036913080A00110100000007100889"},"geometry":{"type":"MultiPolygon","coordinates":[[[[129.2476352,36.0731506],[129.2476255,36.0731551],[129.2476152,36.0731582],[129.2475824,36.0731632],[129.2475631,36.0731635],[129.2475324,36.073162],[129.2475059,36.0731454],[129.2474006,36.0730362],[129.2472684,36.0729173],[129.2471145,36.0727767],[129.2469868,36.0726671],[129.2468935,36.0725743],[129.2468231,36.0724982],[129.2467569,36.0724105],[129.2467561,36.0724065],[129.2467561,36.0723991],[129.2467558,36.0723927],[129.2467545,36.072387],[129.246692,36.0722884],[129.2466188,36.0721895],[129.246599,36.0721672],[129.2465265,36.0720654],[129.2464945,36.0720254],[129.2464444,36.071969],[129.2464043,36.0719304],[129.2463071,36.071846],[129.246199,36.0717622],[129.2460431,36.0716287],[129.2459936,36.0715834],[129.245934,36.0715241],[129.245875,36.0714607],[129.2458262,36.0713992],[129.2457688,36.071314],[129.2457269,36.0712341],[129.2456871,36.0711416],[129.2456733,36.0711098],[129.2456448,36.0711255],[129.2456958,36.0712438],[129.2457388,36.0713258],[129.2457976,36.071413],[129.2458477,36.0714762],[129.2459078,36.0715408],[129.2459682,36.0716009],[129.2460186,36.071647],[129.2461754,36.0717813],[129.2462835,36.0718651],[129.2463793,36.0719483],[129.2464181,36.0719856],[129.246467,36.0720407],[129.2464981,36.0720796],[129.2465695,36.0721797],[129.2466821,36.072377],[129.2467136,36.0724243],[129.2467362,36.0724543],[129.2467956,36.0725107],[129.2468438,36.0725694],[129.2469167,36.0726473],[129.2469971,36.0727221],[129.2471,36.0728091],[129.2472449,36.0729406],[129.2473927,36.0730677],[129.247482,36.0731644],[129.2476379,36.0733138],[129.2476352,36.0731506]]]]}},{"type":"Feature","properties":{"UFID":"100036913080A00110100000007100898"},"geometry":{"type":"MultiPolygon","coordinates":[[[[129.24737,36.0712177],[129.2473695,36.0712195],[129.2473676,36.0712202],[129.2473648,36.0712188],[129.2473317,36.0711906],[129.2473199,36.0711844],[129.2473083,36.0711821],[129.2472999,36.0711821],[129.2472892,36.0711828],[129.2472741,36.071186],[129.2472248,36.071201],[129.2472006,36.071208],[129.2471158,36.0712475],[129.247142,36.0712664],[129.2471771,36.0712436],[129.2471962,36.0712336],[129.2472051,36.0712312],[129.247213,36.07123],[129.2472241,36.0712292],[129.2472885,36.0712428],[129.2473608,36.071263],[129.2473794,36.0712673],[129.2473852,36.0712693],[129.24737,36.0712177]]]]}},{"type":"Feature","properties":{"UFID":"100036913080A00110100000007100899"},"geometry":{"type":"MultiPolygon","coordinates":[[[[129.2474488,36.0713704],[129.247401,36.0713123],[129.2474014,36.0713207],[129.2473893,36.0714084],[129.2473893,36.0714237],[129.2473966,36.0714672],[129.2474593,36.0714633],[129.2474476,36.0714032],[129.2474449,36.0713823],[129.2474452,36.0713758],[129.2474464,36.0713723],[129.2474488,36.0713704]]]]}},{"type":"Feature","properties":{"UFID":"100036913080A00110100000007100900"},"geometry":{"type":"MultiPolygon","coordinates":[[[[129.2456733,36.0711098],[129.2456468,36.0710491],[129.2456195,36.0710674],[129.2456448,36.0711255],[129.2456733,36.0711098]]]]}},{"type":"Feature","properties":{"UFID":"100036913080A00110100000007100901"},"geometry":{"type":"MultiPolygon","coordinates":[[[[129.245285,36.0705379],[129.2452545,36.0704948],[129.2451875,36.0705211],[129.2452219,36.0705823],[129.245285,36.0705379]]]]}},{"type":"Feature","properties":{"UFID":"100036913080A00110100000007100902"},"geometry":{"type":"MultiPolygon","coordinates":[[[[129.2449788,36.0716237],[129.2449448,36.0716166],[129.2449516,36.0716948],[129.2449571,36.0717271],[129.2449798,36.0718152],[129.2450124,36.0718097],[129.2449899,36.0717225],[129.2449848,36.071692],[129.2449788,36.0716237]]]]}},{"type":"Feature","properties":{"UFID":"100036913080A00110100000007100903"},"geometry":{"type":"MultiPolygon","coordinates":[[[[129.2449779,36.0715908],[129.2449671,36.0715922],[129.2449626,36.0715922],[129.2449557,36.0715908],[129.2449508,36.0715889],[129.2449448,36.0716166],[129.2449788,36.0716237],[129.2449779,36.0715908]]]]}},{"type":"Feature","properties":{"UFID":"100036913080A00110100000007100905"},"geometry":{"type":"MultiPolygon","coordinates":[[[[129.2449508,36.0715889],[129.2449417,36.0715853],[129.2448493,36.0715406],[129.2447684,36.0714924],[129.2447126,36.0714681],[129.2447283,36.0715056],[129.2447506,36.0715153],[129.2448309,36.0715631],[129.2449259,36.0716092],[129.2449448,36.0716166],[129.2449508,36.0715889]]]]}},{"type":"Feature","properties":{"UFID":"100036913080A00110100000007100908"},"geometry":{"type":"MultiPolygon","coordinates":[[[[129.2452219,36.0705823],[129.2451875,36.0705211],[129.2451736,36.0705383],[129.2451355,36.0705792],[129.2450855,36.0706254],[129.2450612,36.0706553],[129.2450415,36.0706876],[129.245027,36.0707298],[129.2449823,36.070819],[129.2449402,36.070891],[129.2448359,36.0710506],[129.2446573,36.071333],[129.2446744,36.0713751],[129.2448704,36.0710652],[129.2449749,36.0709051],[129.2450178,36.0708318],[129.2450638,36.07074],[129.2450779,36.0706989],[129.2450949,36.0706711],[129.2451164,36.0706445],[129.2451636,36.0706011],[129.2451902,36.0705868],[129.2452219,36.0705823]]]]}},{"type":"Feature","properties":{"UFID":"100036913080A00110100000007100909"},"geometry":{"type":"MultiPolygon","coordinates":[[[[129.2456448,36.0711255],[129.2456195,36.0710674],[129.245409,36.0711777],[129.2453776,36.0711969],[129.2453675,36.0712102],[129.2453706,36.0712303],[129.2454644,36.0714129],[129.2455236,36.0715838],[129.2455236,36.0716134],[129.2455233,36.0716183],[129.2455202,36.071629],[129.2455115,36.0716423],[129.2455038,36.0716475],[129.2454881,36.0716531],[129.2453426,36.0716983],[129.2452287,36.071712],[129.2452181,36.0717123],[129.245212,36.0717112],[129.2452036,36.0717077],[129.2451971,36.0717047],[129.245193,36.071702],[129.2451901,36.0716988],[129.2451804,36.0716802],[129.2451514,36.0716211],[129.2451436,36.0716108],[129.2451193,36.0715903],[129.2450917,36.071582],[129.2450485,36.0715799],[129.2450221,36.0715842],[129.2449779,36.0715908],[129.2449788,36.0716237],[129.2450047,36.0716143],[129.2450284,36.0716107],[129.2450508,36.0716071],[129.2450848,36.0716088],[129.2451006,36.0716136],[129.2451171,36.0716274],[129.2451215,36.0716332],[129.2451496,36.0716906],[129.2451609,36.071712],[129.2451685,36.0717208],[129.2451784,36.0717271],[129.2451877,36.0717315],[129.2452004,36.0717367],[129.245215,36.0717395],[129.2452319,36.0717389],[129.2453511,36.0717247],[129.2455007,36.0716781],[129.2455214,36.0716708],[129.2455379,36.0716597],[129.2455517,36.0716386],[129.2455565,36.0716219],[129.2455569,36.071614],[129.2455569,36.0715801],[129.245496,36.071404],[129.2454031,36.0712233],[129.245402,36.0712163],[129.2454026,36.0712154],[129.2454281,36.0711998],[129.2455707,36.0711252],[129.2456222,36.0711138],[129.2456448,36.0711255]]]]}},{"type":"Feature","properties":{"UFID":"100036913080A00110100000007100910"},"geometry":{"type":"MultiPolygon","coordinates":[[[[129.2456468,36.0710491],[129.2456011,36.0709441],[129.2455429,36.0708439],[129.2454642,36.0707322],[129.2453469,36.070603],[129.245285,36.0705379],[129.2452219,36.0705823],[129.2452642,36.0705848],[129.2453071,36.0706053],[129.2453203,36.0706193],[129.2454363,36.070747],[129.2455133,36.0708564],[129.2455703,36.0709544],[129.2456195,36.0710674],[129.2456468,36.0710491]]]]}},{"type":"Feature","properties":{"UFID":"100036913080A00110100000007100911"},"geometry":{"type":"MultiPolygon","coordinates":[[[[129.2467235,36.0696571],[129.2466973,36.0695611],[129.2466394,36.0696354],[129.2466257,36.0696447],[129.2466102,36.0696472],[129.2464605,36.0696461],[129.2463998,36.0696421],[129.2463555,36.069653],[129.2463223,36.0697047],[129.2463095,36.0697366],[129.2462783,36.0698396],[129.2462476,36.0699189],[129.2462208,36.0699722],[129.2461942,36.070003],[129.246066,36.0700744],[129.2460307,36.0700919],[129.2455464,36.0702892],[129.2455043,36.0703108],[129.245386,36.0703871],[129.2453074,36.0704497],[129.2452545,36.0704948],[129.245285,36.0705379],[129.2452839,36.0705152],[129.2452867,36.0705065],[129.2453312,36.0704687],[129.2454081,36.0704074],[129.2455236,36.0703329],[129.2455628,36.0703128],[129.2460468,36.0701156],[129.2460841,36.0700971],[129.246218,36.0700225],[129.2462502,36.0699852],[129.246279,36.0699281],[129.2463104,36.0698469],[129.2463416,36.069744],[129.2463531,36.0697152],[129.2463786,36.0696756],[129.2464033,36.0696695],[129.246459,36.0696732],[129.2466133,36.0696742],[129.2466477,36.0696707],[129.2466766,36.0696629],[129.2467013,36.0696577],[129.2467235,36.0696571]]]]}},{"type":"Feature","properties":{"UFID":"100036913080A00110100000007101454"},"geometry":{"type":"MultiPolygon","coordinates":[[[[129.2495355,36.0593987],[129.2495106,36.0593828],[129.2494639,36.0593524],[129.2494431,36.0593735],[129.2494899,36.059404],[129.2495118,36.059418],[129.2495355,36.0593987]]]]}},{"type":"Feature","properties":{"UFID":"100036913080A00110100000007101455"},"geometry":{"type":"MultiPolygon","coordinates":[[[[129.2495584,36.0594183],[129.2495355,36.0593987],[129.2495118,36.059418],[129.2495373,36.0594355],[129.2495479,36.0594259],[129.2495584,36.0594183]]]]}},{"type":"Feature","properties":{"UFID":"100036913080A00110100000007101456"},"geometry":{"type":"MultiPolygon","coordinates":[[[[129.2498229,36.0592206],[129.2497895,36.059225],[129.2497923,36.0592411],[129.2497958,36.0592878],[129.2498291,36.0592861],[129.2498254,36.0592385],[129.2498229,36.0592206]]]]}},{"type":"Feature","properties":{"UFID":"100036913080A00110100000007101457"},"geometry":{"type":"MultiPolygon","coordinates":[[[[129.2497895,36.059225],[129.2497764,36.0591781],[129.2497236,36.0592496],[129.2496877,36.0592869],[129.2496501,36.0593191],[129.2495818,36.0593681],[129.2495376,36.0593972],[129.2495355,36.0593987],[129.2495584,36.0594183],[129.2496033,36.0593888],[129.2496733,36.0593386],[129.249713,36.0593045],[129.2497895,36.059225]]]]}},{"type":"Feature","properties":{"UFID":"100036913080A00110100000007101458"},"geometry":{"type":"MultiPolygon","coordinates":[[[[129.2498229,36.0592206],[129.2498178,36.0591837],[129.2498173,36.0591741],[129.2497764,36.0591781],[129.2497895,36.059225],[129.2498229,36.0592206]]]]}},{"type":"Feature","properties":{"UFID":"100036913080A00110100000007101459"},"geometry":{"type":"MultiPolygon","coordinates":[[[[129.2498173,36.0591741],[129.2498152,36.0591366],[129.2498155,36.0591221],[129.2498261,36.0590993],[129.2497751,36.0591287],[129.2497809,36.0591501],[129.2497764,36.0591781],[129.2498173,36.0591741]]]]}},{"type":"Feature","properties":{"UFID":"100036913080A00110100000007101460"},"geometry":{"type":"MultiPolygon","coordinates":[[[[129.2498261,36.0590993],[129.2498163,36.0590609],[129.2497863,36.0590642],[129.2497654,36.0590643],[129.2497751,36.0591287],[129.2498261,36.0590993]]]]}},{"type":"Feature","properties":{"UFID":"100036913080A00110100000007101461"},"geometry":{"type":"MultiPolygon","coordinates":[[[[129.2497654,36.0590643],[129.2497513,36.0590644],[129.2497274,36.0590598],[129.249704,36.0590496],[129.2496687,36.0590281],[129.2496301,36.0590007],[129.2496062,36.0590195],[129.2496478,36.0590491],[129.2497422,36.0591069],[129.2497751,36.0591287],[129.2497654,36.0590643]]]]}},{"type":"Feature","properties":{"UFID":"100036913080A00110100000007101462"},"geometry":{"type":"MultiPolygon","coordinates":[[[[129.2496062,36.0590195],[129.2495626,36.0589886],[129.2494565,36.0590656],[129.2494787,36.0590857],[129.2495712,36.0590186],[129.2496062,36.0590195]]]]}},{"type":"Feature","properties":{"UFID":"100036913080A00110100000007101463"},"geometry":{"type":"MultiPolygon","coordinates":[[[[129.2496301,36.0590007],[129.2495894,36.0589717],[129.2495626,36.0589886],[129.2496062,36.0590195],[129.2496301,36.0590007]]]]}},{"type":"Feature","properties":{"UFID":"100036913080A00110100000007101464"},"geometry":{"type":"MultiPolygon","coordinates":[[[[129.2495894,36.0589717],[129.249499,36.0589057],[129.2494587,36.0588785],[129.2494013,36.0588413],[129.249342,36.0588056],[129.2492972,36.0587793],[129.2492713,36.0587639],[129.2492663,36.0587598],[129.2492609,36.0587547],[129.2492557,36.0587474],[129.2492474,36.0587351],[129.2492362,36.0587121],[129.2492005,36.0586301],[129.2491689,36.0586387],[129.249205,36.0587216],[129.2492172,36.0587466],[129.2492266,36.0587607],[129.2492337,36.0587705],[129.2492418,36.0587781],[129.2492495,36.0587844],[129.2492776,36.0588012],[129.2493224,36.0588274],[129.249381,36.0588628],[129.2494377,36.0588994],[129.2494771,36.0589261],[129.2495626,36.0589886],[129.2495894,36.0589717]]]]}},{"type":"Feature","properties":{"UFID":"100036913080A00110100000007101465"},"geometry":{"type":"MultiPolygon","coordinates":[[[[129.2495245,36.0582734],[129.2494992,36.0582551],[129.2494658,36.0582258],[129.2494376,36.0582056],[129.2494076,36.0582202],[129.2494575,36.0582973],[129.2495245,36.0582734]]]]}},{"type":"Feature","properties":{"UFID":"100036913080A00110100000007101466"},"geometry":{"type":"MultiPolygon","coordinates":[[[[129.2495871,36.053757],[129.2496673,36.0537569],[129.2496363,36.0537427],[129.2496297,36.0537314],[129.2496141,36.0537022],[129.2496043,36.0536758],[129.2496027,36.0536689],[129.2496007,36.053642],[129.2496033,36.0536069],[129.249612,36.0535675],[129.2496365,36.053491],[129.2496551,36.0534498],[129.2496832,36.0534012],[129.2497697,36.053284],[129.2498368,36.0532091],[129.2498099,36.0531932],[129.2497419,36.0532691],[129.2496538,36.0533885],[129.2496243,36.0534394],[129.2496047,36.0534829],[129.2495794,36.0535617],[129.2495701,36.0536037],[129.2495674,36.053642],[129.2495696,36.0536723],[129.249572,36.0536823],[129.2495828,36.0537115],[129.249596,36.0537363],[129.2495871,36.053757]]]]}},{"type":"Feature","properties":{"UFID":"100036913080A00110100000007101467"},"geometry":{"type":"MultiPolygon","coordinates":[[[[129.2496673,36.0537569],[129.2495871,36.053757],[129.2495858,36.053786],[129.249635,36.053787],[129.2496674,36.0537896],[129.2496673,36.0537569]]]]}}]}